datetime,comp_level_ft,temperature
2025-08-29T14:00:00Z,2.7042081467846586,26.3
2025-08-29T14:15:00Z,2.5434469919290095,24.4
2025-08-29T14:30:00Z,2.4957196056904536,23.9
2025-08-29T14:45:00Z,2.4760345663203722,23.8
2025-08-29T15:00:00Z,2.467677258821965,23.6
2025-08-29T15:15:00Z,2.4578347391369277,23.6
2025-08-29T15:30:00Z,2.46111557903194,23.7
2025-08-29T15:45:00Z,2.479004990693639,23.8
2025-08-29T16:00:00Z,2.488847510378683,23.9
2025-08-29T16:15:00Z,2.5132986018303995,24
2025-08-29T16:30:00Z,2.6970256359511353,27.3
2025-08-29T16:45:00Z,2.5297028013054685,27.8
2025-08-29T17:00:00Z,2.4608051635101873,27.7
2025-08-29T17:15:00Z,2.4130777772716243,27.8
2025-08-29T17:30:00Z,2.4065160974815996,27
2025-08-29T17:45:00Z,2.4539330681984097,26.2
2025-08-29T18:00:00Z,2.4768989474635035,25.7
2025-08-29T18:15:00Z,2.4933031469385725,25.4
2025-08-29T18:30:00Z,2.522830705993691,25.3
2025-08-29T18:45:00Z,2.5636859969204906,25.3
2025-08-29T19:00:00Z,2.5964943958706215,25.5
2025-08-29T19:15:00Z,2.5735285166055277,25.4
2025-08-29T19:30:00Z,2.5571243171304587,25.5
2025-08-29T19:45:00Z,2.5275967580753402,25.4
2025-08-29T20:00:00Z,2.4867414671485406,25.4
2025-08-29T20:15:00Z,2.4440905485133726,25.4
2025-08-29T20:30:00Z,2.39339273790155,25.5
2025-08-29T20:45:00Z,2.3376184596863254,25.4
2025-08-29T21:00:00Z,2.2949675410511574,25.4
2025-08-29T21:15:00Z,2.24903578252097,25.3
2025-08-29T21:30:00Z,2.2096657037808143,25.2
2025-08-29T21:45:00Z,2.1670147851456463,25.1
2025-08-29T22:00:00Z,2.1374872260905278,25
2025-08-29T22:15:00Z,2.107959667035402,24.9
2025-08-29T22:30:00Z,2.081712947875303,24.8
2025-08-29T22:45:00Z,2.0620279085052218,24.7
2025-08-29T23:00:00Z,2.0423428691351475,24.6
2025-08-29T23:15:00Z,2.0325003494501033,24.5
2025-08-29T23:30:00Z,2.012815310080022,24.4
2025-08-29T23:45:00Z,2.0095344701850166,24.3
2025-08-30T00:00:00Z,1.9931302707099547,24.2
2025-08-30T00:15:00Z,1.968679179258217,24.2
2025-08-30T00:30:00Z,1.970164391444854,24.1
2025-08-30T00:45:00Z,1.953760191969792,24
2025-08-30T01:00:00Z,1.9504793520747725,23.9
2025-08-30T01:15:00Z,1.9439176722847549,23.9
2025-08-30T01:30:00Z,1.9340751525997106,23.8
2025-08-30T01:45:00Z,1.9307943127046983,23.8
2025-08-30T02:00:00Z,1.9242326329146735,23.8
2025-08-30T02:15:00Z,1.9209517930196611,23.7
2025-08-30T02:30:00Z,1.9143901132296364,23.7
2025-08-30T02:45:00Z,1.9045475935445921,23.6
2025-08-30T03:00:00Z,1.894705073859555,23.5
2025-08-30T03:15:00Z,1.8914242339645426,23.5
2025-08-30T03:30:00Z,1.8961902860461777,23.4
2025-08-30T03:45:00Z,1.8863477663611405,23.3
2025-08-30T04:00:00Z,1.8830669264661282,23.2
2025-08-30T04:15:00Z,1.8765052466761034,23.1
2025-08-30T04:30:00Z,1.8765052466761034,23.1
2025-08-30T04:45:00Z,1.873224406781091,22.9
2025-08-30T05:00:00Z,1.873224406781091,22.9
2025-08-30T05:15:00Z,1.8765052466761034,22.8
2025-08-30T05:30:00Z,1.8765052466761034,22.7
2025-08-30T05:45:00Z,1.8717391945944613,22.7
2025-08-30T06:00:00Z,1.8651775148044365,22.7
2025-08-30T06:15:00Z,1.85056894303775,22.6
2025-08-30T06:30:00Z,1.8440072632477182,22.5
2025-08-30T06:45:00Z,1.8440072632477182,22.5
2025-08-30T07:00:00Z,1.8440072632477182,22.4
2025-08-30T07:15:00Z,1.85056894303775,22.5
2025-08-30T07:30:00Z,1.85056894303775,22.5
2025-08-30T07:45:00Z,1.8538497829327625,22.5
2025-08-30T08:00:00Z,1.8326795313760513,22.4
2025-08-30T08:15:00Z,1.829398691481046,22.3
2025-08-30T08:30:00Z,1.8228370116910142,22.3
2025-08-30T08:45:00Z,1.8228370116910142,22.3
2025-08-30T09:00:00Z,1.829398691481046,22.3
2025-08-30T09:15:00Z,1.829398691481046,22.4
2025-08-30T09:30:00Z,1.8425220510610956,22.5
2025-08-30T09:45:00Z,1.8425220510610956,22.4
2025-08-30T10:00:00Z,1.8490837308511203,22.4
2025-08-30T10:15:00Z,1.8523645707461327,22.4
2025-08-30T10:30:00Z,1.8589262505361646,22.4
2025-08-30T10:45:00Z,1.8818921298012512,23
2025-08-30T11:00:00Z,1.8982963292763202,23.1
2025-08-30T11:15:00Z,1.8982963292763202,22.8
2025-08-30T11:30:00Z,1.9325899404130809,23.1
2025-08-30T11:45:00Z,1.9916450585233108,23.5
2025-08-30T12:00:00Z,2.060542696318592,23.7
2025-08-30T12:15:00Z,2.0784321079802908,23.4
2025-08-30T12:30:00Z,2.1276447064054835,23.4
2025-08-30T12:45:00Z,2.211150915967444,23.7
2025-08-30T13:00:00Z,2.212636128154081,24.8
2025-08-30T13:15:00Z,2.22904032762915,24.9
2025-08-30T13:30:00Z,2.202793608469044,24.5
2025-08-30T13:45:00Z,2.283018978135985,25.3
2025-08-30T14:00:00Z,2.2009979807606612,24.4
2025-08-30T14:15:00Z,2.223963860025748,24.5
2025-08-30T14:30:00Z,2.292861497821029,25.3
2025-08-30T14:45:00Z,2.320593429167765,25.4
2025-08-30T15:00:00Z,2.2549766312675033,24.8
2025-08-30T15:15:00Z,2.381133759464639,25.6
2025-08-30T15:30:00Z,2.2827085626142463,25.6
2025-08-30T15:45:00Z,2.326844693436044,25.6
2025-08-30T16:00:00Z,2.3137213338559945,27.1
2025-08-30T16:15:00Z,2.3184873859376367,26.8
2025-08-30T16:30:00Z,2.3086448662525996,26.5
2025-08-30T16:45:00Z,2.2806025193841037,26.2
2025-08-30T17:00:00Z,2.2806025193841037,26.6
2025-08-30T17:15:00Z,2.241232440643955,26.3
2025-08-30T17:30:00Z,2.221547401273874,25.6
2025-08-30T17:45:00Z,2.257636640119017,25.5
2025-08-30T18:00:00Z,2.247794120433973,25.3
2025-08-30T18:15:00Z,2.241232440643955,25.2
2025-08-30T18:30:00Z,2.2379516007489357,25.1
2025-08-30T18:45:00Z,2.247794120433973,25.2
2025-08-30T19:00:00Z,2.2117048815888296,25.8
2025-08-30T19:15:00Z,2.172334802848674,25.6
2025-08-30T19:30:00Z,2.1592114432686245,25.7
2025-08-30T19:45:00Z,2.129683884213506,25.8
2025-08-30T20:00:00Z,2.0935946453683556,25.6
2025-08-30T20:15:00Z,2.080471285788306,25.6
2025-08-30T20:30:00Z,2.064067086313244,25.6
2025-08-30T20:45:00Z,2.0411012070481434,25.5
2025-08-30T21:00:00Z,2.010088435806402,25.4
2025-08-30T21:15:00Z,1.990403396436328,25.4
2025-08-30T21:30:00Z,1.9593906251945725,25.3
2025-08-30T21:45:00Z,1.9397055858244912,25.2
2025-08-30T22:00:00Z,1.9233013863494222,25.1
2025-08-30T22:15:00Z,1.903616346979348,25
2025-08-30T22:30:00Z,1.8839313076092736,24.9
2025-08-30T22:45:00Z,1.85948021615755,24.8
2025-08-30T23:00:00Z,1.8496376964725059,24.7
2025-08-30T23:15:00Z,1.844561228869111,24.6
2025-08-30T23:30:00Z,1.8347187091840738,24.5
2025-08-30T23:45:00Z,1.8314378692890614,24.4
2025-08-31T00:00:00Z,1.8215953496040242,24.3
2025-08-31T00:15:00Z,1.8248761894990366,24.3
2025-08-31T00:30:00Z,1.8215953496040242,24.2
2025-08-31T00:45:00Z,1.8215953496040242,24.2
2025-08-31T01:00:00Z,1.8150336698139924,24.1
2025-08-31T01:15:00Z,1.8037059379423255,24
2025-08-31T01:30:00Z,1.800425098047313,24
2025-08-31T01:45:00Z,1.7825356863856143,23.9
2025-08-31T02:00:00Z,1.7825356863856143,23.9
2025-08-31T02:15:00Z,1.779254846490602,23.8
2025-08-31T02:30:00Z,1.7694123268055648,23.7
2025-08-31T02:45:00Z,1.7694123268055648,23.6
2025-08-31T03:00:00Z,1.762850647015533,23.6
2025-08-31T03:15:00Z,1.762850647015533,23.6
2025-08-31T03:30:00Z,1.7694123268055648,23.6
2025-08-31T03:45:00Z,1.762850647015533,23.4
2025-08-31T04:00:00Z,1.7595698071205206,23.3
2025-08-31T04:15:00Z,1.7595698071205206,23.3
2025-08-31T04:30:00Z,1.7530081273304958,23.2
2025-08-31T04:45:00Z,1.7530081273304958,23.1
2025-08-31T05:00:00Z,1.7482420752488466,23.1
2025-08-31T05:15:00Z,1.7482420752488466,23
2025-08-31T05:30:00Z,1.762850647015533,22.9
2025-08-31T05:45:00Z,1.7694123268055648,22.9
2025-08-31T06:00:00Z,1.77269316670057,22.8
2025-08-31T06:15:00Z,1.7580845949338908,22.7
2025-08-31T06:30:00Z,1.7500377029572292,22.7
2025-08-31T06:45:00Z,1.7500377029572292,22.7
2025-08-31T07:00:00Z,1.7354291311905428,22.6
2025-08-31T07:15:00Z,1.7354291311905428,22.7
2025-08-31T07:30:00Z,1.7354291311905428,22.6
2025-08-31T07:45:00Z,1.7354291311905428,22.6
2025-08-31T08:00:00Z,1.728867451400511,22.5
2025-08-31T08:15:00Z,1.7354291311905428,22.6
2025-08-31T08:30:00Z,1.728867451400511,22.5
2025-08-31T08:45:00Z,1.728867451400511,22.4
2025-08-31T09:00:00Z,1.728867451400511,22.4
2025-08-31T09:15:00Z,1.728867451400511,22.4
2025-08-31T09:30:00Z,1.728867451400511,22.5
2025-08-31T09:45:00Z,1.74527165087558,22.7
2025-08-31T10:00:00Z,1.7780800498257108,23
2025-08-31T10:15:00Z,1.787922569510748,23.2
2025-08-31T10:30:00Z,1.7846417296157355,23
2025-08-31T10:45:00Z,1.787922569510748,22.9
2025-08-31T11:00:00Z,1.787922569510748,22.9
2025-08-31T11:15:00Z,1.787922569510748,22.9
2025-08-31T11:30:00Z,1.7846417296157355,22.9
2025-08-31T11:45:00Z,1.7846417296157355,22.8
2025-08-31T12:00:00Z,1.805811981172461,22.9
2025-08-31T12:15:00Z,1.8090928210674733,23
2025-08-31T12:30:00Z,1.815654500857491,23
2025-08-31T12:45:00Z,1.8302630726241773,23.1
2025-08-31T13:00:00Z,1.8466672720992392,23.3
2025-08-31T13:15:00Z,1.8466672720992392,23.3
2025-08-31T13:30:00Z,1.8499481119942587,23.3
2025-08-31T13:45:00Z,1.8499481119942587,23.3
2025-08-31T14:00:00Z,1.9268926417661945,26
2025-08-31T14:15:00Z,1.956420200821313,25.3
2025-08-31T14:30:00Z,1.9597010407163253,24.6
2025-08-31T14:45:00Z,1.9874329720630612,24.4
2025-08-31T15:00:00Z,2.0610966619399846,27
2025-08-31T15:15:00Z,2.0414116225699033,26.5
2025-08-31T15:30:00Z,1.979075664564654,26.9
2025-08-31T15:45:00Z,1.9429864257195035,27
2025-08-31T16:00:00Z,1.929863066139454,27.2
2025-08-31T16:15:00Z,1.8839313076092736,26.8
2025-08-31T16:30:00Z,1.9018207192709653,26.9
2025-08-31T16:45:00Z,1.8722931602158468,27
2025-08-31T17:00:00Z,1.8526081208457725,27.2
2025-08-31T17:15:00Z,1.855888960740785,27.2
2025-08-31T17:30:00Z,1.8722931602158468,27.2
2025-08-31T17:45:00Z,1.8460464410557478,26.4
2025-08-31T18:00:00Z,1.8460464410557478,26.7
2025-08-31T18:15:00Z,1.8526081208457725,26.9
2025-08-31T18:30:00Z,1.8460464410557478,26.6
2025-08-31T18:45:00Z,1.823080561790654,26.6
2025-08-31T19:00:00Z,1.8362039213707106,26.3
2025-08-31T19:15:00Z,1.8526081208457725,25.7
2025-08-31T19:30:00Z,1.855888960740785,25.7
2025-08-31T19:45:00Z,1.8526081208457725,25.7
2025-08-31T20:00:00Z,1.8427656011607354,25.7
2025-08-31T20:15:00Z,1.8329230814756983,25.6
2025-08-31T20:30:00Z,1.823080561790654,25.5
2025-08-31T20:45:00Z,1.795348630443911,25.4
2025-08-31T21:00:00Z,1.7822252708638615,25.4
2025-08-31T21:15:00Z,1.7512124996221132,25.2
2025-08-31T21:30:00Z,1.7446508198320956,25.2
2025-08-31T21:45:00Z,1.741369979937076,25.1
2025-08-31T22:00:00Z,1.7461360320187183,25.1
2025-08-31T22:15:00Z,1.7362935123336811,25
2025-08-31T22:30:00Z,1.726450992648644,24.9
2025-08-31T22:45:00Z,1.726450992648644,24.8
2025-08-31T23:00:00Z,1.7231701527536245,24.7
2025-08-31T23:15:00Z,1.7166084729635998,24.6
2025-08-31T23:30:00Z,1.737778724520318,24.6
2025-08-31T23:45:00Z,1.7231701527536245,24.5
2025-09-01T00:00:00Z,1.7231701527536245,24.4
2025-09-01T00:15:00Z,1.7133276330685874,24.3
2025-09-01T00:30:00Z,1.7231701527536245,24.3
2025-09-01T00:45:00Z,1.7019999011969205,24.1
2025-09-01T01:00:00Z,1.7019999011969205,24
2025-09-01T01:15:00Z,1.7067659532785626,23.9
2025-09-01T01:30:00Z,1.6954382214068957,23.9
2025-09-01T01:45:00Z,1.7034851133835502,23.9
2025-09-01T02:00:00Z,1.7067659532785626,23.9
2025-09-01T02:15:00Z,1.6954382214068957,23.9
2025-09-01T02:30:00Z,1.6954382214068957,23.8
2025-09-01T02:45:00Z,1.7067659532785626,23.8
2025-09-01T03:00:00Z,1.7166084729635998,23.8
2025-09-01T03:15:00Z,1.7249657804620142,23.8
2025-09-01T03:30:00Z,1.7249657804620142,23.7
2025-09-01T03:45:00Z,1.7249657804620142,23.6
2025-09-01T04:00:00Z,1.720199728380365,23.6
2025-09-01T04:15:00Z,1.7234805682753773,23.6
2025-09-01T04:30:00Z,1.7234805682753773,23.5
2025-09-01T04:45:00Z,1.720199728380365,23.4
2025-09-01T05:00:00Z,1.7121528364037033,23.4
2025-09-01T05:15:00Z,1.718714516193728,23.5
2025-09-01T05:30:00Z,1.7121528364037033,23.4
2025-09-01T05:45:00Z,1.7219953560887475,23.4
2025-09-01T06:00:00Z,1.7219953560887475,23.3
2025-09-01T06:15:00Z,1.7285570358787652,23.2
2025-09-01T06:30:00Z,1.7318378757737776,23.2
2025-09-01T06:45:00Z,1.7383995555638094,23.1
2025-09-01T07:00:00Z,1.7270718236921425,23
2025-09-01T07:15:00Z,1.7270718236921425,22.9
2025-09-01T07:30:00Z,1.7205101439021107,22.9
2025-09-01T07:45:00Z,1.7190249317154738,22.9
2025-09-01T08:00:00Z,1.7091824120304295,22.8
2025-09-01T08:15:00Z,1.7059015721354172,22.6
2025-09-01T08:30:00Z,1.6993398923453995,22.4
2025-09-01T08:45:00Z,1.6993398923453995,22.4
2025-09-01T09:00:00Z,1.7059015721354172,22.4
2025-09-01T09:15:00Z,1.7157440918204614,22.5
2025-09-01T09:30:00Z,1.7255866115054985,22.6
2025-09-01T09:45:00Z,1.738709971085548,22.8
2025-09-01T10:00:00Z,1.755114170560617,22.8
2025-09-01T10:15:00Z,1.7569097982690067,23
2025-09-01T10:30:00Z,1.7929990371141429,23.5
2025-09-01T10:45:00Z,1.7619862658723946,23.6
2025-09-01T11:00:00Z,1.7962798770091624,23.9
2025-09-01T11:15:00Z,1.8323691158543056,25
2025-09-01T11:30:00Z,1.8174501285658664,24.1
2025-09-01T11:45:00Z,1.814169288670854,23.7
2025-09-01T12:00:00Z,1.8535393674110097,24.9
2025-09-01T12:15:00Z,1.9534497764480463,25.5
2025-09-01T12:30:00Z,1.858305419492666,25.5
2025-09-01T12:45:00Z,1.8845521386527722,25.6
2025-09-01T13:00:00Z,1.8681479391777032,25.7
2025-09-01T13:15:00Z,1.8681479391777032,25.9
2025-09-01T13:30:00Z,1.858305419492666,26
2025-09-01T13:45:00Z,1.8550245795976537,25.9
2025-09-01T14:00:00Z,1.8550245795976537,26.2
2025-09-01T14:15:00Z,1.8597906316792958,26
2025-09-01T14:30:00Z,1.9203309619761626,26.2
2025-09-01T14:45:00Z,1.9104884422911255,26
2025-09-01T15:00:00Z,1.9203309619761626,26.6
2025-09-01T15:15:00Z,1.9301734816611997,27.2
2025-09-01T15:30:00Z,1.9188457497895257,26.9
2025-09-01T15:45:00Z,1.8991607104194514,26.6
2025-09-01T16:00:00Z,1.895879870524439,27
2025-09-01T16:15:00Z,1.8991607104194514,26.1
2025-09-01T16:30:00Z,1.9301734816611997,26.8
2025-09-01T16:45:00Z,1.9170501220811502,27.1
2025-09-01T17:00:00Z,1.9283778539528242,27.4
2025-09-01T17:15:00Z,1.90869281458275,26.9
2025-09-01T17:30:00Z,1.8988502948977057,27.4
2025-09-01T17:45:00Z,1.9218161741627995,27.2
2025-09-01T18:00:00Z,1.9003355070843355,26.9
2025-09-01T18:15:00Z,1.8806504677142541,27.4
2025-09-01T18:30:00Z,1.9003355070843355,27
2025-09-01T18:45:00Z,1.903616346979348,26.7
2025-09-01T19:00:00Z,1.9116632389560095,26.4
2025-09-01T19:15:00Z,1.8952590394809476,26
2025-09-01T19:30:00Z,1.8839313076092736,26.2
2025-09-01T19:45:00Z,1.8693227358425872,25.9
2025-09-01T20:00:00Z,1.848152484285876,25.7
2025-09-01T20:15:00Z,1.8430760166824882,25.5
2025-09-01T20:30:00Z,1.82190576512577,25.5
2025-09-01T20:45:00Z,1.8284674449158018,25.4
2025-09-01T21:00:00Z,1.82190576512577,25.3
2025-09-01T21:15:00Z,1.8299526571024316,25.2
2025-09-01T21:30:00Z,1.8120632454407328,25.3
2025-09-01T21:45:00Z,1.7989398858606833,25.2
2025-09-01T22:00:00Z,1.7810504741989774,25.2
2025-09-01T22:15:00Z,1.7664419024322981,25.1
2025-09-01T22:30:00Z,1.7712079545139403,25
2025-09-01T22:45:00Z,1.777769634303965,24.9
2025-09-01T23:00:00Z,1.777769634303965,24.9
2025-09-01T23:15:00Z,1.777769634303965,24.8
2025-09-01T23:30:00Z,1.777769634303965,24.7
2025-09-01T23:45:00Z,1.777769634303965,24.6
2025-09-02T00:00:00Z,1.7664419024322981,24.5
2025-09-02T00:15:00Z,1.7664419024322981,24.4
2025-09-02T00:30:00Z,1.7697227423273105,24.4
2025-09-02T00:45:00Z,1.7485524907705923,24.3
2025-09-02T01:00:00Z,1.7485524907705923,24.2
2025-09-02T01:15:00Z,1.74527165087558,24.1
2025-09-02T01:30:00Z,1.738709971085548,24
2025-09-02T01:45:00Z,1.74527165087558,24
2025-09-02T02:00:00Z,1.74527165087558,23.9
2025-09-02T02:15:00Z,1.7354291311905428,23.8
2025-09-02T02:30:00Z,1.738709971085548,23.8
2025-09-02T02:45:00Z,1.7354291311905428,23.7
2025-09-02T03:00:00Z,1.7354291311905428,23.7
2025-09-02T03:15:00Z,1.740195183272192,23.6
2025-09-02T03:30:00Z,1.740195183272192,23.5
2025-09-02T03:45:00Z,1.740195183272192,23.4
2025-09-02T04:00:00Z,1.730352663587155,23.3
2025-09-02T04:15:00Z,1.730352663587155,23.3
2025-09-02T04:30:00Z,1.7369143433771796,23.2
2025-09-02T04:45:00Z,1.7369143433771796,23.2
2025-09-02T05:00:00Z,1.740195183272192,23.1
2025-09-02T05:15:00Z,1.7369143433771796,23
2025-09-02T05:30:00Z,1.7467568630622239,23
2025-09-02T05:45:00Z,1.756599382747261,22.9
2025-09-02T06:00:00Z,1.7598802226422734,22.9
2025-09-02T06:15:00Z,1.7485524907705923,22.8
2025-09-02T06:30:00Z,1.7372247588989254,22.7
2025-09-02T06:45:00Z,1.7437864386889501,22.7
2025-09-02T07:00:00Z,1.7437864386889501,22.6
2025-09-02T07:15:00Z,1.732458706817276,22.6
2025-09-02T07:30:00Z,1.7423012265023203,22.6
2025-09-02T07:45:00Z,1.7423012265023203,22.6
2025-09-02T08:00:00Z,1.7423012265023203,22.5
2025-09-02T08:15:00Z,1.7423012265023203,22.6
2025-09-02T08:30:00Z,1.7244118148406216,22.6
2025-09-02T08:45:00Z,1.7309734946306534,22.7
2025-09-02T09:00:00Z,1.7342543345256658,22.7
2025-09-02T09:15:00Z,1.7506585340007277,22.7
2025-09-02T09:30:00Z,1.75393937389574,22.7
2025-09-02T09:45:00Z,1.760501053685772,22.8
2025-09-02T10:00:00Z,1.759015841499128,22.8
2025-09-02T10:15:00Z,1.7885434005542464,23
2025-09-02T10:30:00Z,1.8279134792944092,23.6
2025-09-02T10:45:00Z,1.8395516266878218,23.4
2025-09-02T11:00:00Z,1.865798345847935,23.6
2025-09-02T11:15:00Z,1.8675939735563105,24.1
2025-09-02T11:30:00Z,1.8825129608447426,24.2
2025-09-02T11:45:00Z,1.8843085885531252,24.2
2025-09-02T12:00:00Z,1.8843085885531252,23.7
2025-09-02T12:15:00Z,1.8697000167864388,24.9
2025-09-02T12:30:00Z,1.9105553077132313,23.9
2025-09-02T12:45:00Z,1.9203978273982685,24
2025-09-02T13:00:00Z,1.9514105986400239,23.8
2025-09-02T13:15:00Z,1.9660191704067032,24
2025-09-02T13:30:00Z,1.9445385033282463,24.1
2025-09-02T13:45:00Z,1.9853937942550388,24.7
2025-09-02T14:00:00Z,2.0196874053918066,25.3
2025-09-02T14:15:00Z,1.9982067383133426,26.2
2025-09-02T14:30:00Z,1.9898494308149353,26.3
2025-09-02T14:45:00Z,1.9504793520747725,26.1
2025-09-02T15:00:00Z,1.9519645642614094,26
2025-09-02T15:15:00Z,1.9716496036314837,26.5
2025-09-02T15:30:00Z,1.9468880966580215,25.4
2025-09-02T15:45:00Z,1.9534497764480463,24.7
2025-09-02T16:00:00Z,1.9680583482147256,24.7
2025-09-02T16:15:00Z,2.013990106744906,25.4
2025-09-02T16:30:00Z,2.0435176658000316,25.9
2025-09-02T16:45:00Z,2.063202705170106,25.4
2025-09-02T17:00:00Z,2.0974963163068736,25.8
2025-09-02T17:15:00Z,2.0861685844351996,26.1
2025-09-02T17:30:00Z,2.1139005157819426,26.1
2025-09-02T17:45:00Z,2.1040579960968984,25.8
2025-09-02T18:00:00Z,2.0482837178816737,26.1
2025-09-02T18:15:00Z,1.9957902795614615,26.5
2025-09-02T18:30:00Z,1.9465776811362687,25.9
2025-09-02T18:45:00Z,1.9203309619761626,26.3
2025-09-02T19:00:00Z,1.90869281458275,26.2
2025-09-02T19:15:00Z,NA,25.8
2025-09-02T19:30:00Z,NA,26
2025-09-02T19:45:00Z,NA,25.6
2025-09-02T20:00:00Z,NA,25.5
2025-09-02T20:15:00Z,NA,25.6
2025-09-02T20:30:00Z,NA,25.4
2025-09-02T20:45:00Z,NA,25.3
2025-09-02T21:00:00Z,NA,25.4
2025-09-02T21:15:00Z,NA,25.5
2025-09-02T21:30:00Z,NA,25.6
2025-09-02T21:45:00Z,NA,25.5
2025-09-02T22:00:00Z,NA,25.5
2025-09-02T22:15:00Z,NA,25.4
2025-09-02T22:30:00Z,NA,25.3
2025-09-02T22:45:00Z,NA,25.2
2025-09-02T23:00:00Z,NA,25
2025-09-02T23:15:00Z,NA,24.9
2025-09-02T23:30:00Z,NA,24.9
2025-09-02T23:45:00Z,NA,24.8
2025-09-03T00:00:00Z,NA,24.7
2025-09-03T00:15:00Z,NA,24.6
2025-09-03T00:30:00Z,NA,24.5
2025-09-03T00:45:00Z,NA,24.3
2025-09-03T01:00:00Z,NA,24.1
2025-09-03T01:15:00Z,NA,24
2025-09-03T01:30:00Z,NA,23.9
2025-09-03T01:45:00Z,NA,23.7
2025-09-03T02:00:00Z,NA,23.6
2025-09-03T02:15:00Z,NA,23.6
2025-09-03T02:30:00Z,NA,23.6
2025-09-03T02:45:00Z,NA,23.5
2025-09-03T03:00:00Z,NA,23.5
2025-09-03T03:15:00Z,NA,23.4
2025-09-03T03:30:00Z,NA,23.3
2025-09-03T03:45:00Z,NA,23.3
2025-09-03T04:00:00Z,NA,23.2
2025-09-03T04:15:00Z,NA,23.2
2025-09-03T04:30:00Z,NA,23.1
2025-09-03T04:45:00Z,NA,23
2025-09-03T05:00:00Z,NA,22.8
2025-09-03T05:15:00Z,NA,22.7
2025-09-03T05:30:00Z,NA,22.7
2025-09-03T05:45:00Z,NA,22.5
2025-09-03T06:00:00Z,NA,22.4
2025-09-03T06:15:00Z,NA,22.4
2025-09-03T06:30:00Z,NA,22.4
2025-09-03T06:45:00Z,NA,22.4
2025-09-03T07:00:00Z,NA,22.4
2025-09-03T07:15:00Z,NA,22.4
2025-09-03T07:30:00Z,NA,22.4
2025-09-03T07:45:00Z,NA,22.5
2025-09-03T08:00:00Z,NA,22.6
2025-09-03T08:15:00Z,NA,22.6
2025-09-03T08:30:00Z,NA,22.7
2025-09-03T08:45:00Z,NA,22.7
2025-09-03T09:00:00Z,NA,22.7
2025-09-03T09:15:00Z,NA,22.7
2025-09-03T09:30:00Z,NA,22.7
2025-09-03T09:45:00Z,NA,22.7
2025-09-03T10:00:00Z,NA,22.8
2025-09-03T10:15:00Z,NA,22.8
2025-09-03T10:30:00Z,NA,23
2025-09-03T10:45:00Z,NA,23
2025-09-03T11:00:00Z,NA,23
2025-09-03T11:15:00Z,NA,23.3
2025-09-03T11:30:00Z,NA,23.1
2025-09-03T11:45:00Z,NA,23.2
2025-09-03T12:00:00Z,NA,23.1
2025-09-03T12:15:00Z,NA,23.5
2025-09-03T12:30:00Z,NA,23.3
2025-09-03T12:45:00Z,NA,23.4
2025-09-03T13:00:00Z,NA,23.4
2025-09-03T13:15:00Z,NA,23.5
2025-09-03T13:30:00Z,NA,23.4
2025-09-03T13:45:00Z,NA,24.8
2025-09-03T14:00:00Z,NA,25.2
2025-09-03T14:15:00Z,NA,25.7
2025-09-03T14:30:00Z,NA,25.7
2025-09-03T14:45:00Z,NA,25.4
2025-09-03T15:00:00Z,NA,24.5
2025-09-03T15:15:00Z,NA,25.2
2025-09-03T15:30:00Z,NA,24.8
2025-09-03T15:45:00Z,NA,24.2
2025-09-03T16:00:00Z,NA,24.2
2025-09-03T16:15:00Z,NA,24.3
2025-09-03T16:30:00Z,NA,24.2
2025-09-03T16:45:00Z,NA,24.2
2025-09-03T17:00:00Z,NA,24.1
2025-09-03T17:15:00Z,NA,24.3
2025-09-03T17:30:00Z,NA,24.3
2025-09-03T17:45:00Z,NA,24.4
2025-09-03T18:00:00Z,NA,24.5
2025-09-03T18:15:00Z,NA,25
2025-09-03T18:30:00Z,NA,24.8
2025-09-03T18:45:00Z,NA,24.7
2025-09-03T19:00:00Z,NA,24.7
2025-09-03T19:15:00Z,NA,24.8
2025-09-03T19:30:00Z,NA,25
2025-09-03T19:45:00Z,NA,24.9
2025-09-03T20:00:00Z,NA,24.8
2025-09-03T20:15:00Z,NA,24.9
2025-09-03T20:30:00Z,NA,25
2025-09-03T20:45:00Z,NA,25
2025-09-03T21:00:00Z,NA,25
2025-09-03T21:15:00Z,NA,25
2025-09-03T21:30:00Z,NA,25
2025-09-03T21:45:00Z,NA,25.1
2025-09-03T22:00:00Z,NA,25.1
2025-09-03T22:15:00Z,NA,25.1
2025-09-03T22:30:00Z,NA,25.2
2025-09-03T22:45:00Z,NA,25.3
2025-09-03T23:00:00Z,NA,25.3
2025-09-03T23:15:00Z,NA,25.3
2025-09-03T23:30:00Z,NA,25.3
2025-09-03T23:45:00Z,NA,25.2
2025-09-04T00:00:00Z,NA,25.1
2025-09-04T00:15:00Z,NA,25.2
2025-09-04T00:30:00Z,NA,25.2
2025-09-04T00:45:00Z,NA,25.1
2025-09-04T01:00:00Z,NA,25
2025-09-04T01:15:00Z,NA,25
2025-09-04T01:30:00Z,NA,24.9
2025-09-04T01:45:00Z,NA,24.9
2025-09-04T02:00:00Z,NA,24.8
2025-09-04T02:15:00Z,NA,24.7
2025-09-04T02:30:00Z,NA,24.7
2025-09-04T02:45:00Z,NA,24.6
2025-09-04T03:00:00Z,NA,24.6
2025-09-04T03:15:00Z,NA,24.6
2025-09-04T03:30:00Z,NA,24.5
2025-09-04T03:45:00Z,NA,24.6
2025-09-04T04:00:00Z,NA,24.6
2025-09-04T04:15:00Z,NA,24.6
2025-09-04T04:30:00Z,NA,24.6
2025-09-04T04:45:00Z,NA,24.7
2025-09-04T05:00:00Z,NA,24.7
2025-09-04T05:15:00Z,NA,24.7
2025-09-04T05:30:00Z,NA,24.7
2025-09-04T05:45:00Z,NA,24.6
2025-09-04T06:00:00Z,NA,24.7
2025-09-04T06:15:00Z,NA,24.7
2025-09-04T06:30:00Z,NA,24.7
2025-09-04T06:45:00Z,NA,24.7
2025-09-04T07:00:00Z,NA,24.7
2025-09-04T07:15:00Z,1.8514333241808885,24.7
2025-09-04T07:30:00Z,1.8514333241808885,24.7
2025-09-04T07:45:00Z,1.8401055923092144,24.7
2025-09-04T08:00:00Z,1.8466672720992392,24.8
2025-09-04T08:15:00Z,1.8401055923092144,24.8
2025-09-04T08:30:00Z,1.8302630726241773,24.7
2025-09-04T08:45:00Z,1.815654500857491,24.7
2025-09-04T09:00:00Z,1.805811981172461,24.7
2025-09-04T09:15:00Z,1.805811981172461,24.7
2025-09-04T09:30:00Z,1.810578033254096,24.7
2025-09-04T09:45:00Z,1.810578033254096,24.7
2025-09-04T10:00:00Z,1.8171397130441278,24.7
2025-09-04T10:15:00Z,1.8204205529391402,24.7
2025-09-04T10:30:00Z,1.8269822327291578,24.7
2025-09-04T10:45:00Z,1.8269822327291578,24.7
2025-09-04T11:00:00Z,1.8269822327291578,24.7
2025-09-04T11:15:00Z,1.8269822327291578,24.7
2025-09-04T11:30:00Z,1.8204205529391402,24.7
2025-09-04T11:45:00Z,1.836824752414202,24.8
2025-09-04T12:00:00Z,1.8579950039709132,24.7
2025-09-04T12:15:00Z,1.8678375236559503,24.7
2025-09-04T12:30:00Z,1.8890077752126686,24.9
2025-09-04T12:45:00Z,1.8988502948977057,24.8
2025-09-04T13:00:00Z,1.9283778539528242,26.1
2025-09-04T13:15:00Z,1.90869281458275,25.3
2025-09-04T13:30:00Z,1.8890077752126686,25.1
2025-09-04T13:45:00Z,1.9003355070843355,25.1
2025-09-04T14:00:00Z,1.9051015591659848,25.1
2025-09-04T14:15:00Z,1.9116632389560095,25.5
2025-09-04T14:30:00Z,1.9754844091478816,25.1
2025-09-04T14:45:00Z,1.9722035692528763,25.6
2025-09-04T15:00:00Z,2.016339700074681,25.4
2025-09-04T15:15:00Z,2.0375099516313924,25.2
2025-09-04T15:30:00Z,2.0571949910014737,25.2
2025-09-04T15:45:00Z,2.0947694420332397,25.4
2025-09-04T16:00:00Z,2.1060971739049137,25.4
2025-09-04T16:15:00Z,2.099535494114889,25.4
2025-09-04T16:30:00Z,2.1192205334849703,25.7
2025-09-04T16:45:00Z,2.1207057456716,25.7
2025-09-04T17:00:00Z,2.110863225986556,25.7
2025-09-04T17:15:00Z,2.110863225986556,25.8
2025-09-04T17:30:00Z,2.12219095785823,25.8
2025-09-04T17:45:00Z,2.1287526376482546,25.9
2025-09-04T18:00:00Z,2.1400803695199286,26
2025-09-04T18:15:00Z,2.1532037290999853,26.1
2025-09-04T18:30:00Z,2.1532037290999853,26.1
2025-09-04T18:45:00Z,2.1630462487850295,26.2
2025-09-04T19:00:00Z,2.1794504482600914,26.3
2025-09-04T19:15:00Z,2.1827312881550966,26.4
2025-09-04T19:30:00Z,2.1794504482600914,26.5
2025-09-04T19:45:00Z,2.1794504482600914,26.6
2025-09-04T20:00:00Z,2.1418759972283112,26.7
2025-09-04T20:15:00Z,2.12219095785823,26.7
2025-09-04T20:30:00Z,2.0926633988031114,26.7
2025-09-04T20:45:00Z,2.079540039223062,26.7
2025-09-04T21:00:00Z,2.072978359433037,26.7
2025-09-04T21:15:00Z,2.0386847482962693,26.7
2025-09-04T21:30:00Z,2.030327440797862,26.7
2025-09-04T21:45:00Z,1.9993146695561137,26.7
2025-09-04T22:00:00Z,1.9894721498710695,26.6
2025-09-04T22:15:00Z,1.9796296301860323,26.6
2025-09-04T22:30:00Z,1.9796296301860323,26.6
2025-09-04T22:45:00Z,1.9730679503960076,26.5
2025-09-04T23:00:00Z,1.9632254307109704,26.5
2025-09-04T23:15:00Z,1.9533829110259262,26.4
2025-09-04T23:30:00Z,1.943540391340889,26.3
2025-09-04T23:45:00Z,1.9322126594692222,26.3
2025-09-05T00:00:00Z,1.943540391340889,26.3
2025-09-05T00:15:00Z,1.933697871655852,26.2
2025-09-05T00:30:00Z,1.933697871655852,26.2
2025-09-05T00:45:00Z,1.922370139784185,26.2
2025-09-05T01:00:00Z,1.9125276200991408,26.1
2025-09-05T01:15:00Z,1.9092467802041284,26.1
2025-09-05T01:30:00Z,1.8994042605190913,26.1
2025-09-05T01:45:00Z,1.8994042605190913,26
2025-09-05T02:00:00Z,1.8815148488573925,26
2025-09-05T02:15:00Z,1.8928425807290665,26
2025-09-05T02:30:00Z,1.8895617408340541,25.9
2025-09-05T02:45:00Z,1.8830000610440223,25.9
2025-09-05T03:00:00Z,1.868391489277336,25.8
2025-09-05T03:15:00Z,1.868391489277336,25.7
2025-09-05T03:30:00Z,1.851987289802267,25.6
2025-09-05T03:45:00Z,1.8421447701172298,25.6
2025-09-05T04:00:00Z,1.8487064499072616,25.6
2025-09-05T04:15:00Z,1.8421447701172298,25.6
2025-09-05T04:30:00Z,1.8421447701172298,25.6
2025-09-05T04:45:00Z,1.8534725019889038,25.5
2025-09-05T05:00:00Z,1.8421447701172298,25.5
2025-09-05T05:15:00Z,1.8388639302222174,25.4
2025-09-05T05:30:00Z,1.8487064499072616,25.4
2025-09-05T05:45:00Z,1.8388639302222174,25.3
2025-09-05T06:00:00Z,1.8209745185605257,25.2
2025-09-05T06:15:00Z,1.8209745185605257,25.1
2025-09-05T06:30:00Z,1.8063659467938393,25.1
2025-09-05T06:45:00Z,1.8063659467938393,25
2025-09-05T07:00:00Z,1.7983190548171777,25
2025-09-05T07:15:00Z,1.7983190548171777,25
2025-09-05T07:30:00Z,1.7950382149221653,24.9
2025-09-05T07:45:00Z,1.7837104830504984,24.9
2025-09-05T08:00:00Z,1.7837104830504984,24.9
2025-09-05T08:15:00Z,1.7837104830504984,24.8
2025-09-05T08:30:00Z,1.7869913229455108,24.8
2025-09-05T08:45:00Z,1.7837104830504984,24.7
2025-09-05T09:00:00Z,1.7837104830504984,24.7
2025-09-05T09:15:00Z,1.7658210713887925,24.6
2025-09-05T09:30:00Z,1.7625402314937801,24.6
2025-09-05T09:45:00Z,1.7625402314937801,24.6
2025-09-05T10:00:00Z,1.7559785517037625,24.5
2025-09-05T10:15:00Z,1.741369979937076,24.5
2025-09-05T10:30:00Z,1.7446508198320956,24.5
2025-09-05T10:45:00Z,1.7610550193071575,24.5
2025-09-05T11:00:00Z,1.7708975389921946,24.6
2025-09-05T11:15:00Z,1.790582578362276,24.7
2025-09-05T11:30:00Z,1.8037059379423255,24.9
2025-09-05T11:45:00Z,1.8135484576273697,24.9
2025-09-05T12:00:00Z,1.8102676177323573,24.8
2025-09-05T12:15:00Z,1.8201101374173945,24.8
2025-09-05T12:30:00Z,1.8233909773124068,25
2025-09-05T12:45:00Z,1.8511229086591428,25.2
2025-09-05T13:00:00Z,1.8609654283441728,25.7
2025-09-05T13:15:00Z,1.882135679900891,26.2
2025-09-05T13:30:00Z,1.9131484511426322,26
2025-09-05T13:45:00Z,1.936114330407726,26.4
2025-09-05T14:00:00Z,2.016339700074681,26.4
2025-09-05T14:15:00Z,2.0425864192347873,26.2
2025-09-05T14:30:00Z,2.0539141511064614,25.8
2025-09-05T14:45:00Z,2.0735991904765356,25.9
2025-09-05T15:00:00Z,2.0834417101615728,25.9
2025-09-05T15:15:00Z,2.103126749531654,26
2025-09-05T15:30:00Z,2.1275778409833705,26
2025-09-05T15:45:00Z,2.1374203606684077,26
2025-09-05T16:00:00Z,2.147262880353452,26.3
2025-09-05T16:15:00Z,2.1538245601434767,26.3
2025-09-05T16:30:00Z,2.1669479197235333,26.4
2025-09-05T16:45:00Z,2.163667079828521,26.4
2025-09-05T17:00:00Z,2.157105400038489,26.8
2025-09-05T17:15:00Z,2.125782213274995,26.7
2025-09-05T17:30:00Z,2.115939693589951,26.7
2025-09-05T17:45:00Z,2.109378013799933,26.8
2025-09-05T18:00:00Z,2.089692974429852,26.8
2025-09-05T18:15:00Z,2.0601654153747333,27
2025-09-05T18:30:00Z,2.030637856319615,27
2025-09-05T18:45:00Z,2.018999708926188,27
2025-09-05T19:00:00Z,1.9927529897660818,26.9
2025-09-05T19:15:00Z,1.9730679503960076,26.9
2025-09-05T19:30:00Z,1.9533829110259262,26.8
2025-09-05T19:45:00Z,1.943540391340889,26.8
2025-09-05T20:00:00Z,1.933697871655852,26.7
2025-09-05T20:15:00Z,1.9190892998891727,26.7
2025-09-05T20:30:00Z,1.9125276200991408,26.7
2025-09-05T20:45:00Z,1.8994042605190913,26.6
2025-09-05T21:00:00Z,1.8815148488573925,26.5
2025-09-05T21:15:00Z,1.8782340089623801,26.5
2025-09-05T21:30:00Z,1.8669062770907132,26.4
2025-09-05T21:45:00Z,1.857063757405669,26.3
2025-09-05T22:00:00Z,1.857063757405669,26.3
2025-09-05T22:15:00Z,1.857063757405669,26.2
2025-09-05T22:30:00Z,1.857063757405669,26.2
2025-09-05T22:45:00Z,1.8505020776156442,26.1
2025-09-05T23:00:00Z,1.845736025533995,26.1
2025-09-05T23:15:00Z,1.8391743457439702,26
2025-09-05T23:30:00Z,1.8358935058489578,25.9
2025-09-05T23:45:00Z,1.829331826058926,25.8
2025-09-06T00:00:00Z,1.818004094187252,25.8
2025-09-06T00:15:00Z,1.818004094187252,25.7
2025-09-06T00:30:00Z,1.818004094187252,25.6
2025-09-06T00:45:00Z,1.818004094187252,25.6
2025-09-06T01:00:00Z,1.8033955224205798,25.5
2025-09-06T01:15:00Z,1.8033955224205798,25.4
2025-09-06T01:30:00Z,1.806676362315585,25.4
2025-09-06T01:45:00Z,1.795348630443911,25.3
2025-09-06T02:00:00Z,1.795348630443911,25.3
2025-09-06T02:15:00Z,1.7855061107588739,25.1
2025-09-06T02:30:00Z,1.7807400586772388,25.1
2025-09-06T02:45:00Z,1.7807400586772388,25.1
2025-09-06T02:45:00Z,1.7807400586772388,25.1
2025-09-06T03:00:00Z,1.7807400586772388,25
2025-09-06T03:15:00Z,1.7807400586772388,25
2025-09-06T03:30:00Z,1.784020898572244,24.9
2025-09-06T03:45:00Z,1.7938634182572883,24.9
2025-09-06T04:00:00Z,1.7938634182572883,24.8
2025-09-06T04:15:00Z,1.779254846490602,24.7
2025-09-06T04:30:00Z,1.779254846490602,24.6
2025-09-06T04:30:00Z,1.779254846490602,24.6
2025-09-06T04:45:00Z,1.789097366175639,24.6
2025-09-06T05:00:00Z,1.7810504741989774,24.6
2025-09-06T05:15:00Z,1.7712079545139403,24.4
2025-09-06T05:30:00Z,1.756599382747261,24.1
2025-09-06T05:45:00Z,1.74527165087558,24.2
2025-09-06T06:00:00Z,1.74527165087558,24.2
2025-09-06T06:15:00Z,1.738709971085548,24.1
2025-09-06T06:30:00Z,1.7273822392138811,24.1
2025-09-06T06:45:00Z,1.733943919003913,24.1
2025-09-06T07:00:00Z,1.7437864386889501,24.1
2025-09-06T07:15:00Z,1.732458706817276,24.1
2025-09-06T07:30:00Z,1.732458706817276,24
2025-09-06T07:45:00Z,1.7309734946306534,24.1
2025-09-06T08:00:00Z,1.7196457627589794,24
2025-09-06T08:15:00Z,1.7130840829689475,23.9
2025-09-06T08:30:00Z,1.7130840829689475,23.9
2025-09-06T08:45:00Z,1.7017563510972735,23.8
2025-09-06T09:00:00Z,1.7083180308873054,23.8
2025-09-06T09:15:00Z,1.7181605505723425,23.8
2025-09-06T09:30:00Z,1.731283910152392,23.8
2025-09-06T09:45:00Z,1.719956178280718,23.8
2025-09-06T10:00:00Z,1.7297986979657622,23.8
2025-09-06T10:15:00Z,1.7283134857791325,23.7
2025-09-06T10:30:00Z,1.7381560054641696,23.8
2025-09-06T10:45:00Z,1.7447176852541944,23.8
2025-09-06T11:00:00Z,1.7447176852541944,23.7
2025-09-06T11:15:00Z,1.7545602049392315,23.7
2025-09-06T11:30:00Z,1.7644027246242757,23.8
2025-09-06T11:45:00Z,1.784087763994357,24
2025-09-06T12:00:00Z,1.7873686038893624,23.9
2025-09-06T12:15:00Z,1.7972111235744066,23.9
2025-09-06T12:30:00Z,1.8070536432594437,24
2025-09-06T12:45:00Z,1.8070536432594437,24
2025-09-06T13:00:00Z,1.8479089341862291,24.5
2025-09-06T13:15:00Z,1.8774364932413476,24.7
2025-09-06T13:30:00Z,1.8741556533463353,24.5
2025-09-06T13:45:00Z,1.8774364932413476,24.8
2025-09-06T14:00:00Z,1.8953259049030535,24.7
2025-09-06T14:15:00Z,1.8953259049030535,24.9
2025-09-06T14:30:00Z,1.908449264483103,24.6
2025-09-06T14:45:00Z,1.9591470750949398,24.6
2025-09-06T15:00:00Z,1.9704748069666138,25.1
2025-09-06T15:15:00Z,1.9967215261267128,24.8
2025-09-06T15:30:00Z,2.0262490851818313,25.4
2025-09-06T15:45:00Z,2.016406565496794,25.1
2025-09-06T16:00:00Z,2.05577664423695,25.1
2025-09-06T16:15:00Z,2.05577664423695,25.1
2025-09-06T16:30:00Z,2.060542696318592,25
2025-09-06T16:45:00Z,2.0507001766335478,25
2025-09-06T17:00:00Z,2.0507001766335478,25
2025-09-06T17:15:00Z,2.070385216003629,25.7
2025-09-06T17:30:00Z,2.070385216003629,25.4
2025-09-06T17:45:00Z,2.0802277356886663,25.3
2025-09-06T18:00:00Z,2.096631935163728,25.4
2025-09-06T18:15:00Z,2.0900702553737105,25.5
2025-09-06T18:30:00Z,2.060542696318592,25.5
2025-09-06T18:45:00Z,2.0310151372634735,25.5
2025-09-06T19:00:00Z,2.0193769898700538,25.7
2025-09-06T19:15:00Z,1.9996919504999724,25.6
2025-09-06T19:30:00Z,1.9832877510249105,25.7
2025-09-06T19:45:00Z,1.9522749797831551,25.7
2025-09-06T20:00:00Z,1.9227474207280366,25.6
2025-09-06T20:15:00Z,1.8917346494862954,25.5
2025-09-06T20:30:00Z,1.8786112899062388,25.4
2025-09-06T20:45:00Z,1.8574410383495277,25.3
2025-09-06T21:00:00Z,1.8508793585594958,25.3
2025-09-06T21:15:00Z,1.8410368388744587,25.2
2025-09-06T21:30:00Z,1.8198665873177475,25.2
2025-09-06T21:45:00Z,1.8100240676327033,25.1
2025-09-06T22:00:00Z,1.8001815479476662,25
2025-09-06T22:15:00Z,1.7870581883676167,24.9
2025-09-06T22:30:00Z,1.7673731489975353,24.7
2025-09-06T22:45:00Z,1.7673731489975353,24.6
2025-09-06T23:00:00Z,1.7673731489975353,24.6
2025-09-06T23:15:00Z,1.7608114692075105,24.6
2025-09-06T23:30:00Z,1.747688109627454,24.5
2025-09-06T23:45:00Z,1.719956178280718,24.4
2025-09-07T00:00:00Z,1.7166753383857056,24.3
2025-09-07T00:15:00Z,1.7101136585956809,24.1
2025-09-07T00:30:00Z,1.7101136585956809,23.9
2025-09-07T00:45:00Z,1.7166753383857056,23.7
2025-09-07T01:00:00Z,1.7265178580707499,23.5
2025-09-07T01:15:00Z,1.7297986979657622,23.5
2025-09-07T01:30:00Z,1.7396412176507994,23.6
2025-09-07T01:45:00Z,1.7494837373358365,23.5
2025-09-07T02:00:00Z,1.7560454171258613,23.4
2025-09-07T02:15:00Z,1.7593262570208807,23.4
2025-09-07T02:30:00Z,1.7593262570208807,23.3
2025-09-07T02:45:00Z,1.7560454171258613,23.3
2025-09-07T03:00:00Z,1.7462028974408241,23.2
2025-09-07T03:15:00Z,1.73636037775578,23.1
2025-09-07T03:30:00Z,1.73636037775578,23.1
2025-09-07T03:45:00Z,1.7265178580707499,23.1
2025-09-07T04:00:00Z,1.7101136585956809,23.1
2025-09-07T04:15:00Z,1.7101136585956809,23.1
2025-09-07T04:30:00Z,1.6889434070389768,23
2025-09-07T04:45:00Z,1.6889434070389768,23.1
2025-09-07T05:00:00Z,1.6856625671439645,23.1
2025-09-07T05:15:00Z,1.6677731554822586,23
2025-09-07T05:30:00Z,1.6644923155872462,22.9
2025-09-07T05:45:00Z,1.6466029039255474,22.9
2025-09-07T06:00:00Z,1.6466029039255474,22.9
2025-09-07T06:15:00Z,1.6531645837155722,22.9
2025-09-07T06:30:00Z,1.6352751720538805,22.9
2025-09-07T06:45:00Z,1.6418368518439053,23
2025-09-07T07:00:00Z,1.6352751720538805,22.9
2025-09-07T07:15:00Z,1.6305091199722241,22.8
2025-09-07T07:30:00Z,1.6403516396572684,22.7
2025-09-07T07:45:00Z,1.6403516396572684,22.5
2025-09-07T08:00:00Z,1.6436324795522808,22.5
2025-09-07T08:15:00Z,1.632304747680621,22.3
2025-09-07T08:30:00Z,1.632304747680621,22.4
2025-09-07T08:45:00Z,1.632304747680621,22.4
2025-09-07T09:00:00Z,1.642147267365658,22.3
2025-09-07T09:15:00Z,1.647223734969046,22.3
2025-09-07T09:30:00Z,1.6505045748640583,22.2
2025-09-07T09:45:00Z,1.657066254654076,22.3
2025-09-07T10:00:00Z,1.6555810424674533,22.3
2025-09-07T10:15:00Z,1.6588618823624657,22.2
2025-09-07T10:30:00Z,1.6851086015225718,22.3
2025-09-07T10:45:00Z,1.6883894414175842,22.2
2025-09-07T11:00:00Z,1.7080744807876584,22.2
2025-09-07T11:15:00Z,1.7146361605776903,22.1
2025-09-07T11:30:00Z,1.7343211999477717,22.1
2025-09-07T11:45:00Z,1.7572870792128583,22.2
2025-09-07T12:00:00Z,1.7769721185829397,22.2
2025-09-07T12:15:00Z,1.7981423701396437,22.3
2025-09-07T12:30:00Z,1.8539166483548684,22.6
2025-09-07T12:45:00Z,1.876882527619955,22.6
2025-09-07T13:00:00Z,1.9162526063601177,22.7
2025-09-07T13:15:00Z,1.9753077244703547,22.8
2025-09-07T13:30:00Z,2.05553309413731,23.8
2025-09-07T13:45:00Z,2.124430731932584,23
2025-09-07T14:00:00Z,2.1933283697278583,23.2
2025-09-07T14:15:00Z,2.2130134090979396,23.3
2025-09-07T14:30:00Z,2.26043037981475,23.4
2025-09-07T14:45:00Z,2.3326088575050363,23.6
2025-09-07T15:00:00Z,2.3785406160352167,23.8
2025-09-07T15:15:00Z,2.399710867591935,23.7
2025-09-07T15:30:00Z,2.4784510250722533,24
2025-09-07T15:45:00Z,2.529148835684076,24
2025-09-07T16:00:00Z,2.5488338750541573,24.3
2025-09-07T16:15:00Z,2.5586763947391944,24.4
2025-09-07T16:30:00Z,2.5700041266108684,24.4
2025-09-07T16:45:00Z,2.6487442840911797,24.7
2025-09-07T17:00:00Z,2.6600720159628537,24.8
2025-09-07T17:15:00Z,2.6502294962778166,24.9
2025-09-07T17:30:00Z,2.6141402574326733,25
2025-09-07T17:45:00Z,2.584612698377555,25.3
2025-09-07T18:00:00Z,2.563132031299091,25.9
2025-09-07T18:15:00Z,2.487672713713792,25.7
2025-09-07T18:30:00Z,2.4351792753935797,25.6
2025-09-07T18:45:00Z,2.3990900365484364,25.8
2025-09-07T19:00:00Z,2.2973839998030314,25.7
2025-09-07T19:15:00Z,2.22848636200775,25.6
2025-09-07T19:30:00Z,2.18255460347757,25.6
2025-09-07T19:45:00Z,2.139903684842402,25.6
2025-09-07T20:00:00Z,2.0990483939156164,25.6
2025-09-07T20:15:00Z,2.069520834860498,25.6
2025-09-07T20:30:00Z,2.0399932758053723,25.5
2025-09-07T20:45:00Z,2.008980504563631,25.5
2025-09-07T21:00:00Z,1.9827337854035179,25.4
2025-09-07T21:15:00Z,1.9630487460334436,25.4
2025-09-07T21:30:00Z,1.9320359747916882,25.3
2025-09-07T21:45:00Z,1.9189126152116387,25.2
2025-09-07T22:00:00Z,1.9025084157365768,25.1
2025-09-07T22:15:00Z,1.8714956444948285,25
2025-09-07T22:30:00Z,1.858372284914772,24.9
2025-09-07T22:45:00Z,1.8485297652297277,24.8
2025-09-07T23:00:00Z,1.8386872455446976,24.7
2025-09-07T23:15:00Z,1.8321255657546658,24.6
2025-09-07T23:30:00Z,1.8288447258596534,24.5
2025-09-07T23:45:00Z,1.8222830460696287,24.4
2025-09-08T00:00:00Z,1.8190022061746163,24.3
2025-09-08T00:15:00Z,1.8124405263845915,24.3
2025-09-08T00:30:00Z,1.8124405263845915,24.2
2025-09-08T00:45:00Z,1.799317166804535,24
2025-09-08T01:00:00Z,1.7927554870145102,23.9
2025-09-08T01:15:00Z,1.782912967329466,23.8
2025-09-08T01:30:00Z,1.7796321274344606,23.8
2025-09-08T01:45:00Z,1.7730704476444288,23.7
2025-09-08T02:00:00Z,1.7632279279593916,23.5
2025-09-08T02:15:00Z,1.7712748199360462,23.6
2025-09-08T02:30:00Z,1.761432300251009,23.5
2025-09-08T02:45:00Z,1.74502810077594,23.5
2025-09-08T03:00:00Z,1.735185581090903,23.4
2025-09-08T03:15:00Z,1.7253430614058658,23.3
2025-09-08T03:30:00Z,1.7155005417208216,23.3
2025-09-08T03:45:00Z,1.7155005417208216,23.1
2025-09-08T04:00:00Z,1.7319047411958834,23.2
2025-09-08T04:15:00Z,1.735185581090903,23.2
2025-09-08T04:30:00Z,1.7319047411958834,22.9
2025-09-08T04:45:00Z,1.735185581090903,22.9
2025-09-08T05:00:00Z,1.7417472608809277,22.9
2025-09-08T05:15:00Z,1.7417472608809277,22.7
2025-09-08T05:30:00Z,1.7515897805659648,22.7
2025-09-08T05:45:00Z,1.7548706204609772,22.6
2025-09-08T06:00:00Z,1.7647131401460143,22.4
2025-09-08T06:15:00Z,1.7533854082743474,22.2
2025-09-08T06:30:00Z,1.7632279279593916,22.1
2025-09-08T06:45:00Z,1.7730704476444288,22
2025-09-08T07:00:00Z,1.7683043955627795,21.9
2025-09-08T07:15:00Z,1.7715852354577848,21.8
2025-09-08T07:30:00Z,1.7715852354577848,21.7
2025-09-08T07:45:00Z,1.7668191833761568,21.7
2025-09-08T08:00:00Z,1.760257503586125,21.6
2025-09-08T08:15:00Z,1.7668191833761568,21.5
2025-09-08T08:30:00Z,1.7701000232711692,21.5
2025-09-08T08:45:00Z,1.7653339711895129,21.5
2025-09-08T09:00:00Z,1.7653339711895129,21.4
2025-09-08T09:15:00Z,1.7686148110845252,21.4
2025-09-08T09:30:00Z,1.7638487590028902,21.4
2025-09-08T09:45:00Z,1.7671295988979026,21.4
2025-09-08T10:00:00Z,1.7671295988979026,21.5
2025-09-08T10:15:00Z,1.8032188377430387,21.7
2025-09-08T10:30:00Z,1.813061357428083,21.8
2025-09-08T10:45:00Z,1.8327463967981572,21.5
2025-09-08T11:00:00Z,1.845869756378221,21.8
2025-09-08T11:15:00Z,1.8637591680399055,21.7
2025-09-08T11:30:00Z,1.8637591680399055,21.8
2025-09-08T11:45:00Z,1.8571974882498878,21.9
2025-09-08T12:00:00Z,1.8539166483548684,21.8
2025-09-08T12:15:00Z,1.8571974882498878,22
2025-09-08T12:30:00Z,1.8750868999115866,22.1
2025-09-08T12:45:00Z,1.8962571514682907,22.3
2025-09-08T13:00:00Z,1.9093805110483402,22.3
2025-09-08T13:15:00Z,1.9305507626050584,22.3
2025-09-08T13:30:00Z,1.9517210141617696,22.4
2025-09-08T13:45:00Z,1.9714060535318438,22.5
2025-09-08T14:00:00Z,1.992576305088562,22.5
2025-09-08T14:15:00Z,2.0221038641436806,22.7
2025-09-08T14:30:00Z,2.0596783151754536,22.7
2025-09-08T14:45:00Z,2.1103761257872833,22.8
2025-09-08T15:00:00Z,2.151231416714076,22.8
2025-09-08T15:15:00Z,2.182244187955824,23.2
2025-09-08T15:30:00Z,2.231456786381017,23.5
2025-09-08T15:45:00Z,2.2624695576227722,23.3
2025-09-08T16:00:00Z,2.3149629959429845,23.4
2025-09-08T16:15:00Z,2.3525374469747575,23.6
2025-09-08T16:30:00Z,2.4065160974815996,23.9
2025-09-08T16:45:00Z,2.416358617166644,23.7
2025-09-08T17:00:00Z,2.447371388408392,24.4
2025-09-08T17:15:00Z,2.532673225678728,26.3
2025-09-08T17:30:00Z,2.4094865218548733,25.9
2025-09-08T17:45:00Z,2.2782529260543427,26.9
2025-09-08T18:00:00Z,2.2093552882590686,26.7
2025-09-08T18:15:00Z,2.110930091408683,26.7
2025-09-08T18:30:00Z,2.025628254138333,26.6
2025-09-08T18:45:00Z,1.97641565571314,26.4
2025-09-08T19:00:00Z,1.9436072567630092,26.2
2025-09-08T19:15:00Z,1.9534497764480463,25.6
2025-09-08T19:30:00Z,1.9731348158181206,25.6
2025-09-08T19:45:00Z,1.9632922961330905,25.7
2025-09-08T20:00:00Z,1.9534497764480463,25.6
2025-09-08T20:15:00Z,1.9468880966580215,25.3
2025-09-08T20:30:00Z,1.9257178451013033,25
2025-09-08T20:45:00Z,1.9257178451013033,25
2025-09-08T21:00:00Z,1.894705073859555,24.9
2025-09-08T21:15:00Z,1.8914242339645426,24.9
2025-09-08T21:30:00Z,1.8815817142795055,24.8
2025-09-08T21:45:00Z,1.8604114627227872,24.6
2025-09-08T22:00:00Z,1.85056894303775,24.5
2025-09-08T22:15:00Z,1.85056894303775,24.4
2025-09-08T22:30:00Z,1.840726423352713,24.3
2025-09-08T22:45:00Z,1.8308839036676687,24.2
2025-09-08T23:00:00Z,1.8308839036676687,24.1
2025-09-08T23:15:00Z,1.80315197232094,24
2025-09-08T23:30:00Z,1.7998711324259205,24
2025-09-08T23:45:00Z,1.8111988642975874,24
2025-09-09T00:00:00Z,1.7900286127408833,24
2025-09-09T00:15:00Z,1.7947946648225255,24
2025-09-09T00:30:00Z,1.7816713052424689,23.8
2025-09-09T00:45:00Z,1.7718287855574388,23.5
2025-09-09T01:00:00Z,1.7718287855574388,23.3
2025-09-09T01:15:00Z,1.765267105767407,23.2
2025-09-09T01:30:00Z,1.7619862658723946,23.1
2025-09-09T01:45:00Z,1.7667523179540439,23.1
2025-09-09T02:00:00Z,1.7569097982690067,23
2025-09-09T02:15:00Z,1.7569097982690067,23
2025-09-09T02:30:00Z,1.7536289583739944,22.9
2025-09-09T02:45:00Z,1.7485524907705923,22.7
2025-09-09T03:00:00Z,1.74527165087558,22.7
2025-09-09T03:15:00Z,1.74527165087558,22.5
2025-09-09T03:30:00Z,1.738709971085548,22.5
2025-09-09T03:45:00Z,1.7467568630622239,22.4
2025-09-09T04:00:00Z,1.7369143433771796,22.5
2025-09-09T04:15:00Z,1.7270718236921425,22.4
2025-09-09T04:30:00Z,1.7270718236921425,22.3
2025-09-09T04:45:00Z,1.7383995555638094,22.3
2025-09-09T05:00:00Z,1.7318378757737776,22.2
2025-09-09T05:15:00Z,1.7318378757737776,22.1
2025-09-09T05:30:00Z,1.7318378757737776,22
2025-09-09T05:45:00Z,1.7482420752488466,22.3
2025-09-09T06:00:00Z,1.7580845949338908,22.3
2025-09-09T06:15:00Z,1.7500377029572292,22.2
2025-09-09T06:30:00Z,1.7500377029572292,22.1
2025-09-09T06:45:00Z,1.756599382747261,21.9
2025-09-09T07:00:00Z,1.738709971085548,21.5
2025-09-09T07:15:00Z,1.7354291311905428,21.8
2025-09-09T07:30:00Z,1.7255866115054985,21.5
2025-09-09T07:45:00Z,NA,21.2
2025-09-09T08:00:00Z,1.7255866115054985,21.2
2025-09-09T08:15:00Z,1.7255866115054985,21.2
2025-09-09T08:30:00Z,1.728867451400511,21.3
2025-09-09T08:45:00Z,1.7354291311905428,21.5
2025-09-09T09:00:00Z,1.733943919003913,21.5
2025-09-09T09:15:00Z,1.7569097982690067,21.8
2025-09-09T09:30:00Z,1.776594837639081,21.9
2025-09-09T09:45:00Z,1.7864373573241252,22.2
2025-09-09T10:00:00Z,1.791513824927513,22.3
2025-09-09T10:15:00Z,1.8013563446125502,22.1
2025-09-09T10:30:00Z,1.824322223877644,22.1
2025-09-09T10:45:00Z,1.8210413839826316,22
2025-09-09T11:00:00Z,1.8735348223028367,23.8
2025-09-09T11:15:00Z,1.8604114627227872,23.4
2025-09-09T11:30:00Z,1.8422116355393428,22.4
2025-09-09T11:45:00Z,1.8717391945944613,22.4
2025-09-09T12:00:00Z,1.894705073859555,22.4
2025-09-09T12:15:00Z,1.9519645642614094,24.1
2025-09-09T12:30:00Z,1.991334643001558,24.2
2025-09-09T12:45:00Z,1.9632922961330905,23.3
2025-09-09T13:00:00Z,1.9862581753981772,22.9
2025-09-09T13:15:00Z,1.992819855188202,22.8
2025-09-09T13:30:00Z,2.015785734453303,22.9
2025-09-09T13:45:00Z,2.0533601854850687,23.3
2025-09-09T14:00:00Z,2.058126237566711,23.1
2025-09-09T14:15:00Z,2.07453043704178,23.3
2025-09-09T14:30:00Z,2.085858168913454,23.1
2025-09-09T14:45:00Z,2.1267134598402393,23.3
2025-09-09T15:00:00Z,2.1299942997352517,23.2
2025-09-09T15:15:00Z,2.161007070977007,23.4
2025-09-09T15:30:00Z,2.198581522008773,23.6
2025-09-09T15:45:00Z,2.2197517735654912,24.9
2025-09-09T16:00:00Z,2.19022421451038,25.8
2025-09-09T16:15:00Z,2.1424968282718098,25.7
2025-09-09T16:30:00Z,2.0849269223482025,25.6
2025-09-09T16:45:00Z,2.029152644132978,24.9
2025-09-09T17:00:00Z,2.0685227228731407,26
2025-09-09T17:15:00Z,2.0273570164246024,25.8
2025-09-09T17:30:00Z,2.047042055794684,26.3
2025-09-09T17:45:00Z,2.0798504547448147,26.6
2025-09-09T18:00:00Z,2.056884575479721,26.6
2025-09-09T18:15:00Z,2.0207953366345706,25.2
2025-09-09T18:30:00Z,1.981425257894415,26.1
2025-09-09T18:45:00Z,1.9584593786293212,26
2025-09-09T19:00:00Z,1.922370139784185,25.9
2025-09-09T19:15:00Z,1.8928425807290665,25.5
2025-09-09T19:30:00Z,1.8731575413589852,24.8
2025-09-09T19:45:00Z,1.8698767014639728,24.5
2025-09-09T20:00:00Z,1.8698767014639728,24.4
2025-09-09T20:15:00Z,1.8388639302222174,24.3
2025-09-09T20:30:00Z,1.8421447701172298,24.4
2025-09-09T20:45:00Z,1.8388639302222174,24.4
2025-09-09T21:00:00Z,1.8323022504321926,24.2
2025-09-09T21:15:00Z,1.8290214105371803,24.2
2025-09-09T21:30:00Z,1.8111319988754815,24.1
2025-09-09T21:45:00Z,1.8012894791904515,24.1
2025-09-09T22:00:00Z,1.798008639295432,24.1
2025-09-09T22:15:00Z,1.7914469595054072,24
2025-09-09T22:30:00Z,1.7914469595054072,24
2025-09-09T22:45:00Z,1.7914469595054072,23.9
2025-09-09T23:00:00Z,1.798008639295432,23.9
2025-09-09T23:15:00Z,1.807851158980469,23.9
2025-09-09T23:30:00Z,1.8111319988754815,23.9
2025-09-09T23:45:00Z,1.786680907423758,23.8
2025-09-10T00:00:00Z,1.7899617473187774,23.8
2025-09-10T00:15:00Z,1.7899617473187774,23.7
2025-09-10T00:30:00Z,1.796523427108795,23.7
2025-09-10T00:45:00Z,1.7899617473187774,23.5
2025-09-10T01:00:00Z,1.796523427108795,23.5
2025-09-10T01:15:00Z,1.7899617473187774,23.4
2025-09-10T01:30:00Z,1.796523427108795,23.4
2025-09-10T01:45:00Z,1.7884765351321334,23.3
2025-09-10T02:00:00Z,1.7998042670038075,23.3
2025-09-10T02:15:00Z,1.8096467866888517,23.2
2025-09-10T02:30:00Z,1.8096467866888517,23.2
2025-09-10T02:45:00Z,1.8063659467938393,23.1
2025-09-10T03:00:00Z,1.8176936786655133,23
2025-09-10T03:15:00Z,1.8096467866888517,22.9
2025-09-10T03:30:00Z,1.8162084664788765,22.9
2025-09-10T03:45:00Z,1.8162084664788765,22.8
2025-09-10T04:00:00Z,1.8162084664788765,22.8
2025-09-10T04:15:00Z,1.8063659467938393,22.7
2025-09-10T04:30:00Z,1.8063659467938393,22.6
2025-09-10T04:45:00Z,1.8096467866888517,22.5
2025-09-10T05:00:00Z,1.829331826058926,22.5
2025-09-10T05:15:00Z,1.8505020776156442,22.4
2025-09-10T05:30:00Z,1.8669062770907132,22.4
2025-09-10T05:45:00Z,1.8588593851140516,22.3
2025-09-10T06:00:00Z,1.8540933330324023,22.3
2025-09-10T06:15:00Z,1.8362039213707106,22.1
2025-09-10T06:30:00Z,1.8412803889740985,22.1
2025-09-10T06:45:00Z,1.8299526571024316,22
2025-09-10T07:00:00Z,1.833233496997444,21.9
2025-09-10T07:15:00Z,1.8299526571024316,21.9
2025-09-10T07:30:00Z,1.8284674449158018,21.9
2025-09-10T07:45:00Z,1.8383099646008318,21.9
2025-09-10T08:00:00Z,1.8514333241808885,21.9
2025-09-10T08:15:00Z,1.848152484285876,21.9
2025-09-10T08:30:00Z,1.8579950039709132,21.9
2025-09-10T08:45:00Z,1.8565097917842763,22
2025-09-10T09:00:00Z,1.8451820599126094,21.9
2025-09-10T09:15:00Z,1.848462899807629,21.9
2025-09-10T09:30:00Z,1.846977687620985,22
2025-09-10T09:45:00Z,1.8371351679359478,21.9
2025-09-10T10:00:00Z,1.8371351679359478,21.8
2025-09-10T10:15:00Z,1.8258074360642809,21.8
2025-09-10T10:30:00Z,1.8323691158543056,21.8
2025-09-10T10:45:00Z,1.8225265961692614,21.8
2025-09-10T11:00:00Z,1.8225265961692614,21.8
2025-09-10T11:15:00Z,1.8225265961692614,21.8
2025-09-10T11:30:00Z,1.8225265961692614,21.8
2025-09-10T11:45:00Z,1.852054155224387,22
2025-09-10T12:00:00Z,1.8666627269910592,22
2025-09-10T12:15:00Z,1.8830669264661282,22
2025-09-10T12:30:00Z,1.8830669264661282,21.9
2025-09-10T12:45:00Z,1.8830669264661282,21.9
2025-09-10T13:00:00Z,1.8929094461511724,22.2
2025-09-10T13:15:00Z,1.8765052466761034,22
2025-09-10T13:30:00Z,1.8830669264661282,22.1
2025-09-10T13:45:00Z,1.8651775148044365,21.9
2025-09-10T14:00:00Z,1.8830669264661282,21.9
2025-09-10T14:15:00Z,1.873224406781091,21.8
2025-09-10T14:30:00Z,1.863381887096054,21.8
2025-09-10T14:45:00Z,1.8845521386527722,21.9
2025-09-10T15:00:00Z,1.8976754982328217,22.3
2025-09-10T15:15:00Z,1.8991607104194514,21.9
2025-09-10T15:30:00Z,1.8991607104194514,22
2025-09-10T15:45:00Z,1.8893181907344072,21.9
2025-09-10T16:00:00Z,1.886037350839402,21.9
2025-09-10T16:15:00Z,1.880960883236007,21.9
2025-09-10T16:30:00Z,1.8875225630260317,21.9
2025-09-10T16:45:00Z,1.8875225630260317,22.1
2025-09-10T17:00:00Z,1.890803402921044,22.2
2025-09-10T17:15:00Z,1.9006459226060812,22
2025-09-10T17:30:00Z,1.8988502948977057,22
2025-09-10T17:45:00Z,1.9021311347927181,22.1
2025-09-10T18:00:00Z,1.918535334267787,22.4
2025-09-10T18:15:00Z,1.918535334267787,22.6
2025-09-10T18:30:00Z,1.9003355070843355,22.1
2025-09-10T18:45:00Z,1.9101780267693727,22.1
2025-09-10T19:00:00Z,1.9200205464544169,22.2
2025-09-10T19:15:00Z,1.929863066139454,22.3
2025-09-10T19:30:00Z,1.9429864257195035,22.4
2025-09-10T19:45:00Z,1.9382203736378685,22.5
2025-09-10T20:00:00Z,1.9480628933229056,22.5
2025-09-10T20:15:00Z,1.9579054130079427,22.6
2025-09-10T20:30:00Z,1.956420200821313,22.6
2025-09-10T20:45:00Z,1.9597010407163253,22.6
2025-09-10T21:00:00Z,1.9695435604013625,22.6
2025-09-10T21:15:00Z,1.96626272050635,22.6
2025-09-10T21:30:00Z,1.954934988634676,22.6
2025-09-10T21:45:00Z,1.954934988634676,22.7
2025-09-10T22:00:00Z,1.954934988634676,22.7
2025-09-10T22:15:00Z,1.9468880966580215,22.7
2025-09-10T22:30:00Z,1.9436072567630092,22.7
2025-09-10T22:45:00Z,1.9567306163430587,22.8
2025-09-10T23:00:00Z,1.9567306163430587,22.7
2025-09-10T23:15:00Z,1.9468880966580215,22.6
2025-09-10T23:30:00Z,1.9567306163430587,22.7
2025-09-10T23:45:00Z,1.9468880966580215,22.6
2025-09-11T00:00:00Z,1.9468880966580215,22.7
2025-09-11T00:15:00Z,1.9436072567630092,22.7
2025-09-11T00:30:00Z,1.9468880966580215,22.7
2025-09-11T00:45:00Z,1.9436072567630092,22.7
2025-09-11T01:00:00Z,1.9436072567630092,22.7
2025-09-11T01:15:00Z,1.9436072567630092,22.7
2025-09-11T01:30:00Z,1.9355603647863404,22.7
2025-09-11T01:45:00Z,1.932279524891328,22.7
2025-09-11T02:00:00Z,1.922437005206291,22.6
2025-09-11T02:15:00Z,1.915875325416259,22.6
2025-09-11T02:30:00Z,1.915875325416259,22.6
2025-09-11T02:45:00Z,1.9012667536495798,22.6
2025-09-11T03:00:00Z,1.906032805731222,22.6
2025-09-11T03:15:00Z,1.915875325416259,22.7
2025-09-11T03:30:00Z,1.9045475935445921,22.7
2025-09-11T03:45:00Z,1.915875325416259,22.7
2025-09-11T04:00:00Z,1.9125944855212467,22.6
2025-09-11T04:15:00Z,1.9012667536495798,22.6
2025-09-11T04:30:00Z,1.906032805731222,22.5
2025-09-11T04:45:00Z,1.8914242339645426,22.5
2025-09-11T05:00:00Z,1.9012667536495798,22.6
2025-09-11T05:15:00Z,1.9045475935445921,22.6
2025-09-11T05:30:00Z,1.9012667536495798,22.5
2025-09-11T05:45:00Z,1.9045475935445921,22.5
2025-09-11T06:00:00Z,1.9012667536495798,22.4
2025-09-11T06:15:00Z,1.894705073859555,22.4
2025-09-11T06:30:00Z,1.8899390217779057,22.5
2025-09-11T06:45:00Z,1.8932198616729181,22.5
2025-09-11T07:00:00Z,1.8818921298012512,22.5
2025-09-11T07:15:00Z,1.888453809591283,22.5
2025-09-11T07:30:00Z,1.89978154146295,22.5
2025-09-11T07:45:00Z,1.8818921298012512,22.5
2025-09-11T08:00:00Z,1.8917346494862954,22.5
2025-09-11T08:15:00Z,1.8982963292763202,22.5
2025-09-11T08:30:00Z,1.9015771691713326,22.5
2025-09-11T08:45:00Z,1.9081388489613573,22.5
2025-09-11T09:00:00Z,1.9081388489613573,22.5
2025-09-11T09:15:00Z,1.8968111170896833,22.5
2025-09-11T09:30:00Z,1.8968111170896833,22.5
2025-09-11T09:45:00Z,1.90993447666974,22.5
2025-09-11T10:00:00Z,1.90993447666974,22.5
2025-09-11T10:15:00Z,1.9066536367747275,22.5
2025-09-11T10:30:00Z,1.8953259049030535,22.5
2025-09-11T10:45:00Z,1.8887642251130217,22.5
2025-09-11T11:00:00Z,1.8887642251130217,22.5
2025-09-11T11:15:00Z,1.8887642251130217,22.5
2025-09-11T11:30:00Z,1.8968111170896833,22.5
2025-09-11T11:45:00Z,1.8902494372996586,22.5
2025-09-11T12:00:00Z,1.8968111170896833,22.5
2025-09-11T12:15:00Z,1.9000919569846957,22.5
2025-09-11T12:30:00Z,1.9000919569846957,22.5
2025-09-11T12:45:00Z,1.9114196888563697,22.5
2025-09-11T13:00:00Z,1.9114196888563697,22.5
2025-09-11T13:15:00Z,1.9114196888563697,22.6
2025-09-11T13:30:00Z,1.9081388489613573,22.6
2025-09-11T13:45:00Z,1.9015771691713326,22.6
2025-09-11T14:00:00Z,1.9015771691713326,22.6
2025-09-11T14:15:00Z,1.9030623813579624,22.6
2025-09-11T14:30:00Z,1.9143901132296364,22.6
2025-09-11T14:45:00Z,1.9045475935445921,22.6
2025-09-11T15:00:00Z,1.9125944855212467,22.6
2025-09-11T15:15:00Z,1.9027519658362095,22.6
2025-09-11T15:30:00Z,1.9042371780228535,22.6
2025-09-11T15:45:00Z,1.9042371780228535,22.6
2025-09-11T16:00:00Z,1.9042371780228535,22.6
2025-09-11T16:15:00Z,1.9155649098945204,22.6
2025-09-11T16:30:00Z,1.9268926417661945,22.6
2025-09-11T16:45:00Z,1.9301734816611997,22.6
2025-09-11T17:00:00Z,1.9415012135328737,22.6
2025-09-11T17:15:00Z,1.9480628933229056,22.6
2025-09-11T17:30:00Z,1.9480628933229056,22.6
2025-09-11T17:45:00Z,1.9593906251945725,22.6
2025-09-11T18:00:00Z,1.962671465089585,22.7
2025-09-11T18:15:00Z,1.9692331448796097,22.7
2025-09-11T18:30:00Z,1.967747932692987,22.7
2025-09-11T18:45:00Z,2.0020415438297405,22.8
2025-09-11T19:00:00Z,2.0086032236197724,22.8
2025-09-11T19:15:00Z,2.031569102884859,22.9
2025-09-11T19:30:00Z,2.047973302359921,22.9
2025-09-11T19:45:00Z,2.0512541422549404,22.9
2025-09-11T20:00:00Z,2.0563306098583354,22.9
2025-09-11T20:15:00Z,2.0563306098583354,23
2025-09-11T20:30:00Z,2.0548453976717056,23
2025-09-11T20:45:00Z,2.058126237566711,23.1
2025-09-11T21:00:00Z,2.046798505695037,23.1
2025-09-11T21:15:00Z,2.0435176658000316,23.1
2025-09-11T21:30:00Z,2.046798505695037,23.1
2025-09-11T21:45:00Z,2.046798505695037,23.1
2025-09-11T22:00:00Z,2.056641025380081,23.2
2025-09-11T22:15:00Z,2.056641025380081,23.2
2025-09-11T22:30:00Z,2.067968757251755,23.1
2025-09-11T22:45:00Z,2.0646879173567427,23.1
2025-09-11T23:00:00Z,2.0369559860099997,23.1
2025-09-11T23:15:00Z,2.0369559860099997,23.1
2025-09-11T23:30:00Z,2.0336751461149873,23.1
2025-09-11T23:45:00Z,2.0271134663249697,23.1
2025-09-12T00:00:00Z,2.0351603583016242,23.1
2025-09-12T00:15:00Z,2.02531783861658,23.1
2025-09-12T00:30:00Z,2.02531783861658,23.1
2025-09-12T00:45:00Z,2.0187561588265623,23.1
2025-09-12T01:00:00Z,2.0187561588265623,23.1
2025-09-12T01:15:00Z,2.0187561588265623,23.1
2025-09-12T01:30:00Z,2.015475318931543,23.1
2025-09-12T01:45:00Z,2.015475318931543,23.1
2025-09-12T02:00:00Z,2.015475318931543,23.1
2025-09-12T02:15:00Z,1.9892285997714438,22.9
2025-09-12T02:30:00Z,1.9957902795614615,23
2025-09-12T02:45:00Z,1.9892285997714438,23
2025-09-12T03:00:00Z,1.9892285997714438,23
2025-09-12T03:15:00Z,1.9957902795614615,23
2025-09-12T03:30:00Z,1.9892285997714438,23
2025-09-12T03:45:00Z,1.9779008678997698,23
2025-09-12T04:00:00Z,1.9844625476897875,23
2025-09-12T04:15:00Z,1.9779008678997698,23
2025-09-12T04:30:00Z,1.9746200280047574,22.9
2025-09-12T04:45:00Z,1.9680583482147256,22.9
2025-09-12T05:00:00Z,1.9680583482147256,22.9
2025-09-12T05:15:00Z,1.9582158285296885,22.8
2025-09-12T05:30:00Z,1.9647775083197132,22.8
2025-09-12T05:45:00Z,1.9468880966580215,22.8
2025-09-12T06:00:00Z,1.9534497764480463,22.8
2025-09-12T06:15:00Z,1.9534497764480463,22.8
2025-09-12T06:30:00Z,1.9519645642614094,22.8
2025-09-12T06:45:00Z,1.9519645642614094,22.8
2025-09-12T07:00:00Z,1.9552454041564218,22.8
2025-09-12T07:15:00Z,1.9504793520747725,22.8
2025-09-12T07:30:00Z,1.9439176722847549,22.7
2025-09-12T07:45:00Z,1.9293091005180685,22.7
2025-09-12T08:00:00Z,1.9293091005180685,22.7
2025-09-12T08:15:00Z,1.9325899404130809,22.7
2025-09-12T08:30:00Z,1.9278238883314316,22.7
2025-09-12T08:45:00Z,1.9278238883314316,22.7
2025-09-12T09:00:00Z,1.9179813686464016,22.7
2025-09-12T09:15:00Z,1.9179813686464016,22.7
2025-09-12T09:30:00Z,1.9081388489613573,22.7
2025-09-12T09:45:00Z,1.9000919569846957,22.7
2025-09-12T10:00:00Z,1.9000919569846957,22.7
2025-09-12T10:15:00Z,1.9066536367747275,22.7
2025-09-12T10:30:00Z,1.9179813686464016,22.6
2025-09-12T10:45:00Z,1.9114196888563697,22.7
2025-09-12T11:00:00Z,1.931104728226451,22.9
2025-09-12T11:15:00Z,1.9376664080164758,22.8
2025-09-12T11:30:00Z,1.9409472479114882,22.8
2025-09-12T11:45:00Z,1.947508927701513,22.8
2025-09-12T12:00:00Z,1.9818025388382807,23.1
2025-09-12T12:15:00Z,1.9883642186282984,23
2025-09-12T12:30:00Z,2.0029727903949848,22.9
2025-09-12T12:45:00Z,2.0193769898700538,23
2025-09-12T13:00:00Z,2.012815310080022,22.9
2025-09-12T13:15:00Z,2.012815310080022,22.8
2025-09-12T13:30:00Z,2.033985561636733,22.8
2025-09-12T13:45:00Z,2.0912450520386017,23.4
2025-09-12T14:00:00Z,2.0912450520386017,23.4
2025-09-12T14:15:00Z,2.0912450520386017,23.3
2025-09-12T14:30:00Z,2.082887744540187,23.1
2025-09-12T14:45:00Z,2.0960111041202367,23.3
2025-09-12T15:00:00Z,2.0942154764118612,23.1
2025-09-12T15:15:00Z,2.084372956726824,23
2025-09-12T15:30:00Z,2.0778112769367922,23
2025-09-12T15:45:00Z,2.0891390088084663,23.1
2025-09-12T16:00:00Z,2.1252282476536166,23.4
2025-09-12T16:15:00Z,2.1186665678635848,23.3
2025-09-12T16:30:00Z,2.1153857279685724,23.2
2025-09-12T16:45:00Z,2.1267134598402393,23.1
2025-09-12T17:00:00Z,2.1299942997352517,23.1
2025-09-12T17:15:00Z,2.139836819420296,23.1
2025-09-12T17:30:00Z,2.149679339105333,23.2
2025-09-12T17:45:00Z,2.15952185879037,23.4
2025-09-12T18:00:00Z,2.225138656690632,23.6
2025-09-12T18:15:00Z,2.2546662157457504,23.4
2025-09-12T18:30:00Z,2.284193774800869,23.4
2025-09-12T18:45:00Z,2.336687213121081,23.8
2025-09-12T19:00:00Z,2.315516961564377,23.7
2025-09-12T19:15:00Z,NA,23.7
2025-09-12T19:30:00Z,2.2958319221942958,23.7
2025-09-12T19:45:00Z,2.2925510822992834,23.7
2025-09-12T20:00:00Z,2.2925510822992834,23.8
2025-09-12T20:15:00Z,2.2958319221942958,23.8
2025-09-12T20:30:00Z,2.2958319221942958,23.8
2025-09-12T20:45:00Z,2.2859894025092586,23.7
2025-09-12T21:00:00Z,2.2845041903226218,23.8
2025-09-12T21:15:00Z,2.2812233504276094,23.8
2025-09-12T21:30:00Z,2.2812233504276094,23.8
2025-09-12T21:45:00Z,2.2812233504276094,23.9
2025-09-12T22:00:00Z,2.2812233504276094,23.8
2025-09-12T22:15:00Z,2.2534914190808664,23.8
2025-09-12T22:30:00Z,2.2320107520024095,23.8
2025-09-12T22:45:00Z,2.2123257126323352,23.8
2025-09-12T23:00:00Z,2.192640673262254,23.8
2025-09-12T23:15:00Z,2.1729556338921725,23.8
2025-09-12T23:30:00Z,2.1678791662887846,23.8
2025-09-12T23:45:00Z,2.154755806708735,23.7
2025-09-13T00:00:00Z,2.144913287023698,23.7
2025-09-13T00:15:00Z,2.128509087548629,23.7
2025-09-13T00:30:00Z,2.1365559795252835,23.7
2025-09-13T00:45:00Z,2.1267134598402393,23.7
2025-09-13T01:00:00Z,2.1103092603651774,23.6
2025-09-13T01:15:00Z,2.107028420470165,23.6
2025-09-13T01:30:00Z,2.0873433811000837,23.5
2025-09-13T01:45:00Z,2.080781701310052,23.5
2025-09-13T02:00:00Z,2.0775008614150465,23.5
2025-09-13T02:15:00Z,2.0563306098583354,23.4
2025-09-13T02:30:00Z,2.0399264103832735,23.4
2025-09-13T02:45:00Z,2.0300838906982364,23.3
2025-09-13T03:00:00Z,2.020241371013192,23.3
2025-09-13T03:15:00Z,1.9957902795614615,23.2
2025-09-13T03:30:00Z,1.9793860800863996,23.2
2025-09-13T03:45:00Z,1.96626272050635,23.1
2025-09-13T04:00:00Z,1.96626272050635,23.1
2025-09-13T04:15:00Z,1.949858521031281,23
2025-09-13T04:30:00Z,1.940016001346244,23
2025-09-13T04:45:00Z,1.9367351614512316,23
2025-09-13T05:00:00Z,1.9301734816611997,22.9
2025-09-13T05:15:00Z,1.9301734816611997,22.9
2025-09-13T05:30:00Z,1.9203309619761626,22.8
2025-09-13T05:45:00Z,1.9057223902094762,22.8
2025-09-13T06:00:00Z,1.8893181907344072,22.7
2025-09-13T06:15:00Z,1.8779904588627403,22.7
2025-09-13T06:30:00Z,1.8681479391777032,22.6
2025-09-13T06:45:00Z,1.8550245795976537,22.5
2025-09-13T07:00:00Z,1.8386203801225918,22.5
2025-09-13T07:15:00Z,1.814169288670854,22.4
2025-09-13T07:30:00Z,1.8043267689858098,22.3
2025-09-13T07:45:00Z,1.7944842493007798,22.3
2025-09-13T08:00:00Z,1.7977650891957921,22.3
2025-09-13T08:00:00Z,1.7977650891957921,22.3
2025-09-13T08:15:00Z,1.8043267689858098,22.3
2025-09-13T08:30:00Z,1.814169288670854,22.2
2025-09-13T08:45:00Z,1.8272926482509106,22.3
2025-09-13T09:00:00Z,1.8371351679359478,22.3
2025-09-13T09:15:00Z,1.8422116355393428,22.3
2025-09-13T09:30:00Z,1.8454924754343551,22.3
2025-09-13T09:45:00Z,1.8440072632477182,22.3
2025-09-13T10:00:00Z,1.8440072632477182,22.3
2025-09-13T10:15:00Z,1.85056894303775,22.3
2025-09-13T10:30:00Z,1.8702539824078315,22.3
2025-09-13T10:45:00Z,1.8932198616729181,22.5
2025-09-13T11:00:00Z,1.9209517930196611,22.5
2025-09-13T11:15:00Z,1.9307943127046983,22.4
2025-09-13T11:30:00Z,1.9293091005180685,22.5
2025-09-13T11:45:00Z,1.9325899404130809,22.5
2025-09-13T12:00:00Z,1.9325899404130809,22.4
2025-09-13T12:15:00Z,1.9325899404130809,22.4
2025-09-13T12:30:00Z,1.9439176722847549,22.4
2025-09-13T12:45:00Z,1.9406368323897425,22.4
2025-09-13T13:00:00Z,1.953760191969792,23
2025-09-13T13:15:00Z,1.991334643001558,23.1
2025-09-13T13:30:00Z,1.991334643001558,22.9
2025-09-13T13:45:00Z,1.992819855188202,22.7
2025-09-13T14:00:00Z,2.004147587059869,22.7
2025-09-13T14:15:00Z,2.004147587059869,22.6
2025-09-13T14:30:00Z,2.015475318931543,22.6
2025-09-13T14:45:00Z,2.015475318931543,22.5
2025-09-13T15:00:00Z,2.036645570488254,22.6
2025-09-13T15:15:00Z,2.036645570488254,22.6
2025-09-13T15:30:00Z,2.036645570488254,22.6
2025-09-13T15:45:00Z,2.0399264103832735,22.6
2025-09-13T16:00:00Z,2.0464880901732982,22.6
2025-09-13T16:15:00Z,2.0563306098583354,22.7
2025-09-13T16:30:00Z,2.0676583417300023,22.7
2025-09-13T16:45:00Z,2.0775008614150465,22.7
2025-09-13T17:00:00Z,2.080781701310052,23
2025-09-13T17:15:00Z,2.1216369922368514,23.4
2025-09-13T17:30:00Z,2.111794472551807,23.2
2025-09-13T17:45:00Z,2.118356152341839,23.2
2025-09-13T18:00:00Z,2.128198672026876,23.2
2025-09-13T18:15:00Z,2.1592114432686245,23.3
2025-09-13T18:30:00Z,2.182177322533711,23.4
2025-09-13T18:45:00Z,2.2131900937754665,23.6
2025-09-13T19:00:00Z,2.2131900937754665,23.6
2025-09-13T19:15:00Z,2.232875133145548,23.8
2025-09-13T19:30:00Z,2.2197517735654912,23.7
2025-09-13T19:45:00Z,2.2033475740904294,23.8
2025-09-13T20:00:00Z,2.183662534720348,23.8
2025-09-13T20:15:00Z,2.1592114432686245,23.8
2025-09-13T20:30:00Z,2.1428072437935555,23.8
2025-09-13T20:45:00Z,2.1329647241085183,23.8
2025-09-13T21:00:00Z,2.113279684738437,23.8
2025-09-13T21:15:00Z,2.1147648969250668,23.8
2025-09-13T21:30:00Z,2.0837521256833256,23.7
2025-09-13T21:45:00Z,2.0739096059982813,23.7
2025-09-13T22:00:00Z,2.049458514546558,23.7
2025-09-13T22:15:00Z,2.033054315071496,23.5
2025-09-13T22:30:00Z,2.0411012070481434,23.5
2025-09-13T22:45:00Z,2.0297734751764764,23.5
2025-09-13T23:00:00Z,2.0246970075730815,23.4
2025-09-13T23:15:00Z,2.0035267560163774,23.3
2025-09-13T23:30:00Z,1.9936842363313403,23.3
2025-09-13T23:45:00Z,1.972513984774622,23.2
2025-09-14T00:00:00Z,1.9593906251945725,23.1
2025-09-14T00:15:00Z,1.9528289454045407,23.1
2025-09-14T00:30:00Z,1.9528289454045407,23.1
2025-09-14T00:45:00Z,1.9608758373812094,23
2025-09-14T01:00:00Z,1.9543141575911775,23
2025-09-14T01:15:00Z,1.9444716379061404,22.9
2025-09-14T01:30:00Z,1.931348278326091,22.9
2025-09-14T01:45:00Z,1.914944078851022,22.8
2025-09-14T02:00:00Z,1.9051015591659848,22.7
2025-09-14T02:15:00Z,1.8952590394809476,22.6
2025-09-14T02:30:00Z,1.9065867713526146,22.5
2025-09-14T02:45:00Z,1.903305931457595,22.4
2025-09-14T03:00:00Z,1.8836208920875137,22.3
2025-09-14T03:15:00Z,1.855888960740785,22.2
2025-09-14T03:30:00Z,1.8526081208457725,22.1
2025-09-14T03:45:00Z,1.8427656011607354,22
2025-09-14T04:00:00Z,1.8427656011607354,22
2025-09-14T04:15:00Z,1.8460464410557478,22
2025-09-14T04:30:00Z,1.8329230814756983,21.8
2025-09-14T04:45:00Z,1.8329230814756983,21.8
2025-09-14T05:00:00Z,1.8362039213707106,21.8
2025-09-14T05:15:00Z,1.8460464410557478,21.8
2025-09-14T05:30:00Z,1.8526081208457725,21.8
2025-09-14T05:45:00Z,1.8526081208457725,21.8
2025-09-14T06:00:00Z,1.844561228869111,21.8
2025-09-14T06:15:00Z,1.8511229086591428,21.8
2025-09-14T06:30:00Z,1.844561228869111,21.8
2025-09-14T06:45:00Z,1.844561228869111,21.8
2025-09-14T07:00:00Z,1.8544037485541551,21.8
2025-09-14T07:15:00Z,1.8496376964725059,21.8
2025-09-14T07:30:00Z,1.8529185363675253,21.8
2025-09-14T07:45:00Z,1.8529185363675253,21.7
2025-09-14T08:00:00Z,1.848152484285876,21.7
2025-09-14T08:15:00Z,1.8514333241808885,21.7
2025-09-14T08:30:00Z,1.8514333241808885,21.6
2025-09-14T08:45:00Z,1.8579950039709132,21.6
2025-09-14T09:00:00Z,1.8565097917842763,21.7
2025-09-14T09:15:00Z,1.8565097917842763,21.6
2025-09-14T09:30:00Z,1.8597906316792958,21.6
2025-09-14T09:45:00Z,1.8565097917842763,21.6
2025-09-14T10:00:00Z,1.8597906316792958,21.5
2025-09-14T10:15:00Z,1.869633151364333,21.5
2025-09-14T10:30:00Z,1.869633151364333,21.6
2025-09-14T10:45:00Z,1.8663523114693206,21.5
2025-09-14T11:00:00Z,1.869633151364333,21.7
2025-09-14T11:15:00Z,1.8663523114693206,21.6
2025-09-14T11:30:00Z,1.869633151364333,21.7
2025-09-14T11:45:00Z,1.8761948311543577,21.7
2025-09-14T12:00:00Z,1.890803402921044,21.7
2025-09-14T12:15:00Z,1.907207602396113,21.9
2025-09-14T12:30:00Z,1.907207602396113,21.8
2025-09-14T12:45:00Z,1.907207602396113,21.7
2025-09-14T13:00:00Z,1.897365082711076,21.6
2025-09-14T13:15:00Z,1.90869281458275,21.6
2025-09-14T13:30:00Z,1.9480628933229056,22.3
2025-09-14T13:45:00Z,1.962671465089585,22.1
2025-09-14T14:00:00Z,1.9528289454045407,21.9
2025-09-14T14:15:00Z,1.9641566772762147,21.8
2025-09-14T14:30:00Z,1.9754844091478816,21.8
2025-09-14T14:45:00Z,1.9754844091478816,21.8
2025-09-14T15:00:00Z,1.9754844091478816,21.8
2025-09-14T15:15:00Z,1.9754844091478816,21.8
2025-09-14T15:30:00Z,1.9933738208095875,21.8
2025-09-14T15:45:00Z,1.9933738208095875,21.8
2025-09-14T16:00:00Z,2.0047015526812615,21.8
2025-09-14T16:15:00Z,2.007982392576274,21.8
2025-09-14T16:30:00Z,2.0047015526812615,21.8
2025-09-14T16:45:00Z,2.0047015526812615,21.8
2025-09-14T17:00:00Z,2.0258718042379655,21.9
2025-09-14T17:15:00Z,2.0357143239230098,22
2025-09-14T17:30:00Z,2.056884575479721,22
2025-09-14T17:45:00Z,2.066727095164758,22.1
2025-09-14T18:00:00Z,2.1290630531700145,23.2
2025-09-14T18:15:00Z,2.1290630531700145,23
2025-09-14T18:30:00Z,2.1290630531700145,22.8
2025-09-14T18:45:00Z,2.1567949845167433,22.8
2025-09-14T19:00:00Z,2.1666375042017805,22.8
2025-09-14T19:15:00Z,2.186322543571862,22.9
2025-09-14T19:30:00Z,2.189603383466874,22.9
2025-09-14T19:45:00Z,2.207492795128573,23
2025-09-14T20:00:00Z,2.207492795128573,23.1
2025-09-14T20:15:00Z,2.189603383466874,23.1
2025-09-14T20:30:00Z,2.17976086378183,23.1
2025-09-14T20:45:00Z,2.1666375042017805,23.1
2025-09-14T21:00:00Z,2.1502333047267115,23.1
2025-09-14T21:15:00Z,2.125782213274995,23.1
2025-09-14T21:30:00Z,2.115939693589951,23.1
2025-09-14T21:45:00Z,2.1060971739049137,23.1
2025-09-14T22:00:00Z,2.0864121345348323,23
2025-09-14T22:15:00Z,2.0765696148498023,23
2025-09-14T22:30:00Z,2.0601654153747333,22.9
2025-09-14T22:45:00Z,2.038995163818022,22.9
2025-09-14T23:00:00Z,2.0258718042379655,22.8
2025-09-14T23:15:00Z,2.019310124447941,22.8
2025-09-14T23:30:00Z,2.0094676047628965,22.7
2025-09-14T23:45:00Z,1.9996250850778594,22.6
2025-09-15T00:00:00Z,1.9882973532061925,22.6
2025-09-15T00:15:00Z,1.975173993626143,22.5
2025-09-15T00:30:00Z,1.9474420622794,22.5
2025-09-15T00:45:00Z,1.9343187026993505,22.4
2025-09-15T01:00:00Z,1.9277570229093257,22.2
2025-09-15T01:15:00Z,1.9277570229093257,22.2
2025-09-15T01:30:00Z,1.9390847547809997,22.2
2025-09-15T01:45:00Z,1.9358039148859802,22.2
2025-09-15T02:00:00Z,1.904791143644232,22
2025-09-15T02:15:00Z,1.9095571957258812,22
2025-09-15T02:30:00Z,1.9080719835392443,22
2025-09-15T02:45:00Z,1.916118875515906,22
2025-09-15T03:00:00Z,1.916118875515906,21.9
2025-09-15T03:15:00Z,1.9292422350959626,21.9
2025-09-15T03:30:00Z,1.9259613952009431,21.8
2025-09-15T03:45:00Z,1.9358039148859802,21.8
2025-09-15T04:00:00Z,1.9358039148859802,21.8
2025-09-15T04:15:00Z,1.9358039148859802,21.8
2025-09-15T04:30:00Z,1.9390847547809997,21.8
2025-09-15T04:45:00Z,1.9390847547809997,21.8
2025-09-15T05:00:00Z,1.9390847547809997,21.8
2025-09-15T05:15:00Z,1.9456464345710245,21.8
2025-09-15T05:30:00Z,1.9343187026993505,21.8
2025-09-15T05:45:00Z,1.9375995425943628,21.7
2025-09-15T06:00:00Z,1.9375995425943628,21.7
2025-09-15T06:15:00Z,1.936114330407726,21.7
2025-09-15T06:30:00Z,1.952518529882795,21.7
2025-09-15T06:45:00Z,1.9510333176961652,21.7
2025-09-15T07:00:00Z,1.9543141575911775,21.7
2025-09-15T07:15:00Z,1.9528289454045407,21.7
2025-09-15T07:30:00Z,1.9528289454045407,21.6
2025-09-15T07:45:00Z,1.9415012135328737,21.6
2025-09-15T08:00:00Z,1.9415012135328737,21.6
2025-09-15T08:15:00Z,1.9367351614512316,21.6
2025-09-15T08:30:00Z,1.940016001346244,21.6
2025-09-15T08:45:00Z,1.9465776811362687,21.6
2025-09-15T09:00:00Z,1.956420200821313,21.6
2025-09-15T09:15:00Z,1.956420200821313,21.5
2025-09-15T09:30:00Z,1.956420200821313,21.5
2025-09-15T09:45:00Z,1.9483733088446513,21.5
2025-09-15T10:00:00Z,1.9483733088446513,21.5
2025-09-15T10:15:00Z,1.954934988634676,21.5
2025-09-15T10:30:00Z,1.9582158285296885,21.5
2025-09-15T10:45:00Z,1.9632922961330905,21.6
2025-09-15T11:00:00Z,1.9844625476897875,21.6
2025-09-15T11:15:00Z,1.9862581753981772,21.7
2025-09-15T11:30:00Z,2.015785734453303,21.8
2025-09-15T11:45:00Z,2.042032453613402,21.9
2025-09-15T12:00:00Z,2.0927302642252243,22
2025-09-15T12:15:00Z,2.1550662222304737,22.3
2025-09-15T12:30:00Z,2.2009979807606612,22.3
2025-09-15T12:45:00Z,2.250210579185854,22.3
2025-09-15T13:00:00Z,2.3337167887478216,23.1
2025-09-15T13:15:00Z,2.3009083897976836,22.7
2025-09-15T13:30:00Z,2.294346710007659,22.8
2025-09-15T13:45:00Z,2.2648191509525404,22.6
2025-09-15T14:00:00Z,2.2713808307425722,22.7
2025-09-15T14:15:00Z,2.272866042929202,22.6
2025-09-15T14:30:00Z,2.263023523244165,22.6
2025-09-15T14:45:00Z,2.263023523244165,22.6
2025-09-15T15:00:00Z,2.2663043631391773,22.7
2025-09-15T15:15:00Z,2.294036294485913,22.8
2025-09-15T15:30:00Z,2.294036294485913,22.8
2025-09-15T15:45:00Z,2.305364026357587,22.8
2025-09-15T16:00:00Z,2.364419144467817,23.6
2025-09-15T16:15:00Z,2.3447341050977357,23.4
2025-09-15T16:30:00Z,2.3447341050977357,23.3
2025-09-15T16:45:00Z,2.349500157179385,23.2
2025-09-15T17:00:00Z,2.349500157179385,23.2
2025-09-15T17:15:00Z,2.365904356654447,23.3
2025-09-15T17:30:00Z,2.359342676864422,23.4
2025-09-15T17:45:00Z,2.3462193172843655,23.3
2025-09-15T18:00:00Z,2.387074608211158,23.7
2025-09-15T18:15:00Z,2.4067596475812394,23.6
2025-09-15T18:30:00Z,2.4166021672662765,24
2025-09-15T18:45:00Z,2.3969171278962023,23.9
2025-09-15T19:00:00Z,2.3673895688410767,24.5
2025-09-15T19:15:00Z,2.311615290625859,24
2025-09-15T19:30:00Z,2.3083344507308468,24.1
2025-09-15T19:45:00Z,2.2820877315707406,24.3
2025-09-15T20:00:00Z,2.259121852305647,24.2
2025-09-15T20:15:00Z,2.242717652830585,24.1
2025-09-15T20:30:00Z,2.221547401273874,24
2025-09-15T20:45:00Z,2.2084240416938172,24
2025-09-15T21:00:00Z,2.188739002323743,23.9
2025-09-15T21:00:00Z,2.188739002323743,23.9
2025-09-15T21:15:00Z,2.167568750767039,23.8
2025-09-15T21:30:00Z,2.1577262310819947,23.7
2025-09-15T21:45:00Z,2.15116455129197,23.7
2025-09-15T22:00:00Z,2.15116455129197,23.6
2025-09-15T22:15:00Z,2.1299942997352517,23.6
2025-09-15T22:30:00Z,2.1088240481785476,23.5
2025-09-15T22:45:00Z,2.095700688598498,23.4
2025-09-15T23:00:00Z,2.0778112769367922,23.3
2025-09-15T23:15:00Z,2.07453043704178,23.3
2025-09-15T23:30:00Z,2.0646879173567427,23.2
2025-09-15T23:45:00Z,2.046798505695037,23.2
2025-09-16T00:00:00Z,2.046798505695037,23.2
2025-09-16T00:15:00Z,2.0321899339283647,23.2
2025-09-16T00:30:00Z,2.025628254138333,23.1
2025-09-16T00:45:00Z,2.0336751461149873,23.1
2025-09-16T01:00:00Z,2.015785734453303,23.1
2025-09-16T01:15:00Z,2.015785734453303,23
2025-09-16T01:15:00Z,2.015785734453303,23
2025-09-16T01:30:00Z,2.0125048945582833,23
2025-09-16T01:45:00Z,2.0125048945582833,23
2025-09-16T02:00:00Z,2.0059432147682585,23
2025-09-16T02:15:00Z,2.0074284269548883,22.9
2025-09-16T02:30:00Z,2.004147587059869,22.9
2025-09-16T02:45:00Z,1.987743387584807,22.8
2025-09-16T03:00:00Z,1.987743387584807,22.8
2025-09-16T03:15:00Z,1.987743387584807,22.8
2025-09-16T03:30:00Z,1.987743387584807,22.8
2025-09-16T03:45:00Z,2.0056327992465057,22.8
2025-09-16T04:00:00Z,2.008913639141518,22.8
2025-09-16T04:15:00Z,2.008913639141518,22.7
2025-09-16T04:30:00Z,2.0187561588265623,22.7
2025-09-16T04:45:00Z,2.0187561588265623,22.6
2025-09-16T05:00:00Z,2.0074284269548883,22.5
2025-09-16T05:15:00Z,2.0172709466399255,22.5
2025-09-16T05:30:00Z,2.02383262642995,22.5
2025-09-16T05:45:00Z,2.0125048945582833,22.4
2025-09-16T06:00:00Z,2.015785734453303,22.4
2025-09-16T06:15:00Z,2.015785734453303,22.3
2025-09-16T06:30:00Z,2.0110196823716393,22.2
2025-09-16T06:45:00Z,2.024143041951689,22.3
2025-09-16T07:00:00Z,2.0307047217417207,22.3
2025-09-16T07:15:00Z,2.012815310080022,22.3
2025-09-16T07:30:00Z,2.012815310080022,22.2
2025-09-16T07:45:00Z,2.0080492579983797,22.2
2025-09-16T08:00:00Z,2.011330097893392,22.2
2025-09-16T08:15:00Z,2.017891777683417,22.1
2025-09-16T08:30:00Z,2.017891777683417,21.8
2025-09-16T08:45:00Z,2.011330097893392,21.9
2025-09-16T09:00:00Z,2.017891777683417,21.9
2025-09-16T09:15:00Z,2.0098448857067623,21.9
2025-09-16T09:30:00Z,2.0149213533101573,22
2025-09-16T09:45:00Z,2.0232786608085647,22.1
2025-09-16T10:00:00Z,2.026559500703577,22.1
2025-09-16T10:15:00Z,2.052806219863683,22.1
2025-09-16T10:30:00Z,2.0659295794437327,22.1
2025-09-16T10:45:00Z,2.087099831000444,22.2
2025-09-16T11:00:00Z,2.087099831000444,22.2
2025-09-16T11:15:00Z,2.0838189911054315,22.1
2025-09-16T11:30:00Z,2.0951467229771055,22.1
2025-09-16T11:45:00Z,2.098427562872118,22.1
2025-09-16T12:00:00Z,2.098427562872118,22.2
2025-09-16T12:15:00Z,2.098427562872118,22.2
2025-09-16T12:30:00Z,2.098427562872118,22.2
2025-09-16T12:45:00Z,2.1049892426621426,22.2
2025-09-16T13:00:00Z,2.119597814428829,22.3
2025-09-16T13:15:00Z,2.136002013903891,22.4
2025-09-16T13:30:00Z,2.1392828537989104,22.3
2025-09-16T13:45:00Z,2.1604531053556144,22.4
2025-09-16T14:00:00Z,2.157172265460602,22.3
2025-09-16T14:15:00Z,2.1506105856705844,22.5
2025-09-16T14:30:00Z,2.1604531053556144,22.7
2025-09-16T14:45:00Z,2.1768573048306834,22.7
2025-09-16T15:00:00Z,2.2078700760724317,22.6
2025-09-16T15:15:00Z,2.222478647839125,22.6
2025-09-16T15:30:00Z,2.2534914190808664,22.7
2025-09-16T15:45:00Z,2.2698956185559354,22.8
2025-09-16T16:00:00Z,2.309265697296091,23.1
2025-09-16T16:15:00Z,2.3322315765611847,24.2
2025-09-16T16:30:00Z,2.401129214356459,24.3
2025-09-16T16:45:00Z,2.358478295721291,23.9
2025-09-16T17:00:00Z,2.379648547278002,23.6
2025-09-16T17:15:00Z,2.4780737441283947,25.2
2025-09-16T17:30:00Z,2.41394215841477,24.1
2025-09-16T17:45:00Z,2.438703665388239,24.2
2025-09-16T18:00:00Z,2.433627197784844,24.1
2025-09-16T18:15:00Z,2.423784678099807,24.2
2025-09-16T18:30:00Z,2.41394215841477,24.4
2025-09-16T18:45:00Z,2.381133759464639,24.5
2025-09-16T19:00:00Z,2.3548870403045328,24.5
2025-09-16T19:15:00Z,2.322078641354395,24.6
2025-09-16T19:30:00Z,2.2827085626142463,24.5
2025-09-16T19:45:00Z,2.2418532716874537,24.3
2025-09-16T20:00:00Z,2.2221682323173724,24.2
2025-09-16T20:15:00Z,2.1944363009706294,24.2
2025-09-16T20:30:00Z,2.169985209518913,24.1
2025-09-16T20:45:00Z,2.163423529728888,24.1
2025-09-16T21:00:00Z,2.160142689833876,24.1
2025-09-16T21:15:00Z,2.143738490358807,23.9
2025-09-16T21:30:00Z,2.1338959706737697,23.9
2025-09-16T21:45:00Z,2.119287398907069,23.8
2025-09-16T22:00:00Z,2.109444879222039,23.7
2025-09-16T22:15:00Z,2.109444879222039,23.7
2025-09-16T22:30:00Z,2.099602359537002,23.6
2025-09-16T22:45:00Z,2.09304067974697,23.6
2025-09-16T23:00:00Z,2.0897598398519577,23.5
2025-09-16T23:15:00Z,2.0733556403768887,23.4
2025-09-16T23:30:00Z,2.0700748004818763,23.3
2025-09-16T23:45:00Z,2.0700748004818763,23.3
2025-09-17T00:00:00Z,2.0733556403768887,23.2
2025-09-17T00:15:00Z,2.0748408525635327,23.1
2025-09-17T00:30:00Z,2.0649983328784955,23
2025-09-17T00:45:00Z,2.051874973298439,22.9
2025-09-17T01:00:00Z,2.024143041951689,22.8
2025-09-17T01:15:00Z,2.0208622020566835,22.8
2025-09-17T01:30:00Z,2.025628254138333,22.7
2025-09-17T01:45:00Z,2.0435176658000316,22.7
2025-09-17T02:00:00Z,2.0482837178816737,22.6
2025-09-17T02:15:00Z,2.0661731295433796,22.5
2025-09-17T02:30:00Z,2.0661731295433796,22.5
2025-09-17T02:45:00Z,2.0661731295433796,22.4
2025-09-17T03:00:00Z,2.0482837178816737,22.3
2025-09-17T03:15:00Z,2.0482837178816737,22.3
2025-09-17T03:30:00Z,2.0482837178816737,22.2
2025-09-17T03:45:00Z,2.0351603583016242,22.1
2025-09-17T04:00:00Z,2.0384411981966437,22.1
2025-09-17T04:15:00Z,2.0351603583016242,22
2025-09-17T04:30:00Z,2.0482837178816737,22
2025-09-17T04:45:00Z,2.069453969438385,21.9
2025-09-17T05:00:00Z,2.067968757251755,21.9
2025-09-17T05:15:00Z,2.067968757251755,22
2025-09-17T05:30:00Z,2.058126237566711,21.9
2025-09-17T05:45:00Z,2.0321899339283647,21.7
2025-09-17T06:00:00Z,2.045313293508414,21.9
2025-09-17T06:15:00Z,2.045313293508414,21.9
2025-09-17T06:30:00Z,2.042032453613402,22
2025-09-17T06:45:00Z,2.045313293508414,22.1
2025-09-17T07:00:00Z,2.0208622020566835,22.1
2025-09-17T07:15:00Z,2.0208622020566835,22.1
2025-09-17T07:30:00Z,2.024143041951689,21.9
2025-09-17T07:45:00Z,2.0208622020566835,21.5
2025-09-17T08:00:00Z,2.051874973298439,21.5
2025-09-17T08:15:00Z,2.061717492983483,21.6
2025-09-17T08:30:00Z,2.0649983328784955,21.7
2025-09-17T08:45:00Z,2.0715600126685203,21.7
2025-09-17T09:00:00Z,2.0700748004818763,21.9
2025-09-17T09:15:00Z,2.0700748004818763,21.9
2025-09-17T09:30:00Z,2.0897598398519577,22
2025-09-17T09:45:00Z,2.102883199432007,22
2025-09-17T10:00:00Z,2.119287398907069,22
2025-09-17T10:15:00Z,2.119287398907069,22
2025-09-17T10:30:00Z,2.0915554675603403,22
2025-09-17T10:45:00Z,2.145844533588928,23.2
2025-09-17T11:00:00Z,2.0900702553737105,22.2
2025-09-17T11:15:00Z,2.098117147350372,22.2
2025-09-17T11:30:00Z,2.12077261109372,22.3
2025-09-17T11:45:00Z,2.12225782328035,22.3
2025-09-17T12:00:00Z,2.153270594522091,22.6
2025-09-17T12:15:00Z,2.1481941269187033,22.3
2025-09-17T12:30:00Z,2.1890494178454887,22.6
2025-09-17T12:45:00Z,2.2003771497171627,22.5
2025-09-17T13:00:00Z,2.226623868877269,22.6
2025-09-17T13:15:00Z,2.2609174800140224,22.7
2025-09-17T13:30:00Z,2.2806025193841037,22.7
2025-09-17T13:45:00Z,2.2970067188591727,22.7
2025-09-17T14:00:00Z,2.311615290625859,22.6
2025-09-17T14:15:00Z,2.3298151178093036,22.9
2025-09-17T14:30:00Z,2.360827889051059,23
2025-09-17T14:45:00Z,2.3790277162345035,23.2
2025-09-17T15:00:00Z,2.4494105662164074,23.7
2025-09-17T15:15:00Z,2.4592530859014516,23.5
2025-09-17T15:30:00Z,2.4494105662164074,22.8
2025-09-17T15:45:00Z,2.429725526846333,22.9
2025-09-17T16:00:00Z,2.4690956055864888,23.4
2025-09-17T16:15:00Z,2.434801994449721,24.8
2025-09-17T16:30:00Z,2.370670408736096,24.1
2025-09-17T16:45:00Z,2.372155620922733,24.4
2025-09-17T17:00:00Z,2.3426280618676145,24.3
2025-09-17T17:15:00Z,2.322943022497533,24.2
2025-09-17T17:30:00Z,2.324428234684163,24.4
2025-09-17T17:45:00Z,2.2606070644922838,23.9
2025-09-17T18:00:00Z,2.2310795054371653,24.1
2025-09-17T18:15:00Z,2.201551946382054,23.9
2025-09-17T18:30:00Z,2.1931946388836394,24.1
2025-09-17T18:45:00Z,2.1782756515952073,23.9
2025-09-17T19:00:00Z,2.1782756515952073,23.9
2025-09-17T19:15:00Z,2.1782756515952073,23.9
2025-09-17T19:30:00Z,2.1881181712802444,23.8
2025-09-17T19:45:00Z,2.1767904394085704,23.7
2025-09-17T20:00:00Z,2.173509599513558,23.7
2025-09-17T20:15:00Z,2.1556201878518664,23.6
2025-09-17T20:30:00Z,2.1329647241085183,23.5
2025-09-17T20:45:00Z,2.108513632656795,23.4
2025-09-17T21:00:00Z,2.100466740680133,23.4
2025-09-17T21:15:00Z,2.100466740680133,23.3
2025-09-17T21:30:00Z,2.10195195286677,23.2
2025-09-17T21:45:00Z,2.0986711129717577,23.2
2025-09-17T22:00:00Z,2.0775008614150465,23.1
2025-09-17T22:15:00Z,2.0709391816250147,23.1
2025-09-17T22:30:00Z,2.0610966619399846,23
2025-09-17T22:45:00Z,2.069143553916639,23
2025-09-17T23:00:00Z,2.0625818741266144,22.9
2025-09-17T23:15:00Z,2.080471285788306,22.9
2025-09-17T23:30:00Z,2.080471285788306,22.8
2025-09-17T23:45:00Z,2.0903138054733432,22.8
2025-09-18T00:00:00Z,2.0935946453683556,22.7
2025-09-18T00:15:00Z,2.0903138054733432,22.5
2025-09-18T00:30:00Z,2.0724243938116587,22.5
2025-09-18T00:45:00Z,2.057815822044965,22.4
2025-09-18T01:00:00Z,2.036645570488254,22.4
2025-09-18T01:15:00Z,1.9808712922730365,22.3
2025-09-18T01:30:00Z,1.988918184249691,22.2
2025-09-18T01:45:00Z,2.0020415438297405,22.2
2025-09-18T02:00:00Z,2.010088435806402,22.2
2025-09-18T02:15:00Z,2.068212307351388,22.1
2025-09-18T02:30:00Z,2.0700079350597704,22.1
2025-09-18T02:45:00Z,2.0735991904765356,22
2025-09-18T03:00:00Z,2.0849269223482025,21.9
2025-09-18T03:15:00Z,2.099535494114889,21.8
2025-09-18T03:30:00Z,2.0834417101615728,21.8
2025-09-18T03:45:00Z,2.042896834756533,21.8
2025-09-18T04:00:00Z,2.0396159948615207,21.7
2025-09-18T04:15:00Z,2.021726583199822,21.7
2025-09-18T04:30:00Z,2.0086032236197724,21.6
2025-09-18T04:30:00Z,2.0086032236197724,21.6
2025-09-18T04:45:00Z,2.0133692757014146,21.6
2025-09-18T05:00:00Z,2.000245916121365,21.6
2025-09-18T05:15:00Z,1.995169448517963,21.5
2025-09-18T05:30:00Z,2.0032163404946246,21.5
2025-09-18T05:45:00Z,2.017824912261311,21.6
2025-09-18T06:00:00Z,2.038995163818022,21.7
2025-09-18T06:15:00Z,2.047042055794684,21.8
2025-09-18T06:30:00Z,2.047042055794684,21.8
2025-09-18T06:45:00Z,2.047042055794684,21.8
2025-09-18T07:00:00Z,2.029152644132978,21.9
2025-09-18T07:15:00Z,2.0357143239230098,21.9
2025-09-18T07:30:00Z,2.0258718042379655,21.8
2025-09-18T07:45:00Z,2.030637856319615,21.8
2025-09-18T08:00:00Z,2.030637856319615,21.8
2025-09-18T08:15:00Z,2.0371995361096396,21.8
2025-09-18T08:30:00Z,2.050322895689696,21.7
2025-09-18T08:45:00Z,2.1010207063015187,21.8
2025-09-18T09:00:00Z,2.1025059184881556,21.7
2025-09-18T09:15:00Z,2.0977398664064992,21.7
2025-09-18T09:30:00Z,2.0524289389198174,21.7
2025-09-18T09:45:00Z,2.0345395272581257,21.7
2025-09-18T10:00:00Z,2.0345395272581257,21.6
2025-09-18T10:15:00Z,2.044382046943163,21.7
2025-09-18T10:30:00Z,2.0411012070481434,21.7
2025-09-18T10:45:00Z,2.044382046943163,21.6
2025-09-18T11:00:00Z,2.0411012070481434,21.6
2025-09-18T11:15:00Z,2.0133692757014146,21.6
2025-09-18T11:30:00Z,2.0199309554914464,21.6
2025-09-18T11:45:00Z,2.010088435806402,21.6
2025-09-18T12:00:00Z,2.021416167678069,21.6
2025-09-18T12:15:00Z,2.0148544878880443,21.6
2025-09-18T12:30:00Z,2.016339700074681,21.6
2025-09-18T12:45:00Z,2.0261822197597184,21.6
2025-09-18T13:00:00Z,2.016339700074681,21.6
2025-09-18T13:15:00Z,2.0276674319463552,21.6
2025-09-18T13:30:00Z,2.0276674319463552,21.6
2025-09-18T13:45:00Z,2.024386592051343,21.6
2025-09-18T14:00:00Z,2.024386592051343,21.6
2025-09-18T14:15:00Z,2.0258718042379655,21.5
2025-09-18T14:30:00Z,2.0258718042379655,21.6
2025-09-18T14:45:00Z,2.030637856319615,21.6
2025-09-18T15:00:00Z,2.040480376004652,21.6
2025-09-18T15:15:00Z,2.040480376004652,21.6
2025-09-18T15:30:00Z,2.0485272679813065,21.6
2025-09-18T15:45:00Z,2.0583697876663507,21.6
2025-09-18T16:00:00Z,2.063135839747993,21.6
2025-09-18T16:15:00Z,2.051808107876319,21.6
2025-09-18T16:30:00Z,2.051808107876319,21.6
2025-09-18T16:45:00Z,2.051808107876319,21.6
2025-09-18T17:00:00Z,2.0583697876663507,21.6
2025-09-18T17:15:00Z,2.072978359433037,21.6
2025-09-18T17:30:00Z,2.072978359433037,21.6
2025-09-18T17:45:00Z,2.072978359433037,21.6
2025-09-18T18:00:00Z,2.061650627561363,21.6
2025-09-18T18:15:00Z,2.068212307351388,21.6
2025-09-18T18:30:00Z,2.0714931472464,21.6
2025-09-18T18:45:00Z,2.0714931472464,21.6
2025-09-18T19:00:00Z,2.078054827036425,21.6
2025-09-18T19:15:00Z,2.0813356669314373,21.6
2025-09-18T19:30:00Z,2.0813356669314373,21.6
2025-09-18T19:45:00Z,2.0765696148498023,21.6
2025-09-18T20:00:00Z,2.0864121345348323,21.6
2025-09-18T20:15:00Z,2.078365242558178,21.6
2025-09-18T20:30:00Z,2.078365242558178,21.6
2025-09-18T20:45:00Z,2.0849269223482025,21.6
2025-09-18T21:00:00Z,2.0735991904765356,21.6
2025-09-18T21:15:00Z,2.0735991904765356,21.6
2025-09-18T21:30:00Z,2.076880030371548,21.6
2025-09-18T21:45:00Z,2.0834417101615728,21.6
2025-09-18T22:00:00Z,2.0834417101615728,21.6
2025-09-18T22:15:00Z,2.0753948181849182,21.6
2025-09-18T22:30:00Z,2.0753948181849182,21.6
2025-09-18T22:45:00Z,2.0753948181849182,21.6
2025-09-18T23:00:00Z,2.064067086313244,21.6
2025-09-18T23:15:00Z,2.064067086313244,21.6
2025-09-18T23:30:00Z,2.0607862464182247,21.6
2025-09-18T23:45:00Z,2.0542245666282,21.6
2025-09-19T00:00:00Z,2.0542245666282,21.6
2025-09-19T00:15:00Z,2.0542245666282,21.6
2025-09-19T00:30:00Z,2.0509437267331876,21.5
2025-09-19T00:45:00Z,2.065552298499874,21.5
2025-09-19T01:00:00Z,2.065552298499874,21.5
2025-09-19T01:15:00Z,2.065552298499874,21.5
2025-09-19T01:30:00Z,2.0542245666282,21.5
2025-09-19T01:45:00Z,2.0607862464182247,21.5
2025-09-19T02:00:00Z,2.064067086313244,21.5
2025-09-19T02:15:00Z,2.070628766103262,21.5
2025-09-19T02:30:00Z,2.070628766103262,21.4
2025-09-19T02:45:00Z,2.070628766103262,21.4
2025-09-19T03:00:00Z,2.070628766103262,21.4
2025-09-19T03:15:00Z,2.069143553916639,21.5
2025-09-19T03:30:00Z,2.0724243938116587,21.5
2025-09-19T03:45:00Z,2.0724243938116587,21.5
2025-09-19T04:00:00Z,2.0789860736016763,21.5
2025-09-19T04:15:00Z,2.0822669134966887,21.5
2025-09-19T04:30:00Z,2.0888285932867205,21.5
2025-09-19T04:45:00Z,2.0888285932867205,21.5
2025-09-19T05:00:00Z,2.080781701310052,21.5
2025-09-19T05:15:00Z,2.090624220995096,21.5
2025-09-19T05:30:00Z,2.097185900785121,21.5
2025-09-19T05:45:00Z,2.107028420470165,21.5
2025-09-19T06:00:00Z,2.107028420470165,21.4
2025-09-19T06:15:00Z,2.116870940155202,21.4
2025-09-19T06:30:00Z,2.1186665678635848,21.5
2025-09-19T06:45:00Z,2.1186665678635848,21.4
2025-09-19T07:00:00Z,2.128509087548629,21.4
2025-09-19T07:15:00Z,2.1237430354669797,21.4
2025-09-19T07:30:00Z,2.1237430354669797,21.4
2025-09-19T07:45:00Z,2.127023875361992,21.3
2025-09-19T08:00:00Z,2.1255386631753552,21.3
2025-09-19T08:15:00Z,2.1255386631753552,21.2
2025-09-19T08:30:00Z,2.1353811828603995,21.2
2025-09-19T08:45:00Z,2.1452237025454366,21.2
2025-09-19T09:00:00Z,2.1550662222304737,21.2
2025-09-19T09:15:00Z,2.1503001701488316,21.2
2025-09-19T09:30:00Z,2.153581010043851,21.2
2025-09-19T09:45:00Z,2.153581010043851,21.1
2025-09-19T10:00:00Z,2.14225327817217,21.1
2025-09-19T10:15:00Z,2.158657477647232,21.2
2025-09-19T10:30:00Z,2.158657477647232,21.2
2025-09-19T10:45:00Z,2.1619383175422513,21.2
2025-09-19T11:00:00Z,2.1619383175422513,21.1
2025-09-19T11:15:00Z,2.157172265460602,21.1
2025-09-19T11:30:00Z,2.1619383175422513,21.1
2025-09-19T11:45:00Z,2.1717808372272813,21.1
2025-09-19T12:00:00Z,2.1717808372272813,21.1
2025-09-19T12:15:00Z,2.1881850367023503,21.3
2025-09-19T12:30:00Z,2.1816233569123185,21.2
2025-09-19T12:45:00Z,2.178342517017313,21.2
2025-09-19T13:00:00Z,2.1995127685740314,21.3
2025-09-19T13:15:00Z,2.1896702488889943,21.2
2025-09-19T13:30:00Z,2.1929510887839996,21.3
2025-09-19T13:45:00Z,2.1995127685740314,21.4
2025-09-19T14:00:00Z,2.202793608469044,21.3
2025-09-19T14:15:00Z,2.2141213403407107,21.3
2025-09-19T14:30:00Z,2.223963860025748,21.4
2025-09-19T14:45:00Z,2.235291591897422,21.4
2025-09-19T15:00:00Z,2.2418532716874537,21.4
2025-09-19T15:15:00Z,2.251695791372491,21.4
2025-09-19T15:30:00Z,2.245134111582466,21.4
2025-09-19T15:45:00Z,2.251695791372491,21.4
2025-09-19T16:00:00Z,2.261538311057528,21.4
2025-09-19T16:15:00Z,2.2713808307425722,21.4
2025-09-19T16:30:00Z,2.2859894025092586,21.5
2025-09-19T16:45:00Z,2.2925510822992834,21.5
2025-09-19T17:00:00Z,2.2958319221942958,21.5
2025-09-19T17:15:00Z,2.2958319221942958,21.9
2025-09-19T17:30:00Z,2.3122361216693577,21.6
2025-09-19T17:45:00Z,2.2958319221942958,21.5
2025-09-19T18:00:00Z,2.3122361216693577,21.6
2025-09-19T18:15:00Z,2.3009083897976836,21.6
2025-09-19T18:30:00Z,2.3009083897976836,21.6
2025-09-19T18:45:00Z,2.3253594812494143,21.7
2025-09-19T19:00:00Z,2.331921161039439,21.7
2025-09-19T19:15:00Z,2.3450445206194956,21.8
2025-09-19T19:30:00Z,2.3614487200945575,21.8
2025-09-19T19:45:00Z,2.374572079674607,21.9
2025-09-19T20:00:00Z,2.374572079674607,21.8
2025-09-19T20:15:00Z,2.3730868674879773,21.9
2025-09-19T20:30:00Z,2.379648547278002,21.9
2025-09-19T20:45:00Z,2.3814441749863775,22.1
2025-09-19T21:00:00Z,2.3504314037446363,21.7
2025-09-19T21:15:00Z,2.3504314037446363,21.7
2025-09-19T21:30:00Z,2.351916615931259,21.7
2025-09-19T21:45:00Z,2.356993083534661,21.9
2025-09-19T22:00:00Z,2.368320815406328,21.9
2025-09-19T22:15:00Z,2.3716016553013404,22
2025-09-19T22:30:00Z,2.3814441749863775,22
2025-09-19T22:45:00Z,2.378163335091365,22
2025-09-19T23:00:00Z,2.366835603219698,22.1
2025-09-19T23:15:00Z,2.366835603219698,22.1
2025-09-19T23:30:00Z,2.355507871348017,22.2
2025-09-19T23:45:00Z,2.3587887112430295,22.1
2025-09-20T00:00:00Z,2.3653503910330613,22.2
2025-09-20T00:15:00Z,2.3587887112430295,22.2
2025-09-20T00:30:00Z,2.3489461915579923,22.2
2025-09-20T00:45:00Z,2.339103671872955,22.2
2025-09-20T01:00:00Z,2.339103671872955,22.1
2025-09-20T01:15:00Z,2.335822831977943,22.2
2025-09-20T01:30:00Z,2.319418632502874,22.1
2025-09-20T01:45:00Z,2.3062952729228243,22
2025-09-20T02:00:00Z,2.29645275323778,22
2025-09-20T02:15:00Z,2.2898910734477624,22.1
2025-09-20T02:30:00Z,2.2898910734477624,22.1
2025-09-20T02:45:00Z,2.286610233552743,22.1
2025-09-20T03:00:00Z,2.2767677138676987,22.1
2025-09-20T03:15:00Z,2.2767677138676987,22.1
2025-09-20T03:30:00Z,2.258878302206014,22.1
2025-09-20T03:45:00Z,2.2555974623109947,22.1
2025-09-20T04:00:00Z,2.260363514392637,22.1
2025-09-20T04:15:00Z,2.260363514392637,22.1
2025-09-20T04:30:00Z,2.2457549426259646,22.1
2025-09-20T04:45:00Z,2.24903578252097,22.1
2025-09-20T05:00:00Z,2.2555974623109947,22.1
2025-09-20T05:15:00Z,2.2555974623109947,22.1
2025-09-20T05:30:00Z,2.2555974623109947,22.1
2025-09-20T05:45:00Z,2.24755057033434,22.1
2025-09-20T06:00:00Z,2.2442697304393207,22.1
2025-09-20T06:15:00Z,2.2442697304393207,22.1
2025-09-20T06:30:00Z,2.2329419985676537,22.1
2025-09-20T06:45:00Z,2.215052586905955,22
2025-09-20T07:00:00Z,2.2216142666959797,22
2025-09-20T07:15:00Z,2.215052586905955,22
2025-09-20T07:30:00Z,2.2216142666959797,22
2025-09-20T07:45:00Z,2.213567374719325,22
2025-09-20T08:00:00Z,2.202239642847651,22
2025-09-20T08:15:00Z,2.1891162832676017,21.9
2025-09-20T08:30:00Z,2.1989588029526317,21.9
2025-09-20T08:45:00Z,2.1891162832676017,21.9
2025-09-20T09:00:00Z,2.1876310710809648,21.9
2025-09-20T09:15:00Z,2.1909119109759843,21.9
2025-09-20T09:30:00Z,2.1909119109759843,21.9
2025-09-20T09:45:00Z,2.1909119109759843,21.9
2025-09-20T10:00:00Z,2.1763033392092908,21.9
2025-09-20T10:15:00Z,2.195988378579372,22.1
2025-09-20T10:30:00Z,2.1945031663927352,22.1
2025-09-20T10:45:00Z,2.195988378579372,22
2025-09-20T11:00:00Z,2.195988378579372,22
2025-09-20T11:15:00Z,2.2058308982644093,22
2025-09-20T11:30:00Z,2.2058308982644093,22
2025-09-20T11:45:00Z,2.2353584573195278,22.4
2025-09-20T12:00:00Z,2.23863929721454,22.3
2025-09-20T12:15:00Z,2.249967029086214,22.2
2025-09-20T12:30:00Z,2.249967029086214,22.2
2025-09-20T12:45:00Z,2.249967029086214,22.2
2025-09-20T13:00:00Z,2.240124509401177,22.1
2025-09-20T13:15:00Z,2.267856440747913,22.2
2025-09-20T13:30:00Z,2.272622492829555,22.1
2025-09-20T13:45:00Z,2.2937927443862733,22.2
2025-09-20T14:00:00Z,2.3101969438613352,22.2
2025-09-20T14:15:00Z,2.3215246757330092,22.2
2025-09-20T14:30:00Z,2.3248055156280216,22.2
2025-09-20T14:45:00Z,2.3248055156280216,22.2
2025-09-20T15:00:00Z,2.334648035313066,22.3
2025-09-20T15:15:00Z,2.3412097151030906,22.3
2025-09-20T15:30:00Z,2.344490554998103,22.3
2025-09-20T15:45:00Z,2.35581828686977,22.3
2025-09-20T16:00:00Z,2.373707698531476,22.3
2025-09-20T16:15:00Z,2.376988538426481,22.3
2025-09-20T16:30:00Z,2.383550218216513,22.4
2025-09-20T16:45:00Z,2.398158789983192,22.4
2025-09-20T17:00:00Z,2.404720469773217,22.4
2025-09-20T17:15:00Z,2.414562989458261,22.5
2025-09-20T17:30:00Z,2.4291715612249476,22.5
2025-09-20T17:45:00Z,2.439014080909992,22.5
2025-09-20T18:00:00Z,2.448856600595029,22.6
2025-09-20T18:15:00Z,2.4554182803850537,22.6
2025-09-20T18:30:00Z,2.4685416399651103,22.7
2025-09-20T18:45:00Z,2.4995544112068515,22.8
2025-09-20T19:00:00Z,2.5159586106819205,22.9
2025-09-20T19:15:00Z,NA,22.9
2025-09-20T19:30:00Z,2.545486169737039,23
2025-09-20T19:45:00Z,2.555328689422076,23
2025-09-20T20:00:00Z,2.5750137287921575,23.1
2025-09-20T20:15:00Z,2.57829456868717,23.1
2025-09-20T20:30:00Z,2.5979796080572513,23.2
2025-09-20T20:45:00Z,2.593213555975602,23.2
2025-09-20T21:00:00Z,2.5964943958706215,23.4
2025-09-20T21:15:00Z,2.604541287847269,23.4
2025-09-20T21:30:00Z,2.593213555975602,23.4
2025-09-20T21:45:00Z,2.5866518761855843,23.3
2025-09-20T22:00:00Z,2.5866518761855843,23.4
2025-09-20T22:15:00Z,2.583371036290572,23.5
2025-09-20T22:30:00Z,2.566966836815503,23.5
2025-09-20T22:45:00Z,2.5636859969204906,23.6
2025-09-20T23:00:00Z,2.5440009575504092,23.6
2025-09-20T23:15:00Z,2.524315918180328,23.5
2025-09-20T23:30:00Z,2.5258011303669576,23.5
2025-09-20T23:45:00Z,2.5093969308918886,23.5
2025-09-21T00:00:00Z,2.4995544112068515,23.5
2025-09-21T00:15:00Z,2.486431051626802,23.5
2025-09-21T00:30:00Z,2.47002685215174,23.5
2025-09-21T00:45:00Z,2.460184332466696,23.5
2025-09-21T01:00:00Z,2.4503418127816587,23.5
2025-09-21T01:15:00Z,2.4372184532016092,23.5
2025-09-21T01:30:00Z,2.417533413831528,23.4
2025-09-21T01:45:00Z,2.389801482484792,23.4
2025-09-21T02:00:00Z,2.3912866946714217,23.4
2025-09-21T02:15:00Z,2.3814441749863775,23.4
2025-09-21T02:30:00Z,2.379648547278002,23.4
2025-09-21T02:45:00Z,2.369806027592965,23.3
2025-09-21T03:00:00Z,2.353401828117896,23.3
2025-09-21T03:15:00Z,2.3501209882228835,23.3
2025-09-21T03:30:00Z,2.3337167887478216,23.3
2025-09-21T03:45:00Z,2.320593429167765,23.2
2025-09-21T04:00:00Z,2.3107509094827208,23.2
2025-09-21T04:15:00Z,2.3009083897976836,23.2
2025-09-21T04:30:00Z,2.305674441879333,23.2
2025-09-21T04:45:00Z,2.3023936019843276,23.1
2025-09-21T05:00:00Z,2.3023936019843276,23.1
2025-09-21T05:15:00Z,2.2910658701126536,23.1
2025-09-21T05:30:00Z,2.2845041903226218,23.1
2025-09-21T05:45:00Z,2.2812233504276094,23
2025-09-21T06:00:00Z,2.2698956185559354,23
2025-09-21T06:15:00Z,2.2585678866842684,23
2025-09-21T06:30:00Z,2.2585678866842684,23
2025-09-21T06:45:00Z,2.238882847314187,22.9
2025-09-21T07:00:00Z,2.227555115442506,22.9
2025-09-21T07:15:00Z,2.220993435652481,22.9
2025-09-21T07:30:00Z,2.227555115442506,22.9
2025-09-21T07:45:00Z,2.211150915967444,22.8
2025-09-21T07:45:00Z,2.211150915967444,22.8
2025-09-21T08:00:00Z,2.217712595757469,22.8
2025-09-21T08:15:00Z,2.211150915967444,22.8
2025-09-21T08:30:00Z,2.1965423442007648,22.8
2025-09-21T08:45:00Z,2.1980275563873874,22.6
2025-09-21T09:00:00Z,2.1604531053556144,22.6
2025-09-21T09:15:00Z,2.1374872260905278,22.5
2025-09-21T09:30:00Z,2.1276447064054835,22.4
2025-09-21T09:45:00Z,2.1374872260905278,22.5
2025-09-21T10:00:00Z,2.1619383175422513,22.5
2025-09-21T10:15:00Z,2.178342517017313,22.5
2025-09-21T10:30:00Z,2.1816233569123185,22.5
2025-09-21T10:45:00Z,2.1702956250406515,22.5
2025-09-21T11:00:00Z,2.1589678931689775,22.5
2025-09-21T11:15:00Z,2.1476401612973106,22.4
2025-09-21T11:30:00Z,2.157482680982355,22.5
2025-09-21T11:45:00Z,2.167325200667392,22.5
2025-09-21T12:00:00Z,2.188495452224103,22.5
2025-09-21T12:15:00Z,2.2147421713842093,22.6
2025-09-21T12:30:00Z,2.2245846910692464,22.5
2025-09-21T12:45:00Z,2.2180230112792216,22.5
2025-09-21T13:00:00Z,2.2195082234658514,23
2025-09-21T13:15:00Z,2.3474609793713626,23.9
2025-09-21T13:30:00Z,2.34418013947635,23.4
2025-09-21T13:45:00Z,2.339103671872955,23.1
2025-09-21T14:00:00Z,2.330746364374555,22.9
2025-09-21T14:15:00Z,2.3387932563512095,22.9
2025-09-21T14:30:00Z,2.3322315765611847,22.8
2025-09-21T14:45:00Z,2.3322315765611847,22.8
2025-09-21T15:00:00Z,2.3501209882228835,22.8
2025-09-21T15:15:00Z,2.3614487200945575,22.8
2025-09-21T15:30:00Z,2.374572079674607,22.8
2025-09-21T15:45:00Z,2.395742331231318,22.9
2025-09-21T16:00:00Z,2.402304011021343,22.9
2025-09-21T16:15:00Z,2.4267551024730665,22.9
2025-09-21T16:30:00Z,2.4431593019481355,23
2025-09-21T16:45:00Z,2.472686861003254,23.1
2025-09-21T17:00:00Z,2.5069804721400146,23.2
2025-09-21T17:15:00Z,2.5332271913001136,23.2
2025-09-21T17:30:00Z,2.5725972700402764,23.5
2025-09-21T17:45:00Z,2.6316523881505134,23.7
2025-09-21T18:00:00Z,2.6644607871006443,23.7
2025-09-21T18:15:00Z,2.720235065315862,23.8
2025-09-21T18:30:00Z,2.762885983951037,23.9
2025-09-21T18:45:00Z,2.7924135430061554,24
2025-09-21T19:00:00Z,2.8120985823762368,24.1
2025-09-21T19:15:00Z,2.8285027818512987,24.2
2025-09-21T19:30:00Z,2.820455889874644,24.3
2025-09-21T19:45:00Z,2.8171750499796318,24.4
2025-09-21T20:00:00Z,2.7909283308195256,24.5
2025-09-21T20:15:00Z,2.750073039892733,24.6
2025-09-21T20:30:00Z,2.707422121257565,24.6
2025-09-21T20:45:00Z,2.6418053233573033,24.6
2025-09-21T21:00:00Z,2.6089969244071725,24.6
2025-09-21T21:15:00Z,2.563065165876985,24.6
2025-09-21T21:30:00Z,2.530256766926854,24.5
2025-09-21T21:45:00Z,2.494167528081711,24.5
2025-09-21T22:00:00Z,2.4646399690265923,24.5
2025-09-21T22:15:00Z,2.4318315700764614,24.4
2025-09-21T22:30:00Z,2.390976279149676,24.3
2025-09-21T22:45:00Z,2.3662147721761997,24.2
2025-09-21T23:00:00Z,2.336687213121081,24.2
2025-09-21T23:15:00Z,2.317002173751,24.1
2025-09-21T23:30:00Z,2.294036294485913,24
2025-09-21T23:45:00Z,2.267789575325807,23.9
2025-09-22T00:00:00Z,2.2561514279323873,23.8
2025-09-22T00:15:00Z,2.24630890824735,23.8
2025-09-22T00:30:00Z,2.236466388562306,23.7
2025-09-22T00:45:00Z,2.241232440643955,23.6
2025-09-22T01:00:00Z,2.247794120433973,23.6
2025-09-22T01:15:00Z,2.241232440643955,23.6
2025-09-22T01:30:00Z,2.2281090810638986,23.6
2025-09-22T01:45:00Z,2.2182665613788544,23.5
2025-09-22T02:00:00Z,2.2117048815888296,23.5
2025-09-22T02:15:00Z,2.188739002323743,23.4
2025-09-22T02:30:00Z,2.172334802848674,23.4
2025-09-22T02:45:00Z,2.1592114432686245,23.3
2025-09-22T03:00:00Z,2.139526403898543,23.2
2025-09-22T03:15:00Z,2.14101161608518,23.1
2025-09-22T03:30:00Z,2.1442924559801924,23.1
2025-09-22T03:45:00Z,2.14101161608518,23.1
2025-09-22T03:45:00Z,2.14101161608518,23.1
2025-09-22T04:00:00Z,2.14101161608518,23
2025-09-22T04:15:00Z,2.14101161608518,23
2025-09-22T04:15:00Z,2.14101161608518,23
2025-09-22T04:30:00Z,2.1541349756652295,23
2025-09-22T04:30:00Z,2.1541349756652295,23
2025-09-22T04:45:00Z,2.150854135770217,22.9
2025-09-22T05:00:00Z,2.1541349756652295,22.9
2025-09-22T05:15:00Z,2.1606966554552542,22.9
2025-09-22T05:30:00Z,2.1526497634785926,22.9
2025-09-22T05:45:00Z,2.1493689235835802,22.8
2025-09-22T06:00:00Z,2.1690539629536616,22.9
2025-09-22T06:15:00Z,2.1577262310819947,22.8
2025-09-22T06:30:00Z,2.1690539629536616,22.8
2025-09-22T06:45:00Z,2.1690539629536616,22.7
2025-09-22T07:00:00Z,2.1577262310819947,22.6
2025-09-22T07:15:00Z,2.1463984992103207,22.6
2025-09-22T07:30:00Z,2.149679339105333,22.7
2025-09-22T07:45:00Z,2.15952185879037,22.6
2025-09-22T08:00:00Z,2.15952185879037,22.6
2025-09-22T08:15:00Z,2.1693643784754144,22.6
2025-09-22T08:30:00Z,2.1792068981604515,22.5
2025-09-22T08:45:00Z,2.1792068981604515,22.5
2025-09-22T09:00:00Z,2.175926058265432,22.4
2025-09-22T09:15:00Z,2.1678791662887846,22.4
2025-09-22T09:30:00Z,2.1565514344171106,22.3
2025-09-22T09:45:00Z,2.1631131142071354,22.3
2025-09-22T10:00:00Z,2.1631131142071354,22.3
2025-09-22T10:15:00Z,2.176236473787192,22.4
2025-09-22T10:30:00Z,2.1827981535772167,22.4
2025-09-22T10:45:00Z,2.192640673262254,22.5
2025-09-22T11:00:00Z,2.202483192947291,22.5
2025-09-22T11:15:00Z,2.2269342843990145,22.6
2025-09-22T11:30:00Z,2.2448236960607133,22.5
2025-09-22T11:45:00Z,2.257947055640763,22.6
2025-09-22T12:00:00Z,2.2645087354307947,22.5
2025-09-22T12:00:00Z,2.2645087354307947,22.5
2025-09-22T12:15:00Z,2.295521506672543,22.6
2025-09-22T12:30:00Z,2.328329905622674,22.8
2025-09-22T12:45:00Z,2.328329905622674,22.8
2025-09-22T13:00:00Z,2.3348915854126986,22.8
2025-09-22T13:15:00Z,2.3560618369694026,22.8
2025-09-22T13:30:00Z,2.359342676864422,22.8
2025-09-22T13:45:00Z,2.3691851965494664,22.8
2025-09-22T14:00:00Z,2.377232088526121,22.7
2025-09-22T14:15:00Z,2.388559820397795,22.7
2025-09-22T14:30:00Z,2.4016831799778515,22.8
2025-09-22T14:45:00Z,2.4130109118495184,22.8
2025-09-22T15:00:00Z,2.409730071954499,22.7
2025-09-22T15:15:00Z,2.4407428431962543,22.8
2025-09-22T15:30:00Z,2.4341811634062296,22.8
2025-09-22T15:45:00Z,2.4341811634062296,22.7
2025-09-22T16:00:00Z,2.4407428431962543,22.9
2025-09-22T16:15:00Z,2.4341811634062296,22.9
2025-09-22T16:30:00Z,2.4520705750679213,22.9
2025-09-22T16:45:00Z,2.4520705750679213,22.9
2025-09-22T17:00:00Z,2.4830833463096766,23
2025-09-22T17:15:00Z,2.4929258659947138,23
2025-09-22T17:30:00Z,2.502768385679751,23
2025-09-22T17:45:00Z,2.5060492255747633,23
2025-09-22T18:00:00Z,2.502768385679751,23
2025-09-22T18:15:00Z,2.512610905364795,23.2
2025-09-22T18:30:00Z,2.5111256931781583,23.2
2025-09-22T18:45:00Z,2.5322959447348765,23.2
2025-09-22T19:00:00Z,2.5421384644199136,23.3
2025-09-22T19:15:00Z,2.5158917452598075,23
2025-09-22T19:30:00Z,2.491440653808077,23
2025-09-22T19:45:00Z,2.4947214937030893,23
2025-09-22T20:00:00Z,2.484878974018052,22.9
2025-09-22T20:15:00Z,2.491440653808077,23.1
2025-09-22T20:30:00Z,2.4815981341230398,23
2025-09-22T20:45:00Z,2.453866202776304,23
2025-09-22T21:00:00Z,2.453866202776304,23
2025-09-22T21:15:00Z,2.453866202776304,23
2025-09-22T21:30:00Z,2.4326959512195927,23
2025-09-22T21:45:00Z,2.419572591639543,22.9
2025-09-22T22:00:00Z,2.419572591639543,22.9
2025-09-22T22:15:00Z,2.3918406602928144,22.9
2025-09-22T22:30:00Z,2.393325872479437,22.9
2025-09-22T22:45:00Z,2.409730071954499,23.1
2025-09-22T23:00:00Z,2.409730071954499,23.1
2025-09-22T23:15:00Z,2.411215284141136,23
2025-09-22T23:30:00Z,2.4144961240361553,23
2025-09-22T23:30:00Z,2.4144961240361553,23
2025-09-22T23:45:00Z,2.394811084666074,23
2025-09-23T00:00:00Z,2.37184520540098,23
2025-09-23T00:15:00Z,2.3652835256109555,23.1
2025-09-23T00:30:00Z,2.350674953844269,23.1
2025-09-23T00:45:00Z,2.352160166030899,23.1
2025-09-23T01:00:00Z,2.335755966555837,23.1
2025-09-23T01:15:00Z,2.3145857149991187,23.1
2025-09-23T01:30:00Z,2.301462355419069,23.1
2025-09-23T01:30:00Z,2.301462355419069,23.1
2025-09-23T01:45:00Z,2.291619835734032,23.1
2025-09-23T02:00:00Z,2.286543368130644,23.1
2025-09-23T02:00:00Z,2.286543368130644,23.1
2025-09-23T02:15:00Z,2.293105047920662,23.1
2025-09-23T02:30:00Z,2.2767008484456,23
2025-09-23T02:45:00Z,2.2847477404222545,23
2025-09-23T03:00:00Z,2.2781860606322297,23
2025-09-23T03:15:00Z,2.2749052207372102,23
2025-09-23T03:30:00Z,2.265062701052173,23
2025-09-23T03:45:00Z,2.265062701052173,23
2025-09-23T04:00:00Z,2.265062701052173,23
2025-09-23T04:15:00Z,2.2683435409471855,23
2025-09-23T04:30:00Z,2.2683435409471855,23
2025-09-23T04:45:00Z,2.2585010212621484,22.9
2025-09-23T05:00:00Z,2.2486585015771112,22.8
2025-09-23T05:15:00Z,2.2274882500204,22.7
2025-09-23T05:30:00Z,2.2373307697054443,22.8
2025-09-23T05:45:00Z,2.243892449495462,22.8
2025-09-23T06:00:00Z,2.2471732893904814,22.8
2025-09-23T06:15:00Z,2.253734969180506,22.8
2025-09-23T06:30:00Z,2.255530596888889,22.8
2025-09-23T06:45:00Z,2.255530596888889,22.7
2025-09-23T07:00:00Z,2.255530596888889,22.7
2025-09-23T07:15:00Z,2.2310795054371653,22.7
2025-09-23T07:30:00Z,2.2230326134605036,22.7
2025-09-23T07:45:00Z,2.2131900937754665,22.6
2025-09-23T08:00:00Z,2.1920198422187553,22.4
2025-09-23T08:15:00Z,2.2131900937754665,22.5
2025-09-23T08:30:00Z,2.2033475740904294,22.4
2025-09-23T08:45:00Z,2.2084240416938172,22.5
2025-09-23T09:00:00Z,2.2197517735654912,22.4
2025-09-23T09:15:00Z,2.2182665613788544,22.4
2025-09-23T09:30:00Z,2.221547401273874,22.4
2025-09-23T09:45:00Z,2.2182665613788544,22.3
2025-09-23T10:00:00Z,2.247794120433973,22.4
2025-09-23T10:15:00Z,2.2609174800140224,22.4
2025-09-23T10:30:00Z,2.2707599996990666,22.4
2025-09-23T10:45:00Z,2.2773216794890914,22.4
2025-09-23T11:00:00Z,2.2970067188591727,22.5
2025-09-23T11:15:00Z,2.30684923854421,22.5
2025-09-23T11:30:00Z,2.3265342779142912,22.5
2025-09-23T11:45:00Z,2.3363767975993355,22.5
2025-09-23T12:00:00Z,2.3298151178093036,22.4
2025-09-23T12:15:00Z,2.3363767975993355,22.5
2025-09-23T12:30:00Z,2.328329905622674,22.5
2025-09-23T12:45:00Z,2.349500157179385,22.5
2025-09-23T13:00:00Z,2.359342676864422,22.5
2025-09-23T13:15:00Z,2.387074608211158,22.6
2025-09-23T13:30:00Z,2.4016831799778515,22.6
2025-09-23T13:45:00Z,2.4115256996628887,22.6
2025-09-23T14:00:00Z,2.421368219347926,22.6
2025-09-23T14:15:00Z,2.431210739032963,22.6
2025-09-23T14:30:00Z,2.441053258718007,22.7
2025-09-23T14:45:00Z,2.4508957784030443,22.6
2025-09-23T15:00:00Z,2.4771424975631504,22.8
2025-09-23T15:15:00Z,2.4884702294348173,22.7
2025-09-23T15:30:00Z,2.500108376828244,22.7
2025-09-23T15:45:00Z,2.517997788489936,22.7
2025-09-23T16:00:00Z,2.5475253475450543,22.8
2025-09-23T16:15:00Z,2.580333746495185,23
2025-09-23T16:30:00Z,2.577052906600173,22.9
2025-09-23T16:45:00Z,2.6164229853403285,23
2025-09-23T17:00:00Z,2.629546344920378,23
2025-09-23T17:15:00Z,2.6379036524187924,22.9
2025-09-23T17:30:00Z,2.6853206231356097,23.1
2025-09-23T17:45:00Z,2.698443982715659,23.1
2025-09-23T18:00:00Z,2.7181290220857406,23.3
2025-09-23T18:15:00Z,2.7246907018757582,23.1
2025-09-23T18:30:00Z,2.7345332215608025,23.1
2025-09-23T18:45:00Z,2.747656581140852,23.2
2025-09-23T19:00:00Z,2.736328849269185,23.2
2025-09-23T19:15:00Z,2.752733048744254,23.2
2025-09-23T19:30:00Z,2.7545286764526296,23.2
2025-09-23T19:45:00Z,2.7545286764526296,23.2
2025-09-23T20:00:00Z,2.739920104685943,23.2
2025-09-23T20:15:00Z,2.7220306930242515,23.3
2025-09-23T20:30:00Z,2.707422121257565,23.3
2025-09-23T20:45:00Z,2.7107029611525775,23.3
2025-09-23T21:00:00Z,2.7271071606276465,23.3
2025-09-23T21:15:00Z,2.7369496803126836,23.4
2025-09-23T21:30:00Z,2.740230520207696,23.4
2025-09-23T21:45:00Z,2.7059369090709353,23.4
2025-09-23T22:00:00Z,2.6767197655375625,23.1
2025-09-23T22:15:00Z,2.7506938709362316,23.6
2025-09-23T22:30:00Z,2.701481272511039,23.2
2025-09-23T22:45:00Z,2.7536642953094983,23.6
2025-09-23T23:00:00Z,2.732494043752787,23.4
2025-09-23T23:15:00Z,2.7280384071928836,23.4
2025-09-23T23:30:00Z,2.7918595773847628,23.5
2025-09-23T23:45:00Z,2.8210767209181427,23.4
2025-09-24T00:00:00Z,2.834200080498192,23.5
2025-09-24T00:00:00Z,2.834200080498192,23.5
2025-09-24T00:15:00Z,2.842246972474854,23.4
2025-09-24T00:30:00Z,2.819591508731513,23.5
2025-09-24T00:45:00Z,2.824357560813148,23.5
2025-09-24T01:00:00Z,2.850604279973261,23.5
2025-09-24T01:15:00Z,2.83091924060318,23.5
2025-09-24T01:30:00Z,2.8013916815480613,23.5
2025-09-24T01:45:00Z,2.7736597502013325,23.6
2025-09-24T02:00:00Z,2.726553195006254,23.6
2025-09-24T02:15:00Z,2.74264697895957,23.5
2025-09-24T02:30:00Z,2.753974710831251,23.6
2025-09-24T02:45:00Z,2.7620216028078985,23.5
2025-09-24T03:00:00Z,2.7620216028078985,23.6
2025-09-24T03:15:00Z,2.7569451352045107,23.6
2025-09-24T03:30:00Z,2.7423365634378243,23.6
2025-09-24T03:45:00Z,2.7342896714611697,23.6
2025-09-24T04:00:00Z,2.7342896714611697,23.6
2025-09-24T04:15:00Z,2.7456174033328367,23.6
2025-09-24T04:30:00Z,2.7211663118811202,23.6
2025-09-24T04:45:00Z,2.7211663118811202,23.6
2025-09-24T05:00:00Z,2.699996060324402,23.4
2025-09-24T05:15:00Z,2.69343438053437,23.4
2025-09-24T05:30:00Z,2.699996060324402,23.5
2025-09-24T05:45:00Z,2.682106648662703,23.5
2025-09-24T06:00:00Z,2.672264128977666,23.5
2025-09-24T06:15:00Z,2.672264128977666,23.5
2025-09-24T06:30:00Z,2.678825808767691,23.5
2025-09-24T06:45:00Z,2.678825808767691,23.5
2025-09-24T07:00:00Z,2.672264128977666,23.5
2025-09-24T07:15:00Z,2.6689832890826537,23.5
2025-09-24T07:30:00Z,2.6576555572109797,23.5
2025-09-24T07:45:00Z,2.65617034502435,23.5
2025-09-24T08:00:00Z,2.649608665234325,23.5
2025-09-24T08:15:00Z,2.6594511849193623,23.5
2025-09-24T08:30:00Z,2.6594511849193623,23.5
2025-09-24T08:45:00Z,2.6594511849193623,23.5
2025-09-24T09:00:00Z,2.65468513283772,23.4
2025-09-24T09:15:00Z,2.643357400966046,23.4
2025-09-24T09:30:00Z,2.6466382408610514,23.5
2025-09-24T09:45:00Z,2.643357400966046,23.5
2025-09-24T10:00:00Z,2.615625469619303,23.4
2025-09-24T10:15:00Z,2.6254679893043402,23.5
2025-09-24T10:30:00Z,2.601016897852624,23.4
2025-09-24T10:45:00Z,2.523761952558935,23.6
2025-09-24T11:00:00Z,2.497515233398829,23.4
2025-09-24T11:15:00Z,2.487672713713792,23.5
2025-09-24T11:30:00Z,2.4843918738187796,23.5
2025-09-24T11:45:00Z,2.4793154062153846,23.5
2025-09-24T12:00:00Z,2.4694728865303475,23.5
2025-09-24T12:15:00Z,2.467677258821965,23.5
2025-09-24T12:30:00Z,2.4578347391369277,23.5
2025-09-24T12:45:00Z,2.4414305396618587,23.5
2025-09-24T13:00:00Z,2.4315880199768216,23.5
2025-09-24T13:15:00Z,2.4283071800818092,23.5
2025-09-24T13:30:00Z,2.4283071800818092,23.5
2025-09-24T13:45:00Z,2.419949872583402,23.5
2025-09-24T14:00:00Z,2.419949872583402,23.5
2025-09-24T14:15:00Z,2.4101073528983648,23.5
2025-09-24T14:30:00Z,2.40354567310834,23.5
2025-09-24T14:45:00Z,2.4050308852949698,23.5
2025-09-24T15:00:00Z,2.4017500453999503,23.5
2025-09-24T15:15:00Z,2.3951883656099255,23.5
2025-09-24T15:30:00Z,2.3951883656099255,23.5
2025-09-24T15:45:00Z,2.3853458459248884,23.5
2025-09-24T16:00:00Z,2.382065006029876,23.5
2025-09-24T16:15:00Z,2.372222486344839,23.5
2025-09-24T16:30:00Z,2.373707698531476,23.5
2025-09-24T16:45:00Z,2.3525374469747575,23.5
2025-09-24T17:00:00Z,2.3525374469747575,23.5
2025-09-24T17:15:00Z,2.3459757671847328,23.5
2025-09-24T17:30:00Z,2.357303499056407,23.5
2025-09-24T17:45:00Z,2.3540226591613944,23.5
2025-09-24T18:00:00Z,2.34418013947635,23.5
2025-09-24T18:15:00Z,2.334337619791313,23.5
2025-09-24T18:30:00Z,2.3277759400012883,23.5
2025-09-24T18:45:00Z,2.3277759400012883,23.5
2025-09-24T19:00:00Z,2.334337619791313,23.5
2025-09-24T19:15:00Z,2.3489461915579923,23.5
2025-09-24T19:30:00Z,2.34566535166298,23.5
2025-09-24T19:45:00Z,2.334337619791313,23.5
2025-09-24T20:00:00Z,2.324495100106276,23.5
2025-09-24T20:15:00Z,2.313167368234602,23.5
2025-09-24T20:30:00Z,2.3164482081296143,23.6
2025-09-24T20:45:00Z,2.323009887919639,23.6
2025-09-24T21:00:00Z,2.3164482081296143,23.6
2025-09-24T21:15:00Z,2.3164482081296143,23.6
2025-09-24T21:30:00Z,2.313167368234602,23.6
2025-09-24T21:45:00Z,2.295277956572903,23.6
2025-09-24T22:00:00Z,2.2919971166778907,23.6
2025-09-24T22:15:00Z,2.285435436887866,23.6
2025-09-24T22:30:00Z,2.2821545969928536,23.6
2025-09-24T22:45:00Z,2.2934823288645205,23.6
2025-09-24T23:00:00Z,2.2934823288645205,23.6
2025-09-24T23:15:00Z,2.2836398091794834,23.6
2025-09-24T23:30:00Z,2.2836398091794834,23.6
2025-09-24T23:45:00Z,2.273797289494439,23.6
2025-09-25T00:00:00Z,2.2460653581477104,23.6
2025-09-25T00:15:00Z,2.254112250124358,23.6
2025-09-25T00:30:00Z,2.2573930900193773,23.6
2025-09-25T00:45:00Z,2.24755057033434,23.6
2025-09-25T01:00:00Z,2.24755057033434,23.6
2025-09-25T01:15:00Z,2.237708050649296,23.6
2025-09-25T01:30:00Z,2.226380318777629,23.6
2025-09-25T01:45:00Z,2.2230994788826237,23.6
2025-09-25T02:00:00Z,2.216537799092592,23.6
2025-09-25T02:15:00Z,2.216537799092592,23.6
2025-09-25T02:30:00Z,2.216537799092592,23.6
2025-09-25T02:45:00Z,2.2066952794075547,23.6
2025-09-25T03:00:00Z,2.2132569591975795,23.6
2025-09-25T03:15:00Z,2.2132569591975795,23.6
2025-09-25T03:30:00Z,2.1953675475358807,23.6
2025-09-25T03:45:00Z,2.1870102400374734,23.5
2025-09-25T04:00:00Z,2.165839988480762,23.6
2025-09-25T04:15:00Z,2.144669736924044,23.6
2025-09-25T04:30:00Z,2.1527166289007056,23.6
2025-09-25T04:45:00Z,2.1428741092156685,23.5
2025-09-25T05:00:00Z,2.1428741092156685,23.5
2025-09-25T05:15:00Z,2.1527166289007056,23.6
2025-09-25T05:30:00Z,2.146154949110681,23.6
2025-09-25T05:45:00Z,2.1363124294256366,23.5
2025-09-25T06:00:00Z,2.1330315895306313,23.5
2025-09-25T06:15:00Z,2.1363124294256366,23.5
2025-09-25T06:30:00Z,2.1249846975539626,23.5
2025-09-25T06:45:00Z,2.1315463773439944,23.5
2025-09-25T07:00:00Z,2.1363124294256366,23.5
2025-09-25T07:15:00Z,2.1315463773439944,23.5
2025-09-25T07:30:00Z,2.1136569656822886,23.5
2025-09-25T07:45:00Z,2.1136569656822886,23.5
2025-09-25T08:00:00Z,2.0990483939156164,23.4
2025-09-25T08:15:00Z,2.0924867141255845,23.4
2025-09-25T08:30:00Z,2.0924867141255845,23.5
2025-09-25T08:45:00Z,2.077878142358898,23.5
2025-09-25T09:00:00Z,2.077878142358898,23.5
2025-09-25T09:15:00Z,2.077878142358898,23.5
2025-09-25T09:30:00Z,2.0713164625688805,23.5
2025-09-25T09:45:00Z,2.068035622673861,23.5
2025-09-25T10:00:00Z,2.0614739428838362,23.5
2025-09-25T10:15:00Z,2.058193102988824,23.5
2025-09-25T10:30:00Z,2.041788903513755,23.4
2025-09-25T10:45:00Z,2.041788903513755,23.3
2025-09-25T11:00:00Z,2.041788903513755,23.4
2025-09-25T11:15:00Z,2.0432741157003917,23.4
2025-09-25T11:30:00Z,2.0221038641436806,23.4
2025-09-25T11:45:00Z,2.0024188247735992,23.4
2025-09-25T12:00:00Z,1.9991379848785868,23.4
2025-09-25T12:15:00Z,2.010465716750261,23.4
2025-09-25T12:30:00Z,2.021793448621928,23.4
2025-09-25T12:45:00Z,2.016716981018533,23.3
2025-09-25T13:00:00Z,2.0134361411235204,23.4
2025-09-25T13:15:00Z,2.0134361411235204,23.5
2025-09-25T13:30:00Z,2.0068744613334957,23.5
2025-09-25T13:45:00Z,2.0149213533101573,23.5
2025-09-25T14:00:00Z,2.00507883362512,23.5
2025-09-25T14:15:00Z,1.995236313940076,23.5
2025-09-25T14:30:00Z,1.9967215261267128,23.5
2025-09-25T14:45:00Z,1.990159846336681,23.5
2025-09-25T15:00:00Z,1.9868790064416757,23.5
2025-09-25T15:15:00Z,1.9818025388382807,23.5
2025-09-25T15:30:00Z,1.9719600191532365,23.5
2025-09-25T15:45:00Z,1.9832877510249105,23.5
2025-09-25T16:00:00Z,1.980006911129891,23.5
2025-09-25T16:15:00Z,1.9734452313398734,23.5
2025-09-25T16:30:00Z,1.974930443526496,23.5
2025-09-25T16:45:00Z,1.9716496036314837,23.5
2025-09-25T17:00:00Z,1.965087923841459,23.5
2025-09-25T17:15:00Z,1.9731348158181206,23.5
2025-09-25T17:30:00Z,1.9731348158181206,23.5
2025-09-25T17:45:00Z,1.9731348158181206,23.5
2025-09-25T18:00:00Z,1.9746200280047574,23.5
2025-09-25T18:15:00Z,1.9779008678997698,23.4
2025-09-25T18:30:00Z,1.9746200280047574,23.4
2025-09-25T18:45:00Z,1.9746200280047574,23.4
2025-09-25T19:00:00Z,1.9746200280047574,23.4
2025-09-25T19:15:00Z,1.9680583482147256,23.4
2025-09-25T19:30:00Z,1.9746200280047574,23.4
2025-09-25T19:45:00Z,1.9746200280047574,23.4
2025-09-25T20:00:00Z,1.9680583482147256,23.3
2025-09-25T20:15:00Z,1.9647775083197132,23.3
2025-09-25T20:30:00Z,1.9647775083197132,23.3
2025-09-25T20:45:00Z,1.9647775083197132,23.3
2025-09-25T21:00:00Z,1.9582158285296885,23.3
2025-09-25T21:15:00Z,1.9582158285296885,23.3
2025-09-25T21:30:00Z,1.954934988634676,23.3
2025-09-25T21:45:00Z,1.9436072567630092,23.4
2025-09-25T22:00:00Z,1.945092468949639,23.4
2025-09-25T22:15:00Z,1.92868826947457,23.3
2025-09-25T22:30:00Z,1.92868826947457,23.3
2025-09-25T22:45:00Z,1.9301734816611997,23.3
2025-09-25T23:00:00Z,1.9203309619761626,23.3
2025-09-25T23:15:00Z,1.918535334267787,23.3
2025-09-25T23:30:00Z,1.9283778539528242,23.3
2025-09-25T23:45:00Z,1.918535334267787,23.3
2025-09-26T00:00:00Z,1.929863066139454,23.2
2025-09-26T00:15:00Z,1.941190798011128,23.2
2025-09-26T00:30:00Z,1.941190798011128,23.3
2025-09-26T00:45:00Z,1.9444716379061404,23.3
2025-09-26T01:00:00Z,1.9233013863494222,23.3
2025-09-26T01:15:00Z,1.9200205464544169,23.3
2025-09-26T01:30:00Z,1.9215057586410467,23.3
2025-09-26T01:45:00Z,1.9003355070843355,23.3
2025-09-26T02:00:00Z,1.9051015591659848,23.3
2025-09-26T02:15:00Z,1.9051015591659848,23.2
2025-09-26T02:30:00Z,1.9065867713526146,23.2
2025-09-26T02:45:00Z,1.9131484511426322,23.2
2025-09-26T03:00:00Z,1.9065867713526146,23.2
2025-09-26T03:15:00Z,1.882135679900891,23.1
2025-09-26T03:30:00Z,1.8755740001108663,23.1
2025-09-26T03:45:00Z,1.8755740001108663,23.2
2025-09-26T04:00:00Z,1.8755740001108663,23.1
2025-09-26T04:15:00Z,1.8755740001108663,23.1
2025-09-26T04:30:00Z,1.8869017319825332,23.1
2025-09-26T04:45:00Z,1.893463411772558,23.1
2025-09-26T05:00:00Z,1.893463411772558,23.1
2025-09-26T05:15:00Z,1.903305931457595,23.1
2025-09-26T05:30:00Z,1.8854165197959034,23.1
2025-09-26T05:45:00Z,1.8854165197959034,23.1
2025-09-26T06:00:00Z,1.8740887879242294,23
2025-09-26T06:15:00Z,1.8740887879242294,23.1
2025-09-26T06:30:00Z,1.8642462682391923,23
2025-09-26T06:45:00Z,1.8693227358425872,23
2025-09-26T07:00:00Z,1.8627610560525625,23
2025-09-26T07:15:00Z,1.8693227358425872,23
2025-09-26T07:30:00Z,1.8514333241808885,23
2025-09-26T07:45:00Z,1.8514333241808885,23
2025-09-26T08:00:00Z,1.8466672720992392,22.9
2025-09-26T08:15:00Z,1.8401055923092144,22.9
2025-09-26T08:30:00Z,1.8401055923092144,22.9
2025-09-26T08:45:00Z,1.8401055923092144,22.9
2025-09-26T09:00:00Z,1.8401055923092144,22.9
2025-09-26T09:15:00Z,1.8466672720992392,22.9
2025-09-26T09:30:00Z,1.8499481119942587,22.9
2025-09-26T09:45:00Z,1.836824752414202,22.8
2025-09-26T10:00:00Z,1.8466672720992392,22.9
2025-09-26T10:15:00Z,1.8401055923092144,22.9
2025-09-26T10:30:00Z,1.8287778604375475,22.9
2025-09-26T10:45:00Z,1.8302630726241773,22.8
2025-09-26T11:00:00Z,1.8269822327291578,22.8
2025-09-26T11:15:00Z,1.8204205529391402,22.8
2025-09-26T11:30:00Z,1.8171397130441278,22.8
2025-09-26T11:45:00Z,1.8186249252307576,22.7
2025-09-26T12:00:00Z,1.8120632454407328,22.7
2025-09-26T12:15:00Z,1.8087824055457205,22.7
2025-09-26T12:30:00Z,1.8135484576273697,22.7
2025-09-26T12:45:00Z,1.8102676177323573,22.7
2025-09-26T13:00:00Z,1.8102676177323573,22.7
2025-09-26T13:15:00Z,1.8215953496040242,22.7
2025-09-26T13:30:00Z,1.8150336698139924,22.7
2025-09-26T13:45:00Z,1.8263614016856664,22.7
2025-09-26T14:00:00Z,1.8165188820006293,22.7
2025-09-26T14:15:00Z,1.818004094187252,22.7
2025-09-26T14:30:00Z,1.818004094187252,22.7
2025-09-26T14:45:00Z,1.8147232542922467,22.7
2025-09-26T15:00:00Z,1.8194893063738888,22.7
2025-09-26T15:15:00Z,1.8275361983505505,22.7
2025-09-26T15:30:00Z,1.8275361983505505,22.7
2025-09-26T15:45:00Z,1.8308170382455629,22.7
2025-09-26T16:00:00Z,1.8308170382455629,22.7
2025-09-26T16:15:00Z,1.8421447701172298,22.7
2025-09-26T16:30:00Z,1.8421447701172298,22.7
2025-09-26T16:45:00Z,1.8487064499072616,22.7
2025-09-26T17:00:00Z,1.8421447701172298,22.7
2025-09-26T17:15:00Z,1.851987289802267,22.7
2025-09-26T17:30:00Z,1.8585489695922988,22.7
2025-09-26T17:45:00Z,1.868391489277336,22.8
2025-09-26T18:00:00Z,1.868391489277336,22.8
2025-09-26T18:15:00Z,1.8815148488573925,22.8
2025-09-26T18:30:00Z,1.8880765286474173,22.8
2025-09-26T18:45:00Z,1.8979190483324544,22.8
2025-09-26T19:00:00Z,1.911042407912511,22.9
2025-09-26T19:15:00Z,1.9095571957258812,22.9
2025-09-26T19:30:00Z,1.9193997154109184,22.9
2025-09-26T19:45:00Z,1.914633663329269,22.8
2025-09-26T20:00:00Z,1.9179145032242886,22.8
2025-09-26T20:15:00Z,1.9277570229093257,22.8
2025-09-26T20:30:00Z,1.9262718107226888,22.9
2025-09-26T20:45:00Z,1.9215057586410467,22.9
2025-09-26T21:00:00Z,1.924786598536059,22.9
2025-09-26T21:15:00Z,1.9346291182210962,22.9
2025-09-26T21:30:00Z,1.9233013863494222,22.9
2025-09-26T21:45:00Z,1.929863066139454,22.9
2025-09-26T22:00:00Z,1.9233013863494222,22.9
2025-09-26T22:00:00Z,1.9233013863494222,22.9
2025-09-26T22:15:00Z,1.9119736544777552,22.8
2025-09-26T22:30:00Z,1.929863066139454,22.8
2025-09-26T22:45:00Z,1.9218161741627995,22.8
2025-09-26T23:00:00Z,1.918535334267787,22.8
2025-09-26T23:15:00Z,1.9119736544777552,22.8
2025-09-26T23:30:00Z,1.90869281458275,22.8
2025-09-26T23:45:00Z,1.90869281458275,22.8
2025-09-27T00:00:00Z,1.918535334267787,22.8
2025-09-27T00:15:00Z,1.9200205464544169,22.8
2025-09-27T00:30:00Z,1.9101780267693727,22.8
2025-09-27T00:45:00Z,1.914944078851022,22.8
2025-09-27T01:00:00Z,1.9003355070843355,22.8
2025-09-27T01:15:00Z,1.9116632389560095,22.8
2025-09-27T01:30:00Z,1.9116632389560095,22.8
2025-09-27T01:45:00Z,1.9116632389560095,22.8
2025-09-27T02:00:00Z,1.9116632389560095,22.8
2025-09-27T02:15:00Z,1.9116632389560095,22.8
2025-09-27T02:30:00Z,1.9116632389560095,22.8
2025-09-27T02:45:00Z,1.9051015591659848,22.8
2025-09-27T03:00:00Z,1.9164292910376517,22.8
2025-09-27T03:15:00Z,1.9164292910376517,22.8
2025-09-27T03:30:00Z,1.9131484511426322,22.8
2025-09-27T03:45:00Z,1.9164292910376517,22.8
2025-09-27T04:00:00Z,1.9164292910376517,22.8
2025-09-27T04:15:00Z,1.9164292910376517,22.8
2025-09-27T04:30:00Z,1.9229909708276764,22.8
2025-09-27T04:45:00Z,1.9131484511426322,22.7
2025-09-27T05:00:00Z,1.9131484511426322,22.7
2025-09-27T05:15:00Z,1.9131484511426322,22.7
2025-09-27T05:30:00Z,1.9229909708276764,22.7
2025-09-27T05:45:00Z,1.9229909708276764,22.7
2025-09-27T06:00:00Z,1.9215057586410467,22.7
2025-09-27T06:15:00Z,1.924786598536059,22.7
2025-09-27T06:30:00Z,1.931348278326091,22.7
2025-09-27T06:45:00Z,1.9346291182210962,22.7
2025-09-27T07:00:00Z,1.929863066139454,22.7
2025-09-27T07:15:00Z,1.929863066139454,22.7
2025-09-27T07:30:00Z,1.918535334267787,22.7
2025-09-27T07:45:00Z,1.9218161741627995,22.7
2025-09-27T08:00:00Z,1.9283778539528242,22.7
2025-09-27T08:15:00Z,1.9316586938478366,22.7
2025-09-27T08:30:00Z,1.9382203736378685,22.7
2025-09-27T08:45:00Z,1.9382203736378685,22.6
2025-09-27T09:00:00Z,1.9301734816611997,22.6
2025-09-27T09:15:00Z,1.9367351614512316,22.6
2025-09-27T09:30:00Z,1.9367351614512316,22.6
2025-09-27T09:45:00Z,1.9254074295795576,22.6
2025-09-27T10:00:00Z,1.9155649098945204,22.5
2025-09-27T10:15:00Z,1.9090032301044886,22.5
2025-09-27T10:30:00Z,1.9155649098945204,22.5
2025-09-27T10:45:00Z,1.9057223902094762,22.5
2025-09-27T11:00:00Z,1.9090032301044886,22.5
2025-09-27T11:15:00Z,1.9090032301044886,22.5
2025-09-27T11:30:00Z,1.9090032301044886,22.5
2025-09-27T11:45:00Z,1.9155649098945204,22.5
2025-09-27T12:00:00Z,1.9188457497895257,22.5
2025-09-27T12:15:00Z,1.9188457497895257,22.5
2025-09-27T12:30:00Z,1.9188457497895257,22.5
2025-09-27T12:45:00Z,1.9090032301044886,22.5
2025-09-27T13:00:00Z,1.9155649098945204,22.5
2025-09-27T13:15:00Z,1.9155649098945204,22.5
2025-09-27T13:30:00Z,1.9188457497895257,22.5
2025-09-27T13:45:00Z,1.9203309619761626,22.5
2025-09-27T14:00:00Z,1.9203309619761626,22.5
2025-09-27T14:15:00Z,1.9203309619761626,22.5
2025-09-27T14:30:00Z,1.9170501220811502,22.4
2025-09-27T14:45:00Z,1.9382203736378685,22.4
2025-09-27T15:00:00Z,1.9415012135328737,22.4
2025-09-27T15:15:00Z,1.9495481055095354,22.4
2025-09-27T15:30:00Z,1.9495481055095354,22.4
2025-09-27T15:45:00Z,1.9480628933229056,22.4
2025-09-27T16:00:00Z,1.9415012135328737,22.4
2025-09-27T16:15:00Z,1.9480628933229056,22.4
2025-09-27T16:30:00Z,1.962671465089585,22.4
2025-09-27T16:45:00Z,1.9480628933229056,22.4
2025-09-27T17:00:00Z,1.9593906251945725,22.4
2025-09-27T17:15:00Z,1.962671465089585,22.4
2025-09-27T17:30:00Z,1.9692331448796097,22.4
2025-09-27T17:45:00Z,1.972513984774622,22.4
2025-09-27T18:00:00Z,1.9936842363313403,22.4
2025-09-27T18:15:00Z,1.990403396436328,22.3
2025-09-27T18:30:00Z,1.979075664564654,22.4
2025-09-27T18:45:00Z,1.972513984774622,22.4
2025-09-27T19:00:00Z,1.979075664564654,22.5
2025-09-27T19:15:00Z,1.972513984774622,22.4
2025-09-27T19:30:00Z,1.9579054130079427,22.5
2025-09-27T19:45:00Z,1.9316586938478366,22.3
2025-09-27T20:00:00Z,1.9415012135328737,22.4
2025-09-27T20:15:00Z,1.9415012135328737,22.4
2025-09-27T20:30:00Z,1.9301734816611997,22.4
2025-09-27T20:45:00Z,1.9268926417661945,22.4
2025-09-27T21:00:00Z,1.9090032301044886,22.4
2025-09-27T21:15:00Z,1.8991607104194514,22.3
2025-09-27T21:30:00Z,1.8943946583378093,22.3
2025-09-27T21:45:00Z,1.8943946583378093,22.3
2025-09-27T22:00:00Z,1.9042371780228535,22.3
2025-09-27T22:15:00Z,1.9027519658362095,22.3
2025-09-27T22:30:00Z,1.906032805731222,22.3
2025-09-27T22:45:00Z,1.915875325416259,22.3
2025-09-27T23:00:00Z,1.9257178451013033,22.3
2025-09-27T23:15:00Z,1.9257178451013033,22.3
2025-09-27T23:30:00Z,1.932279524891328,22.2
2025-09-27T23:45:00Z,1.932279524891328,22.2
2025-09-28T00:00:00Z,1.9355603647863404,22.2
2025-09-28T00:15:00Z,1.9454028844713775,22.2
2025-09-28T00:30:00Z,1.9454028844713775,22.2
2025-09-28T00:45:00Z,1.9632922961330905,22.2
2025-09-28T01:00:00Z,1.9632922961330905,22.2
2025-09-28T01:15:00Z,1.9519645642614094,22.1
2025-09-28T01:30:00Z,1.9519645642614094,22.1
2025-09-28T01:45:00Z,1.9519645642614094,22.1
2025-09-28T02:00:00Z,1.9454028844713775,22.1
2025-09-28T02:15:00Z,1.9454028844713775,22.1
2025-09-28T02:30:00Z,1.9307943127046983,22
2025-09-28T02:45:00Z,1.9307943127046983,22
2025-09-28T03:00:00Z,1.9340751525997106,22
2025-09-28T03:15:00Z,1.9519645642614094,22
2025-09-28T03:30:00Z,1.9552454041564218,22
2025-09-28T03:45:00Z,1.9618070839464394,22
2025-09-28T04:00:00Z,1.9716496036314837,22
2025-09-28T04:15:00Z,1.9603218717598168,22
2025-09-28T04:30:00Z,1.9603218717598168,22
2025-09-28T04:45:00Z,1.9489941398881427,21.9
2025-09-28T05:00:00Z,1.9621174994681994,21.9
2025-09-28T05:15:00Z,1.968679179258217,21.9
2025-09-28T05:30:00Z,1.9818025388382807,21.9
2025-09-28T05:45:00Z,1.9883642186282984,21.9
2025-09-28T06:00:00Z,1.9770364867566315,21.8
2025-09-28T06:00:00Z,1.9770364867566315,21.8
2025-09-28T06:15:00Z,1.9657087548849574,21.8
2025-09-28T06:30:00Z,1.9689895947799698,21.8
2025-09-28T06:45:00Z,1.9642235426983277,21.8
2025-09-28T07:00:00Z,1.9642235426983277,21.8
2025-09-28T07:15:00Z,1.956176650721659,21.8
2025-09-28T07:30:00Z,1.956176650721659,21.8
2025-09-28T07:45:00Z,1.944848918849992,21.8
2025-09-28T08:00:00Z,1.944848918849992,21.8
2025-09-28T08:15:00Z,1.9236786672932809,21.7
2025-09-28T08:30:00Z,1.933521186978318,21.7
2025-09-28T08:45:00Z,1.933521186978318,21.7
2025-09-28T09:00:00Z,1.933521186978318,21.7
2025-09-28T09:15:00Z,1.933521186978318,21.7
2025-09-28T09:30:00Z,1.922193455106644,21.7
2025-09-28T09:45:00Z,1.9189126152116387,21.4
2025-09-28T10:00:00Z,1.9305507626050584,21.5
2025-09-28T10:15:00Z,1.9403932822901027,21.5
2025-09-28T10:30:00Z,1.9469549620801274,21.5
2025-09-28T10:45:00Z,1.9502358019751398,21.5
2025-09-28T11:00:00Z,1.9469549620801274,21.5
2025-09-28T11:15:00Z,1.9666400014502088,21.5
2025-09-28T11:30:00Z,1.9666400014502088,21.5
2025-09-28T11:45:00Z,1.9699208413452212,21.5
2025-09-28T12:00:00Z,1.9797633610302583,21.5
2025-09-28T12:15:00Z,1.976482521135246,21.5
2025-09-28T12:30:00Z,1.976482521135246,21.5
2025-09-28T12:45:00Z,1.9797633610302583,21.5
2025-09-28T13:00:00Z,1.9797633610302583,21.5
2025-09-28T13:15:00Z,1.9567974817651645,21.5
2025-09-28T13:30:00Z,1.9615635338468067,21.5
2025-09-28T13:45:00Z,1.9681252136368315,21.5
2025-09-28T14:00:00Z,1.9714060535318438,21.5
2025-09-28T14:15:00Z,1.9827337854035179,21.5
2025-09-28T14:30:00Z,1.9892954651935497,21.5
2025-09-28T14:45:00Z,1.9991379848785868,21.5
2025-09-28T15:00:00Z,1.9991379848785868,21.5
2025-09-28T15:15:00Z,2.0137465566452732,21.5
2025-09-28T15:30:00Z,2.020308236435305,21.5
2025-09-28T15:45:00Z,2.010465716750261,21.5
2025-09-28T16:00:00Z,2.02507428851694,21.5
2025-09-28T16:15:00Z,2.0349168082019773,21.5
2025-09-28T16:30:00Z,2.0349168082019773,21.5
2025-09-28T16:45:00Z,2.0724912592337574,21.6
2025-09-28T17:00:00Z,2.0724912592337574,21.6
2025-09-28T17:15:00Z,2.096942350685488,21.6
2025-09-28T17:30:00Z,2.106784870370525,21.6
2025-09-28T17:45:00Z,2.1166273900555694,21.6
2025-09-28T18:00:00Z,2.1264699097405995,21.6
2025-09-28T18:15:00Z,2.1363124294256366,21.6
2025-09-28T18:30:00Z,2.1527166289007056,21.7
2025-09-28T18:45:00Z,2.16255914858575,21.7
2025-09-28T19:00:00Z,2.1756825081657993,21.7
2025-09-28T19:15:00Z,2.1920867076408683,21.7
2025-09-28T19:30:00Z,2.2019292273259055,21.7
2025-09-28T19:45:00Z,2.2117717470109497,21.7
2025-09-28T20:00:00Z,2.2102865348243057,21.8
2025-09-28T20:15:00Z,2.213567374719325,21.8
2025-09-28T20:30:00Z,2.202239642847651,21.8
2025-09-28T20:45:00Z,2.208801322637669,21.8
2025-09-28T21:00:00Z,2.208801322637669,21.8
2025-09-28T21:15:00Z,2.208801322637669,21.8
2025-09-28T21:30:00Z,2.2120821625326883,21.8
2025-09-28T21:45:00Z,2.2120821625326883,21.8
2025-09-28T22:00:00Z,2.2120821625326883,21.8
2025-09-28T22:15:00Z,2.2120821625326883,21.8
2025-09-28T22:30:00Z,2.202239642847651,21.8
2025-09-28T22:45:00Z,2.1876310710809648,21.8
2025-09-28T23:00:00Z,2.1777885513959347,21.8
2025-09-28T23:15:00Z,2.1515418322358215,21.7
2025-09-28T23:30:00Z,2.1416993125507844,21.7
2025-09-28T23:45:00Z,2.122014273180703,21.7
2025-09-29T00:00:00Z,2.112171753495666,21.7
2025-09-29T00:15:00Z,2.1136569656822886,21.7
2025-09-29T00:30:00Z,2.1038144459972514,21.7
2025-09-29T00:45:00Z,2.080848566732165,21.7
2025-09-29T01:00:00Z,2.0611635273620834,21.7
2025-09-29T01:15:00Z,2.041478487992009,21.6
2025-09-29T01:30:00Z,2.02507428851694,21.6
2025-09-29T01:45:00Z,2.0119509289368906,21.6
2025-09-29T02:00:00Z,1.9857042097767845,21.5
2025-09-29T02:15:00Z,1.9758616900917403,21.5
2025-09-29T02:30:00Z,1.972580850196728,21.5
2025-09-29T02:45:00Z,1.983908582068402,21.5
2025-09-29T03:00:00Z,1.983908582068402,21.5
2025-09-29T03:15:00Z,1.9937511017534462,21.5
2025-09-29T03:30:00Z,1.9740660623833648,21.4
2025-09-29T03:45:00Z,1.9740660623833648,21.4
2025-09-29T04:00:00Z,1.9740660623833648,21.4
2025-09-29T04:15:00Z,1.9740660623833648,21.4
2025-09-29T04:30:00Z,1.9773469022783772,21.4
2025-09-29T04:45:00Z,1.983908582068402,21.4
2025-09-29T05:00:00Z,1.983908582068402,21.3
2025-09-29T05:15:00Z,1.983908582068402,21.3
2025-09-29T05:30:00Z,1.9758616900917403,21.3
2025-09-29T05:45:00Z,1.9758616900917403,21.3
2025-09-29T06:00:00Z,1.9660191704067032,21.2
2025-09-29T06:15:00Z,1.9627383305116908,21.2
2025-09-29T06:30:00Z,1.9627383305116908,21.2
2025-09-29T06:45:00Z,1.956176650721659,21.2
2025-09-29T07:00:00Z,1.9627383305116908,21.2
2025-09-29T07:15:00Z,1.9415680789549867,21.2
2025-09-29T07:30:00Z,1.9236786672932809,21.1
2025-09-29T07:45:00Z,1.9138361476082508,21
2025-09-29T08:00:00Z,1.8941511082381695,21
2025-09-29T08:15:00Z,1.8613427092880386,20.9
2025-09-29T08:30:00Z,1.8252534704428882,20.8
2025-09-29T08:45:00Z,1.815410950757851,20.8
2025-09-29T09:00:00Z,1.7811173396210833,20.8
2025-09-29T09:15:00Z,1.7548706204609772,20.8
2025-09-29T09:30:00Z,1.7548706204609772,20.8
2025-09-29T09:45:00Z,1.7417472608809277,20.7
2025-09-29T10:00:00Z,1.74502810077594,20.7
2025-09-29T10:15:00Z,1.7319047411958834,20.7
2025-09-29T10:30:00Z,1.7220622215108463,20.3
2025-09-29T10:45:00Z,1.74502810077594,20.6
2025-09-29T11:00:00Z,1.756355832647614,20.7
2025-09-29T11:15:00Z,1.7661983523326512,20.7
2025-09-29T11:30:00Z,1.8219726305478758,20.8
2025-09-29T11:45:00Z,1.83181515023292,20.8
2025-09-29T12:00:00Z,1.8350959901279325,20.9
2025-09-29T12:15:00Z,1.820487418361246,20.9
2025-09-29T12:30:00Z,1.8252534704428882,20.9
2025-09-29T12:45:00Z,1.843142882104594,20.9
2025-09-29T13:00:00Z,1.8249430549211425,20.9
2025-09-29T13:15:00Z,1.8347855746061796,20.9
2025-09-29T13:30:00Z,1.8559558261628908,20.9
2025-09-29T13:45:00Z,1.8789217054279845,20.9
2025-09-29T14:00:00Z,1.9114196888563697,20.9
2025-09-29T14:15:00Z,1.9325899404130809,20.9
2025-09-29T14:30:00Z,1.921262208541414,20.9
2025-09-29T14:45:00Z,1.931104728226451,20.9
2025-09-29T15:00:00Z,1.9376664080164758,20.9
2025-09-29T15:15:00Z,1.9376664080164758,20.9
2025-09-29T15:30:00Z,1.9376664080164758,20.9
2025-09-29T15:45:00Z,1.9507897675965324,20.9
2025-09-29T16:00:00Z,1.9606322872815696,20.9
2025-09-29T16:15:00Z,1.9883642186282984,20.9
2025-09-29T16:30:00Z,1.9916450585233108,20.9
2025-09-29T16:45:00Z,2.001487578208348,21
2025-09-29T17:00:00Z,2.001487578208348,21
2025-09-29T17:15:00Z,2.011330097893392,21
2025-09-29T17:30:00Z,2.017891777683417,21
2025-09-29T17:45:00Z,2.0408576569485106,21.1
2025-09-29T18:00:00Z,2.0572618564235796,21.1
2025-09-29T18:15:00Z,2.081712947875303,21.2
2025-09-29T18:30:00Z,2.098117147350372,21.2
2025-09-29T18:45:00Z,2.1112405069304216,21.3
2025-09-29T19:00:00Z,2.1112405069304216,21.3
2025-09-29T19:15:00Z,2.1178021867204464,21.3
2025-09-29T19:30:00Z,2.1112405069304216,21.3
2025-09-29T19:45:00Z,2.1112405069304216,21.3
2025-09-29T20:00:00Z,2.1112405069304216,21.3
2025-09-29T20:15:00Z,2.107959667035402,21.3
2025-09-29T20:30:00Z,2.107959667035402,21.3
2025-09-29T20:45:00Z,2.1013979872453845,21.3
2025-09-29T21:00:00Z,2.0915554675603403,21.3
2025-09-29T21:15:00Z,2.071870428190266,21.3
2025-09-29T21:30:00Z,2.0784321079802908,21.3
2025-09-29T21:45:00Z,2.0408576569485106,21.3
2025-09-29T22:00:00Z,2.027734297368461,21.2
2025-09-29T22:15:00Z,2.022657829765066,21.2
2025-09-29T22:30:00Z,2.022657829765066,21.2
2025-09-29T22:45:00Z,1.9832877510249105,21.1
2025-09-29T23:00:00Z,1.980006911129891,21.1
2025-09-29T23:15:00Z,1.970164391444854,21.1
2025-09-29T23:30:00Z,1.9293091005180685,20.9
2025-09-29T23:45:00Z,1.8932198616729181,20.9
2025-09-30T00:00:00Z,1.8899390217779057,21
2025-09-30T00:15:00Z,1.8702539824078315,20.9
2025-09-30T00:30:00Z,1.8604114627227872,20.9
2025-09-30T00:45:00Z,1.85056894303775,20.9
2025-09-30T01:00:00Z,1.829398691481046,20.8
2025-09-30T01:15:00Z,1.8195561717960018,20.8
2025-09-30T01:30:00Z,1.7933094526359028,20.7
2025-09-30T01:45:00Z,1.7900286127408833,20.7
2025-09-30T02:00:00Z,1.770343573370802,20.7
2025-09-30T02:15:00Z,1.75393937389574,20.6
2025-09-30T02:30:00Z,1.7294882824440165,20.6
2025-09-30T02:45:00Z,1.7130840829689475,20.6
2025-09-30T03:00:00Z,1.7032415632839104,20.5
2025-09-30T03:15:00Z,1.690118203703861,20.5
2025-09-30T03:30:00Z,1.694884255785503,20.5
2025-09-30T03:45:00Z,1.6751992164154217,20.4
2025-09-30T04:00:00Z,1.6540289648587176,20.4
2025-09-30T04:15:00Z,1.6441864451736734,20.3
2025-09-30T04:30:00Z,1.6310630855936168,20.3
2025-09-30T04:45:00Z,1.6245014058035991,20.2
2025-09-30T05:00:00Z,1.6212205659085797,20.1
2025-09-30T05:15:00Z,1.629577873406987,20.2
2025-09-30T05:30:00Z,1.6591054324621055,20.3
2025-09-30T05:45:00Z,1.6576202202754686,20.2
2025-09-30T06:00:00Z,1.6674627399605129,20.2
2025-09-30T06:15:00Z,1.6805860995405624,20.2
2025-09-30T06:30:00Z,1.6969902990156314,20.2
2025-09-30T06:45:00Z,1.7101136585956809,20.2
2025-09-30T07:00:00Z,1.708628446409051,20.2
2025-09-30T07:15:00Z,1.715190126199083,20.2
2025-09-30T07:30:00Z,1.6940198746423647,20.1
2025-09-30T07:45:00Z,1.68745819485234,20.1
2025-09-30T08:00:00Z,1.6776156751673028,20
2025-09-30T08:15:00Z,1.6564454236105846,20
2025-09-30T08:30:00Z,1.6531645837155722,20
2025-09-30T08:45:00Z,1.6418368518439053,19.9
2025-09-30T09:00:00Z,1.6451176917389176,19.9
2025-09-30T09:15:00Z,1.6403516396572684,19.8
2025-09-30T09:30:00Z,1.620666600287187,19.8
2025-09-30T09:45:00Z,1.6337899598672365,19.9
2025-09-30T10:00:00Z,1.642147267365658,19.9
2025-09-30T10:15:00Z,1.6782365062108013,20
2025-09-30T10:30:00Z,1.7077640652659198,20
2025-09-30T10:45:00Z,1.7062788530792758,20
2025-09-30T11:00:00Z,1.7259638924493572,20
2025-09-30T11:15:00Z,1.7471341440060755,20
2025-09-30T11:30:00Z,1.7569766636911197,20
2025-09-30T11:45:00Z,1.7668191833761568,20
2025-09-30T12:00:00Z,1.7865042227462382,20
2025-09-30T12:15:00Z,1.8175169939879723,20.1
2025-09-30T12:30:00Z,1.8207978338829847,20.1
2025-09-30T12:45:00Z,1.830640353568029,20.1
2025-09-30T13:00:00Z,1.8616531248097843,20.2
2025-09-30T13:15:00Z,1.8813381641798657,20.2
2025-09-30T13:30:00Z,1.922193455106644,20.3
2025-09-30T13:45:00Z,1.9484401742667572,20.3
2025-09-30T14:00:00Z,1.9794529455085055,20.3
2025-09-30T14:15:00Z,2.0024188247735992,20.3
2025-09-30T14:30:00Z,2.0286655439336982,20.4
2025-09-30T14:45:00Z,2.041788903513755,20.4
2025-09-30T15:00:00Z,2.051631423198799,20.4
2025-09-30T15:15:00Z,2.0826441944405545,20.4
2025-09-30T15:30:00Z,2.1088909136006535,20.5
2025-09-30T15:45:00Z,2.1515418322358215,20.8
2025-09-30T16:00:00Z,2.1989588029526317,20.8
2025-09-30T16:15:00Z,2.208801322637669,20.8
2025-09-30T16:30:00Z,2.2481714013778316,20.8
2025-09-30T16:45:00Z,2.267856440747913,20.8
2025-09-30T17:00:00Z,2.287541480117987,20.9
2025-09-30T17:15:00Z,2.311992571569718,20.9
2025-09-30T17:30:00Z,2.349567022601498,21
2025-09-30T17:45:00Z,2.3725329018665846,21.1
2025-09-30T18:00:00Z,2.418464660396772,21.3
2025-09-30T18:15:00Z,2.4593199513235646,21.4
2025-09-30T18:30:00Z,2.4691624710086018,21.6
2025-09-30T18:45:00Z,2.472443310903614,21.5
2025-09-30T19:00:00Z,2.4822858305886513,21.6
2025-09-30T19:15:00Z,2.4709580987169772,21.7
2025-09-30T19:30:00Z,2.4709580987169772,21.8
2025-09-30T19:45:00Z,2.4578347391369277,21.8
2025-09-30T20:00:00Z,2.4301028077901847,21.8
2025-09-30T20:15:00Z,2.397294408840054,21.8
2025-09-30T20:30:00Z,2.3776093694699796,21.9
2025-09-30T20:45:00Z,2.3301923987531623,21.8
2025-09-30T21:00:00Z,2.3185542513597426,21.8
2025-09-30T21:15:00Z,2.3021500518846736,21.9
2025-09-30T21:30:00Z,2.2824650125145993,21.9
2025-09-30T21:45:00Z,2.241609721587807,21.9
2025-09-30T22:00:00Z,2.2219246822177325,21.9
2025-09-30T22:15:00Z,2.1694312438975203,21.8
2025-09-30T22:30:00Z,2.143184524737414,21.8
2025-09-30T22:45:00Z,2.123499485367333,21.8
2025-09-30T23:00:00Z,2.100533606102239,21.8
2025-09-30T23:15:00Z,2.062959155070473,21.8
2025-09-30T23:30:00Z,2.041478487992009,21.8
2025-09-30T23:45:00Z,2.0119509289368906,21.7
2025-10-01T00:00:00Z,1.972580850196728,21.6
2025-10-01T00:15:00Z,1.9332107714565723,21.3
2025-10-01T00:30:00Z,1.9036832124014538,21.3
2025-10-01T00:45:00Z,1.8872790129263919,21.3
2025-10-01T01:00:00Z,1.8675939735563105,21.3
2025-10-01T01:15:00Z,1.854470613976261,21.2
2025-10-01T01:30:00Z,1.8183813751311106,21.1
2025-10-01T01:45:00Z,1.7986963357610293,21.1
2025-10-01T02:00:00Z,1.7888538160759921,21.1
2025-10-01T02:15:00Z,1.767683564519288,21.1
2025-10-01T02:30:00Z,1.7691687767059179,21.1
2025-10-01T02:45:00Z,1.7658879368108984,21.1
2025-10-01T03:00:00Z,1.7593262570208807,21.1
2025-10-01T03:15:00Z,1.7396412176507994,21
2025-10-01T03:30:00Z,1.719956178280718,20.9
2025-10-01T03:45:00Z,1.6969902990156314,20.8
2025-10-01T04:00:00Z,1.6871477793305871,20.8
2025-10-01T04:15:00Z,1.67730525964555,20.8
2025-10-01T04:30:00Z,1.67730525964555,20.8
2025-10-01T04:45:00Z,1.6707435798555181,20.8
2025-10-01T05:00:00Z,1.6594158479838512,20.8
2025-10-01T05:15:00Z,1.6364499687187646,20.7
2025-10-01T05:30:00Z,1.6102032495586585,20.6
2025-10-01T05:45:00Z,1.5872373702935647,20.4
2025-10-01T06:00:00Z,1.58067569050354,20.3
2025-10-01T06:15:00Z,1.5759096384218907,20.3
2025-10-01T06:30:00Z,1.5791904783169102,20.3
2025-10-01T06:45:00Z,1.5791904783169102,20.3
2025-10-01T07:00:00Z,1.569347958631866,20.2
2025-10-01T07:15:00Z,1.5496629192617917,20.1
2025-10-01T07:30:00Z,1.520135360206666,19.9
2025-10-01T07:45:00Z,1.498965108649955,19.8
2025-10-01T08:00:00Z,1.4694375495948364,19.7
2025-10-01T08:15:00Z,1.4548289778281571,19.7
2025-10-01T08:30:00Z,1.4482672980381324,19.7
2025-10-01T08:45:00Z,1.44498645814312,19.6
2025-10-01T09:00:00Z,1.4548289778281571,19.7
2025-10-01T09:15:00Z,1.4646714975131943,19.6
2025-10-01T09:30:00Z,1.4730288050115945,19.7
2025-10-01T09:45:00Z,1.502556364066713,19.9
2025-10-01T10:00:00Z,1.5222414034367944,19.8
2025-10-01T10:15:00Z,1.56161148217695,20
2025-10-01T10:30:00Z,1.5944198811270809,20
2025-10-01T10:45:00Z,1.6501941593423055,20.3
2025-10-01T11:00:00Z,1.663317518922355,20.2
2025-10-01T11:15:00Z,1.6844877704790804,20.2
2025-10-01T11:30:00Z,1.6943302901641175,20.2
2025-10-01T11:45:00Z,1.6943302901641175,20.1
2025-10-01T12:00:00Z,1.7041728098491546,20.1
2025-10-01T12:15:00Z,1.7205770093242165,20.2
2025-10-01T12:30:00Z,1.7417472608809277,20.2
2025-10-01T12:45:00Z,1.74502810077594,20.2
2025-10-01T13:00:00Z,1.756355832647614,20.2
2025-10-01T13:15:00Z,1.7826025518077202,20.3
2025-10-01T13:30:00Z,1.8168961629444809,20.3
2025-10-01T13:45:00Z,1.854470613976261,20.3
2025-10-01T14:00:00Z,1.8741556533463353,20.4
2025-10-01T14:15:00Z,1.908449264483103,20.4
2025-10-01T14:30:00Z,1.924853463958165,20.4
2025-10-01T14:45:00Z,1.9266490916665475,20.5
2025-10-01T15:00:00Z,1.9642235426983277,20.6
2025-10-01T15:15:00Z,1.9937511017534462,20.7
2025-10-01T15:30:00Z,2.0134361411235204,20.7
2025-10-01T15:45:00Z,2.0462445400736513,20.8
2025-10-01T16:00:00Z,2.07577209912877,20.9
2025-10-01T16:15:00Z,2.1052996581838954,21
2025-10-01T16:30:00Z,2.1428741092156685,21.1
2025-10-01T16:45:00Z,2.16255914858575,21.2
2025-10-01T17:00:00Z,2.1920867076408683,21.3
2025-10-01T17:15:00Z,2.2102865348243057,21.3
2025-10-01T17:30:00Z,2.2511418257510982,21.4
2025-10-01T17:45:00Z,2.2708268651211796,21.5
2025-10-01T18:00:00Z,2.3101969438613352,21.7
2025-10-01T18:15:00Z,2.339724502916461,21.8
2025-10-01T18:30:00Z,2.3528478624965103,21.9
2025-10-01T18:45:00Z,2.359409542286535,22
2025-10-01T19:00:00Z,2.343005342811466,22.1
2025-10-01T19:15:00Z,2.349567022601498,22.3
2025-10-01T19:30:00Z,2.339724502916461,22.4
2025-10-01T19:45:00Z,2.323320303441392,22.5
2025-10-01T20:00:00Z,2.3036352640713105,22.5
2025-10-01T20:15:00Z,2.290511904491261,22.6
2025-10-01T20:30:00Z,2.2496566135644684,22.6
2025-10-01T20:45:00Z,2.2234098944043623,22.6
2025-10-01T21:00:00Z,2.1792737635825574,22.6
2025-10-01T21:15:00Z,2.139903684842402,22.6
2025-10-01T21:30:00Z,2.090691086417202,22.5
2025-10-01T21:45:00Z,2.041478487992009,22.5
2025-10-01T22:00:00Z,2.0021084092518464,22.4
2025-10-01T22:15:00Z,1.9758616900917403,22.4
2025-10-01T22:30:00Z,1.9463341310366218,22.3
2025-10-01T22:45:00Z,1.923368251771528,22.3
2025-10-01T23:00:00Z,1.8839981730313795,22.2
2025-10-01T23:15:00Z,1.8529854017896312,22.2
2025-10-01T23:30:00Z,1.826738682629525,22.2
2025-10-01T23:45:00Z,1.7939302836793942,22.1
2025-10-02T00:00:00Z,1.779011296390955,22.1
2025-10-02T00:15:00Z,1.7593262570208807,22
2025-10-02T00:30:00Z,1.73636037775578,21.9
2025-10-02T00:45:00Z,1.7166753383857056,21.9
2025-10-02T01:00:00Z,1.7002711389106437,21.8
2025-10-02T01:15:00Z,1.6820713117271922,21.7
2025-10-02T01:30:00Z,1.6510585404854439,21.6
2025-10-02T01:45:00Z,1.6525437526720737,21.5
2025-10-02T02:00:00Z,1.6591054324621055,21.5
2025-10-02T02:15:00Z,1.6591054324621055,21.5
2025-10-02T02:30:00Z,1.6492629127770613,21.4
2025-10-02T02:45:00Z,1.6540289648587176,21.4
2025-10-02T03:00:00Z,1.6540289648587176,21.4
2025-10-02T03:15:00Z,1.640905605278661,21.3
2025-10-02T03:30:00Z,1.652233337150335,21.3
2025-10-02T03:45:00Z,1.6343439254886363,21.3
2025-10-02T04:00:00Z,1.6310630855936168,21.2
2025-10-02T04:15:00Z,1.6310630855936168,21.1
2025-10-02T04:30:00Z,1.6310630855936168,21.1
2025-10-02T04:45:00Z,1.6245014058035991,21
2025-10-02T05:00:00Z,1.6310630855936168,20.9
2025-10-02T05:15:00Z,1.6441864451736734,20.9
2025-10-02T05:30:00Z,1.6328587133019994,20.8
2025-10-02T05:45:00Z,1.629577873406987,20.8
2025-10-02T06:00:00Z,1.629577873406987,20.8
2025-10-02T06:15:00Z,1.6116884617452882,20.7
2025-10-02T06:30:00Z,1.5970798899786018,20.6
2025-10-02T06:45:00Z,1.5905182101885842,20.5
2025-10-02T07:00:00Z,1.5791904783169102,20.5
2025-10-02T07:15:00Z,1.569347958631866,20.4
2025-10-02T07:30:00Z,1.5791904783169102,20.5
2025-10-02T07:45:00Z,1.5547393868651795,20.3
2025-10-02T08:00:00Z,1.525211827810061,20.2
2025-10-02T08:15:00Z,1.5138840959383941,20.1
2025-10-02T08:30:00Z,1.504041576253357,20
2025-10-02T08:45:00Z,1.504041576253357,19.8
2025-10-02T09:00:00Z,1.5270074555184507,19.9
2025-10-02T09:15:00Z,1.5434116549935126,20
2025-10-02T09:30:00Z,1.5419264428068686,20
2025-10-02T09:45:00Z,1.5532541746785498,20.1
2025-10-02T10:00:00Z,1.5762200539436435,20.3
2025-10-02T10:15:00Z,1.5959050933137178,20.4
2025-10-02T10:30:00Z,1.605747612998762,20.4
2025-10-02T10:45:00Z,1.6254326523688363,20.6
2025-10-02T11:00:00Z,1.6531645837155722,20.6
2025-10-02T11:15:00Z,1.6728496230856535,20.7
2025-10-02T11:30:00Z,1.692534662455735,20.7
2025-10-02T11:45:00Z,1.6958155023507473,20.7
2025-10-02T12:00:00Z,1.7155005417208216,20.7
2025-10-02T12:15:00Z,1.7253430614058658,20.8
2025-10-02T12:30:00Z,1.735185581090903,20.8
2025-10-02T12:45:00Z,1.7548706204609772,20.9
2025-10-02T13:00:00Z,1.7661983523326512,20.9
2025-10-02T13:15:00Z,1.784087763994357,20.9
2025-10-02T13:30:00Z,1.7972111235744066,21
2025-10-02T13:45:00Z,1.838066414501192,21.1
2025-10-02T14:00:00Z,NA,21.2
2025-10-02T14:15:00Z,1.8887642251130217,21.2
2025-10-02T14:30:00Z,1.924853463958165,21.3
2025-10-02T14:45:00Z,1.9281343038531844,21.3
2025-10-02T15:00:00Z,1.9591470750949398,21.3
2025-10-02T15:15:00Z,1.9871894219634143,21.5
2025-10-02T15:30:00Z,2.016716981018533,21.6
2025-10-02T15:45:00Z,2.0575722719453253,21.7
2025-10-02T16:00:00Z,2.073976471420387,21.7
2025-10-02T16:15:00Z,2.096942350685488,21.9
2025-10-02T16:30:00Z,2.106784870370525,21.9
2025-10-02T16:45:00Z,2.1166273900555694,21.9
2025-10-02T17:00:00Z,2.1640443607723796,22.2
2025-10-02T17:15:00Z,2.195057132014128,22.2
2025-10-02T17:30:00Z,2.2442697304393207,22.5
2025-10-02T17:45:00Z,2.263954769809402,22.6
2025-10-02T18:00:00Z,2.2770781293894586,22.8
2025-10-02T18:15:00Z,2.2821545969928536,23
2025-10-02T18:30:00Z,2.252627037937735,23
2025-10-02T18:45:00Z,2.242784518252691,23.1
2025-10-02T19:00:00Z,2.2460653581477104,23.5
2025-10-02T19:15:00Z,2.2066952794075547,23.5
2025-10-02T19:30:00Z,2.1542018410873425,23.5
2025-10-02T19:45:00Z,2.096942350685488,23.4
2025-10-02T20:00:00Z,2.037887232575251,23.4
2025-10-02T20:15:00Z,2.00507883362512,23.4
2025-10-02T20:30:00Z,1.9657087548849574,23.3
2025-10-02T20:45:00Z,1.9394620357248584,23.3
2025-10-02T21:00:00Z,1.9179813686464016,23.2
2025-10-02T21:15:00Z,1.8804069176146214,23.2
2025-10-02T21:30:00Z,1.8410368388744587,23.1
2025-10-02T21:45:00Z,1.818070959609372,23.1
2025-10-02T22:00:00Z,1.791824240449266,23
2025-10-02T22:15:00Z,1.7575306293124981,22.9
2025-10-02T22:30:00Z,1.7378455899424239,22.8
2025-10-02T22:45:00Z,1.7115988707823178,22.7
2025-10-02T23:00:00Z,1.7017563510972735,22.7
2025-10-02T23:15:00Z,1.6820713117271922,22.6
2025-10-02T23:30:00Z,1.6787904718321869,22.6
2025-10-02T23:45:00Z,1.6591054324621055,22.6
2025-10-03T00:00:00Z,1.6638714845437477,22.5
2025-10-03T00:15:00Z,1.6507481249636982,22.4
2025-10-03T00:30:00Z,1.640905605278661,22.3
2025-10-03T00:45:00Z,1.6343439254886363,22.3
2025-10-03T01:00:00Z,1.6245014058035991,22.3
2025-10-03T01:15:00Z,1.6310630855936168,22.3
2025-10-03T01:30:00Z,1.6310630855936168,22.3
2025-10-03T01:45:00Z,1.6310630855936168,22.2
2025-10-03T02:00:00Z,1.6423908174652908,22.1
2025-10-03T02:15:00Z,1.6245014058035991,22
2025-10-03T02:30:00Z,1.6212205659085797,21.9
2025-10-03T02:45:00Z,1.614658886118555,21.8
2025-10-03T03:00:00Z,1.6113780462235425,21.8
2025-10-03T03:15:00Z,1.6030207387251423,21.7
2025-10-03T03:30:00Z,1.6030207387251423,21.6
2025-10-03T03:45:00Z,1.5949738467484806,21.5
2025-10-03T04:00:00Z,1.5964590589351104,21.5
2025-10-03T04:15:00Z,1.5964590589351104,21.5
2025-10-03T04:30:00Z,1.566931499879992,21
2025-10-03T04:45:00Z,1.5734931796700238,20.7
2025-10-03T05:00:00Z,1.5734931796700238,20.5
2025-10-03T05:15:00Z,1.565446287693355,20.3
2025-10-03T05:30:00Z,1.5752888073783993,20.2
2025-10-03T05:45:00Z,1.581850487168424,20.2
2025-10-03T06:00:00Z,1.5752888073783993,20.2
2025-10-03T06:15:00Z,1.5639610755067253,20.3
2025-10-03T06:30:00Z,1.554118555821681,20.1
2025-10-03T06:45:00Z,1.5442760361366439,19.9
2025-10-03T07:00:00Z,1.5296674643699575,19.8
2025-10-03T07:15:00Z,1.5245909967665625,19.8
2025-10-03T07:30:00Z,1.5099824249998761,19.6
2025-10-03T07:45:00Z,1.5132632648948885,19.3
2025-10-03T08:00:00Z,1.5084972128132534,19.3
2025-10-03T08:15:00Z,1.5084972128132534,19.3
2025-10-03T08:30:00Z,1.5281822521833348,19.4
2025-10-03T08:45:00Z,1.547867291553409,19.5
2025-10-03T09:00:00Z,1.547867291553409,19.5
2025-10-03T09:15:00Z,1.5675523309234904,19.6
2025-10-03T09:30:00Z,1.58067569050354,19.8
2025-10-03T09:45:00Z,1.6102032495586585,20.1
2025-10-03T10:00:00Z,1.6167649293486832,20.1
2025-10-03T10:15:00Z,1.6266074490337203,20.1
2025-10-03T10:30:00Z,1.6477777005904315,20.4
2025-10-03T10:45:00Z,1.6510585404854439,20.3
2025-10-03T11:00:00Z,1.67730525964555,20.4
2025-10-03T11:15:00Z,1.7462028974408241,20.7
2025-10-03T11:30:00Z,1.7509689495224734,20.5
2025-10-03T11:45:00Z,1.7870581883676167,20.8
2025-10-03T12:00:00Z,1.8001815479476662,20.7
2025-10-03T12:15:00Z,1.8082284399243278,20.5
2025-10-03T12:30:00Z,1.8425220510610956,20.7
2025-10-03T12:45:00Z,1.8932198616729181,20.8
2025-10-03T13:00:00Z,1.9325899404130809,21.1
2025-10-03T13:15:00Z,2.022657829765066,21.5
2025-10-03T13:30:00Z,2.0784321079802908,21.5
2025-10-03T13:45:00Z,2.1816233569123185,22.2
2025-10-03T14:00:00Z,2.1732660494139324,22.1
2025-10-03T14:15:00Z,2.202793608469044,22
2025-10-03T14:30:00Z,2.2797381382409796,22.2
2025-10-03T14:45:00Z,2.240368059500817,21.7
2025-10-03T15:00:00Z,2.3107509094827208,22.2
2025-10-03T15:15:00Z,2.3337167887478216,23
2025-10-03T15:30:00Z,2.353401828117896,23.2
2025-10-03T15:45:00Z,2.245134111582466,22.9
2025-10-03T16:00:00Z,2.176236473787192,23
2025-10-03T16:15:00Z,2.1481941269187033,23.1
2025-10-03T16:30:00Z,2.085858168913454,23
2025-10-03T16:45:00Z,2.026803050803217,22.9
2025-10-03T17:00:00Z,1.951343733217918,22.8
2025-10-03T17:15:00Z,1.8890077752126686,22.5
2025-10-03T17:30:00Z,1.8430760166824882,22.5
2025-10-03T17:45:00Z,1.8037059379423255,22.4
2025-10-03T18:00:00Z,1.800425098047313,22.2
2025-10-03T18:15:00Z,1.7643358592021698,22
2025-10-03T18:30:00Z,1.7497272874354834,22
2025-10-03T18:45:00Z,1.730042248065402,21
2025-10-03T19:00:00Z,1.6695019177685353,19.7
2025-10-03T19:15:00Z,1.633412678923385,18.7
2025-10-03T19:30:00Z,1.6188041071567127,18.1
2025-10-03T19:45:00Z,1.5910721758099626,18.1
2025-10-03T20:00:00Z,1.6453612418385575,18.4
2025-10-03T20:15:00Z,1.6241909902818463,18.7
2025-10-03T20:30:00Z,1.6438760296519206,19
2025-10-03T20:45:00Z,1.6325482977802537,19
2025-10-03T21:00:00Z,1.6358291376752732,19
2025-10-03T21:15:00Z,1.6161440983051918,19.1
2025-10-03T21:30:00Z,1.6128632584101794,19.1
2025-10-03T21:45:00Z,1.5866165392500733,19.1
2025-10-03T22:00:00Z,1.593178219040098,18.8
2025-10-03T22:15:00Z,1.5472464605099105,17.6
2025-10-03T22:30:00Z,1.4867061302130438,16.6
2025-10-03T22:45:00Z,1.5260762089531994,16.6
2025-10-03T23:00:00Z,1.5275614211398363,16.4
2025-10-03T23:15:00Z,1.5439656206148982,16.3
2025-10-03T23:30:00Z,1.4947530221897054,15.9
2025-10-03T23:45:00Z,1.5651358721716093,16.5
2025-10-04T00:00:00Z,1.5961486434133647,16.7
2025-10-04T00:15:00Z,1.6074763752850316,16.8
2025-10-04T00:30:00Z,1.5782592317516588,16.9
2025-10-04T00:45:00Z,1.5684167120666217,16.9
2025-10-04T01:00:00Z,1.5782592317516588,17
2025-10-04T01:15:00Z,1.5585741923815775,16.9
2025-10-04T01:30:00Z,1.5600594045682143,16.9
2025-10-04T01:45:00Z,1.5388891530115032,16.9
2025-10-04T02:00:00Z,1.4995190742713476,16.2
2025-10-04T02:15:00Z,1.507565966248002,15.8
2025-10-04T02:30:00Z,1.5469360449881648,16.1
2025-10-04T02:45:00Z,1.5287362178047132,15.6
2025-10-04T03:00:00Z,1.518893698119669,15.2
2025-10-04T03:15:00Z,1.5302214299913501,15
2025-10-04T03:30:00Z,1.5302214299913501,14.9
2025-10-04T03:45:00Z,1.5499064693614315,14.9
2025-10-04T04:00:00Z,1.541549161863017,14.5
2025-10-04T04:15:00Z,1.5120216028079057,14.2
2025-10-04T04:30:00Z,1.5331918543646168,14.4
2025-10-04T04:45:00Z,1.5364726942596292,14.5
2025-10-04T05:00:00Z,1.5660002533147477,14.9
2025-10-04T05:15:00Z,1.5627194134197353,14.9
2025-10-04T05:30:00Z,1.5660002533147477,14.9
2025-10-04T05:45:00Z,1.5660002533147477,14.9
2025-10-04T06:00:00Z,1.5612342012330984,15
2025-10-04T06:15:00Z,1.5513916815480613,15.1
2025-10-04T06:30:00Z,1.5546725214430737,15.2
2025-10-04T06:45:00Z,1.5400639496763944,15.2
2025-10-04T07:00:00Z,1.5335022698863696,15.3
2025-10-04T07:15:00Z,1.5302214299913501,15.3
2025-10-04T07:30:00Z,1.5236597502013325,15.4
2025-10-04T07:45:00Z,1.5400639496763944,15.5
2025-10-04T08:00:00Z,1.518893698119669,15.7
2025-10-04T08:15:00Z,1.5221745380146885,15.7
2025-10-04T08:30:00Z,1.5123320183296514,15.6
2025-10-04T08:45:00Z,1.5123320183296514,15.5
2025-10-04T09:00:00Z,1.5174084859330463,15.8
2025-10-04T09:15:00Z,1.540374365198133,16.1
2025-10-04T09:30:00Z,1.5600594045682143,16.4
2025-10-04T09:45:00Z,1.566621084358239,16.5
2025-10-04T10:00:00Z,1.5848209115416907,16.8
2025-10-04T10:15:00Z,1.5848209115416907,16.7
2025-10-04T10:30:00Z,1.5782592317516588,17.1
2025-10-04T10:45:00Z,1.6077867908067773,17.9
2025-10-04T11:00:00Z,1.6781696407886884,17.8
2025-10-04T11:15:00Z,1.6486420817335699,17.9
2025-10-04T11:30:00Z,1.7091824120304295,18.2
2025-10-04T11:45:00Z,1.7157440918204614,17.7
2025-10-04T12:00:00Z,1.686216532765343,19.4
2025-10-04T12:15:00Z,1.8043267689858098,19
2025-10-04T12:30:00Z,1.7944842493007798,19.6
2025-10-04T12:45:00Z,1.6581741858968684,19.4
2025-10-04T13:00:00Z,1.789407781697392,19
2025-10-04T13:15:00Z,1.848152484285876,19.3
2025-10-04T13:30:00Z,1.8383099646008318,20.7
2025-10-04T13:45:00Z,1.715123260776977,19.6
2025-10-04T14:00:00Z,1.8248761894990366,19.9
2025-10-04T14:15:00Z,1.9331439060344664,19.9
2025-10-04T14:30:00Z,2.010088435806402,20.8
2025-10-04T14:45:00Z,1.7869913229455108,19.1
2025-10-04T15:00:00Z,1.8081615745022148,19.9
2025-10-04T15:15:00Z,1.770276707948696,19.5
2025-10-04T15:30:00Z,1.8358935058489578,19.6
2025-10-04T15:45:00Z,1.8865913164607875,20.1
2025-10-04T16:00:00Z,1.8701871169857256,21.3
2025-10-04T16:15:00Z,1.8618298094873111,19.9
2025-10-04T16:30:00Z,1.9176040877025287,21.2
2025-10-04T16:45:00Z,1.8880765286474173,21.1
2025-10-04T17:00:00Z,1.87971922114901,21.1
2025-10-04T17:15:00Z,1.8600341817789356,21.2
2025-10-04T17:30:00Z,1.8534725019889038,21.3
2025-10-04T17:45:00Z,1.8123067955403585,21.1
2025-10-04T18:00:00Z,1.7714515046135801,21.2
2025-10-04T18:15:00Z,1.6876348795298597,21
2025-10-04T18:30:00Z,1.6679498401597854,20.6
2025-10-04T18:45:00Z,1.7547368896167654,21
2025-10-04T19:00:00Z,1.6858392518214842,21.1
2025-10-04T19:15:00Z,1.6989626114015337,21.2
2025-10-04T19:30:00Z,1.6694350523464223,21.3
2025-10-04T19:45:00Z,1.6300649736062596,21.1
2025-10-04T20:00:00Z,1.6300649736062596,21.1
2025-10-04T20:15:00Z,1.600537414551141,21.1
2025-10-04T20:30:00Z,1.590694894866104,20.9
2025-10-04T20:45:00Z,1.5677290156010102,20.8
2025-10-04T21:00:00Z,1.5513248161259483,20.7
2025-10-04T21:15:00Z,1.5217972570708298,20.6
2025-10-04T21:30:00Z,1.5021122177007555,20.5
2025-10-04T21:45:00Z,1.488988858120699,20.2
2025-10-04T22:00:00Z,1.4579760868789506,20.2
2025-10-04T22:15:00Z,1.4594612990655804,20.1
2025-10-04T22:30:00Z,1.4430570995905114,20
2025-10-04T22:45:00Z,1.4430570995905114,20
2025-10-04T23:00:00Z,1.4496187793805433,19.9
2025-10-04T23:15:00Z,1.439776259695499,19.8
2025-10-04T23:30:00Z,1.441261471882136,19.7
2025-10-04T23:45:00Z,1.429933740010462,19.7
2025-10-05T00:00:00Z,1.4233720602204372,19.7
2025-10-05T00:15:00Z,1.413529540535393,19.6
2025-10-05T00:30:00Z,1.4036870208503558,19.5
2025-10-05T00:45:00Z,1.4036870208503558,19.4
2025-10-05T01:00:00Z,1.3905636612703063,19.3
2025-10-05T01:15:00Z,1.380721141585262,19.2
2025-10-05T01:30:00Z,1.3741594617952444,19.1
2025-10-05T01:45:00Z,1.3610361022151878,19
2025-10-05T02:00:00Z,1.3610361022151878,18.9
2025-10-05T02:15:00Z,1.3511935825301435,18.7
2025-10-05T02:30:00Z,1.365802154296837,18.7
2025-10-05T02:45:00Z,1.365802154296837,18.6
2025-10-05T03:00:00Z,1.3559596346117928,18.4
2025-10-05T03:15:00Z,1.3461171149267557,18.3
2025-10-05T03:30:00Z,1.3461171149267557,18.2
2025-10-05T03:45:00Z,1.3461171149267557,18.1
2025-10-05T04:00:00Z,1.3329937553467062,17.9
2025-10-05T04:15:00Z,1.3461171149267557,17.9
2025-10-05T04:30:00Z,1.3526787947167804,17.8
2025-10-05T04:45:00Z,1.3526787947167804,17.7
2025-10-05T05:00:00Z,1.3461171149267557,17.6
2025-10-05T05:15:00Z,1.3329937553467062,17.5
2025-10-05T05:30:00Z,1.3559596346117928,17.4
2025-10-05T05:45:00Z,1.3526787947167804,17.3
2025-10-05T06:00:00Z,1.3511935825301435,17.3
2025-10-05T06:15:00Z,1.3511935825301435,17.1
2025-10-05T06:30:00Z,1.3511935825301435,17.1
2025-10-05T06:45:00Z,1.3610361022151878,17
2025-10-05T07:00:00Z,1.3741594617952444,17
2025-10-05T07:15:00Z,1.3726742496086075,17
2025-10-05T07:30:00Z,1.3628317299235704,16.9
2025-10-05T07:45:00Z,1.3777507172120025,16.9
2025-10-05T08:00:00Z,1.3711890374219706,16.9
2025-10-05T08:15:00Z,1.3565804656552913,16.9
2025-10-05T08:30:00Z,1.3598613055502966,17
2025-10-05T08:45:00Z,1.3664229853403285,17.1
2025-10-05T09:00:00Z,1.368218613048711,17.4
2025-10-05T09:15:00Z,1.38462281252378,17.8
2025-10-05T09:30:00Z,1.3879036524187924,17.8
2025-10-05T09:45:00Z,1.3977461721038296,17.9
2025-10-05T10:00:00Z,1.427273731158948,18.2
2025-10-05T10:15:00Z,1.43383541094898,18.4
2025-10-05T10:30:00Z,1.4535204503190542,19.3
2025-10-05T10:45:00Z,1.4043078518938614,19
2025-10-05T11:00:00Z,1.4141503715788986,19.6
2025-10-05T11:15:00Z,1.4681290220857406,20.2
2025-10-05T11:30:00Z,1.4090739039754965,19
2025-10-05T11:45:00Z,1.464848182190721,19.4
2025-10-05T12:00:00Z,1.4943757412458396,20.6
2025-10-05T12:15:00Z,1.4597717145873332,19.7
2025-10-05T12:30:00Z,1.5549160715427135,20.8
2025-10-05T12:45:00Z,1.461256926773956,21.1
2025-10-05T13:00:00Z,1.5662438034143804,20.6
2025-10-05T13:15:00Z,1.5775715352860544,19.9
2025-10-05T13:30:00Z,1.548043976230936,20.3
2025-10-05T13:45:00Z,1.628269345897884,20.6
2025-10-05T14:00:00Z,1.628269345897884,20.4
2025-10-05T14:15:00Z,1.6035078389244148,20.1
2025-10-05T14:30:00Z,1.639597077769558,20.8
2025-10-05T14:45:00Z,1.564137760184252,20.5
2025-10-05T15:00:00Z,1.7591925261766548,21.3
2025-10-05T15:15:00Z,1.709979927751462,21.6
2025-10-05T15:30:00Z,1.6115547309010694,22
2025-10-05T15:45:00Z,1.6246780904811189,20.7
2025-10-05T16:00:00Z,1.6607673293262692,21.3
2025-10-05T16:15:00Z,1.5853080117409633,21
2025-10-05T16:30:00Z,1.6115547309010694,21.3
2025-10-05T16:45:00Z,1.6556908617228814,22.1
2025-10-05T17:00:00Z,1.5736698643475506,21.5
2025-10-05T17:15:00Z,1.6261633026677629,22
2025-10-05T17:30:00Z,1.593354903717632,21.7
2025-10-05T17:45:00Z,1.534299785607395,21
2025-10-05T18:00:00Z,1.5539848249774693,21.7
2025-10-05T18:15:00Z,1.5244572659223579,21.9
2025-10-05T18:30:00Z,1.534299785607395,22
2025-10-05T18:45:00Z,1.5146147462373207,22.3
2025-10-05T19:00:00Z,1.5080530664472889,22.2
2025-10-05T19:15:00Z,1.4293129089669776,21.8
2025-10-05T19:30:00Z,1.4260320690719581,21.9
2025-10-05T19:45:00Z,1.399785349911859,21.9
2025-10-05T20:00:00Z,1.3768194706467654,21.6
2025-10-05T20:15:00Z,1.3589300589850595,21.7
2025-10-05T20:30:00Z,1.34580669940501,21.7
2025-10-05T20:45:00Z,1.3195599802448967,21.5
2025-10-05T21:00:00Z,1.2852663691081432,21.3
2025-10-05T21:15:00Z,1.2787046893181113,21.3
2025-10-05T21:30:00Z,1.25901964994803,21.2
2025-10-05T21:45:00Z,1.237849398391326,21.1
2025-10-05T22:00:00Z,1.2280068787062888,20.8
2025-10-05T22:15:00Z,1.2280068787062888,20.8
2025-10-05T22:30:00Z,1.2068366271495705,20.7
2025-10-05T22:45:00Z,1.2133983069395953,20.7
2025-10-05T23:00:00Z,1.2133983069395953,20.6
2025-10-05T23:15:00Z,1.2068366271495705,20.4
2025-10-05T23:30:00Z,1.1955088952778965,20.4
2025-10-05T23:45:00Z,1.1955088952778965,20.3
2025-10-06T00:00:00Z,1.192228055382877,20.2
2025-10-06T00:15:00Z,1.192228055382877,20.1
2025-10-06T00:30:00Z,1.1955088952778965,20
2025-10-06T00:45:00Z,1.2020705750679213,19.9
2025-10-06T01:00:00Z,1.1955088952778965,19.8
2025-10-06T01:15:00Z,1.2020705750679213,19.7
2025-10-06T01:30:00Z,1.2020705750679213,19.6
2025-10-06T01:45:00Z,1.1955088952778965,19.6
2025-10-06T02:00:00Z,1.1856663755928594,19.5
2025-10-06T02:15:00Z,1.192228055382877,19.4
2025-10-06T02:30:00Z,1.192228055382877,19.4
2025-10-06T02:45:00Z,1.192228055382877,19.3
2025-10-06T03:00:00Z,1.1969941074645334,19.3
2025-10-06T03:15:00Z,1.203555787254551,19.2
2025-10-06T03:30:00Z,1.1969941074645334,19.2
2025-10-06T03:45:00Z,1.214883519126225,19.2
2025-10-06T04:00:00Z,1.2181643590212445,19.2
2025-10-06T04:15:00Z,1.214883519126225,19.1
2025-10-06T04:30:00Z,1.2181643590212445,19.1
2025-10-06T04:45:00Z,1.2247260388112693,19.1
2025-10-06T05:00:00Z,1.2166791468346148,19.1
2025-10-06T05:15:00Z,1.2232408266246324,19.2
2025-10-06T05:30:00Z,1.2166791468346148,19.1
2025-10-06T05:45:00Z,1.2053514149629407,19.1
2025-10-06T06:00:00Z,1.2151939346479779,19.1
2025-10-06T06:15:00Z,1.2104278825663357,19.1
2025-10-06T06:30:00Z,1.2104278825663357,19
2025-10-06T06:45:00Z,1.1991001506946617,19
2025-10-06T07:00:00Z,1.202380990589667,18.9
2025-10-06T07:15:00Z,1.202380990589667,18.9
2025-10-06T07:30:00Z,1.2122235102747112,18.9
2025-10-06T07:45:00Z,1.207457458193069,18.8
2025-10-06T08:00:00Z,1.207457458193069,18.8
2025-10-06T08:15:00Z,1.2107382980880814,18.8
2025-10-06T08:30:00Z,1.1994105662164074,18.8
2025-10-06T08:45:00Z,1.2059722460064393,18.8
2025-10-06T09:00:00Z,1.2059722460064393,18.7
2025-10-06T09:15:00Z,1.1946445141347652,18.7
2025-10-06T09:30:00Z,1.1979253540297776,18.7
2025-10-06T09:45:00Z,1.1979253540297776,18.7
2025-10-06T10:00:00Z,1.1979253540297776,18.7
2025-10-06T10:15:00Z,1.2077678737148148,18.7
2025-10-06T10:30:00Z,1.2241720731898837,19.1
2025-10-06T10:45:00Z,1.2241720731898837,19.2
2025-10-06T11:00:00Z,1.2143295535048395,19.4
2025-10-06T11:15:00Z,1.2044870338198024,19.8
2025-10-06T11:30:00Z,1.2077678737148148,20.7
2025-10-06T11:45:00Z,1.1782403146596963,20.4
2025-10-06T12:00:00Z,1.186287206636358,20.2
2025-10-06T12:15:00Z,1.1666021672662765,20.5
2025-10-06T12:30:00Z,1.1895680465313703,20.5
2025-10-06T12:45:00Z,1.1501979677912146,20.7
2025-10-06T13:00:00Z,1.186287206636358,21.1
2025-10-06T13:15:00Z,1.207457458193069,21.3
2025-10-06T13:30:00Z,1.1680873794529134,20.2
2025-10-06T13:45:00Z,1.2304233374581628,21.8
2025-10-06T14:00:00Z,1.2319085496447926,21.3
2025-10-06T14:15:00Z,1.2319085496447926,21.6
2025-10-06T14:30:00Z,1.2679977884899358,21.8
2025-10-06T14:45:00Z,1.2694830006765727,21.5
2025-10-06T15:00:00Z,1.3088530794167283,21.6
2025-10-06T15:15:00Z,1.331818958681822,22.3
2025-10-06T15:30:00Z,1.3022913996267036,21.5
2025-10-06T15:45:00Z,1.2990105597316912,21.4
2025-10-06T16:00:00Z,1.3103382916033581,21.4
2025-10-06T16:15:00Z,1.3201808112883953,22.1
2025-10-06T16:30:00Z,1.3234616511834076,22.3
2025-10-06T16:45:00Z,1.3136191314983705,22.1
2025-10-06T17:00:00Z,1.3037766118133263,22
2025-10-06T17:15:00Z,1.2808107325482396,21.6
2025-10-06T17:30:00Z,1.2709682128631954,21.9
2025-10-06T17:45:00Z,1.2512831734931211,21.6
2025-10-06T18:00:00Z,1.2512831734931211,21.9
2025-10-06T18:15:00Z,1.203866202776311,21.6
2025-10-06T18:30:00Z,1.1907428431962543,21.5
2025-10-06T18:45:00Z,1.171057803826173,21.4
2025-10-06T19:00:00Z,1.1612152841411358,21.2
2025-10-06T19:15:00Z,1.1513727644560987,21.1
2025-10-06T19:30:00Z,1.144811084666074,21.1
2025-10-06T19:45:00Z,1.144811084666074,21
2025-10-06T20:00:00Z,1.1400450325844247,21
2025-10-06T20:15:00Z,1.1334833527944,20.8
2025-10-06T20:30:00Z,1.1334833527944,20.7
2025-10-06T20:45:00Z,1.122155620922733,20.6
2025-10-06T21:00:00Z,1.110827889051059,20.6
2025-10-06T21:15:00Z,1.1173895688410838,20.6
2025-10-06T21:30:00Z,1.1173895688410838,20.5
2025-10-06T21:45:00Z,1.1093426768644221,20.4
2025-10-06T22:00:00Z,1.1159043566544469,20.3
2025-10-06T22:15:00Z,1.1191851965494592,20.2
2025-10-06T22:30:00Z,1.125746876339484,20.1
2025-10-06T22:45:00Z,1.1290277162345035,20
2025-10-06T23:00:00Z,1.1290277162345035,19.9
2025-10-06T23:15:00Z,1.1176999843628366,19.7
2025-10-06T23:30:00Z,1.1388702359195406,19.7
2025-10-06T23:45:00Z,1.1341041838378985,19.5
2025-10-07T00:00:00Z,1.1439467035229356,19.5
2025-10-07T00:15:00Z,1.137385023732918,19.4
2025-10-07T00:15:00Z,1.137385023732918,19.4
2025-10-07T00:30:00Z,1.147227543417955,19.4
2025-10-07T00:45:00Z,1.1439467035229356,19.3
2025-10-07T01:00:00Z,1.1439467035229356,19.3
2025-10-07T01:15:00Z,1.147227543417955,19.3
2025-10-07T01:30:00Z,1.137385023732918,19.2
2025-10-07T01:45:00Z,1.137385023732918,19.1
2025-10-07T02:00:00Z,1.1439467035229356,19.1
2025-10-07T02:00:00Z,1.1439467035229356,19.1
2025-10-07T02:15:00Z,1.1439467035229356,19.2
2025-10-07T02:30:00Z,1.1487127556045849,19
2025-10-07T02:45:00Z,1.1552744353946025,19.1
2025-10-07T03:00:00Z,1.1454319157095654,19
2025-10-07T03:15:00Z,1.1487127556045849,19
2025-10-07T03:30:00Z,1.1487127556045849,19
2025-10-07T03:45:00Z,1.1454319157095654,19
2025-10-07T04:00:00Z,1.1666021672662765,19
2025-10-07T04:15:00Z,1.1487127556045849,19
2025-10-07T04:30:00Z,1.1567596475812394,18.9
2025-10-07T04:45:00Z,1.1600404874762589,18.9
2025-10-07T05:00:00Z,1.1487127556045849,18.8
2025-10-07T05:15:00Z,1.1552744353946025,18.8
2025-10-07T05:30:00Z,1.1454319157095654,18.7
2025-10-07T05:45:00Z,1.1487127556045849,18.7
2025-10-07T06:00:00Z,1.1487127556045849,18.7
2025-10-07T06:15:00Z,1.1454319157095654,18.6
2025-10-07T06:30:00Z,1.1439467035229356,18.6
2025-10-07T06:45:00Z,1.158555275289622,18.6
2025-10-07T07:00:00Z,1.1651169550796467,18.5
2025-10-07T07:15:00Z,1.168397794974652,18.5
2025-10-07T07:30:00Z,1.163631742893017,18.5
2025-10-07T07:45:00Z,1.1767551024730665,18.5
2025-10-07T08:00:00Z,1.16214653070638,18.4
2025-10-07T08:15:00Z,1.1719890503914243,18.5
2025-10-07T08:30:00Z,1.1639421584147698,18.5
2025-10-07T08:45:00Z,1.1591761063331205,18.5
2025-10-07T09:00:00Z,1.162456946228133,18.5
2025-10-07T09:15:00Z,1.162456946228133,18.5
2025-10-07T09:30:00Z,1.1511292143564589,18.5
2025-10-07T09:45:00Z,1.1511292143564589,18.6
2025-10-07T10:00:00Z,1.1576908941464836,18.6
2025-10-07T10:15:00Z,1.149644002169829,18.6
2025-10-07T10:30:00Z,1.1463631622748167,18.5
2025-10-07T10:45:00Z,1.1463631622748167,18.5
2025-10-07T11:00:00Z,1.149644002169829,18.6
2025-10-07T11:15:00Z,1.1594865218548733,19.2
2025-10-07T11:15:00Z,1.1594865218548733,19.2
2025-10-07T11:30:00Z,1.1576908941464836,18.7
2025-10-07T11:45:00Z,1.1478483744614465,18.7
2025-10-07T12:00:00Z,1.2003418127816587,19.6
2025-10-07T12:15:00Z,1.1872184532016092,19
2025-10-07T12:30:00Z,1.1985461850732833,19
2025-10-07T12:45:00Z,1.2018270249682885,19
2025-10-07T13:00:00Z,1.2182312244433575,19
2025-10-07T13:15:00Z,1.232839796210044,19
2025-10-07T13:30:00Z,1.2295589563150315,18.9
2025-10-07T13:45:00Z,1.2492439956851058,18.9
2025-10-07T14:00:00Z,1.280256766926854,19
2025-10-07T14:15:00Z,1.2900992866118912,19
2025-10-07T14:30:00Z,1.2999418062969355,19.1
2025-10-07T14:45:00Z,1.3097843259819726,19.2
2025-10-07T15:00:00Z,1.322907685562022,19.3
2025-10-07T15:15:00Z,1.3539204568037775,19.4
2025-10-07T15:30:00Z,1.350639616908765,19.3
2025-10-07T15:45:00Z,1.3703246562788465,19.5
2025-10-07T16:00:00Z,1.3604821365938022,19.3
2025-10-07T16:15:00Z,1.3900096956489278,19.6
2025-10-07T16:30:00Z,1.411179947205632,19.7
2025-10-07T16:45:00Z,1.4243033067856814,19.8
2025-10-07T17:00:00Z,1.4702350653158618,20
2025-10-07T17:15:00Z,1.5030434642659927,21
2025-10-07T17:30:00Z,1.480077585000906,20.5
2025-10-07T17:45:00Z,1.4603925456308247,20.5
2025-10-07T18:00:00Z,1.4308649865757062,20.2
2025-10-07T18:15:00Z,1.4341458264707256,20.4
2025-10-07T18:30:00Z,1.4308649865757062,20.7
2025-10-07T18:45:00Z,1.411179947205632,20.9
2025-10-07T19:00:00Z,1.3962609599171998,21
2025-10-07T19:15:00Z,1.3765759205471184,20.7
2025-10-07T19:30:00Z,1.3554056689904073,20.6
2025-10-07T19:45:00Z,1.3554056689904073,20.6
2025-10-07T20:00:00Z,1.3422823094103506,20.6
2025-10-07T20:15:00Z,1.3309545775386837,20.6
2025-10-07T20:30:00Z,1.3196268456670097,20.6
2025-10-07T20:45:00Z,1.2918949143202738,20.5
2025-10-07T21:00:00Z,1.2820523946352438,20.4
2025-10-07T21:15:00Z,1.2787715547402243,20.4
2025-10-07T21:30:00Z,1.25908651537015,20.3
2025-10-07T21:45:00Z,1.2411971037084513,20.3
2025-10-07T22:00:00Z,1.2525248355801253,20.2
2025-10-07T22:15:00Z,1.2492439956851058,20.1
2025-10-07T22:30:00Z,1.242682315895081,20.1
2025-10-07T22:45:00Z,1.2295589563150315,20
2025-10-07T23:00:00Z,1.22151206433837,19.8
2025-10-07T23:15:00Z,1.2116695446533328,19.4
2025-10-07T23:30:00Z,1.2182312244433575,19.4
2025-10-07T23:45:00Z,1.2295589563150315,19.3
2025-10-08T00:00:00Z,1.22151206433837,19.2
2025-10-08T00:15:00Z,1.2182312244433575,19.1
2025-10-08T00:30:00Z,1.22151206433837,19.1
2025-10-08T00:45:00Z,1.22151206433837,19
2025-10-08T01:00:00Z,1.2280737441283947,18.9
2025-10-08T01:15:00Z,1.231354584023407,18.7
2025-10-08T01:30:00Z,1.22151206433837,18.7
2025-10-08T01:45:00Z,1.22151206433837,18.7
2025-10-08T02:00:00Z,1.2116695446533328,18.5
2025-10-08T02:15:00Z,1.2083887047583204,18.5
2025-10-08T02:30:00Z,1.2083887047583204,18.4
2025-10-08T02:45:00Z,1.2229972765250068,18.3
2025-10-08T03:00:00Z,1.2229972765250068,18.2
2025-10-08T03:15:00Z,1.2507292078717356,18.2
2025-10-08T03:30:00Z,1.232839796210044,18.2
2025-10-08T03:45:00Z,1.2229972765250068,18.1
2025-10-08T04:00:00Z,1.232839796210044,18
2025-10-08T04:15:00Z,1.2295589563150315,18
2025-10-08T04:30:00Z,1.2229972765250068,17.9
2025-10-08T04:45:00Z,1.232839796210044,17.9
2025-10-08T05:00:00Z,1.232839796210044,17.8
2025-10-08T05:15:00Z,1.2394014760000687,17.8
2025-10-08T05:30:00Z,1.2394014760000687,17.7
2025-10-08T05:45:00Z,1.242682315895081,17.7
2025-10-08T06:00:00Z,1.231354584023407,17.7
2025-10-08T06:15:00Z,1.2379162638134318,17.6
2025-10-08T06:30:00Z,1.2411971037084513,17.5
2025-10-08T06:45:00Z,1.236431051626802,17.5
2025-10-08T07:00:00Z,1.236431051626802,17.4
2025-10-08T07:15:00Z,1.2397118915218144,17.4
2025-10-08T07:30:00Z,1.2495544112068586,17.4
2025-10-08T07:45:00Z,1.2593969308918957,17.3
2025-10-08T08:00:00Z,1.2349458394401722,17.3
2025-10-08T08:15:00Z,1.2447883591252094,17.3
2025-10-08T08:30:00Z,1.2480691990202288,17.3
2025-10-08T08:45:00Z,1.2579117187052589,17.3
2025-10-08T09:00:00Z,1.2743159181803279,17.5
2025-10-08T09:15:00Z,1.3136859969204906,18.2
2025-10-08T09:30:00Z,1.3366518761855772,18.5
2025-10-08T09:45:00Z,1.331885824103928,18.9
2025-10-08T10:00:00Z,1.3351666639989404,19
2025-10-08T10:15:00Z,1.341728343788965,19.8
2025-10-08T10:30:00Z,1.3304006119172982,20.1
2025-10-08T10:45:00Z,1.2811880134920983,18.9
2025-10-08T11:00:00Z,1.304153892757192,18.7
2025-10-08T11:15:00Z,1.3304006119172982,18.6
2025-10-08T11:30:00Z,1.3336814518123106,18.4
2025-10-08T11:45:00Z,1.3712559028440836,18.3
2025-10-08T12:00:00Z,1.3843792624241402,18.2
2025-10-08T12:15:00Z,1.4237493411642888,18.3
2025-10-08T12:30:00Z,1.4317962331409575,18.4
2025-10-08T12:45:00Z,1.4317962331409575,18.4
2025-10-08T13:00:00Z,1.4350770730359699,18.5
2025-10-08T13:15:00Z,1.4759323639627553,18.8
2025-10-08T13:30:00Z,1.4642942165693427,18.5
2025-10-08T13:45:00Z,1.4642942165693427,18.6
2025-10-08T14:00:00Z,1.5740471452914093,19.3
2025-10-08T14:15:00Z,1.623259743716602,19
2025-10-08T14:30:00Z,1.6462256229816958,19.1
2025-10-08T14:45:00Z,1.6527873027717277,19
2025-10-08T15:00:00Z,1.6527873027717277,19
2025-10-08T15:15:00Z,1.6575533548533627,19
2025-10-08T15:30:00Z,1.6870809139084813,19.3
2025-10-08T15:45:00Z,1.6838000740134689,19.1
2025-10-08T16:00:00Z,1.726450992648644,19.4
2025-10-08T16:15:00Z,1.8051911501289553,19.9
2025-10-08T16:30:00Z,1.9101780267693727,20.6
2025-10-08T16:45:00Z,1.9101780267693727,20.4
2025-10-08T17:00:00Z,1.9233013863494222,20.2
2025-10-08T17:15:00Z,1.9397055858244912,20.3
2025-10-08T17:30:00Z,1.962671465089585,20.9
2025-10-08T17:45:00Z,1.9397055858244912,21.1
2025-10-08T18:00:00Z,1.8806504677142541,20.9
2025-10-08T18:15:00Z,1.8347187091840738,20.9
2025-10-08T18:30:00Z,1.7855061107588739,20.8
2025-10-08T18:45:00Z,1.7362935123336811,21
2025-10-08T19:00:00Z,1.6772383942234441,21
2025-10-08T19:15:00Z,1.6247449559032319,20.9
2025-10-08T19:30:00Z,1.5674854655013846,20.7
2025-10-08T19:45:00Z,1.5346770665512537,20.7
2025-10-08T20:00:00Z,1.5149920271811723,20.6
2025-10-08T20:15:00Z,1.495306987811098,20.6
2025-10-08T20:30:00Z,1.4741367362543798,20.6
2025-10-08T20:45:00Z,1.4577325367793108,20.6
2025-10-08T21:00:00Z,1.4478900170942737,20.5
2025-10-08T21:15:00Z,1.4282049777241923,20.4
2025-10-08T21:30:00Z,1.42492413782918,20.3
2025-10-08T21:45:00Z,1.4183624580391623,20.3
2025-10-08T22:00:00Z,1.4070347261674883,20.2
2025-10-08T22:15:00Z,1.3939113665874316,20
2025-10-08T22:30:00Z,1.3727411150307205,19.8
2025-10-08T22:45:00Z,0.8642109313036883,19.8
2025-10-08T23:00:00Z,0.8528831994320072,19.7
2025-10-08T23:15:00Z,0.8543684116186512,19.6
2025-10-08T23:30:00Z,0.8510875717236388,19.6
2025-10-08T23:45:00Z,0.844525891933614,19.5
2025-10-09T00:00:00Z,0.8412450520386017,19.4
2025-10-09T00:15:00Z,0.8346833722485698,19.3
2025-10-09T00:30:00Z,0.8346833722485698,19.3
2025-10-09T00:45:00Z,0.8314025323535574,19.2
2025-10-09T01:00:00Z,0.8248408525635327,19
2025-10-09T01:15:00Z,0.8314025323535574,19
2025-10-09T01:30:00Z,0.8149983328784884,18.8
2025-10-09T01:45:00Z,0.8051558131934513,18.7
2025-10-09T02:00:00Z,0.8051558131934513,18.6
2025-10-09T02:15:00Z,0.8018749732984389,18.5
2025-10-09T02:30:00Z,0.7953132935084142,18.4
2025-10-09T02:45:00Z,0.8018749732984389,18.4
2025-10-09T03:00:00Z,0.8018749732984389,18.2
2025-10-09T03:15:00Z,0.7920324536134018,18.1
2025-10-09T03:30:00Z,0.8066410253800811,18
2025-10-09T03:45:00Z,0.8132027051701058,17.9
2025-10-09T04:00:00Z,0.8018749732984389,17.8
2025-10-09T04:15:00Z,0.8117174929834832,17.7
2025-10-09T04:30:00Z,0.8164835450651182,17.5
2025-10-09T04:45:00Z,0.8149983328784884,17.4
2025-10-09T05:00:00Z,0.8149983328784884,17.4
2025-10-09T05:15:00Z,0.8215600126685203,17.3
2025-10-09T05:30:00Z,0.8036706010068073,17.2
2025-10-09T05:45:00Z,0.8036706010068073,17
2025-10-09T06:00:00Z,0.8102322807968392,16.9
2025-10-09T06:15:00Z,0.8200748004818763,16.9
2025-10-09T06:30:00Z,0.8102322807968392,16.7
2025-10-09T06:45:00Z,0.8233556403768887,16.7
2025-10-09T07:00:00Z,0.8233556403768887,16.6
2025-10-09T07:15:00Z,0.8087470686102094,16.5
2025-10-09T07:30:00Z,0.8185895882952536,16.5
2025-10-09T07:45:00Z,0.821870428190266,16.5
2025-10-09T08:00:00Z,0.821870428190266,16.5
2025-10-09T08:15:00Z,0.8284321079802908,16.5
2025-10-09T08:30:00Z,0.8415554675603403,16.6
2025-10-09T08:45:00Z,0.8564744548487795,16.8
2025-10-09T09:00:00Z,0.8597552947437848,16.9
2025-10-09T09:15:00Z,0.8794403341138661,17.2
2025-10-09T09:30:00Z,0.8761594942188466,17.1
2025-10-09T09:45:00Z,0.8794403341138661,17.1
2025-10-09T10:00:00Z,0.9155295729590094,17.5
2025-10-09T10:15:00Z,0.9188104128540218,17.6
2025-10-09T10:30:00Z,0.9450571320141279,17.6
2025-10-09T10:45:00Z,1.0073930900193773,17.8
2025-10-09T11:00:00Z,1.1073034990564068,18.1
2025-10-09T11:15:00Z,1.1466735777965624,18.4
2025-10-09T11:30:00Z,1.1958861762217623,18.7
2025-10-09T11:45:00Z,1.2516604544369798,19.3
2025-10-09T12:00:00Z,1.400783461899202,20
2025-10-09T12:15:00Z,1.374536742739096,20
2025-10-09T12:30:00Z,1.3909409422141579,20.1
2025-10-09T12:45:00Z,1.4350770730359699,20.6
2025-10-09T13:00:00Z,1.4711663118811202,20.8
2025-10-09T13:15:00Z,1.5006938709362387,21.4
2025-10-09T13:30:00Z,1.4365622852225997,20.7
2025-10-09T13:45:00Z,1.5627194134197353,21.8
2025-10-09T14:00:00Z,1.5233493346795797,21
2025-10-09T14:15:00Z,1.613417224031565,22.3
2025-10-09T14:30:00Z,1.5478004261313032,21.7
2025-10-09T14:45:00Z,1.5346770665512537,22.2
2025-10-09T15:00:00Z,1.549285638317933,22.4
2025-10-09T15:15:00Z,1.490230520207696,22.1
2025-10-09T15:30:00Z,1.4967921999977207,21.9
2025-10-09T15:45:00Z,1.4475796015725209,22.1
2025-10-09T16:00:00Z,1.4114903627273847,22.2
2025-10-09T16:15:00Z,1.4082095228323652,22.6
2025-10-09T16:30:00Z,1.3703246562788465,22
2025-10-09T16:45:00Z,1.3342354174336961,22.3
2025-10-09T17:00:00Z,1.2751802993234662,22
2025-10-09T17:15:00Z,1.2325293806882982,21.8
2025-10-09T17:30:00Z,1.2047974493415552,21.8
2025-10-09T17:45:00Z,1.1752698902864367,21.7
2025-10-09T18:00:00Z,1.145742331231311,21.5
2025-10-09T18:15:00Z,1.1129339322811802,21.4
2025-10-09T18:30:00Z,1.1242616641528542,21.3
2025-10-09T18:45:00Z,1.088172425307718,21.1
2025-10-09T19:00:00Z,1.0735638535410317,21.1
2025-10-09T19:15:00Z,1.0571596540659627,21
2025-10-09T19:30:00Z,1.0571596540659627,21
2025-10-09T19:45:00Z,1.0538788141709503,20.9
2025-10-09T20:00:00Z,1.0261468828242144,20.8
2025-10-09T20:15:00Z,1.022866042929202,20.7
2025-10-09T20:30:00Z,1.0049766312675033,20.6
2025-10-09T20:45:00Z,1.011538311057528,20.6
2025-10-09T21:00:00Z,0.9936488993958292,20.5
2025-10-09T21:15:00Z,0.9936488993958292,20.4
2025-10-09T21:30:00Z,0.983806379710785,20.3
2025-10-09T21:45:00Z,0.9691978079441128,20.2
2025-10-09T22:00:00Z,0.9480275563873874,20.1
2025-10-09T22:15:00Z,0.9414658765973627,20
2025-10-09T22:30:00Z,0.9414658765973627,20
2025-10-09T22:45:00Z,0.9316233569123256,19.9
2025-10-09T23:00:00Z,0.9217808372272884,19.8
2025-10-09T23:15:00Z,0.9217808372272884,19.7
2025-10-09T23:30:00Z,0.918499997332269,19.6
2025-10-09T23:45:00Z,0.9020957978572071,19.4
2025-10-10T00:00:00Z,0.9020957978572071,19.3
2025-10-10T00:15:00Z,0.8889724382771504,19.2
2025-10-10T00:30:00Z,0.8988149579621876,19.1
2025-10-10T00:45:00Z,0.8988149579621876,19.1
2025-10-10T01:00:00Z,0.8791299185921204,18.9
2025-10-10T01:15:00Z,0.8791299185921204,18.8
2025-10-10T01:30:00Z,0.8791299185921204,18.7
2025-10-10T01:45:00Z,0.8806151307787573,18.6
2025-10-10T02:00:00Z,0.8609300914086759,18.6
2025-10-10T02:15:00Z,0.8707726110937202,18.5
2025-10-10T02:30:00Z,0.8642109313036883,18.5
2025-10-10T02:45:00Z,0.8755386631753552,18.4
2025-10-10T03:00:00Z,0.8656961434903181,18.3
2025-10-10T03:15:00Z,0.8737430354669797,18.2
2025-10-10T03:30:00Z,0.8737430354669797,18.1
2025-10-10T03:45:00Z,0.8639005157819426,18
2025-10-10T04:00:00Z,0.878509087548629,17.9
2025-10-10T04:15:00Z,0.8752282476536166,17.8
2025-10-10T04:30:00Z,0.8850707673386538,17.7
2025-10-10T04:45:00Z,0.878509087548629,17.6
2025-10-10T05:00:00Z,0.8752282476536166,17.5
2025-10-10T05:15:00Z,0.8850707673386538,17.4
2025-10-10T05:30:00Z,0.8883516072336661,17.3
2025-10-10T05:45:00Z,0.878509087548629,17.1
2025-10-10T06:00:00Z,0.867181355676955,17
2025-10-10T06:15:00Z,0.8850707673386538,16.9
2025-10-10T06:30:00Z,0.8540579960968984,16.8
2025-10-10T06:45:00Z,0.8752282476536166,16.8
2025-10-10T07:00:00Z,0.8770238753619921,16.7
2025-10-10T07:15:00Z,0.8949132870236909,16.7
2025-10-10T07:30:00Z,0.8981941269187033,16.7
2025-10-10T07:45:00Z,0.8967089147320735,16.7
2025-10-10T08:00:00Z,0.8868663950470292,16.6
2025-10-10T08:15:00Z,0.8967089147320735,16.6
2025-10-10T08:30:00Z,0.9131131142071425,16.8
2025-10-10T08:45:00Z,0.9131131142071425,16.7
2025-10-10T09:00:00Z,0.9327981535772096,16.9
2025-10-10T09:15:00Z,0.9426406732622539,16.8
2025-10-10T09:30:00Z,0.9557640328423105,17
2025-10-10T09:45:00Z,0.9852915918974219,17
2025-10-10T10:00:00Z,1.0345041903226218,17.3
2025-10-10T10:15:00Z,1.0509083897976907,17.2
2025-10-10T10:30:00Z,1.1198060275929649,18
2025-10-10T10:45:00Z,1.1919845052832514,18.6
2025-10-10T11:00:00Z,1.25908651537015,19
2025-10-10T11:15:00Z,1.3115799536903552,19.3
2025-10-10T11:30:00Z,1.2918949143202738,19.9
2025-10-10T11:45:00Z,1.3312649930604366,20.8
2025-10-10T12:00:00Z,1.3327502052470663,21.3
2025-10-10T12:15:00Z,1.2900992866118912,20.4
2025-10-10T12:30:00Z,1.3900096956489278,21.1
2025-10-10T12:45:00Z,1.4326606142840959,20.8
2025-10-10T13:00:00Z,1.6098259686148069,21.6
2025-10-10T13:15:00Z,1.7261405771268912,22.7
2025-10-10T13:30:00Z,1.6980982302584096,22.1
2025-10-10T13:45:00Z,1.7127068020250888,22.3
2025-10-10T14:00:00Z,1.7094259621300836,22.5
2025-10-10T14:15:00Z,1.674821935471563,22.4
2025-10-10T14:30:00Z,1.7550473051385111,23.1
2025-10-10T14:45:00Z,1.7123963865033431,22.6
2025-10-10T15:00:00Z,1.7320814258734245,23.1
2025-10-10T15:15:00Z,1.8024642758553213,23.6
2025-10-10T15:30:00Z,1.8137920077269953,24.4
2025-10-10T15:45:00Z,1.777702768881852,24
2025-10-10T16:00:00Z,1.795592180543558,24
2025-10-10T16:15:00Z,1.7693454613834447,24.1
2025-10-10T16:30:00Z,1.6971669836931582,23.1
2025-10-10T16:45:00Z,1.6676394246380397,23.7
2025-10-10T17:00:00Z,1.6330353979795333,23.5
2025-10-10T17:15:00Z,1.6789671565097137,23.8
2025-10-10T17:30:00Z,1.6100695187144396,23.2
2025-10-10T17:45:00Z,1.6199120383994838,23.4
2025-10-10T18:00:00Z,1.613350358609452,23.1
2025-10-10T18:15:00Z,1.570699439974284,23.1
2025-10-10T18:30:00Z,1.4821167628089285,22.6
2025-10-10T18:45:00Z,1.462431723438847,22.6
2025-10-10T19:00:00Z,1.392048873456936,22.4
2025-10-10T19:15:00Z,1.3723638340868618,22.4
2025-10-10T19:30:00Z,1.3165895558716372,22
2025-10-10T19:45:00Z,1.2757342649448447,22
2025-10-10T20:00:00Z,1.2724534250498323,21.8
2025-10-10T20:15:00Z,1.252768385679751,21.8
2025-10-10T20:30:00Z,1.2330833463096766,21.8
2025-10-10T20:45:00Z,1.2265216665196519,21.7
2025-10-10T21:00:00Z,1.2068366271495705,21.6
2025-10-10T21:15:00Z,1.177309068094452,21.4
2025-10-10T21:30:00Z,1.1641857085144025,21.3
2025-10-10T21:45:00Z,1.1445006691443211,21.1
2025-10-10T22:00:00Z,1.1134878979025657,21
2025-10-10T22:15:00Z,1.0938028585324915,20.9
2025-10-10T22:30:00Z,1.0952880707191213,20.8
2025-10-10T22:45:00Z,1.0952880707191213,20.8
2025-10-10T23:00:00Z,1.0854455510340841,20.7
2025-10-10T23:15:00Z,1.0577136196873482,20.6
2025-10-10T23:30:00Z,1.0445902601072916,20.5
2025-10-10T23:45:00Z,1.0380285803172669,20.4
2025-10-11T00:00:00Z,1.0249052207372102,20.2
2025-10-11T00:15:00Z,1.0085010212621484,20.1
2025-10-11T00:30:00Z,0.9986585015771112,20
2025-10-11T00:45:00Z,1.0067053935537729,19.9
2025-10-11T01:00:00Z,0.9804586743936667,19.8
2025-10-11T01:15:00Z,0.9870203541836915,19.8
2025-10-11T01:30:00Z,0.9819438865802965,19.6
2025-10-11T01:45:00Z,0.9885055663703284,19.5
2025-10-11T02:00:00Z,0.9819438865802965,19.4
2025-10-11T02:15:00Z,0.9721013668952594,19.3
2025-10-11T02:30:00Z,0.9721013668952594,19.2
2025-10-11T02:45:00Z,0.9735865790818892,19.2
2025-10-11T03:00:00Z,0.9735865790818892,19.1
2025-10-11T03:15:00Z,0.9735865790818892,18.9
2025-10-11T03:30:00Z,NA,18.8
2025-10-11T03:45:00Z,0.9506206998168025,18.8
2025-10-11T04:00:00Z,0.963744059396852,18.7
2025-10-11T04:15:00Z,0.9539015397118149,18.6
2025-10-11T04:30:00Z,0.9604632195018397,18.5
2025-10-11T04:45:00Z,0.9652292715834818,18.4
2025-10-11T05:00:00Z,0.9652292715834818,18.3
2025-10-11T05:15:00Z,0.9717909513735066,18.2
2025-10-11T05:30:00Z,0.9816334710585508,18.1
2025-10-11T05:45:00Z,0.975071791268519,17.9
2025-10-11T06:00:00Z,0.975071791268519,17.8
2025-10-11T06:15:00Z,0.9849143109535561,17.7
2025-10-11T06:30:00Z,0.9735865790818892,17.6
2025-10-11T06:45:00Z,0.9703057391868839,17.5
2025-10-11T07:00:00Z,0.980148258871921,17.4
2025-10-11T07:15:00Z,0.980148258871921,17.4
2025-10-11T07:30:00Z,0.9786630466852841,17.3
2025-10-11T07:45:00Z,0.9885055663703284,17.3
2025-10-11T08:00:00Z,0.9983480860553655,17.4
2025-10-11T08:15:00Z,1.001628925950378,17.3
2025-10-11T08:30:00Z,1.0099862334487852,17.3
2025-10-11T08:45:00Z,1.0198287531338224,17.2
2025-10-11T09:00:00Z,1.0395137925039037,17.3
2025-10-11T09:15:00Z,1.0577136196873482,17.5
2025-10-11T09:30:00Z,1.064275299477373,17.6
2025-10-11T09:45:00Z,1.0938028585324915,17.9
2025-10-11T10:00:00Z,1.0970836984274968,17.9
2025-10-11T10:15:00Z,1.1528579766427285,18.3
2025-10-11T10:30:00Z,1.2414406538080769,18.7
2025-10-11T10:45:00Z,1.3216660234750321,18.9
2025-10-11T11:00:00Z,1.3526787947167804,18.6
2025-10-11T11:15:00Z,1.4332145799054743,19.1
2025-10-11T11:30:00Z,1.5396866687325286,19.6
2025-10-11T11:45:00Z,1.5921801070527408,19.5
2025-10-11T12:00:00Z,1.7004478235881777,19.7
2025-10-11T12:15:00Z,1.795592180543558,20.5
2025-10-11T12:30:00Z,1.8692558704204814,20.8
2025-10-11T12:45:00Z,1.8904261219771783,21.7
2025-10-11T13:00:00Z,1.8674602427120917,21.8
2025-10-11T13:15:00Z,1.8904261219771783,22
2025-10-11T13:30:00Z,1.9280005730089727,22.6
2025-10-11T13:45:00Z,1.88863049426881,22.4
2025-10-11T14:00:00Z,1.9918217432008447,22.7
2025-10-11T14:15:00Z,2.0097111548625506,23
2025-10-11T14:30:00Z,2.0210388867342175,23.9
2025-10-11T14:45:00Z,1.9372222616505042,23.4
2025-10-11T15:00:00Z,1.8387970648001044,23.1
2025-10-11T15:15:00Z,1.766618587109818,23.3
2025-10-11T15:30:00Z,1.6616317104693934,22.8
2025-10-11T15:45:00Z,1.5894532327791069,22.6
2025-10-11T16:00:00Z,1.5238364348788451,22.4
2025-10-11T16:15:00Z,1.4910280359287142,22.2
2025-10-11T16:30:00Z,1.4352537577134896,21.9
2025-10-11T16:45:00Z,1.4057261986583711,21.6
2025-10-11T17:00:00Z,1.3943984667867042,21.5
2025-10-11T17:15:00Z,1.3943984667867042,21.9
2025-10-11T17:30:00Z,1.3732282152300002,21.9
2025-10-11T17:45:00Z,1.3338581364898445,21.7
2025-10-11T18:00:00Z,1.2897220056680396,21.5
2025-10-11T18:15:00Z,1.260194446612914,21.4
2025-10-11T18:30:00Z,1.233947727452815,21.3
2025-10-11T18:45:00Z,1.2029349562110667,21.2
2025-10-11T19:00:00Z,1.1930924365260296,21.1
2025-10-11T19:15:00Z,1.1602840375758987,20.9
2025-10-11T19:30:00Z,1.1602840375758987,20.7
2025-10-11T19:45:00Z,1.1438798381008297,20.5
2025-10-11T20:00:00Z,1.1128670668590743,20.3
2025-10-11T20:15:00Z,1.0848247199905998,19.9
2025-10-11T20:30:00Z,1.0815438800955803,19.7
2025-10-11T20:45:00Z,1.0734969881189187,19.6
2025-10-11T21:00:00Z,1.0800586679089363,19.5
2025-10-11T21:15:00Z,1.0734969881189187,19.4
2025-10-11T21:30:00Z,1.0734969881189187,19.3
2025-10-11T21:45:00Z,1.0800586679089363,19.3
2025-10-11T22:00:00Z,1.0523267365622075,19
2025-10-11T22:15:00Z,1.0523267365622075,18.8
2025-10-11T22:30:00Z,1.0490458966672023,18.7
2025-10-11T22:45:00Z,1.0603736285388692,18.6
2025-10-11T23:00:00Z,1.0636544684338745,18.5
2025-10-11T23:15:00Z,1.0538119487488373,18.4
2025-10-11T23:30:00Z,1.0603736285388692,18.3
2025-10-11T23:45:00Z,1.0538119487488373,18.2
2025-10-12T00:00:00Z,1.050531108853825,18.1
2025-10-12T00:15:00Z,1.050531108853825,18.1
2025-10-12T00:30:00Z,1.050531108853825,18
2025-10-12T00:45:00Z,1.0538119487488373,18
2025-10-12T01:00:00Z,1.0538119487488373,17.9
2025-10-12T01:15:00Z,1.0603736285388692,17.9
2025-10-12T01:30:00Z,1.0538119487488373,17.8
2025-10-12T01:45:00Z,1.0538119487488373,17.7
2025-10-12T02:00:00Z,1.0439694290638002,17.6
2025-10-12T02:15:00Z,1.0439694290638002,17.5
2025-10-12T02:30:00Z,1.034126909378756,17.4
2025-10-12T02:45:00Z,1.0308460694837436,17.3
2025-10-12T03:00:00Z,1.0242843896937188,17.2
2025-10-12T03:15:00Z,1.0242843896937188,17.2
2025-10-12T03:30:00Z,1.0242843896937188,17.1
2025-10-12T03:45:00Z,1.0421738013554247,17
2025-10-12T04:00:00Z,1.0257696018803628,16.9
2025-10-12T04:15:00Z,1.0356121215654,16.8
2025-10-12T04:30:00Z,1.0421738013554247,16.8
2025-10-12T04:45:00Z,1.0356121215654,16.6
2025-10-12T05:00:00Z,1.0421738013554247,16.5
2025-10-12T05:15:00Z,1.052016321040469,16.5
2025-10-12T05:30:00Z,1.052016321040469,16.3
2025-10-12T05:45:00Z,1.0439694290638002,16.2
2025-10-12T06:00:00Z,1.0406885891687878,16
2025-10-12T06:15:00Z,1.034126909378756,15.9
2025-10-12T06:30:00Z,1.029360857297121,15.8
2025-10-12T06:45:00Z,1.0326416971921333,15.8
2025-10-12T07:00:00Z,1.039203376982158,15.6
2025-10-12T07:15:00Z,1.0439694290638002,15.6
2025-10-12T07:30:00Z,1.039203376982158,15.6
2025-10-12T07:45:00Z,1.0734969881189187,15.7
2025-10-12T08:00:00Z,1.0490458966672023,15.6
2025-10-12T08:15:00Z,1.0490458966672023,15.6
2025-10-12T08:30:00Z,1.0621692562472518,15.8
2025-10-12T08:45:00Z,1.0785734557223137,16
2025-10-12T09:00:00Z,1.1113818546724445,16.4
2025-10-12T09:15:00Z,1.1081010147774322,16.2
2025-10-12T09:30:00Z,1.1081010147774322,16.1
2025-10-12T09:45:00Z,1.140909413727563,16.3
2025-10-12T10:00:00Z,1.1704369727826816,16.5
2025-10-12T10:15:00Z,1.2294920908929186,16.7
2025-10-12T10:30:00Z,1.2670665419246916,16.4
2025-10-12T10:45:00Z,1.3261216600349286,16.6
2025-10-12T11:00:00Z,1.3801003105417777,16.7
2025-10-12T11:15:00Z,1.4982105467622517,17.3
2025-10-12T11:30:00Z,1.7344310192031998,18.5
2025-10-12T11:45:00Z,1.8689454548987285,18.7
2025-10-12T12:00:00Z,2.086966100156225,19.4
2025-10-12T12:15:00Z,2.1952338166916547,19.1
2025-10-12T12:30:00Z,2.387007742789052,19.7
2025-10-12T12:45:00Z,2.5951858683615114,21.1
2025-10-12T13:00:00Z,2.57550082899143,21.3
2025-10-12T13:15:00Z,2.613075280023203,21.6
2025-10-12T13:30:00Z,2.5489436943095782,21.4
2025-10-12T13:45:00Z,2.6768964502150894,22.2
2025-10-12T14:00:00Z,2.694785861876781,22.7
2025-10-12T14:15:00Z,2.658696623031638,21.7
2025-10-12T14:30:00Z,2.7341559406169367,22.8
2025-10-12T14:45:00Z,2.6404967958482004,22.5
2025-10-12T15:00:00Z,2.7684495517537115,23.1
2025-10-12T15:15:00Z,2.863593908709092,23.4
2025-10-12T15:30:00Z,2.7848537512287734,23.9
2025-10-12T15:45:00Z,2.755326192173655,24.3
2025-10-12T16:00:00Z,2.573084370239556,23.4
2025-10-12T16:15:00Z,2.4156040552789193,23.1
2025-10-12T16:30:00Z,2.23664307323984,22.2
2025-10-12T16:45:00Z,2.2497664328198965,22.4
2025-10-12T17:00:00Z,2.2497664328198965,22.6
2025-10-12T17:15:00Z,2.198758206686321,22.7
2025-10-12T17:30:00Z,2.2268005535548028,22.4
2025-10-12T17:45:00Z,2.221724085951408,22.1
2025-10-12T18:00:00Z,2.2086007263713583,22.5
2025-10-12T18:15:00Z,2.0511204114107287,22
2025-10-12T18:30:00Z,2.0033930251721586,22.1
2025-10-12T18:45:00Z,1.8951253086367217,21.5
2025-10-12T19:00:00Z,1.855755229896566,21.7
2025-10-12T19:15:00Z,1.7999809516813414,21.6
2025-10-12T19:30:00Z,1.7573300330461734,21.5
2025-10-12T19:45:00Z,1.6884323952508993,21.2
2025-10-12T20:00:00Z,1.6425006367207118,21
2025-10-12T20:15:00Z,1.6031305579805561,20.9
2025-10-12T20:30:00Z,1.5604796393453881,20.7
2025-10-12T20:45:00Z,1.5211095606052254,20.6
2025-10-12T21:00:00Z,1.4850203217600821,20.4
2025-10-12T21:15:00Z,1.4441650308332967,20.1
2025-10-12T21:30:00Z,1.4146374717781782,20.1
2025-10-12T21:45:00Z,1.3818290728280473,20
2025-10-12T22:00:00Z,1.3606588212713362,20
2025-10-12T22:15:00Z,1.3442546217962743,19.9
2025-10-12T22:30:00Z,1.3212887425311806,19.8
2025-10-12T22:45:00Z,1.3048845430561116,19.7
2025-10-12T23:00:00Z,1.2851995036860373,19.7
2025-10-12T23:15:00Z,1.2607484122342996,19.6
2025-10-12T23:30:00Z,1.2541867324442748,19.5
2025-10-12T23:45:00Z,1.231220853179181,19.4
2025-10-13T00:00:00Z,1.2148166537041192,19.2
2025-10-13T00:15:00Z,1.2016932941240626,19.1
2025-10-13T00:30:00Z,1.1918507744390254,19
2025-10-13T00:45:00Z,1.1918507744390254,19
2025-10-13T01:00:00Z,1.1852890946490007,18.9
2025-10-13T01:15:00Z,1.1706805228823143,18.7
2025-10-13T01:30:00Z,1.1641188430922966,18.7
2025-10-13T01:45:00Z,1.139667751640566,18.6
2025-10-13T02:00:00Z,1.139667751640566,18.5
2025-10-13T02:15:00Z,1.128340019768899,18.4
2025-10-13T02:30:00Z,1.1184975000838548,18.2
2025-10-13T02:45:00Z,1.11193582029383,18.2
2025-10-13T03:00:00Z,1.1020933006087859,18
2025-10-13T03:15:00Z,1.1020933006087859,17.9
2025-10-13T03:30:00Z,1.1086549803988177,17.9
2025-10-13T03:45:00Z,1.1020933006087859,17.8
2025-10-13T04:00:00Z,1.1086549803988177,17.7
2025-10-13T04:15:00Z,1.1086549803988177,17.6
2025-10-13T04:30:00Z,1.1086549803988177,17.5
2025-10-13T04:45:00Z,1.11193582029383,17.5
2025-10-13T05:00:00Z,1.1184975000838548,17.4
2025-10-13T05:15:00Z,1.1071697682121808,17.3
2025-10-13T05:30:00Z,1.100608088422156,17.3
2025-10-13T05:45:00Z,1.1071697682121808,17.2
2025-10-13T06:00:00Z,1.0892803565504892,17.1
2025-10-13T06:15:00Z,1.0892803565504892,17
2025-10-13T06:30:00Z,1.0892803565504892,16.9
2025-10-13T06:45:00Z,1.0779526246788222,16.8
2025-10-13T07:00:00Z,1.084514304468847,16.6
2025-10-13T07:15:00Z,1.084514304468847,16.6
2025-10-13T07:30:00Z,1.0877951443638594,16.5
2025-10-13T07:45:00Z,1.1074801837339407,16.5
2025-10-13T08:00:00Z,1.1027141316522844,16.5
2025-10-13T08:15:00Z,1.115837491232341,16.5
2025-10-13T08:30:00Z,1.1256800109173852,16.5
2025-10-13T08:45:00Z,1.1241947987307555,16.6
2025-10-13T09:00:00Z,1.1504415178908616,16.7
2025-10-13T09:15:00Z,1.1489563057042176,16.8
2025-10-13T09:30:00Z,1.178483864759336,16.8
2025-10-13T09:45:00Z,1.2178539434994917,16.9
2025-10-13T10:00:00Z,1.3786150983551337,18.2
2025-10-13T10:15:00Z,1.3654917387750842,17.8
2025-10-13T10:30:00Z,1.414704337200277,18.1
2025-10-13T10:45:00Z,1.4475127361504079,18
2025-10-13T11:00:00Z,1.5149251617590593,18.3
2025-10-13T11:15:00Z,1.5820271718459509,18.2
2025-10-13T11:30:00Z,1.6935757282764001,18.6
2025-10-13T11:45:00Z,1.7821584054417485,18.8
2025-10-13T12:00:00Z,1.8969878017672102,19.6
2025-10-13T12:15:00Z,1.9363578805073658,19.8
2025-10-13T12:30:00Z,1.9706514916441407,19.8
2025-10-13T12:45:00Z,2.016583250174321,20.1
2025-10-13T13:00:00Z,2.049391649124452,20.3
2025-10-13T13:15:00Z,2.049391649124452,19.9
2025-10-13T13:30:00Z,2.086966100156225,20.1
2025-10-13T13:45:00Z,2.147506430453099,20.3
2025-10-13T14:00:00Z,2.1704723097181926,20.4
2025-10-13T14:15:00Z,2.22773180012004,20.5
2025-10-13T14:30:00Z,2.2178892804349957,20.6
2025-10-13T14:45:00Z,2.260540199070171,21
2025-10-13T15:00:00Z,2.2506976793851265,21.2
2025-10-13T15:15:00Z,2.2310126400150594,20.9
2025-10-13T15:30:00Z,2.2474168394901213,21.3
2025-10-13T15:45:00Z,2.2506976793851265,21.4
2025-10-13T16:00:00Z,2.1916425612748967,21.7
2025-10-13T16:15:00Z,2.11946408358461,21.7
2025-10-13T16:30:00Z,2.0210388867342175,21.6
2025-10-13T16:45:00Z,1.9127711701987806,21.1
2025-10-13T17:00:00Z,1.8077842935583561,20.6
2025-10-13T17:15:00Z,1.755290855238151,20.5
2025-10-13T17:30:00Z,1.7192016163930077,20.4
2025-10-13T17:45:00Z,1.67506548557121,20.2
2025-10-13T18:00:00Z,1.647023138702714,20.1
2025-10-13T18:15:00Z,1.599606167985911,20
2025-10-13T18:30:00Z,1.556955249350736,19.9
2025-10-13T18:45:00Z,1.5062574387389063,19.8
2025-10-13T19:00:00Z,1.470168199893756,19.8
2025-10-13T19:15:00Z,1.4391554286520076,19.8
2025-10-13T19:30:00Z,1.4096278695968962,19.7
2025-10-13T19:45:00Z,1.3965045100168396,19.7
2025-10-13T20:00:00Z,1.3801003105417777,19.7
2025-10-13T20:15:00Z,1.3604152711716964,19.6
2025-10-13T20:30:00Z,1.3472919115916469,19.5
2025-10-13T20:45:00Z,1.3374493919066097,19.5
2025-10-13T21:00:00Z,1.3162791403498844,19.4
2025-10-13T21:15:00Z,1.3276068722215655,19.4
2025-10-13T21:30:00Z,1.2998749408748225,19.3
2025-10-13T21:45:00Z,1.298079313166447,19.3
2025-10-13T22:00:00Z,1.271832594006348,19.2
2025-10-13T22:15:00Z,1.2670665419246916,19.2
2025-10-13T22:30:00Z,1.2408198227645855,19.1
2025-10-13T22:45:00Z,1.2291816753711728,18.9
2025-10-13T23:00:00Z,1.2029349562110667,18.7
2025-10-13T23:15:00Z,1.2029349562110667,18.8
2025-10-13T23:30:00Z,1.2094966360010986,18.8
2025-10-13T23:45:00Z,1.2291816753711728,18.7
2025-10-13T23:45:00Z,1.2291816753711728,18.7
2025-10-14T00:00:00Z,1.3028453652480891,18.5
2025-10-14T00:15:00Z,1.4078322418885065,18.4
2025-10-14T00:30:00Z,1.470168199893756,18.4
2025-10-14T00:45:00Z,1.5259424781089876,18.5
2025-10-14T01:00:00Z,1.555470037164099,18.5
2025-10-14T01:15:00Z,1.555470037164099,18.5
2025-10-14T01:15:00Z,1.555470037164099,18.5
2025-10-14T01:30:00Z,1.5489083573740743,18.4
2025-10-14T01:45:00Z,1.545627517479062,18.4
2025-10-14T02:00:00Z,1.5357849977940248,18.3
2025-10-14T02:15:00Z,1.5193807983189558,18.3
2025-10-14T02:30:00Z,1.5175851706105803,18.3
2025-10-14T02:45:00Z,1.5125087030071782,18.3
2025-10-14T03:00:00Z,1.4782150918704176,18.2
2025-10-14T03:15:00Z,1.5092278631121658,18.2
2025-10-14T03:30:00Z,1.5336789545638823,18.3
2025-10-14T03:45:00Z,1.5402406343539141,18.2
2025-10-14T04:00:00Z,1.541725846540544,18.2
2025-10-14T04:15:00Z,1.5796107130940698,18.2
2025-10-14T04:30:00Z,1.6174955796475956,18.2
2025-10-14T04:45:00Z,1.7290441360780449,18.2
2025-10-14T04:45:00Z,1.7290441360780449,18.2
2025-10-14T05:00:00Z,1.8241884930334251,18.1
2025-10-14T05:15:00Z,1.8227032808468024,18.1
2025-10-14T05:30:00Z,1.7848184142932695,17.6
2025-10-14T05:45:00Z,1.6980313648362966,16.6
2025-10-14T06:00:00Z,1.6243676749593732,15.9
2025-10-14T06:15:00Z,1.614525155274336,15.5
2025-10-14T06:30:00Z,1.5784359164291928,15.6
2025-10-14T06:45:00Z,1.5360954133157705,15.2
2025-10-14T07:00:00Z,1.5769507042425701,15.5
2025-10-14T07:15:00Z,1.580541959659321,15.4
2025-10-14T07:30:00Z,1.6017122112160251,15.4
2025-10-14T07:45:00Z,1.6017122112160251,15.2
2025-10-14T08:00:00Z,1.5838227995543335,15.4
2025-10-14T08:15:00Z,1.5710098554960226,15.7
2025-10-14T08:30:00Z,1.5808523751810668,15.7
2025-10-14T08:45:00Z,1.5987417868427656,15.8
2025-10-14T09:00:00Z,1.590694894866104,15.9
2025-10-14T09:15:00Z,1.595771362469499,15.9
2025-10-14T09:30:00Z,1.584443630597832,16
2025-10-14T09:45:00Z,1.5975669901778815,16.2
2025-10-14T10:00:00Z,1.6041286699679134,16.2
2025-10-14T10:15:00Z,1.6139711896529505,16.2
2025-10-14T10:30:00Z,1.6124859774663136,16.2
2025-10-14T10:45:00Z,1.615766817361326,16.1
2025-10-14T11:00:00Z,1.6256093370463702,16.1
2025-10-14T11:15:00Z,1.6536516839148518,16.4
2025-10-14T11:30:00Z,1.663494203599896,16.4
2025-10-14T11:45:00Z,1.679898403074958,16.6
2025-10-14T12:00:00Z,1.6882557105733653,16.5
2025-10-14T12:15:00Z,1.7013790701534148,16.4
2025-10-14T12:30:00Z,1.7309066292085404,16.6
2025-10-14T12:45:00Z,1.7571533483686395,16.6
2025-10-14T13:00:00Z,1.775353175552084,16.7
2025-10-14T13:15:00Z,1.7950382149221653,16.8
2025-10-14T13:30:00Z,1.8147232542922467,16.7
2025-10-14T13:45:00Z,1.8442508133473652,16.9
2025-10-14T14:00:00Z,1.8672166926124518,16.9
2025-10-14T14:15:00Z,1.893463411772558,16.9
2025-10-14T14:30:00Z,1.914944078851022,17.1
2025-10-14T14:45:00Z,1.9346291182210962,17
2025-10-14T15:00:00Z,2.010088435806402,17
2025-10-14T15:15:00Z,2.0610966619399846,17.2
2025-10-14T15:30:00Z,2.4843250083966737,19.5
2025-10-14T15:45:00Z,2.472997276525007,19.7
2025-10-14T16:00:00Z,2.36472955998957,18.9
2025-10-14T16:15:00Z,2.2334959641890464,18
2025-10-14T16:30:00Z,2.1580366466037475,17.4
2025-10-14T16:45:00Z,2.1368663950470292,17.1
2025-10-14T17:00:00Z,2.153270594522091,16.9
2025-10-14T17:15:00Z,2.1827981535772167,16.8
2025-10-14T17:30:00Z,2.1959215131572734,16.7
2025-10-14T17:45:00Z,2.2156065525273405,16.6
2025-10-14T18:00:00Z,2.223963860025748,16.6
2025-10-14T18:15:00Z,2.240368059500817,16.4
2025-10-14T18:30:00Z,2.2600530988708982,16.5
2025-10-14T18:45:00Z,2.2684104063693127,16.6
2025-10-14T19:00:00Z,2.2669251941826616,16.6
2025-10-14T19:15:00Z,2.2767677138676987,16.7
2025-10-14T19:30:00Z,2.285125021366113,16.8
2025-10-14T19:45:00Z,2.2836398091794834,16.9
2025-10-14T20:00:00Z,2.3033248485495577,17.1
2025-10-14T20:15:00Z,2.323009887919639,17.3
2025-10-14T20:30:00Z,2.3426949272897204,17.4
2025-10-14T20:45:00Z,2.35433307468314,17.6
2025-10-14T21:00:00Z,2.3740181140532215,17.8
2025-10-14T21:15:00Z,2.3838606337382586,17.9
2025-10-14T21:30:00Z,2.3725329018665846,17.9
2025-10-14T21:45:00Z,2.3790945816566094,17.9
2025-10-14T22:00:00Z,2.3776093694699796,18
2025-10-14T22:15:00Z,2.3874518891550167,18
2025-10-14T22:30:00Z,2.3874518891550167,18
2025-10-14T22:45:00Z,2.380890209364992,18
2025-10-14T23:00:00Z,2.3874518891550167,18
2025-10-14T23:15:00Z,2.3874518891550167,18
2025-10-14T23:30:00Z,2.3761241572833427,18
2025-10-14T23:45:00Z,2.3761241572833427,18
2025-10-15T00:00:00Z,2.3761241572833427,18
2025-10-15T00:15:00Z,2.379404997178362,18
2025-10-15T00:30:00Z,2.3892475168633993,18.1
2025-10-15T00:45:00Z,2.3892475168633993,18.1
2025-10-15T01:00:00Z,2.395809196653424,18.1
2025-10-15T01:15:00Z,2.395809196653424,18.1
2025-10-15T01:30:00Z,2.395809196653424,18.1
2025-10-15T01:45:00Z,2.3990900365484364,18.1
2025-10-15T02:00:00Z,2.3990900365484364,18.1
2025-10-15T02:15:00Z,2.3877623046767695,18.1
2025-10-15T02:30:00Z,2.3943239844667943,18.1
2025-10-15T02:45:00Z,2.3877623046767695,18.1
2025-10-15T03:00:00Z,2.3877623046767695,18.1
2025-10-15T03:15:00Z,2.3990900365484364,18.1
2025-10-15T03:30:00Z,2.405651716338461,18.1
2025-10-15T03:45:00Z,2.4089325562334736,18.1
2025-10-15T04:00:00Z,2.4154942360234983,18.1
2025-10-15T04:15:00Z,2.4154942360234983,18.1
2025-10-15T04:30:00Z,2.4253367557085426,18.1
2025-10-15T04:45:00Z,2.4140090238368757,18.1
2025-10-15T05:00:00Z,2.417289863731888,18.1
2025-10-15T05:15:00Z,2.423851543521913,18.1
2025-10-15T05:30:00Z,2.4125238116502388,18.1
2025-10-15T05:45:00Z,2.415804651545251,18.1
2025-10-15T06:00:00Z,2.415804651545251,18.1
2025-10-15T06:15:00Z,2.411038599463602,18.1
2025-10-15T06:30:00Z,2.420881119148646,18.1
2025-10-15T06:45:00Z,2.420881119148646,18.1
2025-10-15T07:00:00Z,2.420881119148646,18.1
2025-10-15T07:15:00Z,2.4193959069620163,18.1
2025-10-15T07:30:00Z,2.409553387276979,18
2025-10-15T07:45:00Z,2.4226767468570287,18
2025-10-15T08:00:00Z,2.4226767468570287,18.1
2025-10-15T08:15:00Z,2.4113490149853476,18.1
2025-10-15T08:30:00Z,2.4179106947753795,18.1
2025-10-15T08:45:00Z,2.4211915346703847,18.1
2025-10-15T09:00:00Z,2.4211915346703847,18.1
2025-10-15T09:15:00Z,2.4179106947753795,18
2025-10-15T09:30:00Z,2.4179106947753795,18
2025-10-15T09:45:00Z,2.4179106947753795,18.1
2025-10-15T10:00:00Z,2.4277532144604166,18.1
2025-10-15T10:15:00Z,2.4113490149853476,18
2025-10-15T10:30:00Z,2.4211915346703847,18
2025-10-15T10:45:00Z,2.4277532144604166,18.1
2025-10-15T11:00:00Z,2.4179106947753795,18.1
2025-10-15T11:15:00Z,2.4015064953003105,18
2025-10-15T11:30:00Z,2.408068175090335,18
2025-10-15T11:45:00Z,2.4015064953003105,18.1
2025-10-15T12:00:00Z,2.4128342271719916,18.1
2025-10-15T12:15:00Z,2.4029917074869473,18.1
2025-10-15T12:30:00Z,2.411038599463602,18.1
2025-10-15T12:45:00Z,2.411038599463602,18.1
2025-10-15T13:00:00Z,2.405962131860214,18.1
2025-10-15T13:15:00Z,2.4140090238368757,18.1
2025-10-15T13:30:00Z,2.407447344046844,18.1
2025-10-15T13:45:00Z,2.4154942360234983,18.1
2025-10-15T14:00:00Z,2.416979448210135,18.1
2025-10-15T14:15:00Z,2.4301028077901847,18.2
2025-10-15T14:30:00Z,2.4479922194518906,18.2
2025-10-15T14:45:00Z,2.4414305396618587,18.2
2025-10-15T15:00:00Z,2.462600791218577,18.3
2025-10-15T15:15:00Z,2.473928523090244,18.3
2025-10-15T15:30:00Z,2.483771042775281,18.3
2025-10-15T15:45:00Z,2.490332722565306,18.4
2025-10-15T16:00:00Z,2.490332722565306,18.4
2025-10-15T16:15:00Z,2.493613562460318,18.4
2025-10-15T16:30:00Z,2.493613562460318,18.4
2025-10-15T16:45:00Z,2.5034560821453624,18.5
2025-10-15T17:00:00Z,2.510017761935387,18.5
2025-10-15T17:15:00Z,2.5132986018303995,18.5
2025-10-15T17:30:00Z,2.5198602816204314,18.5
2025-10-15T17:45:00Z,2.5297028013054685,18.5
2025-10-15T18:00:00Z,2.542826160885518,18.5
2025-10-15T18:15:00Z,2.5723537199406366,18.6
2025-10-15T18:30:00Z,2.5789153997306613,18.6
2025-10-15T18:45:00Z,2.5774301875440315,18.6
2025-10-15T19:00:00Z,2.597115226914113,18.6
2025-10-15T19:15:00Z,2.595630014727476,18.7
2025-10-15T19:30:00Z,2.6087533743075326,18.7
2025-10-15T19:45:00Z,2.639766145549281,18.7
2025-10-15T20:00:00Z,2.65617034502435,18.7
2025-10-15T20:15:00Z,2.6856979040794684,18.8
2025-10-15T20:30:00Z,2.6955404237645055,18.8
2025-10-15T20:45:00Z,2.687493531787851,18.8
2025-10-15T21:00:00Z,2.697336051472888,18.8
2025-10-15T21:15:00Z,2.703897731262913,18.8
2025-10-15T21:30:00Z,2.686008319601214,18.8
2025-10-15T21:45:00Z,2.686008319601214,18.8
2025-10-15T22:00:00Z,2.6827274797061946,18.7
2025-10-15T22:15:00Z,2.676165799916177,18.7
2025-10-15T22:30:00Z,2.6728849600211575,18.7
2025-10-15T22:45:00Z,2.6549955483594587,18.7
2025-10-15T23:00:00Z,2.6630424403361204,18.7
2025-10-15T23:15:00Z,2.641872188779409,18.7
2025-10-15T23:30:00Z,2.6353105089893774,18.7
2025-10-15T23:45:00Z,2.641872188779409,18.7
2025-10-16T00:00:00Z,2.632029669094372,18.7
2025-10-16T00:15:00Z,2.632029669094372,18.7
2025-10-16T00:30:00Z,2.632029669094372,18.7
2025-10-16T00:45:00Z,2.6254679893043402,18.7
2025-10-16T01:00:00Z,2.6353105089893774,18.8
2025-10-16T01:15:00Z,2.641872188779409,18.9
2025-10-16T01:30:00Z,2.641872188779409,18.9
2025-10-16T01:45:00Z,2.641872188779409,19
2025-10-16T02:00:00Z,2.632029669094372,19
2025-10-16T02:15:00Z,2.622187149409328,19
2025-10-16T02:30:00Z,2.6123446297242907,19.1
2025-10-16T02:45:00Z,2.6072681621208957,19
2025-10-16T03:00:00Z,2.5941448025408462,19
2025-10-16T03:15:00Z,2.5989108546224884,19
2025-10-16T03:30:00Z,2.5890683349374513,19
2025-10-16T03:45:00Z,2.579225815252414,19
2025-10-16T04:00:00Z,2.580711027439051,19
2025-10-16T04:15:00Z,2.570868507754014,19
2025-10-16T04:30:00Z,2.570868507754014,19
2025-10-16T04:45:00Z,2.5789153997306613,19
2025-10-16T05:00:00Z,2.5789153997306613,19
2025-10-16T05:15:00Z,2.5902431316023353,19
2025-10-16T05:30:00Z,2.580400611917298,18.9
2025-10-16T05:45:00Z,2.580400611917298,18.9
2025-10-16T06:00:00Z,2.5836814518123106,18.9
2025-10-16T06:15:00Z,2.5836814518123106,18.9
2025-10-16T06:30:00Z,2.5789153997306613,18.9
2025-10-16T06:45:00Z,2.5789153997306613,18.9
2025-10-16T07:00:00Z,2.5723537199406366,18.9
2025-10-16T07:15:00Z,2.5887579194156984,18.9
2025-10-16T07:30:00Z,2.582196239625681,18.9
2025-10-16T07:45:00Z,2.5774301875440315,18.8
2025-10-16T08:00:00Z,2.570868507754014,18.8
2025-10-16T08:15:00Z,2.570868507754014,18.8
2025-10-16T08:30:00Z,2.5774301875440315,18.8
2025-10-16T08:45:00Z,2.5774301875440315,18.8
2025-10-16T09:00:00Z,2.5872727072290758,18.8
2025-10-16T09:15:00Z,2.580711027439051,18.8
2025-10-16T09:30:00Z,2.5774301875440315,18.7
2025-10-16T09:45:00Z,2.580711027439051,18.7
2025-10-16T10:00:00Z,2.5774301875440315,18.7
2025-10-16T10:15:00Z,2.5774301875440315,18.7
2025-10-16T10:30:00Z,2.570868507754014,18.7
2025-10-16T10:45:00Z,2.570868507754014,18.7
2025-10-16T11:00:00Z,2.5675876678589944,18.7
2025-10-16T11:15:00Z,2.5675876678589944,18.7
2025-10-16T11:30:00Z,2.5789153997306613,18.7
2025-10-16T11:45:00Z,2.5723537199406366,18.7
2025-10-16T12:00:00Z,2.580400611917298,18.7
2025-10-16T12:15:00Z,2.5738389321272734,18.7
2025-10-16T12:30:00Z,2.5738389321272734,18.7
2025-10-16T12:45:00Z,2.591728343788965,18.8
2025-10-16T13:00:00Z,2.581885824103921,18.8
2025-10-16T13:15:00Z,2.5964943958706215,18.8
2025-10-16T13:30:00Z,2.5964943958706215,18.9
2025-10-16T13:45:00Z,2.604541287847269,18.9
2025-10-16T14:00:00Z,2.5979796080572513,18.9
2025-10-16T14:15:00Z,2.6093073399289253,18.9
2025-10-16T14:30:00Z,2.606026500033913,18.9
2025-10-16T14:45:00Z,2.599464820243881,18.9
2025-10-16T15:00:00Z,2.617354231905587,18.9
2025-10-16T15:15:00Z,2.617354231905587,18.9
2025-10-16T15:30:00Z,2.648367003147328,19
2025-10-16T15:45:00Z,2.648367003147328,19
2025-10-16T16:00:00Z,2.648367003147328,19
2025-10-16T16:15:00Z,2.659694735019002,19
2025-10-16T16:30:00Z,2.6531330552289774,19
2025-10-16T16:45:00Z,2.6531330552289774,19
2025-10-16T17:00:00Z,2.659694735019002,19
2025-10-16T17:15:00Z,2.6629755749140145,19
2025-10-16T17:30:00Z,2.6695372547040392,19
2025-10-16T17:45:00Z,2.6728180945990587,19
2025-10-16T18:00:00Z,2.6892222940741206,19.1
2025-10-16T18:15:00Z,2.682660614284096,19
2025-10-16T18:30:00Z,2.6892222940741206,19
2025-10-16T18:45:00Z,2.6990648137591577,19
2025-10-16T19:00:00Z,2.708907333444195,19
2025-10-16T19:15:00Z,2.708907333444195,19
2025-10-16T19:30:00Z,2.707422121257565,19
2025-10-16T19:45:00Z,2.7107029611525775,19
2025-10-16T20:00:00Z,2.7205454808376146,19
2025-10-16T20:15:00Z,2.7369496803126836,19.1
2025-10-16T20:30:00Z,2.728902788336029,19
2025-10-16T20:45:00Z,2.728902788336029,19
2025-10-16T21:00:00Z,2.728902788336029,19
2025-10-16T21:15:00Z,2.738745308021066,19
2025-10-16T21:30:00Z,2.733979255939424,19.1
2025-10-16T21:45:00Z,2.7584303473911476,19.1
2025-10-16T22:00:00Z,2.7649920271811723,19.1
2025-10-16T22:15:00Z,2.7569451352045107,19.1
2025-10-16T22:30:00Z,2.7682728670761847,19.1
2025-10-16T22:45:00Z,2.766787654889555,19.1
2025-10-16T23:00:00Z,2.7733493346795726,19.2
2025-10-16T23:15:00Z,2.787957906446266,19.2
2025-10-16T23:30:00Z,2.797800426131303,19.2
2025-10-16T23:45:00Z,2.8076429458163474,19.2
2025-10-17T00:00:00Z,2.825532357478032,19.2
2025-10-17T00:15:00Z,2.8386557170580886,19.3
2025-10-17T00:30:00Z,2.847013024556496,19.3
2025-10-17T00:45:00Z,2.858340756428163,19.3
2025-10-17T01:00:00Z,2.868183276113207,19.3
2025-10-17T01:15:00Z,2.884587475588276,19.3
2025-10-17T01:30:00Z,2.8977108351683256,19.3
2025-10-17T01:45:00Z,2.9042725149583504,19.3
2025-10-17T02:00:00Z,2.9141150346433946,19.4
2025-10-17T02:15:00Z,2.917395874538407,19.4
2025-10-17T02:30:00Z,2.904582930480103,19.4
2025-10-17T02:45:00Z,2.904582930480103,19.4
2025-10-17T03:00:00Z,2.922472342141802,19.4
2025-10-17T03:15:00Z,2.932314861826839,19.4
2025-10-17T03:30:00Z,2.9421573815118762,19.4
2025-10-17T03:45:00Z,2.932314861826839,19.5
2025-10-17T04:00:00Z,2.932314861826839,19.5
2025-10-17T04:15:00Z,2.9242679698501846,19.5
2025-10-17T04:30:00Z,2.9242679698501846,19.5
2025-10-17T04:45:00Z,2.9355957017218586,19.5
2025-10-17T05:00:00Z,2.9341104895352217,19.5
2025-10-17T05:15:00Z,2.943953009220259,19.5
2025-10-17T05:30:00Z,2.9406721693252464,19.5
2025-10-17T05:45:00Z,2.919501917768528,19.5
2025-10-17T06:00:00Z,2.9129402379785105,19.5
2025-10-17T06:15:00Z,2.9016125061068436,19.5
2025-10-17T06:30:00Z,2.8917699864217994,19.5
2025-10-17T06:45:00Z,2.8917699864217994,19.5
2025-10-17T07:00:00Z,2.877161414655106,19.5
2025-10-17T07:15:00Z,2.870599734865081,19.5
2025-10-17T07:30:00Z,2.8673188949700688,19.5
2025-10-17T07:45:00Z,2.877161414655106,19.5
2025-10-17T08:00:00Z,2.877161414655106,19.5
2025-10-17T08:15:00Z,2.859272002993414,19.5
2025-10-17T08:30:00Z,2.839586963623333,19.4
2025-10-17T08:45:00Z,2.8363061237283205,19.4
2025-10-17T09:00:00Z,2.8184167120666217,19.4
2025-10-17T09:15:00Z,2.8151358721716093,19.4
2025-10-17T09:30:00Z,2.8085741923815775,19.4
2025-10-17T09:45:00Z,2.7874039408248734,19.4
2025-10-17T10:00:00Z,2.774280581244824,19.3
2025-10-17T10:15:00Z,2.774280581244824,19.3
2025-10-17T10:30:00Z,2.774280581244824,19.3
2025-10-17T10:45:00Z,2.774280581244824,19.3
2025-10-17T11:00:00Z,2.785608313116491,19.4
2025-10-17T11:15:00Z,2.7659232737464094,19.4
2025-10-17T11:30:00Z,2.7757657934314537,19.5
2025-10-17T11:45:00Z,2.7593615939563847,19.4
2025-10-17T12:00:00Z,2.7560807540613723,19.5
2025-10-17T12:15:00Z,2.7396765545863104,19.4
2025-10-17T12:30:00Z,2.74116176677294,19.4
2025-10-17T12:45:00Z,2.74116176677294,19.4
2025-10-17T13:00:00Z,2.752489498644607,19.4
2025-10-17T13:15:00Z,2.7492086587495947,19.4
2025-10-17T13:30:00Z,2.7638172305162882,19.5
2025-10-17T13:45:00Z,2.78170664217798,19.5
2025-10-17T14:00:00Z,2.7849874820729994,19.5
2025-10-17T14:15:00Z,2.7849874820729994,19.5
2025-10-17T14:30:00Z,2.7963152139446734,19.5
2025-10-17T14:45:00Z,2.8061577336297105,19.5
2025-10-17T15:00:00Z,2.8225619331047724,19.6
2025-10-17T15:15:00Z,2.85685554424154,19.8
2025-10-17T15:30:00Z,2.873259743716609,19.8
2025-10-17T15:45:00Z,2.8831022634016463,19.8
2025-10-17T16:00:00Z,2.884897891110022,19.8
2025-10-17T16:15:00Z,2.9355957017218586,20
2025-10-17T16:30:00Z,2.932314861826839,20
2025-10-17T16:45:00Z,2.9454382214068957,20.1
2025-10-17T17:00:00Z,2.9519999011969205,20.1
2025-10-17T17:15:00Z,2.9618424208819576,20.2
2025-10-17T17:30:00Z,2.943953009220259,20.2
2025-10-17T17:45:00Z,2.965123260776977,20.2
2025-10-17T18:00:00Z,2.953795528905303,20.1
2025-10-17T18:15:00Z,2.9603572086953207,20.1
2025-10-17T18:30:00Z,2.96363804859034,20
2025-10-17T18:45:00Z,2.980042248065402,20
2025-10-17T19:00:00Z,2.9898847677504463,20
2025-10-17T19:15:00Z,3.003008127330496,20
2025-10-17T19:30:00Z,3.012850647015533,20
2025-10-17T19:45:00Z,3.017927114618928,20.1
2025-10-17T20:00:00Z,3.0376121539890093,20.1
2025-10-17T20:15:00Z,3.050735513569059,20.1
2025-10-17T20:30:00Z,3.0671397130441207,20.1
2025-10-17T20:45:00Z,3.065654500857491,20.1
2025-10-17T21:00:00Z,3.065654500857491,20.1
2025-10-17T21:15:00Z,3.0689353407525104,20.1
2025-10-17T21:30:00Z,3.0689353407525104,20.1
2025-10-17T21:45:00Z,3.0689353407525104,20.1
2025-10-17T22:00:00Z,3.075497020542535,20.1
2025-10-17T22:15:00Z,3.075497020542535,20.1
2025-10-17T22:30:00Z,3.0853395402275723,20.2
2025-10-17T22:45:00Z,3.0886203801225918,20.2
2025-10-17T23:00:00Z,3.0886203801225918,20.2
2025-10-17T23:15:00Z,3.0886203801225918,20.2
2025-10-17T23:30:00Z,3.0886203801225918,20.2
2025-10-17T23:45:00Z,3.0886203801225918,20.2
2025-10-18T00:00:00Z,3.0838543280409354,20.2
2025-10-18T00:15:00Z,3.0838543280409354,20.2
2025-10-18T00:30:00Z,3.0871351679359407,20.2
2025-10-18T00:45:00Z,3.0871351679359407,20.2
2025-10-18T01:00:00Z,3.0772926482509106,20.2
2025-10-18T01:15:00Z,3.0561223966941995,20.1
2025-10-18T01:30:00Z,3.052841556799187,20.1
2025-10-18T01:45:00Z,3.0462798770091624,20.1
2025-10-18T02:00:00Z,3.0331565174291057,20.1
2025-10-18T02:15:00Z,3.0233139977440686,20.1
2025-10-18T02:30:00Z,3.0134714780590315,20.1
2025-10-18T02:45:00Z,3.0036289583739944,20.1
2025-10-18T03:00:00Z,2.9872247588989254,20
2025-10-18T03:15:00Z,2.983943919003913,20
2025-10-18T03:30:00Z,2.9773822392138882,20.1
2025-10-18T03:45:00Z,2.967539719528844,20.1
2025-10-18T04:00:00Z,2.9642588796338316,20.1
2025-10-18T04:15:00Z,2.9642588796338316,20.1
2025-10-18T04:30:00Z,2.9642588796338316,20.1
2025-10-18T04:45:00Z,2.957697199843807,20.1
2025-10-18T05:00:00Z,2.9478546801587626,20.1
2025-10-18T05:15:00Z,2.9365269482870886,20.1
2025-10-18T05:30:00Z,2.9365269482870886,20.1
2025-10-18T05:45:00Z,2.9251992164154217,20.1
2025-10-18T06:00:00Z,2.912075856835372,20
2025-10-18T06:15:00Z,2.9055141770453474,20
2025-10-18T06:30:00Z,2.890905605278661,20
2025-10-18T06:45:00Z,2.890905605278661,20
2025-10-18T07:00:00Z,2.8941864451736734,20
2025-10-18T07:15:00Z,2.890905605278661,19.9
2025-10-18T07:30:00Z,2.8828587133019994,19.9
2025-10-18T07:45:00Z,2.889420393092024,19.9
2025-10-18T08:00:00Z,2.868250141535313,19.8
2025-10-18T08:15:00Z,2.8503607298736213,19.8
2025-10-18T08:30:00Z,2.8503607298736213,19.8
2025-10-18T08:45:00Z,2.8488755176869844,19.8
2025-10-18T09:00:00Z,2.8488755176869844,19.8
2025-10-18T09:15:00Z,2.845594677791972,19.7
2025-10-18T09:30:00Z,2.845594677791972,19.7
2025-10-18T09:45:00Z,2.834266945920298,19.7
2025-10-18T10:00:00Z,2.8277052661302733,19.7
2025-10-18T10:15:00Z,2.834266945920298,19.7
2025-10-18T10:30:00Z,2.8163775342586064,19.7
2025-10-18T10:45:00Z,2.8163775342586064,19.7
2025-10-18T11:00:00Z,2.8163775342586064,19.7
2025-10-18T11:15:00Z,2.822939214048631,19.7
2025-10-18T11:30:00Z,2.813096694363587,19.7
2025-10-18T11:45:00Z,2.824424426235254,19.7
2025-10-18T12:00:00Z,2.817862746445236,19.7
2025-10-18T12:15:00Z,2.817862746445236,19.7
2025-10-18T12:30:00Z,2.82919047831691,19.7
2025-10-18T12:45:00Z,2.82919047831691,19.7
2025-10-18T13:00:00Z,2.8259096384218907,19.7
2025-10-18T13:15:00Z,2.8372373702935647,19.7
2025-10-18T13:30:00Z,2.8372373702935647,19.7
2025-10-18T13:45:00Z,2.8372373702935647,19.7
2025-10-18T14:00:00Z,2.8485651021652316,19.7
2025-10-18T14:15:00Z,2.8584076218502688,19.8
2025-10-18T14:30:00Z,2.879577873406987,19.8
2025-10-18T14:45:00Z,2.879577873406987,19.8
2025-10-18T15:00:00Z,2.8927012329870365,19.9
2025-10-18T15:15:00Z,2.8927012329870365,19.9
2025-10-18T15:30:00Z,2.8992629127770684,20
2025-10-18T15:45:00Z,2.8992629127770684,20
2025-10-18T16:00:00Z,2.8927012329870365,20
2025-10-18T16:15:00Z,2.9040289648587105,20
2025-10-18T16:30:00Z,2.9040289648587105,19.9
2025-10-18T16:45:00Z,2.9138714845437477,20.1
2025-10-18T17:00:00Z,2.9040289648587105,20.1
2025-10-18T17:15:00Z,2.8941864451736734,20.2
2025-10-18T17:30:00Z,2.9040289648587105,20.3
2025-10-18T17:45:00Z,2.900748124963698,20.2
2025-10-18T18:00:00Z,2.9204331643337795,20.1
2025-10-18T18:15:00Z,2.9302756840188167,20.1
2025-10-18T18:30:00Z,2.9532415632839104,20.1
2025-10-18T18:45:00Z,2.9696457627589794,20.1
2025-10-18T19:00:00Z,2.971441390467355,20.1
2025-10-18T19:15:00Z,2.9765178580707428,20.1
2025-10-18T19:30:00Z,2.996202897440824,20.1
2025-10-18T19:45:00Z,3.0093262570208807,20.1
2025-10-18T20:00:00Z,3.029011296390955,20.1
2025-10-18T20:15:00Z,3.0373686038893624,20.1
2025-10-18T20:30:00Z,3.0537728033644314,20.1
2025-10-18T20:45:00Z,3.0734578427345127,20.2
2025-10-18T21:00:00Z,3.0734578427345127,20.2
2025-10-18T21:15:00Z,3.071972630547876,20.2
2025-10-18T21:30:00Z,3.071972630547876,20.2
2025-10-18T21:45:00Z,3.08181515023292,20.2
2025-10-18T22:00:00Z,3.08181515023292,20.2
2025-10-18T22:15:00Z,3.091657669917957,20.2
2025-10-18T22:30:00Z,3.0949385098129696,20.2
2025-10-18T22:45:00Z,3.1015001896029943,20.2
2025-10-18T23:00:00Z,3.1047810294980067,20.2
2025-10-18T23:15:00Z,3.114623549183051,20.3
2025-10-18T23:30:00Z,3.1113427092880315,20.3
2025-10-18T23:45:00Z,3.114623549183051,20.3
2025-10-19T00:00:00Z,3.114623549183051,20.3
2025-10-19T00:15:00Z,3.1325129608447426,20.3
2025-10-19T00:30:00Z,3.135793800739762,20.3
2025-10-19T00:45:00Z,3.135793800739762,20.3
2025-10-19T01:00:00Z,3.135793800739762,20.3
2025-10-19T01:15:00Z,3.1325129608447426,20.3
2025-10-19T01:30:00Z,3.1226704411597055,20.3
2025-10-19T01:45:00Z,3.1128279214746684,20.3
2025-10-19T02:00:00Z,3.1062662416846436,20.3
2025-10-19T02:15:00Z,3.1029854017896312,20.3
2025-10-19T02:30:00Z,3.0964237219996065,20.3
2025-10-19T02:45:00Z,3.104470613976261,20.3
2025-10-19T03:00:00Z,3.097908934186229,20.3
2025-10-19T03:15:00Z,3.0946280942912168,20.3
2025-10-19T03:30:00Z,3.0946280942912168,20.3
2025-10-19T03:45:00Z,3.088066414501192,20.3
2025-10-19T04:00:00Z,3.0946280942912168,20.3
2025-10-19T04:15:00Z,3.088066414501192,20.3
2025-10-19T04:30:00Z,3.0847855746061796,20.3
2025-10-19T04:45:00Z,3.078223894816155,20.3
2025-10-19T05:00:00Z,3.0683813751311106,20.3
2025-10-19T05:15:00Z,3.0651005352360983,20.3
2025-10-19T05:30:00Z,3.0472111235744066,20.3
2025-10-19T05:45:00Z,3.0472111235744066,20.3
2025-10-19T06:00:00Z,3.0439302836793942,20.3
2025-10-19T06:15:00Z,3.034087763994357,20.2
2025-10-19T06:30:00Z,3.024245244309313,20.2
2025-10-19T06:45:00Z,3.012917512437639,20.2
2025-10-19T07:00:00Z,3.006355832647614,20.2
2025-10-19T07:15:00Z,2.9917472608809277,20.2
2025-10-19T07:30:00Z,3.001589780565965,20.2
2025-10-19T07:45:00Z,2.990262048694298,20.2
2025-10-19T08:00:00Z,2.983700368904273,20.2
2025-10-19T08:15:00Z,2.973857849219229,20.1
2025-10-19T08:30:00Z,2.9690917971375796,20.1
2025-10-19T08:45:00Z,2.9592492774525425,20.1
2025-10-19T09:00:00Z,2.95776406526592,20.1
2025-10-19T09:15:00Z,2.95776406526592,20.1
2025-10-19T09:30:00Z,2.939874653604207,20.1
2025-10-19T09:45:00Z,2.9365938137092016,20.1
2025-10-19T10:00:00Z,2.9365938137092016,20.1
2025-10-19T10:15:00Z,2.930032133919177,20.1
2025-10-19T10:30:00Z,2.930032133919177,20.1
2025-10-19T10:45:00Z,2.930032133919177,20.1
2025-10-19T11:00:00Z,2.930032133919177,20.1
2025-10-19T11:15:00Z,2.9315173461058137,20.1
2025-10-19T11:30:00Z,2.9282365062108013,20.1
2025-10-19T11:45:00Z,2.9216748264207766,20.1
2025-10-19T12:00:00Z,2.9216748264207766,20.1
2025-10-19T12:15:00Z,2.929721718397417,20.1
2025-10-19T12:30:00Z,2.9198791987123798,20.1
2025-10-19T12:45:00Z,2.924645250794036,20.1
2025-10-19T13:00:00Z,2.942534662455728,20.1
2025-10-19T13:15:00Z,2.935972982665703,20.1
2025-10-19T13:30:00Z,2.947300714537377,20.1
2025-10-19T13:45:00Z,2.9571432342224213,20.2
2025-10-19T14:00:00Z,2.963704914012439,20.2
2025-10-19T14:15:00Z,2.975032645884113,20.2
2025-10-19T14:30:00Z,2.9783134857791325,20.2
2025-10-19T14:45:00Z,2.9783134857791325,20.2
2025-10-19T15:00:00Z,2.9947176852541944,20.3
2025-10-19T15:15:00Z,2.9947176852541944,20.3
2025-10-19T15:30:00Z,2.9947176852541944,20.3
2025-10-19T15:45:00Z,3.0060454171258613,20.3
2025-10-19T16:00:00Z,3.0093262570208807,20.3
2025-10-19T16:15:00Z,3.0093262570208807,20.3
2025-10-19T16:30:00Z,3.0191687767059108,20.4
2025-10-19T16:45:00Z,3.0191687767059108,20.4
2025-10-19T17:00:00Z,3.030496508577585,20.4
2025-10-19T17:15:00Z,3.0370581883676167,20.4
2025-10-19T17:30:00Z,3.046900708052654,20.4
2025-10-19T17:45:00Z,3.050181547947666,20.4
2025-10-19T18:00:00Z,3.056743227737698,20.5
2025-10-19T18:15:00Z,3.0600240676327033,20.5
2025-10-19T18:30:00Z,3.0698665873177475,20.5
2025-10-19T18:45:00Z,3.0764282671077723,20.5
2025-10-19T19:00:00Z,3.0862707867928165,20.5
2025-10-19T19:15:00Z,3.078223894816155,20.5
2025-10-19T19:30:00Z,3.088066414501192,20.5
2025-10-19T19:45:00Z,3.0946280942912168,20.5
2025-10-19T20:00:00Z,3.08330036241955,20.5
2025-10-19T20:15:00Z,3.0865812023145622,20.5
2025-10-19T20:30:00Z,3.093142882104594,20.5
2025-10-19T20:45:00Z,3.091657669917957,20.5
2025-10-19T21:00:00Z,3.1062662416846436,20.5
2025-10-19T21:15:00Z,3.1128279214746684,20.5
2025-10-19T21:30:00Z,3.1113427092880315,20.5
2025-10-19T21:45:00Z,3.114623549183051,20.5
2025-10-19T22:00:00Z,3.1211852289730686,20.5
2025-10-19T22:15:00Z,3.1211852289730686,20.5
2025-10-19T22:30:00Z,3.113138336996414,20.5
2025-10-19T22:45:00Z,3.119700016786439,20.5
2025-10-19T23:00:00Z,3.113138336996414,20.5
2025-10-19T23:15:00Z,3.119700016786439,20.5
2025-10-19T23:30:00Z,3.113138336996414,20.5
2025-10-19T23:45:00Z,3.1098574971013946,20.5
2025-10-20T00:00:00Z,3.1098574971013946,20.5
2025-10-20T00:15:00Z,3.113138336996414,20.6
2025-10-20T00:30:00Z,3.131027748658113,20.6
2025-10-20T00:45:00Z,3.1343085885531323,20.6
2025-10-20T01:00:00Z,3.152198000214824,20.6
2025-10-20T01:15:00Z,3.1441511082381695,20.6
2025-10-20T01:30:00Z,3.1441511082381695,20.6
2025-10-20T01:45:00Z,3.1441511082381695,20.6
2025-10-20T02:00:00Z,3.14087026834315,20.6
2025-10-20T02:15:00Z,3.1343085885531323,20.6
2025-10-20T02:30:00Z,3.14087026834315,20.6
2025-10-20T02:45:00Z,3.14087026834315,20.6
2025-10-20T03:00:00Z,3.1554788401098435,20.6
2025-10-20T03:15:00Z,3.152198000214824,20.6
2025-10-20T03:30:00Z,3.152198000214824,20.6
2025-10-20T03:45:00Z,3.152198000214824,20.6
2025-10-20T04:00:00Z,3.150712788028194,20.6
2025-10-20T04:15:00Z,3.1620405198998682,20.6
2025-10-20T04:30:00Z,3.1539936279231995,20.6
2025-10-20T04:45:00Z,3.1605553077132313,20.6
2025-10-20T05:00:00Z,3.1638361476082437,20.6
2025-10-20T05:15:00Z,3.1638361476082437,20.6
2025-10-20T05:30:00Z,3.1492275758415573,20.6
2025-10-20T05:45:00Z,3.1492275758415573,20.6
2025-10-20T06:00:00Z,3.1313381641798586,20.6
2025-10-20T06:15:00Z,3.1280573242848533,20.6
2025-10-20T06:30:00Z,3.1280573242848533,20.6
2025-10-20T06:45:00Z,3.1280573242848533,20.7
2025-10-20T07:00:00Z,3.1265721120982093,20.7
2025-10-20T07:15:00Z,3.1265721120982093,20.7
2025-10-20T07:30:00Z,3.1265721120982093,20.7
2025-10-20T07:45:00Z,3.1265721120982093,20.7
2025-10-20T08:00:00Z,3.1054018605415123,20.7
2025-10-20T08:15:00Z,3.0940741286698312,20.7
2025-10-20T08:30:00Z,3.0875124488798065,20.7
2025-10-20T08:45:00Z,3.07290387711312,20.7
2025-10-20T09:00:00Z,3.0663421973231024,20.6
2025-10-20T09:15:00Z,3.07290387711312,20.6
2025-10-20T09:30:00Z,3.051733625556409,20.6
2025-10-20T09:45:00Z,3.045171945766384,20.6
2025-10-20T10:00:00Z,3.045171945766384,20.6
2025-10-20T10:15:00Z,3.0418911058713647,20.6
2025-10-20T10:30:00Z,3.035329426081347,20.6
2025-10-20T10:45:00Z,3.0418911058713647,20.5
2025-10-20T11:00:00Z,3.035329426081347,20.5
2025-10-20T11:15:00Z,3.046657157953021,20.5
2025-10-20T11:30:00Z,3.046657157953021,20.5
2025-10-20T11:45:00Z,3.046657157953021,20.5
2025-10-20T12:00:00Z,3.0481423701396437,20.5
2025-10-20T12:15:00Z,3.0481423701396437,20.5
2025-10-20T12:30:00Z,3.0481423701396437,20.5
2025-10-20T12:45:00Z,3.059470102011325,20.5
2025-10-20T13:00:00Z,3.0872020333580465,20.6
2025-10-20T13:15:00Z,3.09196808543971,20.6
2025-10-20T13:30:00Z,3.0985297652297277,20.6
2025-10-20T13:45:00Z,3.1098574971013946,20.6
2025-10-20T14:00:00Z,3.103295817311377,20.6
2025-10-20T14:15:00Z,3.103295817311377,20.6
2025-10-20T14:30:00Z,3.103295817311377,20.6
2025-10-20T14:45:00Z,3.1098574971013946,20.6
2025-10-20T15:00:00Z,3.124466068868088,20.7
2025-10-20T15:15:00Z,3.1343085885531323,20.7
2025-10-20T15:30:00Z,3.1343085885531323,20.7
2025-10-20T15:45:00Z,3.1229808566814583,20.7
2025-10-20T16:00:00Z,3.119700016786439,20.7
2025-10-20T16:15:00Z,3.131027748658113,20.7
2025-10-20T16:30:00Z,3.14087026834315,20.7
2025-10-20T16:45:00Z,3.1343085885531323,20.7
2025-10-20T17:00:00Z,3.14087026834315,20.7
2025-10-20T17:15:00Z,3.1441511082381695,20.7
2025-10-20T17:30:00Z,3.1539936279231995,20.7
2025-10-20T17:45:00Z,3.1703978273982685,20.8
2025-10-20T18:00:00Z,3.1703978273982685,20.8
2025-10-20T18:15:00Z,3.1689126152116387,20.8
2025-10-20T18:30:00Z,3.182035974791688,20.8
2025-10-20T18:45:00Z,3.188597654581713,20.8
2025-10-20T19:00:00Z,3.2082826939517943,20.8
2025-10-20T19:15:00Z,3.221406053531844,20.9
2025-10-20T19:30:00Z,3.210078321660177,20.9
2025-10-20T19:45:00Z,3.219920841345221,20.9
2025-10-20T20:00:00Z,3.224997308948602,20.9
2025-10-20T20:15:00Z,3.2282781488436143,20.9
2025-10-20T20:30:00Z,3.2381206685286585,20.9
2025-10-20T20:45:00Z,3.2446823483186833,20.9
2025-10-20T21:00:00Z,3.2431971361320606,21
2025-10-20T21:15:00Z,3.2530396558170978,21
2025-10-20T21:30:00Z,3.262882175502142,21
2025-10-20T21:45:00Z,3.2661630153971473,21
2025-10-20T22:00:00Z,3.2760055350821915,21
2025-10-20T22:15:00Z,3.2825672148722163,21
2025-10-20T22:30:00Z,3.2810820026855794,21
2025-10-20T22:45:00Z,3.2810820026855794,21
2025-10-20T23:00:00Z,3.2810820026855794,21
2025-10-20T23:15:00Z,3.2810820026855794,21
2025-10-20T23:30:00Z,3.2795967904989496,21
2025-10-20T23:45:00Z,3.2697542708139125,21
2025-10-21T00:00:00Z,3.2843628425805917,21
2025-10-21T00:15:00Z,3.2646778032105104,21
2025-10-21T00:30:00Z,3.2760055350821915,21
2025-10-21T00:45:00Z,3.2760055350821915,21
2025-10-21T01:00:00Z,3.2760055350821915,21
2025-10-21T01:15:00Z,3.272724695187179,21
2025-10-21T01:30:00Z,3.251554443630461,21
2025-10-21T01:45:00Z,3.244992763840436,21
2025-10-21T02:00:00Z,3.233665031968769,21
2025-10-21T02:15:00Z,3.2417119239454166,21
2025-10-21T02:30:00Z,3.235150244155399,21
2025-10-21T02:45:00Z,3.2431971361320606,21
2025-10-21T03:00:00Z,3.236635456342036,21
2025-10-21T03:15:00Z,3.2333546164470235,21
2025-10-21T03:30:00Z,3.2267929366569987,20.9
2025-10-21T03:45:00Z,3.2235120967619793,20.9
2025-10-21T04:00:00Z,3.2282781488436143,20.9
2025-10-21T04:15:00Z,3.2282781488436143,20.9
2025-10-21T04:30:00Z,3.234839828633639,20.9
2025-10-21T04:45:00Z,3.215154789263565,20.9
2025-10-21T05:00:00Z,3.215154789263565,20.9
2025-10-21T05:15:00Z,3.215154789263565,20.9
2025-10-21T05:30:00Z,3.1972653776018802,20.9
2025-10-21T05:45:00Z,3.187422857916836,20.9
2025-10-21T06:00:00Z,3.187422857916836,20.9
2025-10-21T06:15:00Z,3.1841420180218307,20.9
2025-10-21T06:30:00Z,3.187422857916836,20.9
2025-10-21T06:45:00Z,3.177580338231799,20.9
2025-10-21T07:00:00Z,3.1889080701034587,20.9
2025-10-21T07:15:00Z,3.1856272302084463,20.9
2025-10-21T07:30:00Z,3.1644569786517494,20.8
2025-10-21T07:45:00Z,3.1644569786517494,20.8
2025-10-21T08:00:00Z,3.1578952988617175,20.8
2025-10-21T08:15:00Z,3.1480527791766804,20.7
2025-10-21T08:30:00Z,3.1367250473049992,20.7
2025-10-21T08:45:00Z,3.1236016877249497,20.7
2025-10-21T09:00:00Z,3.1236016877249497,20.7
2025-10-21T09:15:00Z,3.117040007934918,20.7
2025-10-21T09:30:00Z,3.105712276063251,20.7
2025-10-21T09:45:00Z,3.115554795748295,20.7
2025-10-21T10:00:00Z,3.105712276063251,20.7
2025-10-21T10:15:00Z,3.115554795748295,20.8
2025-10-21T10:30:00Z,3.12211647553832,20.8
2025-10-21T10:45:00Z,3.12211647553832,20.8
2025-10-21T11:00:00Z,3.115554795748295,20.8
2025-10-21T11:15:00Z,3.1236016877249497,20.8
2025-10-21T11:30:00Z,3.1039166483548684,20.7
2025-10-21T11:45:00Z,3.0940741286698312,20.7
2025-10-21T12:00:00Z,3.0776699291947693,20.7
2025-10-21T12:00:00Z,3.0776699291947693,20.7
2025-10-21T12:15:00Z,3.0791551413814062,20.7
2025-10-21T12:30:00Z,3.1003253929381103,20.7
2025-10-21T12:45:00Z,3.0773595136730094,20.7
2025-10-21T13:00:00Z,3.0722830460696287,20.7
2025-10-21T13:15:00Z,3.0934532976263327,20.7
2025-10-21T13:30:00Z,3.080329938046283,20.8
2025-10-21T13:45:00Z,3.091657669917957,20.8
2025-10-21T14:00:00Z,3.0949385098129696,20.8
2025-10-21T14:15:00Z,3.1029854017896312,20.8
2025-10-21T14:30:00Z,3.1175939735563105,20.8
2025-10-21T14:45:00Z,3.1274364932413476,20.9
2025-10-21T15:00:00Z,3.137279012926392,20.9
2025-10-21T15:15:00Z,3.148606744798066,20.9
2025-10-21T15:30:00Z,3.1551684245880836,21
2025-10-21T15:45:00Z,3.148606744798066,21
2025-10-21T16:00:00Z,3.1387642251130217,21
2025-10-21T16:15:00Z,3.125640865532972,21
2025-10-21T16:30:00Z,3.148606744798066,21
2025-10-21T16:45:00Z,3.15993447666974,21
2025-10-21T17:00:00Z,3.15993447666974,21
2025-10-21T17:15:00Z,3.176338676144802,21
2025-10-21T17:30:00Z,3.1664961564597576,21
2025-10-21T17:45:00Z,3.1894620357248584,21.1
2025-10-21T18:00:00Z,3.186181195829839,21
2025-10-21T18:15:00Z,3.2106322872815625,21
2025-10-21T18:30:00Z,3.2171939670715943,21
2025-10-21T18:45:00Z,3.21898959477997,21
2025-10-21T19:00:00Z,3.228832114465014,21
2025-10-21T19:15:00Z,3.224066062383365,21.1
2025-10-21T19:30:00Z,3.2371894219634143,21.1
2025-10-21T19:45:00Z,3.2357042097767845,21.1
2025-10-21T20:00:00Z,3.2422658895668093,21.1
2025-10-21T20:15:00Z,3.2455467294618217,21.1
2025-10-21T20:30:00Z,3.2521084092518535,21.1
2025-10-21T20:45:00Z,3.265231768831903,21.1
2025-10-21T21:00:00Z,3.2619509289368906,21.2
2025-10-21T21:15:00Z,3.265231768831903,21.2
2025-10-21T21:30:00Z,3.281635968306965,21.2
2025-10-21T21:45:00Z,3.27507428851694,21.2
2025-10-21T22:00:00Z,3.2849168082019773,21.2
2025-10-21T22:15:00Z,3.2735890763303104,21.2
2025-10-21T22:30:00Z,3.2735890763303104,21.2
2025-10-21T22:45:00Z,3.2735890763303104,21.2
2025-10-21T23:00:00Z,3.2834315960153546,21.2
2025-10-21T23:15:00Z,3.2735890763303104,21.2
2025-10-21T23:30:00Z,3.280150756120335,21.2
2025-10-21T23:45:00Z,3.2735890763303104,21.2
2025-10-22T00:00:00Z,3.2735890763303104,21.1
2025-10-22T00:15:00Z,3.2735890763303104,21.2
2025-10-22T00:30:00Z,3.2735890763303104,21.1
2025-10-22T00:45:00Z,3.258980504563624,21.1
2025-10-22T01:00:00Z,3.280150756120335,21.1
2025-10-22T01:15:00Z,3.280150756120335,21.1
2025-10-22T01:30:00Z,3.260465716750261,21.1
2025-10-22T01:45:00Z,3.253904036960236,21.1
2025-10-22T02:00:00Z,3.2506231970652237,21.1
2025-10-22T02:15:00Z,3.2342189975901547,21
2025-10-22T02:30:00Z,3.2243764779051176,21
2025-10-22T02:45:00Z,3.211253118325061,20.9
2025-10-22T03:00:00Z,3.211253118325061,20.9
2025-10-22T03:15:00Z,3.2145339582200734,20.9
2025-10-22T03:30:00Z,3.2357042097767845,20.8
2025-10-22T03:45:00Z,3.233908582068402,20.8
2025-10-22T04:00:00Z,3.216019170406703,20.7
2025-10-22T04:15:00Z,3.216019170406703,20.8
2025-10-22T04:30:00Z,3.194848918849999,20.8
2025-10-22T04:45:00Z,3.173678667293281,20.7
2025-10-22T05:00:00Z,3.19008286676835,20.7
2025-10-22T05:15:00Z,3.183521186978325,20.6
2025-10-22T05:30:00Z,3.183521186978325,20.5
2025-10-22T05:45:00Z,3.19008286676835,20.5
2025-10-22T06:00:00Z,3.178755134896676,20.5
2025-10-22T06:15:00Z,3.1918784944767253,20.5
2025-10-22T06:30:00Z,3.1903932822901027,20.5
2025-10-22T06:45:00Z,3.1805507626050584,20.4
2025-10-22T07:00:00Z,3.1707082429200213,20.4
2025-10-22T07:15:00Z,3.1707082429200213,20.4
2025-10-22T07:30:00Z,3.1692230307333773,20.4
2025-10-22T07:45:00Z,3.177580338231799,20.4
2025-10-22T08:00:00Z,3.1742994983367865,20.3
2025-10-22T08:15:00Z,3.1677378185467617,20.3
2025-10-22T08:30:00Z,3.193984537706868,20.4
2025-10-22T08:45:00Z,3.185937645730199,20.4
2025-10-22T09:00:00Z,3.185937645730199,20.4
2025-10-22T09:15:00Z,3.1662526063601177,20.2
2025-10-22T09:30:00Z,3.1516440345934384,20.2
2025-10-22T09:45:00Z,3.1516440345934384,20.3
2025-10-22T10:00:00Z,3.154924874488451,20.3
2025-10-22T10:15:00Z,3.154924874488451,20.3
2025-10-22T10:30:00Z,3.1450823548034137,20.3
2025-10-22T10:45:00Z,3.1516440345934384,20.2
2025-10-22T11:00:00Z,3.154924874488451,20.2
2025-10-22T11:15:00Z,3.154924874488451,20.2
2025-10-22T11:30:00Z,3.1826568058351867,20.2
2025-10-22T11:45:00Z,3.1826568058351867,20.2
2025-10-22T12:00:00Z,3.177580338231799,20.2
2025-10-22T12:15:00Z,3.187422857916836,20.2
2025-10-22T12:30:00Z,3.1972653776018802,20.3
2025-10-22T12:45:00Z,3.198750589788496,20.3
2025-10-22T13:00:00Z,3.20859310947354,20.3
2025-10-22T13:15:00Z,3.2053122695785277,20.3
2025-10-22T13:30:00Z,3.236325040820283,20.4
2025-10-22T13:45:00Z,3.2509336125869623,20.4
2025-10-22T14:00:00Z,3.291788903513762,20.5
2025-10-22T14:15:00Z,1.3724975649310807,20.8
