datetime,comp_level_ft,temperature
2025-09-24T08:50:00Z,1.559475506,23.384
2025-09-24T09:00:00Z,1.561575506,23.428
2025-09-24T09:10:00Z,1.572675506,23.586
2025-09-24T09:20:00Z,1.576847774,23.827
2025-09-24T09:30:00Z,1.584447774,24.011
2025-09-24T09:40:00Z,1.569247774,23.718
2025-09-24T09:50:00Z,1.555620042,23.753
2025-09-24T10:00:00Z,1.550620042,23.692
2025-09-24T10:10:00Z,1.527520042,23.409
2025-09-24T10:20:00Z,1.535592311,23.777
2025-09-24T10:30:00Z,1.558792311,24.208
2025-09-24T10:40:00Z,1.568920042,24.221
2025-09-24T10:50:00Z,1.563820042,24.269
2025-09-24T11:00:00Z,1.564520042,24.411
2025-09-24T11:10:00Z,1.561520042,24.545
2025-09-24T11:20:00Z,1.560320042,24.638
2025-09-24T11:30:00Z,1.561320042,24.765
2025-09-24T11:40:00Z,1.556020042,24.696
2025-09-24T11:50:00Z,1.565647774,24.747
2025-09-24T12:00:00Z,1.561747774,24.814
2025-09-24T12:10:00Z,1.564247774,24.951
2025-09-24T12:20:00Z,1.573075506,25.392
2025-09-24T12:30:00Z,1.570275506,25.311
2025-09-24T12:40:00Z,1.549875506,25.727
2025-09-24T12:50:00Z,1.542075506,25.36
2025-09-24T13:00:00Z,1.551675506,25.538
2025-09-24T13:10:00Z,1.544275506,25.456
2025-09-24T13:20:00Z,1.557075506,25.606
2025-09-24T13:30:00Z,1.556975506,25.668
2025-09-24T13:40:00Z,1.562103238,25.658
2025-09-24T13:50:00Z,1.562503238,25.764
2025-09-24T14:00:00Z,1.561203238,25.843
2025-09-24T14:10:00Z,1.563103238,25.908
2025-09-24T14:20:00Z,1.562503238,26.051
2025-09-24T14:30:00Z,1.553003238,25.939
2025-09-24T14:40:00Z,1.551503238,25.908
2025-09-24T14:50:00Z,1.549103238,25.882
2025-09-24T15:00:00Z,1.56133097,25.757
2025-09-24T15:10:00Z,1.549803238,25.813
2025-09-24T15:20:00Z,1.55073097,25.828
2025-09-24T15:30:00Z,1.55303097,25.924
2025-09-24T15:40:00Z,1.56263097,25.992
2025-09-24T15:50:00Z,1.55903097,25.961
2025-09-24T16:00:00Z,1.55193097,25.939
2025-09-24T16:10:00Z,1.54923097,25.922
2025-09-24T16:20:00Z,1.551458702,25.809
2025-09-24T16:30:00Z,1.545758702,25.789
2025-09-24T16:40:00Z,1.51863097,25.483
2025-09-24T16:50:00Z,1.51033097,25.442
2025-09-24T17:00:00Z,1.49753097,24.847
2025-09-24T17:10:00Z,1.49603097,24.527
2025-09-24T17:20:00Z,1.49953097,23.708
2025-09-24T17:30:00Z,1.513458702,22.809
2025-09-24T17:40:00Z,1.512758702,22.69
2025-09-24T17:50:00Z,1.511458702,22.705
2025-09-24T18:00:00Z,1.510558702,22.706
2025-09-24T18:10:00Z,1.514958702,22.831
2025-09-24T18:20:00Z,1.518258702,22.754
2025-09-24T18:30:00Z,1.521458702,22.771
2025-09-24T18:40:00Z,1.530858702,22.717
2025-09-24T18:50:00Z,1.514358702,22.527
2025-09-24T19:00:00Z,1.513758702,22.491
2025-09-24T19:10:00Z,1.520758702,22.392
2025-09-24T19:20:00Z,1.541286434,22.443
2025-09-24T19:30:00Z,1.546386434,22.541
2025-09-24T19:40:00Z,1.537486434,22.408
2025-09-24T19:50:00Z,1.533758702,22.348
2025-09-24T20:00:00Z,1.524258702,22.006
2025-09-24T20:10:00Z,1.51633097,22.121
2025-09-24T20:20:00Z,1.52403097,22.298
2025-09-24T20:30:00Z,1.52173097,22.281
2025-09-24T20:40:00Z,1.52203097,22.272
2025-09-24T20:50:00Z,1.52273097,22.291
2025-09-24T21:00:00Z,1.53253097,22.502
2025-09-24T21:10:00Z,1.54163097,22.676
2025-09-24T21:20:00Z,1.54203097,22.703
2025-09-24T21:30:00Z,1.52953097,22.581
2025-09-24T21:40:00Z,1.514203238,22.601
2025-09-24T21:50:00Z,1.513703238,22.674
2025-09-24T22:00:00Z,1.565303238,23.784
2025-09-24T22:10:00Z,1.519403238,23.518
2025-09-24T22:20:00Z,1.517403238,23.583
2025-09-24T22:30:00Z,1.506003238,23
2025-09-24T22:40:00Z,1.507803238,22.671
2025-09-24T22:50:00Z,1.52573097,22.767
2025-09-24T23:00:00Z,1.52023097,22.51
2025-09-24T23:10:00Z,1.52753097,22.577
2025-09-24T23:20:00Z,1.51653097,22.397
2025-09-24T23:30:00Z,1.52263097,22.438
2025-09-24T23:40:00Z,1.51953097,22.056
2025-09-24T23:50:00Z,1.52173097,21.938
2025-09-25T00:00:00Z,1.513903238,22.096
2025-09-25T00:10:00Z,1.507503238,22.015
2025-09-25T00:20:00Z,1.53033097,22.22
2025-09-25T00:30:00Z,1.52213097,22.061
2025-09-25T00:40:00Z,1.52413097,22.061
2025-09-25T00:50:00Z,1.52103097,21.991
2025-09-25T01:00:00Z,1.52413097,22.022
2025-09-25T01:10:00Z,1.52243097,22.063
2025-09-25T01:20:00Z,1.51393097,21.586
2025-09-25T01:30:00Z,1.505303238,21.565
2025-09-25T01:40:00Z,1.516803238,21.957
2025-09-25T01:50:00Z,1.510503238,21.759
2025-09-25T02:00:00Z,1.507103238,21.622
2025-09-25T02:10:00Z,1.512903238,21.736
2025-09-25T02:20:00Z,1.506803238,21.501
2025-09-25T02:30:00Z,1.511803238,21.515
2025-09-25T02:40:00Z,1.516803238,21.628
2025-09-25T02:50:00Z,1.519803238,21.63
2025-09-25T03:00:00Z,1.525603238,21.744
2025-09-25T03:10:00Z,1.527103238,21.721
2025-09-25T03:20:00Z,1.529403238,21.78
2025-09-25T03:30:00Z,1.516875506,21.925
2025-09-25T03:40:00Z,1.527003238,21.954
2025-09-25T03:50:00Z,1.522475506,22.201
2025-09-25T04:00:00Z,1.517275506,22.155
2025-09-25T04:10:00Z,1.511075506,21.945
2025-09-25T04:20:00Z,1.492647774,21.797
2025-09-25T04:30:00Z,1.502075506,21.846
2025-09-25T04:40:00Z,1.495075506,21.763
2025-09-25T04:50:00Z,1.496875506,21.766
2025-09-25T05:00:00Z,1.517475506,21.891
2025-09-25T05:10:00Z,1.516075506,21.634
2025-09-25T05:20:00Z,1.521175506,21.784
2025-09-25T05:30:00Z,1.519375506,21.578
2025-09-25T05:40:00Z,1.531703238,21.622
2025-09-25T05:50:00Z,1.520375506,21.576
2025-09-25T06:00:00Z,1.543375506,22.021
2025-09-25T06:10:00Z,1.518175506,21.645
2025-09-25T06:20:00Z,1.527675506,21.76
2025-09-25T06:30:00Z,1.517647774,21.791
2025-09-25T06:40:00Z,1.523747774,22.051
2025-09-25T06:50:00Z,1.520947774,21.735
2025-09-25T07:00:00Z,1.529575506,21.345
2025-09-25T07:10:00Z,1.529747774,21.398
2025-09-25T07:20:00Z,1.530947774,21.505
2025-09-25T07:30:00Z,1.520720042,21.351
2025-09-25T07:40:00Z,1.534520042,21.395
2025-09-25T07:50:00Z,1.522392311,21.404
2025-09-25T08:00:00Z,1.525292311,21.476
2025-09-25T08:10:00Z,1.523892311,21.383
2025-09-25T08:20:00Z,1.525592311,21.455
2025-09-25T08:30:00Z,1.519592311,21.437
2025-09-25T08:40:00Z,1.505264579,21.441
2025-09-25T08:50:00Z,1.512164579,21.62
2025-09-25T09:00:00Z,1.539064579,22.131
2025-09-25T09:10:00Z,1.550364579,22.257
2025-09-25T09:20:00Z,1.539164579,22.223
2025-09-25T09:30:00Z,1.544264579,22.337
2025-09-25T09:40:00Z,1.517264579,22.063
2025-09-25T09:50:00Z,1.523364579,22.282
2025-09-25T10:00:00Z,1.521164579,22.335
2025-09-25T10:10:00Z,1.529464579,22.592
2025-09-25T10:20:00Z,1.519664579,22.497
2025-09-25T10:30:00Z,1.524864579,22.658
2025-09-25T10:40:00Z,1.507764579,22.478
2025-09-25T10:50:00Z,NA,22.833
2025-09-25T11:00:00Z,1.533764579,23.01
2025-09-25T11:10:00Z,1.554364579,23.393
2025-09-25T11:20:00Z,1.568992311,23.633
2025-09-25T11:30:00Z,1.540064579,23.396
2025-09-25T11:40:00Z,1.519664579,23.192
2025-09-25T11:50:00Z,1.533764579,23.652
2025-09-25T12:00:00Z,1.535064579,23.998
2025-09-25T12:10:00Z,1.534364579,24.171
2025-09-25T12:20:00Z,1.542492311,24.242
2025-09-25T12:30:00Z,1.553420042,24.292
2025-09-25T12:40:00Z,1.548020042,24.309
2025-09-25T12:50:00Z,1.555847774,24.33
2025-09-25T13:00:00Z,1.549147774,24.361
2025-09-25T13:10:00Z,1.544247774,24.427
2025-09-25T13:20:00Z,1.541847774,24.423
2025-09-25T13:30:00Z,1.542547774,24.482
2025-09-25T13:40:00Z,1.540747774,24.496
2025-09-25T13:50:00Z,1.495875506,23.229
2025-09-25T14:00:00Z,1.487375506,23.075
2025-09-25T14:10:00Z,1.494703238,22.717
2025-09-25T14:20:00Z,1.480375506,22.178
2025-09-25T14:30:00Z,1.491203238,21.97
2025-09-25T14:40:00Z,1.497003238,22.258
2025-09-25T14:50:00Z,1.535403238,23.065
2025-09-25T15:00:00Z,1.546003238,23.524
2025-09-25T15:10:00Z,1.527703238,23.172
2025-09-25T15:20:00Z,1.48323097,22.194
2025-09-25T15:30:00Z,1.48293097,22.102
2025-09-25T15:40:00Z,1.47973097,22.075
2025-09-25T15:50:00Z,1.492358702,21.99
2025-09-25T16:00:00Z,1.492258702,22.327
2025-09-25T16:10:00Z,1.477458702,21.644
2025-09-25T16:20:00Z,1.499486434,21.671
2025-09-25T16:30:00Z,1.508586434,21.854
2025-09-25T16:40:00Z,1.539714166,22.244
2025-09-25T16:50:00Z,1.500186434,21.918
2025-09-25T17:00:00Z,1.484686434,21.671
2025-09-25T17:10:00Z,1.505414166,21.971
2025-09-25T17:20:00Z,1.494314166,21.663
2025-09-25T17:30:00Z,1.496414166,21.146
2025-09-25T17:40:00Z,1.513114166,21.373
2025-09-25T17:50:00Z,1.552514166,22.08
2025-09-25T18:00:00Z,1.562541897,22.139
2025-09-25T18:10:00Z,1.524241897,21.643
2025-09-25T18:20:00Z,1.516141897,21.613
2025-09-25T18:30:00Z,1.503141897,21.264
2025-09-25T18:40:00Z,1.502941897,21.158
2025-09-25T18:50:00Z,1.507441897,21.352
2025-09-25T19:00:00Z,1.547441897,22.086
2025-09-25T19:10:00Z,1.558841897,22.385
2025-09-25T19:20:00Z,1.527141897,21.803
2025-09-25T19:30:00Z,1.507041897,21.377
2025-09-25T19:40:00Z,1.505841897,21.239
2025-09-25T19:50:00Z,1.507541897,21.272
2025-09-25T20:00:00Z,1.502441897,21.169
2025-09-25T20:10:00Z,1.509741897,21.227
2025-09-25T20:20:00Z,1.511341897,21.267
2025-09-25T20:30:00Z,1.538741897,21.703
2025-09-25T20:40:00Z,1.543741897,21.783
2025-09-25T20:50:00Z,1.530141897,21.652
2025-09-25T21:00:00Z,1.533941897,21.818
2025-09-25T21:10:00Z,1.567441897,22.5
2025-09-25T21:20:00Z,1.566341897,23.211
2025-09-25T21:30:00Z,1.544841897,23.267
2025-09-25T21:40:00Z,1.499714166,21.905
2025-09-25T21:50:00Z,1.486214166,21.91
2025-09-25T22:00:00Z,1.495341897,21.978
2025-09-25T22:10:00Z,1.499041897,22.129
2025-09-25T22:20:00Z,1.516241897,22.484
2025-09-25T22:30:00Z,1.518041897,22.542
2025-09-25T22:40:00Z,1.525369629,22.532
2025-09-25T22:50:00Z,1.513269629,22.461
2025-09-25T23:00:00Z,1.502869629,22.453
2025-09-25T23:10:00Z,1.521297361,22.682
2025-09-25T23:20:00Z,1.512997361,22.63
2025-09-25T23:30:00Z,1.506497361,22.613
2025-09-25T23:40:00Z,1.509397361,22.739
2025-09-25T23:50:00Z,1.490597361,22.532
2025-09-26T00:00:00Z,1.514625093,22.76
2025-09-26T00:10:00Z,1.510625093,22.75
2025-09-26T00:20:00Z,1.507252825,22.553
2025-09-26T00:30:00Z,1.502152825,22.419
2025-09-26T00:40:00Z,1.508352825,22.378
2025-09-26T00:50:00Z,1.513952825,22.419
2025-09-26T01:00:00Z,1.502925093,22.535
2025-09-26T01:10:00Z,1.505652825,22.484
2025-09-26T01:20:00Z,1.495525093,22.501
2025-09-26T01:30:00Z,1.506752825,22.628
2025-09-26T01:40:00Z,1.497825093,22.771
2025-09-26T01:50:00Z,1.501025093,22.888
2025-09-26T02:00:00Z,1.513452825,22.948
2025-09-26T02:10:00Z,1.512452825,22.999
2025-09-26T02:20:00Z,1.495552825,22.776
2025-09-26T02:30:00Z,1.510680557,22.915
2025-09-26T02:40:00Z,1.502680557,22.611
2025-09-26T02:50:00Z,1.509080557,22.629
2025-09-26T03:00:00Z,1.530080557,23.1
2025-09-26T03:10:00Z,1.527052825,23.258
2025-09-26T03:20:00Z,1.518652825,23.195
2025-09-26T03:30:00Z,1.490652825,22.887
2025-09-26T03:40:00Z,1.489152825,22.946
2025-09-26T03:50:00Z,1.483952825,22.944
2025-09-26T04:00:00Z,1.483752825,22.851
2025-09-26T04:10:00Z,1.494052825,23.04
2025-09-26T04:20:00Z,1.501080557,22.921
2025-09-26T04:30:00Z,1.515480557,23.267
2025-09-26T04:40:00Z,1.526080557,23.412
2025-09-26T04:50:00Z,1.508880557,23.055
2025-09-26T05:00:00Z,1.513280557,22.915
2025-09-26T05:10:00Z,1.522680557,23.147
2025-09-26T05:20:00Z,1.511952825,22.706
2025-09-26T05:30:00Z,1.520552825,22.802
2025-09-26T05:40:00Z,1.515952825,22.538
2025-09-26T05:50:00Z,1.523452825,22.63
2025-09-26T06:00:00Z,1.515425093,22.751
2025-09-26T06:10:00Z,1.517625093,22.766
2025-09-26T06:20:00Z,1.520525093,22.865
2025-09-26T06:30:00Z,1.522925093,22.965
2025-09-26T06:40:00Z,1.517097361,23.1
2025-09-26T06:50:00Z,1.523297361,23.17
2025-09-26T07:00:00Z,1.520297361,23.017
2025-09-26T07:10:00Z,1.520797361,22.955
2025-09-26T07:20:00Z,1.524297361,22.95
2025-09-26T07:30:00Z,1.512569629,22.969
2025-09-26T07:40:00Z,1.513769629,23.02
2025-09-26T07:50:00Z,1.502341897,23.07
2025-09-26T08:00:00Z,1.505641897,23.124
2025-09-26T08:10:00Z,1.507741897,23.213
2025-09-26T08:20:00Z,1.510541897,23.335
2025-09-26T08:30:00Z,1.513841897,23.435
2025-09-26T08:40:00Z,1.513141897,23.463
2025-09-26T08:50:00Z,1.511641897,23.493
2025-09-26T09:00:00Z,1.514241897,23.596
2025-09-26T09:10:00Z,1.513941897,23.637
2025-09-26T09:20:00Z,1.514741897,23.689
2025-09-26T09:30:00Z,1.518141897,23.78
2025-09-26T09:40:00Z,1.516341897,23.835
2025-09-26T09:50:00Z,1.515641897,23.877
2025-09-26T10:00:00Z,1.514041897,23.92
2025-09-26T10:10:00Z,1.513241897,23.934
2025-09-26T10:20:00Z,1.511441897,23.972
2025-09-26T10:30:00Z,1.499214166,24.028
2025-09-26T10:40:00Z,1.506041897,24.069
2025-09-26T10:50:00Z,1.505141897,24.124
2025-09-26T11:00:00Z,1.503441897,24.186
2025-09-26T11:10:00Z,1.499841897,24.207
2025-09-26T11:20:00Z,1.496841897,24.243
2025-09-26T11:30:00Z,1.492441897,24.271
2025-09-26T11:40:00Z,1.498869629,24.264
2025-09-26T11:50:00Z,1.493769629,24.245
2025-09-26T12:00:00Z,1.487869629,24.174
2025-09-26T12:10:00Z,1.488269629,24.171
2025-09-26T12:20:00Z,1.487969629,24.215
2025-09-26T12:30:00Z,1.502197361,24.339
2025-09-26T12:40:00Z,1.495997361,24.337
2025-09-26T12:50:00Z,1.488097361,24.315
2025-09-26T13:00:00Z,1.483597361,24.291
2025-09-26T13:10:00Z,1.487825093,24.247
2025-09-26T13:20:00Z,1.490825093,24.294
2025-09-26T13:30:00Z,1.489725093,24.366
2025-09-26T13:40:00Z,1.500052825,24.405
2025-09-26T13:50:00Z,1.497552825,24.461
2025-09-26T14:00:00Z,1.492752825,24.489
2025-09-26T14:10:00Z,1.501080557,24.532
2025-09-26T14:20:00Z,1.479052825,24.465
2025-09-26T14:30:00Z,1.498380557,24.642
2025-09-26T14:40:00Z,1.489080557,24.606
2025-09-26T14:50:00Z,1.491108289,24.506
2025-09-26T15:00:00Z,1.499208289,24.697
2025-09-26T15:10:00Z,1.487008289,24.608
2025-09-26T15:20:00Z,1.497536021,24.267
2025-09-26T15:30:00Z,1.508436021,24.527
2025-09-26T15:40:00Z,1.502636021,24.514
2025-09-26T15:50:00Z,1.493436021,24.429
2025-09-26T16:00:00Z,1.484636021,23.343
2025-09-26T16:10:00Z,1.502163752,22.918
2025-09-26T16:20:00Z,1.501963752,23.114
2025-09-26T16:30:00Z,1.500663752,23.155
2025-09-26T16:40:00Z,1.510663752,23.394
2025-09-26T16:50:00Z,1.515663752,23.577
2025-09-26T17:00:00Z,1.511063752,23.626
2025-09-26T17:10:00Z,1.501663752,23.547
2025-09-26T17:20:00Z,1.503863752,23.404
2025-09-26T17:30:00Z,1.513863752,23.577
2025-09-26T17:40:00Z,1.512763752,23.646
2025-09-26T17:50:00Z,1.504863752,23.579
2025-09-26T18:00:00Z,1.503663752,23.385
2025-09-26T18:10:00Z,1.508463752,22.981
2025-09-26T18:20:00Z,1.523763752,23.156
2025-09-26T18:30:00Z,1.531163752,23.331
2025-09-26T18:40:00Z,1.503536021,23.172
2025-09-26T18:50:00Z,1.520963752,23.162
2025-09-26T19:00:00Z,1.521463752,23.032
2025-09-26T19:10:00Z,1.511636021,22.959
2025-09-26T19:20:00Z,1.510936021,22.641
2025-09-26T19:30:00Z,1.518936021,22.641
2025-09-26T19:40:00Z,1.527036021,22.764
2025-09-26T19:50:00Z,1.522208289,22.839
2025-09-26T20:00:00Z,1.518108289,22.627
2025-09-26T20:10:00Z,1.522508289,22.443
2025-09-26T20:20:00Z,1.531308289,22.488
2025-09-26T20:30:00Z,1.523580557,22.587
2025-09-26T20:40:00Z,1.523052825,22.842
2025-09-26T20:50:00Z,1.529852825,22.991
2025-09-26T21:00:00Z,1.522352825,22.949
2025-09-26T21:10:00Z,1.519052825,22.943
2025-09-26T21:20:00Z,1.516452825,22.792
2025-09-26T21:30:00Z,1.505125093,22.49
2025-09-26T21:40:00Z,1.505825093,22.47
2025-09-26T21:50:00Z,1.513325093,22.488
2025-09-26T22:00:00Z,1.516125093,22.536
2025-09-26T22:10:00Z,1.506297361,22.638
2025-09-26T22:20:00Z,1.508097361,22.69
2025-09-26T22:30:00Z,1.521625093,22.753
2025-09-26T22:40:00Z,1.511297361,22.84
2025-09-26T22:50:00Z,1.512797361,22.93
2025-09-26T23:00:00Z,1.506497361,22.951
2025-09-26T23:10:00Z,1.499597361,22.921
2025-09-26T23:20:00Z,1.494497361,22.918
2025-09-26T23:30:00Z,1.488597361,22.886
2025-09-26T23:40:00Z,1.484597361,22.868
2025-09-26T23:50:00Z,1.484797361,22.82
2025-09-27T00:00:00Z,1.489697361,22.795
2025-09-27T00:10:00Z,1.486697361,22.762
2025-09-27T00:20:00Z,1.495825093,22.745
2025-09-27T00:30:00Z,1.489125093,22.697
2025-09-27T00:40:00Z,1.492125093,22.681
2025-09-27T00:50:00Z,1.495425093,22.809
2025-09-27T01:00:00Z,1.481225093,22.64
2025-09-27T01:10:00Z,1.485125093,22.368
2025-09-27T01:20:00Z,1.498452825,22.254
2025-09-27T01:30:00Z,1.500052825,22.385
2025-09-27T01:40:00Z,1.494652825,22.404
2025-09-27T01:50:00Z,1.494952825,22.34
2025-09-27T02:00:00Z,1.501552825,22.533
2025-09-27T02:10:00Z,1.499352825,22.587
2025-09-27T02:20:00Z,1.494552825,22.589
2025-09-27T02:30:00Z,1.496652825,22.57
2025-09-27T02:40:00Z,1.494252825,22.605
2025-09-27T02:50:00Z,1.493152825,22.55
2025-09-27T03:00:00Z,1.504380557,22.481
2025-09-27T03:10:00Z,1.499080557,22.491
2025-09-27T03:20:00Z,1.483152825,22.316
2025-09-27T03:30:00Z,1.495280557,22.371
2025-09-27T03:40:00Z,1.496280557,22.413
2025-09-27T03:50:00Z,1.498580557,22.345
2025-09-27T04:00:00Z,1.500680557,22.426
2025-09-27T04:10:00Z,1.499580557,22.283
2025-09-27T04:20:00Z,1.501080557,22.314
2025-09-27T04:30:00Z,1.501080557,22.327
2025-09-27T04:40:00Z,1.502480557,22.308
2025-09-27T04:50:00Z,1.506280557,22.34
2025-09-27T05:00:00Z,1.508780557,22.319
2025-09-27T05:10:00Z,1.510680557,22.289
2025-09-27T05:20:00Z,1.512080557,22.299
2025-09-27T05:30:00Z,1.515580557,22.265
2025-09-27T05:40:00Z,1.516780557,22.288
2025-09-27T05:50:00Z,1.520080557,22.317
2025-09-27T06:00:00Z,1.509652825,22.278
2025-09-27T06:10:00Z,1.514052825,22.289
2025-09-27T06:20:00Z,1.516952825,22.314
2025-09-27T06:30:00Z,1.521352825,22.311
2025-09-27T06:40:00Z,1.524052825,22.331
2025-09-27T06:50:00Z,1.511025093,22.277
2025-09-27T07:00:00Z,1.509925093,22.275
2025-09-27T07:10:00Z,1.513925093,22.281
2025-09-27T07:20:00Z,1.515225093,22.279
2025-09-27T07:30:00Z,1.503297361,22.325
2025-09-27T07:40:00Z,1.504997361,22.308
2025-09-27T07:50:00Z,1.507297361,22.279
2025-09-27T08:00:00Z,1.512997361,22.294
2025-09-27T08:10:00Z,1.513297361,22.284
2025-09-27T08:20:00Z,1.517297361,22.305
2025-09-27T08:30:00Z,1.527697361,22.365
2025-09-27T08:40:00Z,1.525197361,22.379
2025-09-27T08:50:00Z,1.522397361,22.339
2025-09-27T09:00:00Z,1.512969629,22.351
2025-09-27T09:10:00Z,1.515069629,22.293
2025-09-27T09:20:00Z,1.520569629,22.454
2025-09-27T09:30:00Z,1.509069629,22.301
2025-09-27T09:40:00Z,1.501841897,22.316
2025-09-27T09:50:00Z,1.511141897,22.512
2025-09-27T10:00:00Z,1.518741897,22.681
2025-09-27T10:10:00Z,1.523841897,22.796
2025-09-27T10:20:00Z,1.529741897,22.93
2025-09-27T10:30:00Z,1.531041897,22.979
2025-09-27T10:40:00Z,1.528541897,23.015
2025-09-27T10:50:00Z,1.524641897,23.042
2025-09-27T11:00:00Z,1.521741897,23.062
2025-09-27T11:10:00Z,1.520241897,23.114
2025-09-27T11:20:00Z,1.513241897,23.112
2025-09-27T11:30:00Z,1.508941897,23.141
2025-09-27T11:40:00Z,1.511241897,23.22
2025-09-27T11:50:00Z,1.508641897,23.25
2025-09-27T12:00:00Z,1.504141897,23.259
2025-09-27T12:10:00Z,1.504041897,23.331
2025-09-27T12:20:00Z,1.506641897,23.437
2025-09-27T12:30:00Z,1.506141897,23.511
2025-09-27T12:40:00Z,1.504941897,23.58
2025-09-27T12:50:00Z,1.501841897,23.614
2025-09-27T13:00:00Z,1.489741897,23.501
2025-09-27T13:10:00Z,1.484341897,23.443
2025-09-27T13:20:00Z,1.479241897,23.447
2025-09-27T13:30:00Z,1.482741897,23.557
2025-09-27T13:40:00Z,1.486969629,23.554
2025-09-27T13:50:00Z,1.481269629,23.567
2025-09-27T14:00:00Z,1.480569629,23.57
2025-09-27T14:10:00Z,1.474569629,23.485
2025-09-27T14:20:00Z,1.475169629,23.396
2025-09-27T14:30:00Z,1.476369629,23.397
2025-09-27T14:40:00Z,1.491197361,23.39
2025-09-27T14:50:00Z,1.487997361,23.27
2025-09-27T15:00:00Z,1.488697361,23.157
2025-09-27T15:10:00Z,1.488397361,23.134
2025-09-27T15:20:00Z,1.496125093,22.982
2025-09-27T15:30:00Z,1.498825093,23.091
2025-09-27T15:40:00Z,1.492297361,23.112
2025-09-27T15:50:00Z,1.491997361,23.14
2025-09-27T16:00:00Z,1.484397361,23.083
2025-09-27T16:10:00Z,1.485097361,22.98
2025-09-27T16:20:00Z,1.502325093,22.994
2025-09-27T16:30:00Z,1.508425093,23.096
2025-09-27T16:40:00Z,1.506125093,23.154
2025-09-27T16:50:00Z,1.496025093,23.077
2025-09-27T17:00:00Z,1.495025093,23.146
2025-09-27T17:10:00Z,1.493025093,23.175
2025-09-27T17:20:00Z,1.493825093,23.203
2025-09-27T17:30:00Z,1.493425093,23.235
2025-09-27T17:40:00Z,1.495025093,23.235
2025-09-27T17:50:00Z,1.509152825,23.214
2025-09-27T18:00:00Z,1.513252825,23.174
2025-09-27T18:10:00Z,1.516352825,23.177
2025-09-27T18:20:00Z,1.505025093,23.151
2025-09-27T18:30:00Z,1.505525093,23.022
2025-09-27T18:40:00Z,1.507125093,22.982
2025-09-27T18:50:00Z,1.511525093,22.988
2025-09-27T19:00:00Z,1.514725093,23.032
2025-09-27T19:10:00Z,1.504897361,23.103
2025-09-27T19:20:00Z,1.515625093,23.1
2025-09-27T19:30:00Z,1.503997361,23.016
2025-09-27T19:40:00Z,1.509697361,22.983
2025-09-27T19:50:00Z,1.515397361,22.979
2025-09-27T20:00:00Z,1.521697361,22.99
2025-09-27T20:10:00Z,1.521497361,22.931
2025-09-27T20:20:00Z,1.516369629,22.886
2025-09-27T20:30:00Z,1.523369629,22.887
2025-09-27T20:40:00Z,1.526269629,22.871
2025-09-27T20:50:00Z,1.529769629,22.878
2025-09-27T21:00:00Z,1.522041897,22.953
2025-09-27T21:10:00Z,1.523941897,23.018
2025-09-27T21:20:00Z,1.520941897,22.997
2025-09-27T21:30:00Z,1.512414166,23.016
2025-09-27T21:40:00Z,1.512114166,23.002
2025-09-27T21:50:00Z,1.510814166,22.96
2025-09-27T22:00:00Z,1.516414166,22.999
2025-09-27T22:10:00Z,1.507886434,23.013
2025-09-27T22:20:00Z,1.504586434,23.003
2025-09-27T22:30:00Z,1.500986434,23.016
2025-09-27T22:40:00Z,1.503386434,22.991
2025-09-27T22:50:00Z,1.501786434,22.956
2025-09-27T23:00:00Z,1.504286434,22.842
2025-09-27T23:10:00Z,1.503286434,22.857
2025-09-27T23:20:00Z,1.501386434,22.853
2025-09-27T23:30:00Z,1.503786434,22.901
2025-09-27T23:40:00Z,1.500686434,22.884
2025-09-27T23:50:00Z,1.494986434,22.886
2025-09-28T00:00:00Z,1.497786434,22.835
2025-09-28T00:10:00Z,1.501286434,22.85
2025-09-28T00:20:00Z,1.504086434,22.855
2025-09-28T00:30:00Z,1.502986434,22.803
2025-09-28T00:40:00Z,1.510714166,22.791
2025-09-28T00:50:00Z,1.514114166,22.778
2025-09-28T01:00:00Z,1.514514166,22.737
2025-09-28T01:10:00Z,1.508186434,22.725
2025-09-28T01:20:00Z,1.508586434,22.687
2025-09-28T01:30:00Z,1.509686434,22.668
2025-09-28T01:40:00Z,1.512586434,22.656
2025-09-28T01:50:00Z,1.516686434,22.608
2025-09-28T02:00:00Z,1.512086434,22.604
2025-09-28T02:10:00Z,1.496458702,22.605
2025-09-28T02:20:00Z,1.510486434,22.606
2025-09-28T02:30:00Z,1.502558702,22.62
2025-09-28T02:40:00Z,1.497758702,22.615
2025-09-28T02:50:00Z,1.500258702,22.618
2025-09-28T03:00:00Z,1.493858702,22.569
2025-09-28T03:10:00Z,1.509686434,22.498
2025-09-28T03:20:00Z,1.513986434,22.461
2025-09-28T03:30:00Z,1.517486434,22.461
2025-09-28T03:40:00Z,1.520586434,22.498
2025-09-28T03:50:00Z,1.517758702,22.506
2025-09-28T04:00:00Z,1.533186434,22.522
2025-09-28T04:10:00Z,1.521058702,22.479
2025-09-28T04:20:00Z,1.523758702,22.479
2025-09-28T04:30:00Z,1.523958702,22.45
2025-09-28T04:40:00Z,1.51543097,22.501
2025-09-28T04:50:00Z,1.50993097,22.475
2025-09-28T05:00:00Z,1.52383097,22.495
2025-09-28T05:10:00Z,1.53133097,22.501
2025-09-28T05:20:00Z,1.53353097,22.487
2025-09-28T05:30:00Z,1.53863097,22.454
2025-09-28T05:40:00Z,1.54133097,22.446
2025-09-28T05:50:00Z,1.54393097,22.433
2025-09-28T06:00:00Z,1.538003238,22.412
2025-09-28T06:10:00Z,1.531575506,22.408
2025-09-28T06:20:00Z,1.527075506,22.422
2025-09-28T06:30:00Z,1.533875506,22.423
2025-09-28T06:40:00Z,1.527247774,22.406
2025-09-28T06:50:00Z,1.531847774,22.391
2025-09-28T07:00:00Z,1.535847774,22.376
2025-09-28T07:10:00Z,1.529720042,22.353
2025-09-28T07:20:00Z,1.530820042,22.383
2025-09-28T07:30:00Z,1.530620042,22.377
2025-09-28T07:40:00Z,1.521392311,22.398
2025-09-28T07:50:00Z,1.521492311,22.409
2025-09-28T08:00:00Z,1.526792311,22.412
2025-09-28T08:10:00Z,1.515264579,22.447
2025-09-28T08:20:00Z,1.517864579,22.497
2025-09-28T08:30:00Z,1.521064579,22.528
2025-09-28T08:40:00Z,1.524364579,22.517
2025-09-28T08:50:00Z,1.529764579,22.521
2025-09-28T09:00:00Z,1.535064579,22.523
2025-09-28T09:10:00Z,1.534064579,22.506
2025-09-28T09:20:00Z,1.528236847,22.505
2025-09-28T09:30:00Z,1.526536847,22.609
2025-09-28T09:40:00Z,1.531236847,22.684
2025-09-28T09:50:00Z,1.529309115,22.732
2025-09-28T10:00:00Z,1.529209115,22.784
2025-09-28T10:10:00Z,1.523809115,22.793
2025-09-28T10:20:00Z,1.521709115,22.81
2025-09-28T10:30:00Z,1.517809115,22.845
2025-09-28T10:40:00Z,1.514709115,22.881
2025-09-28T10:50:00Z,1.501581383,22.933
2025-09-28T11:00:00Z,1.510109115,22.968
2025-09-28T11:10:00Z,1.500709115,22.997
2025-09-28T11:20:00Z,1.509409115,22.996
2025-09-28T11:30:00Z,1.503409115,23.014
2025-09-28T11:40:00Z,1.501809115,23.019
2025-09-28T11:50:00Z,1.504009115,23.055
2025-09-28T12:00:00Z,1.505709115,23.074
2025-09-28T12:10:00Z,1.502409115,23.114
2025-09-28T12:20:00Z,1.497409115,23.142
2025-09-28T12:30:00Z,1.494009115,23.155
2025-09-28T12:40:00Z,1.493609115,23.14
2025-09-28T12:50:00Z,1.490909115,23.14
2025-09-28T13:00:00Z,1.495509115,23.162
2025-09-28T13:10:00Z,1.488409115,23.205
2025-09-28T13:20:00Z,1.496636847,23.231
2025-09-28T13:30:00Z,1.491336847,23.18
2025-09-28T13:40:00Z,1.495936847,23.152
2025-09-28T13:50:00Z,1.494236847,23.132
2025-09-28T14:00:00Z,1.488236847,23.189
2025-09-28T14:10:00Z,1.486436847,23.236
2025-09-28T14:20:00Z,1.493264579,23.275
2025-09-28T14:30:00Z,1.495264579,23.283
2025-09-28T14:40:00Z,1.492664579,23.274
2025-09-28T14:50:00Z,1.488864579,23.294
2025-09-28T15:00:00Z,1.494164579,23.317
2025-09-28T15:10:00Z,1.499492311,23.351
2025-09-28T15:20:00Z,1.498292311,23.375
2025-09-28T15:30:00Z,1.496692311,23.383
2025-09-28T15:40:00Z,1.490792311,23.369
2025-09-28T15:50:00Z,1.486092311,23.392
2025-09-28T16:00:00Z,1.498620042,23.454
2025-09-28T16:10:00Z,1.498420042,23.474
2025-09-28T16:20:00Z,1.487720042,23.488
2025-09-28T16:30:00Z,1.487120042,23.507
2025-09-28T16:40:00Z,1.494947774,23.515
2025-09-28T16:50:00Z,1.504047774,23.519
2025-09-28T17:00:00Z,1.503547774,23.513
2025-09-28T17:10:00Z,1.511775506,23.513
2025-09-28T17:20:00Z,1.509475506,23.46
2025-09-28T17:30:00Z,1.514075506,23.442
2025-09-28T17:40:00Z,1.510075506,23.421
2025-09-28T17:50:00Z,1.507175506,23.374
2025-09-28T18:00:00Z,1.515575506,23.359
2025-09-28T18:10:00Z,1.508575506,23.328
2025-09-28T18:20:00Z,1.505475506,23.247
2025-09-28T18:30:00Z,1.505875506,23.198
2025-09-28T18:40:00Z,1.503975506,23.119
2025-09-28T18:50:00Z,1.508775506,23.083
2025-09-28T19:00:00Z,1.510975506,23.058
2025-09-28T19:10:00Z,1.512575506,23.013
2025-09-28T19:20:00Z,1.520975506,22.984
2025-09-28T19:30:00Z,1.522675506,22.955
2025-09-28T19:40:00Z,1.529075506,22.911
2025-09-28T19:50:00Z,1.512047774,22.863
2025-09-28T20:00:00Z,1.509247774,22.781
2025-09-28T20:10:00Z,1.515647774,22.738
2025-09-28T20:20:00Z,1.513447774,22.717
2025-09-28T20:30:00Z,1.500220042,22.683
2025-09-28T20:40:00Z,1.503220042,22.665
2025-09-28T20:50:00Z,1.506420042,22.628
2025-09-28T21:00:00Z,1.503620042,22.598
2025-09-28T21:10:00Z,1.508320042,22.623
2025-09-28T21:20:00Z,1.508020042,22.593
2025-09-28T21:30:00Z,1.508320042,22.556
2025-09-28T21:40:00Z,1.511120042,22.572
2025-09-28T21:50:00Z,1.508320042,22.554
2025-09-28T22:00:00Z,1.514420042,22.513
2025-09-28T22:10:00Z,1.518720042,22.511
2025-09-28T22:20:00Z,1.518120042,22.507
2025-09-28T22:30:00Z,1.513420042,22.499
2025-09-28T22:40:00Z,1.499592311,22.473
2025-09-28T22:50:00Z,1.501092311,22.465
2025-09-28T23:00:00Z,1.497192311,22.457
2025-09-28T23:10:00Z,1.494992311,22.452
2025-09-28T23:20:00Z,1.489892311,22.412
2025-09-28T23:30:00Z,1.492192311,22.369
2025-09-28T23:40:00Z,1.491892311,22.395
2025-09-28T23:50:00Z,1.492892311,22.406
2025-09-29T00:00:00Z,1.494992311,22.383
2025-09-29T00:10:00Z,1.510720042,22.305
2025-09-29T00:20:00Z,1.512120042,22.244
2025-09-29T00:30:00Z,1.510520042,22.213
2025-09-29T00:40:00Z,1.508720042,22.073
2025-09-29T00:50:00Z,1.507320042,22.021
2025-09-29T01:00:00Z,1.505320042,22.034
2025-09-29T01:10:00Z,1.502720042,22.037
2025-09-29T01:20:00Z,1.507820042,22.058
2025-09-29T01:30:00Z,1.503920042,22.104
2025-09-29T01:40:00Z,1.504420042,22.131
2025-09-29T01:50:00Z,1.498120042,22.088
2025-09-29T02:00:00Z,1.496820042,22.072
2025-09-29T02:10:00Z,1.499420042,22.052
2025-09-29T02:20:00Z,1.495120042,22.036
2025-09-29T02:30:00Z,1.496520042,21.991
2025-09-29T02:40:00Z,1.496120042,21.968
2025-09-29T02:50:00Z,1.505547774,21.932
2025-09-29T03:00:00Z,1.503447774,21.954
2025-09-29T03:10:00Z,1.505547774,21.952
2025-09-29T03:20:00Z,1.510847774,21.981
2025-09-29T03:30:00Z,1.508247774,22.012
2025-09-29T03:40:00Z,1.503547774,21.958
2025-09-29T03:50:00Z,1.508147774,21.822
2025-09-29T04:00:00Z,1.503047774,21.647
2025-09-29T04:10:00Z,1.507347774,21.576
2025-09-29T04:20:00Z,1.509847774,21.669
2025-09-29T04:30:00Z,1.515147774,21.731
2025-09-29T04:40:00Z,1.515647774,21.722
2025-09-29T04:50:00Z,1.518747774,21.704
2025-09-29T05:00:00Z,1.518247774,21.706
2025-09-29T05:10:00Z,1.517547774,21.741
2025-09-29T05:20:00Z,1.507420042,21.778
2025-09-29T05:30:00Z,1.504220042,21.775
2025-09-29T05:40:00Z,1.507920042,21.797
2025-09-29T05:50:00Z,1.506520042,21.787
2025-09-29T06:00:00Z,1.508820042,21.703
2025-09-29T06:10:00Z,1.511720042,21.583
2025-09-29T06:20:00Z,1.516420042,21.573
2025-09-29T06:30:00Z,1.525920042,21.645
2025-09-29T06:40:00Z,1.533120042,21.648
2025-09-29T06:50:00Z,1.532620042,21.617
2025-09-29T07:00:00Z,1.534820042,21.713
2025-09-29T07:10:00Z,1.520492311,21.77
2025-09-29T07:20:00Z,1.515992311,21.781
2025-09-29T07:30:00Z,1.502864579,21.77
2025-09-29T07:40:00Z,1.508164579,21.821
2025-09-29T07:50:00Z,1.510664579,21.877
2025-09-29T08:00:00Z,1.516764579,21.958
2025-09-29T08:10:00Z,1.518964579,22.037
2025-09-29T08:20:00Z,1.519864579,22.078
2025-09-29T08:30:00Z,1.520364579,22.094
2025-09-29T08:40:00Z,1.522664579,22.117
2025-09-29T08:50:00Z,1.507236847,22.128
2025-09-29T09:00:00Z,1.505836847,22.134
2025-09-29T09:10:00Z,1.506436847,22.192
2025-09-29T09:20:00Z,1.505436847,22.233
2025-09-29T09:30:00Z,1.508536847,22.272
2025-09-29T09:40:00Z,1.504836847,22.261
2025-09-29T09:50:00Z,1.492936847,22.335
2025-09-29T10:00:00Z,1.500036847,22.376
2025-09-29T10:10:00Z,1.501736847,22.413
2025-09-29T10:20:00Z,1.505536847,22.457
2025-09-29T10:30:00Z,1.508836847,22.492
2025-09-29T10:40:00Z,1.500136847,22.543
2025-09-29T10:50:00Z,1.511564579,22.604
2025-09-29T11:00:00Z,1.511564579,22.58
2025-09-29T11:10:00Z,1.512964579,22.509
2025-09-29T11:20:00Z,1.509864579,22.469
2025-09-29T11:30:00Z,1.501564579,22.536
2025-09-29T11:40:00Z,1.500364579,22.613
2025-09-29T11:50:00Z,1.501064579,22.609
2025-09-29T12:00:00Z,1.496264579,22.625
2025-09-29T12:10:00Z,1.484036847,22.617
2025-09-29T12:20:00Z,1.490164579,22.689
2025-09-29T12:30:00Z,1.488564579,22.746
2025-09-29T12:40:00Z,1.499392311,22.848
2025-09-29T12:50:00Z,1.519920042,23.031
2025-09-29T13:00:00Z,1.511620042,23.142
2025-09-29T13:10:00Z,1.477992311,23.034
2025-09-29T13:20:00Z,1.488120042,23.03
2025-09-29T13:30:00Z,1.496847774,23.063
2025-09-29T13:40:00Z,1.503547774,23.104
2025-09-29T13:50:00Z,1.495547774,23.043
2025-09-29T14:00:00Z,1.509903238,22.951
2025-09-29T14:10:00Z,1.52733097,22.886
2025-09-29T14:20:00Z,1.52883097,22.937
2025-09-29T14:30:00Z,1.516903238,22.891
2025-09-29T14:40:00Z,1.518303238,22.987
2025-09-29T14:50:00Z,1.504275506,22.958
2025-09-29T15:00:00Z,1.516403238,23.006
2025-09-29T15:10:00Z,1.511303238,23.044
2025-09-29T15:20:00Z,1.506303238,23.091
2025-09-29T15:30:00Z,1.496403238,23.019
2025-09-29T15:40:00Z,1.494803238,23.009
2025-09-29T15:50:00Z,1.503503238,23.045
2025-09-29T16:00:00Z,1.510003238,23.117
2025-09-29T16:10:00Z,1.502503238,23.184
2025-09-29T16:20:00Z,1.51493097,23.181
2025-09-29T16:30:00Z,1.51583097,23.156
2025-09-29T16:40:00Z,1.51883097,23.112
2025-09-29T16:50:00Z,1.51653097,23.076
2025-09-29T17:00:00Z,1.50513097,23.039
2025-09-29T17:10:00Z,1.50193097,23.054
2025-09-29T17:20:00Z,1.49753097,22.963
2025-09-29T17:30:00Z,1.49993097,22.951
2025-09-29T17:40:00Z,1.484603238,22.925
2025-09-29T17:50:00Z,1.49513097,22.901
2025-09-29T18:00:00Z,1.49923097,22.89
2025-09-29T18:10:00Z,1.505058702,22.891
2025-09-29T18:20:00Z,1.506258702,22.831
2025-09-29T18:30:00Z,1.508458702,22.772
2025-09-29T18:40:00Z,1.506858702,22.758
2025-09-29T18:50:00Z,1.511458702,22.759
2025-09-29T19:00:00Z,1.510758702,22.798
2025-09-29T19:10:00Z,1.509958702,22.777
2025-09-29T19:20:00Z,1.510158702,22.772
2025-09-29T19:30:00Z,1.504758702,22.759
2025-09-29T19:40:00Z,1.501758702,22.727
2025-09-29T19:50:00Z,1.497858702,22.683
2025-09-29T20:00:00Z,1.498958702,22.665
2025-09-29T20:10:00Z,1.499558702,22.65
2025-09-29T20:20:00Z,1.510358702,22.682
2025-09-29T20:30:00Z,1.507758702,22.706
2025-09-29T20:40:00Z,1.513958702,22.718
2025-09-29T20:50:00Z,1.514758702,22.733
2025-09-29T21:00:00Z,1.515158702,22.725
2025-09-29T21:10:00Z,1.500558702,22.666
2025-09-29T21:20:00Z,1.504458702,22.546
2025-09-29T21:30:00Z,1.505258702,22.37
2025-09-29T21:40:00Z,1.49223097,22.244
2025-09-29T21:50:00Z,1.48993097,22.176
2025-09-29T22:00:00Z,1.48793097,22.1
2025-09-29T22:10:00Z,1.501858702,22.085
2025-09-29T22:20:00Z,1.503358702,22.06
2025-09-29T22:30:00Z,1.512458702,22.042
2025-09-29T22:40:00Z,1.512058702,22.042
2025-09-29T22:50:00Z,1.511458702,22.034
2025-09-29T23:00:00Z,1.513758702,21.998
2025-09-29T23:10:00Z,1.517458702,21.973
2025-09-29T23:20:00Z,1.516758702,21.961
2025-09-29T23:30:00Z,1.50503097,21.934
2025-09-29T23:40:00Z,1.50613097,21.925
2025-09-29T23:50:00Z,1.51123097,21.997
2025-09-30T00:00:00Z,1.51263097,22.014
2025-09-30T00:10:00Z,1.51443097,22.038
2025-09-30T00:20:00Z,1.51393097,22.071
2025-09-30T00:30:00Z,1.51603097,22.052
2025-09-30T00:40:00Z,1.51393097,22.013
2025-09-30T00:50:00Z,1.504603238,21.961
2025-09-30T01:00:00Z,1.507403238,21.931
2025-09-30T01:10:00Z,1.506303238,21.826
2025-09-30T01:20:00Z,1.506703238,21.755
2025-09-30T01:30:00Z,1.509003238,21.776
2025-09-30T01:40:00Z,1.510403238,21.829
2025-09-30T01:50:00Z,1.509803238,21.834
2025-09-30T02:00:00Z,1.508403238,21.784
2025-09-30T02:10:00Z,1.509003238,21.819
2025-09-30T02:20:00Z,1.508603238,21.821
2025-09-30T02:30:00Z,1.493975506,21.844
2025-09-30T02:40:00Z,1.489875506,21.836
2025-09-30T02:50:00Z,1.487275506,21.818
2025-09-30T03:00:00Z,1.490475506,21.807
2025-09-30T03:10:00Z,1.495175506,21.778
2025-09-30T03:20:00Z,1.503903238,21.711
2025-09-30T03:30:00Z,1.508003238,21.615
2025-09-30T03:40:00Z,1.513303238,21.552
2025-09-30T03:50:00Z,1.516303238,21.6
2025-09-30T04:00:00Z,1.505075506,21.601
2025-09-30T04:10:00Z,1.504175506,21.34
2025-09-30T04:20:00Z,1.523603238,21.376
2025-09-30T04:30:00Z,1.513375506,21.418
2025-09-30T04:40:00Z,1.512075506,21.43
2025-09-30T04:50:00Z,1.514575506,21.426
2025-09-30T05:00:00Z,1.517675506,21.502
2025-09-30T05:10:00Z,1.508147774,21.525
2025-09-30T05:20:00Z,1.508147774,21.537
2025-09-30T05:30:00Z,1.509847774,21.542
2025-09-30T05:40:00Z,1.513347774,21.583
2025-09-30T05:50:00Z,1.502720042,21.576
2025-09-30T06:00:00Z,1.504520042,21.56
2025-09-30T06:10:00Z,1.507620042,21.571
2025-09-30T06:20:00Z,1.510320042,21.572
2025-09-30T06:30:00Z,1.512120042,21.6
2025-09-30T06:40:00Z,1.515120042,21.585
2025-09-30T06:50:00Z,1.506192311,21.591
2025-09-30T07:00:00Z,1.506592311,21.597
2025-09-30T07:10:00Z,1.510592311,21.608
2025-09-30T07:20:00Z,1.502164579,21.607
2025-09-30T07:30:00Z,1.504864579,21.601
2025-09-30T07:40:00Z,1.508264579,21.637
2025-09-30T07:50:00Z,1.513464579,21.622
2025-09-30T08:00:00Z,1.513564579,21.492
2025-09-30T08:10:00Z,1.506136847,21.388
2025-09-30T08:20:00Z,1.509736847,21.425
2025-09-30T08:30:00Z,1.512736847,21.395
2025-09-30T08:40:00Z,1.516036847,21.397
2025-09-30T08:50:00Z,1.511409115,21.568
2025-09-30T09:00:00Z,1.518609115,21.667
2025-09-30T09:10:00Z,1.510781383,21.732
2025-09-30T09:20:00Z,1.515681383,21.793
2025-09-30T09:30:00Z,1.518181383,21.816
2025-09-30T09:40:00Z,1.529281383,21.988
2025-09-30T09:50:00Z,1.541981383,22.191
2025-09-30T10:00:00Z,1.535753651,22.232
2025-09-30T10:10:00Z,1.534553651,22.227
2025-09-30T10:20:00Z,1.539853651,22.35
2025-09-30T10:30:00Z,1.538353651,22.329
2025-09-30T10:40:00Z,1.528925919,22.367
2025-09-30T10:50:00Z,1.528125919,22.383
2025-09-30T11:00:00Z,1.527525919,22.403
2025-09-30T11:10:00Z,1.529925919,22.462
2025-09-30T11:20:00Z,1.544753651,22.605
2025-09-30T11:30:00Z,1.549753651,22.803
2025-09-30T11:40:00Z,1.549753651,22.953
2025-09-30T11:50:00Z,1.549953651,23.105
2025-09-30T12:00:00Z,1.545853651,23.22
2025-09-30T12:10:00Z,1.558581383,23.365
2025-09-30T12:20:00Z,1.550081383,23.501
2025-09-30T12:30:00Z,1.540181383,23.41
2025-09-30T12:40:00Z,1.521281383,23.249
2025-09-30T12:50:00Z,1.520681383,23.222
2025-09-30T13:00:00Z,1.529909115,23.306
2025-09-30T13:10:00Z,1.526509115,23.423
2025-09-30T13:20:00Z,1.531309115,23.549
2025-09-30T13:30:00Z,1.542136847,23.596
2025-09-30T13:40:00Z,1.538936847,23.688
2025-09-30T13:50:00Z,1.535736847,23.778
2025-09-30T14:00:00Z,1.545664579,23.802
2025-09-30T14:10:00Z,1.530164579,23.806
2025-09-30T14:20:00Z,1.528164579,23.806
2025-09-30T14:30:00Z,1.526564579,23.854
2025-09-30T14:40:00Z,1.528364579,23.922
2025-09-30T14:50:00Z,1.525164579,23.958
2025-09-30T15:00:00Z,1.521164579,23.933
2025-09-30T15:10:00Z,1.516764579,23.976
2025-09-30T15:20:00Z,1.527792311,23.925
2025-09-30T15:30:00Z,1.532892311,24.009
2025-09-30T15:40:00Z,1.532492311,24.014
2025-09-30T15:50:00Z,1.533192311,24.103
2025-09-30T16:00:00Z,1.542420042,24.166
2025-09-30T16:10:00Z,1.530820042,24.167
2025-09-30T16:20:00Z,1.537520042,24.137
2025-09-30T16:30:00Z,1.541020042,24.202
2025-09-30T16:40:00Z,1.529920042,24.06
2025-09-30T16:50:00Z,1.522520042,23.974
2025-09-30T17:00:00Z,1.516320042,23.93
2025-09-30T17:10:00Z,1.529047774,23.939
2025-09-30T17:20:00Z,1.522847774,23.876
2025-09-30T17:30:00Z,1.531175506,23.838
2025-09-30T17:40:00Z,1.531275506,23.819
2025-09-30T17:50:00Z,1.537775506,23.739
2025-09-30T18:00:00Z,1.528775506,23.681
2025-09-30T18:10:00Z,1.543403238,23.672
2025-09-30T18:20:00Z,1.544203238,23.624
2025-09-30T18:30:00Z,1.539303238,23.591
2025-09-30T18:40:00Z,1.534303238,23.56
2025-09-30T18:50:00Z,1.533675506,23.563
2025-09-30T19:00:00Z,1.550003238,23.571
2025-09-30T19:10:00Z,1.536075506,23.57
2025-09-30T19:20:00Z,1.537375506,23.562
2025-09-30T19:30:00Z,1.539475506,23.54
2025-09-30T19:40:00Z,1.542175506,23.517
2025-09-30T19:50:00Z,1.542075506,23.481
2025-09-30T20:00:00Z,1.529647774,23.474
2025-09-30T20:10:00Z,1.528747774,23.463
2025-09-30T20:20:00Z,1.526547774,23.385
2025-09-30T20:30:00Z,1.526147774,23.344
2025-09-30T20:40:00Z,1.528947774,23.375
2025-09-30T20:50:00Z,1.519120042,23.373
2025-09-30T21:00:00Z,1.529347774,23.19
2025-09-30T21:10:00Z,1.524747774,22.989
2025-09-30T21:20:00Z,1.526547774,23.015
2025-09-30T21:30:00Z,1.527747774,22.996
2025-09-30T21:40:00Z,1.517320042,22.95
2025-09-30T21:50:00Z,1.518120042,22.858
2025-09-30T22:00:00Z,1.523120042,22.924
2025-09-30T22:10:00Z,1.523720042,22.951
2025-09-30T22:20:00Z,1.521720042,22.908
2025-09-30T22:30:00Z,1.519720042,22.867
2025-09-30T22:40:00Z,1.519420042,22.809
2025-09-30T22:50:00Z,1.519720042,22.805
2025-09-30T23:00:00Z,1.518420042,22.772
2025-09-30T23:10:00Z,1.505092311,22.753
2025-09-30T23:20:00Z,1.515120042,22.736
2025-09-30T23:30:00Z,1.511220042,22.664
2025-09-30T23:40:00Z,1.509520042,22.575
2025-09-30T23:50:00Z,1.503820042,22.46
2025-10-01T00:00:00Z,1.498420042,22.415
2025-10-01T00:10:00Z,1.496020042,22.381
2025-10-01T00:20:00Z,1.493520042,22.364
2025-10-01T00:30:00Z,1.492520042,22.373
2025-10-01T00:40:00Z,1.491220042,22.333
2025-10-01T00:50:00Z,1.492120042,22.357
2025-10-01T01:00:00Z,1.494820042,22.386
2025-10-01T01:10:00Z,1.495720042,22.397
2025-10-01T01:20:00Z,1.495020042,22.363
2025-10-01T01:30:00Z,1.490320042,22.298
2025-10-01T01:40:00Z,1.491120042,22.335
2025-10-01T01:50:00Z,1.490020042,22.33
2025-10-01T02:00:00Z,1.491220042,22.342
2025-10-01T02:10:00Z,1.490520042,22.311
2025-10-01T02:20:00Z,1.478592311,22.304
2025-10-01T02:30:00Z,1.487820042,22.265
2025-10-01T02:40:00Z,1.487920042,22.248
2025-10-01T02:50:00Z,1.488420042,22.235
2025-10-01T03:00:00Z,1.484920042,22.152
2025-10-01T03:10:00Z,1.485720042,22.178
2025-10-01T03:20:00Z,1.487020042,22.186
2025-10-01T03:30:00Z,1.487520042,22.155
2025-10-01T03:40:00Z,1.492120042,22.14
2025-10-01T03:50:00Z,1.496420042,22.17
2025-10-01T04:00:00Z,1.501120042,22.156
2025-10-01T04:10:00Z,1.503220042,22.156
2025-10-01T04:20:00Z,1.505120042,22.14
2025-10-01T04:30:00Z,1.507820042,22.188
2025-10-01T04:40:00Z,1.498092311,22.213
2025-10-01T04:50:00Z,1.497392311,22.178
2025-10-01T05:00:00Z,1.495692311,22.11
2025-10-01T05:10:00Z,1.495792311,22.084
2025-10-01T05:20:00Z,1.496792311,22.054
2025-10-01T05:30:00Z,1.499992311,22.056
2025-10-01T05:40:00Z,1.499392311,22
2025-10-01T05:50:00Z,1.499692311,21.948
2025-10-01T06:00:00Z,1.500292311,21.93
2025-10-01T06:10:00Z,1.493764579,22.021
2025-10-01T06:20:00Z,1.498564579,22.079
2025-10-01T06:30:00Z,1.499264579,22.078
2025-10-01T06:40:00Z,1.500264579,22.067
2025-10-01T06:50:00Z,1.503364579,22.058
2025-10-01T07:00:00Z,1.504664579,22.046
2025-10-01T07:10:00Z,1.504664579,22.006
2025-10-01T07:20:00Z,1.508664579,22.012
2025-10-01T07:30:00Z,1.511064579,21.949
2025-10-01T07:40:00Z,1.507636847,21.96
2025-10-01T07:50:00Z,1.511736847,22.017
2025-10-01T08:00:00Z,1.514436847,22.056
2025-10-01T08:10:00Z,1.512436847,22.03
2025-10-01T08:20:00Z,1.500809115,22.019
2025-10-01T08:30:00Z,1.498209115,21.972
2025-10-01T08:40:00Z,1.495609115,21.859
2025-10-01T08:50:00Z,1.504609115,21.999
2025-10-01T09:00:00Z,1.511709115,22.097
2025-10-01T09:10:00Z,1.508109115,22.038
2025-10-01T09:20:00Z,1.511809115,22.116
2025-10-01T09:30:00Z,1.506381383,22.225
2025-10-01T09:40:00Z,1.516781383,22.398
2025-10-01T09:50:00Z,1.526081383,22.549
2025-10-01T10:00:00Z,1.540581383,22.782
2025-10-01T10:10:00Z,1.542181383,22.832
2025-10-01T10:20:00Z,1.539281383,22.8
2025-10-01T10:30:00Z,1.538581383,22.858
2025-10-01T10:40:00Z,1.540681383,22.943
2025-10-01T10:50:00Z,1.541781383,23.003
2025-10-01T11:00:00Z,1.541881383,23.117
2025-10-01T11:10:00Z,1.542081383,23.167
2025-10-01T11:20:00Z,1.549109115,23.22
2025-10-01T11:30:00Z,1.545009115,23.313
2025-10-01T11:40:00Z,1.542909115,23.38
2025-10-01T11:50:00Z,1.540109115,23.44
2025-10-01T12:00:00Z,1.536009115,23.429
2025-10-01T12:10:00Z,1.529809115,23.426
2025-10-01T12:20:00Z,1.536736847,23.467
2025-10-01T12:30:00Z,1.533536847,23.489
2025-10-01T12:40:00Z,1.515736847,23.466
2025-10-01T12:50:00Z,1.519864579,23.297
2025-10-01T13:00:00Z,1.519764579,23.342
2025-10-01T13:10:00Z,1.516364579,23.435
2025-10-01T13:20:00Z,1.527692311,23.489
2025-10-01T13:30:00Z,1.525292311,23.662
2025-10-01T13:40:00Z,1.539392311,24.094
2025-10-01T13:50:00Z,1.541720042,24.025
2025-10-01T14:00:00Z,1.543420042,24.008
2025-10-01T14:10:00Z,1.540820042,24.082
2025-10-01T14:20:00Z,1.552047774,24.032
2025-10-01T14:30:00Z,1.549847774,24.104
2025-10-01T14:40:00Z,1.543347774,23.971
2025-10-01T14:50:00Z,1.545047774,24.032
2025-10-01T15:00:00Z,1.542447774,24.022
2025-10-01T15:10:00Z,1.537747774,24.466
2025-10-01T15:20:00Z,1.536147774,24.498
2025-10-01T15:30:00Z,1.526947774,24.299
2025-10-01T15:40:00Z,1.525847774,24.427
2025-10-01T15:50:00Z,1.528047774,24.392
2025-10-01T16:00:00Z,1.521247774,24.262
2025-10-01T16:10:00Z,1.522547774,24.246
2025-10-01T16:20:00Z,1.530675506,24.06
2025-10-01T16:30:00Z,1.527175506,23.973
2025-10-01T16:40:00Z,1.522275506,23.855
2025-10-01T16:50:00Z,1.520575506,23.863
2025-10-01T17:00:00Z,1.519175506,23.855
2025-10-01T17:10:00Z,1.518575506,23.842
2025-10-01T17:20:00Z,1.505947774,23.822
2025-10-01T17:30:00Z,1.512875506,23.787
2025-10-01T17:40:00Z,1.506675506,23.733
2025-10-01T17:50:00Z,1.503175506,23.694
2025-10-01T18:00:00Z,1.500675506,23.659
2025-10-01T18:10:00Z,1.495275506,23.576
2025-10-01T18:20:00Z,1.493075506,23.533
2025-10-01T18:30:00Z,1.484775506,23.255
2025-10-01T18:40:00Z,1.487075506,23.12
2025-10-01T18:50:00Z,1.483375506,22.642
2025-10-01T19:00:00Z,1.500475506,22.851
2025-10-01T19:10:00Z,1.506775506,22.968
2025-10-01T19:20:00Z,1.505375506,22.95
2025-10-01T19:30:00Z,1.498175506,22.83
2025-10-01T19:40:00Z,1.488747774,22.831
2025-10-01T19:50:00Z,1.501375506,22.76
2025-10-01T20:00:00Z,1.508575506,22.847
2025-10-01T20:10:00Z,1.508775506,22.804
2025-10-01T20:20:00Z,1.504847774,22.826
2025-10-01T20:30:00Z,1.506547774,22.824
2025-10-01T20:40:00Z,1.504347774,22.717
2025-10-01T20:50:00Z,1.508447774,22.768
2025-10-01T21:00:00Z,1.500620042,22.824
2025-10-01T21:10:00Z,1.497920042,22.758
2025-10-01T21:20:00Z,1.496320042,22.722
2025-10-01T21:30:00Z,1.497920042,22.763
2025-10-01T21:40:00Z,1.500420042,22.799
2025-10-01T21:50:00Z,1.498520042,22.782
2025-10-01T22:00:00Z,1.500120042,22.807
2025-10-01T22:10:00Z,1.497320042,22.75
2025-10-01T22:20:00Z,1.499720042,22.744
2025-10-01T22:30:00Z,1.498620042,22.714
2025-10-01T22:40:00Z,1.499120042,22.693
2025-10-01T22:50:00Z,1.494620042,22.642
2025-10-01T23:00:00Z,1.494420042,22.608
2025-10-01T23:10:00Z,1.496520042,22.629
2025-10-01T23:20:00Z,1.483292311,22.632
2025-10-01T23:30:00Z,1.481892311,22.564
2025-10-01T23:40:00Z,1.481192311,22.512
2025-10-01T23:50:00Z,1.476992311,22.446
2025-10-02T00:00:00Z,1.489120042,22.511
2025-10-02T00:10:00Z,1.471992311,22.422
2025-10-02T00:20:00Z,1.486020042,22.458
2025-10-02T00:30:00Z,1.489120042,22.521
2025-10-02T00:40:00Z,1.487920042,22.516
2025-10-02T00:50:00Z,1.479320042,22.449
2025-10-02T01:00:00Z,1.485420042,22.543
2025-10-02T01:10:00Z,1.484520042,22.568
2025-10-02T01:20:00Z,1.479420042,22.504
2025-10-02T01:30:00Z,1.479220042,22.501
2025-10-02T01:40:00Z,1.487447774,22.491
2025-10-02T01:50:00Z,1.484047774,22.46
2025-10-02T02:00:00Z,1.479247774,22.424
2025-10-02T02:10:00Z,1.481647774,22.451
2025-10-02T02:20:00Z,1.480047774,22.453
2025-10-02T02:30:00Z,1.482147774,22.492
2025-10-02T02:40:00Z,1.490175506,22.47
2025-10-02T02:50:00Z,1.491775506,22.448
2025-10-02T03:00:00Z,1.490375506,22.41
2025-10-02T03:10:00Z,1.488975506,22.401
2025-10-02T03:20:00Z,1.488575506,22.382
2025-10-02T03:30:00Z,1.500103238,22.343
2025-10-02T03:40:00Z,1.488475506,22.35
2025-10-02T03:50:00Z,1.489375506,22.334
2025-10-02T04:00:00Z,1.487375506,22.269
2025-10-02T04:10:00Z,1.492375506,22.258
2025-10-02T04:20:00Z,1.496175506,22.217
2025-10-02T04:30:00Z,1.496775506,22.155
2025-10-02T04:40:00Z,1.502075506,22.15
2025-10-02T04:50:00Z,1.501675506,22.102
2025-10-02T05:00:00Z,1.504975506,22.055
2025-10-02T05:10:00Z,1.511975506,22.052
2025-10-02T05:20:00Z,1.516575506,22.033
2025-10-02T05:30:00Z,1.510347774,21.988
2025-10-02T05:40:00Z,1.513747774,21.971
2025-10-02T05:50:00Z,1.518247774,21.948
2025-10-02T06:00:00Z,1.520747774,21.934
2025-10-02T06:10:00Z,1.511920042,21.919
2025-10-02T06:20:00Z,1.515120042,21.878
2025-10-02T06:30:00Z,1.508392311,21.923
2025-10-02T06:40:00Z,1.515892311,21.986
2025-10-02T06:50:00Z,1.519292311,22.01
2025-10-02T07:00:00Z,1.510164579,21.995
2025-10-02T07:10:00Z,1.510864579,21.977
2025-10-02T07:20:00Z,1.510864579,21.95
2025-10-02T07:30:00Z,1.516264579,22.01
2025-10-02T07:40:00Z,1.504436847,22.001
2025-10-02T07:50:00Z,1.505136847,21.942
2025-10-02T08:00:00Z,1.508936847,22.002
2025-10-02T08:10:00Z,1.497309115,22.027
2025-10-02T08:20:00Z,1.495309115,21.929
2025-10-02T08:30:00Z,1.495709115,21.833
2025-10-02T08:40:00Z,1.497509115,21.857
2025-10-02T08:50:00Z,1.501209115,21.913
2025-10-02T09:00:00Z,1.503009115,21.977
2025-10-02T09:10:00Z,1.509009115,22.101
2025-10-02T09:20:00Z,1.500681383,22.145
2025-10-02T09:30:00Z,1.505081383,22.246
2025-10-02T09:40:00Z,1.521309115,22.372
2025-10-02T09:50:00Z,1.522509115,22.451
2025-10-02T10:00:00Z,1.529909115,22.574
2025-10-02T10:10:00Z,1.536209115,22.725
2025-10-02T10:20:00Z,1.542709115,22.827
2025-10-02T10:30:00Z,1.543409115,22.905
2025-10-02T10:40:00Z,1.543709115,22.923
2025-10-02T10:50:00Z,1.543209115,22.935
2025-10-02T11:00:00Z,1.557236847,23.105
2025-10-02T11:10:00Z,1.553936847,23.249
2025-10-02T11:20:00Z,1.551536847,23.024
2025-10-02T11:30:00Z,1.547836847,23.079
2025-10-02T11:40:00Z,1.546636847,23.162
2025-10-02T11:50:00Z,1.545036847,23.247
2025-10-02T12:00:00Z,1.543136847,23.334
2025-10-02T12:10:00Z,1.541936847,23.409
2025-10-02T12:20:00Z,1.535936847,23.478
2025-10-02T12:30:00Z,1.532036847,23.519
2025-10-02T12:40:00Z,1.527936847,23.589
2025-10-02T12:50:00Z,1.536364579,23.665
2025-10-02T13:00:00Z,1.527164579,23.696
2025-10-02T13:10:00Z,1.521164579,23.76
2025-10-02T13:20:00Z,1.531492311,23.839
2025-10-02T13:30:00Z,1.533092311,23.902
2025-10-02T13:40:00Z,1.543020042,23.894
2025-10-02T13:50:00Z,1.537020042,24.119
2025-10-02T14:00:00Z,NA,24.14
2025-10-02T14:10:00Z,1.544947774,24.241
2025-10-02T14:20:00Z,1.545647774,24.288
2025-10-02T14:30:00Z,1.548347774,24.489
2025-10-02T14:40:00Z,1.546047774,24.628
2025-10-02T14:50:00Z,1.543747774,24.669
2025-10-02T15:00:00Z,1.552875506,24.611
2025-10-02T15:10:00Z,1.536047774,24.53
2025-10-02T15:20:00Z,1.535747774,24.438
2025-10-02T15:30:00Z,1.530147774,24.445
2025-10-02T15:40:00Z,1.548475506,24.57
2025-10-02T15:50:00Z,1.532075506,24.156
2025-10-02T16:00:00Z,1.530675506,24.373
2025-10-02T16:10:00Z,1.528075506,24.408
2025-10-02T16:20:00Z,1.524175506,24.441
2025-10-02T16:30:00Z,1.519375506,24.415
2025-10-02T16:40:00Z,1.514175506,24.4
2025-10-02T16:50:00Z,1.523003238,24.366
2025-10-02T17:00:00Z,1.526603238,24.299
2025-10-02T17:10:00Z,1.528003238,24.244
2025-10-02T17:20:00Z,1.54133097,24.166
2025-10-02T17:30:00Z,1.54283097,24.141
2025-10-02T17:40:00Z,1.54133097,24.134
2025-10-02T17:50:00Z,1.53803097,24.132
2025-10-02T18:00:00Z,1.53563097,24.127
2025-10-02T18:10:00Z,1.53783097,24.119
2025-10-02T18:20:00Z,1.525503238,24.08
2025-10-02T18:30:00Z,1.520203238,23.891
2025-10-02T18:40:00Z,1.522503238,23.83
2025-10-02T18:50:00Z,1.523403238,23.775
2025-10-02T19:00:00Z,1.522203238,23.73
2025-10-02T19:10:00Z,1.516003238,23.66
2025-10-02T19:20:00Z,1.512775506,23.631
2025-10-02T19:30:00Z,1.526403238,23.505
2025-10-02T19:40:00Z,1.517775506,23.503
2025-10-02T19:50:00Z,1.512375506,23.487
2025-10-02T20:00:00Z,1.506875506,23.504
2025-10-02T20:10:00Z,1.519603238,23.6
2025-10-02T20:20:00Z,1.499775506,23.507
2025-10-02T20:30:00Z,1.502575506,23.528
2025-10-02T20:40:00Z,1.502975506,23.296
2025-10-02T20:50:00Z,1.510875506,23.367
2025-10-02T21:00:00Z,1.519203238,23.381
2025-10-02T21:10:00Z,1.514875506,23.396
2025-10-02T21:20:00Z,1.526903238,23.411
2025-10-02T21:30:00Z,1.516675506,23.391
2025-10-02T21:40:00Z,1.516375506,23.423
2025-10-02T21:50:00Z,1.512975506,23.43
2025-10-02T22:00:00Z,1.512075506,23.393
2025-10-02T22:10:00Z,1.499647774,23.399
2025-10-02T22:20:00Z,1.494747774,23.349
2025-10-02T22:30:00Z,1.491147774,23.294
2025-10-02T22:40:00Z,1.490347774,23.254
2025-10-02T22:50:00Z,1.488747774,23.263
2025-10-02T23:00:00Z,1.486147774,23.187
2025-10-02T23:10:00Z,1.488847774,23.214
2025-10-02T23:20:00Z,1.496747774,23.38
2025-10-02T23:30:00Z,1.501647774,23.463
2025-10-02T23:40:00Z,1.501947774,23.494
2025-10-02T23:50:00Z,1.503775506,23.389
2025-10-03T00:00:00Z,1.486875506,23.126
2025-10-03T00:10:00Z,1.491275506,23.125
2025-10-03T00:20:00Z,1.496575506,23.236
2025-10-03T00:30:00Z,1.500975506,23.266
2025-10-03T00:40:00Z,1.498575506,23.246
2025-10-03T00:50:00Z,1.500675506,23.265
2025-10-03T01:00:00Z,1.495375506,23.215
2025-10-03T01:10:00Z,1.498375506,23.254
2025-10-03T01:20:00Z,1.493675506,23.152
2025-10-03T01:30:00Z,1.488775506,22.971
2025-10-03T01:40:00Z,1.496275506,22.99
2025-10-03T01:50:00Z,1.495675506,23.004
2025-10-03T02:00:00Z,1.505903238,22.943
2025-10-03T02:10:00Z,1.490075506,22.861
2025-10-03T02:20:00Z,1.490475506,22.885
2025-10-03T02:30:00Z,1.491175506,22.897
2025-10-03T02:40:00Z,1.494375506,22.915
2025-10-03T02:50:00Z,1.490475506,22.824
2025-10-03T03:00:00Z,1.487975506,22.798
2025-10-03T03:10:00Z,1.497003238,22.794
2025-10-03T03:20:00Z,1.492703238,22.771
2025-10-03T03:30:00Z,1.493903238,22.803
2025-10-03T03:40:00Z,1.483575506,22.789
2025-10-03T03:50:00Z,1.479975506,22.666
2025-10-03T04:00:00Z,1.497303238,22.69
2025-10-03T04:10:00Z,1.498503238,22.715
2025-10-03T04:20:00Z,1.501403238,22.685
2025-10-03T04:30:00Z,1.500703238,22.643
2025-10-03T04:40:00Z,1.501403238,22.559
2025-10-03T04:50:00Z,1.506103238,22.55
2025-10-03T05:00:00Z,1.512303238,22.627
2025-10-03T05:10:00Z,1.514503238,22.62
2025-10-03T05:20:00Z,1.502875506,22.585
2025-10-03T05:30:00Z,1.505975506,22.624
2025-10-03T05:40:00Z,1.506575506,22.573
2025-10-03T05:50:00Z,1.509575506,22.577
2025-10-03T06:00:00Z,1.508875506,22.548
2025-10-03T06:10:00Z,1.500347774,22.52
2025-10-03T06:20:00Z,1.504647774,22.519
2025-10-03T06:30:00Z,1.501747774,22.485
2025-10-03T06:40:00Z,1.506447774,22.48
2025-10-03T06:50:00Z,1.500820042,22.455
2025-10-03T07:00:00Z,1.509020042,22.513
2025-10-03T07:10:00Z,1.504920042,22.461
2025-10-03T07:20:00Z,1.501320042,22.377
2025-10-03T07:30:00Z,1.507720042,22.427
2025-10-03T07:40:00Z,1.512920042,22.509
2025-10-03T07:50:00Z,1.496392311,22.401
2025-10-03T08:00:00Z,1.498692311,22.355
2025-10-03T08:10:00Z,1.500292311,22.415
2025-10-03T08:20:00Z,1.500292311,22.443
2025-10-03T08:30:00Z,1.494192311,22.335
2025-10-03T08:40:00Z,1.493392311,22.324
2025-10-03T08:50:00Z,1.494392311,22.318
2025-10-03T09:00:00Z,1.494392311,22.339
2025-10-03T09:10:00Z,1.499992311,22.422
2025-10-03T09:20:00Z,1.502692311,22.468
2025-10-03T09:30:00Z,1.512392311,22.633
2025-10-03T09:40:00Z,1.515892311,22.714
2025-10-03T09:50:00Z,1.526292311,22.899
2025-10-03T10:00:00Z,1.534892311,23.093
2025-10-03T10:10:00Z,1.537392311,23.056
2025-10-03T10:20:00Z,1.544192311,23.313
2025-10-03T10:30:00Z,1.556620042,23.425
2025-10-03T10:40:00Z,1.554420042,23.464
2025-10-03T10:50:00Z,1.553520042,23.599
2025-10-03T11:00:00Z,1.544420042,23.652
2025-10-03T11:10:00Z,1.542620042,23.656
2025-10-03T11:20:00Z,1.551047774,23.777
2025-10-03T11:30:00Z,1.534347774,23.528
2025-10-03T11:40:00Z,1.521147774,23.272
2025-10-03T11:50:00Z,1.529547774,23.642
2025-10-03T12:00:00Z,1.503147774,23.872
2025-10-03T12:10:00Z,1.526975506,24.048
2025-10-03T12:20:00Z,1.530575506,23.794
2025-10-03T12:30:00Z,1.528303238,23.929
2025-10-03T12:40:00Z,1.518203238,23.978
2025-10-03T12:50:00Z,1.52943097,24.27
2025-10-03T13:00:00Z,1.53723097,24.47
2025-10-03T13:10:00Z,1.534558702,24.44
2025-10-03T13:20:00Z,1.506258702,23.957
2025-10-03T13:30:00Z,1.480158702,23.442
2025-10-03T13:40:00Z,1.490686434,23.532
2025-10-03T13:50:00Z,1.519386434,24.026
2025-10-03T14:00:00Z,1.545714166,24.239
2025-10-03T14:10:00Z,1.523814166,24.069
2025-10-03T14:20:00Z,1.498841897,23.538
2025-10-03T14:30:00Z,1.530341897,24.128
2025-10-03T14:40:00Z,1.525741897,24.199
2025-10-03T14:50:00Z,1.556169629,24.298
2025-10-03T15:00:00Z,1.542569629,24.365
2025-10-03T15:10:00Z,1.538369629,23.967
2025-10-03T15:20:00Z,1.527969629,24.045
2025-10-03T15:30:00Z,1.524969629,24.013
2025-10-03T15:40:00Z,1.523169629,23.896
2025-10-03T15:50:00Z,1.534569629,24.076
2025-10-03T16:00:00Z,1.536769629,24.156
2025-10-03T16:10:00Z,1.549869629,24.323
2025-10-03T16:20:00Z,1.563597361,24.399
2025-10-03T16:30:00Z,1.549197361,24.331
2025-10-03T16:40:00Z,1.537897361,24.236
2025-10-03T16:50:00Z,1.538397361,24.034
2025-10-03T17:00:00Z,1.537097361,24.058
2025-10-03T17:10:00Z,1.525797361,23.98
2025-10-03T17:20:00Z,1.515097361,23.76
2025-10-03T17:30:00Z,1.513897361,23.723
2025-10-03T17:40:00Z,1.512497361,23.709
2025-10-03T17:50:00Z,1.515697361,23.594
2025-10-03T18:00:00Z,1.514197361,23.428
2025-10-03T18:10:00Z,1.518897361,23.257
2025-10-03T18:20:00Z,1.516097361,23.02
2025-10-03T18:30:00Z,1.520169629,22.831
2025-10-03T18:40:00Z,1.527569629,22.802
2025-10-03T18:50:00Z,1.534469629,22.939
2025-10-03T19:00:00Z,1.525041897,23.01
2025-10-03T19:10:00Z,1.526341897,22.942
2025-10-03T19:20:00Z,1.509414166,22.761
2025-10-03T19:30:00Z,1.518814166,22.68
2025-10-03T19:40:00Z,1.516314166,22.705
2025-10-03T19:50:00Z,1.514686434,22.683
2025-10-03T20:00:00Z,1.508658702,22.654
2025-10-03T20:10:00Z,1.50313097,22.631
2025-10-03T20:20:00Z,1.50403097,22.608
2025-10-03T20:30:00Z,1.50943097,22.521
2025-10-03T20:40:00Z,1.51203097,22.453
2025-10-03T20:50:00Z,1.49533097,22.44
2025-10-03T21:00:00Z,1.491403238,22.393
2025-10-03T21:10:00Z,1.484803238,22.362
2025-10-03T21:20:00Z,1.483903238,22.144
2025-10-03T21:30:00Z,1.497503238,22.227
2025-10-03T21:40:00Z,1.497303238,22.144
2025-10-03T21:50:00Z,1.500003238,22.207
2025-10-03T22:00:00Z,1.497803238,22.213
2025-10-03T22:10:00Z,1.474603238,21.884
2025-10-03T22:20:00Z,1.465975506,21.429
2025-10-03T22:30:00Z,1.464375506,21.528
2025-10-03T22:40:00Z,1.473075506,21.678
2025-10-03T22:50:00Z,1.463375506,21.548
2025-10-03T23:00:00Z,1.474403238,21.343
2025-10-03T23:10:00Z,1.501603238,21.805
2025-10-03T23:20:00Z,1.488703238,21.634
2025-10-03T23:30:00Z,1.499403238,21.783
2025-10-03T23:40:00Z,1.51213097,21.819
2025-10-03T23:50:00Z,1.48863097,21.495
2025-10-04T00:00:00Z,1.513358702,21.692
2025-10-04T00:10:00Z,1.516386434,21.617
2025-10-04T00:20:00Z,1.517458702,21.826
2025-10-04T00:30:00Z,1.49953097,21.77
2025-10-04T00:40:00Z,1.50533097,21.836
2025-10-04T00:50:00Z,1.47623097,21.278
2025-10-04T01:00:00Z,1.48903097,21.446
2025-10-04T01:10:00Z,1.50133097,21.733
2025-10-04T01:20:00Z,1.49853097,21.732
2025-10-04T01:30:00Z,1.509558702,21.788
2025-10-04T01:40:00Z,1.497058702,21.625
2025-10-04T01:50:00Z,1.473258702,21.282
2025-10-04T02:00:00Z,1.45323097,21.139
2025-10-04T02:10:00Z,1.44523097,21.026
2025-10-04T02:20:00Z,1.44843097,21.112
2025-10-04T02:30:00Z,1.466058702,21.251
2025-10-04T02:40:00Z,1.467086434,21.079
2025-10-04T02:50:00Z,1.458386434,20.979
2025-10-04T03:00:00Z,1.444886434,20.829
2025-10-04T03:10:00Z,1.465014166,20.948
2025-10-04T03:20:00Z,1.477814166,21.054
2025-10-04T03:30:00Z,1.475814166,21.055
2025-10-04T03:40:00Z,1.459314166,20.849
2025-10-04T03:50:00Z,1.480441897,21.017
2025-10-04T04:00:00Z,1.480541897,21
2025-10-04T04:10:00Z,1.482941897,21.034
2025-10-04T04:20:00Z,1.493669629,21.044
2025-10-04T04:30:00Z,1.484569629,20.896
2025-10-04T04:40:00Z,1.480369629,20.488
2025-10-04T04:50:00Z,1.489169629,20.497
2025-10-04T05:00:00Z,1.492769629,20.402
2025-10-04T05:10:00Z,1.493669629,20.308
2025-10-04T05:20:00Z,1.508897361,20.328
2025-10-04T05:30:00Z,1.499569629,20.313
2025-10-04T05:40:00Z,1.501169629,20.274
2025-10-04T05:50:00Z,1.504369629,20.284
2025-10-04T06:00:00Z,1.497841897,20.309
2025-10-04T06:10:00Z,1.497341897,20.325
2025-10-04T06:20:00Z,1.499941897,20.334
2025-10-04T06:30:00Z,1.500141897,20.355
2025-10-04T06:40:00Z,1.504741897,20.365
2025-10-04T06:50:00Z,1.509041897,20.368
2025-10-04T07:00:00Z,1.500914166,20.379
2025-10-04T07:10:00Z,1.500314166,20.365
2025-10-04T07:20:00Z,1.497614166,20.23
2025-10-04T07:30:00Z,1.501914166,20.215
2025-10-04T07:40:00Z,1.502714166,20.184
2025-10-04T07:50:00Z,1.495486434,20.185
2025-10-04T08:00:00Z,1.494486434,20.146
2025-10-04T08:10:00Z,1.499486434,20.218
2025-10-04T08:20:00Z,1.501586434,20.192
2025-10-04T08:30:00Z,1.502286434,20.198
2025-10-04T08:40:00Z,1.504186434,20.193
2025-10-04T08:50:00Z,1.507686434,20.193
2025-10-04T09:00:00Z,1.497958702,20.187
2025-10-04T09:10:00Z,1.502658702,20.231
2025-10-04T09:20:00Z,1.499458702,20.135
2025-10-04T09:30:00Z,1.506958702,20.268
2025-10-04T09:40:00Z,1.501658702,20.204
2025-10-04T09:50:00Z,1.514258702,20.419
2025-10-04T10:00:00Z,1.51373097,20.617
2025-10-04T10:10:00Z,1.52153097,20.753
2025-10-04T10:20:00Z,1.53793097,21.117
2025-10-04T10:30:00Z,1.53733097,21.406
2025-10-04T10:40:00Z,1.545758702,21.531
2025-10-04T10:50:00Z,1.547758702,21.586
2025-10-04T11:00:00Z,1.544658702,21.71
2025-10-04T11:10:00Z,1.544558702,21.816
2025-10-04T11:20:00Z,1.542458702,21.909
2025-10-04T11:30:00Z,1.550786434,22
2025-10-04T11:40:00Z,1.532086434,22.094
2025-10-04T11:50:00Z,1.532186434,22.129
2025-10-04T12:00:00Z,1.529386434,22.156
2025-10-04T12:10:00Z,1.527986434,22.236
2025-10-04T12:20:00Z,1.520886434,22.289
2025-10-04T12:30:00Z,1.517186434,22.339
2025-10-04T12:40:00Z,1.524814166,22.418
2025-10-04T12:50:00Z,1.520614166,22.446
2025-10-04T13:00:00Z,1.513114166,22.514
2025-10-04T13:10:00Z,1.522141897,22.612
2025-10-04T13:20:00Z,1.529269629,22.736
2025-10-04T13:30:00Z,1.515669629,22.961
2025-10-04T13:40:00Z,1.530597361,23.09
2025-10-04T13:50:00Z,1.526997361,23.142
2025-10-04T14:00:00Z,1.536125093,23.223
2025-10-04T14:10:00Z,1.531125093,23.293
2025-10-04T14:20:00Z,1.525525093,23.327
2025-10-04T14:30:00Z,1.531352825,23.353
2025-10-04T14:40:00Z,1.525752825,23.295
2025-10-04T14:50:00Z,1.522852825,23.313
2025-10-04T15:00:00Z,1.531580557,23.369
2025-10-04T15:10:00Z,1.525780557,23.328
2025-10-04T15:20:00Z,1.532608289,23.334
2025-10-04T15:30:00Z,1.527908289,23.28
2025-10-04T15:40:00Z,1.525508289,23.301
2025-10-04T15:50:00Z,1.532736021,23.292
2025-10-04T16:00:00Z,1.526536021,23.118
2025-10-04T16:10:00Z,1.533763752,23.049
2025-10-04T16:20:00Z,1.530663752,22.926
2025-10-04T16:30:00Z,1.528663752,22.964
2025-10-04T16:40:00Z,1.527963752,22.975
2025-10-04T16:50:00Z,1.540391484,22.972
2025-10-04T17:00:00Z,1.537791484,22.902
2025-10-04T17:10:00Z,1.534891484,22.832
2025-10-04T17:20:00Z,1.528391484,22.763
2025-10-04T17:30:00Z,1.524191484,22.717
2025-10-04T17:40:00Z,1.532319216,22.678
2025-10-04T17:50:00Z,1.518091484,22.654
2025-10-04T18:00:00Z,1.517391484,22.65
2025-10-04T18:10:00Z,1.525019216,22.531
2025-10-04T18:20:00Z,1.521119216,22.3
2025-10-04T18:30:00Z,1.515519216,22.238
2025-10-04T18:40:00Z,1.523546948,22.137
2025-10-04T18:50:00Z,1.526146948,22.174
2025-10-04T19:00:00Z,1.524946948,22.14
2025-10-04T19:10:00Z,1.523246948,22.119
2025-10-04T19:20:00Z,1.518246948,22.049
2025-10-04T19:30:00Z,1.509946948,21.94
2025-10-04T19:40:00Z,1.504946948,21.87
2025-10-04T19:50:00Z,1.499246948,21.795
2025-10-04T20:00:00Z,1.495746948,21.738
2025-10-04T20:10:00Z,1.494246948,21.683
2025-10-04T20:20:00Z,1.501546948,21.825
2025-10-04T20:30:00Z,1.504246948,21.844
2025-10-04T20:40:00Z,1.490519216,21.812
2025-10-04T20:50:00Z,1.497419216,21.956
2025-10-04T21:00:00Z,1.522846948,22.131
2025-10-04T21:10:00Z,1.520346948,22.108
2025-10-04T21:20:00Z,1.517246948,22.113
2025-10-04T21:30:00Z,1.513846948,22.062
2025-10-04T21:40:00Z,1.520546948,22.162
2025-10-04T21:50:00Z,1.509119216,22.17
2025-10-04T22:00:00Z,1.502519216,22.113
2025-10-04T22:10:00Z,1.513146948,22.131
2025-10-04T22:20:00Z,1.516046948,22.197
2025-10-04T22:30:00Z,1.517746948,22.24
2025-10-04T22:40:00Z,1.508319216,22.294
2025-10-04T22:50:00Z,1.519346948,22.285
2025-10-04T23:00:00Z,1.514446948,22.201
2025-10-04T23:10:00Z,1.514946948,22.205
2025-10-04T23:20:00Z,1.511946948,22.207
2025-10-04T23:30:00Z,1.52537468,22.247
2025-10-04T23:40:00Z,1.517846948,22.294
2025-10-04T23:50:00Z,1.515646948,22.281
2025-10-05T00:00:00Z,1.513246948,22.225
2025-10-05T00:10:00Z,1.510046948,22.168
2025-10-05T00:20:00Z,1.506346948,22.114
2025-10-05T00:30:00Z,1.505646948,22.091
2025-10-05T00:40:00Z,1.505346948,22.069
2025-10-05T00:50:00Z,1.51187468,22.004
2025-10-05T01:00:00Z,1.496446948,21.947
2025-10-05T01:10:00Z,1.490046948,21.88
2025-10-05T01:20:00Z,1.482246948,21.728
2025-10-05T01:30:00Z,1.478746948,21.612
2025-10-05T01:40:00Z,1.471646948,21.248
2025-10-05T01:50:00Z,1.476546948,21.263
2025-10-05T02:00:00Z,1.474546948,21.107
2025-10-05T02:10:00Z,1.475346948,20.969
2025-10-05T02:20:00Z,1.477246948,20.865
2025-10-05T02:30:00Z,1.49307468,20.931
2025-10-05T02:40:00Z,1.49377468,20.942
2025-10-05T02:50:00Z,1.49667468,20.951
2025-10-05T03:00:00Z,1.49527468,20.948
2025-10-05T03:10:00Z,1.50077468,21.061
2025-10-05T03:20:00Z,1.49957468,21.061
2025-10-05T03:30:00Z,1.49387468,20.975
2025-10-05T03:40:00Z,1.49317468,21.001
2025-10-05T03:50:00Z,1.50267468,21.142
2025-10-05T04:00:00Z,1.50147468,21.117
2025-10-05T04:10:00Z,1.49097468,20.927
2025-10-05T04:20:00Z,1.49267468,20.92
2025-10-05T04:30:00Z,1.49917468,21.002
2025-10-05T04:40:00Z,1.50717468,21.123
2025-10-05T04:50:00Z,1.50457468,21.064
2025-10-05T05:00:00Z,1.51597468,21.227
2025-10-05T05:10:00Z,1.52287468,21.324
2025-10-05T05:20:00Z,1.51527468,21.203
2025-10-05T05:30:00Z,1.50657468,21.025
2025-10-05T05:40:00Z,1.51097468,21.06
2025-10-05T05:50:00Z,1.51277468,21.064
2025-10-05T06:00:00Z,1.510846948,21.198
2025-10-05T06:10:00Z,1.516446948,21.282
2025-10-05T06:20:00Z,1.520346948,21.322
2025-10-05T06:30:00Z,1.518546948,21.269
2025-10-05T06:40:00Z,1.520246948,21.27
2025-10-05T06:50:00Z,1.523146948,21.304
2025-10-05T07:00:00Z,1.529046948,21.347
2025-10-05T07:10:00Z,1.519219216,21.321
2025-10-05T07:20:00Z,1.519419216,21.209
2025-10-05T07:30:00Z,1.520619216,21.173
2025-10-05T07:40:00Z,1.526319216,21.217
2025-10-05T07:50:00Z,1.515791484,21.167
2025-10-05T08:00:00Z,1.514491484,20.969
2025-10-05T08:10:00Z,1.505163752,20.869
2025-10-05T08:20:00Z,1.507063752,20.82
2025-10-05T08:30:00Z,1.513063752,20.896
2025-10-05T08:40:00Z,1.516163752,20.979
2025-10-05T08:50:00Z,1.510336021,21.054
2025-10-05T09:00:00Z,1.501836021,20.947
2025-10-05T09:10:00Z,1.508836021,21.069
2025-10-05T09:20:00Z,1.512836021,21.132
2025-10-05T09:30:00Z,1.506336021,21.045
2025-10-05T09:40:00Z,1.510736021,21.125
2025-10-05T09:50:00Z,1.528136021,21.382
2025-10-05T10:00:00Z,1.539636021,21.572
2025-10-05T10:10:00Z,1.547636021,21.716
2025-10-05T10:20:00Z,1.551936021,21.992
2025-10-05T10:30:00Z,1.553536021,22.178
2025-10-05T10:40:00Z,1.551636021,22.351
2025-10-05T10:50:00Z,1.548836021,22.494
2025-10-05T11:00:00Z,1.547936021,22.612
2025-10-05T11:10:00Z,1.546236021,22.672
2025-10-05T11:20:00Z,1.550063752,22.727
2025-10-05T11:30:00Z,1.548163752,22.8
2025-10-05T11:40:00Z,1.546363752,22.863
2025-10-05T11:50:00Z,1.544163752,22.938
2025-10-05T12:00:00Z,1.540763752,22.967
2025-10-05T12:10:00Z,1.546591484,22.998
2025-10-05T12:20:00Z,1.541791484,23.023
2025-10-05T12:30:00Z,1.523791484,23.115
2025-10-05T12:40:00Z,1.525691484,23.215
2025-10-05T12:50:00Z,1.534519216,23.337
2025-10-05T13:00:00Z,1.534819216,23.393
2025-10-05T13:10:00Z,1.544446948,23.485
2025-10-05T13:20:00Z,1.540446948,23.426
2025-10-05T13:30:00Z,1.536246948,23.351
2025-10-05T13:40:00Z,1.55127468,23.716
2025-10-05T13:50:00Z,1.54727468,23.661
2025-10-05T14:00:00Z,1.54557468,23.674
2025-10-05T14:10:00Z,1.556902412,23.622
2025-10-05T14:20:00Z,1.548702412,23.42
2025-10-05T14:30:00Z,1.543802412,23.217
2025-10-05T14:40:00Z,1.541502412,23.233
2025-10-05T14:50:00Z,1.546202412,23.436
2025-10-05T15:00:00Z,1.555430144,23.317
2025-10-05T15:10:00Z,1.551830144,23.288
2025-10-05T15:20:00Z,1.550830144,23.336
2025-10-05T15:30:00Z,1.554330144,23.384
2025-10-05T15:40:00Z,1.548830144,23.376
2025-10-05T15:50:00Z,1.546130144,23.36
2025-10-05T16:00:00Z,1.548030144,23.398
2025-10-05T16:10:00Z,1.549330144,23.434
2025-10-05T16:20:00Z,1.548530144,23.457
2025-10-05T16:30:00Z,1.547230144,23.45
2025-10-05T16:40:00Z,1.556157875,23.45
2025-10-05T16:50:00Z,1.554057875,23.428
2025-10-05T17:00:00Z,1.553457875,23.406
2025-10-05T17:10:00Z,1.550957875,23.323
2025-10-05T17:20:00Z,1.546557875,23.193
2025-10-05T17:30:00Z,1.548057875,23.114
2025-10-05T17:40:00Z,1.547857875,23.12
2025-10-05T17:50:00Z,1.549957875,23.118
2025-10-05T18:00:00Z,1.548757875,23.111
2025-10-05T18:10:00Z,1.547857875,23.065
2025-10-05T18:20:00Z,1.546957875,23.055
2025-10-05T18:30:00Z,1.547257875,22.993
2025-10-05T18:40:00Z,1.549457875,22.982
2025-10-05T18:50:00Z,1.544357875,22.882
2025-10-05T19:00:00Z,1.544957875,22.835
2025-10-05T19:10:00Z,1.546057875,22.797
2025-10-05T19:20:00Z,1.543857875,22.738
2025-10-05T19:30:00Z,1.543357875,22.652
2025-10-05T19:40:00Z,1.541257875,22.565
2025-10-05T19:50:00Z,1.543157875,22.534
2025-10-05T20:00:00Z,1.542657875,22.521
2025-10-05T20:10:00Z,1.531930144,22.498
2025-10-05T20:20:00Z,1.533530144,22.495
2025-10-05T20:30:00Z,1.533230144,22.478
2025-10-05T20:40:00Z,1.528730144,22.403
2025-10-05T20:50:00Z,1.524830144,22.322
2025-10-05T21:00:00Z,1.511602412,22.263
2025-10-05T21:10:00Z,1.510902412,22.243
2025-10-05T21:20:00Z,1.512302412,22.23
2025-10-05T21:30:00Z,1.514702412,22.222
2025-10-05T21:40:00Z,1.512802412,22.106
2025-10-05T21:50:00Z,1.50427468,22.023
2025-10-05T22:00:00Z,1.50737468,21.969
2025-10-05T22:10:00Z,1.50857468,21.877
2025-10-05T22:20:00Z,1.51077468,21.782
2025-10-05T22:30:00Z,1.503246948,21.774
2025-10-05T22:40:00Z,1.508446948,21.778
2025-10-05T22:50:00Z,1.508946948,21.696
2025-10-05T23:00:00Z,1.508546948,21.604
2025-10-05T23:10:00Z,1.522646948,21.793
2025-10-05T23:20:00Z,1.528746948,21.903
2025-10-05T23:30:00Z,1.514019216,21.863
2025-10-05T23:40:00Z,1.506919216,21.777
2025-10-05T23:50:00Z,1.506619216,21.783
2025-10-06T00:00:00Z,1.510419216,21.866
2025-10-06T00:10:00Z,1.508319216,21.834
2025-10-06T00:20:00Z,1.496519216,21.614
2025-10-06T00:30:00Z,1.495919216,21.559
2025-10-06T00:40:00Z,1.487119216,21.21
2025-10-06T00:50:00Z,1.495419216,21.264
2025-10-06T01:00:00Z,1.513019216,21.589
2025-10-06T01:10:00Z,1.520619216,21.697
2025-10-06T01:20:00Z,1.520519216,21.698
2025-10-06T01:30:00Z,1.518619216,21.69
2025-10-06T01:40:00Z,1.518019216,21.722
2025-10-06T01:50:00Z,1.513819216,21.692
2025-10-06T02:00:00Z,1.510919216,21.683
2025-10-06T02:10:00Z,1.507119216,21.649
2025-10-06T02:20:00Z,1.508519216,21.682
2025-10-06T02:30:00Z,1.504519216,21.66
2025-10-06T02:40:00Z,1.506719216,21.722
2025-10-06T02:50:00Z,1.509846948,21.63
2025-10-06T03:00:00Z,1.506846948,21.618
2025-10-06T03:10:00Z,1.505646948,21.637
2025-10-06T03:20:00Z,1.505046948,21.642
2025-10-06T03:30:00Z,1.506246948,21.673
2025-10-06T03:40:00Z,1.51437468,21.641
2025-10-06T03:50:00Z,1.51477468,21.631
2025-10-06T04:00:00Z,1.51017468,21.542
2025-10-06T04:10:00Z,1.51577468,21.608
2025-10-06T04:20:00Z,1.51807468,21.622
2025-10-06T04:30:00Z,1.51877468,21.604
2025-10-06T04:40:00Z,1.52097468,21.617
2025-10-06T04:50:00Z,1.52497468,21.618
2025-10-06T05:00:00Z,1.515346948,21.599
2025-10-06T05:10:00Z,1.520246948,21.6
2025-10-06T05:20:00Z,1.524746948,21.619
2025-10-06T05:30:00Z,1.526646948,21.552
2025-10-06T05:40:00Z,1.518319216,21.588
2025-10-06T05:50:00Z,1.520719216,21.562
2025-10-06T06:00:00Z,1.520519216,21.501
2025-10-06T06:10:00Z,1.511791484,21.492
2025-10-06T06:20:00Z,1.514491484,21.499
2025-10-06T06:30:00Z,1.519391484,21.542
2025-10-06T06:40:00Z,1.527891484,21.653
2025-10-06T06:50:00Z,1.510663752,21.513
2025-10-06T07:00:00Z,1.512663752,21.467
2025-10-06T07:10:00Z,1.520963752,21.554
2025-10-06T07:20:00Z,1.520063752,21.439
2025-10-06T07:30:00Z,1.523863752,21.464
2025-10-06T07:40:00Z,1.514736021,21.465
2025-10-06T07:50:00Z,1.518736021,21.476
2025-10-06T08:00:00Z,1.519636021,21.48
2025-10-06T08:10:00Z,1.523936021,21.499
2025-10-06T08:20:00Z,1.517008289,21.58
2025-10-06T08:30:00Z,1.523708289,21.687
2025-10-06T08:40:00Z,1.524608289,21.676
2025-10-06T08:50:00Z,1.527708289,21.72
2025-10-06T09:00:00Z,1.530608289,21.738
2025-10-06T09:10:00Z,1.522180557,21.788
2025-10-06T09:20:00Z,1.525280557,21.831
2025-10-06T09:30:00Z,1.526880557,21.863
2025-10-06T09:40:00Z,1.527380557,21.876
2025-10-06T09:50:00Z,1.527680557,21.89
2025-10-06T10:00:00Z,1.527180557,21.913
2025-10-06T10:10:00Z,1.530480557,21.943
2025-10-06T10:20:00Z,1.532280557,21.978
2025-10-06T10:30:00Z,1.536380557,22.058
2025-10-06T10:40:00Z,1.538480557,22.104
2025-10-06T10:50:00Z,1.542480557,22.188
2025-10-06T11:00:00Z,1.543880557,22.227
2025-10-06T11:10:00Z,1.546880557,22.312
2025-10-06T11:20:00Z,1.548480557,22.391
2025-10-06T11:30:00Z,1.548280557,22.447
2025-10-06T11:40:00Z,1.548680557,22.532
2025-10-06T11:50:00Z,1.547880557,22.53
2025-10-06T12:00:00Z,1.558608289,22.622
2025-10-06T12:10:00Z,1.558308289,22.695
2025-10-06T12:20:00Z,1.556708289,22.746
2025-10-06T12:30:00Z,1.558508289,22.804
2025-10-06T12:40:00Z,1.557508289,22.852
2025-10-06T12:50:00Z,1.549708289,22.872
2025-10-06T13:00:00Z,1.549608289,22.932
2025-10-06T13:10:00Z,1.559236021,23.16
2025-10-06T13:20:00Z,1.550136021,23.016
2025-10-06T13:30:00Z,1.553736021,23.112
2025-10-06T13:40:00Z,1.547836021,23.213
2025-10-06T13:50:00Z,1.548136021,23.141
2025-10-06T14:00:00Z,1.559363752,23.227
2025-10-06T14:10:00Z,1.551463752,23.139
2025-10-06T14:20:00Z,1.551863752,23.237
2025-10-06T14:30:00Z,1.554563752,23.27
2025-10-06T14:40:00Z,1.558691484,23.231
2025-10-06T14:50:00Z,1.561091484,23.25
2025-10-06T15:00:00Z,1.555791484,23.308
2025-10-06T15:10:00Z,1.552591484,23.334
2025-10-06T15:20:00Z,1.553591484,23.393
2025-10-06T15:30:00Z,1.551091484,23.394
2025-10-06T15:40:00Z,1.549391484,23.429
2025-10-06T15:50:00Z,1.548591484,23.425
2025-10-06T16:00:00Z,1.563619216,23.451
2025-10-06T16:10:00Z,1.563119216,23.463
2025-10-06T16:20:00Z,1.563219216,23.485
2025-10-06T16:30:00Z,1.562719216,23.406
2025-10-06T16:40:00Z,1.560819216,23.317
2025-10-06T16:50:00Z,1.565619216,23.238
2025-10-06T17:00:00Z,1.559619216,23.173
2025-10-06T17:10:00Z,1.567119216,23.146
2025-10-06T17:20:00Z,1.562419216,23.143
2025-10-06T17:30:00Z,1.555219216,23.142
2025-10-06T17:40:00Z,1.558919216,23.086
2025-10-06T17:50:00Z,1.556519216,23.028
2025-10-06T18:00:00Z,1.558919216,23.022
2025-10-06T18:10:00Z,1.546491484,23.067
2025-10-06T18:20:00Z,1.550091484,23.07
2025-10-06T18:30:00Z,1.550991484,23.037
2025-10-06T18:40:00Z,1.548791484,22.997
2025-10-06T18:50:00Z,1.548491484,22.852
2025-10-06T19:00:00Z,1.554291484,22.906
2025-10-06T19:10:00Z,1.557991484,22.988
2025-10-06T19:20:00Z,1.546891484,22.557
2025-10-06T19:30:00Z,1.539391484,22.304
2025-10-06T19:40:00Z,1.538491484,22.218
2025-10-06T19:50:00Z,1.538991484,22.232
2025-10-06T20:00:00Z,1.523663752,22.129
2025-10-06T20:10:00Z,1.527263752,22.18
2025-10-06T20:20:00Z,1.534063752,22.285
2025-10-06T20:30:00Z,1.531963752,22.257
2025-10-06T20:40:00Z,1.519336021,22.215
2025-10-06T20:50:00Z,1.518336021,22.197
2025-10-06T21:00:00Z,1.508808289,22.198
2025-10-06T21:10:00Z,1.504108289,22.133
2025-10-06T21:20:00Z,1.502908289,22.099
2025-10-06T21:30:00Z,1.504208289,22.105
2025-10-06T21:40:00Z,1.495180557,22.045
2025-10-06T21:50:00Z,1.499680557,22.074
2025-10-06T22:00:00Z,1.498080557,21.973
2025-10-06T22:10:00Z,1.503280557,21.989
2025-10-06T22:20:00Z,1.505480557,21.983
2025-10-06T22:30:00Z,1.506380557,21.966
2025-10-06T22:40:00Z,1.509980557,22.001
2025-10-06T22:50:00Z,1.510680557,21.961
2025-10-06T23:00:00Z,1.511880557,21.986
2025-10-06T23:10:00Z,1.502152825,21.969
2025-10-06T23:20:00Z,1.515252825,22.185
2025-10-06T23:30:00Z,1.535180557,22.307
2025-10-06T23:40:00Z,1.521452825,22.247
2025-10-06T23:50:00Z,1.520152825,22.233
2025-10-07T00:00:00Z,1.516452825,22.185
2025-10-07T00:10:00Z,1.518452825,22.242
2025-10-07T00:20:00Z,1.513252825,22.165
2025-10-07T00:30:00Z,1.514752825,22.217
2025-10-07T00:40:00Z,1.510952825,22.161
2025-10-07T00:50:00Z,1.510852825,22.147
2025-10-07T01:00:00Z,1.506252825,22.088
2025-10-07T01:10:00Z,1.511252825,22.217
2025-10-07T01:20:00Z,1.504152825,22.099
2025-10-07T01:30:00Z,1.496752825,22.013
2025-10-07T01:40:00Z,1.501652825,22.103
2025-10-07T01:50:00Z,1.502952825,22.156
2025-10-07T02:00:00Z,1.510552825,22.303
2025-10-07T02:10:00Z,1.510552825,22.324
2025-10-07T02:20:00Z,1.494952825,22.106
2025-10-07T02:30:00Z,1.501480557,22.064
2025-10-07T02:40:00Z,1.496380557,21.946
2025-10-07T02:50:00Z,1.497780557,22.007
2025-10-07T03:00:00Z,1.497180557,22.003
2025-10-07T03:10:00Z,1.491080557,21.83
2025-10-07T03:20:00Z,1.499180557,21.951
2025-10-07T03:30:00Z,1.504480557,22.05
2025-10-07T03:40:00Z,1.495580557,21.863
2025-10-07T03:50:00Z,1.499680557,21.938
2025-10-07T04:00:00Z,1.513308289,21.94
2025-10-07T04:10:00Z,1.514908289,21.982
2025-10-07T04:20:00Z,1.501080557,21.937
2025-10-07T04:30:00Z,1.507408289,21.797
2025-10-07T04:40:00Z,1.512008289,21.849
2025-10-07T04:50:00Z,1.500380557,21.779
2025-10-07T05:00:00Z,1.503280557,21.803
2025-10-07T05:10:00Z,1.504580557,21.789
2025-10-07T05:20:00Z,1.505480557,21.749
2025-10-07T05:30:00Z,1.504080557,21.683
2025-10-07T05:40:00Z,1.510180557,21.818
2025-10-07T05:50:00Z,1.517780557,21.934
2025-10-07T06:00:00Z,1.513680557,21.647
2025-10-07T06:10:00Z,1.508280557,21.656
2025-10-07T06:20:00Z,1.513780557,21.718
2025-10-07T06:30:00Z,1.504352825,21.704
2025-10-07T06:40:00Z,1.519780557,21.703
2025-10-07T06:50:00Z,1.521980557,21.662
2025-10-07T07:00:00Z,1.527280557,21.695
2025-10-07T07:10:00Z,1.535180557,21.772
2025-10-07T07:20:00Z,1.540480557,21.815
2025-10-07T07:30:00Z,1.531652825,21.81
2025-10-07T07:40:00Z,1.528152825,21.611
2025-10-07T07:50:00Z,1.514225093,21.389
2025-10-07T08:00:00Z,1.521425093,21.438
2025-10-07T08:10:00Z,1.527125093,21.481
2025-10-07T08:20:00Z,1.526497361,21.631
2025-10-07T08:30:00Z,1.530597361,21.671
2025-10-07T08:40:00Z,1.523369629,21.715
2025-10-07T08:50:00Z,1.526169629,21.751
2025-10-07T09:00:00Z,1.529069629,21.774
2025-10-07T09:10:00Z,1.520569629,21.573
2025-10-07T09:20:00Z,1.511941897,21.618
2025-10-07T09:30:00Z,1.517141897,21.714
2025-10-07T09:40:00Z,1.511341897,21.591
2025-10-07T09:50:00Z,1.512441897,21.575
2025-10-07T10:00:00Z,1.512741897,21.574
2025-10-07T10:10:00Z,1.505214166,21.666
2025-10-07T10:20:00Z,1.510814166,21.734
2025-10-07T10:30:00Z,1.527914166,22.006
2025-10-07T10:40:00Z,1.534814166,22.114
2025-10-07T10:50:00Z,1.538414166,22.2
2025-10-07T11:00:00Z,1.543514166,22.313
2025-10-07T11:10:00Z,1.541514166,22.356
2025-10-07T11:20:00Z,1.534014166,22.255
2025-10-07T11:30:00Z,1.536741897,22.144
2025-10-07T11:40:00Z,1.537441897,22.165
2025-10-07T11:50:00Z,1.539241897,22.226
2025-10-07T12:00:00Z,1.543941897,22.335
2025-10-07T12:10:00Z,1.548041897,22.554
2025-10-07T12:20:00Z,1.549569629,22.454
2025-10-07T12:30:00Z,1.549869629,22.497
2025-10-07T12:40:00Z,1.550269629,22.509
2025-10-07T12:50:00Z,1.549969629,22.625
2025-10-07T13:00:00Z,1.549969629,22.706
2025-10-07T13:10:00Z,1.557797361,22.744
2025-10-07T13:20:00Z,1.558397361,22.793
2025-10-07T13:30:00Z,1.558097361,22.859
2025-10-07T13:40:00Z,1.559097361,22.954
2025-10-07T13:50:00Z,1.559697361,23.05
2025-10-07T14:00:00Z,1.570025093,23.115
2025-10-07T14:10:00Z,1.568925093,23.21
2025-10-07T14:20:00Z,1.564225093,23.256
2025-10-07T14:30:00Z,1.564025093,23.255
2025-10-07T14:40:00Z,1.560825093,23.232
2025-10-07T14:50:00Z,1.556625093,23.273
2025-10-07T15:00:00Z,1.543125093,23.269
2025-10-07T15:10:00Z,1.553452825,23.358
2025-10-07T15:20:00Z,1.553152825,23.303
2025-10-07T15:30:00Z,1.554352825,23.377
2025-10-07T15:40:00Z,1.546952825,23.269
2025-10-07T15:50:00Z,1.537552825,23.167
2025-10-07T16:00:00Z,1.540652825,23.167
2025-10-07T16:10:00Z,1.541552825,23.112
2025-10-07T16:20:00Z,1.534252825,23.03
2025-10-07T16:30:00Z,1.541880557,22.942
2025-10-07T16:40:00Z,1.530880557,22.856
2025-10-07T16:50:00Z,1.531280557,22.808
2025-10-07T17:00:00Z,1.533280557,22.814
2025-10-07T17:10:00Z,1.535980557,22.916
2025-10-07T17:20:00Z,1.525780557,22.757
2025-10-07T17:30:00Z,1.519680557,22.692
2025-10-07T17:40:00Z,1.518180557,22.706
2025-10-07T17:50:00Z,1.515780557,22.707
2025-10-07T18:00:00Z,1.510880557,22.659
2025-10-07T18:10:00Z,1.508180557,22.631
2025-10-07T18:20:00Z,1.505380557,22.621
2025-10-07T18:30:00Z,1.510380557,22.631
2025-10-07T18:40:00Z,1.512080557,22.646
2025-10-07T18:50:00Z,1.524008289,22.665
2025-10-07T19:00:00Z,1.525208289,22.662
2025-10-07T19:10:00Z,1.526108289,22.656
2025-10-07T19:20:00Z,1.527908289,22.622
2025-10-07T19:30:00Z,1.518480557,22.567
2025-10-07T19:40:00Z,1.520480557,22.52
2025-10-07T19:50:00Z,1.516880557,22.4
2025-10-07T20:00:00Z,1.516380557,22.274
2025-10-07T20:10:00Z,1.509852825,22.181
2025-10-07T20:20:00Z,1.510652825,22.2
2025-10-07T20:30:00Z,1.501025093,22.143
2025-10-07T20:40:00Z,1.503325093,22.075
2025-10-07T20:50:00Z,1.496297361,22.058
2025-10-07T21:00:00Z,1.496097361,22.037
2025-10-07T21:10:00Z,1.495597361,21.996
2025-10-07T21:20:00Z,1.492097361,21.92
2025-10-07T21:30:00Z,1.492997361,21.842
2025-10-07T21:40:00Z,1.496497361,21.739
2025-10-07T21:50:00Z,1.485969629,21.627
2025-10-07T22:00:00Z,1.500997361,21.534
2025-10-07T22:10:00Z,1.502597361,21.486
2025-10-07T22:20:00Z,1.501197361,21.482
2025-10-07T22:30:00Z,1.499297361,21.456
2025-10-07T22:40:00Z,1.496997361,21.425
2025-10-07T22:50:00Z,1.499897361,21.517
2025-10-07T23:00:00Z,1.491669629,21.56
2025-10-07T23:10:00Z,1.492369629,21.449
2025-10-07T23:20:00Z,1.492369629,21.145
2025-10-07T23:30:00Z,1.491969629,21.32
2025-10-07T23:40:00Z,1.506497361,21.542
2025-10-07T23:50:00Z,1.493369629,21.096
2025-10-08T00:00:00Z,1.496969629,21.325
2025-10-08T00:10:00Z,1.499669629,21.386
2025-10-08T00:20:00Z,1.502369629,21.392
2025-10-08T00:30:00Z,1.503469629,21.47
2025-10-08T00:40:00Z,1.500669629,21.548
2025-10-08T00:50:00Z,1.502469629,21.411
2025-10-08T01:00:00Z,1.504469629,21.497
2025-10-08T01:10:00Z,1.504869629,21.4
2025-10-08T01:20:00Z,1.505769629,21.499
2025-10-08T01:30:00Z,1.502769629,21.482
2025-10-08T01:40:00Z,1.497969629,21.346
2025-10-08T01:50:00Z,1.496369629,21.439
2025-10-08T02:00:00Z,1.491169629,21.399
2025-10-08T02:10:00Z,1.492069629,21.434
2025-10-08T02:20:00Z,1.490969629,21.383
2025-10-08T02:30:00Z,1.496869629,21.443
2025-10-08T02:40:00Z,1.495069629,21.374
2025-10-08T02:50:00Z,1.510497361,21.452
2025-10-08T03:00:00Z,1.510897361,21.346
2025-10-08T03:10:00Z,1.514097361,21.357
2025-10-08T03:20:00Z,1.514197361,21.386
2025-10-08T03:30:00Z,1.517897361,21.479
2025-10-08T03:40:00Z,1.512697361,21.358
2025-10-08T03:50:00Z,1.507097361,21.101
2025-10-08T04:00:00Z,1.508897361,21.074
2025-10-08T04:10:00Z,1.516697361,21.175
2025-10-08T04:20:00Z,1.516997361,21.186
2025-10-08T04:30:00Z,1.513297361,21.128
2025-10-08T04:40:00Z,1.511297361,21.115
2025-10-08T04:50:00Z,1.518297361,21.216
2025-10-08T05:00:00Z,1.523797361,21.274
2025-10-08T05:10:00Z,1.522197361,21.23
2025-10-08T05:20:00Z,1.526097361,21.255
2025-10-08T05:30:00Z,1.527697361,21.215
2025-10-08T05:40:00Z,1.528597361,21.152
2025-10-08T05:50:00Z,1.532297361,21.126
2025-10-08T06:00:00Z,1.519169629,21.075
2025-10-08T06:10:00Z,1.521269629,21.076
2025-10-08T06:20:00Z,1.529069629,21.211
2025-10-08T06:30:00Z,1.532569629,21.223
2025-10-08T06:40:00Z,1.520541897,21.214
2025-10-08T06:50:00Z,1.522741897,21.228
2025-10-08T07:00:00Z,1.522841897,21.208
2025-10-08T07:10:00Z,1.524241897,21.209
2025-10-08T07:20:00Z,1.524941897,21.219
2025-10-08T07:30:00Z,1.528841897,21.273
2025-10-08T07:40:00Z,1.533041897,21.33
2025-10-08T07:50:00Z,1.523114166,21.349
2025-10-08T08:00:00Z,1.523414166,21.381
2025-10-08T08:10:00Z,1.526514166,21.415
2025-10-08T08:20:00Z,1.521114166,21.361
2025-10-08T08:30:00Z,1.522914166,21.329
2025-10-08T08:40:00Z,1.524814166,21.342
2025-10-08T08:50:00Z,1.522414166,21.303
2025-10-08T09:00:00Z,1.520514166,21.244
2025-10-08T09:10:00Z,1.529214166,21.331
2025-10-08T09:20:00Z,1.538214166,21.419
2025-10-08T09:30:00Z,1.546714166,21.471
2025-10-08T09:40:00Z,1.530986434,21.401
2025-10-08T09:50:00Z,1.542886434,21.591
2025-10-08T10:00:00Z,1.549086434,21.684
2025-10-08T10:10:00Z,1.554086434,21.803
2025-10-08T10:20:00Z,1.546558702,21.836
2025-10-08T10:30:00Z,1.554658702,21.971
2025-10-08T10:40:00Z,1.557458702,22.089
2025-10-08T10:50:00Z,1.557158702,22.134
2025-10-08T11:00:00Z,1.555158702,22.225
2025-10-08T11:10:00Z,1.556758702,22.278
2025-10-08T11:20:00Z,1.553358702,22.331
2025-10-08T11:30:00Z,1.551558702,22.433
2025-10-08T11:40:00Z,1.551458702,22.515
2025-10-08T11:50:00Z,1.559986434,22.52
2025-10-08T12:00:00Z,1.559586434,22.621
2025-10-08T12:10:00Z,1.559286434,22.723
2025-10-08T12:20:00Z,1.553686434,22.721
2025-10-08T12:30:00Z,1.554414166,22.565
2025-10-08T12:40:00Z,1.552914166,22.646
2025-10-08T12:50:00Z,1.548914166,22.664
2025-10-08T13:00:00Z,1.545614166,22.69
2025-10-08T13:10:00Z,1.553141897,22.735
2025-10-08T13:20:00Z,1.556441897,22.824
2025-10-08T13:30:00Z,1.544769629,22.874
2025-10-08T13:40:00Z,1.552169629,22.993
2025-10-08T13:50:00Z,1.556569629,23.136
2025-10-08T14:00:00Z,1.561197361,23.139
2025-10-08T14:10:00Z,1.562397361,23.217
2025-10-08T14:20:00Z,1.560897361,23.159
2025-10-08T14:30:00Z,1.563697361,23.187
2025-10-08T14:40:00Z,1.568797361,23.391
2025-10-08T14:50:00Z,1.566497361,23.392
2025-10-08T15:00:00Z,1.559397361,23.506
2025-10-08T15:10:00Z,1.569525093,23.605
2025-10-08T15:20:00Z,1.569825093,23.53
2025-10-08T15:30:00Z,1.567225093,23.499
2025-10-08T15:40:00Z,1.567525093,23.54
2025-10-08T15:50:00Z,1.572325093,23.463
2025-10-08T16:00:00Z,1.571825093,23.438
2025-10-08T16:10:00Z,1.564825093,23.462
2025-10-08T16:20:00Z,1.563825093,23.386
2025-10-08T16:30:00Z,1.560625093,23.224
2025-10-08T16:40:00Z,1.557225093,23.231
2025-10-08T16:50:00Z,1.553225093,22.986
2025-10-08T17:00:00Z,1.548425093,22.9
2025-10-08T17:10:00Z,1.551425093,22.866
2025-10-08T17:20:00Z,1.538725093,22.702
2025-10-08T17:30:00Z,1.533925093,22.581
2025-10-08T17:40:00Z,1.532825093,22.531
2025-10-08T17:50:00Z,1.529725093,22.5
2025-10-08T18:00:00Z,1.531325093,22.49
2025-10-08T18:10:00Z,1.532325093,22.472
2025-10-08T18:20:00Z,1.533225093,22.484
2025-10-08T18:30:00Z,1.533625093,22.488
2025-10-08T18:40:00Z,1.539525093,22.497
2025-10-08T18:50:00Z,1.537025093,22.498
2025-10-08T19:00:00Z,1.537825093,22.502
2025-10-08T19:10:00Z,1.532525093,22.383
2025-10-08T19:20:00Z,1.536625093,22.429
2025-10-08T19:30:00Z,1.522897361,22.354
2025-10-08T19:40:00Z,1.509397361,22.077
2025-10-08T19:50:00Z,1.508497361,21.987
2025-10-08T20:00:00Z,1.508497361,21.689
2025-10-08T20:10:00Z,1.509997361,21.658
2025-10-08T20:20:00Z,1.497869629,21.63
2025-10-08T20:30:00Z,1.498969629,21.549
2025-10-08T20:40:00Z,1.501269629,21.633
2025-10-08T20:50:00Z,1.503669629,21.421
2025-10-08T21:00:00Z,1.504869629,21.356
2025-10-08T21:10:00Z,1.506869629,21.456
2025-10-08T21:20:00Z,1.512669629,21.515
2025-10-08T21:30:00Z,1.516569629,21.56
2025-10-08T21:40:00Z,1.519269629,21.588
2025-10-08T21:50:00Z,1.512841897,21.616
2025-10-08T22:00:00Z,1.514841897,21.575
2025-10-08T22:10:00Z,1.513641897,21.585
2025-10-08T22:20:00Z,1.514141897,21.594
2025-10-08T22:30:00Z,1.501514166,21.568
2025-10-08T22:40:00Z,1.503014166,21.666
2025-10-08T22:50:00Z,1.500914166,21.53
2025-10-08T23:00:00Z,1.487686434,21.515
2025-10-08T23:10:00Z,1.497014166,21.632
2025-10-08T23:20:00Z,1.484986434,21.705
2025-10-08T23:30:00Z,1.499314166,21.789
2025-10-08T23:40:00Z,1.499014166,21.817
2025-10-08T23:50:00Z,1.496314166,21.719
2025-10-09T00:00:00Z,1.496514166,21.607
2025-10-09T00:10:00Z,1.493014166,21.468
2025-10-09T00:20:00Z,1.493414166,21.512
2025-10-09T00:30:00Z,1.492414166,21.463
2025-10-09T00:40:00Z,1.493414166,21.428
2025-10-09T00:50:00Z,1.492314166,21.336
2025-10-09T01:00:00Z,1.494214166,21.248
2025-10-09T01:10:00Z,1.496114166,21.282
2025-10-09T01:20:00Z,1.497114166,21.331
2025-10-09T01:30:00Z,1.498214166,21.333
2025-10-09T01:40:00Z,1.494214166,21.479
2025-10-09T01:50:00Z,1.491414166,21.368
2025-10-09T02:00:00Z,1.489914166,21.208
2025-10-09T02:10:00Z,1.489414166,21.225
2025-10-09T02:20:00Z,1.489214166,21.206
2025-10-09T02:30:00Z,1.487714166,21.248
2025-10-09T02:40:00Z,1.488814166,21.267
2025-10-09T02:50:00Z,1.487314166,21.206
2025-10-09T03:00:00Z,1.489314166,21.117
2025-10-09T03:10:00Z,1.489714166,20.933
2025-10-09T03:20:00Z,1.487314166,21.163
2025-10-09T03:30:00Z,1.498641897,21.134
2025-10-09T03:40:00Z,1.501041897,21.023
2025-10-09T03:50:00Z,1.501441897,21.123
2025-10-09T04:00:00Z,1.493814166,21.186
2025-10-09T04:10:00Z,1.495414166,21.271
2025-10-09T04:20:00Z,1.508541897,21.159
2025-10-09T04:30:00Z,1.512441897,21.136
2025-10-09T04:40:00Z,1.502414166,21.079
2025-10-09T04:50:00Z,1.503514166,20.981
2025-10-09T05:00:00Z,1.503114166,20.999
2025-10-09T05:10:00Z,1.503914166,20.927
2025-10-09T05:20:00Z,1.505814166,20.889
2025-10-09T05:30:00Z,1.518086434,20.841
2025-10-09T05:40:00Z,1.518086434,20.676
2025-10-09T05:50:00Z,1.519386434,20.563
2025-10-09T06:00:00Z,1.520586434,20.587
2025-10-09T06:10:00Z,1.523086434,20.61
2025-10-09T06:20:00Z,1.522186434,20.677
2025-10-09T06:30:00Z,1.524186434,20.709
2025-10-09T06:40:00Z,1.526286434,20.678
2025-10-09T06:50:00Z,1.530386434,20.718
2025-10-09T07:00:00Z,1.529086434,20.783
2025-10-09T07:10:00Z,1.519058702,20.776
2025-10-09T07:20:00Z,1.519458702,20.713
2025-10-09T07:30:00Z,1.521358702,20.747
2025-10-09T07:40:00Z,1.522958702,20.77
2025-10-09T07:50:00Z,1.524758702,20.714
2025-10-09T08:00:00Z,1.526858702,20.685
2025-10-09T08:10:00Z,1.528258702,20.71
2025-10-09T08:20:00Z,1.530258702,20.791
2025-10-09T08:30:00Z,1.532358702,20.775
2025-10-09T08:40:00Z,1.52343097,20.701
2025-10-09T08:50:00Z,1.52513097,20.617
2025-10-09T09:00:00Z,1.52443097,20.683
2025-10-09T09:10:00Z,1.52343097,20.754
2025-10-09T09:20:00Z,1.52633097,20.854
2025-10-09T09:30:00Z,1.52413097,21.009
2025-10-09T09:40:00Z,1.52133097,21.181
2025-10-09T09:50:00Z,1.52203097,21.231
2025-10-09T10:00:00Z,1.51793097,21.377
2025-10-09T10:10:00Z,1.51623097,21.436
2025-10-09T10:20:00Z,1.51543097,21.476
2025-10-09T10:30:00Z,1.51443097,21.54
2025-10-09T10:40:00Z,1.51263097,21.602
2025-10-09T10:50:00Z,1.50843097,21.609
2025-10-09T11:00:00Z,1.517558702,21.697
2025-10-09T11:10:00Z,1.518358702,21.742
2025-10-09T11:20:00Z,1.515358702,21.789
2025-10-09T11:30:00Z,1.514858702,21.84
2025-10-09T11:40:00Z,1.515158702,22.024
2025-10-09T11:50:00Z,1.515458702,22.161
2025-10-09T12:00:00Z,1.530586434,22.289
2025-10-09T12:10:00Z,1.532886434,22.381
2025-10-09T12:20:00Z,1.525886434,22.416
2025-10-09T12:30:00Z,1.531286434,22.536
2025-10-09T12:40:00Z,1.533314166,22.479
2025-10-09T12:50:00Z,1.519014166,22.569
2025-10-09T13:00:00Z,1.515214166,22.593
2025-10-09T13:10:00Z,1.512414166,22.668
2025-10-09T13:20:00Z,1.526341897,22.696
2025-10-09T13:30:00Z,1.525141897,22.748
2025-10-09T13:40:00Z,1.535369629,22.783
2025-10-09T13:50:00Z,1.535369629,22.875
2025-10-09T14:00:00Z,1.535969629,22.826
2025-10-09T14:10:00Z,1.543697361,22.829
2025-10-09T14:20:00Z,1.554897361,23.052
2025-10-09T14:30:00Z,1.549197361,23.006
2025-10-09T14:40:00Z,1.549997361,23.081
2025-10-09T14:50:00Z,1.551625093,23.058
2025-10-09T15:00:00Z,1.555825093,23.053
2025-10-09T15:10:00Z,1.556025093,23.102
2025-10-09T15:20:00Z,1.556225093,23.128
2025-10-09T15:30:00Z,1.555025093,23.066
2025-10-09T15:40:00Z,1.548225093,23.021
2025-10-09T15:50:00Z,1.553452825,22.978
2025-10-09T16:00:00Z,1.544525093,23.051
2025-10-09T16:10:00Z,1.548425093,23.127
2025-10-09T16:20:00Z,1.553825093,23.178
2025-10-09T16:30:00Z,1.565552825,23.218
2025-10-09T16:40:00Z,1.564152825,23.231
2025-10-09T16:50:00Z,1.558152825,23.193
2025-10-09T17:00:00Z,1.557452825,23.172
2025-10-09T17:10:00Z,1.547752825,23.078
2025-10-09T17:20:00Z,1.528425093,22.987
2025-10-09T17:30:00Z,1.527525093,23.023
2025-10-09T17:40:00Z,1.523325093,23.018
2025-10-09T17:50:00Z,1.520725093,23.001
2025-10-09T18:00:00Z,1.517125093,22.963
2025-10-09T18:10:00Z,1.511025093,22.849
2025-10-09T18:20:00Z,1.510825093,22.759
2025-10-09T18:30:00Z,1.524552825,22.546
2025-10-09T18:40:00Z,1.527652825,22.504
2025-10-09T18:50:00Z,1.531452825,22.472
2025-10-09T19:00:00Z,1.526725093,22.449
2025-10-09T19:10:00Z,1.540052825,22.428
2025-10-09T19:20:00Z,1.544152825,22.417
2025-10-09T19:30:00Z,1.534325093,22.384
2025-10-09T19:40:00Z,1.536925093,22.356
2025-10-09T19:50:00Z,1.538425093,22.289
2025-10-09T20:00:00Z,1.530397361,22.226
2025-10-09T20:10:00Z,1.532397361,22.14
2025-10-09T20:20:00Z,1.537297361,22.03
2025-10-09T20:30:00Z,1.529969629,21.957
2025-10-09T20:40:00Z,1.536869629,21.87
2025-10-09T20:50:00Z,1.542669629,21.841
2025-10-09T21:00:00Z,1.533641897,21.764
2025-10-09T21:10:00Z,1.533941897,21.721
2025-10-09T21:20:00Z,1.539741897,21.765
2025-10-09T21:30:00Z,1.541941897,21.794
2025-10-09T21:40:00Z,1.531014166,21.805
2025-10-09T21:50:00Z,1.535414166,21.847
2025-10-09T22:00:00Z,1.528086434,21.946
2025-10-09T22:10:00Z,1.521986434,21.906
2025-10-09T22:20:00Z,1.521186434,21.915
2025-10-09T22:30:00Z,1.521486434,21.926
2025-10-09T22:40:00Z,1.519786434,21.873
2025-10-09T22:50:00Z,1.519186434,21.846
2025-10-09T23:00:00Z,1.515986434,21.799
2025-10-09T23:10:00Z,1.510486434,21.609
2025-10-09T23:20:00Z,1.516086434,21.402
2025-10-09T23:30:00Z,1.519786434,21.375
2025-10-09T23:40:00Z,1.532886434,21.613
2025-10-09T23:50:00Z,1.535486434,21.677
2025-10-10T00:00:00Z,1.523986434,21.638
2025-10-10T00:10:00Z,1.518786434,21.641
2025-10-10T00:20:00Z,1.518686434,21.589
2025-10-10T00:30:00Z,1.516286434,21.598
2025-10-10T00:40:00Z,1.516386434,21.657
2025-10-10T00:50:00Z,1.509186434,21.542
2025-10-10T01:00:00Z,1.512486434,21.56
2025-10-10T01:10:00Z,1.514486434,21.754
2025-10-10T01:20:00Z,1.506186434,21.637
2025-10-10T01:30:00Z,1.511386434,21.866
2025-10-10T01:40:00Z,1.517414166,21.903
2025-10-10T01:50:00Z,1.509714166,21.917
2025-10-10T02:00:00Z,1.505414166,21.886
2025-10-10T02:10:00Z,1.500714166,21.89
2025-10-10T02:20:00Z,1.496414166,21.896
2025-10-10T02:30:00Z,1.493814166,21.853
2025-10-10T02:40:00Z,1.491514166,21.824
2025-10-10T02:50:00Z,1.504341897,21.753
2025-10-10T03:00:00Z,1.501141897,21.746
2025-10-10T03:10:00Z,1.507469629,21.631
2025-10-10T03:20:00Z,1.508569629,21.489
2025-10-10T03:30:00Z,1.510369629,21.265
2025-10-10T03:40:00Z,1.511469629,21.52
2025-10-10T03:50:00Z,1.510469629,21.426
2025-10-10T04:00:00Z,1.521697361,21.315
2025-10-10T04:10:00Z,1.526097361,21.464
2025-10-10T04:20:00Z,1.525997361,21.535
2025-10-10T04:30:00Z,1.520897361,21.53
2025-10-10T04:40:00Z,1.519597361,21.435
2025-10-10T04:50:00Z,1.521097361,21.386
2025-10-10T05:00:00Z,1.523897361,21.374
2025-10-10T05:10:00Z,1.521997361,21.369
2025-10-10T05:20:00Z,1.522097361,21.326
2025-10-10T05:30:00Z,1.525297361,21.251
2025-10-10T05:40:00Z,1.524097361,21.241
2025-10-10T05:50:00Z,1.522797361,21.168
2025-10-10T06:00:00Z,1.510369629,21.022
2025-10-10T06:10:00Z,1.521797361,21.053
2025-10-10T06:20:00Z,1.521397361,21.022
2025-10-10T06:30:00Z,1.508669629,20.935
2025-10-10T06:40:00Z,1.508869629,20.844
2025-10-10T06:50:00Z,1.518069629,20.963
2025-10-10T07:00:00Z,1.520669629,21.034
2025-10-10T07:10:00Z,1.532097361,21.04
2025-10-10T07:20:00Z,1.534997361,21.077
2025-10-10T07:30:00Z,1.535597361,21.076
2025-10-10T07:40:00Z,1.537397361,21.117
2025-10-10T07:50:00Z,1.528469629,21.164
2025-10-10T08:00:00Z,1.525169629,21.15
2025-10-10T08:10:00Z,1.528069629,21.172
2025-10-10T08:20:00Z,1.525669629,21.145
2025-10-10T08:30:00Z,1.523869629,21.092
2025-10-10T08:40:00Z,1.522669629,21.029
2025-10-10T08:50:00Z,1.528169629,21.147
2025-10-10T09:00:00Z,1.529169629,21.201
2025-10-10T09:10:00Z,1.531769629,21.28
2025-10-10T09:20:00Z,1.539169629,21.393
2025-10-10T09:30:00Z,1.550569629,21.558
2025-10-10T09:40:00Z,1.554069629,21.655
2025-10-10T09:50:00Z,1.557769629,21.74
2025-10-10T10:00:00Z,1.552869629,21.718
2025-10-10T10:10:00Z,1.553669629,21.771
2025-10-10T10:20:00Z,1.557169629,21.85
2025-10-10T10:30:00Z,1.557369629,21.877
2025-10-10T10:40:00Z,1.555569629,21.871
2025-10-10T10:50:00Z,1.554469629,21.887
2025-10-10T11:00:00Z,1.563997361,21.965
2025-10-10T11:10:00Z,1.569597361,22.177
2025-10-10T11:20:00Z,1.569097361,22.308
2025-10-10T11:30:00Z,1.565997361,22.376
2025-10-10T11:40:00Z,1.566697361,22.532
2025-10-10T11:50:00Z,1.562597361,22.653
2025-10-10T12:00:00Z,1.570825093,22.802
2025-10-10T12:10:00Z,1.569125093,22.916
2025-10-10T12:20:00Z,1.560825093,22.954
2025-10-10T12:30:00Z,1.569052825,23.134
2025-10-10T12:40:00Z,1.560852825,23.153
2025-10-10T12:50:00Z,1.556152825,23.249
2025-10-10T13:00:00Z,1.548952825,23.149
2025-10-10T13:10:00Z,1.554980557,23.232
2025-10-10T13:20:00Z,1.551080557,23.328
2025-10-10T13:30:00Z,1.543408289,23.476
2025-10-10T13:40:00Z,1.543508289,23.56
2025-10-10T13:50:00Z,1.555636021,23.638
2025-10-10T14:00:00Z,1.555836021,23.786
2025-10-10T14:10:00Z,1.565363752,23.848
2025-10-10T14:20:00Z,1.559463752,23.824
2025-10-10T14:30:00Z,1.568491484,23.893
2025-10-10T14:40:00Z,1.562491484,23.908
2025-10-10T14:50:00Z,1.554991484,23.779
2025-10-10T15:00:00Z,1.549491484,23.678
2025-10-10T15:10:00Z,1.549819216,23.395
2025-10-10T15:20:00Z,1.547219216,23.338
2025-10-10T15:30:00Z,1.560646948,23.435
2025-10-10T15:40:00Z,1.553146948,23.331
2025-10-10T15:50:00Z,1.551046948,23.284
2025-10-10T16:00:00Z,1.55847468,23.193
2025-10-10T16:10:00Z,1.55717468,23.192
2025-10-10T16:20:00Z,1.55337468,23.095
2025-10-10T16:30:00Z,1.55197468,23.089
2025-10-10T16:40:00Z,1.55047468,23.092
2025-10-10T16:50:00Z,1.54797468,23.082
2025-10-10T17:00:00Z,1.559102412,23.075
2025-10-10T17:10:00Z,1.558902412,23.057
2025-10-10T17:20:00Z,1.557002412,23.052
2025-10-10T17:30:00Z,1.557202412,23.106
2025-10-10T17:40:00Z,1.559002412,23.1
2025-10-10T17:50:00Z,1.561202412,23.046
2025-10-10T18:00:00Z,1.562702412,23.026
2025-10-10T18:10:00Z,1.554002412,22.723
2025-10-10T18:20:00Z,1.555702412,22.786
2025-10-10T18:30:00Z,1.560202412,22.79
2025-10-10T18:40:00Z,1.561702412,22.815
2025-10-10T18:50:00Z,1.563202412,22.828
2025-10-10T19:00:00Z,1.55407468,22.863
2025-10-10T19:10:00Z,1.54207468,22.671
2025-10-10T19:20:00Z,1.54177468,22.639
2025-10-10T19:30:00Z,1.54807468,22.742
2025-10-10T19:40:00Z,1.54717468,22.728
2025-10-10T19:50:00Z,1.535246948,22.695
2025-10-10T20:00:00Z,1.531446948,22.629
2025-10-10T20:10:00Z,1.524546948,22.501
2025-10-10T20:20:00Z,1.518046948,22.41
2025-10-10T20:30:00Z,1.517846948,22.359
2025-10-10T20:40:00Z,1.519246948,22.32
2025-10-10T20:50:00Z,1.520846948,22.272
2025-10-10T21:00:00Z,1.525646948,22.292
2025-10-10T21:10:00Z,1.529346948,22.317
2025-10-10T21:20:00Z,1.530146948,22.349
2025-10-10T21:30:00Z,1.527146948,22.34
2025-10-10T21:40:00Z,1.524546948,22.316
2025-10-10T21:50:00Z,1.519146948,22.107
2025-10-10T22:00:00Z,1.509819216,22.072
2025-10-10T22:10:00Z,1.511319216,22.031
2025-10-10T22:20:00Z,1.514419216,22.033
2025-10-10T22:30:00Z,1.526046948,22.053
2025-10-10T22:40:00Z,1.528446948,22.079
2025-10-10T22:50:00Z,1.527146948,22.082
2025-10-10T23:00:00Z,1.527446948,22.065
2025-10-10T23:10:00Z,1.526546948,22.015
2025-10-10T23:20:00Z,1.511419216,21.933
2025-10-10T23:30:00Z,1.513919216,21.836
2025-10-10T23:40:00Z,1.521019216,21.989
2025-10-10T23:50:00Z,1.517319216,21.96
2025-10-11T00:00:00Z,1.515119216,21.935
2025-10-11T00:10:00Z,1.510119216,21.901
2025-10-11T00:20:00Z,1.509919216,21.944
2025-10-11T00:30:00Z,1.504119216,21.915
2025-10-11T00:40:00Z,1.515146948,21.937
2025-10-11T00:50:00Z,1.513646948,21.911
2025-10-11T01:00:00Z,1.514446948,21.936
2025-10-11T01:10:00Z,1.516146948,21.991
2025-10-11T01:20:00Z,1.514846948,22.017
2025-10-11T01:30:00Z,1.52227468,21.987
2025-10-11T01:40:00Z,1.51817468,21.976
2025-10-11T01:50:00Z,1.506146948,21.999
2025-10-11T02:00:00Z,1.50847468,21.886
2025-10-11T02:10:00Z,1.50137468,21.722
2025-10-11T02:20:00Z,1.50357468,21.596
2025-10-11T02:30:00Z,1.50737468,21.504
2025-10-11T02:40:00Z,1.516902412,21.526
2025-10-11T02:50:00Z,1.512502412,21.419
2025-10-11T03:00:00Z,1.517102412,21.5
2025-10-11T03:10:00Z,1.522702412,21.572
2025-10-11T03:20:00Z,1.528402412,21.673
2025-10-11T03:30:00Z,NA,21.633
2025-10-11T03:40:00Z,1.509502412,21.449
2025-10-11T03:50:00Z,1.506102412,21.293
2025-10-11T04:00:00Z,1.514602412,21.339
2025-10-11T04:10:00Z,1.521402412,21.466
2025-10-11T04:20:00Z,1.521302412,21.509
2025-10-11T04:30:00Z,1.519002412,21.503
2025-10-11T04:40:00Z,1.523830144,21.447
2025-10-11T04:50:00Z,1.519930144,21.361
2025-10-11T05:00:00Z,1.520430144,21.319
2025-10-11T05:10:00Z,1.523630144,21.344
2025-10-11T05:20:00Z,1.524030144,21.097
2025-10-11T05:30:00Z,1.532130144,21.115
2025-10-11T05:40:00Z,1.532830144,21.04
2025-10-11T05:50:00Z,1.533230144,21.062
2025-10-11T06:00:00Z,1.539830144,21.187
2025-10-11T06:10:00Z,1.541130144,21.209
2025-10-11T06:20:00Z,1.531902412,21.263
2025-10-11T06:30:00Z,1.530202412,21.208
2025-10-11T06:40:00Z,1.536802412,21.285
2025-10-11T06:50:00Z,1.537402412,21.282
2025-10-11T07:00:00Z,1.538002412,21.271
2025-10-11T07:10:00Z,1.538002412,21.26
2025-10-11T07:20:00Z,1.52947468,21.268
2025-10-11T07:30:00Z,1.53177468,21.275
2025-10-11T07:40:00Z,1.53257468,21.064
2025-10-11T07:50:00Z,1.53907468,21.147
2025-10-11T08:00:00Z,1.53797468,21.051
2025-10-11T08:10:00Z,1.53937468,21.037
2025-10-11T08:20:00Z,1.530646948,21.034
2025-10-11T08:30:00Z,1.539946948,21.134
2025-10-11T08:40:00Z,1.540946948,21.164
2025-10-11T08:50:00Z,1.534546948,21.046
2025-10-11T09:00:00Z,1.544946948,21.24
2025-10-11T09:10:00Z,1.546146948,21.254
2025-10-11T09:20:00Z,1.536519216,21.298
2025-10-11T09:30:00Z,1.537319216,21.371
2025-10-11T09:40:00Z,1.541719216,21.492
2025-10-11T09:50:00Z,1.549019216,21.656
2025-10-11T10:00:00Z,1.555019216,21.762
2025-10-11T10:10:00Z,1.557619216,21.827
2025-10-11T10:20:00Z,1.560619216,21.841
2025-10-11T10:30:00Z,1.565519216,22.007
2025-10-11T10:40:00Z,1.574746948,22.011
2025-10-11T10:50:00Z,1.58327468,22.084
2025-10-11T11:00:00Z,1.58667468,22.24
2025-10-11T11:10:00Z,1.571546948,22.309
2025-10-11T11:20:00Z,1.569746948,22.442
2025-10-11T11:30:00Z,1.57747468,22.411
2025-10-11T11:40:00Z,1.57117468,22.47
2025-10-11T11:50:00Z,1.56767468,22.549
2025-10-11T12:00:00Z,1.56607468,22.59
2025-10-11T12:10:00Z,1.56137468,22.582
2025-10-11T12:20:00Z,1.567502412,22.62
2025-10-11T12:30:00Z,1.565102412,22.722
2025-10-11T12:40:00Z,1.562102412,22.847
2025-10-11T12:50:00Z,1.567630144,22.925
2025-10-11T13:00:00Z,1.558230144,22.946
2025-10-11T13:10:00Z,1.550330144,22.929
2025-10-11T13:20:00Z,1.543230144,22.932
2025-10-11T13:30:00Z,1.542957875,22.98
2025-10-11T13:40:00Z,1.547757875,23.162
2025-10-11T13:50:00Z,1.540785607,23.341
2025-10-11T14:00:00Z,1.535985607,23.264
2025-10-11T14:10:00Z,1.551613339,23.25
2025-10-11T14:20:00Z,1.560541071,23.284
2025-10-11T14:30:00Z,1.564341071,23.356
2025-10-11T14:40:00Z,1.564341071,23.411
2025-10-11T14:50:00Z,1.595868803,23.63
2025-10-11T15:00:00Z,1.575268803,23.626
2025-10-11T15:10:00Z,1.579468803,23.62
2025-10-11T15:20:00Z,1.574468803,23.444
2025-10-11T15:30:00Z,1.575268803,23.348
2025-10-11T15:40:00Z,1.573168803,23.296
2025-10-11T15:50:00Z,1.571668803,23.254
2025-10-11T16:00:00Z,1.573768803,23.254
2025-10-11T16:10:00Z,1.577268803,23.294
2025-10-11T16:20:00Z,1.575568803,23.255
2025-10-11T16:30:00Z,1.567868803,23.223
2025-10-11T16:40:00Z,1.569968803,23.202
2025-10-11T16:50:00Z,1.560941071,23.172
2025-10-11T17:00:00Z,1.560041071,23.141
2025-10-11T17:10:00Z,1.554241071,23.041
2025-10-11T17:20:00Z,1.551541071,23.017
2025-10-11T17:30:00Z,1.535913339,22.991
2025-10-11T17:40:00Z,1.536213339,22.97
2025-10-11T17:50:00Z,1.537213339,22.909
2025-10-11T18:00:00Z,1.529085607,22.717
2025-10-11T18:10:00Z,1.536185607,22.585
2025-10-11T18:20:00Z,1.530885607,22.259
2025-10-11T18:30:00Z,1.534885607,22.286
2025-10-11T18:40:00Z,1.536585607,22.288
2025-10-11T18:50:00Z,1.522357875,22.105
2025-10-11T19:00:00Z,1.522857875,22.143
2025-10-11T19:10:00Z,1.523357875,22.04
2025-10-11T19:20:00Z,1.539457875,22.271
2025-10-11T19:30:00Z,1.531857875,22.223
2025-10-11T19:40:00Z,1.531957875,22.234
2025-10-11T19:50:00Z,1.536057875,22.083
2025-10-11T20:00:00Z,1.528830144,22.166
2025-10-11T20:10:00Z,1.527830144,22.142
2025-10-11T20:20:00Z,1.538957875,22.105
2025-10-11T20:30:00Z,1.535357875,22.004
2025-10-11T20:40:00Z,1.522030144,21.963
2025-10-11T20:50:00Z,1.522930144,21.905
2025-10-11T21:00:00Z,1.527730144,21.767
2025-10-11T21:10:00Z,1.525030144,21.712
2025-10-11T21:20:00Z,1.529830144,21.691
2025-10-11T21:30:00Z,1.527030144,21.638
2025-10-11T21:40:00Z,1.529230144,21.568
2025-10-11T21:50:00Z,1.525130144,21.513
2025-10-11T22:00:00Z,1.515302412,21.465
2025-10-11T22:10:00Z,1.513902412,21.5
2025-10-11T22:20:00Z,1.516102412,21.459
2025-10-11T22:30:00Z,1.518402412,21.511
2025-10-11T22:40:00Z,1.515702412,21.544
2025-10-11T22:50:00Z,1.524630144,21.555
2025-10-11T23:00:00Z,1.526230144,21.468
2025-10-11T23:10:00Z,1.525530144,21.482
2025-10-11T23:20:00Z,1.523330144,21.455
2025-10-11T23:30:00Z,1.522730144,21.434
2025-10-11T23:40:00Z,1.524530144,21.351
2025-10-11T23:50:00Z,1.527230144,21.333
2025-10-12T00:00:00Z,1.525230144,21.295
2025-10-12T00:10:00Z,1.522730144,21.256
2025-10-12T00:20:00Z,1.521330144,21.224
2025-10-12T00:30:00Z,1.522830144,21.169
2025-10-12T00:40:00Z,1.522430144,21.238
2025-10-12T00:50:00Z,1.525030144,21.253
2025-10-12T01:00:00Z,1.524830144,21.151
2025-10-12T01:10:00Z,1.526630144,21.144
2025-10-12T01:20:00Z,1.527330144,21.15
2025-10-12T01:30:00Z,1.526230144,21.144
2025-10-12T01:40:00Z,1.534457875,21.181
2025-10-12T01:50:00Z,1.524730144,21.199
2025-10-12T02:00:00Z,1.523830144,21.207
2025-10-12T02:10:00Z,1.525030144,21.026
2025-10-12T02:20:00Z,1.522930144,20.87
2025-10-12T02:30:00Z,1.523230144,20.863
2025-10-12T02:40:00Z,1.520330144,20.873
2025-10-12T02:50:00Z,1.519430144,20.865
2025-10-12T03:00:00Z,1.517130144,20.899
2025-10-12T03:10:00Z,1.515730144,20.84
2025-10-12T03:20:00Z,1.513830144,20.683
2025-10-12T03:30:00Z,1.513830144,20.714
2025-10-12T03:40:00Z,1.510530144,20.729
2025-10-12T03:50:00Z,1.523657875,20.65
2025-10-12T04:00:00Z,1.522457875,20.605
2025-10-12T04:10:00Z,1.524357875,20.708
2025-10-12T04:20:00Z,1.526157875,20.774
2025-10-12T04:30:00Z,1.532257875,20.722
2025-10-12T04:40:00Z,1.531957875,20.734
2025-10-12T04:50:00Z,1.536057875,20.757
2025-10-12T05:00:00Z,1.540557875,20.655
2025-10-12T05:10:00Z,1.539757875,20.619
2025-10-12T05:20:00Z,1.542457875,20.605
2025-10-12T05:30:00Z,1.545757875,20.608
2025-10-12T05:40:00Z,1.544957875,20.572
2025-10-12T05:50:00Z,1.534730144,20.528
2025-10-12T06:00:00Z,1.532630144,20.553
2025-10-12T06:10:00Z,1.530430144,20.543
2025-10-12T06:20:00Z,1.517502412,20.521
2025-10-12T06:30:00Z,1.521002412,20.509
2025-10-12T06:40:00Z,1.520402412,20.483
2025-10-12T06:50:00Z,1.521102412,20.425
2025-10-12T07:00:00Z,1.523402412,20.384
2025-10-12T07:10:00Z,1.538330144,20.408
2025-10-12T07:20:00Z,1.538030144,20.409
2025-10-12T07:30:00Z,1.530502412,20.394
2025-10-12T07:40:00Z,1.529602412,20.316
2025-10-12T07:50:00Z,1.531502412,20.345
2025-10-12T08:00:00Z,1.529702412,20.394
2025-10-12T08:10:00Z,1.531502412,20.475
2025-10-12T08:20:00Z,1.530702412,20.556
2025-10-12T08:30:00Z,1.527402412,20.529
2025-10-12T08:40:00Z,1.528102412,20.533
2025-10-12T08:50:00Z,1.530902412,20.553
2025-10-12T09:00:00Z,1.531802412,20.55
2025-10-12T09:10:00Z,1.533502412,20.63
2025-10-12T09:20:00Z,1.536102412,20.803
2025-10-12T09:30:00Z,1.530702412,20.885
2025-10-12T09:40:00Z,1.538002412,21.077
2025-10-12T09:50:00Z,1.530602412,21.226
2025-10-12T10:00:00Z,1.537702412,21.342
2025-10-12T10:10:00Z,1.541302412,21.43
2025-10-12T10:20:00Z,1.545402412,21.495
2025-10-12T10:30:00Z,1.558130144,21.616
2025-10-12T10:40:00Z,1.555930144,21.728
2025-10-12T10:50:00Z,1.562330144,21.847
2025-10-12T11:00:00Z,1.567957875,21.946
2025-10-12T11:10:00Z,1.563057875,21.985
2025-10-12T11:20:00Z,1.561757875,22.069
2025-10-12T11:30:00Z,1.561357875,22.153
2025-10-12T11:40:00Z,1.556357875,22.245
2025-10-12T11:50:00Z,1.555557875,22.303
2025-10-12T12:00:00Z,1.565585607,22.387
2025-10-12T12:10:00Z,1.562685607,22.447
2025-10-12T12:20:00Z,1.557585607,22.555
2025-10-12T12:30:00Z,1.564513339,22.694
2025-10-12T12:40:00Z,1.571841071,22.736
2025-10-12T12:50:00Z,1.566241071,22.786
2025-10-12T13:00:00Z,1.562241071,22.755
2025-10-12T13:10:00Z,1.571468803,22.755
2025-10-12T13:20:00Z,1.569368803,22.85
2025-10-12T13:30:00Z,1.579696535,22.927
2025-10-12T13:40:00Z,1.576196535,23.011
2025-10-12T13:50:00Z,1.584624267,23.093
2025-10-12T14:00:00Z,1.582724267,23.112
2025-10-12T14:10:00Z,1.579724267,23.148
2025-10-12T14:20:00Z,1.557024267,23.194
2025-10-12T14:30:00Z,1.560624267,23.27
2025-10-12T14:40:00Z,1.561324267,23.287
2025-10-12T14:50:00Z,1.569551999,23.27
2025-10-12T15:00:00Z,1.567851999,23.262
2025-10-12T15:10:00Z,1.564451999,23.246
2025-10-12T15:20:00Z,1.564351999,23.296
2025-10-12T15:30:00Z,1.561251999,23.328
2025-10-12T15:40:00Z,1.56647973,23.252
2025-10-12T15:50:00Z,1.55847973,23.136
2025-10-12T16:00:00Z,1.55457973,23.05
2025-10-12T16:10:00Z,1.54887973,22.923
2025-10-12T16:20:00Z,1.54157973,22.819
2025-10-12T16:30:00Z,1.549707462,22.722
2025-10-12T16:40:00Z,1.549807462,22.69
2025-10-12T16:50:00Z,1.546507462,22.65
2025-10-12T17:00:00Z,1.542707462,22.627
2025-10-12T17:10:00Z,1.552535194,22.62
2025-10-12T17:20:00Z,1.547135194,22.601
2025-10-12T17:30:00Z,1.532607462,22.579
2025-10-12T17:40:00Z,1.528907462,22.565
2025-10-12T17:50:00Z,1.538835194,22.562
2025-10-12T18:00:00Z,1.534035194,22.486
2025-10-12T18:10:00Z,1.527935194,22.383
2025-10-12T18:20:00Z,1.519535194,22.264
2025-10-12T18:30:00Z,1.528362926,22.237
2025-10-12T18:40:00Z,1.524262926,22.148
2025-10-12T18:50:00Z,1.522062926,22.119
2025-10-12T19:00:00Z,1.522162926,22.083
2025-10-12T19:10:00Z,1.521962926,22.065
2025-10-12T19:20:00Z,1.519562926,21.999
2025-10-12T19:30:00Z,1.521262926,21.904
2025-10-12T19:40:00Z,1.524062926,21.819
2025-10-12T19:50:00Z,1.527662926,21.849
2025-10-12T20:00:00Z,1.530062926,21.846
2025-10-12T20:10:00Z,1.538762926,21.927
2025-10-12T20:20:00Z,1.538862926,21.849
2025-10-12T20:30:00Z,1.540262926,21.781
2025-10-12T20:40:00Z,1.543862926,21.739
2025-10-12T20:50:00Z,1.547362926,21.752
2025-10-12T21:00:00Z,1.549062926,21.787
2025-10-12T21:10:00Z,1.536535194,21.71
2025-10-12T21:20:00Z,1.541135194,21.753
2025-10-12T21:30:00Z,1.543535194,21.791
2025-10-12T21:40:00Z,1.537635194,21.732
2025-10-12T21:50:00Z,1.527707462,21.753
2025-10-12T22:00:00Z,1.530207462,21.77
2025-10-12T22:10:00Z,1.533207462,21.745
2025-10-12T22:20:00Z,1.536807462,21.701
2025-10-12T22:30:00Z,1.538007462,21.664
2025-10-12T22:40:00Z,1.538707462,21.683
2025-10-12T22:50:00Z,1.539007462,21.689
2025-10-12T23:00:00Z,1.540807462,21.709
2025-10-12T23:10:00Z,1.52797973,21.729
2025-10-12T23:20:00Z,1.52927973,21.735
2025-10-12T23:30:00Z,1.52707973,21.673
2025-10-12T23:40:00Z,1.53047973,21.654
2025-10-12T23:50:00Z,1.53007973,21.508
2025-10-13T00:00:00Z,1.53257973,21.507
2025-10-13T00:10:00Z,1.53557973,21.54
2025-10-13T00:20:00Z,1.53817973,21.543
2025-10-13T00:30:00Z,1.54147973,21.571
2025-10-13T00:40:00Z,1.54627973,21.388
2025-10-13T00:50:00Z,1.55137973,21.446
2025-10-13T01:00:00Z,1.55067973,21.475
2025-10-13T01:10:00Z,1.55207973,21.393
2025-10-13T01:20:00Z,1.546851999,21.445
2025-10-13T01:30:00Z,1.550151999,21.341
2025-10-13T01:40:00Z,1.545924267,21.479
2025-10-13T01:50:00Z,1.540524267,21.414
2025-10-13T02:00:00Z,1.541524267,21.431
2025-10-13T02:10:00Z,1.544924267,21.503
2025-10-13T02:20:00Z,1.527496535,21.421
2025-10-13T02:30:00Z,1.526696535,21.262
2025-10-13T02:40:00Z,1.527396535,21.113
2025-10-13T02:50:00Z,1.527696535,21.055
2025-10-13T03:00:00Z,1.531696535,21.161
2025-10-13T03:10:00Z,1.544496535,21.346
2025-10-13T03:20:00Z,1.543896535,21.323
2025-10-13T03:30:00Z,1.531696535,21.156
2025-10-13T03:40:00Z,1.530796535,21.173
2025-10-13T03:50:00Z,1.532696535,21.191
2025-10-13T04:00:00Z,1.533196535,21.141
2025-10-13T04:10:00Z,1.536796535,21.144
2025-10-13T04:20:00Z,1.537296535,21.11
2025-10-13T04:30:00Z,1.539896535,21.077
2025-10-13T04:40:00Z,1.545896535,21.057
2025-10-13T04:50:00Z,1.547596535,21.043
2025-10-13T05:00:00Z,1.548996535,21.033
2025-10-13T05:10:00Z,1.542168803,21.106
2025-10-13T05:20:00Z,1.541568803,21.039
2025-10-13T05:30:00Z,1.544668803,20.921
2025-10-13T05:40:00Z,1.549968803,20.975
2025-10-13T05:50:00Z,1.540241071,20.985
2025-10-13T06:00:00Z,1.542441071,21.016
2025-10-13T06:10:00Z,1.539241071,20.981
2025-10-13T06:20:00Z,1.539441071,21.004
2025-10-13T06:30:00Z,1.547341071,21.082
2025-10-13T06:40:00Z,1.534913339,21.061
2025-10-13T06:50:00Z,1.535413339,21.006
2025-10-13T07:00:00Z,1.537413339,20.998
2025-10-13T07:10:00Z,1.547113339,21.126
2025-10-13T07:20:00Z,1.543413339,21.074
2025-10-13T07:30:00Z,1.544613339,20.961
2025-10-13T07:40:00Z,1.552213339,21.044
2025-10-13T07:50:00Z,1.551013339,21.033
2025-10-13T08:00:00Z,1.544785607,21.04
2025-10-13T08:10:00Z,1.548285607,21.082
2025-10-13T08:20:00Z,1.552485607,21.101
2025-10-13T08:30:00Z,1.552385607,21.041
2025-10-13T08:40:00Z,1.540657875,21.031
2025-10-13T08:50:00Z,1.541157875,20.977
2025-10-13T09:00:00Z,1.545457875,21.025
2025-10-13T09:10:00Z,1.535730144,21.071
2025-10-13T09:20:00Z,1.535630144,21.1
2025-10-13T09:30:00Z,1.539830144,21.171
2025-10-13T09:40:00Z,1.546430144,21.272
2025-10-13T09:50:00Z,1.563730144,21.47
2025-10-13T10:00:00Z,1.578930144,21.692
2025-10-13T10:10:00Z,1.582830144,21.753
2025-10-13T10:20:00Z,1.581730144,21.786
2025-10-13T10:30:00Z,1.580430144,21.808
2025-10-13T10:40:00Z,1.583030144,21.836
2025-10-13T10:50:00Z,1.582930144,21.929
2025-10-13T11:00:00Z,1.576502412,22.079
2025-10-13T11:10:00Z,1.577002412,22.169
2025-10-13T11:20:00Z,1.582230144,22.205
2025-10-13T11:30:00Z,1.580130144,22.185
2025-10-13T11:40:00Z,1.582130144,22.318
2025-10-13T11:50:00Z,1.580630144,22.265
2025-10-13T12:00:00Z,1.581530144,22.282
2025-10-13T12:10:00Z,1.582930144,22.271
2025-10-13T12:20:00Z,1.584157875,22.171
2025-10-13T12:30:00Z,1.575957875,22.095
2025-10-13T12:40:00Z,1.572457875,22.171
2025-10-13T12:50:00Z,1.568357875,22.149
2025-10-13T13:00:00Z,1.567057875,22.171
2025-10-13T13:10:00Z,1.564057875,22.192
2025-10-13T13:20:00Z,1.558957875,22.207
2025-10-13T13:30:00Z,1.569685607,22.219
2025-10-13T13:40:00Z,1.567885607,22.161
2025-10-13T13:50:00Z,1.577213339,22.164
2025-10-13T14:00:00Z,1.578113339,22.178
2025-10-13T14:10:00Z,1.577513339,22.191
2025-10-13T14:20:00Z,1.591941071,22.232
2025-10-13T14:30:00Z,1.595941071,22.321
2025-10-13T14:40:00Z,1.600141071,22.503
2025-10-13T14:50:00Z,1.597741071,22.536
2025-10-13T15:00:00Z,1.589241071,22.404
2025-10-13T15:10:00Z,1.586941071,22.34
2025-10-13T15:20:00Z,1.586341071,22.304
2025-10-13T15:30:00Z,1.587241071,22.269
2025-10-13T15:40:00Z,1.582841071,22.183
2025-10-13T15:50:00Z,1.577641071,22.098
2025-10-13T16:00:00Z,1.579341071,22.08
2025-10-13T16:10:00Z,1.578541071,22.084
2025-10-13T16:20:00Z,1.578341071,22.079
2025-10-13T16:30:00Z,1.581641071,22.058
2025-10-13T16:40:00Z,1.584841071,22.019
2025-10-13T16:50:00Z,1.577541071,22.012
2025-10-13T17:00:00Z,1.579241071,22.024
2025-10-13T17:10:00Z,1.577741071,21.984
2025-10-13T17:20:00Z,1.580141071,21.973
2025-10-13T17:30:00Z,1.582441071,21.965
2025-10-13T17:40:00Z,1.575413339,21.958
2025-10-13T17:50:00Z,1.585441071,21.924
2025-10-13T18:00:00Z,1.582041071,21.852
2025-10-13T18:10:00Z,1.572613339,21.831
2025-10-13T18:20:00Z,1.571613339,21.816
2025-10-13T18:30:00Z,1.569813339,21.805
2025-10-13T18:40:00Z,1.556285607,21.793
2025-10-13T18:50:00Z,1.557685607,21.775
2025-10-13T19:00:00Z,1.555385607,21.778
2025-10-13T19:10:00Z,1.543157875,21.801
2025-10-13T19:20:00Z,1.549057875,21.827
2025-10-13T19:30:00Z,1.547357875,21.835
2025-10-13T19:40:00Z,1.546757875,21.827
2025-10-13T19:50:00Z,1.544057875,21.814
2025-10-13T20:00:00Z,1.544657875,21.798
2025-10-13T20:10:00Z,1.547985607,21.722
2025-10-13T20:20:00Z,1.539757875,21.668
2025-10-13T20:30:00Z,1.543657875,21.622
2025-10-13T20:40:00Z,1.539257875,21.538
2025-10-13T20:50:00Z,1.538957875,21.513
2025-10-13T21:00:00Z,1.529130144,21.518
2025-10-13T21:10:00Z,1.541157875,21.523
2025-10-13T21:20:00Z,1.534830144,21.536
2025-10-13T21:30:00Z,1.532530144,21.446
2025-10-13T21:40:00Z,1.531030144,21.458
2025-10-13T21:50:00Z,1.541157875,21.439
2025-10-13T22:00:00Z,1.536757875,21.379
2025-10-13T22:10:00Z,1.536857875,21.364
2025-10-13T22:20:00Z,1.531730144,21.207
2025-10-13T22:30:00Z,1.533930144,21.221
2025-10-13T22:40:00Z,1.539730144,21.298
2025-10-13T22:50:00Z,1.544530144,21.301
2025-10-13T23:00:00Z,1.564757875,21.459
2025-10-13T23:10:00Z,1.597257875,21.878
2025-10-13T23:20:00Z,1.590430144,21.93
2025-10-13T23:30:00Z,1.589657875,21.651
2025-10-13T23:40:00Z,1.595857875,21.523
2025-10-13T23:50:00Z,1.617957875,21.503
2025-10-14T00:00:00Z,1.631285607,21.523
2025-10-14T00:10:00Z,1.615257875,21.494
2025-10-14T00:20:00Z,1.626485607,21.215
2025-10-14T00:30:00Z,1.630085607,21.111
2025-10-14T00:40:00Z,1.624585607,21.046
2025-10-14T00:50:00Z,1.623085607,20.984
2025-10-14T01:00:00Z,1.626485607,20.802
2025-10-14T01:10:00Z,1.625985607,20.651
2025-10-14T01:20:00Z,1.620585607,20.552
2025-10-14T01:30:00Z,1.613285607,20.497
2025-10-14T01:40:00Z,1.609585607,20.488
2025-10-14T01:50:00Z,1.611285607,20.512
2025-10-14T02:00:00Z,1.611285607,20.555
2025-10-14T02:10:00Z,1.610285607,20.618
2025-10-14T02:20:00Z,1.622113339,20.664
2025-10-14T02:30:00Z,1.631213339,20.841
2025-10-14T02:40:00Z,1.640513339,21.075
2025-10-14T02:50:00Z,1.630541071,20.779
2025-10-14T03:00:00Z,1.593713339,20.501
2025-10-14T03:10:00Z,1.613841071,20.659
2025-10-14T03:20:00Z,1.633341071,20.423
2025-10-14T03:30:00Z,1.701468803,20.741
2025-10-14T03:40:00Z,1.702268803,20.836
2025-10-14T03:50:00Z,1.707368803,20.807
2025-10-14T04:00:00Z,1.719296535,20.716
2025-10-14T04:10:00Z,1.729296535,20.399
2025-10-14T04:20:00Z,1.734768803,20.241
2025-10-14T04:30:00Z,1.731941071,20.524
2025-10-14T04:40:00Z,1.720541071,20.324
2025-10-14T04:50:00Z,1.727641071,20.431
2025-10-14T05:00:00Z,1.733441071,20.294
2025-10-14T05:10:00Z,1.739213339,20.236
2025-10-14T05:20:00Z,1.725513339,19.884
2025-10-14T05:30:00Z,1.767741071,20.036
2025-10-14T05:40:00Z,1.784441071,20.248
2025-10-14T05:50:00Z,1.770613339,20.199
2025-10-14T06:00:00Z,1.771585607,20.352
2025-10-14T06:10:00Z,1.772057875,20.47
2025-10-14T06:20:00Z,1.804013339,20.552
2025-10-14T06:30:00Z,1.792885607,20.572
2025-10-14T06:40:00Z,1.770657875,20.437
2025-10-14T06:50:00Z,1.777657875,20.505
2025-10-14T07:00:00Z,1.784657875,20.436
2025-10-14T07:10:00Z,1.770330144,20.457
2025-10-14T07:20:00Z,1.775502412,20.511
2025-10-14T07:30:00Z,1.786330144,20.539
2025-10-14T07:40:00Z,1.783730144,20.565
2025-10-14T07:50:00Z,1.781630144,20.615
2025-10-14T08:00:00Z,1.774502412,20.585
2025-10-14T08:10:00Z,1.779502412,20.601
2025-10-14T08:20:00Z,1.763246948,20.631
2025-10-14T08:30:00Z,1.773646948,20.712
2025-10-14T08:40:00Z,1.78567468,20.809
2025-10-14T08:50:00Z,1.78587468,20.895
2025-10-14T09:00:00Z,1.775246948,20.924
2025-10-14T09:10:00Z,1.775246948,20.946
2025-10-14T09:20:00Z,1.772419216,20.932
2025-10-14T09:30:00Z,1.761491484,20.914
2025-10-14T09:40:00Z,1.759891484,20.903
2025-10-14T09:50:00Z,1.760791484,20.903
2025-10-14T10:00:00Z,1.762391484,20.841
2025-10-14T10:10:00Z,1.764691484,20.908
2025-10-14T10:20:00Z,1.759863752,21.008
2025-10-14T10:30:00Z,1.763763752,21.128
2025-10-14T10:40:00Z,1.761263752,21.121
2025-10-14T10:50:00Z,1.763763752,21.181
2025-10-14T11:00:00Z,1.765263752,21.256
2025-10-14T11:10:00Z,1.777663752,21.427
2025-10-14T11:20:00Z,1.773036021,21.553
2025-10-14T11:30:00Z,1.777136021,21.602
2025-10-14T11:40:00Z,1.784436021,21.702
2025-10-14T11:50:00Z,1.789336021,21.765
2025-10-14T12:00:00Z,1.780908289,21.799
2025-10-14T12:10:00Z,1.785808289,21.871
2025-10-14T12:20:00Z,1.777308289,21.794
2025-10-14T12:30:00Z,1.778708289,21.83
2025-10-14T12:40:00Z,1.770580557,21.902
2025-10-14T12:50:00Z,1.768980557,21.894
2025-10-14T13:00:00Z,1.774380557,21.95
2025-10-14T13:10:00Z,1.771180557,21.919
2025-10-14T13:20:00Z,1.768780557,21.919
2025-10-14T13:30:00Z,1.775680557,21.966
2025-10-14T13:40:00Z,1.772980557,21.949
2025-10-14T13:50:00Z,1.776280557,21.981
2025-10-14T14:00:00Z,1.782080557,22.019
2025-10-14T14:10:00Z,1.787580557,22.059
2025-10-14T14:20:00Z,1.789480557,22.088
2025-10-14T14:30:00Z,1.777752825,22.086
2025-10-14T14:40:00Z,1.776352825,22.058
2025-10-14T14:50:00Z,1.770052825,21.997
2025-10-14T15:00:00Z,1.767852825,21.994
2025-10-14T15:10:00Z,1.760325093,21.973
2025-10-14T15:20:00Z,1.759925093,21.982
2025-10-14T15:30:00Z,1.761725093,21.997
2025-10-14T15:40:00Z,1.752525093,21.886
2025-10-14T15:50:00Z,1.740797361,21.893
2025-10-14T16:00:00Z,1.741997361,21.91
2025-10-14T16:10:00Z,1.746297361,21.93
2025-10-14T16:20:00Z,1.741897361,21.918
2025-10-14T16:30:00Z,1.741597361,21.923
2025-10-14T16:40:00Z,1.726169629,21.415
2025-10-14T16:50:00Z,1.728969629,21.307
2025-10-14T17:00:00Z,1.741169629,21.548
2025-10-14T17:10:00Z,1.749069629,21.653
2025-10-14T17:20:00Z,1.756069629,21.735
2025-10-14T17:30:00Z,1.755469629,21.757
2025-10-14T17:40:00Z,1.754269629,21.738
2025-10-14T17:50:00Z,1.746669629,21.612
2025-10-14T18:00:00Z,1.740241897,21.666
2025-10-14T18:10:00Z,1.739841897,21.611
2025-10-14T18:20:00Z,1.734214166,21.096
2025-10-14T18:30:00Z,1.755141897,20.904
2025-10-14T18:40:00Z,1.747314166,20.991
2025-10-14T18:50:00Z,1.752414166,21.06
2025-10-14T19:00:00Z,1.765586434,21.406
2025-10-14T19:10:00Z,1.759886434,21.357
2025-10-14T19:20:00Z,1.748158702,21.388
2025-10-14T19:30:00Z,1.733258702,21.174
2025-10-14T19:40:00Z,1.72173097,21.125
2025-10-14T19:50:00Z,1.72813097,21.254
2025-10-14T20:00:00Z,1.72663097,21.236
2025-10-14T20:10:00Z,1.71933097,21.101
2025-10-14T20:20:00Z,1.72293097,20.235
2025-10-14T20:30:00Z,1.74833097,19.994
2025-10-14T20:40:00Z,1.719003238,19.882
2025-10-14T20:50:00Z,1.721503238,19.938
2025-10-14T21:00:00Z,1.726903238,20.029
2025-10-14T21:10:00Z,1.724403238,19.989
2025-10-14T21:20:00Z,1.731075506,20.34
2025-10-14T21:30:00Z,1.733875506,20.413
2025-10-14T21:40:00Z,1.732575506,20.41
2025-10-14T21:50:00Z,1.720447774,20.403
2025-10-14T22:00:00Z,1.725047774,20.483
2025-10-14T22:10:00Z,1.736747774,20.704
2025-10-14T22:20:00Z,1.746947774,20.804
2025-10-14T22:30:00Z,1.742047774,20.756
2025-10-14T22:40:00Z,1.739047774,20.683
2025-10-14T22:50:00Z,1.736447774,20.723
2025-10-14T23:00:00Z,1.733847774,20.666
2025-10-14T23:10:00Z,1.698747774,19.5
2025-10-14T23:20:00Z,1.712120042,19.619
2025-10-14T23:30:00Z,1.693720042,18.578
2025-10-14T23:40:00Z,1.722720042,18.963
2025-10-14T23:50:00Z,1.752320042,19.851
2025-10-15T00:00:00Z,1.748220042,19.774
2025-10-15T00:10:00Z,1.743620042,19.742
2025-10-15T00:20:00Z,1.753820042,20.172
2025-10-15T00:30:00Z,1.751020042,20.16
2025-10-15T00:40:00Z,1.755020042,20.459
2025-10-15T00:50:00Z,1.761320042,20.702
2025-10-15T01:00:00Z,1.759220042,20.723
2025-10-15T01:10:00Z,1.750720042,20.375
2025-10-15T01:20:00Z,1.748320042,20.242
2025-10-15T01:30:00Z,1.750620042,20.433
2025-10-15T01:40:00Z,1.745420042,20.299
2025-10-15T01:50:00Z,1.722920042,19.607
2025-10-15T02:00:00Z,1.715720042,19.425
2025-10-15T02:10:00Z,1.710392311,19.65
2025-10-15T02:20:00Z,1.713892311,19.763
2025-10-15T02:30:00Z,1.695992311,19.428
2025-10-15T02:40:00Z,1.707792311,19.665
2025-10-15T02:50:00Z,1.663992311,19.182
2025-10-15T03:00:00Z,1.665092311,18.913
2025-10-15T03:10:00Z,1.672020042,18.445
2025-10-15T03:20:00Z,1.681120042,18.852
2025-10-15T03:30:00Z,1.678920042,18.621
2025-10-15T03:40:00Z,1.676720042,18.359
2025-10-15T03:50:00Z,1.681720042,17.256
2025-10-15T04:00:00Z,1.681120042,17.456
2025-10-15T04:10:00Z,1.686420042,17.23
2025-10-15T04:20:00Z,1.692320042,18.23
2025-10-15T04:30:00Z,1.693320042,18.144
2025-10-15T04:40:00Z,1.681992311,18.594
2025-10-15T04:50:00Z,1.697220042,18.731
2025-10-15T05:00:00Z,1.693492311,18.873
2025-10-15T05:10:00Z,1.697992311,18.842
2025-10-15T05:20:00Z,1.697392311,18.905
2025-10-15T05:30:00Z,1.691664579,19.776
2025-10-15T05:40:00Z,1.694464579,20.034
2025-10-15T05:50:00Z,1.693564579,19.996
2025-10-15T06:00:00Z,1.693064579,19.956
2025-10-15T06:10:00Z,1.679936847,19.906
2025-10-15T06:20:00Z,1.681536847,19.582
2025-10-15T06:30:00Z,1.684236847,19.656
2025-10-15T06:40:00Z,1.685036847,19.672
2025-10-15T06:50:00Z,1.683436847,19.354
2025-10-15T07:00:00Z,1.686436847,18.786
2025-10-15T07:10:00Z,1.685736847,18.897
2025-10-15T07:20:00Z,1.678109115,19.154
2025-10-15T07:30:00Z,1.681509115,19.655
2025-10-15T07:40:00Z,1.682109115,19.678
2025-10-15T07:50:00Z,1.681909115,19.582
2025-10-15T08:00:00Z,1.682909115,19.698
2025-10-15T08:10:00Z,1.683809115,19.799
2025-10-15T08:20:00Z,1.668181383,19.516
2025-10-15T08:30:00Z,1.670381383,19.187
2025-10-15T08:40:00Z,1.669081383,19.075
2025-10-15T08:50:00Z,1.667681383,18.749
2025-10-15T09:00:00Z,1.668081383,18.616
2025-10-15T09:10:00Z,1.667381383,18.566
2025-10-15T09:20:00Z,1.666181383,18.7
2025-10-15T09:30:00Z,1.663481383,18.558
2025-10-15T09:40:00Z,1.660981383,18.23
2025-10-15T09:50:00Z,1.665281383,19.002
2025-10-15T10:00:00Z,1.666581383,18.719
2025-10-15T10:10:00Z,1.663181383,18.444
2025-10-15T10:20:00Z,1.661381383,18.229
2025-10-15T10:30:00Z,1.668081383,18.388
2025-10-15T10:40:00Z,1.669081383,18.585
2025-10-15T10:50:00Z,1.667381383,18.714
2025-10-15T11:00:00Z,1.664581383,18.815
2025-10-15T11:10:00Z,1.688281383,19.298
2025-10-15T11:20:00Z,1.696081383,19.504
2025-10-15T11:30:00Z,1.693981383,19.459
2025-10-15T11:40:00Z,1.686281383,19.442
2025-10-15T11:50:00Z,1.704109115,19.578
2025-10-15T12:00:00Z,1.694909115,19.53
2025-10-15T12:10:00Z,1.692809115,19.615
2025-10-15T12:20:00Z,1.703336847,19.778
2025-10-15T12:30:00Z,1.700536847,19.808
2025-10-15T12:40:00Z,1.696036847,19.908
2025-10-15T12:50:00Z,1.703264579,20.031
2025-10-15T13:00:00Z,1.699064579,20.189
2025-10-15T13:10:00Z,1.696864579,20.327
2025-10-15T13:20:00Z,1.704692311,20.528
2025-10-15T13:30:00Z,1.673592311,20.667
2025-10-15T13:40:00Z,1.674220042,20.666
2025-10-15T13:50:00Z,1.674120042,20.74
2025-10-15T14:00:00Z,1.687747774,20.856
2025-10-15T14:10:00Z,1.683147774,20.969
2025-10-15T14:20:00Z,1.683247774,21.011
2025-10-15T14:30:00Z,1.691975506,20.911
2025-10-15T14:40:00Z,1.685775506,20.83
2025-10-15T14:50:00Z,1.691903238,20.833
2025-10-15T15:00:00Z,1.689803238,20.881
2025-10-15T15:10:00Z,1.691703238,20.909
2025-10-15T15:20:00Z,1.69863097,20.84
2025-10-15T15:30:00Z,1.70203097,20.902
2025-10-15T15:40:00Z,1.70033097,20.931
2025-10-15T15:50:00Z,1.70623097,21.111
2025-10-15T16:00:00Z,1.70063097,21.175
2025-10-15T16:10:00Z,1.70453097,21.173
2025-10-15T16:20:00Z,1.69673097,20.985
2025-10-15T16:30:00Z,1.68823097,20.865
2025-10-15T16:40:00Z,1.68863097,20.831
2025-10-15T16:50:00Z,1.68653097,20.749
2025-10-15T17:00:00Z,1.67853097,20.641
2025-10-15T17:10:00Z,1.67643097,20.633
2025-10-15T17:20:00Z,1.67593097,20.619
2025-10-15T17:30:00Z,1.66253097,20.389
2025-10-15T17:40:00Z,1.67013097,20.472
2025-10-15T17:50:00Z,1.66983097,20.479
2025-10-15T18:00:00Z,1.66093097,20.126
2025-10-15T18:10:00Z,1.66653097,20.05
2025-10-15T18:20:00Z,1.67653097,20.203
2025-10-15T18:30:00Z,1.68133097,20.385
2025-10-15T18:40:00Z,1.669603238,20.501
2025-10-15T18:50:00Z,1.674903238,20.781
2025-10-15T19:00:00Z,1.646703238,20.179
2025-10-15T19:10:00Z,1.636575506,19.975
2025-10-15T19:20:00Z,1.636375506,19.883
2025-10-15T19:30:00Z,1.638275506,19.815
2025-10-15T19:40:00Z,1.654803238,19.843
2025-10-15T19:50:00Z,1.659803238,19.867
2025-10-15T20:00:00Z,1.660403238,19.856
2025-10-15T20:10:00Z,1.664103238,19.859
2025-10-15T20:20:00Z,1.660503238,19.824
2025-10-15T20:30:00Z,1.664703238,19.816
2025-10-15T20:40:00Z,1.650575506,19.757
2025-10-15T20:50:00Z,1.650875506,19.752
2025-10-15T21:00:00Z,1.648675506,19.679
2025-10-15T21:10:00Z,1.648275506,19.624
2025-10-15T21:20:00Z,1.641147774,19.583
2025-10-15T21:30:00Z,1.642347774,19.621
2025-10-15T21:40:00Z,1.643247774,19.554
2025-10-15T21:50:00Z,1.642847774,19.515
2025-10-15T22:00:00Z,1.643147774,19.499
2025-10-15T22:10:00Z,1.643547774,19.45
2025-10-15T22:20:00Z,1.646847774,19.412
2025-10-15T22:30:00Z,1.648747774,19.343
2025-10-15T22:40:00Z,1.650147774,19.32
2025-10-15T22:50:00Z,1.639020042,19.301
2025-10-15T23:00:00Z,1.649847774,19.279
2025-10-15T23:10:00Z,1.637920042,19.275
2025-10-15T23:20:00Z,1.636020042,19.221
2025-10-15T23:30:00Z,1.637920042,19.254
2025-10-15T23:40:00Z,1.638620042,19.256
2025-10-15T23:50:00Z,1.639620042,19.251
2025-10-16T00:00:00Z,1.640220042,19.288
2025-10-16T00:10:00Z,1.639220042,19.295
2025-10-16T00:20:00Z,1.635920042,19.213
2025-10-16T00:30:00Z,1.639020042,19.257
2025-10-16T00:40:00Z,1.634920042,19.189
2025-10-16T00:50:00Z,1.635520042,19.238
2025-10-16T01:00:00Z,1.629220042,19.127
2025-10-16T01:10:00Z,1.625920042,19.038
2025-10-16T01:20:00Z,1.626020042,19.033
2025-10-16T01:30:00Z,1.630520042,19.127
2025-10-16T01:40:00Z,1.629920042,19.16
2025-10-16T01:50:00Z,1.614620042,18.924
2025-10-16T02:00:00Z,1.611820042,18.736
2025-10-16T02:10:00Z,1.618620042,18.806
2025-10-16T02:20:00Z,1.614220042,18.756
2025-10-16T02:30:00Z,1.608420042,18.652
2025-10-16T02:40:00Z,1.618447774,18.63
2025-10-16T02:50:00Z,1.612647774,18.731
2025-10-16T03:00:00Z,1.612847774,18.8
2025-10-16T03:10:00Z,1.613747774,18.703
2025-10-16T03:20:00Z,1.621975506,18.63
2025-10-16T03:30:00Z,1.616675506,18.724
2025-10-16T03:40:00Z,1.611775506,18.898
2025-10-16T03:50:00Z,1.617703238,18.918
2025-10-16T04:00:00Z,1.614303238,18.701
2025-10-16T04:10:00Z,1.611303238,18.934
2025-10-16T04:20:00Z,1.608303238,18.849
2025-10-16T04:30:00Z,1.605703238,18.898
2025-10-16T04:40:00Z,1.61753097,18.88
2025-10-16T04:50:00Z,1.61753097,18.855
2025-10-16T05:00:00Z,1.61983097,18.835
2025-10-16T05:10:00Z,1.631558702,18.822
2025-10-16T05:20:00Z,1.632758702,18.826
2025-10-16T05:30:00Z,1.636058702,18.784
2025-10-16T05:40:00Z,1.637558702,18.785
2025-10-16T05:50:00Z,1.639658702,18.75
2025-10-16T06:00:00Z,1.639858702,18.724
2025-10-16T06:10:00Z,1.640358702,18.733
2025-10-16T06:20:00Z,1.641158702,18.743
2025-10-16T06:30:00Z,1.63023097,18.701
2025-10-16T06:40:00Z,1.63153097,18.678
2025-10-16T06:50:00Z,1.63633097,18.679
2025-10-16T07:00:00Z,1.63813097,18.65
2025-10-16T07:10:00Z,1.64093097,18.659
2025-10-16T07:20:00Z,1.64003097,18.664
2025-10-16T07:30:00Z,1.63943097,18.643
2025-10-16T07:40:00Z,1.63743097,18.617
2025-10-16T07:50:00Z,1.626203238,18.631
2025-10-16T08:00:00Z,1.624503238,18.79
2025-10-16T08:10:00Z,1.623603238,18.809
2025-10-16T08:20:00Z,1.626303238,18.758
2025-10-16T08:30:00Z,1.626903238,18.815
2025-10-16T08:40:00Z,1.627703238,18.879
2025-10-16T08:50:00Z,1.628303238,18.708
2025-10-16T09:00:00Z,1.629503238,18.686
2025-10-16T09:10:00Z,1.629003238,18.75
2025-10-16T09:20:00Z,1.630903238,18.753
2025-10-16T09:30:00Z,1.629703238,18.834
2025-10-16T09:40:00Z,1.630503238,18.902
2025-10-16T09:50:00Z,1.640003238,19.069
2025-10-16T10:00:00Z,1.626403238,19.185
2025-10-16T10:10:00Z,1.623903238,19.269
2025-10-16T10:20:00Z,1.621003238,19.416
2025-10-16T10:30:00Z,1.617503238,19.623
2025-10-16T10:40:00Z,1.612103238,19.776
2025-10-16T10:50:00Z,1.608303238,20.567
2025-10-16T11:00:00Z,1.608103238,21.18
2025-10-16T11:10:00Z,1.607203238,20.847
2025-10-16T11:20:00Z,1.605603238,20.646
2025-10-16T11:30:00Z,1.61433097,20.611
2025-10-16T11:40:00Z,1.61113097,20.693
2025-10-16T11:50:00Z,1.60943097,20.761
2025-10-16T12:00:00Z,1.617158702,20.825
2025-10-16T12:10:00Z,1.612558702,21.058
2025-10-16T12:20:00Z,1.603758702,21.163
2025-10-16T12:30:00Z,1.601158702,21.283
2025-10-16T12:40:00Z,1.597958702,21.376
2025-10-16T12:50:00Z,1.605786434,21.45
2025-10-16T13:00:00Z,1.609286434,21.494
2025-10-16T13:10:00Z,1.611714166,21.58
2025-10-16T13:20:00Z,1.608514166,21.775
2025-10-16T13:30:00Z,1.602914166,21.781
2025-10-16T13:40:00Z,1.613441897,21.782
2025-10-16T13:50:00Z,1.608141897,21.864
2025-10-16T14:00:00Z,1.603241897,21.94
2025-10-16T14:10:00Z,1.599941897,22.035
2025-10-16T14:20:00Z,1.608669629,22.068
2025-10-16T14:30:00Z,1.603569629,22.11
2025-10-16T14:40:00Z,1.602069629,22.196
2025-10-16T14:50:00Z,1.599069629,22.245
2025-10-16T15:00:00Z,1.613097361,22.274
2025-10-16T15:10:00Z,1.609197361,22.272
2025-10-16T15:20:00Z,1.618925093,22.236
2025-10-16T15:30:00Z,1.617925093,22.191
2025-10-16T15:40:00Z,1.614025093,22.146
2025-10-16T15:50:00Z,1.613825093,22.137
2025-10-16T16:00:00Z,1.612125093,22.129
2025-10-16T16:10:00Z,1.611725093,22.119
2025-10-16T16:20:00Z,1.623152825,22.054
2025-10-16T16:30:00Z,1.620852825,22.01
2025-10-16T16:40:00Z,1.621052825,21.956
2025-10-16T16:50:00Z,1.618252825,21.904
2025-10-16T17:00:00Z,1.617552825,21.685
2025-10-16T17:10:00Z,1.620552825,21.614
2025-10-16T17:20:00Z,1.617852825,21.585
2025-10-16T17:30:00Z,1.618852825,21.557
2025-10-16T17:40:00Z,1.620552825,21.395
2025-10-16T17:50:00Z,1.619752825,21.195
2025-10-16T18:00:00Z,1.616352825,21.267
2025-10-16T18:10:00Z,1.618152825,21.252
2025-10-16T18:20:00Z,1.617852825,21.245
2025-10-16T18:30:00Z,1.622552825,20.981
2025-10-16T18:40:00Z,1.623652825,20.899
2025-10-16T18:50:00Z,1.626652825,20.998
2025-10-16T19:00:00Z,1.626052825,20.901
2025-10-16T19:10:00Z,1.628252825,20.827
2025-10-16T19:20:00Z,1.629652825,20.927
2025-10-16T19:30:00Z,1.622525093,20.982
2025-10-16T19:40:00Z,1.623325093,20.984
2025-10-16T19:50:00Z,1.624525093,20.948
2025-10-16T20:00:00Z,1.626025093,20.922
2025-10-16T20:10:00Z,1.628425093,20.726
2025-10-16T20:20:00Z,1.615597361,20.624
2025-10-16T20:30:00Z,1.621897361,20.723
2025-10-16T20:40:00Z,1.616997361,20.724
2025-10-16T20:50:00Z,1.612997361,20.807
2025-10-16T21:00:00Z,1.618897361,20.864
2025-10-16T21:10:00Z,1.618197361,20.886
2025-10-16T21:20:00Z,1.613297361,20.613
2025-10-16T21:30:00Z,1.597169629,20.553
2025-10-16T21:40:00Z,1.604569629,20.588
2025-10-16T21:50:00Z,1.617097361,20.631
2025-10-16T22:00:00Z,1.614897361,20.578
2025-10-16T22:10:00Z,1.607169629,20.484
2025-10-16T22:20:00Z,1.613597361,20.413
2025-10-16T22:30:00Z,1.611497361,20.457
2025-10-16T22:40:00Z,1.596369629,20.494
2025-10-16T22:50:00Z,1.592569629,20.288
2025-10-16T23:00:00Z,1.586769629,20.342
2025-10-16T23:10:00Z,1.593869629,20.453
2025-10-16T23:20:00Z,1.605197361,20.469
2025-10-16T23:30:00Z,1.606597361,20.496
2025-10-16T23:40:00Z,1.603397361,20.417
2025-10-16T23:50:00Z,1.600197361,20.456
2025-10-17T00:00:00Z,1.610125093,20.398
2025-10-17T00:10:00Z,1.604325093,20.345
2025-10-17T00:20:00Z,1.603025093,20.387
2025-10-17T00:30:00Z,1.596097361,20.315
2025-10-17T00:40:00Z,1.608825093,20.351
2025-10-17T00:50:00Z,1.607725093,20.339
2025-10-17T01:00:00Z,1.607625093,20.305
2025-10-17T01:10:00Z,1.611425093,20.285
2025-10-17T01:20:00Z,1.617325093,20.247
2025-10-17T01:30:00Z,1.621325093,20.223
2025-10-17T01:40:00Z,1.620625093,20.165
2025-10-17T01:50:00Z,1.623125093,20.162
2025-10-17T02:00:00Z,1.621125093,19.968
2025-10-17T02:10:00Z,1.601797361,19.924
2025-10-17T02:20:00Z,1.601997361,19.884
2025-10-17T02:30:00Z,1.597869629,19.841
2025-10-17T02:40:00Z,1.595069629,19.875
2025-10-17T02:50:00Z,1.594269629,19.864
2025-10-17T03:00:00Z,1.606197361,19.792
2025-10-17T03:10:00Z,1.609397361,19.873
2025-10-17T03:20:00Z,1.614597361,19.8
2025-10-17T03:30:00Z,1.617697361,19.82
2025-10-17T03:40:00Z,1.613397361,19.852
2025-10-17T03:50:00Z,1.608197361,19.847
2025-10-17T04:00:00Z,1.609397361,19.862
2025-10-17T04:10:00Z,1.612297361,19.896
2025-10-17T04:20:00Z,1.600569629,19.881
2025-10-17T04:30:00Z,1.603769629,19.944
2025-10-17T04:40:00Z,1.606569629,19.893
2025-10-17T04:50:00Z,1.610269629,19.906
2025-10-17T05:00:00Z,1.618969629,19.976
2025-10-17T05:10:00Z,1.627069629,19.898
2025-10-17T05:20:00Z,1.625069629,19.922
2025-10-17T05:30:00Z,1.628169629,19.906
2025-10-17T05:40:00Z,1.614241897,19.871
2025-10-17T05:50:00Z,1.616041897,19.845
2025-10-17T06:00:00Z,1.620441897,19.912
2025-10-17T06:10:00Z,1.607814166,19.916
2025-10-17T06:20:00Z,1.611414166,19.912
2025-10-17T06:30:00Z,1.610614166,19.903
2025-10-17T06:40:00Z,1.612514166,19.863
2025-10-17T06:50:00Z,1.613814166,19.974
2025-10-17T07:00:00Z,1.606086434,19.904
2025-10-17T07:10:00Z,1.604186434,19.86
2025-10-17T07:20:00Z,1.606386434,19.847
2025-10-17T07:30:00Z,1.610386434,19.805
2025-10-17T07:40:00Z,1.612786434,19.869
2025-10-17T07:50:00Z,1.618786434,19.873
2025-10-17T08:00:00Z,1.621686434,19.853
2025-10-17T08:10:00Z,1.621986434,19.93
2025-10-17T08:20:00Z,1.610158702,19.947
2025-10-17T08:30:00Z,1.610858702,19.993
2025-10-17T08:40:00Z,1.614458702,20.042
2025-10-17T08:50:00Z,1.60803097,20.026
2025-10-17T09:00:00Z,1.60523097,20.143
2025-10-17T09:10:00Z,1.60433097,20.163
2025-10-17T09:20:00Z,1.60413097,20.157
2025-10-17T09:30:00Z,1.60633097,20.259
2025-10-17T09:40:00Z,1.598303238,20.35
2025-10-17T09:50:00Z,1.596303238,20.487
2025-10-17T10:00:00Z,1.595103238,20.546
2025-10-17T10:10:00Z,1.598803238,20.698
2025-10-17T10:20:00Z,1.602403238,20.646
2025-10-17T10:30:00Z,1.604403238,20.715
2025-10-17T10:40:00Z,1.596503238,20.89
2025-10-17T10:50:00Z,1.593203238,20.956
2025-10-17T11:00:00Z,1.59913097,21.071
2025-10-17T11:10:00Z,1.583803238,21.162
2025-10-17T11:20:00Z,1.59483097,21.213
2025-10-17T11:30:00Z,1.59353097,21.322
2025-10-17T11:40:00Z,1.59063097,21.51
2025-10-17T11:50:00Z,1.58763097,21.639
2025-10-17T12:00:00Z,1.58163097,21.669
2025-10-17T12:10:00Z,1.57663097,21.76
2025-10-17T12:20:00Z,1.583458702,21.839
2025-10-17T12:30:00Z,1.578458702,21.934
2025-10-17T12:40:00Z,1.572458702,22.016
2025-10-17T12:50:00Z,1.567558702,22.087
2025-10-17T13:00:00Z,1.577386434,22.074
2025-10-17T13:10:00Z,1.576486434,22.15
2025-10-17T13:20:00Z,1.586214166,22.226
2025-10-17T13:30:00Z,1.580614166,22.243
2025-10-17T13:40:00Z,1.579714166,22.327
2025-10-17T13:50:00Z,1.594241897,22.374
2025-10-17T14:00:00Z,1.590641897,22.56
2025-10-17T14:10:00Z,1.583641897,22.59
2025-10-17T14:20:00Z,1.580141897,22.558
2025-10-17T14:30:00Z,1.598969629,22.637
2025-10-17T14:40:00Z,1.596169629,22.764
2025-10-17T14:50:00Z,1.597169629,22.811
2025-10-17T15:00:00Z,1.600069629,22.769
2025-10-17T15:10:00Z,1.606797361,22.718
2025-10-17T15:20:00Z,1.608097361,22.638
2025-10-17T15:30:00Z,1.608097361,22.653
2025-10-17T15:40:00Z,1.607197361,22.615
2025-10-17T15:50:00Z,1.603697361,22.618
2025-10-17T16:00:00Z,1.592869629,22.58
2025-10-17T16:10:00Z,1.603297361,22.551
2025-10-17T16:20:00Z,1.605097361,22.584
2025-10-17T16:30:00Z,1.605797361,22.576
2025-10-17T16:40:00Z,1.600597361,22.568
2025-10-17T16:50:00Z,1.600397361,22.517
2025-10-17T17:00:00Z,1.606397361,22.468
2025-10-17T17:10:00Z,1.591469629,22.429
2025-10-17T17:20:00Z,1.605397361,22.395
2025-10-17T17:30:00Z,1.589969629,22.342
2025-10-17T17:40:00Z,1.606897361,22.256
2025-10-17T17:50:00Z,1.603497361,22.184
2025-10-17T18:00:00Z,1.596269629,22.1
2025-10-17T18:10:00Z,1.597269629,21.687
2025-10-17T18:20:00Z,1.598369629,21.64
2025-10-17T18:30:00Z,1.599869629,21.648
2025-10-17T18:40:00Z,1.601769629,21.743
2025-10-17T18:50:00Z,1.605669629,21.793
2025-10-17T19:00:00Z,1.600069629,21.762
2025-10-17T19:10:00Z,1.603669629,21.759
2025-10-17T19:20:00Z,1.593341897,21.752
2025-10-17T19:30:00Z,1.606469629,21.671
2025-10-17T19:40:00Z,1.598341897,21.653
2025-10-17T19:50:00Z,1.598441897,21.618
2025-10-17T20:00:00Z,1.595541897,21.573
2025-10-17T20:10:00Z,1.599241897,21.522
2025-10-17T20:20:00Z,1.588714166,21.388
2025-10-17T20:30:00Z,1.600541897,21.387
2025-10-17T20:40:00Z,1.589614166,21.393
2025-10-17T20:50:00Z,1.590014166,21.376
2025-10-17T21:00:00Z,1.587614166,21.316
2025-10-17T21:10:00Z,1.592214166,21.285
2025-10-17T21:20:00Z,1.593014166,21.253
2025-10-17T21:30:00Z,1.594014166,21.191
2025-10-17T21:40:00Z,1.590914166,21.232
2025-10-17T21:50:00Z,1.591014166,21.176
2025-10-17T22:00:00Z,1.591614166,21.114
2025-10-17T22:10:00Z,1.591314166,21.086
2025-10-17T22:20:00Z,1.587814166,21.097
2025-10-17T22:30:00Z,1.593314166,21.019
2025-10-17T22:40:00Z,1.593314166,21.031
2025-10-17T22:50:00Z,1.589914166,20.964
2025-10-17T23:00:00Z,1.595314166,20.876
2025-10-17T23:10:00Z,1.594514166,20.946
2025-10-17T23:20:00Z,1.595214166,20.904
2025-10-17T23:30:00Z,1.600714166,20.852
2025-10-17T23:40:00Z,1.589686434,20.827
2025-10-17T23:50:00Z,1.586186434,20.811
2025-10-18T00:00:00Z,1.588086434,20.791
2025-10-18T00:10:00Z,1.591386434,20.743
2025-10-18T00:20:00Z,1.589986434,20.712
2025-10-18T00:30:00Z,1.595186434,20.634
2025-10-18T00:40:00Z,1.596486434,20.611
2025-10-18T00:50:00Z,1.595686434,20.588
2025-10-18T01:00:00Z,1.595086434,20.523
2025-10-18T01:10:00Z,1.587658702,20.527
2025-10-18T01:20:00Z,1.594386434,20.448
2025-10-18T01:30:00Z,1.585258702,20.439
2025-10-18T01:40:00Z,1.583758702,20.589
2025-10-18T01:50:00Z,1.581158702,20.763
2025-10-18T02:00:00Z,1.581658702,20.789
2025-10-18T02:10:00Z,1.583058702,20.568
2025-10-18T02:20:00Z,1.581958702,20.489
2025-10-18T02:30:00Z,1.584658702,20.406
2025-10-18T02:40:00Z,1.582058702,20.406
2025-10-18T02:50:00Z,1.583258702,20.318
2025-10-18T03:00:00Z,1.583958702,20.338
2025-10-18T03:10:00Z,1.584558702,20.362
2025-10-18T03:20:00Z,1.585058702,20.318
2025-10-18T03:30:00Z,1.583658702,20.408
2025-10-18T03:40:00Z,1.585258702,20.44
2025-10-18T03:50:00Z,1.584758702,20.431
2025-10-18T04:00:00Z,1.586458702,20.404
2025-10-18T04:10:00Z,1.589458702,20.356
2025-10-18T04:20:00Z,1.593058702,20.31
2025-10-18T04:30:00Z,1.595658702,20.328
2025-10-18T04:40:00Z,1.597858702,20.325
2025-10-18T04:50:00Z,1.598558702,20.313
2025-10-18T05:00:00Z,1.601058702,20.274
2025-10-18T05:10:00Z,1.603158702,20.277
2025-10-18T05:20:00Z,1.59763097,20.254
2025-10-18T05:30:00Z,1.59933097,20.259
2025-10-18T05:40:00Z,1.60443097,20.293
2025-10-18T05:50:00Z,1.592003238,20.178
2025-10-18T06:00:00Z,1.595503238,20.087
2025-10-18T06:10:00Z,1.595103238,20.097
2025-10-18T06:20:00Z,1.596903238,20.049
2025-10-18T06:30:00Z,1.589975506,20.018
2025-10-18T06:40:00Z,1.594175506,19.98
2025-10-18T06:50:00Z,1.598975506,19.803
2025-10-18T07:00:00Z,1.601575506,19.856
2025-10-18T07:10:00Z,1.606075506,19.877
2025-10-18T07:20:00Z,1.613375506,19.947
2025-10-18T07:30:00Z,1.606247774,20.005
2025-10-18T07:40:00Z,1.609247774,19.896
2025-10-18T07:50:00Z,1.600320042,19.987
2025-10-18T08:00:00Z,1.601820042,20.074
2025-10-18T08:10:00Z,1.604020042,20.164
2025-10-18T08:20:00Z,1.590592311,20.28
2025-10-18T08:30:00Z,1.595192311,20.364
2025-10-18T08:40:00Z,1.588664579,20.366
2025-10-18T08:50:00Z,1.591664579,20.388
2025-10-18T09:00:00Z,1.596364579,20.474
2025-10-18T09:10:00Z,1.596164579,20.519
2025-10-18T09:20:00Z,1.601764579,20.518
2025-10-18T09:30:00Z,1.604864579,20.689
2025-10-18T09:40:00Z,1.604364579,20.77
2025-10-18T09:50:00Z,1.594136847,20.892
2025-10-18T10:00:00Z,1.591836847,20.998
2025-10-18T10:10:00Z,1.591036847,21.038
2025-10-18T10:20:00Z,1.581809115,21.084
2025-10-18T10:30:00Z,1.578509115,21.155
2025-10-18T10:40:00Z,1.574809115,21.211
2025-10-18T10:50:00Z,1.573909115,21.282
2025-10-18T11:00:00Z,1.573609115,21.37
2025-10-18T11:10:00Z,1.572209115,21.407
2025-10-18T11:20:00Z,1.569309115,21.448
2025-10-18T11:30:00Z,1.567009115,21.447
2025-10-18T11:40:00Z,1.574036847,21.465
2025-10-18T11:50:00Z,1.570236847,21.497
2025-10-18T12:00:00Z,1.568136847,21.54
2025-10-18T12:10:00Z,1.565036847,21.639
2025-10-18T12:20:00Z,1.561136847,21.748
2025-10-18T12:30:00Z,1.572264579,21.841
2025-10-18T12:40:00Z,1.570364579,21.888
2025-10-18T12:50:00Z,1.566664579,21.929
2025-10-18T13:00:00Z,1.563064579,22.019
2025-10-18T13:10:00Z,1.573592311,22.125
2025-10-18T13:20:00Z,1.571292311,22.179
2025-10-18T13:30:00Z,1.568392311,22.28
2025-10-18T13:40:00Z,1.566092311,22.342
2025-10-18T13:50:00Z,1.575720042,22.381
2025-10-18T14:00:00Z,1.575520042,22.449
2025-10-18T14:10:00Z,1.573020042,22.48
2025-10-18T14:20:00Z,1.575420042,22.557
2025-10-18T14:30:00Z,1.587147774,22.639
2025-10-18T14:40:00Z,1.586847774,22.71
2025-10-18T14:50:00Z,1.585147774,22.802
2025-10-18T15:00:00Z,1.584847774,22.852
2025-10-18T15:10:00Z,1.581447774,22.908
2025-10-18T15:20:00Z,1.580747774,22.94
2025-10-18T15:30:00Z,1.578147774,22.948
2025-10-18T15:40:00Z,1.575647774,22.942
2025-10-18T15:50:00Z,1.576047774,22.839
2025-10-18T16:00:00Z,1.574047774,22.801
2025-10-18T16:10:00Z,1.587675506,22.793
2025-10-18T16:20:00Z,1.588275506,22.766
2025-10-18T16:30:00Z,1.587175506,22.766
2025-10-18T16:40:00Z,1.584475506,22.773
2025-10-18T16:50:00Z,1.585475506,22.556
2025-10-18T17:00:00Z,1.585275506,22.489
2025-10-18T17:10:00Z,1.581275506,22.553
2025-10-18T17:20:00Z,1.585875506,22.56
2025-10-18T17:30:00Z,1.585975506,22.546
2025-10-18T17:40:00Z,1.588675506,22.519
2025-10-18T17:50:00Z,1.596075506,22.477
2025-10-18T18:00:00Z,1.599875506,22.35
2025-10-18T18:10:00Z,1.605275506,22.174
2025-10-18T18:20:00Z,1.604375506,22.169
2025-10-18T18:30:00Z,1.608275506,22.121
2025-10-18T18:40:00Z,1.610375506,22.102
2025-10-18T18:50:00Z,1.595947774,22.037
2025-10-18T19:00:00Z,1.598047774,22.052
2025-10-18T19:10:00Z,1.589720042,22.037
2025-10-18T19:20:00Z,1.589420042,21.977
2025-10-18T19:30:00Z,1.592420042,21.931
2025-10-18T19:40:00Z,1.591020042,21.908
2025-10-18T19:50:00Z,1.593220042,21.843
2025-10-18T20:00:00Z,1.598620042,21.807
2025-10-18T20:10:00Z,1.593492311,21.766
2025-10-18T20:20:00Z,1.590792311,21.714
2025-10-18T20:30:00Z,1.593692311,21.636
2025-10-18T20:40:00Z,1.593192311,21.597
2025-10-18T20:50:00Z,1.598492311,21.554
2025-10-18T21:00:00Z,1.596692311,21.54
2025-10-18T21:10:00Z,1.580964579,21.504
2025-10-18T21:20:00Z,1.581564579,21.479
2025-10-18T21:30:00Z,1.578964579,21.444
2025-10-18T21:40:00Z,1.579164579,21.38
2025-10-18T21:50:00Z,1.579064579,21.355
2025-10-18T22:00:00Z,1.574964579,21.371
2025-10-18T22:10:00Z,1.578864579,21.344
2025-10-18T22:20:00Z,1.578164579,21.267
2025-10-18T22:30:00Z,1.578464579,21.304
2025-10-18T22:40:00Z,1.578064579,21.277
2025-10-18T22:50:00Z,1.579264579,21.274
2025-10-18T23:00:00Z,1.578964579,21.264
2025-10-18T23:10:00Z,1.574364579,21.235
2025-10-18T23:20:00Z,1.576864579,21.175
2025-10-18T23:30:00Z,1.572664579,21.155
2025-10-18T23:40:00Z,1.570264579,21.11
2025-10-18T23:50:00Z,1.568164579,21.075
2025-10-19T00:00:00Z,1.564964579,21.049
2025-10-19T00:10:00Z,1.578992311,21.018
2025-10-19T00:20:00Z,1.579092311,20.994
2025-10-19T00:30:00Z,1.580292311,20.967
2025-10-19T00:40:00Z,1.580592311,20.958
2025-10-19T00:50:00Z,1.585092311,20.917
2025-10-19T01:00:00Z,1.584992311,20.9
2025-10-19T01:10:00Z,1.582692311,20.818
2025-10-19T01:20:00Z,1.576992311,20.685
2025-10-19T01:30:00Z,1.580392311,20.671
2025-10-19T01:40:00Z,1.576392311,20.68
2025-10-19T01:50:00Z,1.574192311,20.743
2025-10-19T02:00:00Z,1.570292311,20.701
2025-10-19T02:10:00Z,1.573792311,20.581
2025-10-19T02:20:00Z,1.572892311,20.642
2025-10-19T02:30:00Z,1.573492311,20.724
2025-10-19T02:40:00Z,1.569292311,20.741
2025-10-19T02:50:00Z,1.579620042,20.677
2025-10-19T03:00:00Z,1.577620042,20.591
2025-10-19T03:10:00Z,1.577720042,20.58
2025-10-19T03:20:00Z,1.574920042,20.569
2025-10-19T03:30:00Z,1.572320042,20.523
2025-10-19T03:40:00Z,1.573720042,20.577
2025-10-19T03:50:00Z,1.578320042,20.539
2025-10-19T04:00:00Z,1.577620042,20.51
2025-10-19T04:10:00Z,1.584320042,20.533
2025-10-19T04:20:00Z,1.588220042,20.491
2025-10-19T04:30:00Z,1.589120042,20.575
2025-10-19T04:40:00Z,1.588220042,20.582
2025-10-19T04:50:00Z,1.596520042,20.56
2025-10-19T05:00:00Z,1.595320042,20.215
2025-10-19T05:10:00Z,1.594120042,20.299
2025-10-19T05:20:00Z,1.596020042,20.34
2025-10-19T05:30:00Z,1.586492311,20.486
2025-10-19T05:40:00Z,1.588192311,20.427
2025-10-19T05:50:00Z,1.592792311,20.329
2025-10-19T06:00:00Z,1.596992311,20.268
2025-10-19T06:10:00Z,1.598892311,20.217
2025-10-19T06:20:00Z,1.604092311,20.211
2025-10-19T06:30:00Z,1.604792311,20.232
2025-10-19T06:40:00Z,1.596964579,20.284
2025-10-19T06:50:00Z,1.599364579,20.274
2025-10-19T07:00:00Z,1.602464579,20.299
2025-10-19T07:10:00Z,1.594336847,20.322
2025-10-19T07:20:00Z,1.599336847,20.327
2025-10-19T07:30:00Z,1.600636847,20.253
2025-10-19T07:40:00Z,1.607436847,20.179
2025-10-19T07:50:00Z,1.594809115,20.074
2025-10-19T08:00:00Z,1.603509115,20.216
2025-10-19T08:10:00Z,1.606009115,20.288
2025-10-19T08:20:00Z,1.591781383,20.317
2025-10-19T08:30:00Z,1.600081383,20.432
2025-10-19T08:40:00Z,1.598881383,20.321
2025-10-19T08:50:00Z,1.601881383,20.447
2025-10-19T09:00:00Z,1.597353651,20.55
2025-10-19T09:10:00Z,1.599553651,20.415
2025-10-19T09:20:00Z,1.597253651,20.418
2025-10-19T09:30:00Z,1.583225919,20.531
2025-10-19T09:40:00Z,1.581325919,20.756
2025-10-19T09:50:00Z,1.581125919,20.792
2025-10-19T10:00:00Z,1.579325919,21.016
2025-10-19T10:10:00Z,1.578425919,21.185
2025-10-19T10:20:00Z,1.574725919,21.283
2025-10-19T10:30:00Z,1.575925919,21.351
2025-10-19T10:40:00Z,1.574225919,21.394
2025-10-19T10:50:00Z,1.577325919,21.415
2025-10-19T11:00:00Z,1.573325919,21.44
2025-10-19T11:10:00Z,1.579853651,21.47
2025-10-19T11:20:00Z,1.574053651,21.54
2025-10-19T11:30:00Z,1.573053651,21.67
2025-10-19T11:40:00Z,1.565553651,21.743
2025-10-19T11:50:00Z,1.560853651,21.82
2025-10-19T12:00:00Z,1.558853651,21.959
2025-10-19T12:10:00Z,1.566981383,22.109
2025-10-19T12:20:00Z,1.563081383,22.252
2025-10-19T12:30:00Z,1.559981383,22.362
2025-10-19T12:40:00Z,1.568209115,22.431
2025-10-19T12:50:00Z,1.566609115,22.481
2025-10-19T13:00:00Z,1.576936847,22.547
2025-10-19T13:10:00Z,1.573136847,22.628
2025-10-19T13:20:00Z,1.569736847,22.754
2025-10-19T13:30:00Z,1.581164579,22.749
2025-10-19T13:40:00Z,1.575064579,22.776
2025-10-19T13:50:00Z,1.577764579,22.797
2025-10-19T14:00:00Z,1.580564579,22.691
2025-10-19T14:10:00Z,1.579664579,22.881
2025-10-19T14:20:00Z,1.583592311,22.935
2025-10-19T14:30:00Z,1.584992311,22.906
2025-10-19T14:40:00Z,1.584492311,22.959
2025-10-19T14:50:00Z,1.581292311,22.923
2025-10-19T15:00:00Z,1.577992311,22.943
2025-10-19T15:10:00Z,1.576392311,22.913
2025-10-19T15:20:00Z,1.575292311,22.887
2025-10-19T15:30:00Z,1.574392311,22.894
2025-10-19T15:40:00Z,1.572892311,22.935
2025-10-19T15:50:00Z,1.582120042,22.954
2025-10-19T16:00:00Z,1.580320042,22.903
2025-10-19T16:10:00Z,1.577620042,22.944
2025-10-19T16:20:00Z,1.580720042,22.972
2025-10-19T16:30:00Z,1.577720042,22.882
2025-10-19T16:40:00Z,1.575920042,22.801
2025-10-19T16:50:00Z,1.580647774,22.761
2025-10-19T17:00:00Z,1.579447774,22.721
2025-10-19T17:10:00Z,1.579047774,22.707
2025-10-19T17:20:00Z,1.582747774,22.701
2025-10-19T17:30:00Z,1.586247774,22.676
2025-10-19T17:40:00Z,1.585947774,22.638
2025-10-19T17:50:00Z,1.584447774,22.546
2025-10-19T18:00:00Z,1.586447774,22.358
2025-10-19T18:10:00Z,1.591147774,22.312
2025-10-19T18:20:00Z,1.593347774,22.277
2025-10-19T18:30:00Z,1.597647774,22.239
2025-10-19T18:40:00Z,1.597147774,22.182
2025-10-19T18:50:00Z,1.601047774,22.093
2025-10-19T19:00:00Z,1.600147774,22.171
2025-10-19T19:10:00Z,1.594220042,22.174
2025-10-19T19:20:00Z,1.596420042,22.118
2025-10-19T19:30:00Z,1.597420042,22.092
2025-10-19T19:40:00Z,1.601420042,22.016
2025-10-19T19:50:00Z,1.598820042,21.974
2025-10-19T20:00:00Z,1.585592311,21.932
2025-10-19T20:10:00Z,1.586792311,21.877
2025-10-19T20:20:00Z,1.587992311,21.839
2025-10-19T20:30:00Z,1.589192311,21.786
2025-10-19T20:40:00Z,1.577464579,21.76
2025-10-19T20:50:00Z,1.593692311,21.695
2025-10-19T21:00:00Z,1.594392311,21.692
2025-10-19T21:10:00Z,1.597092311,21.614
2025-10-19T21:20:00Z,1.597392311,21.552
2025-10-19T21:30:00Z,1.589264579,21.569
2025-10-19T21:40:00Z,1.592764579,21.529
2025-10-19T21:50:00Z,1.593264579,21.508
2025-10-19T22:00:00Z,1.592664579,21.481
2025-10-19T22:10:00Z,1.593364579,21.429
2025-10-19T22:20:00Z,1.591064579,21.423
2025-10-19T22:30:00Z,1.579636847,21.375
2025-10-19T22:40:00Z,1.581136847,21.336
2025-10-19T22:50:00Z,1.581336847,21.35
2025-10-19T23:00:00Z,1.577436847,21.361
2025-10-19T23:10:00Z,1.575436847,21.343
2025-10-19T23:20:00Z,1.575536847,21.184
2025-10-19T23:30:00Z,1.575036847,21.251
2025-10-19T23:40:00Z,1.572336847,21.317
2025-10-19T23:50:00Z,1.568136847,21.343
2025-10-20T00:00:00Z,1.565736847,21.335
2025-10-20T00:10:00Z,1.577364579,21.237
2025-10-20T00:20:00Z,1.574964579,21.223
2025-10-20T00:30:00Z,1.578664579,21.124
2025-10-20T00:40:00Z,1.580564579,21.097
2025-10-20T00:50:00Z,1.581664579,21.09
2025-10-20T01:00:00Z,1.595492311,21.039
2025-10-20T01:10:00Z,1.583364579,21.18
2025-10-20T01:20:00Z,1.595592311,21.225
2025-10-20T01:30:00Z,1.582064579,21.19
2025-10-20T01:40:00Z,1.581364579,21.197
2025-10-20T01:50:00Z,1.579964579,21.201
2025-10-20T02:00:00Z,1.575064579,21.26
2025-10-20T02:10:00Z,1.571464579,21.204
2025-10-20T02:20:00Z,1.570664579,21.156
2025-10-20T02:30:00Z,1.573264579,21.161
2025-10-20T02:40:00Z,1.570864579,21.209
2025-10-20T02:50:00Z,1.575064579,21.224
2025-10-20T03:00:00Z,1.586992311,21.219
2025-10-20T03:10:00Z,1.586192311,21.137
2025-10-20T03:20:00Z,1.588592311,21.156
2025-10-20T03:30:00Z,1.588692311,21.228
2025-10-20T03:40:00Z,1.589292311,21.309
2025-10-20T03:50:00Z,1.591392311,21.264
2025-10-20T04:00:00Z,1.581964579,21.212
2025-10-20T04:10:00Z,1.596492311,21.123
2025-10-20T04:20:00Z,1.599892311,21.082
2025-10-20T04:30:00Z,1.593564579,20.991
2025-10-20T04:40:00Z,1.596564579,20.926
2025-10-20T04:50:00Z,1.599264579,20.834
2025-10-20T05:00:00Z,1.606664579,20.824
2025-10-20T05:10:00Z,1.607464579,20.811
2025-10-20T05:20:00Z,1.595336847,20.791
2025-10-20T05:30:00Z,1.597636847,20.74
2025-10-20T05:40:00Z,1.600736847,20.779
2025-10-20T05:50:00Z,1.600236847,20.715
2025-10-20T06:00:00Z,1.590209115,20.695
2025-10-20T06:10:00Z,1.592809115,20.588
2025-10-20T06:20:00Z,1.592209115,20.632
2025-10-20T06:30:00Z,1.595609115,20.606
2025-10-20T06:40:00Z,1.595809115,20.593
2025-10-20T06:50:00Z,1.599509115,20.621
2025-10-20T07:00:00Z,1.598181383,20.554
2025-10-20T07:10:00Z,1.601881383,20.444
2025-10-20T07:20:00Z,1.606981383,20.475
2025-10-20T07:30:00Z,1.611081383,20.49
2025-10-20T07:40:00Z,1.614081383,20.489
2025-10-20T07:50:00Z,1.616881383,20.333
2025-10-20T08:00:00Z,1.610653651,20.357
2025-10-20T08:10:00Z,1.611853651,20.462
2025-10-20T08:20:00Z,1.600925919,20.547
2025-10-20T08:30:00Z,1.605225919,20.501
2025-10-20T08:40:00Z,1.596698187,20.348
2025-10-20T08:50:00Z,1.599498187,20.484
2025-10-20T09:00:00Z,1.602898187,20.546
2025-10-20T09:10:00Z,1.602498187,20.437
2025-10-20T09:20:00Z,1.604098187,20.488
2025-10-20T09:30:00Z,1.590270456,20.598
2025-10-20T09:40:00Z,1.588170456,20.736
2025-10-20T09:50:00Z,1.589770456,20.763
2025-10-20T10:00:00Z,1.583970456,21.044
2025-10-20T10:10:00Z,1.580470456,21.273
2025-10-20T10:20:00Z,1.580970456,21.391
2025-10-20T10:30:00Z,1.577870456,21.48
2025-10-20T10:40:00Z,1.577270456,21.558
2025-10-20T10:50:00Z,1.574970456,21.644
2025-10-20T11:00:00Z,1.575470456,21.902
2025-10-20T11:10:00Z,1.585698187,21.855
2025-10-20T11:20:00Z,1.580898187,21.91
2025-10-20T11:30:00Z,1.580198187,21.953
2025-10-20T11:40:00Z,1.576898187,21.999
2025-10-20T11:50:00Z,1.581525919,22.063
2025-10-20T12:00:00Z,1.574125919,22.188
2025-10-20T12:10:00Z,1.568825919,22.36
2025-10-20T12:20:00Z,1.565925919,22.49
2025-10-20T12:30:00Z,1.560725919,22.557
2025-10-20T12:40:00Z,1.570053651,22.648
2025-10-20T12:50:00Z,1.566753651,22.716
2025-10-20T13:00:00Z,1.578581383,22.927
2025-10-20T13:10:00Z,1.576181383,23.024
2025-10-20T13:20:00Z,1.586109115,23.154
2025-10-20T13:30:00Z,1.584209115,23.154
2025-10-20T13:40:00Z,1.585609115,23.029
2025-10-20T13:50:00Z,1.596336847,22.741
2025-10-20T14:00:00Z,1.593336847,23.005
2025-10-20T14:10:00Z,1.592636847,22.876
2025-10-20T14:20:00Z,1.594836847,22.975
2025-10-20T14:30:00Z,1.592836847,23.011
2025-10-20T14:40:00Z,1.592136847,23.098
2025-10-20T14:50:00Z,1.591836847,23.122
2025-10-20T15:00:00Z,1.607964579,23.117
2025-10-20T15:10:00Z,1.601764579,23.153
2025-10-20T15:20:00Z,1.603364579,23.193
2025-10-20T15:30:00Z,1.605164579,23.233
2025-10-20T15:40:00Z,1.590136847,23.23
2025-10-20T15:50:00Z,1.585136847,23.218
2025-10-20T16:00:00Z,1.586836847,23.196
2025-10-20T16:10:00Z,1.589636847,23.166
2025-10-20T16:20:00Z,1.595764579,23.117
2025-10-20T16:30:00Z,1.603964579,23.068
2025-10-20T16:40:00Z,1.600964579,23.009
2025-10-20T16:50:00Z,1.603764579,22.898
2025-10-20T17:00:00Z,1.601264579,22.83
2025-10-20T17:10:00Z,1.605164579,22.814
2025-10-20T17:20:00Z,1.608364579,22.783
2025-10-20T17:30:00Z,1.603364579,22.562
2025-10-20T17:40:00Z,1.608364579,22.536
2025-10-20T17:50:00Z,1.608164579,22.415
2025-10-20T18:00:00Z,1.608764579,22.325
2025-10-20T18:10:00Z,1.599236847,22.31
2025-10-20T18:20:00Z,1.603436847,22.28
2025-10-20T18:30:00Z,1.602836847,22.151
2025-10-20T18:40:00Z,1.608936847,22.169
2025-10-20T18:50:00Z,1.609136847,22.131
2025-10-20T19:00:00Z,1.612536847,22.023
2025-10-20T19:10:00Z,1.620036847,21.945
2025-10-20T19:20:00Z,1.621136847,21.801
2025-10-20T19:30:00Z,1.609109115,21.793
2025-10-20T19:40:00Z,1.612909115,21.757
2025-10-20T19:50:00Z,1.613109115,21.816
2025-10-20T20:00:00Z,1.603881383,21.811
2025-10-20T20:10:00Z,1.601981383,21.745
2025-10-20T20:20:00Z,1.605481383,21.688
2025-10-20T20:30:00Z,1.604581383,21.67
2025-10-20T20:40:00Z,1.602581383,21.692
2025-10-20T20:50:00Z,1.603481383,21.624
2025-10-20T21:00:00Z,1.596353651,21.63
2025-10-20T21:10:00Z,1.598053651,21.578
2025-10-20T21:20:00Z,1.600153651,21.629
2025-10-20T21:30:00Z,1.605553651,21.627
2025-10-20T21:40:00Z,1.605553651,21.587
2025-10-20T21:50:00Z,1.609553651,21.534
2025-10-20T22:00:00Z,1.612053651,21.543
2025-10-20T22:10:00Z,1.612153651,21.495
2025-10-20T22:20:00Z,1.616153651,21.511
2025-10-20T22:30:00Z,1.605125919,21.543
2025-10-20T22:40:00Z,1.603225919,21.498
2025-10-20T22:50:00Z,1.606125919,21.41
2025-10-20T23:00:00Z,1.598925919,21.4
2025-10-20T23:10:00Z,1.595925919,21.336
2025-10-20T23:20:00Z,1.594325919,21.356
2025-10-20T23:30:00Z,1.581798187,21.353
2025-10-20T23:40:00Z,1.580298187,21.289
2025-10-20T23:50:00Z,1.575398187,21.398
2025-10-21T00:00:00Z,1.586825919,21.579
2025-10-21T00:10:00Z,1.589825919,21.539
2025-10-21T00:20:00Z,1.591525919,21.345
2025-10-21T00:30:00Z,1.608753651,21.27
2025-10-21T00:40:00Z,1.597725919,21.177
2025-10-21T00:50:00Z,1.611153651,21.185
2025-10-21T01:00:00Z,1.615553651,21.109
2025-10-21T01:10:00Z,1.612953651,21.065
2025-10-21T01:20:00Z,1.610353651,21.084
2025-10-21T01:30:00Z,1.595525919,21.165
2025-10-21T01:40:00Z,1.593325919,21.197
2025-10-21T01:50:00Z,1.590925919,21.159
2025-10-21T02:00:00Z,1.576598187,21.186
2025-10-21T02:10:00Z,1.586825919,21.171
2025-10-21T02:20:00Z,1.586625919,21.162
2025-10-21T02:30:00Z,1.586725919,21.143
2025-10-21T02:40:00Z,1.594653651,21.105
2025-10-21T02:50:00Z,1.593053651,21.108
2025-10-21T03:00:00Z,1.592053651,21.067
2025-10-21T03:10:00Z,1.591053651,21.07
2025-10-21T03:20:00Z,1.588453651,21.059
2025-10-21T03:30:00Z,1.588753651,21.032
2025-10-21T03:40:00Z,1.590253651,20.992
2025-10-21T03:50:00Z,1.600581383,20.991
2025-10-21T04:00:00Z,1.599581383,21.002
2025-10-21T04:10:00Z,1.602281383,21.041
2025-10-21T04:20:00Z,1.603781383,20.833
2025-10-21T04:30:00Z,1.606781383,20.81
2025-10-21T04:40:00Z,1.608481383,20.741
2025-10-21T04:50:00Z,1.607981383,20.532
2025-10-21T05:00:00Z,1.608481383,20.525
2025-10-21T05:10:00Z,1.610581383,20.473
2025-10-21T05:20:00Z,1.608581383,20.457
2025-10-21T05:30:00Z,1.597453651,20.368
2025-10-21T05:40:00Z,1.594653651,20.287
2025-10-21T05:50:00Z,1.595953651,20.618
2025-10-21T06:00:00Z,1.595953651,20.491
2025-10-21T06:10:00Z,1.595453651,20.464
2025-10-21T06:20:00Z,1.596153651,20.472
2025-10-21T06:30:00Z,1.597253651,20.528
2025-10-21T06:40:00Z,1.608581383,20.484
2025-10-21T06:50:00Z,1.610781383,20.473
2025-10-21T07:00:00Z,1.613281383,20.725
2025-10-21T07:10:00Z,1.615481383,20.779
2025-10-21T07:20:00Z,1.608553651,20.789
2025-10-21T07:30:00Z,1.611253651,20.807
2025-10-21T07:40:00Z,1.613353651,20.764
2025-10-21T07:50:00Z,1.615253651,20.771
2025-10-21T08:00:00Z,1.616753651,20.828
2025-10-21T08:10:00Z,1.617553651,20.882
2025-10-21T08:20:00Z,1.610025919,20.77
2025-10-21T08:30:00Z,1.613525919,20.812
2025-10-21T08:40:00Z,1.619025919,20.823
2025-10-21T08:50:00Z,1.619625919,20.757
2025-10-21T09:00:00Z,1.620525919,20.704
2025-10-21T09:10:00Z,1.617625919,20.711
2025-10-21T09:20:00Z,1.604198187,20.79
2025-10-21T09:30:00Z,1.607098187,20.882
2025-10-21T09:40:00Z,1.604398187,20.962
2025-10-21T09:50:00Z,1.598670456,21.072
2025-10-21T10:00:00Z,1.604398187,21.206
2025-10-21T10:10:00Z,1.602298187,21.346
2025-10-21T10:20:00Z,1.601598187,21.444
2025-10-21T10:30:00Z,1.600698187,21.527
2025-10-21T10:40:00Z,1.602598187,21.597
2025-10-21T10:50:00Z,1.594098187,21.645
2025-10-21T11:00:00Z,1.595698187,21.708
2025-10-21T11:10:00Z,1.593498187,21.728
2025-10-21T11:20:00Z,1.597825919,21.775
2025-10-21T11:30:00Z,1.592525919,21.813
2025-10-21T11:40:00Z,1.596425919,21.707
2025-10-21T11:50:00Z,1.579725919,21.879
2025-10-21T12:00:00Z,1.572325919,21.812
2025-10-21T12:10:00Z,1.576753651,21.866
2025-10-21T12:20:00Z,1.586853651,22.018
2025-10-21T12:30:00Z,1.593681383,22.154
2025-10-21T12:40:00Z,1.582981383,22.173
2025-10-21T12:50:00Z,1.585709115,22.206
2025-10-21T13:00:00Z,1.579109115,22.291
2025-10-21T13:10:00Z,1.587836847,22.256
2025-10-21T13:20:00Z,1.595636847,22.293
2025-10-21T13:30:00Z,1.583136847,22.377
2025-10-21T13:40:00Z,1.580436847,22.419
2025-10-21T13:50:00Z,1.586564579,22.413
2025-10-21T14:00:00Z,1.584064579,22.4
2025-10-21T14:10:00Z,1.593892311,22.447
2025-10-21T14:20:00Z,1.599892311,22.6
2025-10-21T14:30:00Z,1.603720042,22.633
2025-10-21T14:40:00Z,1.595320042,22.73
2025-10-21T14:50:00Z,1.593220042,22.52
2025-10-21T15:00:00Z,1.603520042,22.651
2025-10-21T15:10:00Z,1.600847774,22.337
2025-10-21T15:20:00Z,1.600147774,22.457
2025-10-21T15:30:00Z,1.607547774,22.379
2025-10-21T15:40:00Z,1.607647774,22.478
2025-10-21T15:50:00Z,1.603947774,22.377
2025-10-21T16:00:00Z,1.598047774,22.237
2025-10-21T16:10:00Z,1.596147774,22.145
2025-10-21T16:20:00Z,1.588147774,22.015
2025-10-21T16:30:00Z,1.595647774,21.959
2025-10-21T16:40:00Z,1.597247774,21.919
2025-10-21T16:50:00Z,1.577047774,21.911
2025-10-21T17:00:00Z,1.605575506,21.737
2025-10-21T17:10:00Z,1.603075506,21.655
2025-10-21T17:20:00Z,1.609603238,21.482
2025-10-21T17:30:00Z,1.588075506,21.113
2025-10-21T17:40:00Z,1.608875506,21.294
2025-10-21T17:50:00Z,1.610203238,21.148
2025-10-21T18:00:00Z,1.606375506,21.139
2025-10-21T18:10:00Z,1.611575506,21.184
2025-10-21T18:20:00Z,1.617675506,21.158
2025-10-21T18:30:00Z,1.626603238,21.055
2025-10-21T18:40:00Z,1.605247774,21.045
2025-10-21T18:50:00Z,1.623875506,20.979
2025-10-21T19:00:00Z,1.633875506,21.017
2025-10-21T19:10:00Z,1.622747774,21.052
2025-10-21T19:20:00Z,1.617447774,21.04
2025-10-21T19:30:00Z,1.621847774,21.041
2025-10-21T19:40:00Z,1.610720042,21.135
2025-10-21T19:50:00Z,1.611820042,21.205
2025-10-21T20:00:00Z,1.605620042,21.249
2025-10-21T20:10:00Z,1.608820042,21.311
2025-10-21T20:20:00Z,1.607120042,21.306
2025-10-21T20:30:00Z,1.606320042,21.136
2025-10-21T20:40:00Z,1.606320042,21.02
2025-10-21T20:50:00Z,1.608820042,21.094
2025-10-21T21:00:00Z,1.605420042,21.078
2025-10-21T21:10:00Z,1.610820042,21.165
2025-10-21T21:20:00Z,1.614020042,21.165
2025-10-21T21:30:00Z,1.620420042,21.224
2025-10-21T21:40:00Z,1.619220042,21.084
2025-10-21T21:50:00Z,1.623320042,21.014
2025-10-21T22:00:00Z,1.624220042,20.948
2025-10-21T22:10:00Z,1.612092311,20.843
2025-10-21T22:20:00Z,1.609692311,20.803
2025-10-21T22:30:00Z,1.614792311,20.824
2025-10-21T22:40:00Z,1.612292311,20.757
2025-10-21T22:50:00Z,1.607392311,20.725
2025-10-21T23:00:00Z,1.606392311,20.781
2025-10-21T23:10:00Z,1.612992311,20.682
2025-10-21T23:20:00Z,1.611992311,20.664
2025-10-21T23:30:00Z,1.609792311,20.723
2025-10-21T23:40:00Z,1.611092311,20.713
2025-10-21T23:50:00Z,1.612992311,20.792
2025-10-22T00:00:00Z,1.609992311,20.787
2025-10-22T00:10:00Z,1.609392311,20.618
2025-10-22T00:20:00Z,1.607692311,20.484
2025-10-22T00:30:00Z,1.609792311,20.484
2025-10-22T00:40:00Z,1.598964579,20.499
2025-10-22T00:50:00Z,1.600464579,20.662
2025-10-22T01:00:00Z,1.611092311,20.728
2025-10-22T01:10:00Z,1.610892311,20.674
2025-10-22T01:20:00Z,1.611392311,20.618
2025-10-22T01:30:00Z,1.605292311,20.627
2025-10-22T01:40:00Z,1.605192311,20.581
2025-10-22T01:50:00Z,1.606292311,20.564
2025-10-22T02:00:00Z,1.605792311,20.577
2025-10-22T02:10:00Z,1.602492311,20.524
2025-10-22T02:20:00Z,1.596692311,20.501
2025-10-22T02:30:00Z,1.597492311,20.466
2025-10-22T02:40:00Z,1.587292311,20.54
2025-10-22T02:50:00Z,1.594192311,20.45
2025-10-22T03:00:00Z,1.599392311,20.368
2025-10-22T03:10:00Z,1.595392311,20.269
2025-10-22T03:20:00Z,1.615920042,20.266
2025-10-22T03:30:00Z,1.625020042,20.222
2025-10-22T03:40:00Z,1.645547774,20.226
2025-10-22T03:50:00Z,1.645547774,19.861
2025-10-22T04:00:00Z,1.635820042,19.882
2025-10-22T04:10:00Z,1.633120042,19.83
2025-10-22T04:20:00Z,1.618992311,19.899
2025-10-22T04:30:00Z,1.620192311,19.918
2025-10-22T04:40:00Z,1.604264579,19.663
2025-10-22T04:50:00Z,1.606464579,19.563
2025-10-22T05:00:00Z,1.615064579,19.602
2025-10-22T05:10:00Z,1.620264579,19.753
2025-10-22T05:20:00Z,1.627464579,19.807
2025-10-22T05:30:00Z,1.630264579,19.841
2025-10-22T05:40:00Z,1.631264579,20.007
2025-10-22T05:50:00Z,1.634864579,19.911
2025-10-22T06:00:00Z,1.622936847,19.917
2025-10-22T06:10:00Z,1.625836847,19.952
2025-10-22T06:20:00Z,1.620609115,19.921
2025-10-22T06:30:00Z,1.622009115,19.851
2025-10-22T06:40:00Z,1.629409115,19.865
2025-10-22T06:50:00Z,1.631809115,19.838
2025-10-22T07:00:00Z,1.625509115,19.801
2025-10-22T07:10:00Z,1.616681383,19.768
2025-10-22T07:20:00Z,1.619481383,19.695
2025-10-22T07:30:00Z,1.621781383,19.729
2025-10-22T07:40:00Z,1.619853651,19.833
2025-10-22T07:50:00Z,1.623653651,19.904
2025-10-22T08:00:00Z,1.624853651,19.927
2025-10-22T08:10:00Z,1.624453651,19.814
2025-10-22T08:20:00Z,1.624853651,19.712
2025-10-22T08:30:00Z,1.634053651,19.774
2025-10-22T08:40:00Z,1.602425919,19.668
2025-10-22T08:50:00Z,1.605525919,19.899
2025-10-22T09:00:00Z,1.608225919,19.916
2025-10-22T09:10:00Z,1.609425919,19.877
2025-10-22T09:20:00Z,1.609325919,19.852
2025-10-22T09:30:00Z,1.594098187,19.971
2025-10-22T09:40:00Z,1.593298187,20.158
2025-10-22T09:50:00Z,1.591198187,20.324
2025-10-22T10:00:00Z,1.594098187,20.465
2025-10-22T10:10:00Z,1.592798187,20.632
2025-10-22T10:20:00Z,1.587998187,20.769
2025-10-22T10:30:00Z,1.585298187,20.603
2025-10-22T10:40:00Z,1.586098187,20.421
2025-10-22T10:50:00Z,1.582698187,20.509
2025-10-22T11:00:00Z,1.579998187,20.826
2025-10-22T11:10:00Z,1.582198187,20.96
2025-10-22T11:20:00Z,1.592225919,21.043
2025-10-22T11:30:00Z,1.589825919,21.125
2025-10-22T11:40:00Z,1.581325919,21.295
2025-10-22T11:50:00Z,1.585825919,21.386
2025-10-22T12:00:00Z,1.592953651,21.454
2025-10-22T12:10:00Z,1.585653651,21.548
2025-10-22T12:20:00Z,1.580353651,21.651
2025-10-22T12:30:00Z,1.581053651,21.755
2025-10-22T12:40:00Z,1.583653651,21.914
2025-10-22T12:50:00Z,1.584581383,21.987
2025-10-22T13:00:00Z,1.569681383,22.059
2025-10-22T13:10:00Z,1.580181383,22.143
2025-10-22T13:20:00Z,1.580309115,22.102
2025-10-22T13:30:00Z,1.568009115,22.162
2025-10-22T13:40:00Z,1.568609115,22.135
2025-10-22T13:50:00Z,1.581736847,22.222
2025-10-22T14:00:00Z,1.590964579,22.264
2025-10-22T14:10:00Z,1.590264579,22.201
2025-10-22T14:20:00Z,1.603964579,22.253
2025-10-22T14:30:00Z,1.605292311,22.372
2025-10-22T14:40:00Z,1.572092311,22.255
2025-10-22T14:50:00Z,1.597492311,22.1
2025-10-22T15:00:00Z,1.605020042,22.045
2025-10-22T15:10:00Z,1.595720042,22.043
2025-10-22T15:20:00Z,1.601220042,22.053
2025-10-22T15:30:00Z,1.602820042,22.031
2025-10-22T15:40:00Z,1.585620042,21.896
2025-10-22T15:50:00Z,1.591247774,21.785
2025-10-22T16:00:00Z,1.601720042,21.805
2025-10-22T16:10:00Z,1.605847774,21.929
2025-10-22T16:20:00Z,1.602747774,21.845
2025-10-22T16:30:00Z,1.594647774,21.914
2025-10-22T16:40:00Z,1.611475506,21.484
2025-10-22T16:50:00Z,1.614175506,21.582
2025-10-22T17:00:00Z,1.612275506,21.562
2025-10-22T17:10:00Z,1.601147774,21.526
2025-10-22T17:20:00Z,1.610875506,21.425
2025-10-22T17:30:00Z,1.616775506,21.303
2025-10-22T17:40:00Z,1.615375506,21.268
2025-10-22T17:50:00Z,1.606047774,21.413
2025-10-22T18:00:00Z,1.605647774,21.331
2025-10-22T18:10:00Z,1.616447774,21.389
2025-10-22T18:20:00Z,1.613647774,21.131
2025-10-22T18:30:00Z,1.618047774,21.066
2025-10-22T18:40:00Z,1.618247774,21.094
2025-10-22T18:50:00Z,1.619547774,21.058
2025-10-22T19:00:00Z,1.619747774,20.867
2025-10-22T19:10:00Z,1.612320042,20.958
2025-10-22T19:20:00Z,1.608920042,21.148
2025-10-22T19:30:00Z,1.605220042,21.161
2025-10-22T19:40:00Z,1.610020042,21.169
2025-10-22T19:50:00Z,1.611420042,21.201
2025-10-22T20:00:00Z,1.606492311,21.078
2025-10-22T20:10:00Z,1.622620042,21.025
2025-10-22T20:20:00Z,1.607792311,21.055
2025-10-22T20:30:00Z,1.628020042,20.912
2025-10-22T20:40:00Z,1.622192311,20.908
2025-10-22T20:50:00Z,1.629492311,20.785
2025-10-22T21:00:00Z,1.633792311,20.754
2025-10-22T21:10:00Z,1.623264579,20.778
2025-10-22T21:20:00Z,1.634692311,20.763
2025-10-22T21:30:00Z,1.625764579,20.763
2025-10-22T21:40:00Z,1.616536847,20.704
2025-10-22T21:50:00Z,1.615636847,20.638
2025-10-22T22:00:00Z,1.601209115,20.645
2025-10-22T22:10:00Z,1.604709115,20.629
2025-10-22T22:20:00Z,1.603009115,20.521
2025-10-22T22:30:00Z,1.608009115,20.44
2025-10-22T22:40:00Z,1.606509115,20.467
2025-10-22T22:50:00Z,1.604809115,20.456
2025-10-22T23:00:00Z,1.604909115,20.558
2025-10-22T23:10:00Z,1.604309115,20.54
2025-10-22T23:20:00Z,1.604309115,20.587
2025-10-22T23:30:00Z,1.603809115,20.529
2025-10-22T23:40:00Z,1.605709115,20.501
2025-10-22T23:50:00Z,1.603909115,20.46
2025-10-23T00:00:00Z,1.603209115,20.458
2025-10-23T00:10:00Z,1.603709115,20.46
2025-10-23T00:20:00Z,1.602509115,20.469
2025-10-23T00:30:00Z,1.592909115,20.472
2025-10-23T00:40:00Z,1.581609115,20.449
2025-10-23T00:50:00Z,1.583409115,20.462
2025-10-23T01:00:00Z,1.578609115,20.463
2025-10-23T01:10:00Z,1.574709115,20.482
2025-10-23T01:20:00Z,1.576909115,20.496
2025-10-23T01:30:00Z,1.594236847,20.498
2025-10-23T01:40:00Z,1.605764579,20.473
2025-10-23T01:50:00Z,1.613764579,20.455
2025-10-23T02:00:00Z,1.614964579,20.255
2025-10-23T02:10:00Z,1.627892311,20.23
2025-10-23T02:20:00Z,1.613764579,20.315
2025-10-23T02:30:00Z,1.612264579,20.331
2025-10-23T02:40:00Z,1.616964579,20.153
2025-10-23T02:50:00Z,1.609736847,20.091
2025-10-23T03:00:00Z,1.611936847,20.125
2025-10-23T03:10:00Z,1.606536847,20.133
2025-10-23T03:20:00Z,1.608936847,20.202
2025-10-23T03:30:00Z,1.603236847,20.242
2025-10-23T03:40:00Z,1.603336847,20.184
2025-10-23T03:50:00Z,1.603236847,20.185
2025-10-23T04:00:00Z,1.599136847,20.13
2025-10-23T04:10:00Z,1.596336847,20.094
2025-10-23T04:20:00Z,1.598736847,20.071
2025-10-23T04:30:00Z,1.603436847,20.094
2025-10-23T04:40:00Z,1.606436847,19.999
2025-10-23T04:50:00Z,1.612036847,19.994
2025-10-23T05:00:00Z,1.606636847,19.964
2025-10-23T05:10:00Z,1.620764579,19.895
2025-10-23T05:20:00Z,1.617036847,19.822
2025-10-23T05:30:00Z,1.621236847,19.833
2025-10-23T05:40:00Z,1.606909115,19.763
2025-10-23T05:50:00Z,1.610609115,19.786
2025-10-23T06:00:00Z,1.612909115,19.775
2025-10-23T06:10:00Z,1.613409115,19.774
2025-10-23T06:20:00Z,1.618009115,19.776
2025-10-23T06:30:00Z,1.625309115,19.664
2025-10-23T06:40:00Z,1.622209115,19.599
2025-10-23T06:50:00Z,1.628009115,19.539
2025-10-23T07:00:00Z,1.622481383,19.551
2025-10-23T07:10:00Z,1.622581383,19.519
2025-10-23T07:20:00Z,1.626381383,19.479
2025-10-23T07:30:00Z,1.616853651,19.375
2025-10-23T07:40:00Z,1.623053651,19.359
2025-10-23T07:50:00Z,1.625653651,19.356
2025-10-23T08:00:00Z,1.630053651,19.413
2025-10-23T08:10:00Z,1.623125919,19.536
2025-10-23T08:20:00Z,1.626125919,19.455
2025-10-23T08:30:00Z,1.631225919,19.665
2025-10-23T08:40:00Z,1.618198187,19.719
2025-10-23T08:50:00Z,1.622398187,19.752
2025-10-23T09:00:00Z,1.622598187,19.817
2025-10-23T09:10:00Z,1.625698187,19.883
2025-10-23T09:20:00Z,1.613570456,19.953
2025-10-23T09:30:00Z,1.615670456,20.053
2025-10-23T09:40:00Z,1.612470456,20.135
2025-10-23T09:50:00Z,1.611870456,20.316
2025-10-23T10:00:00Z,1.598842724,20.458
2025-10-23T10:10:00Z,1.599442724,20.477
2025-10-23T10:20:00Z,1.599242724,20.478
2025-10-23T10:30:00Z,1.598342724,20.546
2025-10-23T10:40:00Z,1.600942724,20.637
2025-10-23T10:50:00Z,1.610970456,20.913
2025-10-23T11:00:00Z,1.608570456,21.058
2025-10-23T11:10:00Z,1.609870456,21.097
2025-10-23T11:20:00Z,1.606670456,21.135
2025-10-23T11:30:00Z,1.602570456,21.18
2025-10-23T11:40:00Z,1.595470456,21.171
2025-10-23T11:50:00Z,1.587070456,21.164
2025-10-23T12:00:00Z,1.583670456,21.204
2025-10-23T12:10:00Z,1.578370456,21.23
2025-10-23T12:20:00Z,1.575270456,21.315
2025-10-23T12:30:00Z,1.581798187,21.415
2025-10-23T12:40:00Z,1.580198187,21.467
2025-10-23T12:50:00Z,1.588825919,21.53
2025-10-23T13:00:00Z,1.597353651,21.573
2025-10-23T13:10:00Z,1.594453651,21.597
2025-10-23T13:20:00Z,1.593653651,21.632
2025-10-23T13:30:00Z,1.599381383,21.721
2025-10-23T13:40:00Z,1.592881383,21.793
2025-10-23T13:50:00Z,1.591381383,21.846
2025-10-23T14:00:00Z,1.589181383,21.909
2025-10-23T14:10:00Z,1.596709115,21.995
2025-10-23T14:20:00Z,1.599109115,22.11
2025-10-23T14:30:00Z,1.594309115,22.018
2025-10-23T14:40:00Z,1.600636847,22.063
2025-10-23T14:50:00Z,1.595936847,22.264
2025-10-23T15:00:00Z,1.594036847,22.324
2025-10-23T15:10:00Z,1.595336847,21.793
2025-10-23T15:20:00Z,1.591236847,21.784
2025-10-23T15:30:00Z,1.600764579,22.036
2025-10-23T15:40:00Z,1.596464579,22.106
2025-10-23T15:50:00Z,1.593864579,22.131
2025-10-23T16:00:00Z,1.602392311,22.108
2025-10-23T16:10:00Z,1.601092311,22.035
2025-10-23T16:20:00Z,1.596392311,21.925
2025-10-23T16:30:00Z,1.595792311,21.888
2025-10-23T16:40:00Z,1.588892311,21.704
2025-10-23T16:50:00Z,1.590292311,21.705
2025-10-23T17:00:00Z,1.598320042,21.644
2025-10-23T17:10:00Z,1.595920042,21.495
2025-10-23T17:20:00Z,1.594820042,21.077
2025-10-23T17:30:00Z,1.592920042,20.814
2025-10-23T17:40:00Z,1.608247774,20.815
2025-10-23T17:50:00Z,1.612547774,20.754
2025-10-23T18:00:00Z,1.611147774,20.77
2025-10-23T18:10:00Z,1.612747774,20.685
2025-10-23T18:20:00Z,1.611347774,20.762
2025-10-23T18:30:00Z,1.612947774,20.821
2025-10-23T18:40:00Z,1.615747774,20.872
2025-10-23T18:50:00Z,1.608847774,20.84
2025-10-23T19:00:00Z,1.614647774,20.78
2025-10-23T19:10:00Z,1.619247774,20.777
2025-10-23T19:20:00Z,1.606320042,20.701
2025-10-23T19:30:00Z,1.607620042,20.702
2025-10-23T19:40:00Z,1.618547774,20.729
2025-10-23T19:50:00Z,1.619047774,20.703
2025-10-23T20:00:00Z,1.620247774,20.733
2025-10-23T20:10:00Z,1.612020042,20.605
2025-10-23T20:20:00Z,1.622847774,20.449
2025-10-23T20:30:00Z,1.610020042,20.347
2025-10-23T20:40:00Z,1.609920042,20.214
2025-10-23T20:50:00Z,1.612120042,20.302
2025-10-23T21:00:00Z,1.612520042,20.382
2025-10-23T21:10:00Z,1.611620042,20.358
2025-10-23T21:20:00Z,1.612120042,20.434
2025-10-23T21:30:00Z,1.609520042,20.419
2025-10-23T21:40:00Z,1.605620042,20.448
2025-10-23T21:50:00Z,1.607820042,20.289
2025-10-23T22:00:00Z,1.615420042,20.313
2025-10-23T22:10:00Z,1.617820042,20.257
2025-10-23T22:20:00Z,1.603692311,20.277
2025-10-23T22:30:00Z,1.614520042,20.266
2025-10-23T22:40:00Z,1.616320042,20.278
2025-10-23T22:50:00Z,1.614120042,20.263
2025-10-23T23:00:00Z,1.596892311,20.269
2025-10-23T23:10:00Z,1.606920042,20.2
2025-10-23T23:20:00Z,1.592692311,20.237
2025-10-23T23:30:00Z,1.600720042,20.245
2025-10-23T23:40:00Z,1.589292311,20.442
2025-10-23T23:50:00Z,1.598720042,20.554
2025-10-24T00:00:00Z,1.596120042,20.481
2025-10-24T00:10:00Z,1.594820042,20.35
2025-10-24T00:20:00Z,1.599120042,20.207
2025-10-24T00:30:00Z,1.611447774,20.289
2025-10-24T00:40:00Z,1.612147774,20.244
2025-10-24T00:50:00Z,1.617347774,20.297
2025-10-24T01:00:00Z,1.619547774,20.244
2025-10-24T01:10:00Z,1.615347774,20.168
2025-10-24T01:20:00Z,1.617947774,20.023
2025-10-24T01:30:00Z,1.617047774,19.846
2025-10-24T01:40:00Z,1.615847774,19.513
2025-10-24T01:50:00Z,1.608520042,19.572
2025-10-24T02:00:00Z,1.607920042,19.552
2025-10-24T02:10:00Z,1.608020042,19.653
2025-10-24T02:20:00Z,1.603720042,19.697
2025-10-24T02:30:00Z,1.601820042,19.733
2025-10-24T02:40:00Z,1.602820042,19.943
2025-10-24T02:50:00Z,1.600920042,20.012
2025-10-24T03:00:00Z,1.599520042,20.008
2025-10-24T03:10:00Z,1.602320042,19.959
2025-10-24T03:20:00Z,1.601320042,19.949
2025-10-24T03:30:00Z,1.604720042,19.952
2025-10-24T03:40:00Z,1.616647774,19.915
2025-10-24T03:50:00Z,1.614947774,19.893
2025-10-24T04:00:00Z,1.618947774,19.789
2025-10-24T04:10:00Z,1.616947774,19.886
2025-10-24T04:20:00Z,1.621847774,19.81
2025-10-24T04:30:00Z,1.613020042,19.814
2025-10-24T04:40:00Z,1.617720042,19.774
2025-10-24T04:50:00Z,1.617220042,19.687
2025-10-24T05:00:00Z,1.620820042,19.603
2025-10-24T05:10:00Z,1.623820042,19.564
2025-10-24T05:20:00Z,1.622920042,19.53
2025-10-24T05:30:00Z,1.610792311,19.488
2025-10-24T05:40:00Z,1.609792311,19.46
2025-10-24T05:50:00Z,1.606192311,19.381
2025-10-24T06:00:00Z,1.607192311,19.473
2025-10-24T06:10:00Z,1.611592311,19.44
2025-10-24T06:20:00Z,1.610792311,19.359
2025-10-24T06:30:00Z,1.614092311,19.192
2025-10-24T06:40:00Z,1.619892311,19.2
2025-10-24T06:50:00Z,1.619292311,19.272
2025-10-24T07:00:00Z,1.624592311,19.309
2025-10-24T07:10:00Z,1.630992311,19.095
2025-10-24T07:20:00Z,1.636392311,19.225
2025-10-24T07:30:00Z,1.628864579,19.319
2025-10-24T07:40:00Z,1.630864579,19.227
2025-10-24T07:50:00Z,1.636064579,19.255
2025-10-24T08:00:00Z,1.640464579,19.096
2025-10-24T08:10:00Z,1.632136847,19.279
2025-10-24T08:20:00Z,1.634436847,19.401
2025-10-24T08:30:00Z,1.626609115,19.389
2025-10-24T08:40:00Z,1.627209115,19.415
2025-10-24T08:50:00Z,1.627109115,19.374
2025-10-24T09:00:00Z,1.627009115,19.185
2025-10-24T09:10:00Z,1.616581383,19.218
2025-10-24T09:20:00Z,1.616081383,19.35
2025-10-24T09:30:00Z,1.618181383,19.393
2025-10-24T09:40:00Z,1.619381383,19.533
2025-10-24T09:50:00Z,1.621081383,19.526
2025-10-24T10:00:00Z,1.624881383,19.865
2025-10-24T10:10:00Z,1.625781383,20.274
2025-10-24T10:20:00Z,1.625681383,20.385
2025-10-24T10:30:00Z,1.627481383,20.438
2025-10-24T10:40:00Z,1.625681383,20.492
2025-10-24T10:50:00Z,1.628081383,20.56
2025-10-24T11:00:00Z,1.627681383,20.594
2025-10-24T11:10:00Z,1.614053651,20.63
2025-10-24T11:20:00Z,1.608453651,20.675
2025-10-24T11:30:00Z,1.608753651,20.758
2025-10-24T11:40:00Z,1.603453651,20.847
2025-10-24T11:50:00Z,1.597653651,20.865
2025-10-24T12:00:00Z,1.597753651,20.89
2025-10-24T12:10:00Z,1.603381383,21.04
2025-10-24T12:20:00Z,1.597281383,21.045
2025-10-24T12:30:00Z,1.591281383,21.07
2025-10-24T12:40:00Z,1.599509115,21.029
2025-10-24T12:50:00Z,1.591709115,21.01
2025-10-24T13:00:00Z,1.597736847,21.046
2025-10-24T13:10:00Z,1.595736847,21.151
2025-10-24T13:20:00Z,1.587336847,21.204
2025-10-24T13:30:00Z,1.597664579,21.251
2025-10-24T13:40:00Z,1.609992311,21.328
2025-10-24T13:50:00Z,1.600292311,21.42
2025-10-24T14:00:00Z,1.597092311,21.597
2025-10-24T14:10:00Z,1.599220042,21.626
2025-10-24T14:20:00Z,1.599520042,21.632
2025-10-24T14:30:00Z,1.591820042,21.627
2025-10-24T14:40:00Z,1.600547774,21.609
2025-10-24T14:50:00Z,1.600247774,21.574
2025-10-24T15:00:00Z,1.602747774,21.789
2025-10-24T15:10:00Z,1.615975506,21.895
2025-10-24T15:20:00Z,1.616075506,21.915
2025-10-24T15:30:00Z,1.625503238,21.922
2025-10-24T15:40:00Z,1.626903238,21.911
2025-10-24T15:50:00Z,1.623103238,21.871
2025-10-24T16:00:00Z,1.620803238,21.866
2025-10-24T16:10:00Z,1.620903238,21.797
2025-10-24T16:20:00Z,1.615503238,21.726
2025-10-24T16:30:00Z,1.611603238,21.676
2025-10-24T16:40:00Z,1.607103238,21.645
2025-10-24T16:50:00Z,1.605903238,21.617
2025-10-24T17:00:00Z,1.606603238,21.592
2025-10-24T17:10:00Z,1.606103238,21.576
2025-10-24T17:20:00Z,1.61863097,21.563
2025-10-24T17:30:00Z,1.62133097,21.51
2025-10-24T17:40:00Z,1.62753097,21.451
2025-10-24T17:50:00Z,1.63113097,21.373
2025-10-24T18:00:00Z,1.62733097,21.336
2025-10-24T18:10:00Z,1.62393097,21.291
2025-10-24T18:20:00Z,1.62823097,21.229
2025-10-24T18:30:00Z,1.63503097,21.194
2025-10-24T18:40:00Z,1.623003238,21.126
2025-10-24T18:50:00Z,1.625603238,21.008
2025-10-24T19:00:00Z,1.631903238,21.01
2025-10-24T19:10:00Z,1.64383097,20.947
2025-10-24T19:20:00Z,1.63713097,20.915
2025-10-24T19:30:00Z,1.627703238,20.79
2025-10-24T19:40:00Z,1.628003238,20.764
2025-10-24T19:50:00Z,1.622803238,20.765
2025-10-24T20:00:00Z,1.629403238,20.782
2025-10-24T20:10:00Z,1.632903238,20.787
2025-10-24T20:20:00Z,1.633803238,20.781
2025-10-24T20:30:00Z,1.635603238,20.825
2025-10-24T20:40:00Z,1.636603238,20.772
2025-10-24T20:50:00Z,1.635403238,20.743
2025-10-24T21:00:00Z,1.625875506,20.735
2025-10-24T21:10:00Z,1.627575506,20.845
2025-10-24T21:20:00Z,1.631075506,20.817
2025-10-24T21:30:00Z,1.633475506,20.836
2025-10-24T21:40:00Z,1.636475506,20.805
2025-10-24T21:50:00Z,1.631375506,20.846
2025-10-24T22:00:00Z,1.630675506,20.837
2025-10-24T22:10:00Z,1.633975506,20.859
2025-10-24T22:20:00Z,1.622847774,20.861
2025-10-24T22:30:00Z,1.623247774,20.862
2025-10-24T22:40:00Z,1.617947774,20.794
2025-10-24T22:50:00Z,1.615547774,20.726
2025-10-24T23:00:00Z,1.610747774,20.659
2025-10-24T23:10:00Z,1.611047774,20.569
2025-10-24T23:20:00Z,1.606047774,20.526
2025-10-24T23:30:00Z,1.610447774,20.491
2025-10-24T23:40:00Z,1.606347774,20.554
2025-10-24T23:50:00Z,1.619275506,20.534
2025-10-25T00:00:00Z,1.628175506,20.514
2025-10-25T00:10:00Z,1.641875506,20.535
2025-10-25T00:20:00Z,1.638675506,20.518
2025-10-25T00:30:00Z,1.646375506,20.438
2025-10-25T00:40:00Z,1.644075506,20.422
2025-10-25T00:50:00Z,1.643875506,20.438
2025-10-25T01:00:00Z,1.653775506,20.524
2025-10-25T01:10:00Z,1.645247774,20.536
2025-10-25T01:20:00Z,1.647047774,20.512
2025-10-25T01:30:00Z,1.629920042,20.523
2025-10-25T01:40:00Z,1.645247774,20.498
2025-10-25T01:50:00Z,1.633820042,20.466
2025-10-25T02:00:00Z,1.633720042,20.47
2025-10-25T02:10:00Z,1.633920042,20.453
2025-10-25T02:20:00Z,1.613892311,20.475
2025-10-25T02:30:00Z,1.622220042,20.455
2025-10-25T02:40:00Z,1.618620042,20.468
2025-10-25T02:50:00Z,1.607892311,20.456
2025-10-25T03:00:00Z,1.605792311,20.459
2025-10-25T03:10:00Z,1.609992311,20.436
2025-10-25T03:20:00Z,1.628120042,20.389
2025-10-25T03:30:00Z,1.627220042,20.398
2025-10-25T03:40:00Z,1.641647774,20.409
2025-10-25T03:50:00Z,1.650947774,20.475
2025-10-25T04:00:00Z,1.650647774,20.439
2025-10-25T04:10:00Z,1.648147774,20.449
2025-10-25T04:20:00Z,1.636420042,20.483
2025-10-25T04:30:00Z,1.640920042,20.392
2025-10-25T04:40:00Z,1.649220042,20.378
2025-10-25T04:50:00Z,1.634992311,20.491
2025-10-25T05:00:00Z,1.642092311,20.501
2025-10-25T05:10:00Z,1.646992311,20.477
2025-10-25T05:20:00Z,1.663420042,20.315
2025-10-25T05:30:00Z,1.654392311,20.329
2025-10-25T05:40:00Z,1.645464579,20.338
2025-10-25T05:50:00Z,1.647564579,20.199
2025-10-25T06:00:00Z,1.645764579,20.267
2025-10-25T06:10:00Z,1.633236847,20.228
2025-10-25T06:20:00Z,1.636536847,20.346
2025-10-25T06:30:00Z,1.642136847,20.355
2025-10-25T06:40:00Z,1.645336847,20.353
2025-10-25T06:50:00Z,1.631309115,20.346
2025-10-25T07:00:00Z,1.654836847,20.357
2025-10-25T07:10:00Z,1.656836847,20.37
2025-10-25T07:20:00Z,1.661736847,20.372
2025-10-25T07:30:00Z,1.650609115,20.363
2025-10-25T07:40:00Z,1.651209115,20.381
2025-10-25T07:50:00Z,1.660909115,20.385
2025-10-25T08:00:00Z,1.652781383,20.39
2025-10-25T08:10:00Z,1.655581383,20.392
2025-10-25T08:20:00Z,1.645653651,20.414
2025-10-25T08:30:00Z,1.648253651,20.424
2025-10-25T08:40:00Z,1.648953651,20.425
2025-10-25T08:50:00Z,1.641125919,20.443
2025-10-25T09:00:00Z,1.635825919,20.436
2025-10-25T09:10:00Z,1.633625919,20.45
2025-10-25T09:20:00Z,1.633325919,20.435
2025-10-25T09:30:00Z,1.636325919,20.435
2025-10-25T09:40:00Z,1.629798187,20.42
2025-10-25T09:50:00Z,1.629498187,20.408
2025-10-25T10:00:00Z,1.645325919,20.407
2025-10-25T10:10:00Z,1.635125919,20.394
2025-10-25T10:20:00Z,1.633225919,20.412
2025-10-25T10:30:00Z,1.628325919,20.454
2025-10-25T10:40:00Z,1.613998187,20.553
2025-10-25T10:50:00Z,1.626325919,20.575
2025-10-25T11:00:00Z,1.607798187,20.605
2025-10-25T11:10:00Z,1.621825919,20.635
2025-10-25T11:20:00Z,1.621325919,20.695
2025-10-25T11:30:00Z,1.632353651,20.739
2025-10-25T11:40:00Z,1.626953651,20.81
2025-10-25T11:50:00Z,1.616753651,20.866
2025-10-25T12:00:00Z,1.623081383,20.901
2025-10-25T12:10:00Z,1.599153651,20.964
2025-10-25T12:20:00Z,1.611481383,21.046
2025-10-25T12:30:00Z,1.595353651,21.048
2025-10-25T12:40:00Z,1.611581383,21.087
2025-10-25T12:50:00Z,1.623609115,21.113
2025-10-25T13:00:00Z,1.618509115,21.173
2025-10-25T13:10:00Z,1.632936847,21.201
2025-10-25T13:20:00Z,1.628736847,21.227
2025-10-25T13:30:00Z,1.620336847,21.257
2025-10-25T13:40:00Z,1.626436847,21.274
2025-10-25T13:50:00Z,1.624336847,21.267
2025-10-25T14:00:00Z,1.619136847,21.274
2025-10-25T14:10:00Z,1.615936847,21.276
2025-10-25T14:20:00Z,1.620264579,21.298
2025-10-25T14:30:00Z,1.622064579,21.327
2025-10-25T14:40:00Z,NA,21.358
2025-10-25T14:50:00Z,1.623864579,21.392
2025-10-25T15:00:00Z,1.622064579,21.429
2025-10-25T15:10:00Z,1.632092311,21.457
2025-10-25T15:20:00Z,1.632792311,21.482
2025-10-25T15:30:00Z,1.631692311,21.483
2025-10-25T15:40:00Z,1.625992311,21.489
2025-10-25T15:50:00Z,1.623792311,21.499
2025-10-25T16:00:00Z,1.623892311,21.434
2025-10-25T16:10:00Z,1.633120042,21.361
2025-10-25T16:20:00Z,1.633820042,21.348
2025-10-25T16:30:00Z,1.632020042,21.324
2025-10-25T16:40:00Z,1.632720042,21.311
2025-10-25T16:50:00Z,1.630320042,21.297
2025-10-25T17:00:00Z,1.630920042,21.281
2025-10-25T17:10:00Z,1.636147774,21.249
2025-10-25T17:20:00Z,1.624020042,21.219
2025-10-25T17:30:00Z,1.625320042,21.187
2025-10-25T17:40:00Z,1.630720042,21.123
2025-10-25T17:50:00Z,1.628820042,21.097
2025-10-25T18:00:00Z,1.645347774,21.057
2025-10-25T18:10:00Z,NA,21.045
2025-10-25T18:20:00Z,1.650547774,21.012
2025-10-25T18:30:00Z,1.654547774,20.964
2025-10-25T18:40:00Z,1.641920042,20.913
2025-10-25T18:50:00Z,1.631520042,20.836
2025-10-25T19:00:00Z,NA,20.677
2025-10-25T19:10:00Z,1.632420042,20.602
2025-10-25T19:20:00Z,NA,20.628
2025-10-25T19:30:00Z,1.628792311,20.642
2025-10-25T19:40:00Z,1.640320042,20.616
2025-10-25T19:50:00Z,1.645220042,20.588
2025-10-25T20:00:00Z,1.653347774,20.519
2025-10-25T20:10:00Z,1.640120042,20.437
2025-10-25T20:20:00Z,1.654647774,20.403
2025-10-25T20:30:00Z,1.640820042,20.324
2025-10-25T20:40:00Z,1.632392311,20.228
2025-10-25T20:50:00Z,1.633192311,20.366
2025-10-25T21:00:00Z,1.634492311,20.462
2025-10-25T21:10:00Z,NA,20.466
2025-10-25T21:20:00Z,1.642692311,20.455
2025-10-25T21:30:00Z,1.650520042,20.491
2025-10-25T21:40:00Z,1.637392311,20.504
2025-10-25T21:50:00Z,1.647392311,20.518
2025-10-25T22:00:00Z,1.649892311,20.382
2025-10-25T22:10:00Z,1.652292311,20.101
2025-10-25T22:20:00Z,1.647364579,20.205
2025-10-25T22:30:00Z,1.660892311,20.113
2025-10-25T22:40:00Z,1.656992311,20.12
2025-10-25T22:50:00Z,1.646964579,20.153
2025-10-25T23:00:00Z,1.644664579,20.237
2025-10-25T23:10:00Z,1.644064579,20.253
2025-10-25T23:20:00Z,1.631036847,20.248
2025-10-25T23:30:00Z,1.635036847,20.028
2025-10-25T23:40:00Z,1.628936847,20.016
2025-10-25T23:50:00Z,1.631436847,20.112
2025-10-26T00:00:00Z,1.627536847,20.271
2025-10-26T00:10:00Z,1.635464579,20.362
2025-10-26T00:20:00Z,1.633764579,20.368
2025-10-26T00:30:00Z,1.624036847,20.264
2025-10-26T00:40:00Z,1.634064579,20.277
2025-10-26T00:50:00Z,1.638464579,20.236
2025-10-26T01:00:00Z,1.637364579,20.231
2025-10-26T01:10:00Z,1.634964579,20.236
2025-10-26T01:20:00Z,1.633564579,20.182
2025-10-26T01:30:00Z,1.626764579,20.178
2025-10-26T01:40:00Z,1.629064579,20.186
2025-10-26T01:50:00Z,1.627464579,20.188
2025-10-26T02:00:00Z,1.630164579,20.201
2025-10-26T02:10:00Z,1.629264579,20.197
2025-10-26T02:20:00Z,NA,20.171
2025-10-26T02:30:00Z,1.628192311,20.163
2025-10-26T02:40:00Z,1.626792311,20.119
2025-10-26T02:50:00Z,1.623292311,20.049
2025-10-26T03:00:00Z,1.624292311,19.964
2025-10-26T03:10:00Z,1.630892311,19.848
2025-10-26T03:20:00Z,1.632192311,19.773
2025-10-26T03:30:00Z,1.641520042,19.771
2025-10-26T03:40:00Z,1.638120042,19.824
2025-10-26T03:50:00Z,1.638920042,19.766
2025-10-26T04:00:00Z,1.637720042,19.767
2025-10-26T04:10:00Z,1.635520042,19.689
2025-10-26T04:20:00Z,1.635220042,19.644
2025-10-26T04:30:00Z,1.639120042,19.672
2025-10-26T04:40:00Z,1.638220042,19.577
2025-10-26T04:50:00Z,1.635820042,19.577
2025-10-26T05:00:00Z,1.643320042,19.654
2025-10-26T05:10:00Z,1.648720042,19.643
2025-10-26T05:20:00Z,1.653120042,19.643
2025-10-26T05:30:00Z,1.662720042,19.686
2025-10-26T05:40:00Z,1.660720042,19.714
2025-10-26T05:50:00Z,1.656720042,19.768
2025-10-26T06:00:00Z,1.653520042,19.783
2025-10-26T06:10:00Z,1.648992311,19.775
2025-10-26T06:20:00Z,1.650092311,19.757
2025-10-26T06:30:00Z,1.642864579,19.701
2025-10-26T06:40:00Z,1.647064579,19.652
2025-10-26T06:50:00Z,1.659492311,19.595
2025-10-26T07:00:00Z,1.667392311,19.588
2025-10-26T07:10:00Z,1.659164579,19.593
2025-10-26T07:20:00Z,1.661064579,19.59
2025-10-26T07:30:00Z,1.662464579,19.599
2025-10-26T07:40:00Z,1.659336847,19.609
2025-10-26T07:50:00Z,1.661936847,19.618
2025-10-26T08:00:00Z,1.667136847,19.62
2025-10-26T08:10:00Z,1.664309115,19.65
2025-10-26T08:20:00Z,1.665909115,19.668
2025-10-26T08:30:00Z,1.669509115,19.671
2025-10-26T08:40:00Z,1.672809115,19.693
2025-10-26T08:50:00Z,1.664981383,19.712
2025-10-26T09:00:00Z,1.666181383,19.804
2025-10-26T09:10:00Z,1.651853651,19.866
2025-10-26T09:20:00Z,1.651153651,19.903
2025-10-26T09:30:00Z,1.648653651,19.942
2025-10-26T09:40:00Z,1.638825919,19.919
2025-10-26T09:50:00Z,1.639025919,19.917
2025-10-26T10:00:00Z,1.636225919,19.912
2025-10-26T10:10:00Z,1.634525919,19.903
2025-10-26T10:20:00Z,1.635625919,19.914
2025-10-26T10:30:00Z,1.633225919,19.968
2025-10-26T10:40:00Z,1.633025919,19.979
2025-10-26T10:50:00Z,1.629725919,19.993
2025-10-26T11:00:00Z,1.639353651,20.027
2025-10-26T11:10:00Z,1.635553651,20.109
2025-10-26T11:20:00Z,1.635553651,20.204
2025-10-26T11:30:00Z,1.636253651,20.244
2025-10-26T11:40:00Z,1.631853651,20.286
2025-10-26T11:50:00Z,1.624253651,20.364
2025-10-26T12:00:00Z,1.635881383,20.447
2025-10-26T12:10:00Z,1.633181383,20.559
2025-10-26T12:20:00Z,1.631781383,20.588
2025-10-26T12:30:00Z,1.629681383,20.643
2025-10-26T12:40:00Z,1.625281383,20.664
2025-10-26T12:50:00Z,1.633509115,20.714
2025-10-26T13:00:00Z,1.627909115,20.791
2025-10-26T13:10:00Z,1.621109115,20.87
2025-10-26T13:20:00Z,1.618909115,20.917
2025-10-26T13:30:00Z,1.625836847,20.933
2025-10-26T13:40:00Z,1.621136847,21.007
2025-10-26T13:50:00Z,1.622036847,21.02
2025-10-26T14:00:00Z,1.631564579,21.027
2025-10-26T14:10:00Z,1.630964579,21.079
2025-10-26T14:20:00Z,1.630864579,21.104
2025-10-26T14:30:00Z,1.639492311,21.134
2025-10-26T14:40:00Z,1.638592311,21.144
2025-10-26T14:50:00Z,1.634192311,21.135
2025-10-26T15:00:00Z,1.632192311,21.166
2025-10-26T15:10:00Z,1.629692311,21.14
2025-10-26T15:20:00Z,1.627692311,21.163
2025-10-26T15:30:00Z,1.626792311,21.128
2025-10-26T15:40:00Z,1.632620042,21.159
2025-10-26T15:50:00Z,1.629120042,21.146
2025-10-26T16:00:00Z,1.624520042,21.133
2025-10-26T16:10:00Z,1.621420042,21.105
2025-10-26T16:20:00Z,1.629247774,21.052
2025-10-26T16:30:00Z,1.622347774,20.987
2025-10-26T16:40:00Z,1.618847774,20.972
2025-10-26T16:50:00Z,1.617347774,20.909
2025-10-26T17:00:00Z,1.615947774,20.882
2025-10-26T17:10:00Z,1.623575506,20.936
2025-10-26T17:20:00Z,1.623275506,20.931
2025-10-26T17:30:00Z,1.621675506,20.952
2025-10-26T17:40:00Z,1.630803238,20.927
2025-10-26T17:50:00Z,1.636703238,20.881
2025-10-26T18:00:00Z,1.640503238,20.835
2025-10-26T18:10:00Z,1.651203238,20.791
2025-10-26T18:20:00Z,1.653603238,20.737
2025-10-26T18:30:00Z,1.658803238,20.667
2025-10-26T18:40:00Z,1.656803238,20.594
2025-10-26T18:50:00Z,1.660603238,20.57
2025-10-26T19:00:00Z,1.667603238,20.516
2025-10-26T19:10:00Z,1.654675506,20.487
2025-10-26T19:20:00Z,1.653975506,20.42
2025-10-26T19:30:00Z,1.643547774,20.331
2025-10-26T19:40:00Z,1.656675506,20.313
2025-10-26T19:50:00Z,1.646947774,20.404
2025-10-26T20:00:00Z,1.650347774,20.335
2025-10-26T20:10:00Z,1.651447774,20.289
2025-10-26T20:20:00Z,1.649247774,20.214
2025-10-26T20:30:00Z,1.630020042,20.255
2025-10-26T20:40:00Z,1.627620042,20.319
2025-10-26T20:50:00Z,1.627120042,20.379
2025-10-26T21:00:00Z,1.635520042,20.243
2025-10-26T21:10:00Z,1.643720042,20.075
2025-10-26T21:20:00Z,1.637620042,20.23
2025-10-26T21:30:00Z,1.645720042,20.065
2025-10-26T21:40:00Z,1.643020042,20.063
2025-10-26T21:50:00Z,1.653147774,20.226
2025-10-26T22:00:00Z,1.642820042,20.303
2025-10-26T22:10:00Z,1.626292311,20.113
2025-10-26T22:20:00Z,1.627892311,20.133
2025-10-26T22:30:00Z,1.621292311,20.095
2025-10-26T22:40:00Z,1.633720042,20.027
2025-10-26T22:50:00Z,1.619892311,20.141
2025-10-26T23:00:00Z,1.616992311,20.073
2025-10-26T23:10:00Z,1.627820042,20.088
2025-10-26T23:20:00Z,1.627620042,20.148
2025-10-26T23:30:00Z,1.625220042,20.04
2025-10-26T23:40:00Z,1.627920042,20.057
2025-10-26T23:50:00Z,1.627820042,20.002
2025-10-27T00:00:00Z,1.629220042,20.013
2025-10-27T00:10:00Z,1.629120042,20
2025-10-27T00:20:00Z,1.636547774,19.911
2025-10-27T00:30:00Z,1.625620042,19.936
2025-10-27T00:40:00Z,1.633147774,19.876
2025-10-27T00:50:00Z,1.630747774,19.918
2025-10-27T01:00:00Z,1.633647774,19.911
2025-10-27T01:10:00Z,1.633247774,19.908
2025-10-27T01:20:00Z,1.633847774,19.869
2025-10-27T01:30:00Z,1.633747774,19.858
2025-10-27T01:40:00Z,1.634247774,19.874
2025-10-27T01:50:00Z,1.632847774,19.897
2025-10-27T02:00:00Z,1.630847774,19.831
2025-10-27T02:10:00Z,1.631247774,19.857
2025-10-27T02:20:00Z,1.627647774,19.799
2025-10-27T02:30:00Z,1.623847774,19.72
2025-10-27T02:40:00Z,1.624947774,19.72
2025-10-27T02:50:00Z,1.619947774,19.801
2025-10-27T03:00:00Z,1.620347774,19.818
2025-10-27T03:10:00Z,1.617347774,19.792
2025-10-27T03:20:00Z,1.621347774,19.714
2025-10-27T03:30:00Z,1.636375506,19.623
2025-10-27T03:40:00Z,1.636275506,19.683
2025-10-27T03:50:00Z,1.638475506,19.637
2025-10-27T04:00:00Z,1.641475506,19.653
2025-10-27T04:10:00Z,1.649075506,19.653
2025-10-27T04:20:00Z,1.653175506,19.66
2025-10-27T04:30:00Z,1.654575506,19.631
2025-10-27T04:40:00Z,1.658375506,19.609
2025-10-27T04:50:00Z,1.658575506,19.561
2025-10-27T05:00:00Z,1.648547774,19.553
2025-10-27T05:10:00Z,1.652047774,19.491
2025-10-27T05:20:00Z,1.636720042,19.339
2025-10-27T05:30:00Z,1.634620042,19.239
2025-10-27T05:40:00Z,1.634620042,19.045
2025-10-27T05:50:00Z,1.633220042,19.045
2025-10-27T06:00:00Z,1.637820042,19.008
2025-10-27T06:10:00Z,1.624292311,19.031
2025-10-27T06:20:00Z,1.638420042,19.087
2025-10-27T06:30:00Z,1.624192311,19.053
2025-10-27T06:40:00Z,1.634820042,19.086
2025-10-27T06:50:00Z,1.640320042,19.205
2025-10-27T07:00:00Z,1.634592311,19.295
2025-10-27T07:10:00Z,1.641892311,19.259
2025-10-27T07:20:00Z,1.637992311,19.286
2025-10-27T07:30:00Z,1.638292311,19.363
2025-10-27T07:40:00Z,1.643292311,19.419
2025-10-27T07:50:00Z,1.649292311,19.375
2025-10-27T08:00:00Z,1.643964579,19.463
2025-10-27T08:10:00Z,1.641964579,19.361
2025-10-27T08:20:00Z,1.642964579,19.387
2025-10-27T08:30:00Z,1.647564579,19.392
2025-10-27T08:40:00Z,1.642264579,19.523
2025-10-27T08:50:00Z,1.625836847,19.565
2025-10-27T09:00:00Z,1.621936847,19.501
2025-10-27T09:10:00Z,1.615636847,19.425
2025-10-27T09:20:00Z,1.615736847,19.554
2025-10-27T09:30:00Z,1.621136847,19.766
2025-10-27T09:40:00Z,1.626636847,19.946
2025-10-27T09:50:00Z,1.640864579,20.033
2025-10-27T10:00:00Z,1.641264579,20.085
2025-10-27T10:10:00Z,1.636864579,20.119
2025-10-27T10:20:00Z,1.636064579,20.209
2025-10-27T10:30:00Z,1.629964579,20.307
2025-10-27T10:40:00Z,1.617636847,20.417
2025-10-27T10:50:00Z,1.616036847,20.455
2025-10-27T11:00:00Z,1.614636847,20.469
2025-10-27T11:10:00Z,1.623564579,20.539
2025-10-27T11:20:00Z,1.616764579,20.605
2025-10-27T11:30:00Z,1.616564579,20.68
2025-10-27T11:40:00Z,1.610564579,20.683
2025-10-27T11:50:00Z,1.612792311,20.733
2025-10-27T12:00:00Z,1.607492311,20.789
2025-10-27T12:10:00Z,1.605792311,20.829
2025-10-27T12:20:00Z,1.597992311,20.944
2025-10-27T12:30:00Z,NA,20.953
2025-10-27T12:40:00Z,1.604720042,20.945
2025-10-27T12:50:00Z,1.618047774,20.978
2025-10-27T13:00:00Z,1.612147774,21.023
2025-10-27T13:10:00Z,1.614275506,21.035
2025-10-27T13:20:00Z,1.615475506,21.099
2025-10-27T13:30:00Z,1.608575506,21.268
2025-10-27T13:40:00Z,1.600575506,21.291
2025-10-27T13:50:00Z,1.597575506,21.386
2025-10-27T14:00:00Z,1.612203238,21.374
2025-10-27T14:10:00Z,1.62003097,21.122
2025-10-27T14:20:00Z,1.61853097,21.04
2025-10-27T14:30:00Z,1.61743097,21.051
2025-10-27T14:40:00Z,1.626358702,21.098
2025-10-27T14:50:00Z,1.624158702,21.09
2025-10-27T15:00:00Z,1.618558702,21.081
2025-10-27T15:10:00Z,1.614158702,21.083
2025-10-27T15:20:00Z,1.609958702,21.09
2025-10-27T15:30:00Z,1.606658702,21.056
2025-10-27T15:40:00Z,1.613386434,21.123
2025-10-27T15:50:00Z,1.612286434,21.107
2025-10-27T16:00:00Z,1.613586434,21.081
2025-10-27T16:10:00Z,1.613486434,21.021
2025-10-27T16:20:00Z,1.622114166,20.988
2025-10-27T16:30:00Z,1.619014166,20.909
2025-10-27T16:40:00Z,1.620214166,20.793
2025-10-27T16:50:00Z,1.626741897,20.733
2025-10-27T17:00:00Z,1.617114166,20.717
2025-10-27T17:10:00Z,1.613314166,20.727
2025-10-27T17:20:00Z,1.626741897,20.72
2025-10-27T17:30:00Z,1.620141897,20.753
2025-10-27T17:40:00Z,1.616741897,20.675
2025-10-27T17:50:00Z,1.620241897,20.611
2025-10-27T18:00:00Z,1.621541897,20.612
2025-10-27T18:10:00Z,1.622741897,20.57
2025-10-27T18:20:00Z,1.625441897,20.441
2025-10-27T18:30:00Z,1.635769629,20.442
2025-10-27T18:40:00Z,1.646469629,20.421
2025-10-27T18:50:00Z,1.650269629,20.433
2025-10-27T19:00:00Z,1.644641897,20.391
2025-10-27T19:10:00Z,1.649841897,20.322
2025-10-27T19:20:00Z,1.647241897,20.172
2025-10-27T19:30:00Z,1.648441897,20.166
2025-10-27T19:40:00Z,1.635114166,20.168
2025-10-27T19:50:00Z,1.633914166,20.119
2025-10-27T20:00:00Z,1.635614166,20.14
2025-10-27T20:10:00Z,1.628186434,20.139
2025-10-27T20:20:00Z,1.636314166,20.078
2025-10-27T20:30:00Z,1.637314166,20.051
2025-10-27T20:40:00Z,1.636714166,20.019
2025-10-27T20:50:00Z,1.642014166,19.925
2025-10-27T21:00:00Z,1.629886434,19.755
2025-10-27T21:10:00Z,1.633686434,19.862
2025-10-27T21:20:00Z,1.634486434,19.785
2025-10-27T21:30:00Z,1.636486434,19.678
2025-10-27T21:40:00Z,1.634286434,19.594
2025-10-27T21:50:00Z,1.626358702,19.46
2025-10-27T22:00:00Z,1.623358702,19.433
2025-10-27T22:10:00Z,1.623458702,19.716
2025-10-27T22:20:00Z,1.625358702,19.477
2025-10-27T22:30:00Z,1.619658702,19.506
2025-10-27T22:40:00Z,1.618058702,19.595
2025-10-27T22:50:00Z,1.617058702,19.698
2025-10-27T23:00:00Z,1.618258702,19.576
2025-10-27T23:10:00Z,1.620158702,19.563
2025-10-27T23:20:00Z,1.619158702,19.472
2025-10-27T23:30:00Z,1.627686434,19.583
2025-10-27T23:40:00Z,1.625086434,19.495
2025-10-27T23:50:00Z,1.626186434,19.719
2025-10-28T00:00:00Z,1.625486434,19.723
2025-10-28T00:10:00Z,1.613258702,19.395
2025-10-28T00:20:00Z,1.627586434,19.482
2025-10-28T00:30:00Z,1.627086434,19.473
2025-10-28T00:40:00Z,1.626686434,19.626
2025-10-28T00:50:00Z,1.626586434,19.716
2025-10-28T01:00:00Z,1.626586434,19.776
2025-10-28T01:10:00Z,1.628686434,19.747
2025-10-28T01:20:00Z,1.632186434,19.79
2025-10-28T01:30:00Z,1.634286434,19.714
2025-10-28T01:40:00Z,1.635586434,19.676
2025-10-28T01:50:00Z,1.635886434,19.7
2025-10-28T02:00:00Z,1.637986434,19.693
2025-10-28T02:10:00Z,1.639286434,19.641
2025-10-28T02:20:00Z,1.628658702,19.552
2025-10-28T02:30:00Z,1.631358702,19.582
2025-10-28T02:40:00Z,1.634158702,19.537
2025-10-28T02:50:00Z,1.634558702,19.486
2025-10-28T03:00:00Z,1.629358702,19.47
2025-10-28T03:10:00Z,1.61493097,19.62
2025-10-28T03:20:00Z,1.629858702,19.565
2025-10-28T03:30:00Z,1.61923097,19.388
2025-10-28T03:40:00Z,1.62473097,19.494
2025-10-28T03:50:00Z,1.62113097,19.57
2025-10-28T04:00:00Z,1.636358702,19.58
2025-10-28T04:10:00Z,1.637458702,19.589
2025-10-28T04:20:00Z,1.62923097,19.475
2025-10-28T04:30:00Z,1.62983097,19.443
2025-10-28T04:40:00Z,1.63153097,19.505
2025-10-28T04:50:00Z,1.63253097,19.497
2025-10-28T05:00:00Z,1.63093097,19.548
2025-10-28T05:10:00Z,1.63113097,19.545
2025-10-28T05:20:00Z,1.620003238,19.506
2025-10-28T05:30:00Z,1.628403238,19.515
2025-10-28T05:40:00Z,1.630003238,19.534
2025-10-28T05:50:00Z,1.634503238,19.5
2025-10-28T06:00:00Z,1.635403238,19.517
2025-10-28T06:10:00Z,1.638303238,19.438
2025-10-28T06:20:00Z,1.637303238,19.269
2025-10-28T06:30:00Z,1.639003238,19.257
2025-10-28T06:40:00Z,1.631175506,19.193
2025-10-28T06:50:00Z,1.634975506,19.15
2025-10-28T07:00:00Z,1.640575506,19.226
2025-10-28T07:10:00Z,1.644175506,19.203
2025-10-28T07:20:00Z,1.649875506,19.26
2025-10-28T07:30:00Z,1.652075506,19.191
2025-10-28T07:40:00Z,1.644747774,19.235
2025-10-28T07:50:00Z,1.646047774,19.303
2025-10-28T08:00:00Z,1.647147774,19.339
2025-10-28T08:10:00Z,1.633420042,19.398
2025-10-28T08:20:00Z,1.638720042,19.419
2025-10-28T08:30:00Z,1.629092311,19.408
2025-10-28T08:40:00Z,1.633192311,19.399
2025-10-28T08:50:00Z,1.634292311,19.371
2025-10-28T09:00:00Z,1.633592311,19.326
2025-10-28T09:10:00Z,1.634792311,19.33
2025-10-28T09:20:00Z,1.634992311,19.414
2025-10-28T09:30:00Z,1.634292311,19.606
2025-10-28T09:40:00Z,1.621464579,19.669
2025-10-28T09:50:00Z,1.618864579,19.794
2025-10-28T10:00:00Z,1.616964579,19.853
2025-10-28T10:10:00Z,1.618464579,19.994
2025-10-28T10:20:00Z,1.618164579,20.052
2025-10-28T10:30:00Z,1.617164579,20.118
2025-10-28T10:40:00Z,1.629292311,20.18
2025-10-28T10:50:00Z,1.630092311,20.296
2025-10-28T11:00:00Z,1.624792311,20.348
2025-10-28T11:10:00Z,1.620592311,20.559
2025-10-28T11:20:00Z,1.620792311,20.658
2025-10-28T11:30:00Z,1.615692311,20.84
2025-10-28T11:40:00Z,1.611392311,21.01
2025-10-28T11:50:00Z,1.602792311,21.048
2025-10-28T12:00:00Z,1.614520042,21.041
2025-10-28T12:10:00Z,1.611820042,21.144
2025-10-28T12:20:00Z,1.605120042,21.173
2025-10-28T12:30:00Z,1.599920042,21.214
2025-10-28T12:40:00Z,1.611247774,21.338
2025-10-28T12:50:00Z,1.605647774,21.482
2025-10-28T13:00:00Z,1.612675506,21.634
2025-10-28T13:10:00Z,1.611375506,21.706
2025-10-28T13:20:00Z,1.610475506,21.762
2025-10-28T13:30:00Z,1.622503238,22.017
2025-10-28T13:40:00Z,1.620503238,22.164
2025-10-28T13:50:00Z,1.619303238,22.117
2025-10-28T14:00:00Z,1.63583097,21.84
2025-10-28T14:10:00Z,1.63643097,22.04
2025-10-28T14:20:00Z,1.64123097,22.192
2025-10-28T14:30:00Z,1.63793097,22.135
2025-10-28T14:40:00Z,1.63913097,21.689
2025-10-28T14:50:00Z,1.64273097,21.744
2025-10-28T15:00:00Z,1.64023097,21.839
2025-10-28T15:10:00Z,1.64543097,21.921
2025-10-28T15:20:00Z,1.64413097,21.884
2025-10-28T15:30:00Z,1.64813097,21.862
2025-10-28T15:40:00Z,1.64093097,21.821
2025-10-28T15:50:00Z,1.630403238,21.793
2025-10-28T16:00:00Z,1.626803238,21.773
2025-10-28T16:10:00Z,1.624203238,21.731
2025-10-28T16:20:00Z,1.624503238,21.815
2025-10-28T16:30:00Z,1.626203238,21.615
2025-10-28T16:40:00Z,1.624303238,21.631
2025-10-28T16:50:00Z,1.624403238,21.709
2025-10-28T17:00:00Z,1.628103238,21.608
2025-10-28T17:10:00Z,1.631503238,21.188
2025-10-28T17:20:00Z,1.631703238,20.972
2025-10-28T17:30:00Z,1.632403238,20.879
2025-10-28T17:40:00Z,1.633903238,20.997
2025-10-28T17:50:00Z,1.640103238,20.915
2025-10-28T18:00:00Z,1.645403238,21.085
2025-10-28T18:10:00Z,1.650603238,21.155
2025-10-28T18:20:00Z,1.656203238,21.149
2025-10-28T18:30:00Z,1.644375506,21.131
2025-10-28T18:40:00Z,1.646975506,21.01
2025-10-28T18:50:00Z,1.647975506,20.966
2025-10-28T19:00:00Z,1.639447774,20.928
2025-10-28T19:10:00Z,1.639047774,20.867
2025-10-28T19:20:00Z,1.641547774,20.812
2025-10-28T19:30:00Z,1.629520042,20.812
2025-10-28T19:40:00Z,1.634320042,20.848
2025-10-28T19:50:00Z,1.636020042,20.85
2025-10-28T20:00:00Z,1.635020042,20.712
2025-10-28T20:10:00Z,1.638320042,20.737
2025-10-28T20:20:00Z,1.626092311,20.693
2025-10-28T20:30:00Z,1.632192311,20.636
2025-10-28T20:40:00Z,1.634892311,20.617
2025-10-28T20:50:00Z,1.635792311,20.594
2025-10-28T21:00:00Z,1.639092311,20.55
2025-10-28T21:10:00Z,1.639992311,20.495
2025-10-28T21:20:00Z,1.638692311,20.297
2025-10-28T21:30:00Z,1.639192311,20.19
2025-10-28T21:40:00Z,1.628164579,20.273
2025-10-28T21:50:00Z,1.628864579,20.131
2025-10-28T22:00:00Z,1.632164579,20.143
2025-10-28T22:10:00Z,1.635764579,20.185
2025-10-28T22:20:00Z,1.631764579,20.225
2025-10-28T22:30:00Z,1.628164579,20.126
2025-10-28T22:40:00Z,1.631464579,20.224
2025-10-28T22:50:00Z,1.631664579,20.295
2025-10-28T23:00:00Z,1.619036847,20.255
2025-10-28T23:10:00Z,1.619536847,19.939
2025-10-28T23:20:00Z,1.618736847,19.846
2025-10-28T23:30:00Z,1.633264579,20.041
2025-10-28T23:40:00Z,1.632564579,19.671
2025-10-28T23:50:00Z,1.621436847,19.856
2025-10-29T00:00:00Z,1.633164579,19.696
2025-10-29T00:10:00Z,1.632064579,19.981
2025-10-29T00:20:00Z,1.620636847,20.013
2025-10-29T00:30:00Z,1.620436847,20.061
2025-10-29T00:40:00Z,1.619836847,19.942
2025-10-29T00:50:00Z,1.621636847,20.004
2025-10-29T01:00:00Z,1.620436847,20.11
2025-10-29T01:10:00Z,1.619736847,20.045
2025-10-29T01:20:00Z,1.620336847,19.973
2025-10-29T01:30:00Z,1.617836847,19.796
2025-10-29T01:40:00Z,1.614936847,19.543
2025-10-29T01:50:00Z,1.613636847,19.559
2025-10-29T02:00:00Z,1.610636847,19.654
2025-10-29T02:10:00Z,1.617664579,19.641
2025-10-29T02:20:00Z,1.606036847,19.59
2025-10-29T02:30:00Z,1.614964579,19.813
2025-10-29T02:40:00Z,1.611564579,19.822
2025-10-29T02:50:00Z,1.611564579,19.802
2025-10-29T03:00:00Z,1.608664579,19.699
2025-10-29T03:10:00Z,1.619992311,19.845
2025-10-29T03:20:00Z,1.622192311,19.839
2025-10-29T03:30:00Z,1.625992311,19.761
2025-10-29T03:40:00Z,1.625092311,19.788
2025-10-29T03:50:00Z,1.624892311,19.716
2025-10-29T04:00:00Z,1.623692311,19.754
2025-10-29T04:10:00Z,1.624192311,19.761
2025-10-29T04:20:00Z,1.623192311,19.633
2025-10-29T04:30:00Z,1.622692311,19.597
2025-10-29T04:40:00Z,1.625092311,19.623
2025-10-29T04:50:00Z,1.626592311,19.527
2025-10-29T05:00:00Z,1.628892311,19.649
2025-10-29T05:10:00Z,1.628092311,19.553
2025-10-29T05:20:00Z,1.627892311,19.425
2025-10-29T05:30:00Z,1.629892311,19.353
2025-10-29T05:40:00Z,1.631692311,19.342
2025-10-29T05:50:00Z,1.632892311,19.296
2025-10-29T06:00:00Z,1.631392311,19.272
2025-10-29T06:10:00Z,1.630792311,19.303
2025-10-29T06:20:00Z,1.619164579,19.235
2025-10-29T06:30:00Z,1.619064579,19.272
2025-10-29T06:40:00Z,1.622864579,19.278
2025-10-29T06:50:00Z,1.626264579,19.272
2025-10-29T07:00:00Z,1.633564579,19.111
2025-10-29T07:10:00Z,1.636364579,19.248
2025-10-29T07:20:00Z,1.635864579,19.231
2025-10-29T07:30:00Z,1.644164579,19.37
2025-10-29T07:40:00Z,1.646564579,19.376
2025-10-29T07:50:00Z,1.653064579,19.455
2025-10-29T08:00:00Z,1.645336847,19.501
2025-10-29T08:10:00Z,1.646136847,19.439
2025-10-29T08:20:00Z,1.646736847,19.412
2025-10-29T08:30:00Z,1.634409115,19.279
2025-10-29T08:40:00Z,1.635109115,19.394
2025-10-29T08:50:00Z,1.634209115,19.494
2025-10-29T09:00:00Z,1.619681383,19.558
2025-10-29T09:10:00Z,1.619181383,19.655
2025-10-29T09:20:00Z,1.619481383,19.835
2025-10-29T09:30:00Z,1.614581383,20.006
2025-10-29T09:40:00Z,1.614181383,20.087
2025-10-29T09:50:00Z,1.616581383,20.08
2025-10-29T10:00:00Z,1.624209115,20.104
2025-10-29T10:10:00Z,1.626809115,20.238
2025-10-29T10:20:00Z,1.624809115,20.318
2025-10-29T10:30:00Z,1.621309115,20.347
2025-10-29T10:40:00Z,1.617609115,20.331
2025-10-29T10:50:00Z,1.614809115,20.472
2025-10-29T11:00:00Z,1.610409115,20.433
2025-10-29T11:10:00Z,1.607909115,20.694
2025-10-29T11:20:00Z,1.602209115,20.776
2025-10-29T11:30:00Z,1.611236847,20.853
2025-10-29T11:40:00Z,1.608736847,20.929
2025-10-29T11:50:00Z,1.602936847,21.026
2025-10-29T12:00:00Z,1.608864579,21.292
2025-10-29T12:10:00Z,1.602164579,21.333
2025-10-29T12:20:00Z,1.600664579,21.43
2025-10-29T12:30:00Z,1.601192311,21.524
2025-10-29T12:40:00Z,1.595292311,21.622
2025-10-29T12:50:00Z,1.601120042,21.672
2025-10-29T13:00:00Z,1.599020042,21.606
2025-10-29T13:10:00Z,1.603147774,21.668
2025-10-29T13:20:00Z,1.602647774,21.723
2025-10-29T13:30:00Z,1.609275506,21.886
2025-10-29T13:40:00Z,1.607275506,21.957
2025-10-29T13:50:00Z,1.615603238,22.006
2025-10-29T14:00:00Z,1.609703238,22.091
2025-10-29T14:10:00Z,1.62123097,22.045
2025-10-29T14:20:00Z,1.61583097,22.015
2025-10-29T14:30:00Z,1.61523097,22.013
2025-10-29T14:40:00Z,1.61363097,21.973
2025-10-29T14:50:00Z,1.624658702,21.946
2025-10-29T15:00:00Z,1.622358702,21.962
2025-10-29T15:10:00Z,1.625358702,21.919
2025-10-29T15:20:00Z,1.623658702,21.938
2025-10-29T15:30:00Z,1.635886434,21.895
2025-10-29T15:40:00Z,1.636586434,21.868
2025-10-29T15:50:00Z,1.635286434,21.894
2025-10-29T16:00:00Z,1.634986434,21.988
2025-10-29T16:10:00Z,1.623458702,22.024
2025-10-29T16:20:00Z,1.622558702,21.977
2025-10-29T16:30:00Z,1.634386434,21.911
2025-10-29T16:40:00Z,1.622658702,21.853
2025-10-29T16:50:00Z,1.635386434,21.817
2025-10-29T17:00:00Z,1.633786434,21.77
2025-10-29T17:10:00Z,1.633286434,21.754
2025-10-29T17:20:00Z,1.630986434,21.71
2025-10-29T17:30:00Z,1.627486434,21.693
2025-10-29T17:40:00Z,1.620058702,21.68
2025-10-29T17:50:00Z,1.622458702,21.676
2025-10-29T18:00:00Z,1.621258702,21.67
2025-10-29T18:10:00Z,1.632986434,21.309
2025-10-29T18:20:00Z,1.630986434,20.759
2025-10-29T18:30:00Z,1.632386434,20.892
2025-10-29T18:40:00Z,1.636686434,20.901
2025-10-29T18:50:00Z,1.634786434,20.993
2025-10-29T19:00:00Z,1.624958702,21.242
2025-10-29T19:10:00Z,1.626158702,21.266
2025-10-29T19:20:00Z,1.625458702,21.164
2025-10-29T19:30:00Z,1.626158702,21.118
2025-10-29T19:40:00Z,1.629158702,21.139
2025-10-29T19:50:00Z,1.631058702,20.91
2025-10-29T20:00:00Z,1.630158702,20.874
2025-10-29T20:10:00Z,1.631258702,20.933
2025-10-29T20:20:00Z,1.634058702,20.848
2025-10-29T20:30:00Z,1.635758702,20.836
2025-10-29T20:40:00Z,1.636558702,20.839
2025-10-29T20:50:00Z,1.62963097,20.815
2025-10-29T21:00:00Z,1.62853097,20.818
2025-10-29T21:10:00Z,1.63103097,20.732
2025-10-29T21:20:00Z,1.63243097,20.694
2025-10-29T21:30:00Z,1.63623097,20.669
2025-10-29T21:40:00Z,1.63343097,20.582
2025-10-29T21:50:00Z,1.63193097,20.604
2025-10-29T22:00:00Z,1.63023097,20.69
2025-10-29T22:10:00Z,1.617603238,20.396
2025-10-29T22:20:00Z,1.616003238,20.379
2025-10-29T22:30:00Z,1.613503238,20.39
2025-10-29T22:40:00Z,1.612703238,20.432
2025-10-29T22:50:00Z,1.608403238,20.56
2025-10-29T23:00:00Z,1.607603238,20.614
2025-10-29T23:10:00Z,1.605303238,20.592
2025-10-29T23:20:00Z,1.603303238,20.453
2025-10-29T23:30:00Z,1.61323097,20.44
2025-10-29T23:40:00Z,1.61123097,20.413
2025-10-29T23:50:00Z,1.60753097,20.075
2025-10-30T00:00:00Z,1.60443097,20.284
2025-10-30T00:10:00Z,1.613558702,20.367
2025-10-30T00:20:00Z,1.612858702,20.403
2025-10-30T00:30:00Z,1.612458702,20.423
2025-10-30T00:40:00Z,1.611758702,20.411
2025-10-30T00:50:00Z,1.612458702,20.397
2025-10-30T01:00:00Z,1.625686434,20.302
2025-10-30T01:10:00Z,1.625186434,20.291
2025-10-30T01:20:00Z,1.623986434,20.364
2025-10-30T01:30:00Z,1.621486434,20.341
2025-10-30T01:40:00Z,1.620786434,20.313
2025-10-30T01:50:00Z,1.620686434,20.255
2025-10-30T02:00:00Z,1.618486434,20.161
2025-10-30T02:10:00Z,1.617486434,20.252
2025-10-30T02:20:00Z,1.613386434,20.174
2025-10-30T02:30:00Z,1.614786434,20.254
2025-10-30T02:40:00Z,1.611286434,20.21
2025-10-30T02:50:00Z,1.613386434,20.235
2025-10-30T03:00:00Z,1.612186434,20.194
2025-10-30T03:10:00Z,1.622114166,19.907
2025-10-30T03:20:00Z,1.622614166,19.908
2025-10-30T03:30:00Z,1.621814166,19.922
2025-10-30T03:40:00Z,1.622214166,19.69
2025-10-30T03:50:00Z,1.625514166,19.663
2025-10-30T04:00:00Z,1.625114166,19.808
2025-10-30T04:10:00Z,1.625514166,19.861
2025-10-30T04:20:00Z,1.627514166,19.885
2025-10-30T04:30:00Z,1.630814166,19.855
2025-10-30T04:40:00Z,1.629814166,19.898
2025-10-30T04:50:00Z,1.632014166,19.91
2025-10-30T05:00:00Z,1.632914166,19.911
2025-10-30T05:10:00Z,1.634914166,19.799
2025-10-30T05:20:00Z,1.635414166,19.857
2025-10-30T05:30:00Z,1.625186434,19.728
2025-10-30T05:40:00Z,1.621986434,19.71
2025-10-30T05:50:00Z,1.622686434,19.506
2025-10-30T06:00:00Z,1.625086434,19.582
2025-10-30T06:10:00Z,1.626686434,19.67
2025-10-30T06:20:00Z,1.625986434,19.669
2025-10-30T06:30:00Z,1.628686434,19.589
2025-10-30T06:40:00Z,1.633586434,19.583
2025-10-30T06:50:00Z,1.634286434,19.652
2025-10-30T07:00:00Z,1.636986434,19.617
2025-10-30T07:10:00Z,1.629258702,19.635
2025-10-30T07:20:00Z,1.631258702,19.639
2025-10-30T07:30:00Z,1.636358702,19.501
2025-10-30T07:40:00Z,1.638358702,19.511
2025-10-30T07:50:00Z,1.640158702,19.636
2025-10-30T08:00:00Z,1.63203097,19.577
2025-10-30T08:10:00Z,1.63613097,19.43
2025-10-30T08:20:00Z,1.63693097,19.606
2025-10-30T08:30:00Z,1.64093097,19.539
2025-10-30T08:40:00Z,1.629803238,19.469
2025-10-30T08:50:00Z,1.630903238,19.476
2025-10-30T09:00:00Z,1.630503238,19.445
2025-10-30T09:10:00Z,1.630503238,19.665
2025-10-30T09:20:00Z,1.630603238,19.709
2025-10-30T09:30:00Z,1.620975506,19.668
2025-10-30T09:40:00Z,1.619775506,19.615
2025-10-30T09:50:00Z,1.621575506,19.601
2025-10-30T10:00:00Z,1.626575506,19.976
2025-10-30T10:10:00Z,1.623275506,20.298
2025-10-30T10:20:00Z,1.624975506,20.377
2025-10-30T10:30:00Z,1.627375506,20.414
2025-10-30T10:40:00Z,1.623975506,20.527
2025-10-30T10:50:00Z,1.619375506,20.659
2025-10-30T11:00:00Z,1.617275506,20.749
2025-10-30T11:10:00Z,1.611775506,20.843
2025-10-30T11:20:00Z,1.610675506,20.911
2025-10-30T11:30:00Z,1.604975506,20.95
2025-10-30T11:40:00Z,1.600275506,21.034
2025-10-30T11:50:00Z,1.606903238,21.047
2025-10-30T12:00:00Z,1.603503238,21.107
2025-10-30T12:10:00Z,1.600503238,21.148
2025-10-30T12:20:00Z,1.598803238,21.208
2025-10-30T12:30:00Z,1.60703097,21.311
2025-10-30T12:40:00Z,1.60443097,21.428
2025-10-30T12:50:00Z,1.612158702,21.54
2025-10-30T13:00:00Z,1.610558702,21.637
2025-10-30T13:10:00Z,1.606358702,21.7
2025-10-30T13:20:00Z,1.612986434,21.774
2025-10-30T13:30:00Z,1.608786434,21.838
2025-10-30T13:40:00Z,1.606486434,21.853
2025-10-30T13:50:00Z,1.603886434,21.844
2025-10-30T14:00:00Z,1.613314166,21.884
2025-10-30T14:10:00Z,1.609114166,21.953
2025-10-30T14:20:00Z,1.610214166,22.129
2025-10-30T14:30:00Z,1.622641897,22.179
2025-10-30T14:40:00Z,1.622341897,22.281
2025-10-30T14:50:00Z,1.621941897,22.339
2025-10-30T15:00:00Z,1.619941897,22.299
2025-10-30T15:10:00Z,1.629769629,22.111
2025-10-30T15:20:00Z,1.627769629,22.027
2025-10-30T15:30:00Z,1.626869629,22.002
2025-10-30T15:40:00Z,1.613741897,22.008
2025-10-30T15:50:00Z,1.623969629,22.006
2025-10-30T16:00:00Z,1.621869629,21.983
2025-10-30T16:10:00Z,1.621769629,21.969
2025-10-30T16:20:00Z,1.622469629,21.69
2025-10-30T16:30:00Z,1.619269629,21.469
2025-10-30T16:40:00Z,1.617169629,21.069
2025-10-30T16:50:00Z,1.615569629,20.933
2025-10-30T17:00:00Z,1.616369629,20.752
2025-10-30T17:10:00Z,1.615369629,20.438
2025-10-30T17:20:00Z,1.615169629,20.374
2025-10-30T17:30:00Z,1.615269629,20.541
2025-10-30T17:40:00Z,1.616369629,20.841
2025-10-30T17:50:00Z,1.616569629,21.009
2025-10-30T18:00:00Z,1.615869629,21.053
2025-10-30T18:10:00Z,1.615869629,20.985
2025-10-30T18:20:00Z,1.614569629,21.015
2025-10-30T18:30:00Z,1.617569629,20.965
2025-10-30T18:40:00Z,1.621569629,20.938
2025-10-30T18:50:00Z,1.623869629,20.871
2025-10-30T19:00:00Z,1.623169629,20.894
2025-10-30T19:10:00Z,1.622369629,20.857
2025-10-30T19:20:00Z,1.621669629,20.786
2025-10-30T19:30:00Z,1.623369629,20.819
2025-10-30T19:40:00Z,1.619669629,20.768
2025-10-30T19:50:00Z,1.605941897,20.678
2025-10-30T20:00:00Z,1.618869629,20.785
2025-10-30T20:10:00Z,1.619669629,20.755
2025-10-30T20:20:00Z,1.624869629,20.593
2025-10-30T20:30:00Z,1.623869629,20.572
2025-10-30T20:40:00Z,1.626069629,20.557
2025-10-30T20:50:00Z,1.627169629,20.408
2025-10-30T21:00:00Z,1.630869629,20.522
2025-10-30T21:10:00Z,1.634969629,20.466
2025-10-30T21:20:00Z,1.636169629,20.528
2025-10-30T21:30:00Z,1.638669629,20.507
2025-10-30T21:40:00Z,1.625841897,20.339
2025-10-30T21:50:00Z,1.625241897,20.037
2025-10-30T22:00:00Z,1.626241897,19.962
2025-10-30T22:10:00Z,1.628941897,20.036
2025-10-30T22:20:00Z,1.624941897,19.912
2025-10-30T22:30:00Z,1.616814166,19.931
2025-10-30T22:40:00Z,1.618514166,20.014
2025-10-30T22:50:00Z,1.618614166,19.875
2025-10-30T23:00:00Z,1.618414166,19.968
2025-10-30T23:10:00Z,1.609814166,20.049
2025-10-30T23:20:00Z,1.608214166,19.725
2025-10-30T23:30:00Z,1.608114166,19.861
2025-10-30T23:40:00Z,1.613314166,19.824
2025-10-30T23:50:00Z,1.619714166,19.798
2025-10-31T00:00:00Z,1.620414166,19.853
2025-10-31T00:10:00Z,1.631141897,20.123
2025-10-31T00:20:00Z,1.632141897,20.139
2025-10-31T00:30:00Z,1.632841897,20.1
2025-10-31T00:40:00Z,1.629941897,20.21
2025-10-31T00:50:00Z,1.616914166,20.144
2025-10-31T01:00:00Z,1.621514166,20.072
2025-10-31T01:10:00Z,1.622514166,20
2025-10-31T01:20:00Z,1.624114166,20.035
2025-10-31T01:30:00Z,1.624614166,20.17
2025-10-31T01:40:00Z,1.623314166,20.252
2025-10-31T01:50:00Z,1.621814166,20.177
2025-10-31T02:00:00Z,1.618114166,20.094
2025-10-31T02:10:00Z,1.617314166,20.097
2025-10-31T02:20:00Z,1.613314166,20.196
2025-10-31T02:30:00Z,1.605886434,20.227
2025-10-31T02:40:00Z,1.610786434,20.321
2025-10-31T02:50:00Z,1.611786434,20.301
2025-10-31T03:00:00Z,1.624314166,20.166
2025-10-31T03:10:00Z,1.627614166,20.015
2025-10-31T03:20:00Z,1.627514166,19.822
2025-10-31T03:30:00Z,1.623614166,19.721
2025-10-31T03:40:00Z,1.628414166,20.064
2025-10-31T03:50:00Z,1.639614166,20.216
2025-10-31T04:00:00Z,1.622586434,20.235
2025-10-31T04:10:00Z,1.623886434,20.21
2025-10-31T04:20:00Z,1.630386434,20.109
2025-10-31T04:30:00Z,1.634186434,20.017
2025-10-31T04:40:00Z,1.640386434,19.924
2025-10-31T04:50:00Z,1.630458702,20.007
2025-10-31T05:00:00Z,1.632358702,20.001
2025-10-31T05:10:00Z,1.632558702,20.029
2025-10-31T05:20:00Z,1.634558702,20.011
2025-10-31T05:30:00Z,1.647458702,20.001
2025-10-31T05:40:00Z,1.64043097,20.018
2025-10-31T05:50:00Z,1.63753097,19.937
2025-10-31T06:00:00Z,1.630503238,20.076
2025-10-31T06:10:00Z,1.64673097,19.807
2025-10-31T06:20:00Z,1.629603238,19.751
2025-10-31T06:30:00Z,1.615175506,19.774
2025-10-31T06:40:00Z,1.625475506,19.92
2025-10-31T06:50:00Z,1.628575506,19.884
2025-10-31T07:00:00Z,1.635375506,19.823
2025-10-31T07:10:00Z,1.636675506,19.657
2025-10-31T07:20:00Z,1.644275506,19.87
2025-10-31T07:30:00Z,1.648675506,19.93
2025-10-31T07:40:00Z,1.644647774,19.987
2025-10-31T07:50:00Z,1.651647774,20.068
2025-10-31T08:00:00Z,1.643120042,20.12
2025-10-31T08:10:00Z,1.646420042,20.168
2025-10-31T08:20:00Z,1.649420042,20.234
2025-10-31T08:30:00Z,1.642592311,20.307
2025-10-31T08:40:00Z,1.643292311,20.37
2025-10-31T08:50:00Z,1.636964579,20.367
2025-10-31T09:00:00Z,1.635064579,20.341
2025-10-31T09:10:00Z,1.627536847,20.298
2025-10-31T09:20:00Z,1.628236847,20.245
2025-10-31T09:30:00Z,1.629036847,20.247
2025-10-31T09:40:00Z,1.628736847,20.308
2025-10-31T09:50:00Z,1.619009115,20.394
2025-10-31T10:00:00Z,1.616409115,20.623
2025-10-31T10:10:00Z,1.616309115,20.714
2025-10-31T10:20:00Z,1.618009115,20.764
2025-10-31T10:30:00Z,1.614109115,20.801
2025-10-31T10:40:00Z,1.615709115,20.842
2025-10-31T10:50:00Z,1.615809115,20.873
2025-10-31T11:00:00Z,1.614709115,20.924
2025-10-31T11:10:00Z,1.615609115,20.984
2025-10-31T11:20:00Z,1.613209115,21.034
2025-10-31T11:30:00Z,1.620136847,21.081
2025-10-31T11:40:00Z,1.605309115,21.2
2025-10-31T11:50:00Z,1.605409115,21.296
2025-10-31T12:00:00Z,1.611736847,21.305
2025-10-31T12:10:00Z,1.606036847,21.347
2025-10-31T12:20:00Z,1.599636847,21.413
2025-10-31T12:30:00Z,1.595336847,21.317
2025-10-31T12:40:00Z,1.599836847,21.197
2025-10-31T12:50:00Z,1.610464579,21.055
2025-10-31T13:00:00Z,1.601764579,21.117
2025-10-31T13:10:00Z,1.612892311,21.141
2025-10-31T13:20:00Z,1.602592311,21.19
2025-10-31T13:30:00Z,1.603792311,21.491
2025-10-31T13:40:00Z,1.592292311,21.529
2025-10-31T13:50:00Z,1.591192311,21.518
2025-10-31T14:00:00Z,1.603120042,21.489
2025-10-31T14:10:00Z,1.601420042,21.507
2025-10-31T14:20:00Z,1.612347774,21.434
2025-10-31T14:30:00Z,1.611547774,21.405
2025-10-31T14:40:00Z,1.610747774,21.291
2025-10-31T14:50:00Z,1.617275506,21.324
2025-10-31T15:00:00Z,1.620475506,21.374
2025-10-31T15:10:00Z,1.619975506,21.421
2025-10-31T15:20:00Z,1.618775506,21.584
2025-10-31T15:30:00Z,1.618075506,21.718
2025-10-31T15:40:00Z,1.615475506,21.554
2025-10-31T15:50:00Z,1.618975506,21.535
2025-10-31T16:00:00Z,1.613675506,21.471
2025-10-31T16:10:00Z,1.613075506,21.472
2025-10-31T16:20:00Z,1.610275506,21.542
2025-10-31T16:30:00Z,1.620303238,21.569
2025-10-31T16:40:00Z,1.618903238,21.457
2025-10-31T16:50:00Z,1.619203238,21.335
2025-10-31T17:00:00Z,1.618903238,21.273
2025-10-31T17:10:00Z,1.618503238,21.232
2025-10-31T17:20:00Z,1.621403238,21.208
2025-10-31T17:30:00Z,1.623203238,21.165
2025-10-31T17:40:00Z,1.622903238,21.135
2025-10-31T17:50:00Z,1.625403238,21.151
2025-10-31T18:00:00Z,1.628803238,21.143
2025-10-31T18:10:00Z,1.629403238,21.131
2025-10-31T18:20:00Z,1.631303238,21.133
2025-10-31T18:30:00Z,1.634803238,21.133
2025-10-31T18:40:00Z,1.635203238,21.097
2025-10-31T18:50:00Z,1.624175506,20.933
2025-10-31T19:00:00Z,1.626775506,20.838
2025-10-31T19:10:00Z,1.627475506,20.811
2025-10-31T19:20:00Z,1.629075506,20.8
2025-10-31T19:30:00Z,1.631575506,20.78
2025-10-31T19:40:00Z,1.622147774,20.746
2025-10-31T19:50:00Z,1.623447774,20.74
2025-10-31T20:00:00Z,1.625447774,20.723
2025-10-31T20:10:00Z,1.628147774,20.698
2025-10-31T20:20:00Z,1.630647774,20.674
2025-10-31T20:30:00Z,1.633347774,20.636
2025-10-31T20:40:00Z,1.624020042,20.568
2025-10-31T20:50:00Z,1.626520042,20.511
2025-10-31T21:00:00Z,1.627420042,20.483
2025-10-31T21:10:00Z,1.628820042,20.493
2025-10-31T21:20:00Z,1.630620042,20.395
2025-10-31T21:30:00Z,1.620092311,20.376
2025-10-31T21:40:00Z,1.621792311,20.307
2025-10-31T21:50:00Z,1.622292311,20.288
2025-10-31T22:00:00Z,1.622192311,20.202
2025-10-31T22:10:00Z,1.619992311,20.143
2025-10-31T22:20:00Z,1.620092311,20.183
2025-10-31T22:30:00Z,1.610064579,20.244
2025-10-31T22:40:00Z,1.611064579,20.263
2025-10-31T22:50:00Z,1.610264579,20.227
2025-10-31T23:00:00Z,1.611464579,20.168
2025-10-31T23:10:00Z,1.611564579,20.12
2025-10-31T23:20:00Z,1.623192311,20.053
2025-10-31T23:30:00Z,1.615764579,20.106
2025-10-31T23:40:00Z,1.616264579,20.084
2025-10-31T23:50:00Z,1.617364579,20.034
2025-11-01T00:00:00Z,1.617164579,20.073
2025-11-01T00:10:00Z,1.618364579,20.066
2025-11-01T00:20:00Z,1.618964579,20.107
2025-11-01T00:30:00Z,1.619264579,20.134
2025-11-01T00:40:00Z,1.618964579,20.211
2025-11-01T00:50:00Z,1.620164579,20.22
2025-11-01T01:00:00Z,1.619264579,20.195
2025-11-01T01:10:00Z,1.619564579,20.192
2025-11-01T01:20:00Z,1.619864579,20.201
2025-11-01T01:30:00Z,1.619764579,20.227
2025-11-01T01:40:00Z,1.620264579,20.213
2025-11-01T01:50:00Z,1.609636847,20.182
2025-11-01T02:00:00Z,1.618864579,20.141
2025-11-01T02:10:00Z,1.604636847,20.153
2025-11-01T02:20:00Z,1.603636847,20.147
2025-11-01T02:30:00Z,1.600736847,20.087
2025-11-01T02:40:00Z,1.598436847,20.127
2025-11-01T02:50:00Z,1.597836847,20.142
2025-11-01T03:00:00Z,1.612564579,20.126
2025-11-01T03:10:00Z,1.613364579,20.072
2025-11-01T03:20:00Z,1.615564579,20.089
2025-11-01T03:30:00Z,1.617164579,20.089
2025-11-01T03:40:00Z,1.617664579,20.073
2025-11-01T03:50:00Z,1.630792311,20.017
2025-11-01T04:00:00Z,1.621364579,19.898
2025-11-01T04:10:00Z,1.624864579,19.899
2025-11-01T04:20:00Z,1.628764579,19.81
2025-11-01T04:30:00Z,1.630664579,19.772
2025-11-01T04:40:00Z,1.632064579,19.77
2025-11-01T04:50:00Z,1.636664579,19.685
2025-11-01T05:00:00Z,1.630336847,19.713
2025-11-01T05:10:00Z,1.633236847,19.657
2025-11-01T05:20:00Z,1.638136847,19.636
2025-11-01T05:30:00Z,1.640436847,19.622
2025-11-01T05:40:00Z,1.631809115,19.6
2025-11-01T05:50:00Z,1.634309115,19.478
2025-11-01T06:00:00Z,1.637609115,19.583
2025-11-01T06:10:00Z,1.628481383,19.638
2025-11-01T06:20:00Z,1.628081383,19.704
2025-11-01T06:30:00Z,1.629281383,19.744
2025-11-01T06:40:00Z,1.619153651,19.732
2025-11-01T06:50:00Z,1.622553651,19.73
2025-11-01T07:00:00Z,1.625753651,19.643
2025-11-01T07:10:00Z,1.629453651,19.617
2025-11-01T07:20:00Z,1.633153651,19.502
2025-11-01T07:30:00Z,1.635753651,19.467
2025-11-01T07:40:00Z,1.640153651,19.47
2025-11-01T07:50:00Z,1.632325919,19.498
2025-11-01T08:00:00Z,1.635025919,19.522
2025-11-01T08:10:00Z,1.640325919,19.483
2025-11-01T08:20:00Z,1.629698187,19.48
2025-11-01T08:30:00Z,1.632198187,19.529
2025-11-01T08:40:00Z,1.632498187,19.657
2025-11-01T08:50:00Z,1.619870456,19.67
2025-11-01T09:00:00Z,1.622670456,19.667
2025-11-01T09:10:00Z,1.623570456,19.674
2025-11-01T09:20:00Z,1.624570456,19.706
2025-11-01T09:30:00Z,1.610242724,19.698
2025-11-01T09:40:00Z,1.612542724,19.737
2025-11-01T09:50:00Z,1.615842724,19.764
2025-11-01T10:00:00Z,1.615342724,19.77
2025-11-01T10:10:00Z,1.616942724,19.771
2025-11-01T10:20:00Z,1.617542724,19.797
2025-11-01T10:30:00Z,1.615142724,19.81
2025-11-01T10:40:00Z,1.612742724,19.818
2025-11-01T10:50:00Z,1.613642724,19.848
2025-11-01T11:00:00Z,1.611842724,19.875
2025-11-01T11:10:00Z,1.610742724,19.891
2025-11-01T11:20:00Z,1.607142724,19.908
2025-11-01T11:30:00Z,1.600942724,19.926
2025-11-01T11:40:00Z,1.596042724,19.968
2025-11-01T11:50:00Z,1.589242724,20.01
2025-11-01T12:00:00Z,1.595970456,20.045
2025-11-01T12:10:00Z,1.591570456,20.07
2025-11-01T12:20:00Z,1.587970456,20.091
2025-11-01T12:30:00Z,1.597198187,20.128
2025-11-01T12:40:00Z,1.592298187,20.138
2025-11-01T12:50:00Z,1.599325919,20.163
2025-11-01T13:00:00Z,1.596425919,20.166
2025-11-01T13:10:00Z,1.589325919,20.175
2025-11-01T13:20:00Z,1.596153651,20.19
2025-11-01T13:30:00Z,1.594253651,20.199
2025-11-01T13:40:00Z,1.589053651,20.202
2025-11-01T13:50:00Z,1.599681383,20.233
2025-11-01T14:00:00Z,1.598681383,20.247
2025-11-01T14:10:00Z,1.607709115,19.964
2025-11-01T14:20:00Z,1.607209115,20.093
2025-11-01T14:30:00Z,1.605309115,20.2
2025-11-01T14:40:00Z,1.604309115,20.208
2025-11-01T14:50:00Z,1.613409115,20.212
2025-11-01T15:00:00Z,1.605109115,20.256
2025-11-01T15:10:00Z,1.615736847,20.275
2025-11-01T15:20:00Z,1.615436847,20.282
2025-11-01T15:30:00Z,1.612336847,20.282
2025-11-01T15:40:00Z,1.605436847,20.275
2025-11-01T15:50:00Z,1.607636847,20.261
2025-11-01T16:00:00Z,1.610936847,20.27
2025-11-01T16:10:00Z,1.608236847,20.252
2025-11-01T16:20:00Z,1.609736847,20.019
2025-11-01T16:30:00Z,1.621464579,19.834
2025-11-01T16:40:00Z,1.619964579,19.791
2025-11-01T16:50:00Z,1.617864579,19.738
2025-11-01T17:00:00Z,1.618164579,19.673
2025-11-01T17:10:00Z,1.616964579,19.634
2025-11-01T17:20:00Z,1.620064579,19.646
2025-11-01T17:30:00Z,1.618364579,19.688
2025-11-01T17:40:00Z,1.617764579,19.592
2025-11-01T17:50:00Z,1.617464579,19.598
2025-11-01T18:00:00Z,1.622264579,19.713
2025-11-01T18:10:00Z,1.625164579,19.773
2025-11-01T18:20:00Z,1.617636847,19.792
2025-11-01T18:30:00Z,1.631264579,19.791
2025-11-01T18:40:00Z,1.634764579,19.834
2025-11-01T18:50:00Z,1.633964579,19.868
2025-11-01T19:00:00Z,1.624936847,19.89
2025-11-01T19:10:00Z,1.621236847,19.642
2025-11-01T19:20:00Z,1.624636847,19.514
2025-11-01T19:30:00Z,1.613309115,19.521
2025-11-01T19:40:00Z,1.614209115,19.487
2025-11-01T19:50:00Z,1.613309115,19.523
2025-11-01T20:00:00Z,1.616009115,19.546
2025-11-01T20:10:00Z,1.615209115,19.523
2025-11-01T20:20:00Z,1.617909115,19.537
2025-11-01T20:30:00Z,1.620809115,19.584
2025-11-01T20:40:00Z,1.624509115,19.583
2025-11-01T20:50:00Z,1.628309115,19.553
2025-11-01T21:00:00Z,1.629709115,19.508
2025-11-01T21:10:00Z,1.631109115,19.456
2025-11-01T21:20:00Z,1.630509115,19.53
2025-11-01T21:30:00Z,1.619581383,19.522
2025-11-01T21:40:00Z,1.617781383,19.471
2025-11-01T21:50:00Z,1.616481383,19.386
2025-11-01T22:00:00Z,1.609353651,19.328
2025-11-01T22:10:00Z,1.613053651,19.332
2025-11-01T22:20:00Z,1.615553651,19.34
2025-11-01T22:30:00Z,1.628681383,19.338
2025-11-01T22:40:00Z,1.630981383,19.397
2025-11-01T22:50:00Z,1.631281383,19.393
2025-11-01T23:00:00Z,1.623853651,19.37
2025-11-01T23:10:00Z,1.622453651,19.361
2025-11-01T23:20:00Z,1.622053651,19.286
2025-11-01T23:30:00Z,1.611125919,19.179
2025-11-01T23:40:00Z,1.611725919,19.119
2025-11-01T23:50:00Z,1.611125919,19.234
2025-11-02T00:00:00Z,1.618525919,19.326
2025-11-02T00:10:00Z,1.619625919,19.501
2025-11-02T00:20:00Z,1.622425919,19.484
2025-11-02T00:30:00Z,1.623125919,19.44
2025-11-02T00:40:00Z,1.623125919,19.424
2025-11-02T00:50:00Z,1.625025919,19.413
2025-11-02T01:00:00Z,1.607498187,19.528
2025-11-02T01:00:00Z,1.618825919,19.528
2025-11-02T01:10:00Z,1.600398187,19.501
2025-11-02T01:10:00Z,1.611725919,19.501
2025-11-02T01:20:00Z,1.597698187,19.194
2025-11-02T01:20:00Z,1.609025919,19.194
2025-11-02T01:30:00Z,1.597398187,19.339
2025-11-02T01:30:00Z,1.608725919,19.339
2025-11-02T01:40:00Z,1.598998187,19.446
2025-11-02T01:40:00Z,1.610325919,19.446
2025-11-02T01:50:00Z,1.602598187,19.397
2025-11-02T01:50:00Z,1.613925919,19.397
2025-11-02T02:00:00Z,1.614425919,19.436
2025-11-02T02:10:00Z,1.610325919,19.475
2025-11-02T02:20:00Z,1.606325919,19.519
2025-11-02T02:30:00Z,1.617153651,19.469
2025-11-02T02:40:00Z,1.612553651,19.45
2025-11-02T02:50:00Z,1.608953651,19.415
2025-11-02T03:00:00Z,1.610653651,19.422
2025-11-02T03:10:00Z,1.617981383,19.41
2025-11-02T03:20:00Z,1.617781383,19.352
2025-11-02T03:30:00Z,1.617881383,19.344
2025-11-02T03:40:00Z,1.606153651,19.326
2025-11-02T03:50:00Z,1.616581383,19.303
2025-11-02T04:00:00Z,1.613281383,19.318
2025-11-02T04:10:00Z,1.609681383,19.381
2025-11-02T04:20:00Z,1.606981383,19.442
2025-11-02T04:30:00Z,1.607481383,19.446
2025-11-02T04:40:00Z,1.608981383,19.421
2025-11-02T04:50:00Z,1.610981383,19.397
2025-11-02T05:00:00Z,1.610181383,19.372
2025-11-02T05:10:00Z,1.611781383,19.366
2025-11-02T05:20:00Z,1.612081383,19.283
2025-11-02T05:30:00Z,1.609581383,19.303
2025-11-02T05:40:00Z,1.606681383,19.31
2025-11-02T05:50:00Z,1.615909115,19.32
2025-11-02T06:00:00Z,1.614609115,19.31
2025-11-02T06:10:00Z,1.613109115,19.286
2025-11-02T06:20:00Z,1.612009115,19.289
2025-11-02T06:30:00Z,1.614109115,19.256
2025-11-02T06:40:00Z,1.616809115,19.265
2025-11-02T06:50:00Z,1.607881383,19.222
2025-11-02T07:00:00Z,1.609481383,19.2
2025-11-02T07:10:00Z,1.611581383,19.189
2025-11-02T07:20:00Z,1.613881383,19.181
2025-11-02T07:30:00Z,1.604653651,19.18
2025-11-02T07:40:00Z,1.610753651,19.193
2025-11-02T07:50:00Z,1.613725919,19.225
2025-11-02T08:00:00Z,1.606670456,19.219
2025-11-02T08:10:00Z,1.609870456,19.265
2025-11-02T08:20:00Z,1.609342724,19.297
2025-11-02T08:30:00Z,1.610042724,19.354
2025-11-02T08:40:00Z,1.605514992,19.383
2025-11-02T08:50:00Z,1.612814992,19.401
2025-11-02T09:00:00Z,1.60868726,19.401
2025-11-02T09:10:00Z,1.61158726,19.427
2025-11-02T09:20:00Z,1.61508726,19.443
2025-11-02T09:30:00Z,1.60838726,19.453
2025-11-02T09:40:00Z,1.614314992,19.467
2025-11-02T09:50:00Z,1.611314992,19.481
2025-11-02T10:00:00Z,1.612914992,19.48
2025-11-02T10:10:00Z,1.613314992,19.499
2025-11-02T10:20:00Z,1.615414992,19.526
2025-11-02T10:30:00Z,1.614514992,19.538
2025-11-02T10:40:00Z,1.614014992,19.583
2025-11-02T10:50:00Z,1.612614992,19.608
2025-11-02T11:00:00Z,1.613114992,19.66
2025-11-02T11:10:00Z,1.610214992,19.698
2025-11-02T11:20:00Z,1.612242724,19.687
2025-11-02T11:30:00Z,1.616370456,19.703
2025-11-02T11:40:00Z,1.610170456,19.818
2025-11-02T11:50:00Z,1.615598187,19.917
2025-11-02T12:00:00Z,1.610198187,19.951
2025-11-02T12:10:00Z,1.616925919,19.956
2025-11-02T12:20:00Z,1.610725919,19.964
2025-11-02T12:30:00Z,1.616953651,19.967
2025-11-02T12:40:00Z,1.613653651,19.97
2025-11-02T12:50:00Z,1.609753651,20.015
2025-11-02T13:00:00Z,1.611881383,20.069
2025-11-02T13:10:00Z,1.617909115,20.147
2025-11-02T13:20:00Z,1.612409115,20.196
2025-11-02T13:30:00Z,1.616636847,20.229
2025-11-02T13:40:00Z,1.611636847,20.277
2025-11-02T13:50:00Z,1.617964579,20.313
2025-11-02T14:00:00Z,1.608264579,20.35
2025-11-02T14:10:00Z,1.616092311,20.388
2025-11-02T14:20:00Z,1.613392311,20.418
2025-11-02T14:30:00Z,1.614192311,20.439
2025-11-02T14:40:00Z,1.614192311,20.436
2025-11-02T14:50:00Z,1.612192311,20.442
2025-11-02T15:00:00Z,1.620292311,20.434
2025-11-02T15:10:00Z,1.614192311,20.415
2025-11-02T15:20:00Z,1.622092311,20.404
2025-11-02T15:30:00Z,1.615292311,20.422
2025-11-02T15:40:00Z,1.618892311,20.431
2025-11-02T15:50:00Z,1.607464579,20.414
2025-11-02T16:00:00Z,1.606764579,20.412
2025-11-02T16:10:00Z,1.615892311,20.404
2025-11-02T16:20:00Z,1.610792311,20.395
2025-11-02T16:30:00Z,1.618420042,20.386
2025-11-02T16:40:00Z,1.616020042,20.349
2025-11-02T16:50:00Z,1.616920042,20.313
2025-11-02T17:00:00Z,1.618620042,20.281
2025-11-02T17:10:00Z,1.608692311,20.269
2025-11-02T17:20:00Z,1.610292311,20.035
2025-11-02T17:30:00Z,1.613692311,19.907
2025-11-02T17:40:00Z,1.616392311,19.854
2025-11-02T17:50:00Z,1.616192311,19.855
2025-11-02T18:00:00Z,1.608364579,19.862
2025-11-02T18:10:00Z,1.610664579,19.884
2025-11-02T18:20:00Z,1.611164579,19.856
2025-11-02T18:30:00Z,1.613364579,19.824
2025-11-02T18:40:00Z,1.615764579,19.755
2025-11-02T18:50:00Z,1.608936847,19.765
2025-11-02T19:00:00Z,1.610336847,19.762
2025-11-02T19:10:00Z,1.607136847,19.71
2025-11-02T19:20:00Z,1.608236847,19.733
2025-11-02T19:30:00Z,1.614964579,19.585
2025-11-02T19:40:00Z,1.614064579,19.527
2025-11-02T19:50:00Z,1.621064579,19.429
2025-11-02T20:00:00Z,1.609036847,19.423
2025-11-02T20:10:00Z,1.612036847,19.502
2025-11-02T20:20:00Z,1.609909115,19.583
2025-11-02T20:30:00Z,1.612209115,19.454
2025-11-02T20:40:00Z,1.609181383,19.396
2025-11-02T20:50:00Z,1.611581383,19.421
2025-11-02T21:00:00Z,1.611781383,19.44
2025-11-02T21:10:00Z,1.611881383,19.382
2025-11-02T21:20:00Z,1.613381383,19.367
2025-11-02T21:30:00Z,1.615481383,19.428
2025-11-02T21:40:00Z,1.615081383,19.462
2025-11-02T21:50:00Z,1.616981383,19.5
2025-11-02T22:00:00Z,1.617081383,19.621
2025-11-02T22:10:00Z,1.617181383,19.663
2025-11-02T22:20:00Z,1.608453651,19.635
2025-11-02T22:30:00Z,1.611553651,19.642
2025-11-02T22:40:00Z,1.614753651,19.651
2025-11-02T22:50:00Z,1.612853651,19.621
2025-11-02T23:00:00Z,1.607053651,19.6
2025-11-02T23:10:00Z,1.614681383,19.553
2025-11-02T23:20:00Z,1.608481383,19.561
2025-11-02T23:30:00Z,1.618809115,19.56
2025-11-02T23:40:00Z,1.618409115,19.517
2025-11-02T23:50:00Z,1.606881383,19.505
2025-11-03T00:00:00Z,1.606081383,19.426
2025-11-03T00:10:00Z,1.605481383,19.403
2025-11-03T00:20:00Z,1.615409115,19.412
2025-11-03T00:30:00Z,1.615709115,19.419
2025-11-03T00:40:00Z,1.605481383,19.312
2025-11-03T00:50:00Z,1.605681383,19.24
2025-11-03T01:00:00Z,1.603281383,19.196
2025-11-03T01:10:00Z,1.605281383,19.137
2025-11-03T01:20:00Z,1.604281383,19.095
2025-11-03T01:30:00Z,1.613809115,19.052
2025-11-03T01:40:00Z,1.611509115,19.029
2025-11-03T01:50:00Z,1.604709115,18.978
2025-11-03T02:00:00Z,1.606309115,18.949
2025-11-03T02:10:00Z,1.603909115,18.934
2025-11-03T02:20:00Z,1.613036847,18.919
2025-11-03T02:30:00Z,1.614336847,18.937
2025-11-03T02:40:00Z,1.605609115,18.942
2025-11-03T02:50:00Z,1.604509115,19.003
2025-11-03T03:00:00Z,1.604409115,19.11
2025-11-03T03:10:00Z,1.606909115,19.151
2025-11-03T03:20:00Z,1.608309115,19.159
2025-11-03T03:30:00Z,1.611509115,19.138
2025-11-03T03:40:00Z,1.615109115,19.127
2025-11-03T03:50:00Z,1.607381383,19.126
2025-11-03T04:00:00Z,1.610181383,19.142
2025-11-03T04:10:00Z,1.613081383,19.136
2025-11-03T04:20:00Z,1.607253651,19.119
2025-11-03T04:30:00Z,1.608453651,19.08
2025-11-03T04:40:00Z,1.612753651,19.056
2025-11-03T04:50:00Z,1.611753651,19.035
2025-11-03T05:00:00Z,1.614353651,18.977
2025-11-03T05:10:00Z,1.607525919,19.016
2025-11-03T05:20:00Z,1.607925919,18.993
2025-11-03T05:30:00Z,1.607125919,19.012
2025-11-03T05:40:00Z,1.606725919,19.002
2025-11-03T05:50:00Z,1.610825919,19.023
2025-11-03T06:00:00Z,1.612825919,19.028
2025-11-03T06:10:00Z,1.611125919,19.075
2025-11-03T06:20:00Z,1.614725919,19.109
2025-11-03T06:30:00Z,1.604398187,19.129
2025-11-03T06:40:00Z,1.607798187,19.108
2025-11-03T06:50:00Z,1.609898187,19.089
2025-11-03T07:00:00Z,1.611298187,19.137
2025-11-03T07:10:00Z,1.610998187,19.135
2025-11-03T07:20:00Z,1.610398187,19.107
2025-11-03T07:30:00Z,1.611098187,19.111
2025-11-03T07:40:00Z,1.612798187,19.074
2025-11-03T07:50:00Z,1.606870456,19.064
2025-11-03T08:00:00Z,1.609670456,19.055
2025-11-03T08:10:00Z,1.610670456,19.021
2025-11-03T08:20:00Z,1.614270456,19.024
2025-11-03T08:30:00Z,1.615670456,19.037
2025-11-03T08:40:00Z,1.614970456,19.089
2025-11-03T08:50:00Z,1.612370456,19.104
2025-11-03T09:00:00Z,1.612270456,19.131
2025-11-03T09:10:00Z,1.612070456,19.152
2025-11-03T09:20:00Z,1.613570456,19.161
2025-11-03T09:30:00Z,1.610870456,19.162
2025-11-03T09:40:00Z,1.614170456,19.173
2025-11-03T09:50:00Z,1.614970456,19.186
2025-11-03T10:00:00Z,1.607242724,19.218
2025-11-03T10:10:00Z,1.608342724,19.24
2025-11-03T10:20:00Z,1.605242724,19.259
2025-11-03T10:30:00Z,1.615770456,19.289
2025-11-03T10:40:00Z,1.615270456,19.33
2025-11-03T10:50:00Z,1.613670456,19.385
2025-11-03T11:00:00Z,1.617170456,19.543
2025-11-03T11:10:00Z,1.614970456,19.701
2025-11-03T11:20:00Z,1.611870456,19.621
2025-11-03T11:30:00Z,1.609370456,19.651
2025-11-03T11:40:00Z,1.614498187,19.705
2025-11-03T11:50:00Z,1.609098187,19.771
2025-11-03T12:00:00Z,1.615625919,19.855
2025-11-03T12:10:00Z,1.611325919,19.858
2025-11-03T12:20:00Z,1.605425919,19.893
2025-11-03T12:30:00Z,1.613953651,19.944
2025-11-03T12:40:00Z,1.610953651,20.015
2025-11-03T12:50:00Z,1.608453651,20.031
2025-11-03T13:00:00Z,1.608953651,20.038
2025-11-03T13:10:00Z,1.617881383,20.071
2025-11-03T13:20:00Z,1.616881383,20.1
2025-11-03T13:30:00Z,1.617681383,20.129
2025-11-03T13:40:00Z,1.616581383,20.18
2025-11-03T13:50:00Z,1.614481383,20.228
2025-11-03T14:00:00Z,1.611781383,20.237
2025-11-03T14:10:00Z,1.616109115,20.276
2025-11-03T14:20:00Z,1.617009115,20.31
2025-11-03T14:30:00Z,1.612209115,20.324
2025-11-03T14:40:00Z,1.609009115,20.348
2025-11-03T14:50:00Z,1.608809115,20.354
2025-11-03T15:00:00Z,1.620036847,20.356
2025-11-03T15:10:00Z,1.618136847,20.363
2025-11-03T15:20:00Z,1.612736847,20.382
2025-11-03T15:30:00Z,1.610936847,20.353
2025-11-03T15:40:00Z,1.609836847,20.311
2025-11-03T15:50:00Z,1.612536847,20.307
2025-11-03T16:00:00Z,1.619836847,20.291
2025-11-03T16:10:00Z,1.614736847,20.32
2025-11-03T16:20:00Z,1.611709115,20.281
2025-11-03T16:30:00Z,1.610409115,20.207
2025-11-03T16:40:00Z,1.610709115,20.178
2025-11-03T16:50:00Z,1.612009115,20.164
2025-11-03T17:00:00Z,1.618009115,20.125
2025-11-03T17:10:00Z,1.617009115,20.08
2025-11-03T17:20:00Z,1.615309115,20.06
2025-11-03T17:30:00Z,1.614309115,20.116
2025-11-03T17:40:00Z,1.609809115,20.101
2025-11-03T17:50:00Z,1.615309115,20.081
2025-11-03T18:00:00Z,1.609481383,20.01
2025-11-03T18:10:00Z,1.613281383,20
2025-11-03T18:20:00Z,1.610281383,19.958
2025-11-03T18:30:00Z,1.609881383,19.895
2025-11-03T18:40:00Z,1.607081383,19.854
2025-11-03T18:50:00Z,1.605281383,19.75
2025-11-03T19:00:00Z,1.615309115,19.705
2025-11-03T19:10:00Z,1.614409115,19.738
2025-11-03T19:20:00Z,1.608281383,19.668
2025-11-03T19:30:00Z,1.609281383,19.652
2025-11-03T19:40:00Z,1.604053651,19.554
2025-11-03T19:50:00Z,1.608953651,19.617
2025-11-03T20:00:00Z,1.615353651,19.635
2025-11-03T20:10:00Z,1.608825919,19.671
2025-11-03T20:20:00Z,1.608725919,19.7
2025-11-03T20:30:00Z,1.608525919,19.711
2025-11-03T20:40:00Z,1.607725919,19.729
2025-11-03T20:50:00Z,1.609925919,19.725
2025-11-03T21:00:00Z,1.608425919,19.385
2025-11-03T21:10:00Z,1.608925919,19.332
2025-11-03T21:20:00Z,1.610325919,19.347
2025-11-03T21:30:00Z,1.610325919,19.324
2025-11-03T21:40:00Z,1.600698187,19.267
2025-11-03T21:50:00Z,1.606398187,19.237
2025-11-03T22:00:00Z,1.604698187,19.193
2025-11-03T22:10:00Z,1.606998187,19.236
2025-11-03T22:20:00Z,1.606698187,19.188
2025-11-03T22:30:00Z,1.606198187,19.15
2025-11-03T22:40:00Z,1.605898187,19.086
2025-11-03T22:50:00Z,1.606698187,19.155
2025-11-03T23:00:00Z,1.609998187,19.11
2025-11-03T23:10:00Z,1.611998187,19.121
2025-11-03T23:20:00Z,1.614798187,19.087
2025-11-03T23:30:00Z,1.615098187,19.064
2025-11-03T23:40:00Z,1.605870456,19.047
2025-11-03T23:50:00Z,1.605770456,19.029
2025-11-04T00:00:00Z,1.606770456,19.018
2025-11-04T00:10:00Z,1.607670456,19.132
2025-11-04T00:20:00Z,1.612370456,19.111
2025-11-04T00:30:00Z,1.611870456,18.97
2025-11-04T00:40:00Z,1.603042724,18.905
2025-11-04T00:50:00Z,1.613670456,18.871
2025-11-04T01:00:00Z,1.605842724,18.935
2025-11-04T01:10:00Z,1.604942724,19.017
2025-11-04T01:20:00Z,1.604042724,19.003
2025-11-04T01:30:00Z,1.614070456,18.976
2025-11-04T01:40:00Z,1.603342724,18.855
2025-11-04T01:50:00Z,1.604242724,18.811
2025-11-04T02:00:00Z,1.607042724,18.862
2025-11-04T02:10:00Z,1.607142724,18.879
2025-11-04T02:20:00Z,1.604542724,18.896
2025-11-04T02:30:00Z,1.611470456,18.887
2025-11-04T02:40:00Z,1.609570456,19.013
2025-11-04T02:50:00Z,1.607770456,19
2025-11-04T03:00:00Z,1.606570456,18.83
2025-11-04T03:10:00Z,1.606170456,18.77
2025-11-04T03:20:00Z,1.604570456,18.75
2025-11-04T03:30:00Z,1.604370456,18.718
2025-11-04T03:40:00Z,1.603870456,18.694
2025-11-04T03:50:00Z,1.613098187,18.708
2025-11-04T04:00:00Z,1.610698187,18.747
2025-11-04T04:10:00Z,1.613398187,18.741
2025-11-04T04:20:00Z,1.605470456,18.71
2025-11-04T04:30:00Z,1.610070456,18.687
2025-11-04T04:40:00Z,1.613670456,18.694
2025-11-04T04:50:00Z,1.602942724,18.709
2025-11-04T05:00:00Z,1.606042724,18.711
2025-11-04T05:10:00Z,1.606742724,18.688
2025-11-04T05:20:00Z,1.607842724,18.673
2025-11-04T05:30:00Z,1.607842724,18.852
2025-11-04T05:40:00Z,1.605542724,18.698
2025-11-04T05:50:00Z,1.607942724,18.729
2025-11-04T06:00:00Z,1.606342724,18.675
2025-11-04T06:10:00Z,1.608742724,18.793
2025-11-04T06:20:00Z,1.609942724,18.851
2025-11-04T06:30:00Z,1.612742724,18.935
2025-11-04T06:40:00Z,1.605614992,18.903
2025-11-04T06:50:00Z,1.606814992,18.722
2025-11-04T07:00:00Z,1.611214992,18.672
2025-11-04T07:10:00Z,1.613914992,18.597
2025-11-04T07:20:00Z,1.60728726,18.718
2025-11-04T07:30:00Z,1.61108726,18.811
2025-11-04T07:40:00Z,1.61358726,18.838
2025-11-04T07:50:00Z,1.605059528,18.862
2025-11-04T08:00:00Z,1.607059528,18.921
2025-11-04T08:10:00Z,1.607259528,18.96
2025-11-04T08:20:00Z,1.606159528,18.913
2025-11-04T08:30:00Z,1.607259528,18.994
2025-11-04T08:40:00Z,1.608559528,19.021
2025-11-04T08:50:00Z,1.611059528,18.988
2025-11-04T09:00:00Z,1.611159528,19.024
2025-11-04T09:10:00Z,1.602431796,19.082
2025-11-04T09:20:00Z,1.612659528,19.113
2025-11-04T09:30:00Z,1.613059528,19.136
2025-11-04T09:40:00Z,1.612759528,19.149
2025-11-04T09:50:00Z,1.613959528,19.163
2025-11-04T10:00:00Z,1.616759528,19.174
2025-11-04T10:10:00Z,1.613259528,19.183
2025-11-04T10:20:00Z,1.612359528,19.207
2025-11-04T10:30:00Z,1.614759528,19.272
2025-11-04T10:40:00Z,1.616259528,19.355
2025-11-04T10:50:00Z,1.605531796,19.418
2025-11-04T11:00:00Z,1.605731796,19.464
2025-11-04T11:10:00Z,1.602731796,19.53
2025-11-04T11:20:00Z,1.598031796,19.583
2025-11-04T11:30:00Z,1.607459528,19.642
2025-11-04T11:40:00Z,1.608259528,19.728
2025-11-04T11:50:00Z,1.606759528,19.806
2025-11-04T12:00:00Z,1.605659528,19.86
2025-11-04T12:10:00Z,1.61098726,19.916
2025-11-04T12:20:00Z,1.60598726,19.983
2025-11-04T12:30:00Z,1.609814992,20.02
2025-11-04T12:40:00Z,1.604214992,20.07
2025-11-04T12:50:00Z,1.603814992,20.119
2025-11-04T13:00:00Z,1.612642724,20.184
2025-11-04T13:10:00Z,1.607942724,20.239
2025-11-04T13:20:00Z,1.605442724,20.306
2025-11-04T13:30:00Z,1.609270456,20.367
2025-11-04T13:40:00Z,1.603570456,20.417
2025-11-04T13:50:00Z,1.602070456,20.492
2025-11-04T14:00:00Z,1.602470456,20.533
2025-11-04T14:10:00Z,1.603770456,20.571
2025-11-04T14:20:00Z,1.612498187,20.595
2025-11-04T14:30:00Z,1.609798187,20.621
2025-11-04T14:40:00Z,1.609898187,20.623
2025-11-04T14:50:00Z,1.607998187,20.635
2025-11-04T15:00:00Z,1.604698187,20.645
2025-11-04T15:10:00Z,1.606698187,20.662
2025-11-04T15:20:00Z,1.606598187,20.644
2025-11-04T15:30:00Z,1.605898187,20.602
2025-11-04T15:40:00Z,1.613725919,20.551
2025-11-04T15:50:00Z,1.611225919,20.523
2025-11-04T16:00:00Z,1.603498187,20.505
2025-11-04T16:10:00Z,1.601498187,20.553
2025-11-04T16:20:00Z,1.611925919,20.506
2025-11-04T16:30:00Z,1.610325919,20.46
2025-11-04T16:40:00Z,1.607525919,20.431
2025-11-04T16:50:00Z,1.607225919,20.397
2025-11-04T17:00:00Z,1.606125919,20.387
2025-11-04T17:10:00Z,1.609925919,20.372
2025-11-04T17:20:00Z,1.609525919,20.327
2025-11-04T17:30:00Z,1.606225919,20.203
2025-11-04T17:40:00Z,1.610825919,20.064
2025-11-04T17:50:00Z,1.610625919,19.938
2025-11-04T18:00:00Z,1.611425919,19.957
2025-11-04T18:10:00Z,1.601398187,19.972
2025-11-04T18:20:00Z,1.601898187,19.967
2025-11-04T18:30:00Z,1.601798187,19.938
2025-11-04T18:40:00Z,1.605498187,20.035
2025-11-04T18:50:00Z,1.608998187,20.052
2025-11-04T19:00:00Z,1.607198187,20.026
2025-11-04T19:10:00Z,1.612098187,19.996
2025-11-04T19:20:00Z,1.610998187,19.883
2025-11-04T19:30:00Z,1.605870456,19.766
2025-11-04T19:40:00Z,1.603970456,19.732
2025-11-04T19:50:00Z,1.607170456,19.718
2025-11-04T20:00:00Z,1.607242724,19.734
2025-11-04T20:10:00Z,1.605414992,19.591
2025-11-04T20:20:00Z,1.60318726,19.561
2025-11-04T20:30:00Z,1.60638726,19.516
2025-11-04T20:40:00Z,1.60518726,19.508
2025-11-04T20:50:00Z,1.60998726,19.545
2025-11-04T21:00:00Z,1.605259528,19.552
2025-11-04T21:10:00Z,1.606359528,19.566
2025-11-04T21:20:00Z,1.606959528,19.594
2025-11-04T21:30:00Z,1.610859528,19.609
2025-11-04T21:40:00Z,1.613559528,19.585
2025-11-04T21:50:00Z,1.605231796,19.623
2025-11-04T22:00:00Z,1.608531796,19.606
2025-11-04T22:10:00Z,1.609131796,19.596
2025-11-04T22:20:00Z,1.612459528,19.608
2025-11-04T22:30:00Z,1.609731796,19.629
2025-11-04T22:40:00Z,1.606231796,19.614
2025-11-04T22:50:00Z,1.605959528,19.561
2025-11-04T23:00:00Z,1.61238726,19.488
2025-11-04T23:10:00Z,1.60878726,19.465
2025-11-04T23:20:00Z,1.60208726,19.401
2025-11-04T23:30:00Z,1.60128726,19.35
2025-11-04T23:40:00Z,1.606059528,19.334
2025-11-04T23:50:00Z,1.611959528,19.503
2025-11-05T00:00:00Z,1.608331796,19.483
2025-11-05T00:10:00Z,1.609631796,19.43
2025-11-05T00:20:00Z,1.604104064,19.469
2025-11-05T00:30:00Z,1.607404064,19.491
2025-11-05T00:40:00Z,1.608231796,19.548
2025-11-05T00:50:00Z,1.609831796,19.533
2025-11-05T01:00:00Z,1.610431796,19.532
2025-11-05T01:10:00Z,1.606931796,19.501
2025-11-05T01:20:00Z,1.607304064,19.477
2025-11-05T01:30:00Z,1.604704064,19.432
2025-11-05T01:40:00Z,1.607731796,19.424
2025-11-05T01:50:00Z,1.605431796,19.373
2025-11-05T02:00:00Z,1.609259528,19.267
2025-11-05T02:10:00Z,1.604431796,19.175
2025-11-05T02:20:00Z,1.608359528,19.257
2025-11-05T02:30:00Z,1.609431796,19.28
2025-11-05T02:40:00Z,1.605104064,19.188
2025-11-05T02:50:00Z,1.604704064,19.225
2025-11-05T03:00:00Z,1.611176332,19.235
2025-11-05T03:10:00Z,1.605476332,19.241
2025-11-05T03:20:00Z,1.601148601,19.285
2025-11-05T03:30:00Z,1.607248601,19.262
2025-11-05T03:40:00Z,1.609220869,19.265
2025-11-05T03:50:00Z,1.601920869,19.285
2025-11-05T04:00:00Z,1.610048601,19.256
2025-11-05T04:10:00Z,1.611348601,19.233
2025-11-05T04:20:00Z,1.607720869,19.254
2025-11-05T04:30:00Z,1.608093137,19.286
2025-11-05T04:40:00Z,1.603593137,19.3
2025-11-05T04:50:00Z,1.602093137,19.3
2025-11-05T05:00:00Z,1.612920869,19.307
2025-11-05T05:10:00Z,1.608620869,19.309
2025-11-05T05:20:00Z,1.602120869,19.316
2025-11-05T05:30:00Z,1.607348601,19.218
2025-11-05T05:40:00Z,1.604948601,19.174
2025-11-05T05:50:00Z,1.605548601,19.076
2025-11-05T06:00:00Z,1.602948601,18.933
2025-11-05T06:10:00Z,1.601320869,18.842
2025-11-05T06:20:00Z,1.607120869,18.94
2025-11-05T06:30:00Z,1.612720869,18.88
2025-11-05T06:40:00Z,1.605093137,18.944
2025-11-05T06:50:00Z,1.612393137,18.935
2025-11-05T07:00:00Z,1.607365405,18.793
2025-11-05T07:10:00Z,1.604637673,18.745
2025-11-05T07:20:00Z,1.605637673,18.759
2025-11-05T07:30:00Z,1.608237673,18.795
2025-11-05T07:40:00Z,1.611037673,18.928
2025-11-05T07:50:00Z,1.612737673,18.979
2025-11-05T08:00:00Z,1.614909941,18.993
2025-11-05T08:10:00Z,1.610109941,19.018
2025-11-05T08:20:00Z,1.610082209,19.039
2025-11-05T08:30:00Z,1.613982209,19.087
2025-11-05T08:40:00Z,1.604954478,19.024
2025-11-05T08:50:00Z,1.608954478,19.108
2025-11-05T09:00:00Z,1.608226746,19.143
2025-11-05T09:10:00Z,1.604399014,19.111
2025-11-05T09:20:00Z,1.605099014,19.077
2025-11-05T09:30:00Z,1.607299014,19.093
2025-11-05T09:40:00Z,1.601699014,19.114
2025-11-05T09:50:00Z,1.607726746,19.124
2025-11-05T10:00:00Z,1.602999014,19.167
2025-11-05T10:10:00Z,1.606399014,19.241
2025-11-05T10:20:00Z,1.602599014,19.268
2025-11-05T10:30:00Z,1.612726746,19.351
2025-11-05T10:40:00Z,1.607499014,19.447
2025-11-05T10:50:00Z,1.608899014,19.463
2025-11-05T11:00:00Z,1.608099014,19.486
2025-11-05T11:10:00Z,1.600899014,19.529
2025-11-05T11:20:00Z,1.600726746,19.606
2025-11-05T11:30:00Z,1.606554478,19.672
2025-11-05T11:40:00Z,1.600354478,19.727
2025-11-05T11:50:00Z,1.600554478,19.803
2025-11-05T12:00:00Z,1.601382209,19.878
2025-11-05T12:10:00Z,1.600982209,19.874
2025-11-05T12:20:00Z,1.607509941,19.928
2025-11-05T12:30:00Z,1.600409941,19.994
2025-11-05T12:40:00Z,1.603637673,20.082
2025-11-05T12:50:00Z,1.609065405,20.186
2025-11-05T13:00:00Z,1.604265405,20.232
2025-11-05T13:10:00Z,1.601265405,20.296
2025-11-05T13:20:00Z,1.597365405,20.273
2025-11-05T13:30:00Z,1.609093137,20.319
2025-11-05T13:40:00Z,1.602293137,20.321
2025-11-05T13:50:00Z,1.600793137,20.323
2025-11-05T14:00:00Z,1.600493137,20.341
2025-11-05T14:10:00Z,1.598593137,20.33
2025-11-05T14:20:00Z,1.603193137,20.328
2025-11-05T14:30:00Z,1.602193137,20.304
2025-11-05T14:40:00Z,1.602993137,20.262
2025-11-05T14:50:00Z,1.599593137,20.259
2025-11-05T15:00:00Z,1.606620869,20.235
2025-11-05T15:10:00Z,1.606820869,20.219
2025-11-05T15:20:00Z,1.603220869,20.202
2025-11-05T15:30:00Z,1.600620869,20.192
2025-11-05T15:40:00Z,1.599120869,20.168
2025-11-05T15:50:00Z,1.607148601,20.151
2025-11-05T16:00:00Z,1.600320869,20.126
2025-11-05T16:10:00Z,1.603720869,20.13
2025-11-05T16:20:00Z,1.607120869,20.1
2025-11-05T16:30:00Z,1.598893137,20.078
2025-11-05T16:40:00Z,1.601193137,20.054
2025-11-05T16:50:00Z,1.601693137,20.048
2025-11-05T17:00:00Z,1.598893137,20.024
2025-11-05T17:10:00Z,1.599293137,19.984
2025-11-05T17:20:00Z,1.604893137,19.938
2025-11-05T17:30:00Z,1.607593137,19.914
2025-11-05T17:40:00Z,1.605493137,19.871
2025-11-05T17:50:00Z,1.599165405,19.818
2025-11-05T18:00:00Z,1.603865405,19.79
2025-11-05T18:10:00Z,1.606165405,19.716
2025-11-05T18:20:00Z,1.607065405,19.672
2025-11-05T18:30:00Z,1.607665405,19.651
2025-11-05T18:40:00Z,1.608465405,19.655
2025-11-05T18:50:00Z,1.602065405,19.619
2025-11-05T19:00:00Z,1.599665405,19.572
2025-11-05T19:10:00Z,1.599365405,19.523
2025-11-05T19:20:00Z,1.607593137,19.526
2025-11-05T19:30:00Z,1.599565405,19.537
2025-11-05T19:40:00Z,1.602565405,19.519
2025-11-05T19:50:00Z,1.602265405,19.514
2025-11-05T20:00:00Z,1.606365405,19.52
2025-11-05T20:10:00Z,1.603537673,19.535
2025-11-05T20:20:00Z,1.610437673,19.532
2025-11-05T20:30:00Z,1.606937673,19.521
2025-11-05T20:40:00Z,1.607637673,19.557
2025-11-05T20:50:00Z,1.603737673,19.555
2025-11-05T21:00:00Z,1.603037673,19.566
2025-11-05T21:10:00Z,1.600037673,19.5
2025-11-05T21:20:00Z,1.598237673,19.4
2025-11-05T21:30:00Z,1.601737673,19.393
2025-11-05T21:40:00Z,1.598137673,19.354
2025-11-05T21:50:00Z,1.599037673,19.281
2025-11-05T22:00:00Z,1.599037673,19.244
2025-11-05T22:10:00Z,1.602737673,19.25
2025-11-05T22:20:00Z,1.603837673,19.251
2025-11-05T22:30:00Z,1.604637673,19.251
2025-11-05T22:40:00Z,1.599237673,19.258
2025-11-05T22:50:00Z,1.600537673,19.26
2025-11-05T23:00:00Z,1.600337673,19.253
2025-11-05T23:10:00Z,1.597837673,19.232
2025-11-05T23:20:00Z,1.604265405,19.173
2025-11-05T23:30:00Z,1.601165405,19.145
2025-11-05T23:40:00Z,1.602865405,19.111
2025-11-05T23:50:00Z,1.599265405,19.092
2025-11-06T00:00:00Z,1.598565405,19.061
2025-11-06T00:10:00Z,1.598765405,19.038
2025-11-06T00:20:00Z,1.605793137,19.008
2025-11-06T00:30:00Z,1.603493137,19.004
2025-11-06T00:40:00Z,1.602193137,19.038
2025-11-06T00:50:00Z,1.597493137,19.057
2025-11-06T01:00:00Z,1.595693137,19.032
2025-11-06T01:10:00Z,1.606920869,19.019
2025-11-06T01:20:00Z,1.603220869,19.036
2025-11-06T01:30:00Z,1.596720869,19.018
2025-11-06T01:40:00Z,1.600948601,19.031
2025-11-06T01:50:00Z,1.601748601,18.963
2025-11-06T02:00:00Z,1.598148601,18.821
2025-11-06T02:10:00Z,1.591148601,18.873
2025-11-06T02:20:00Z,1.602376332,18.886
2025-11-06T02:30:00Z,1.603476332,18.85
2025-11-06T02:40:00Z,1.604076332,18.83
2025-11-06T02:50:00Z,1.602576332,18.662
2025-11-06T03:00:00Z,1.603476332,18.653
2025-11-06T03:10:00Z,1.601776332,18.649
2025-11-06T03:20:00Z,1.596676332,18.625
2025-11-06T03:30:00Z,1.605004064,18.606
2025-11-06T03:40:00Z,1.605604064,18.605
2025-11-06T03:50:00Z,1.602204064,18.59
2025-11-06T04:00:00Z,1.597304064,18.58
2025-11-06T04:10:00Z,1.604331796,18.529
2025-11-06T04:20:00Z,1.601031796,18.489
2025-11-06T04:30:00Z,1.597731796,18.482
2025-11-06T04:40:00Z,1.607259528,18.567
2025-11-06T04:50:00Z,1.604859528,18.672
2025-11-06T05:00:00Z,1.605559528,18.756
2025-11-06T05:10:00Z,1.603059528,18.784
2025-11-06T05:20:00Z,1.601759528,18.792
2025-11-06T05:30:00Z,1.598359528,18.796
2025-11-06T05:40:00Z,1.598159528,18.768
2025-11-06T05:50:00Z,1.595559528,18.763
2025-11-06T06:00:00Z,1.600959528,18.751
2025-11-06T06:10:00Z,1.595531796,18.731
2025-11-06T06:20:00Z,1.597831796,18.664
2025-11-06T06:30:00Z,1.602631796,18.644
2025-11-06T06:40:00Z,1.605431796,18.614
2025-11-06T06:50:00Z,1.606231796,18.647
2025-11-06T07:00:00Z,1.597504064,18.646
2025-11-06T07:10:00Z,1.600304064,18.654
2025-11-06T07:20:00Z,1.600304064,18.672
2025-11-06T07:30:00Z,1.603404064,18.673
2025-11-06T07:40:00Z,1.606904064,18.675
2025-11-06T07:50:00Z,1.598876332,18.673
2025-11-06T08:00:00Z,1.599976332,18.658
2025-11-06T08:10:00Z,1.599676332,18.625
2025-11-06T08:20:00Z,1.595676332,18.608
2025-11-06T08:30:00Z,1.601376332,18.581
2025-11-06T08:40:00Z,1.601776332,18.642
2025-11-06T08:50:00Z,1.600576332,18.694
2025-11-06T09:00:00Z,1.597976332,18.697
2025-11-06T09:10:00Z,1.608904064,18.745
2025-11-06T09:20:00Z,1.599476332,18.812
2025-11-06T09:30:00Z,1.608304064,18.959
2025-11-06T09:40:00Z,1.609704064,19.03
2025-11-06T09:50:00Z,1.606804064,19.122
2025-11-06T10:00:00Z,1.604104064,19.174
2025-11-06T10:10:00Z,1.606504064,19.232
2025-11-06T10:20:00Z,1.605704064,19.309
2025-11-06T10:30:00Z,1.604431796,19.372
2025-11-06T10:40:00Z,1.603531796,19.347
2025-11-06T10:50:00Z,1.602931796,19.37
2025-11-06T11:00:00Z,1.598931796,19.483
2025-11-06T11:10:00Z,1.607759528,19.608
2025-11-06T11:20:00Z,1.607859528,19.685
2025-11-06T11:30:00Z,1.602359528,19.773
2025-11-06T11:40:00Z,1.60728726,19.865
2025-11-06T11:50:00Z,1.608614992,19.955
2025-11-06T12:00:00Z,1.603014992,20.009
2025-11-06T12:10:00Z,1.610142724,20.065
2025-11-06T12:20:00Z,1.605342724,20.083
2025-11-06T12:30:00Z,1.605942724,20.186
2025-11-06T12:40:00Z,1.606970456,20.158
2025-11-06T12:50:00Z,1.604570456,20.156
2025-11-06T13:00:00Z,1.603170456,20.237
2025-11-06T13:10:00Z,1.610398187,20.231
2025-11-06T13:20:00Z,1.602098187,20.281
2025-11-06T13:30:00Z,1.608025919,20.275
2025-11-06T13:40:00Z,1.602925919,20.361
2025-11-06T13:50:00Z,1.596725919,20.347
2025-11-06T14:00:00Z,1.602753651,20.402
2025-11-06T14:10:00Z,1.600153651,20.414
2025-11-06T14:20:00Z,1.595553651,20.407
2025-11-06T14:30:00Z,1.606181383,20.439
2025-11-06T14:40:00Z,1.603581383,20.44
2025-11-06T14:50:00Z,1.600281383,20.44
2025-11-06T15:00:00Z,1.599881383,20.457
2025-11-06T15:10:00Z,1.607009115,20.413
2025-11-06T15:20:00Z,1.603209115,20.419
2025-11-06T15:30:00Z,1.602109115,20.417
2025-11-06T15:40:00Z,1.606336847,20.409
2025-11-06T15:50:00Z,1.607136847,20.391
2025-11-06T16:00:00Z,1.605836847,20.346
2025-11-06T16:10:00Z,1.604836847,20.32
2025-11-06T16:20:00Z,1.603436847,20.305
2025-11-06T16:30:00Z,1.607636847,20.236
2025-11-06T16:40:00Z,1.604236847,20.218
2025-11-06T16:50:00Z,1.602336847,20.197
2025-11-06T17:00:00Z,1.600936847,20.174
2025-11-06T17:10:00Z,1.608364579,20.147
2025-11-06T17:20:00Z,1.598636847,20.144
2025-11-06T17:30:00Z,1.604464579,20.143
2025-11-06T17:40:00Z,1.605764579,20.104
2025-11-06T17:50:00Z,1.606964579,20.053
2025-11-06T18:00:00Z,1.608464579,20.006
2025-11-06T18:10:00Z,1.597936847,19.969
2025-11-06T18:20:00Z,1.606664579,19.937
2025-11-06T18:30:00Z,1.603864579,19.921
2025-11-06T18:40:00Z,1.602364579,19.878
2025-11-06T18:50:00Z,1.602464579,19.845
2025-11-06T19:00:00Z,1.603464579,19.809
2025-11-06T19:10:00Z,1.604264579,19.822
2025-11-06T19:20:00Z,1.608864579,19.809
2025-11-06T19:30:00Z,1.607164579,19.801
2025-11-06T19:40:00Z,1.605564579,19.757
2025-11-06T19:50:00Z,1.607664579,19.74
2025-11-06T20:00:00Z,1.603964579,19.724
2025-11-06T20:10:00Z,1.606464579,19.678
2025-11-06T20:20:00Z,1.606064579,19.634
2025-11-06T20:30:00Z,1.603964579,19.599
2025-11-06T20:40:00Z,1.602764579,19.585
2025-11-06T20:50:00Z,1.596136847,19.608
2025-11-06T21:00:00Z,1.611164579,19.612
2025-11-06T21:10:00Z,1.600836847,19.616
2025-11-06T21:20:00Z,1.600636847,19.643
2025-11-06T21:30:00Z,1.600736847,19.643
2025-11-06T21:40:00Z,1.602936847,19.613
2025-11-06T21:50:00Z,1.605136847,19.612
2025-11-06T22:00:00Z,1.601736847,19.586
2025-11-06T22:10:00Z,1.602336847,19.557
2025-11-06T22:20:00Z,1.598736847,19.562
2025-11-06T22:30:00Z,1.600036847,19.573
2025-11-06T22:40:00Z,1.597036847,19.473
2025-11-06T22:50:00Z,1.595236847,19.427
2025-11-06T23:00:00Z,1.598636847,19.434
2025-11-06T23:10:00Z,1.598136847,19.384
2025-11-06T23:20:00Z,1.607464579,19.41
2025-11-06T23:30:00Z,1.605164579,19.419
2025-11-06T23:40:00Z,1.602464579,19.408
2025-11-06T23:50:00Z,1.599064579,19.403
2025-11-07T00:00:00Z,1.600864579,19.417
2025-11-07T00:10:00Z,1.607592311,19.416
2025-11-07T00:20:00Z,1.604792311,19.418
2025-11-07T00:30:00Z,1.599392311,19.409
2025-11-07T00:40:00Z,1.601892311,19.359
2025-11-07T00:50:00Z,1.608620042,19.365
2025-11-07T01:00:00Z,1.605320042,19.346
2025-11-07T01:10:00Z,1.601920042,19.372
2025-11-07T01:20:00Z,1.602320042,19.339
2025-11-07T01:30:00Z,1.607147774,19.291
2025-11-07T01:40:00Z,1.602747774,19.293
2025-11-07T01:50:00Z,1.602747774,19.288
2025-11-07T02:00:00Z,1.600647774,19.252
2025-11-07T02:10:00Z,1.597847774,19.228
2025-11-07T02:20:00Z,1.607975506,19.257
2025-11-07T02:30:00Z,1.603775506,19.253
2025-11-07T02:40:00Z,1.607075506,19.225
2025-11-07T02:50:00Z,1.605975506,19.217
2025-11-07T03:00:00Z,1.604675506,19.186
2025-11-07T03:10:00Z,1.609603238,19.171
2025-11-07T03:20:00Z,1.603303238,19.103
2025-11-07T03:30:00Z,1.601403238,19.089
2025-11-07T03:40:00Z,1.60893097,19.033
2025-11-07T03:50:00Z,1.61063097,19.008
2025-11-07T04:00:00Z,1.60843097,18.952
2025-11-07T04:10:00Z,1.60553097,18.915
2025-11-07T04:20:00Z,1.60983097,18.883
2025-11-07T04:30:00Z,1.60713097,18.836
2025-11-07T04:40:00Z,1.602503238,18.819
2025-11-07T04:50:00Z,1.599603238,18.812
2025-11-07T05:00:00Z,1.600103238,18.81
2025-11-07T05:10:00Z,1.608503238,18.794
2025-11-07T05:20:00Z,1.603203238,18.789
2025-11-07T05:30:00Z,1.605703238,18.796
2025-11-07T05:40:00Z,1.605703238,18.781
2025-11-07T05:50:00Z,1.606903238,18.756
2025-11-07T06:00:00Z,1.609403238,18.708
2025-11-07T06:10:00Z,1.598775506,18.703
2025-11-07T06:20:00Z,1.602875506,18.623
2025-11-07T06:30:00Z,1.609475506,18.626
2025-11-07T06:40:00Z,1.607675506,18.652
2025-11-07T06:50:00Z,1.603547774,18.598
2025-11-07T07:00:00Z,1.601447774,18.603
2025-11-07T07:10:00Z,1.605947774,18.643
2025-11-07T07:20:00Z,1.607747774,18.69
2025-11-07T07:30:00Z,1.610047774,18.742
2025-11-07T07:40:00Z,1.613047774,18.725
2025-11-07T07:50:00Z,1.613547774,18.719
2025-11-07T08:00:00Z,1.603220042,18.723
2025-11-07T08:10:00Z,1.608547774,18.76
2025-11-07T08:20:00Z,1.611647774,18.777
2025-11-07T08:30:00Z,1.614247774,18.775
2025-11-07T08:40:00Z,1.601220042,18.797
2025-11-07T08:50:00Z,1.614547774,18.685
2025-11-07T09:00:00Z,1.614647774,18.665
2025-11-07T09:10:00Z,1.605720042,18.742
2025-11-07T09:20:00Z,1.610920042,18.81
2025-11-07T09:30:00Z,1.612120042,19.057
2025-11-07T09:40:00Z,1.610720042,19.165
2025-11-07T09:50:00Z,1.612020042,19.254
2025-11-07T10:00:00Z,1.608820042,19.263
2025-11-07T10:10:00Z,1.607920042,19.265
2025-11-07T10:20:00Z,1.610347774,19.28
2025-11-07T10:30:00Z,1.608947774,19.38
2025-11-07T10:40:00Z,1.603647774,19.395
2025-11-07T10:50:00Z,1.612675506,19.417
2025-11-07T11:00:00Z,1.616603238,19.492
2025-11-07T11:10:00Z,1.610103238,19.582
2025-11-07T11:20:00Z,1.61553097,19.667
2025-11-07T11:30:00Z,1.60933097,19.748
2025-11-07T11:40:00Z,1.619158702,19.807
2025-11-07T11:50:00Z,1.612958702,19.894
2025-11-07T12:00:00Z,1.617386434,19.961
2025-11-07T12:10:00Z,1.609786434,19.998
2025-11-07T12:20:00Z,1.613014166,20.121
2025-11-07T12:30:00Z,1.607614166,20.205
2025-11-07T12:40:00Z,1.611441897,20.225
2025-11-07T12:50:00Z,1.613569629,20.3
2025-11-07T13:00:00Z,1.616297361,20.404
2025-11-07T13:10:00Z,1.608797361,20.488
2025-11-07T13:20:00Z,1.606697361,20.656
2025-11-07T13:30:00Z,1.615525093,20.756
2025-11-07T13:40:00Z,1.608425093,20.653
2025-11-07T13:50:00Z,1.608025093,20.791
2025-11-07T14:00:00Z,1.616552825,20.862
2025-11-07T14:10:00Z,1.612752825,20.787
2025-11-07T14:20:00Z,1.609652825,20.653
2025-11-07T14:30:00Z,1.607052825,20.579
2025-11-07T14:40:00Z,1.615780557,20.491
2025-11-07T14:50:00Z,1.612780557,20.442
2025-11-07T15:00:00Z,1.609480557,20.427
2025-11-07T15:10:00Z,1.606580557,20.421
2025-11-07T15:20:00Z,1.606080557,20.418
2025-11-07T15:30:00Z,1.605880557,20.477
2025-11-07T15:40:00Z,1.602380557,20.372
2025-11-07T15:50:00Z,1.611608289,20.356
2025-11-07T16:00:00Z,1.610708289,20.315
2025-11-07T16:10:00Z,1.607208289,20.364
2025-11-07T16:20:00Z,1.606808289,20.265
2025-11-07T16:30:00Z,1.605508289,20.332
2025-11-07T16:40:00Z,1.608108289,20.261
2025-11-07T16:50:00Z,1.609708289,20.248
2025-11-07T17:00:00Z,1.606508289,20.218
2025-11-07T17:10:00Z,1.605608289,20.225
2025-11-07T17:20:00Z,1.606708289,20.164
2025-11-07T17:30:00Z,1.606108289,20.155
2025-11-07T17:40:00Z,1.608008289,20.154
2025-11-07T17:50:00Z,1.612908289,20.139
2025-11-07T18:00:00Z,1.612308289,20.135
2025-11-07T18:10:00Z,1.611908289,20.108
2025-11-07T18:20:00Z,1.600880557,20.074
2025-11-07T18:30:00Z,1.611008289,20.041
2025-11-07T18:40:00Z,1.610008289,20.03
2025-11-07T18:50:00Z,1.609108289,20.016
2025-11-07T19:00:00Z,1.618136021,20.012
2025-11-07T19:10:00Z,1.609536021,20
2025-11-07T19:20:00Z,1.611736021,19.956
2025-11-07T19:30:00Z,1.609136021,19.97
2025-11-07T19:40:00Z,1.614636021,19.986
2025-11-07T19:50:00Z,1.612108289,19.984
2025-11-07T20:00:00Z,1.612208289,19.963
2025-11-07T20:10:00Z,1.613608289,19.836
2025-11-07T20:20:00Z,1.604180557,19.795
2025-11-07T20:30:00Z,1.602880557,19.783
2025-11-07T20:40:00Z,1.604680557,19.763
2025-11-07T20:50:00Z,1.609780557,19.761
2025-11-07T21:00:00Z,1.611180557,19.758
2025-11-07T21:10:00Z,1.605252825,19.729
2025-11-07T21:20:00Z,1.610752825,19.705
2025-11-07T21:30:00Z,1.610552825,19.688
2025-11-07T21:40:00Z,1.612352825,19.672
2025-11-07T21:50:00Z,1.610952825,19.656
2025-11-07T22:00:00Z,1.614652825,19.688
2025-11-07T22:10:00Z,1.605325093,19.687
2025-11-07T22:20:00Z,1.615152825,19.668
2025-11-07T22:30:00Z,1.605225093,19.635
2025-11-07T22:40:00Z,1.607225093,19.585
2025-11-07T22:50:00Z,1.607825093,19.564
2025-11-07T23:00:00Z,1.607825093,19.529
2025-11-07T23:10:00Z,1.606625093,19.512
2025-11-07T23:20:00Z,1.608725093,19.5
2025-11-07T23:30:00Z,1.611725093,19.473
2025-11-07T23:40:00Z,1.605497361,19.452
2025-11-07T23:50:00Z,1.606697361,19.414
2025-11-08T00:00:00Z,1.608397361,19.343
2025-11-08T00:10:00Z,1.609397361,19.385
2025-11-08T00:20:00Z,1.612397361,19.442
2025-11-08T00:30:00Z,1.611897361,19.478
2025-11-08T00:40:00Z,1.610597361,19.486
2025-11-08T00:50:00Z,1.608397361,19.506
2025-11-08T01:00:00Z,1.605797361,19.501
2025-11-08T01:10:00Z,1.603197361,19.497
2025-11-08T01:20:00Z,1.607797361,19.473
2025-11-08T01:30:00Z,1.608497361,19.445
2025-11-08T01:40:00Z,1.606797361,19.449
2025-11-08T01:50:00Z,1.606697361,19.427
2025-11-08T02:00:00Z,1.608397361,19.42
2025-11-08T02:10:00Z,1.606097361,19.393
2025-11-08T02:20:00Z,1.605797361,19.349
2025-11-08T02:30:00Z,1.614025093,19.308
2025-11-08T02:40:00Z,1.613125093,19.304
2025-11-08T02:50:00Z,1.609925093,19.329
2025-11-08T03:00:00Z,1.606725093,19.35
2025-11-08T03:10:00Z,1.607925093,19.357
2025-11-08T03:20:00Z,1.606325093,19.346
2025-11-08T03:30:00Z,1.607325093,19.33
2025-11-08T03:40:00Z,1.606225093,19.32
2025-11-08T03:50:00Z,1.608525093,19.298
2025-11-08T04:00:00Z,1.611025093,19.264
2025-11-08T04:10:00Z,1.604597361,19.243
2025-11-08T04:20:00Z,1.604997361,19.206
2025-11-08T04:30:00Z,1.604697361,19.189
2025-11-08T04:40:00Z,1.614825093,19.179
2025-11-08T04:50:00Z,1.605397361,19.173
2025-11-08T05:00:00Z,1.609997361,19.15
2025-11-08T05:10:00Z,1.614797361,19.134
2025-11-08T05:20:00Z,1.604769629,19.126
2025-11-08T05:30:00Z,1.606869629,19.12
2025-11-08T05:40:00Z,1.606369629,19.13
2025-11-08T05:50:00Z,1.608869629,19.138
2025-11-08T06:00:00Z,1.609669629,19.162
2025-11-08T06:10:00Z,1.605141897,19.186
2025-11-08T06:20:00Z,1.608941897,19.213
2025-11-08T06:30:00Z,1.613941897,19.234
2025-11-08T06:40:00Z,1.604314166,19.216
2025-11-08T06:50:00Z,1.611114166,19.188
2025-11-08T07:00:00Z,1.610914166,19.188
2025-11-08T07:10:00Z,1.613714166,19.156
2025-11-08T07:20:00Z,1.613914166,19.128
2025-11-08T07:30:00Z,1.606386434,19.117
2025-11-08T07:40:00Z,1.610886434,19.092
2025-11-08T07:50:00Z,1.614386434,19.104
2025-11-08T08:00:00Z,1.614186434,19.108
2025-11-08T08:10:00Z,1.608358702,19.106
2025-11-08T08:20:00Z,1.610858702,19.143
2025-11-08T08:30:00Z,1.613958702,19.155
2025-11-08T08:40:00Z,1.614258702,19.153
2025-11-08T08:50:00Z,1.614058702,19.185
2025-11-08T09:00:00Z,1.60713097,19.222
2025-11-08T09:10:00Z,1.60973097,19.263
2025-11-08T09:20:00Z,1.60953097,19.298
2025-11-08T09:30:00Z,1.60893097,19.353
2025-11-08T09:40:00Z,1.61173097,19.424
2025-11-08T09:50:00Z,1.61453097,19.471
2025-11-08T10:00:00Z,1.61803097,19.515
2025-11-08T10:10:00Z,1.61623097,19.558
2025-11-08T10:20:00Z,1.61423097,19.626
2025-11-08T10:30:00Z,1.606703238,19.615
2025-11-08T10:40:00Z,1.61643097,19.637
2025-11-08T10:50:00Z,1.61463097,19.73
2025-11-08T11:00:00Z,1.61243097,19.761
2025-11-08T11:10:00Z,1.61593097,19.797
2025-11-08T11:20:00Z,1.61563097,19.846
2025-11-08T11:30:00Z,1.61243097,19.858
2025-11-08T11:40:00Z,1.61173097,19.894
2025-11-08T11:50:00Z,1.61163097,19.976
2025-11-08T12:00:00Z,1.61303097,20.007
2025-11-08T12:10:00Z,1.61543097,19.988
2025-11-08T12:20:00Z,1.61323097,20.185
2025-11-08T12:30:00Z,1.61013097,20.05
2025-11-08T12:40:00Z,1.60923097,20.076
2025-11-08T12:50:00Z,1.617658702,20.084
2025-11-08T13:00:00Z,1.614458702,20.127
2025-11-08T13:10:00Z,1.610858702,20.269
2025-11-08T13:20:00Z,1.617286434,20.317
2025-11-08T13:30:00Z,1.615186434,20.309
2025-11-08T13:40:00Z,1.616386434,20.311
2025-11-08T13:50:00Z,1.612286434,20.309
2025-11-08T14:00:00Z,1.611086434,20.377
2025-11-08T14:10:00Z,1.609986434,20.427
2025-11-08T14:20:00Z,1.609786434,20.435
2025-11-08T14:30:00Z,1.608086434,20.463
2025-11-08T14:40:00Z,1.617014166,20.548
2025-11-08T14:50:00Z,1.615614166,20.504
2025-11-08T15:00:00Z,1.613314166,20.501
2025-11-08T15:10:00Z,1.613214166,20.501
2025-11-08T15:20:00Z,1.614114166,20.505
2025-11-08T15:30:00Z,1.613114166,20.497
2025-11-08T15:40:00Z,1.612414166,20.461
2025-11-08T15:50:00Z,1.612614166,20.419
2025-11-08T16:00:00Z,1.611014166,20.382
2025-11-08T16:10:00Z,1.608714166,20.378
2025-11-08T16:20:00Z,1.611514166,20.375
2025-11-08T16:30:00Z,1.611314166,20.329
2025-11-08T16:40:00Z,1.612814166,20.31
2025-11-08T16:50:00Z,1.615014166,20.288
2025-11-08T17:00:00Z,1.615914166,20.27
2025-11-08T17:10:00Z,1.609086434,20.252
2025-11-08T17:20:00Z,1.614286434,20.23
2025-11-08T17:30:00Z,1.608358702,20.191
2025-11-08T17:40:00Z,1.611058702,20.17
2025-11-08T17:50:00Z,1.613858702,20.126
2025-11-08T18:00:00Z,1.60743097,20.066
2025-11-08T18:10:00Z,1.61073097,20.022
2025-11-08T18:20:00Z,1.61483097,19.982
2025-11-08T18:30:00Z,1.608103238,19.938
2025-11-08T18:40:00Z,1.608503238,19.957
2025-11-08T18:50:00Z,1.614303238,19.975
2025-11-08T19:00:00Z,1.605275506,19.94
2025-11-08T19:10:00Z,1.610375506,19.902
2025-11-08T19:20:00Z,1.614775506,19.887
2025-11-08T19:30:00Z,1.604947774,19.855
2025-11-08T19:40:00Z,1.607247774,19.807
2025-11-08T19:50:00Z,1.608347774,19.779
2025-11-08T20:00:00Z,1.613947774,19.75
2025-11-08T20:10:00Z,1.616047774,19.739
2025-11-08T20:20:00Z,1.604020042,19.707
2025-11-08T20:30:00Z,1.617247774,19.712
2025-11-08T20:40:00Z,1.616747774,19.705
2025-11-08T20:50:00Z,1.608920042,19.734
2025-11-08T21:00:00Z,1.617320042,19.735
2025-11-08T21:10:00Z,1.613692311,19.735
2025-11-08T21:20:00Z,1.606264579,19.724
2025-11-08T21:30:00Z,1.605664579,19.706
2025-11-08T21:40:00Z,1.609264579,19.706
2025-11-08T21:50:00Z,1.612564579,19.721
2025-11-08T22:00:00Z,1.615664579,19.722
2025-11-08T22:10:00Z,1.610236847,19.744
2025-11-08T22:20:00Z,1.615336847,19.728
2025-11-08T22:30:00Z,1.618136847,19.706
2025-11-08T22:40:00Z,1.607409115,19.711
2025-11-08T22:50:00Z,1.609609115,19.719
2025-11-08T23:00:00Z,1.610809115,19.703
2025-11-08T23:10:00Z,1.614909115,19.723
2025-11-08T23:20:00Z,1.608081383,19.755
2025-11-08T23:30:00Z,1.609881383,19.723
2025-11-08T23:40:00Z,1.611181383,19.679
2025-11-08T23:50:00Z,1.610081383,19.67
2025-11-09T00:00:00Z,1.606381383,19.653
2025-11-09T00:10:00Z,1.614509115,19.652
2025-11-09T00:20:00Z,1.615809115,19.642
2025-11-09T00:30:00Z,1.616709115,19.679
2025-11-09T00:40:00Z,1.606481383,19.673
2025-11-09T00:50:00Z,1.616709115,19.679
2025-11-09T01:00:00Z,1.609181383,19.662
2025-11-09T01:10:00Z,1.609681383,19.653
2025-11-09T01:20:00Z,1.612981383,19.628
2025-11-09T01:30:00Z,1.616081383,19.572
2025-11-09T01:40:00Z,1.613881383,19.54
2025-11-09T01:50:00Z,1.612381383,19.523
2025-11-09T02:00:00Z,1.610081383,19.527
2025-11-09T02:10:00Z,1.609081383,19.576
2025-11-09T02:20:00Z,1.607381383,19.576
2025-11-09T02:30:00Z,1.616609115,19.62
2025-11-09T02:40:00Z,1.612209115,19.677
2025-11-09T02:50:00Z,1.614409115,19.737
2025-11-09T03:00:00Z,1.610809115,19.775
2025-11-09T03:10:00Z,1.610809115,19.792
2025-11-09T03:20:00Z,1.609009115,19.779
2025-11-09T03:30:00Z,1.606709115,19.776
2025-11-09T03:40:00Z,1.609009115,19.77
2025-11-09T03:50:00Z,1.607009115,19.762
2025-11-09T04:00:00Z,1.613009115,19.763
2025-11-09T04:10:00Z,1.614209115,19.754
2025-11-09T04:20:00Z,1.606981383,19.744
2025-11-09T04:30:00Z,1.610681383,19.752
2025-11-09T04:40:00Z,1.620609115,19.758
2025-11-09T04:50:00Z,1.612581383,19.762
2025-11-09T05:00:00Z,1.612581383,19.748
2025-11-09T05:10:00Z,1.614881383,19.722
2025-11-09T05:20:00Z,1.613381383,19.705
2025-11-09T05:30:00Z,1.614881383,19.687
2025-11-09T05:40:00Z,1.616881383,19.683
2025-11-09T05:50:00Z,1.610653651,19.68
2025-11-09T06:00:00Z,1.610753651,19.67
2025-11-09T06:10:00Z,1.607453651,19.644
2025-11-09T06:20:00Z,1.616353651,19.607
2025-11-09T06:30:00Z,1.611053651,19.572
2025-11-09T06:40:00Z,1.608425919,19.547
2025-11-09T06:50:00Z,1.610425919,19.534
2025-11-09T07:00:00Z,1.608598187,19.541
2025-11-09T07:10:00Z,1.614198187,19.545
2025-11-09T07:20:00Z,1.609170456,19.582
2025-11-09T07:30:00Z,1.611470456,19.596
2025-11-09T07:40:00Z,1.618770456,19.588
2025-11-09T07:50:00Z,1.607742724,19.548
2025-11-09T08:00:00Z,1.607942724,19.551
2025-11-09T08:10:00Z,1.610942724,19.527
2025-11-09T08:20:00Z,1.609142724,19.541
2025-11-09T08:30:00Z,1.611542724,19.546
2025-11-09T08:40:00Z,1.612542724,19.564
2025-11-09T08:50:00Z,1.613242724,19.579
2025-11-09T09:00:00Z,1.614542724,19.6
2025-11-09T09:10:00Z,1.606714992,19.605
2025-11-09T09:20:00Z,1.606814992,19.605
2025-11-09T09:30:00Z,1.608614992,19.669
2025-11-09T09:40:00Z,1.609914992,19.691
2025-11-09T09:50:00Z,1.610414992,19.705
2025-11-09T10:00:00Z,1.606914992,19.741
2025-11-09T10:10:00Z,1.617942724,19.801
2025-11-09T10:20:00Z,1.615842724,19.866
2025-11-09T10:30:00Z,1.612042724,19.907
2025-11-09T10:40:00Z,1.619070456,19.964
2025-11-09T10:50:00Z,1.618970456,20.025
2025-11-09T11:00:00Z,1.617570456,20.085
2025-11-09T11:10:00Z,1.617170456,20.162
2025-11-09T11:20:00Z,1.614070456,20.255
2025-11-09T11:30:00Z,1.620398187,20.337
2025-11-09T11:40:00Z,1.619298187,20.365
2025-11-09T11:50:00Z,1.619498187,20.352
2025-11-09T12:00:00Z,1.607198187,20.446
2025-11-09T12:10:00Z,1.616025919,20.44
2025-11-09T12:20:00Z,1.610825919,20.534
2025-11-09T12:30:00Z,1.619653651,20.583
2025-11-09T12:40:00Z,1.618753651,20.625
2025-11-09T12:50:00Z,1.618053651,20.618
2025-11-09T13:00:00Z,1.623353651,20.533
2025-11-09T13:10:00Z,1.614553651,20.559
2025-11-09T13:20:00Z,1.621981383,20.621
2025-11-09T13:30:00Z,1.623481383,20.695
2025-11-09T13:40:00Z,1.619981383,20.6
2025-11-09T13:50:00Z,1.615181383,20.551
2025-11-09T14:00:00Z,1.622781383,20.523
2025-11-09T14:10:00Z,1.616281383,20.486
2025-11-09T14:20:00Z,1.617781383,20.452
2025-11-09T14:30:00Z,1.617581383,20.44
2025-11-09T14:40:00Z,1.609853651,20.399
2025-11-09T14:50:00Z,1.617753651,20.409
2025-11-09T15:00:00Z,1.622953651,20.392
2025-11-09T15:10:00Z,1.620453651,20.349
2025-11-09T15:20:00Z,1.623453651,20.353
2025-11-09T15:30:00Z,1.622153651,20.344
2025-11-09T15:40:00Z,1.623153651,20.327
2025-11-09T15:50:00Z,1.608225919,20.351
2025-11-09T16:00:00Z,1.610125919,20.373
2025-11-09T16:10:00Z,1.618525919,20.354
2025-11-09T16:20:00Z,1.616025919,20.32
2025-11-09T16:30:00Z,1.611698187,20.293
2025-11-09T16:40:00Z,1.613298187,20.284
2025-11-09T16:50:00Z,1.611498187,20.278
2025-11-09T17:00:00Z,1.615298187,20.272
2025-11-09T17:10:00Z,1.618898187,20.269
2025-11-09T17:20:00Z,1.606870456,20.258
2025-11-09T17:30:00Z,1.618298187,20.24
2025-11-09T17:40:00Z,1.612170456,20.24
2025-11-09T17:50:00Z,1.617970456,20.214
2025-11-09T18:00:00Z,1.610542724,20.243
2025-11-09T18:10:00Z,1.609642724,20.238
2025-11-09T18:20:00Z,1.609942724,20.247
2025-11-09T18:30:00Z,1.611042724,20.247
2025-11-09T18:40:00Z,1.605114992,20.271
2025-11-09T18:50:00Z,1.606314992,20.269
2025-11-09T19:00:00Z,1.611114992,20.253
2025-11-09T19:10:00Z,1.613514992,20.238
2025-11-09T19:20:00Z,1.610914992,20.234
2025-11-09T19:30:00Z,1.606114992,20.23
2025-11-09T19:40:00Z,1.605214992,20.229
2025-11-09T19:50:00Z,1.612442724,20.218
2025-11-09T20:00:00Z,1.612842724,20.212
2025-11-09T20:10:00Z,1.615042724,20.206
2025-11-09T20:20:00Z,1.614142724,20.199
2025-11-09T20:30:00Z,1.615542724,20.182
2025-11-09T20:40:00Z,1.609914992,20.16
2025-11-09T20:50:00Z,1.611914992,20.12
2025-11-09T21:00:00Z,1.60438726,20.074
2025-11-09T21:10:00Z,1.60738726,20.07
2025-11-09T21:20:00Z,1.60738726,20.065
2025-11-09T21:30:00Z,1.61138726,20.069
2025-11-09T21:40:00Z,1.60698726,20.045
2025-11-09T21:50:00Z,1.60808726,20.036
2025-11-09T22:00:00Z,1.60638726,20.042
2025-11-09T22:10:00Z,1.60508726,20.026
2025-11-09T22:20:00Z,1.613714992,19.973
2025-11-09T22:30:00Z,1.614914992,19.91
2025-11-09T22:40:00Z,1.60518726,19.876
2025-11-09T22:50:00Z,1.60388726,19.827
2025-11-09T23:00:00Z,1.612914992,19.757
2025-11-09T23:10:00Z,1.616114992,19.7
2025-11-09T23:20:00Z,1.613714992,19.707
2025-11-09T23:30:00Z,1.614114992,19.693
2025-11-09T23:40:00Z,1.60828726,19.727
2025-11-09T23:50:00Z,1.60828726,19.739
2025-11-10T00:00:00Z,1.61508726,19.745
2025-11-10T00:10:00Z,1.611259528,19.728
2025-11-10T00:20:00Z,1.611359528,19.672
2025-11-10T00:30:00Z,1.610959528,19.649
2025-11-10T00:40:00Z,1.612459528,19.608
2025-11-10T00:50:00Z,1.614559528,19.567
2025-11-10T01:00:00Z,1.602931796,19.509
2025-11-10T01:10:00Z,1.606331796,19.473
2025-11-10T01:20:00Z,1.608631796,19.452
2025-11-10T01:30:00Z,1.609531796,19.416
2025-11-10T01:40:00Z,1.610731796,19.404
2025-11-10T01:50:00Z,1.611231796,19.367
2025-11-10T02:00:00Z,1.610231796,19.338
2025-11-10T02:10:00Z,1.608631796,19.324
2025-11-10T02:20:00Z,1.608731796,19.319
2025-11-10T02:30:00Z,1.610931796,19.333
2025-11-10T02:40:00Z,1.606131796,19.179
2025-11-10T02:50:00Z,1.614159528,19.189
2025-11-10T03:00:00Z,1.613659528,19.183
2025-11-10T03:10:00Z,1.615359528,19.136
2025-11-10T03:20:00Z,1.614359528,19.161
2025-11-10T03:30:00Z,1.606831796,19.153
2025-11-10T03:40:00Z,1.608531796,19.287
2025-11-10T03:50:00Z,1.606531796,19.273
2025-11-10T04:00:00Z,1.609259528,19.259
2025-11-10T04:10:00Z,1.610259528,19.236
2025-11-10T04:20:00Z,1.609759528,19.184
2025-11-10T04:30:00Z,1.607959528,19.1
2025-11-10T04:40:00Z,1.609259528,19.105
2025-11-10T04:50:00Z,1.614959528,19.083
2025-11-10T05:00:00Z,1.605531796,19.057
2025-11-10T05:10:00Z,1.603631796,19.076
2025-11-10T05:20:00Z,1.614159528,19.083
2025-11-10T05:30:00Z,1.611259528,19.068
2025-11-10T05:40:00Z,1.610959528,19.055
2025-11-10T05:50:00Z,1.614159528,19.073
2025-11-10T06:00:00Z,1.613059528,19.096
2025-11-10T06:10:00Z,1.602331796,19.14
2025-11-10T06:20:00Z,1.605231796,19.163
2025-11-10T06:30:00Z,1.613231796,19.2
2025-11-10T06:40:00Z,1.606704064,19.212
2025-11-10T06:50:00Z,1.610604064,19.257
2025-11-10T07:00:00Z,1.608276332,19.299
2025-11-10T07:10:00Z,1.610376332,19.238
2025-11-10T07:20:00Z,1.609276332,19.236
2025-11-10T07:30:00Z,1.609576332,19.243
2025-11-10T07:40:00Z,1.608876332,19.205
2025-11-10T07:50:00Z,1.608276332,19.187
2025-11-10T08:00:00Z,1.618276332,19.191
2025-11-10T08:10:00Z,1.606348601,19.235
2025-11-10T08:20:00Z,1.609648601,19.244
2025-11-10T08:30:00Z,1.608348601,19.245
2025-11-10T08:40:00Z,1.610248601,19.306
2025-11-10T08:50:00Z,1.609348601,19.316
2025-11-10T09:00:00Z,1.610548601,19.367
2025-11-10T09:10:00Z,1.613548601,19.425
2025-11-10T09:20:00Z,1.611348601,19.451
2025-11-10T09:30:00Z,1.606348601,19.552
2025-11-10T09:40:00Z,1.616576332,19.606
2025-11-10T09:50:00Z,1.614976332,19.696
2025-11-10T10:00:00Z,1.613376332,19.786
2025-11-10T10:10:00Z,1.610476332,19.819
2025-11-10T10:20:00Z,1.610076332,19.908
2025-11-10T10:30:00Z,1.618804064,19.932
2025-11-10T10:40:00Z,1.615804064,20.017
2025-11-10T10:50:00Z,1.613504064,20.079
2025-11-10T11:00:00Z,1.616304064,20.151
2025-11-10T11:10:00Z,1.625031796,20.188
2025-11-10T11:20:00Z,1.614631796,20.229
2025-11-10T11:30:00Z,1.622359528,20.274
2025-11-10T11:40:00Z,1.612931796,20.264
2025-11-10T11:50:00Z,1.621259528,20.248
2025-11-10T12:00:00Z,1.621659528,20.192
2025-11-10T12:10:00Z,1.609559528,20.181
2025-11-10T12:20:00Z,1.612759528,20.226
2025-11-10T12:30:00Z,1.61758726,20.308
2025-11-10T12:40:00Z,1.60618726,20.366
2025-11-10T12:50:00Z,1.611714992,20.411
2025-11-10T13:00:00Z,1.615814992,20.509
2025-11-10T13:10:00Z,1.611042724,20.539
2025-11-10T13:20:00Z,1.611742724,20.569
2025-11-10T13:30:00Z,1.618470456,20.605
2025-11-10T13:40:00Z,1.607770456,20.593
2025-11-10T13:50:00Z,1.619298187,20.595
2025-11-10T14:00:00Z,1.623798187,20.608
2025-11-10T14:10:00Z,1.611798187,20.665
2025-11-10T14:20:00Z,1.624598187,20.638
2025-11-10T14:30:00Z,1.617670456,20.521
2025-11-10T14:40:00Z,1.621370456,20.492
2025-11-10T14:50:00Z,1.613742724,20.489
2025-11-10T15:00:00Z,1.611442724,20.544
2025-11-10T15:10:00Z,1.608342724,20.705
2025-11-10T15:20:00Z,1.607642724,20.808
2025-11-10T15:30:00Z,1.618470456,20.732
2025-11-10T15:40:00Z,1.615970456,20.732
2025-11-10T15:50:00Z,1.613070456,20.743
2025-11-10T16:00:00Z,1.613370456,20.538
2025-11-10T16:10:00Z,1.607870456,20.17
2025-11-10T16:20:00Z,1.610170456,20.174
2025-11-10T16:30:00Z,1.609770456,20.29
2025-11-10T16:40:00Z,1.608570456,20.291
2025-11-10T16:50:00Z,1.611870456,20.27
2025-11-10T17:00:00Z,1.612270456,20.235
2025-11-10T17:10:00Z,1.609970456,20.193
2025-11-10T17:20:00Z,1.608470456,20.19
2025-11-10T17:30:00Z,1.611970456,20.162
2025-11-10T17:40:00Z,1.614170456,20.146
2025-11-10T17:50:00Z,1.614070456,20.14
2025-11-10T18:00:00Z,1.615470456,20.13
2025-11-10T18:10:00Z,1.606342724,20.125
2025-11-10T18:20:00Z,1.613242724,20.12
2025-11-10T18:30:00Z,1.610414992,20.117
2025-11-10T18:40:00Z,1.606514992,20.109
2025-11-10T18:50:00Z,1.609814992,20.099
2025-11-10T19:00:00Z,1.609614992,20.088
2025-11-10T19:10:00Z,1.60388726,20.054
2025-11-10T19:20:00Z,1.61068726,19.962
2025-11-10T19:30:00Z,1.60798726,19.923
2025-11-10T19:40:00Z,1.606359528,19.792
2025-11-10T19:50:00Z,1.601859528,19.564
2025-11-10T20:00:00Z,1.60688726,19.573
2025-11-10T20:10:00Z,1.60628726,19.556
2025-11-10T20:20:00Z,1.60848726,19.49
2025-11-10T20:30:00Z,1.60378726,19.491
2025-11-10T20:40:00Z,1.61028726,19.421
2025-11-10T20:50:00Z,1.600559528,19.381
2025-11-10T21:00:00Z,1.600759528,19.404
2025-11-10T21:10:00Z,1.601259528,19.392
2025-11-10T21:20:00Z,1.61128726,19.351
2025-11-10T21:30:00Z,1.61138726,19.347
2025-11-10T21:40:00Z,1.61008726,19.393
2025-11-10T21:50:00Z,1.61068726,19.466
2025-11-10T22:00:00Z,1.61088726,19.464
2025-11-10T22:10:00Z,1.60698726,19.588
2025-11-10T22:20:00Z,1.60518726,19.616
2025-11-10T22:30:00Z,1.611314992,19.599
2025-11-10T22:40:00Z,1.611814992,19.618
2025-11-10T22:50:00Z,1.606314992,19.648
2025-11-10T23:00:00Z,1.602514992,19.686
2025-11-10T23:10:00Z,1.602514992,19.702
2025-11-10T23:20:00Z,1.600514992,19.692
2025-11-10T23:30:00Z,1.602014992,19.664
2025-11-10T23:40:00Z,1.604514992,19.63
2025-11-10T23:50:00Z,1.607914992,19.606
2025-11-11T00:00:00Z,1.606114992,19.561
2025-11-11T00:10:00Z,1.611242724,19.463
2025-11-11T00:20:00Z,1.610942724,19.424
2025-11-11T00:30:00Z,1.607042724,19.409
2025-11-11T00:40:00Z,1.605342724,19.394
2025-11-11T00:50:00Z,1.603842724,19.35
2025-11-11T01:00:00Z,1.603442724,19.315
2025-11-11T01:10:00Z,1.609642724,19.313
2025-11-11T01:20:00Z,1.601042724,19.302
2025-11-11T01:30:00Z,1.606942724,19.283
2025-11-11T01:40:00Z,1.605070456,19.311
2025-11-11T01:50:00Z,1.606570456,19.301
2025-11-11T02:00:00Z,1.605670456,19.287
2025-11-11T02:10:00Z,1.608170456,19.251
2025-11-11T02:20:00Z,1.604770456,19.228
2025-11-11T02:30:00Z,1.603870456,19.258
2025-11-11T02:40:00Z,1.601570456,19.26
2025-11-11T02:50:00Z,1.612098187,19.314
2025-11-11T03:00:00Z,1.606498187,19.386
2025-11-11T03:10:00Z,1.603898187,19.402
2025-11-11T03:20:00Z,1.610725919,19.452
2025-11-11T03:30:00Z,1.612525919,19.462
2025-11-11T03:40:00Z,1.600098187,19.478
2025-11-11T03:50:00Z,1.608825919,19.415
2025-11-11T04:00:00Z,1.611025919,19.368
2025-11-11T04:10:00Z,1.610525919,19.291
2025-11-11T04:20:00Z,1.608725919,19.258
2025-11-11T04:30:00Z,1.607825919,19.251
2025-11-11T04:40:00Z,1.607625919,19.216
2025-11-11T04:50:00Z,1.605925919,19.179
2025-11-11T05:00:00Z,1.608025919,19.084
2025-11-11T05:10:00Z,1.608925919,19.049
2025-11-11T05:20:00Z,1.607598187,18.985
2025-11-11T05:30:00Z,1.611598187,18.953
2025-11-11T05:40:00Z,1.599370456,18.843
2025-11-11T05:50:00Z,1.608898187,18.876
2025-11-11T06:00:00Z,1.609898187,19
2025-11-11T06:10:00Z,1.601170456,19.195
2025-11-11T06:20:00Z,1.602770456,19.202
2025-11-11T06:30:00Z,1.605670456,19.294
2025-11-11T06:40:00Z,1.610970456,19.352
2025-11-11T06:50:00Z,1.601642724,19.379
2025-11-11T07:00:00Z,1.603542724,19.386
2025-11-11T07:10:00Z,1.605742724,19.365
2025-11-11T07:20:00Z,1.610142724,19.371
2025-11-11T07:30:00Z,1.604914992,19.398
2025-11-11T07:40:00Z,1.60328726,19.425
2025-11-11T07:50:00Z,1.60558726,19.48
2025-11-11T08:00:00Z,1.60638726,19.428
2025-11-11T08:10:00Z,1.60898726,19.422
2025-11-11T08:20:00Z,1.60978726,19.485
2025-11-11T08:30:00Z,1.611659528,19.565
2025-11-11T08:40:00Z,1.604459528,19.463
2025-11-11T08:50:00Z,1.608059528,19.44
2025-11-11T09:00:00Z,1.602859528,19.506
2025-11-11T09:10:00Z,1.61158726,19.59
2025-11-11T09:20:00Z,1.61368726,19.675
2025-11-11T09:30:00Z,1.602159528,19.758
2025-11-11T09:40:00Z,1.605659528,19.839
2025-11-11T09:50:00Z,1.603459528,19.911
2025-11-11T10:00:00Z,1.606059528,19.938
2025-11-11T10:10:00Z,1.61498726,19.991
2025-11-11T10:20:00Z,1.60958726,20.025
2025-11-11T10:30:00Z,1.611014992,20.022
2025-11-11T10:40:00Z,1.608014992,20.036
2025-11-11T10:50:00Z,1.608914992,20.03
2025-11-11T11:00:00Z,1.613914992,20.054
2025-11-11T11:10:00Z,1.60998726,20.108
2025-11-11T11:20:00Z,1.60938726,20.11
2025-11-11T11:30:00Z,1.60998726,20.103
2025-11-11T11:40:00Z,1.605714992,20.096
2025-11-11T11:50:00Z,1.615570456,20.135
2025-11-11T12:00:00Z,1.611270456,20.139
2025-11-11T12:10:00Z,1.605270456,20.13
2025-11-11T12:20:00Z,1.609898187,20.181
2025-11-11T12:30:00Z,1.614525919,20.158
2025-11-11T12:40:00Z,1.617653651,20.167
2025-11-11T12:50:00Z,1.611053651,20.16
2025-11-11T13:00:00Z,1.619653651,20.185
2025-11-11T13:10:00Z,1.609325919,20.238
2025-11-11T13:20:00Z,1.606025919,20.267
2025-11-11T13:30:00Z,1.607525919,20.257
2025-11-11T13:40:00Z,1.612853651,20.291
2025-11-11T13:50:00Z,1.607153651,20.334
2025-11-11T14:00:00Z,1.605653651,20.396
2025-11-11T14:10:00Z,1.611681383,20.392
2025-11-11T14:20:00Z,1.611509115,20.423
2025-11-11T14:30:00Z,1.613409115,20.446
2025-11-11T14:40:00Z,1.613109115,20.477
2025-11-11T14:50:00Z,1.608181383,20.508
2025-11-11T15:00:00Z,1.605353651,20.479
2025-11-11T15:10:00Z,1.614653651,20.441
2025-11-11T15:20:00Z,1.606453651,20.422
2025-11-11T15:30:00Z,1.601353651,20.389
2025-11-11T15:40:00Z,1.606381383,20.375
2025-11-11T15:50:00Z,1.610609115,20.337
2025-11-11T16:00:00Z,1.615109115,20.341
2025-11-11T16:10:00Z,1.610981383,20.338
2025-11-11T16:20:00Z,1.609453651,20.327
2025-11-11T16:30:00Z,1.608653651,20.317
2025-11-11T16:40:00Z,1.611881383,20.29
2025-11-11T16:50:00Z,1.610781383,20.209
2025-11-11T17:00:00Z,1.608481383,20.191
2025-11-11T17:10:00Z,1.613381383,20.201
2025-11-11T17:20:00Z,1.606953651,20.199
2025-11-11T17:30:00Z,1.600753651,20.193
2025-11-11T17:40:00Z,1.608253651,20.088
2025-11-11T17:50:00Z,1.606153651,19.981
2025-11-11T18:00:00Z,1.603053651,19.921
2025-11-11T18:10:00Z,1.611881383,19.897
2025-11-11T18:20:00Z,1.599653651,19.831
2025-11-11T18:30:00Z,1.607181383,19.836
2025-11-11T18:40:00Z,1.608081383,19.858
2025-11-11T18:50:00Z,1.607681383,19.882
2025-11-11T19:00:00Z,1.605181383,19.852
2025-11-11T19:10:00Z,1.610781383,19.828
2025-11-11T19:20:00Z,1.604981383,19.815
2025-11-11T19:30:00Z,1.598581383,19.807
2025-11-11T19:40:00Z,1.598981383,19.796
2025-11-11T19:50:00Z,1.601381383,19.786
2025-11-11T20:00:00Z,1.607181383,19.772
2025-11-11T20:10:00Z,1.607181383,19.764
2025-11-11T20:20:00Z,1.608481383,19.741
2025-11-11T20:30:00Z,1.601353651,19.711
2025-11-11T20:40:00Z,1.601053651,19.671
2025-11-11T20:50:00Z,1.601081383,19.644
2025-11-11T21:00:00Z,1.604881383,19.635
2025-11-11T21:10:00Z,1.601753651,19.578
2025-11-11T21:20:00Z,1.605753651,19.5
2025-11-11T21:30:00Z,1.604453651,19.434
2025-11-11T21:40:00Z,1.607653651,19.454
2025-11-11T21:50:00Z,1.603153651,19.43
2025-11-11T22:00:00Z,1.603453651,19.407
2025-11-11T22:10:00Z,1.597753651,19.363
2025-11-11T22:20:00Z,1.605081383,19.344
2025-11-11T22:30:00Z,1.604581383,19.308
2025-11-11T22:40:00Z,1.601381383,19.273
2025-11-11T22:50:00Z,1.602181383,19.255
2025-11-11T23:00:00Z,1.604581383,19.212
2025-11-11T23:10:00Z,1.609781383,19.209
2025-11-11T23:20:00Z,1.608181383,19.191
2025-11-11T23:30:00Z,1.609881383,19.175
2025-11-11T23:40:00Z,1.599153651,19.156
2025-11-11T23:50:00Z,1.603153651,19.147
2025-11-12T00:00:00Z,1.597953651,19.139
2025-11-12T00:10:00Z,1.609181383,19.091
2025-11-12T00:20:00Z,1.608381383,19.054
2025-11-12T00:30:00Z,1.606181383,19.044
2025-11-12T00:40:00Z,1.599081383,19.002
2025-11-12T00:50:00Z,1.606209115,18.982
2025-11-12T01:00:00Z,1.600481383,18.971
2025-11-12T01:10:00Z,1.603881383,18.967
2025-11-12T01:20:00Z,1.597453651,18.933
2025-11-12T01:30:00Z,1.601053651,18.884
2025-11-12T01:40:00Z,1.600153651,18.97
2025-11-12T01:50:00Z,1.597653651,19.009
2025-11-12T02:00:00Z,1.598181383,19.036
2025-11-12T02:10:00Z,1.608109115,18.985
2025-11-12T02:20:00Z,1.608209115,18.973
2025-11-12T02:30:00Z,1.608309115,18.95
2025-11-12T02:40:00Z,1.604881383,19.014
2025-11-12T02:50:00Z,1.602353651,19.083
2025-11-12T03:00:00Z,1.598753651,19.093
2025-11-12T03:10:00Z,1.603053651,19.041
2025-11-12T03:20:00Z,1.599453651,19.007
2025-11-12T03:30:00Z,1.607181383,18.954
2025-11-12T03:40:00Z,1.607881383,18.945
2025-11-12T03:50:00Z,1.604981383,18.942
2025-11-12T04:00:00Z,1.604281383,18.914
2025-11-12T04:10:00Z,1.601481383,18.856
2025-11-12T04:20:00Z,1.606381383,18.821
2025-11-12T04:30:00Z,1.597453651,18.823
2025-11-12T04:40:00Z,1.600253651,18.848
2025-11-12T04:50:00Z,1.604753651,18.882
2025-11-12T05:00:00Z,1.598525919,18.908
2025-11-12T05:10:00Z,1.604353651,18.921
2025-11-12T05:20:00Z,1.597453651,18.911
2025-11-12T05:30:00Z,1.598953651,18.91
2025-11-12T05:40:00Z,1.609681383,18.887
2025-11-12T05:50:00Z,1.600253651,18.846
2025-11-12T06:00:00Z,1.594453651,18.85
2025-11-12T06:10:00Z,1.595753651,18.854
2025-11-12T06:20:00Z,1.600653651,18.843
2025-11-12T06:30:00Z,1.605653651,18.856
2025-11-12T06:40:00Z,1.604481383,18.822
2025-11-12T06:50:00Z,1.594625919,18.834
2025-11-12T07:00:00Z,1.595353651,18.883
2025-11-12T07:10:00Z,1.603153651,18.908
2025-11-12T07:20:00Z,1.591825919,18.919
2025-11-12T07:30:00Z,1.604198187,18.965
2025-11-12T07:40:00Z,1.595370456,18.941
2025-11-12T07:50:00Z,1.598942724,18.899
2025-11-12T08:00:00Z,1.599814992,18.846
2025-11-12T08:10:00Z,1.602014992,18.836
2025-11-12T08:20:00Z,1.599142724,18.832
2025-11-12T08:30:00Z,1.596342724,18.865
2025-11-12T08:40:00Z,1.594442724,18.91
2025-11-12T08:50:00Z,1.595142724,18.975
2025-11-12T09:00:00Z,1.594642724,19.013
2025-11-12T09:10:00Z,1.599142724,19.081
2025-11-12T09:20:00Z,1.591214992,19.131
2025-11-12T09:30:00Z,1.600842724,19.16
2025-11-12T09:40:00Z,1.604042724,19.173
2025-11-12T09:50:00Z,1.603714992,19.167
2025-11-12T10:00:00Z,1.596914992,19.159
2025-11-12T10:10:00Z,1.59118726,19.117
2025-11-12T10:20:00Z,1.592914992,19.151
2025-11-12T10:30:00Z,1.596642724,19.193
2025-11-12T10:40:00Z,1.598542724,19.246
2025-11-12T10:50:00Z,1.601270456,19.299
2025-11-12T11:00:00Z,1.594742724,19.346
2025-11-12T11:10:00Z,1.591642724,19.386
2025-11-12T11:20:00Z,1.602342724,19.417
2025-11-12T11:30:00Z,1.596814992,19.439
2025-11-12T11:40:00Z,1.592942724,19.454
2025-11-12T11:50:00Z,1.593570456,19.456
2025-11-12T12:00:00Z,1.594998187,19.515
2025-11-12T12:10:00Z,1.601025919,19.541
2025-11-12T12:20:00Z,1.603453651,19.564
2025-11-12T12:30:00Z,1.601881383,19.598
2025-11-12T12:40:00Z,1.601909115,19.623
2025-11-12T12:50:00Z,1.593309115,19.651
2025-11-12T13:00:00Z,1.593681383,19.677
2025-11-12T13:10:00Z,1.597009115,19.724
2025-11-12T13:20:00Z,1.604509115,19.77
2025-11-12T13:30:00Z,1.599781383,19.844
2025-11-12T13:40:00Z,1.590881383,19.901
2025-11-12T13:50:00Z,1.603409115,19.935
2025-11-12T14:00:00Z,1.600809115,19.921
2025-11-12T14:10:00Z,1.592481383,19.858
2025-11-12T14:20:00Z,1.598009115,19.897
2025-11-12T14:30:00Z,1.604136847,19.909
2025-11-12T14:40:00Z,1.597836847,19.927
2025-11-12T14:50:00Z,1.601536847,19.913
2025-11-12T15:00:00Z,1.600636847,19.964
2025-11-12T15:10:00Z,1.596536847,19.994
2025-11-12T15:20:00Z,1.598236847,19.953
2025-11-12T15:30:00Z,1.597536847,19.887
2025-11-12T15:40:00Z,1.599136847,19.877
2025-11-12T15:50:00Z,1.593936847,19.947
2025-11-12T16:00:00Z,1.600364579,19.92
2025-11-12T16:10:00Z,1.603064579,19.885
2025-11-12T16:20:00Z,1.597436847,19.872
2025-11-12T16:30:00Z,1.601836847,19.861
2025-11-12T16:40:00Z,1.603036847,19.847
2025-11-12T16:50:00Z,1.599436847,19.809
2025-11-12T17:00:00Z,1.596336847,19.758
2025-11-12T17:10:00Z,1.596736847,19.731
2025-11-12T17:20:00Z,1.592936847,19.695
2025-11-12T17:30:00Z,1.605664579,19.674
2025-11-12T17:40:00Z,1.597036847,19.628
2025-11-12T17:50:00Z,1.603436847,19.613
2025-11-12T18:00:00Z,1.601709115,19.653
2025-11-12T18:10:00Z,1.605009115,19.64
2025-11-12T18:20:00Z,1.595581383,19.64
2025-11-12T18:30:00Z,1.592981383,19.639
2025-11-12T18:40:00Z,1.606509115,19.661
2025-11-12T18:50:00Z,1.605309115,19.668
2025-11-12T19:00:00Z,1.603109115,19.604
2025-11-12T19:10:00Z,1.595281383,19.592
2025-11-12T19:20:00Z,1.604309115,19.589
2025-11-12T19:30:00Z,1.598081383,19.583
2025-11-12T19:40:00Z,1.599681383,19.573
2025-11-12T19:50:00Z,1.600381383,19.558
2025-11-12T20:00:00Z,1.601781383,19.529
2025-11-12T20:10:00Z,1.593853651,19.502
2025-11-12T20:20:00Z,1.599453651,19.466
2025-11-12T20:30:00Z,1.596853651,19.43
2025-11-12T20:40:00Z,1.595853651,19.4
2025-11-12T20:50:00Z,1.603253651,19.369
2025-11-12T21:00:00Z,1.604953651,19.335
2025-11-12T21:10:00Z,1.591825919,19.297
2025-11-12T21:20:00Z,1.595125919,19.272
2025-11-12T21:30:00Z,1.594925919,19.229
2025-11-12T21:40:00Z,1.599853651,19.216
2025-11-12T21:50:00Z,1.595753651,19.208
2025-11-12T22:00:00Z,1.597453651,19.16
2025-11-12T22:10:00Z,1.596253651,19.133
2025-11-12T22:20:00Z,1.598553651,19.146
2025-11-12T22:30:00Z,1.597153651,19.131
2025-11-12T22:40:00Z,1.593953651,19.126
2025-11-12T22:50:00Z,1.592553651,19.099
2025-11-12T23:00:00Z,1.602581383,19.111
2025-11-12T23:10:00Z,1.593953651,19.133
2025-11-12T23:20:00Z,1.601781383,19.144
2025-11-12T23:30:00Z,1.595881383,19.155
2025-11-12T23:40:00Z,1.595781383,19.143
2025-11-12T23:50:00Z,1.595681383,19.138
2025-11-13T00:00:00Z,1.595681383,19.112
2025-11-13T00:10:00Z,1.595381383,19.097
2025-11-13T00:20:00Z,1.593081383,19.111
2025-11-13T00:30:00Z,1.596681383,19.091
2025-11-13T00:40:00Z,1.602309115,19.067
2025-11-13T00:50:00Z,1.592581383,19.027
2025-11-13T01:00:00Z,1.600109115,18.992
2025-11-13T01:10:00Z,1.602009115,18.945
2025-11-13T01:20:00Z,1.597609115,18.883
2025-11-13T01:30:00Z,1.593509115,18.885
2025-11-13T01:40:00Z,1.599936847,18.848
2025-11-13T01:50:00Z,1.592036847,18.812
2025-11-13T02:00:00Z,1.602164579,18.791
2025-11-13T02:10:00Z,1.599764579,18.784
2025-11-13T02:20:00Z,1.597764579,18.742
2025-11-13T02:30:00Z,1.600064579,18.704
2025-11-13T02:40:00Z,1.596364579,18.661
2025-11-13T02:50:00Z,1.597364579,18.636
2025-11-13T03:00:00Z,1.594364579,18.611
2025-11-13T03:10:00Z,1.594464579,18.595
2025-11-13T03:20:00Z,1.592264579,18.573
2025-11-13T03:30:00Z,1.602692311,18.557
2025-11-13T03:40:00Z,1.599064579,18.544
2025-11-13T03:50:00Z,1.592364579,18.536
2025-11-13T04:00:00Z,1.598592311,18.491
2025-11-13T04:10:00Z,1.599792311,18.497
2025-11-13T04:20:00Z,1.597192311,18.499
2025-11-13T04:30:00Z,1.599692311,18.48
2025-11-13T04:40:00Z,1.601892311,18.46
2025-11-13T04:50:00Z,1.599792311,18.446
2025-11-13T05:00:00Z,1.603592311,18.463
2025-11-13T05:10:00Z,1.602764579,18.479
2025-11-13T05:20:00Z,1.591136847,18.457
2025-11-13T05:30:00Z,1.594836847,18.466
2025-11-13T05:40:00Z,1.597836847,18.479
2025-11-13T05:50:00Z,1.592109115,18.482
2025-11-13T06:00:00Z,1.594909115,18.479
2025-11-13T06:10:00Z,1.597809115,18.488
2025-11-13T06:20:00Z,1.596509115,18.497
2025-11-13T06:30:00Z,1.602409115,18.51
2025-11-13T06:40:00Z,1.595481383,18.543
2025-11-13T06:50:00Z,1.601009115,18.537
2025-11-13T07:00:00Z,1.597081383,18.561
2025-11-13T07:10:00Z,1.593481383,18.582
2025-11-13T07:20:00Z,1.599481383,18.577
2025-11-13T07:30:00Z,1.592281383,18.593
2025-11-13T07:40:00Z,1.596353651,18.627
2025-11-13T07:50:00Z,1.598653651,18.663
2025-11-13T08:00:00Z,1.594053651,18.678
2025-11-13T08:10:00Z,1.594853651,18.698
2025-11-13T08:20:00Z,1.595853651,18.72
2025-11-13T08:30:00Z,1.594753651,18.724
2025-11-13T08:40:00Z,1.591053651,18.753
2025-11-13T08:50:00Z,1.601481383,18.803
2025-11-13T09:00:00Z,1.603181383,18.79
2025-11-13T09:10:00Z,1.605081383,18.868
2025-11-13T09:20:00Z,1.598781383,18.939
2025-11-13T09:30:00Z,1.592381383,18.99
2025-11-13T09:40:00Z,1.601481383,19.071
2025-11-13T09:50:00Z,1.592253651,19.019
2025-11-13T10:00:00Z,1.593153651,19.113
2025-11-13T10:10:00Z,1.593053651,19.221
2025-11-13T10:20:00Z,1.594253651,19.246
2025-11-13T10:30:00Z,1.597253651,19.261
2025-11-13T10:40:00Z,1.594553651,19.29
2025-11-13T10:50:00Z,1.604281383,19.322
2025-11-13T11:00:00Z,1.597581383,19.326
2025-11-13T11:10:00Z,1.598481383,19.356
2025-11-13T11:20:00Z,1.589381383,19.38
2025-11-13T11:30:00Z,1.592609115,19.46
2025-11-13T11:40:00Z,1.601136847,19.482
2025-11-13T11:50:00Z,1.589236847,19.475
2025-11-13T12:00:00Z,1.591564579,19.462
2025-11-13T12:10:00Z,1.604992311,19.445
2025-11-13T12:20:00Z,1.587664579,19.376
2025-11-13T12:30:00Z,1.594992311,19.368
2025-11-13T12:40:00Z,1.591492311,19.377
2025-11-13T12:50:00Z,1.598020042,19.415
2025-11-13T13:00:00Z,1.589692311,19.416
2025-11-13T13:10:00Z,1.594320042,19.394
2025-11-13T13:20:00Z,1.595520042,19.372
2025-11-13T13:30:00Z,1.584520042,19.348
2025-11-13T13:40:00Z,1.593647774,19.393
2025-11-13T13:50:00Z,1.595575506,19.372
2025-11-13T14:00:00Z,1.595975506,19.423
2025-11-13T14:10:00Z,1.590475506,19.477
2025-11-13T14:20:00Z,1.594003238,19.483
2025-11-13T14:30:00Z,1.604775506,19.474
2025-11-13T14:40:00Z,1.598747774,19.453
2025-11-13T14:50:00Z,1.587347774,19.431
2025-11-13T15:00:00Z,1.595447774,19.411
2025-11-13T15:10:00Z,1.588047774,19.373
2025-11-13T15:20:00Z,1.590575506,19.323
2025-11-13T15:30:00Z,1.588575506,19.349
2025-11-13T15:40:00Z,1.590975506,19.311
2025-11-13T15:50:00Z,1.601003238,19.285
2025-11-13T16:00:00Z,1.603375506,19.261
2025-11-13T16:10:00Z,1.590220042,19.219
2025-11-13T16:20:00Z,1.616375506,19.242
2025-11-13T16:30:00Z,1.625775506,19.225
2025-11-13T16:40:00Z,1.633947774,19.239
2025-11-13T16:50:00Z,1.646847774,19.238
2025-11-13T17:00:00Z,1.637892311,19.227
2025-11-13T17:10:00Z,1.656147774,19.184
2025-11-13T17:20:00Z,1.657347774,19.192
2025-11-13T17:30:00Z,1.670803238,19.199
2025-11-13T17:40:00Z,1.675403238,19.191
2025-11-13T17:50:00Z,1.668975506,19.197
2025-11-13T18:00:00Z,1.662147774,19.077
2025-11-13T18:10:00Z,1.666647774,19.054
2025-11-13T18:20:00Z,1.670247774,19.011
2025-11-13T18:30:00Z,1.663747774,18.978
2025-11-13T18:40:00Z,1.663547774,18.975
2025-11-13T18:50:00Z,1.662147774,18.974
2025-11-13T19:00:00Z,1.663947774,18.953
2025-11-13T19:10:00Z,1.662047774,18.948
2025-11-13T19:20:00Z,1.664347774,18.952
2025-11-13T19:30:00Z,1.662047774,18.951
2025-11-13T19:40:00Z,1.667047774,18.917
2025-11-13T19:50:00Z,1.666147774,18.936
2025-11-13T20:00:00Z,1.663247774,18.942
2025-11-13T20:10:00Z,1.662847774,19.054
2025-11-13T20:20:00Z,1.667647774,19.04
2025-11-13T20:30:00Z,1.664547774,19.038
2025-11-13T20:40:00Z,1.655847774,19.015
2025-11-13T20:50:00Z,1.660275506,19.016
2025-11-13T21:00:00Z,1.661075506,19.024
2025-11-13T21:10:00Z,1.655175506,19.028
2025-11-13T21:20:00Z,1.657075506,19.02
2025-11-13T21:30:00Z,1.657775506,19.002
2025-11-13T21:40:00Z,1.662275506,18.974
2025-11-13T21:50:00Z,1.662475506,18.97
2025-11-13T22:00:00Z,1.662303238,18.931
2025-11-13T22:10:00Z,1.660503238,18.908
2025-11-13T22:20:00Z,1.653303238,18.894
2025-11-13T22:30:00Z,1.651803238,18.909
2025-11-13T22:40:00Z,1.65893097,18.904
2025-11-13T22:50:00Z,1.65373097,18.884
2025-11-13T23:00:00Z,1.659503238,18.874
2025-11-13T23:10:00Z,1.663975506,18.867
2025-11-13T23:20:00Z,1.664775506,18.888
2025-11-13T23:30:00Z,1.678303238,18.874
2025-11-13T23:40:00Z,1.672403238,18.847
2025-11-13T23:50:00Z,1.69073097,18.86
2025-11-14T00:00:00Z,1.69933097,18.879
2025-11-14T00:10:00Z,1.69903097,18.881
2025-11-14T00:20:00Z,1.72963097,18.903
2025-11-14T00:30:00Z,1.753658702,18.903
2025-11-14T00:40:00Z,1.765458702,18.892
2025-11-14T00:50:00Z,1.777886434,18.877
2025-11-14T01:00:00Z,1.784586434,18.856
2025-11-14T01:10:00Z,1.790186434,18.831
2025-11-14T01:20:00Z,1.798586434,18.809
2025-11-14T01:30:00Z,1.813714166,18.801
2025-11-14T01:40:00Z,1.823014166,18.8
2025-11-14T01:50:00Z,1.841914166,18.798
2025-11-14T02:00:00Z,1.857214166,18.799
2025-11-14T02:10:00Z,1.890214166,18.795
2025-11-14T02:20:00Z,1.920114166,18.796
2025-11-14T02:30:00Z,1.940914166,18.785
2025-11-14T02:40:00Z,1.960714166,18.759
2025-11-14T02:50:00Z,1.977514166,18.723
2025-11-14T03:00:00Z,1.990314166,18.682
2025-11-14T03:10:00Z,2.014141897,18.628
2025-11-14T03:20:00Z,2.028541897,18.665
2025-11-14T03:30:00Z,2.054541897,18.682
2025-11-14T03:40:00Z,2.062114166,18.606
2025-11-14T03:50:00Z,2.117341897,18.723
2025-11-14T04:00:00Z,2.162441897,18.764
2025-11-14T04:10:00Z,2.193241897,18.752
2025-11-14T04:20:00Z,2.196814166,18.759
2025-11-14T04:30:00Z,2.204114166,18.754
2025-11-14T04:40:00Z,2.213241897,18.737
2025-11-14T04:50:00Z,2.208314166,18.559
2025-11-14T05:00:00Z,2.213514166,18.636
2025-11-14T05:10:00Z,2.230941897,18.653
2025-11-14T05:20:00Z,2.248041897,18.565
2025-11-14T05:30:00Z,2.267441897,18.544
2025-11-14T05:40:00Z,2.274314166,18.597
2025-11-14T05:50:00Z,2.266814166,18.611
2025-11-14T06:00:00Z,2.285714166,18.643
2025-11-14T06:10:00Z,2.299914166,18.596
2025-11-14T06:20:00Z,2.312514166,18.565
2025-11-14T06:30:00Z,2.310686434,18.534
2025-11-14T06:40:00Z,2.326286434,18.526
2025-11-14T06:50:00Z,2.329858702,18.511
2025-11-14T07:00:00Z,2.336158702,18.491
2025-11-14T07:10:00Z,2.350558702,18.556
2025-11-14T07:20:00Z,2.35593097,18.589
2025-11-14T07:30:00Z,2.354803238,18.572
2025-11-14T07:40:00Z,2.355203238,18.564
2025-11-14T07:50:00Z,2.358503238,18.534
2025-11-14T08:00:00Z,2.351175506,18.568
2025-11-14T08:10:00Z,2.353075506,18.563
2025-11-14T08:20:00Z,2.346047774,18.567
2025-11-14T08:30:00Z,2.344547774,18.572
2025-11-14T08:40:00Z,2.336220042,18.587
2025-11-14T08:50:00Z,2.336647774,18.61
2025-11-14T09:00:00Z,2.338047774,18.631
2025-11-14T09:10:00Z,2.331120042,18.635
2025-11-14T09:20:00Z,2.335247774,18.624
2025-11-14T09:30:00Z,2.329047774,18.636
2025-11-14T09:40:00Z,2.329647774,18.663
2025-11-14T09:50:00Z,2.317720042,18.666
2025-11-14T10:00:00Z,2.314720042,18.683
2025-11-14T10:10:00Z,2.311520042,18.717
2025-11-14T10:20:00Z,2.304720042,18.737
2025-11-14T10:30:00Z,2.303847774,18.741
2025-11-14T10:40:00Z,2.302247774,18.75
2025-11-14T10:50:00Z,2.296547774,18.771
2025-11-14T11:00:00Z,2.293047774,18.785
2025-11-14T11:10:00Z,2.287047774,18.783
2025-11-14T11:20:00Z,2.283547774,18.79
2025-11-14T11:30:00Z,2.287475506,18.712
2025-11-14T11:40:00Z,2.282575506,18.709
2025-11-14T11:50:00Z,2.277175506,18.717
2025-11-14T12:00:00Z,2.273175506,18.729
2025-11-14T12:10:00Z,2.279603238,18.74
2025-11-14T12:20:00Z,2.271903238,18.759
2025-11-14T12:30:00Z,2.263403238,18.776
2025-11-14T12:40:00Z,2.26703097,18.779
2025-11-14T12:50:00Z,2.25933097,18.794
2025-11-14T13:00:00Z,2.25423097,18.797
2025-11-14T13:10:00Z,2.251058702,18.803
2025-11-14T13:20:00Z,2.245658702,18.817
2025-11-14T13:30:00Z,2.242458702,18.841
2025-11-14T13:40:00Z,2.240658702,18.858
2025-11-14T13:50:00Z,2.244886434,18.864
2025-11-14T14:00:00Z,2.242486434,18.866
2025-11-14T14:10:00Z,2.237586434,18.85
2025-11-14T14:20:00Z,2.238586434,18.847
2025-11-14T14:30:00Z,2.234586434,18.853
2025-11-14T14:40:00Z,2.227886434,18.858
2025-11-14T14:50:00Z,2.229086434,18.87
2025-11-14T15:00:00Z,2.229086434,18.878
2025-11-14T15:10:00Z,NA,18.871
2025-11-14T15:20:00Z,2.226286434,18.874
2025-11-14T15:30:00Z,2.212658702,18.86
2025-11-14T15:40:00Z,2.212558702,18.87
2025-11-14T15:50:00Z,2.210558702,18.848
2025-11-14T16:00:00Z,2.207158702,18.818
2025-11-14T16:10:00Z,2.203858702,18.825
2025-11-14T16:20:00Z,2.211486434,18.814
2025-11-14T16:30:00Z,2.206186434,18.802
2025-11-14T16:40:00Z,2.201986434,18.687
2025-11-14T16:50:00Z,2.200586434,18.711
2025-11-14T17:00:00Z,2.201086434,18.7
2025-11-14T17:10:00Z,2.192558702,18.701
2025-11-14T17:20:00Z,2.198186434,18.662
2025-11-14T17:30:00Z,2.199386434,18.637
2025-11-14T17:40:00Z,2.196086434,18.659
2025-11-14T17:50:00Z,2.188986434,18.641
2025-11-14T18:00:00Z,2.189686434,18.637
2025-11-14T18:10:00Z,2.185086434,18.623
2025-11-14T18:20:00Z,2.191186434,18.635
2025-11-14T18:30:00Z,2.190286434,18.619
2025-11-14T18:40:00Z,2.187086434,18.612
2025-11-14T18:50:00Z,2.176958702,18.644
2025-11-14T19:00:00Z,2.184586434,18.698
2025-11-14T19:10:00Z,2.182486434,18.694
2025-11-14T19:20:00Z,2.178586434,18.69
2025-11-14T19:30:00Z,2.177886434,18.693
2025-11-14T19:40:00Z,2.180786434,18.701
2025-11-14T19:50:00Z,2.173258702,18.714
2025-11-14T20:00:00Z,2.174358702,18.721
2025-11-14T20:10:00Z,2.171658702,18.719
2025-11-14T20:20:00Z,2.174858702,18.729
2025-11-14T20:30:00Z,2.174858702,18.736
2025-11-14T20:40:00Z,2.176358702,18.743
2025-11-14T20:50:00Z,2.177858702,18.722
2025-11-14T21:00:00Z,2.182458702,18.716
2025-11-14T21:10:00Z,2.190658702,18.714
2025-11-14T21:20:00Z,2.193758702,18.697
2025-11-14T21:30:00Z,2.201658702,18.691
2025-11-14T21:40:00Z,2.215086434,18.694
2025-11-14T21:50:00Z,2.222886434,18.681
2025-11-14T22:00:00Z,2.223186434,18.689
2025-11-14T22:10:00Z,2.222586434,18.701
2025-11-14T22:20:00Z,2.224086434,18.697
2025-11-14T22:30:00Z,2.227886434,18.703
2025-11-14T22:40:00Z,2.235114166,18.722
2025-11-14T22:50:00Z,2.239914166,18.71
2025-11-14T23:00:00Z,2.244714166,18.712
2025-11-14T23:10:00Z,2.239914166,18.733
2025-11-14T23:20:00Z,2.238714166,18.753
2025-11-14T23:30:00Z,2.237514166,18.761
2025-11-14T23:40:00Z,2.244041897,18.71
2025-11-14T23:50:00Z,2.247841897,18.707
2025-11-15T00:00:00Z,2.245041897,18.713
2025-11-15T00:10:00Z,2.243441897,18.639
2025-11-15T00:20:00Z,2.247369629,18.612
2025-11-15T00:30:00Z,2.247569629,18.606
2025-11-15T00:40:00Z,2.258597361,18.61
2025-11-15T00:50:00Z,2.256097361,18.622
2025-11-15T01:00:00Z,2.255997361,18.631
2025-11-15T01:10:00Z,2.252797361,18.637
2025-11-15T01:20:00Z,2.249897361,18.642
2025-11-15T01:30:00Z,2.251325093,18.654
2025-11-15T01:40:00Z,2.255752825,18.679
2025-11-15T01:50:00Z,2.248252825,18.68
2025-11-15T02:00:00Z,2.245152825,18.639
2025-11-15T02:10:00Z,2.244380557,18.643
2025-11-15T02:20:00Z,2.252908289,18.66
2025-11-15T02:30:00Z,2.247308289,18.644
2025-11-15T02:40:00Z,2.251936021,18.653
2025-11-15T02:50:00Z,2.250636021,18.701
2025-11-15T03:00:00Z,2.243008289,18.704
2025-11-15T03:10:00Z,2.244808289,18.705
2025-11-15T03:20:00Z,2.246508289,18.706
2025-11-15T03:30:00Z,2.250308289,18.728
2025-11-15T03:40:00Z,2.258380557,18.629
2025-11-15T03:50:00Z,2.278180557,18.616
2025-11-15T04:00:00Z,2.290480557,18.633
2025-11-15T04:10:00Z,2.302708289,18.607
2025-11-15T04:20:00Z,2.302208289,18.591
2025-11-15T04:30:00Z,2.318563752,18.567
2025-11-15T04:40:00Z,2.318063752,18.501
2025-11-15T04:50:00Z,2.320991484,18.465
2025-11-15T05:00:00Z,2.334219216,18.516
2025-11-15T05:10:00Z,2.330391484,18.557
2025-11-15T05:20:00Z,2.330491484,18.516
2025-11-15T05:30:00Z,2.338391484,18.614
2025-11-15T05:40:00Z,2.341591484,18.643
2025-11-15T05:50:00Z,2.340091484,18.479
2025-11-15T06:00:00Z,2.353391484,18.545
2025-11-15T06:10:00Z,2.359891484,18.567
2025-11-15T06:20:00Z,2.364191484,18.591
2025-11-15T06:30:00Z,2.382591484,18.644
2025-11-15T06:40:00Z,2.388691484,18.644
2025-11-15T06:50:00Z,2.403819216,18.569
2025-11-15T07:00:00Z,2.415119216,18.449
2025-11-15T07:10:00Z,2.428419216,18.515
2025-11-15T07:20:00Z,2.439063752,18.578
2025-11-15T07:30:00Z,2.443636021,18.573
2025-11-15T07:40:00Z,2.453236021,18.726
2025-11-15T07:50:00Z,2.475891484,18.704
2025-11-15T08:00:00Z,2.486091484,18.641
2025-11-15T08:10:00Z,2.492163752,18.617
2025-11-15T08:20:00Z,2.496563752,18.686
2025-11-15T08:30:00Z,2.498763752,18.717
2025-11-15T08:40:00Z,2.494636021,18.695
2025-11-15T08:50:00Z,2.499936021,18.615
2025-11-15T09:00:00Z,2.495408289,18.591
2025-11-15T09:10:00Z,2.504608289,18.581
2025-11-15T09:20:00Z,2.506408289,18.598
2025-11-15T09:30:00Z,2.509480557,18.582
2025-11-15T09:40:00Z,2.510880557,18.584
2025-11-15T09:50:00Z,2.513408289,18.598
2025-11-15T10:00:00Z,2.517736021,18.597
2025-11-15T10:10:00Z,2.519363752,18.619
2025-11-15T10:20:00Z,2.527291484,18.603
2025-11-15T10:30:00Z,2.519291484,18.592
2025-11-15T10:40:00Z,2.525619216,18.619
2025-11-15T10:50:00Z,2.528646948,18.606
2025-11-15T11:00:00Z,2.53587468,18.597
2025-11-15T11:10:00Z,2.527346948,18.616
2025-11-15T11:20:00Z,2.53567468,18.635
2025-11-15T11:30:00Z,2.528746948,18.616
2025-11-15T11:40:00Z,2.529546948,18.599
2025-11-15T11:50:00Z,2.522319216,18.609
2025-11-15T12:00:00Z,2.515319216,18.669
2025-11-15T12:10:00Z,2.518619216,18.732
2025-11-15T12:20:00Z,2.506819216,18.674
2025-11-15T12:30:00Z,2.510646948,18.735
2025-11-15T12:40:00Z,2.503746948,18.696
2025-11-15T12:50:00Z,2.50547468,18.66
2025-11-15T13:00:00Z,2.49957468,18.654
2025-11-15T13:10:00Z,2.49687468,18.661
2025-11-15T13:20:00Z,2.49987468,18.559
2025-11-15T13:30:00Z,2.49347468,18.54
2025-11-15T13:40:00Z,2.493802412,18.617
2025-11-15T13:50:00Z,2.488802412,18.632
2025-11-15T14:00:00Z,2.483602412,18.511
2025-11-15T14:10:00Z,2.482202412,18.623
2025-11-15T14:20:00Z,2.486130144,18.597
2025-11-15T14:30:00Z,2.484830144,18.595
2025-11-15T14:40:00Z,2.474402412,18.554
2025-11-15T14:50:00Z,2.473202412,18.607
2025-11-15T15:00:00Z,2.467002412,18.594
2025-11-15T15:10:00Z,2.464802412,18.639
2025-11-15T15:20:00Z,2.463702412,18.622
2025-11-15T15:30:00Z,2.458502412,18.637
2025-11-15T15:40:00Z,2.455402412,18.667
2025-11-15T15:50:00Z,2.459502412,18.705
2025-11-15T16:00:00Z,2.459302412,18.746
2025-11-15T16:10:00Z,2.45147468,18.76
2025-11-15T16:20:00Z,2.44967468,18.804
2025-11-15T16:30:00Z,2.45497468,18.864
2025-11-15T16:40:00Z,2.446346948,18.793
2025-11-15T16:50:00Z,2.447946948,18.753
2025-11-15T17:00:00Z,2.447546948,18.731
2025-11-15T17:10:00Z,2.447446948,18.726
2025-11-15T17:20:00Z,2.447246948,18.638
2025-11-15T17:30:00Z,2.448646948,18.553
2025-11-15T17:40:00Z,2.436919216,18.479
2025-11-15T17:50:00Z,2.436619216,18.436
2025-11-15T18:00:00Z,2.437919216,18.42
2025-11-15T18:10:00Z,2.438919216,18.451
2025-11-15T18:20:00Z,2.443819216,18.578
2025-11-15T18:30:00Z,2.450719216,18.56
2025-11-15T18:40:00Z,2.446291484,18.507
2025-11-15T18:50:00Z,2.470991484,18.444
2025-11-15T19:00:00Z,2.498791484,18.455
2025-11-15T19:10:00Z,2.540091484,18.632
2025-11-15T19:20:00Z,2.564891484,18.57
2025-11-15T19:30:00Z,2.575591484,18.503
2025-11-15T19:40:00Z,2.572163752,18.459
2025-11-15T19:50:00Z,2.580863752,18.445
2025-11-15T20:00:00Z,2.595536021,18.635
2025-11-15T20:10:00Z,2.609436021,18.564
2025-11-15T20:20:00Z,2.618836021,18.404
2025-11-15T20:30:00Z,2.622636021,18.322
2025-11-15T20:40:00Z,2.618108289,18.326
2025-11-15T20:50:00Z,2.623908289,18.377
2025-11-15T21:00:00Z,2.618180557,18.477
2025-11-15T21:10:00Z,2.619380557,18.414
2025-11-15T21:20:00Z,2.609552825,18.383
2025-11-15T21:30:00Z,2.612552825,18.669
2025-11-15T21:40:00Z,2.612952825,18.773
2025-11-15T21:50:00Z,2.613552825,18.653
2025-11-15T22:00:00Z,2.604025093,18.616
2025-11-15T22:10:00Z,2.602125093,18.47
2025-11-15T22:20:00Z,2.601325093,18.431
2025-11-15T22:30:00Z,2.594497361,18.432
2025-11-15T22:40:00Z,2.594197361,18.46
2025-11-15T22:50:00Z,2.593797361,18.498
2025-11-15T23:00:00Z,2.591097361,18.514
2025-11-15T23:10:00Z,2.585797361,18.506
2025-11-15T23:20:00Z,2.581797361,18.535
2025-11-15T23:30:00Z,2.577197361,18.5
2025-11-15T23:40:00Z,2.583197361,18.507
2025-11-15T23:50:00Z,2.582797361,18.542
2025-11-16T00:00:00Z,2.582497361,18.528
2025-11-16T00:10:00Z,2.578897361,18.575
2025-11-16T00:20:00Z,2.572197361,18.542
2025-11-16T00:30:00Z,2.568997361,18.563
2025-11-16T00:40:00Z,2.572997361,18.589
2025-11-16T00:50:00Z,2.571297361,18.596
2025-11-16T01:00:00Z,2.567497361,18.551
2025-11-16T01:10:00Z,2.558169629,18.521
2025-11-16T01:20:00Z,2.553369629,18.524
2025-11-16T01:30:00Z,2.554869629,18.551
2025-11-16T01:40:00Z,2.549269629,18.541
2025-11-16T01:50:00Z,2.552597361,18.509
2025-11-16T02:00:00Z,2.552097361,18.519
2025-11-16T02:10:00Z,2.549897361,18.548
2025-11-16T02:20:00Z,2.545397361,18.486
2025-11-16T02:30:00Z,2.544197361,18.495
2025-11-16T02:40:00Z,2.539797361,18.528
2025-11-16T02:50:00Z,2.539797361,18.477
2025-11-16T03:00:00Z,2.526969629,18.486
2025-11-16T03:10:00Z,2.529369629,18.537
2025-11-16T03:20:00Z,2.524469629,18.542
2025-11-16T03:30:00Z,2.525369629,18.497
2025-11-16T03:40:00Z,2.525669629,18.417
2025-11-16T03:50:00Z,2.515041897,18.392
2025-11-16T04:00:00Z,2.526969629,18.254
2025-11-16T04:10:00Z,2.520014166,18.242
2025-11-16T04:20:00Z,2.525114166,18.239
2025-11-16T04:30:00Z,2.530914166,18.109
2025-11-16T04:40:00Z,2.534114166,18.195
2025-11-16T04:50:00Z,2.523486434,18.316
2025-11-16T05:00:00Z,2.525386434,18.343
2025-11-16T05:10:00Z,2.522986434,18.307
2025-11-16T05:20:00Z,2.521086434,18.225
2025-11-16T05:30:00Z,2.518186434,18.209
2025-11-16T05:40:00Z,2.517586434,18.176
2025-11-16T05:50:00Z,2.521586434,18.257
2025-11-16T06:00:00Z,2.512258702,18.275
2025-11-16T06:10:00Z,2.526686434,18.28
2025-11-16T06:20:00Z,2.522158702,18.371
2025-11-16T06:30:00Z,2.529258702,18.471
2025-11-16T06:40:00Z,2.53233097,18.539
2025-11-16T06:50:00Z,2.58543097,18.76
2025-11-16T07:00:00Z,2.616703238,18.59
2025-11-16T07:10:00Z,2.638303238,18.554
2025-11-16T07:20:00Z,2.645803238,18.6
2025-11-16T07:30:00Z,2.651403238,18.606
2025-11-16T07:40:00Z,2.652103238,18.285
2025-11-16T07:50:00Z,2.664003238,18.325
2025-11-16T08:00:00Z,2.661503238,18.221
2025-11-16T08:10:00Z,2.655175506,18.112
2025-11-16T08:20:00Z,2.662303238,18.335
2025-11-16T08:30:00Z,2.660175506,18.177
2025-11-16T08:40:00Z,2.667775506,18.199
2025-11-16T08:50:00Z,2.684775506,18.212
2025-11-16T09:00:00Z,2.686247774,18.168
2025-11-16T09:10:00Z,2.689847774,18.138
2025-11-16T09:20:00Z,2.694747774,18.201
2025-11-16T09:30:00Z,2.688620042,18.262
2025-11-16T09:40:00Z,2.691520042,18.332
2025-11-16T09:50:00Z,2.688720042,18.357
2025-11-16T10:00:00Z,2.685320042,18.409
2025-11-16T10:10:00Z,2.676620042,18.461
2025-11-16T10:20:00Z,2.668020042,18.45
2025-11-16T10:30:00Z,2.663320042,18.455
2025-11-16T10:40:00Z,2.652520042,18.503
2025-11-16T10:50:00Z,2.646820042,18.474
2025-11-16T11:00:00Z,2.638420042,18.503
2025-11-16T11:10:00Z,2.632220042,18.491
2025-11-16T11:20:00Z,2.622820042,18.469
2025-11-16T11:30:00Z,2.612820042,18.418
2025-11-16T11:40:00Z,2.599420042,18.419
2025-11-16T11:50:00Z,2.599247774,18.369
2025-11-16T12:00:00Z,2.590747774,18.31
2025-11-16T12:10:00Z,2.574847774,18.359
2025-11-16T12:20:00Z,2.576175506,18.3
2025-11-16T12:30:00Z,2.570475506,18.361
2025-11-16T12:40:00Z,2.559375506,18.388
2025-11-16T12:50:00Z,2.555603238,18.412
2025-11-16T13:00:00Z,2.546903238,18.394
2025-11-16T13:10:00Z,2.536903238,18.487
2025-11-16T13:20:00Z,2.527703238,18.554
2025-11-16T13:30:00Z,2.521603238,18.561
2025-11-16T13:40:00Z,2.511203238,18.561
2025-11-16T13:50:00Z,2.499303238,18.616
2025-11-16T14:00:00Z,2.491103238,18.59
2025-11-16T14:10:00Z,2.485303238,18.46
2025-11-16T14:20:00Z,2.475303238,18.44
2025-11-16T14:30:00Z,2.465103238,18.487
2025-11-16T14:40:00Z,2.464103238,18.45
2025-11-16T14:50:00Z,2.458203238,18.351
2025-11-16T15:00:00Z,2.449803238,18.361
2025-11-16T15:10:00Z,2.444303238,18.366
2025-11-16T15:20:00Z,2.429403238,18.301
2025-11-16T15:30:00Z,2.421003238,18.27
2025-11-16T15:40:00Z,2.411603238,18.283
2025-11-16T15:50:00Z,2.405803238,18.351
2025-11-16T16:00:00Z,2.40503097,18.345
2025-11-16T16:10:00Z,2.39883097,18.379
2025-11-16T16:20:00Z,2.39173097,18.371
2025-11-16T16:30:00Z,2.377403238,18.326
2025-11-16T16:40:00Z,2.377803238,18.301
2025-11-16T16:50:00Z,2.371003238,18.311
2025-11-16T17:00:00Z,2.356675506,18.344
2025-11-16T17:10:00Z,2.358003238,18.319
2025-11-16T17:20:00Z,2.344203238,18.308
2025-11-16T17:30:00Z,2.34733097,18.305
2025-11-16T17:40:00Z,2.33903097,18.295
2025-11-16T17:50:00Z,2.33533097,18.227
2025-11-16T18:00:00Z,2.322703238,18.209
2025-11-16T18:10:00Z,2.319903238,18.224
2025-11-16T18:20:00Z,2.312903238,18.227
2025-11-16T18:30:00Z,2.309103238,18.234
2025-11-16T18:40:00Z,2.302803238,18.244
2025-11-16T18:50:00Z,2.303503238,18.266
2025-11-16T19:00:00Z,2.299003238,18.263
2025-11-16T19:10:00Z,2.286275506,18.262
2025-11-16T19:20:00Z,2.285003238,18.264
2025-11-16T19:30:00Z,2.282603238,18.263
2025-11-16T19:40:00Z,2.280003238,18.229
2025-11-16T19:50:00Z,2.275803238,18.205
2025-11-16T20:00:00Z,2.259875506,18.237
2025-11-16T20:10:00Z,2.267103238,18.257
2025-11-16T20:20:00Z,2.254075506,18.247
2025-11-16T20:30:00Z,2.253275506,18.259
2025-11-16T20:40:00Z,2.248575506,18.23
2025-11-16T20:50:00Z,2.246575506,18.203
2025-11-16T21:00:00Z,2.247575506,18.204
2025-11-16T21:10:00Z,2.234147774,18.198
2025-11-16T21:20:00Z,2.234047774,18.179
2025-11-16T21:30:00Z,2.232747774,18.151
2025-11-16T21:40:00Z,2.231947774,18.18
2025-11-16T21:50:00Z,2.226047774,18.18
2025-11-16T22:00:00Z,2.221247774,18.235
2025-11-16T22:10:00Z,2.217747774,18.274
2025-11-16T22:20:00Z,2.218847774,18.231
2025-11-16T22:30:00Z,2.211820042,18.235
2025-11-16T22:40:00Z,2.217620042,18.189
2025-11-16T22:50:00Z,2.221120042,18.2
2025-11-16T23:00:00Z,2.221620042,18.227
2025-11-16T23:10:00Z,2.220620042,18.279
2025-11-16T23:20:00Z,2.225947774,18.29
2025-11-16T23:30:00Z,2.219847774,18.295
2025-11-16T23:40:00Z,2.223875506,18.233
2025-11-16T23:50:00Z,2.220275506,18.205
2025-11-17T00:00:00Z,2.215275506,18.211
2025-11-17T00:10:00Z,2.209675506,18.167
2025-11-17T00:20:00Z,2.214703238,18.121
2025-11-17T00:30:00Z,2.210403238,18.174
2025-11-17T00:40:00Z,2.207403238,18.204
2025-11-17T00:50:00Z,2.202803238,18.195
2025-11-17T01:00:00Z,2.199603238,18.184
2025-11-17T01:10:00Z,2.195103238,18.221
2025-11-17T01:20:00Z,2.19823097,18.183
2025-11-17T01:30:00Z,2.19613097,18.169
2025-11-17T01:40:00Z,2.18833097,18.119
2025-11-17T01:50:00Z,2.18433097,18.166
2025-11-17T02:00:00Z,2.188958702,18.203
2025-11-17T02:10:00Z,2.185258702,18.19
2025-11-17T02:20:00Z,2.182158702,18.197
2025-11-17T02:30:00Z,2.176158702,18.259
2025-11-17T02:40:00Z,2.172158702,18.212
2025-11-17T02:50:00Z,2.167858702,18.214
2025-11-17T03:00:00Z,2.173086434,18.212
2025-11-17T03:10:00Z,2.168586434,18.296
2025-11-17T03:20:00Z,2.158086434,18.206
2025-11-17T03:30:00Z,2.163514166,18.169
2025-11-17T03:40:00Z,2.155014166,18.163
2025-11-17T03:50:00Z,2.151314166,18.139
2025-11-17T04:00:00Z,2.159441897,18.125
2025-11-17T04:10:00Z,2.153114166,18.131
2025-11-17T04:20:00Z,2.149441897,18.136
2025-11-17T04:30:00Z,2.146241897,18.123
2025-11-17T04:40:00Z,2.142641897,18.15
2025-11-17T04:50:00Z,2.149269629,18.22
2025-11-17T05:00:00Z,2.150469629,18.268
2025-11-17T05:10:00Z,2.143669629,18.333
2025-11-17T05:20:00Z,2.140069629,18.31
2025-11-17T05:30:00Z,2.140469629,18.372
2025-11-17T05:40:00Z,2.136769629,18.382
2025-11-17T05:50:00Z,2.135969629,18.39
2025-11-17T06:00:00Z,2.133369629,18.355
2025-11-17T06:10:00Z,2.137269629,18.301
2025-11-17T06:20:00Z,2.138169629,18.267
2025-11-17T06:30:00Z,2.121541897,18.273
2025-11-17T06:40:00Z,2.129541897,18.418
2025-11-17T06:50:00Z,2.132741897,18.346
2025-11-17T07:00:00Z,2.142141897,18.382
2025-11-17T07:10:00Z,2.138641897,18.416
2025-11-17T07:20:00Z,2.133141897,18.622
2025-11-17T07:30:00Z,2.138741897,18.736
2025-11-17T07:40:00Z,2.127414166,18.319
2025-11-17T07:50:00Z,2.137714166,18.785
2025-11-17T08:00:00Z,2.155141897,18.857
2025-11-17T08:10:00Z,2.152841897,18.869
2025-11-17T08:20:00Z,2.162141897,18.833
2025-11-17T08:30:00Z,2.159941897,18.66
2025-11-17T08:40:00Z,2.151741897,18.244
2025-11-17T08:50:00Z,2.171169629,18.587
2025-11-17T09:00:00Z,2.167541897,18.386
2025-11-17T09:10:00Z,NA,18.658
2025-11-17T09:20:00Z,2.201841897,18.575
2025-11-17T09:30:00Z,2.212441897,18.428
2025-11-17T09:40:00Z,2.223941897,18.056
2025-11-17T09:50:00Z,2.229441897,17.846
2025-11-17T10:00:00Z,2.255069629,18.252
2025-11-17T10:10:00Z,2.281269629,18.172
2025-11-17T10:20:00Z,2.297069629,18.109
2025-11-17T10:30:00Z,2.318969629,17.747
2025-11-17T10:40:00Z,2.339397361,17.651
2025-11-17T10:50:00Z,2.335897361,17.88
2025-11-17T11:00:00Z,2.349425093,17.755
2025-11-17T11:10:00Z,2.346425093,17.81
2025-11-17T11:20:00Z,2.336825093,17.64
2025-11-17T11:30:00Z,2.340352825,17.674
2025-11-17T11:40:00Z,2.338180557,17.633
2025-11-17T11:50:00Z,2.335880557,17.57
2025-11-17T12:00:00Z,2.337080557,17.486
2025-11-17T12:10:00Z,2.330152825,17.336
2025-11-17T12:20:00Z,2.327380557,16.577
2025-11-17T12:30:00Z,2.340152825,16.25
2025-11-17T12:40:00Z,2.322952825,16.325
2025-11-17T12:50:00Z,2.324180557,16.299
2025-11-17T13:00:00Z,2.334808289,17.042
2025-11-17T13:10:00Z,2.337808289,16.778
2025-11-17T13:20:00Z,2.332708289,17.262
2025-11-17T13:30:00Z,2.330108289,17.291
2025-11-17T13:40:00Z,2.331508289,17.322
2025-11-17T13:50:00Z,2.328508289,17.246
2025-11-17T14:00:00Z,2.314608289,17.16
2025-11-17T14:10:00Z,2.319236021,17.207
2025-11-17T14:20:00Z,2.309236021,17.393
2025-11-17T14:30:00Z,2.308636021,17.537
2025-11-17T14:40:00Z,2.303536021,17.611
2025-11-17T14:50:00Z,2.303136021,17.754
2025-11-17T15:00:00Z,2.292036021,17.98
2025-11-17T15:10:00Z,2.285836021,17.904
2025-11-17T15:20:00Z,2.280936021,17.816
2025-11-17T15:30:00Z,2.278536021,17.73
2025-11-17T15:40:00Z,2.275136021,17.606
2025-11-17T15:50:00Z,2.269736021,17.659
2025-11-17T16:00:00Z,2.264136021,17.71
2025-11-17T16:10:00Z,2.261936021,17.696
2025-11-17T16:20:00Z,2.257236021,17.659
2025-11-17T16:30:00Z,2.257236021,17.547
2025-11-17T16:40:00Z,2.255736021,17.559
2025-11-17T16:50:00Z,2.251336021,17.542
2025-11-17T17:00:00Z,2.251236021,17.514
2025-11-17T17:10:00Z,2.238908289,17.517
2025-11-17T17:20:00Z,2.237108289,17.6
2025-11-17T17:30:00Z,2.236408289,17.64
2025-11-17T17:40:00Z,2.236508289,17.617
2025-11-17T17:50:00Z,2.235208289,17.661
2025-11-17T18:00:00Z,2.234108289,17.659
2025-11-17T18:10:00Z,2.220780557,17.68
2025-11-17T18:20:00Z,2.217680557,17.685
2025-11-17T18:30:00Z,2.211080557,17.661
2025-11-17T18:40:00Z,2.218280557,17.698
2025-11-17T18:50:00Z,2.214580557,17.691
2025-11-17T19:00:00Z,2.212780557,17.708
2025-11-17T19:10:00Z,2.201652825,17.732
2025-11-17T19:20:00Z,2.199452825,17.728
2025-11-17T19:30:00Z,2.199352825,17.649
2025-11-17T19:40:00Z,2.198152825,17.63
2025-11-17T19:50:00Z,2.197652825,17.612
2025-11-17T20:00:00Z,2.186625093,17.603
2025-11-17T20:10:00Z,2.184225093,17.573
2025-11-17T20:20:00Z,2.184625093,17.507
2025-11-17T20:30:00Z,2.178925093,17.524
2025-11-17T20:40:00Z,2.177425093,17.445
2025-11-17T20:50:00Z,2.176325093,17.441
2025-11-17T21:00:00Z,2.173425093,17.49
2025-11-17T21:10:00Z,2.175225093,17.535
2025-11-17T21:20:00Z,2.170925093,17.514
2025-11-17T21:30:00Z,2.161297361,17.512
2025-11-17T21:40:00Z,2.161397361,17.542
2025-11-17T21:50:00Z,2.170025093,17.554
2025-11-17T22:00:00Z,2.158897361,17.57
2025-11-17T22:10:00Z,2.155997361,17.6
2025-11-17T22:20:00Z,2.157497361,17.627
2025-11-17T22:30:00Z,2.154197361,17.553
2025-11-17T22:40:00Z,2.151497361,17.502
2025-11-17T22:50:00Z,2.153097361,17.464
2025-11-17T23:00:00Z,2.151597361,17.473
2025-11-17T23:10:00Z,2.137869629,17.389
2025-11-17T23:20:00Z,2.136369629,17.405
2025-11-17T23:30:00Z,2.137469629,17.365
2025-11-17T23:40:00Z,2.137669629,17.295
2025-11-17T23:50:00Z,2.132169629,17.314
2025-11-18T00:00:00Z,2.129469629,17.354
2025-11-18T00:10:00Z,2.124969629,17.393
2025-11-18T00:20:00Z,2.122669629,17.386
2025-11-18T00:30:00Z,2.131397361,17.451
2025-11-18T00:40:00Z,2.119669629,17.435
2025-11-18T00:50:00Z,2.115969629,17.431
2025-11-18T01:00:00Z,2.112969629,17.429
2025-11-18T01:10:00Z,2.111869629,17.428
2025-11-18T01:20:00Z,2.109169629,17.404
2025-11-18T01:30:00Z,2.109769629,17.442
2025-11-18T01:40:00Z,2.106469629,17.444
2025-11-18T01:50:00Z,2.107069629,17.459
2025-11-18T02:00:00Z,2.105269629,17.461
2025-11-18T02:10:00Z,2.103369629,17.445
2025-11-18T02:20:00Z,2.108997361,17.42
2025-11-18T02:30:00Z,2.104197361,17.372
2025-11-18T02:40:00Z,2.104597361,17.391
2025-11-18T02:50:00Z,2.098897361,17.346
2025-11-18T03:00:00Z,2.095697361,17.292
2025-11-18T03:10:00Z,2.091397361,17.258
2025-11-18T03:20:00Z,2.098925093,17.279
2025-11-18T03:30:00Z,2.096725093,17.321
2025-11-18T03:40:00Z,2.085197361,17.392
2025-11-18T03:50:00Z,2.085897361,17.363
2025-11-18T04:00:00Z,2.094925093,17.308
2025-11-18T04:10:00Z,2.094225093,17.267
2025-11-18T04:20:00Z,2.090025093,17.258
2025-11-18T04:30:00Z,2.080997361,17.291
2025-11-18T04:40:00Z,2.081097361,17.349
2025-11-18T04:50:00Z,2.082497361,17.358
2025-11-18T05:00:00Z,2.078597361,17.207
2025-11-18T05:10:00Z,2.078997361,17.177
2025-11-18T05:20:00Z,2.069169629,17.198
2025-11-18T05:30:00Z,2.072769629,17.242
2025-11-18T05:40:00Z,2.073569629,17.22
2025-11-18T05:50:00Z,2.073869629,17.222
2025-11-18T06:00:00Z,2.075869629,17.235
2025-11-18T14:10:00Z,2.0068,17.278
2025-11-18T14:20:00Z,2.0088,17.292
2025-11-18T14:30:00Z,2.0122,17.328
2025-11-18T14:40:00Z,2.0162,17.387
2025-11-18T14:50:00Z,2.0204,17.301
2025-11-18T15:00:00Z,2.027,17.182
2025-11-18T15:10:00Z,2.0321,17.2
2025-11-18T15:20:00Z,2.0402,17.23
2025-11-18T15:30:00Z,2.0435,17.239
2025-11-18T15:40:00Z,2.0504,17.174
2025-11-18T15:50:00Z,2.058,17.139
2025-11-18T16:00:00Z,2.0628,17.129
2025-11-18T16:10:00Z,2.0671,17.058
2025-11-18T16:20:00Z,2.0718,17.076
2025-11-18T16:30:00Z,2.0775,17.103
2025-11-18T16:40:00Z,2.0785,17.049
2025-11-18T16:50:00Z,2.0811,16.997
2025-11-18T17:00:00Z,2.085,17.019
2025-11-18T17:10:00Z,2.0823,17.216
2025-11-18T17:20:00Z,2.0887,17.204
2025-11-18T17:30:00Z,2.0892,17.212
2025-11-18T17:40:00Z,2.0947,17.274
2025-11-18T17:50:00Z,2.0849,17.299
2025-11-18T18:00:00Z,2.0853,17.379
2025-11-18T18:10:00Z,2.0903,17.465
2025-11-18T18:20:00Z,2.0828,17.465
2025-11-18T18:30:00Z,2.0829,17.634
2025-11-18T18:40:00Z,2.0803,17.663
2025-11-18T18:50:00Z,2.0763,17.737
2025-11-18T19:00:00Z,2.0769,17.739
2025-11-18T19:10:00Z,2.0685,17.79
2025-11-18T19:20:00Z,2.0696,17.822
2025-11-18T19:30:00Z,2.0748,17.81
2025-11-18T19:40:00Z,2.0645,17.783
2025-11-18T19:50:00Z,2.0655,17.834
2025-11-18T20:00:00Z,2.0672,17.735
2025-11-18T20:10:00Z,2.0603,17.906
2025-11-18T20:20:00Z,2.0678,18.164
2025-11-18T20:30:00Z,2.0678,18.009
2025-11-18T20:40:00Z,2.0649,18.13
2025-11-18T20:50:00Z,2.0621,18.06
2025-11-18T21:00:00Z,2.064,18.085
2025-11-18T21:10:00Z,2.0618,18.123
2025-11-18T21:20:00Z,2.0625,18.052
2025-11-18T21:30:00Z,2.0602,18.169
2025-11-18T21:40:00Z,2.0577,18.203
2025-11-18T21:50:00Z,2.0544,18.047
2025-11-18T22:00:00Z,2.0404,18.376
2025-11-18T22:10:00Z,2.0361,18.002
2025-11-18T22:20:00Z,2.0478,18.195
2025-11-18T22:30:00Z,2.048,18.171
2025-11-18T22:40:00Z,2.054,18.212
2025-11-18T22:50:00Z,2.0535,18.226
2025-11-18T23:00:00Z,2.042,18.142
2025-11-18T23:10:00Z,2.047,18.123
2025-11-18T23:20:00Z,2.038,18.032
2025-11-18T23:30:00Z,2.0455,18.004
2025-11-18T23:40:00Z,2.045,17.998
2025-11-18T23:50:00Z,2.0375,18.085
2025-11-19T00:00:00Z,2.0389,18.036
2025-11-19T00:10:00Z,2.0365,18.013
2025-11-19T00:20:00Z,2.0409,18.199
2025-11-19T00:30:00Z,2.0355,18.184
2025-11-19T00:40:00Z,2.0498,18.163
2025-11-19T00:50:00Z,2.0333,18.129
2025-11-19T01:00:00Z,2.0289,18.105
2025-11-19T01:10:00Z,2.0372,18.084
2025-11-19T01:20:00Z,2.0289,18.06
2025-11-19T01:30:00Z,2.0245,18.023
2025-11-19T01:40:00Z,2.032,17.948
2025-11-19T01:50:00Z,2.026,17.935
2025-11-19T02:00:00Z,2.0234,17.924
2025-11-19T02:10:00Z,2.0324,17.911
2025-11-19T02:20:00Z,2.0268,17.853
2025-11-19T02:30:00Z,2.0191,17.852
2025-11-19T02:40:00Z,2.0257,17.844
2025-11-19T02:50:00Z,2.0201,17.783
2025-11-19T03:00:00Z,2.0145,17.653
2025-11-19T03:10:00Z,2.0193,17.331
2025-11-19T03:20:00Z,2.013,17.487
2025-11-19T03:30:00Z,2.0128,17.532
2025-11-19T03:40:00Z,2.0181,17.546
2025-11-19T03:50:00Z,2.008,17.559
2025-11-19T04:00:00Z,2.0075,17.45
2025-11-19T04:10:00Z,2.0145,17.448
2025-11-19T04:20:00Z,2.0087,17.447
2025-11-19T04:30:00Z,2.0069,17.471
2025-11-19T04:40:00Z,2.0023,17.531
2025-11-19T04:50:00Z,2.0045,17.534
2025-11-19T05:00:00Z,2.0038,17.583
2025-11-19T05:10:00Z,2.0148,17.585
2025-11-19T05:20:00Z,1.9982,17.52
2025-11-19T05:30:00Z,2.0019,17.606
2025-11-19T05:40:00Z,2.0012,17.609
2025-11-19T05:50:00Z,2.0047,17.651
2025-11-19T06:00:00Z,1.9943,17.504
2025-11-19T06:10:00Z,1.993,17.31
2025-11-19T06:20:00Z,1.9912,17.346
2025-11-19T06:30:00Z,1.9954,17.385
2025-11-19T06:40:00Z,1.9923,17.276
2025-11-19T06:50:00Z,1.9914,17.068
2025-11-19T07:00:00Z,1.9867,17.188
2025-11-19T07:10:00Z,1.9908,17.118
2025-11-19T07:20:00Z,1.994,17.203
2025-11-19T07:30:00Z,1.9889,17.235
2025-11-19T07:40:00Z,1.9829,16.986
2025-11-19T07:50:00Z,1.9759,16.309
2025-11-19T08:00:00Z,1.9797,16.373
2025-11-19T08:10:00Z,1.9806,16.694
2025-11-19T08:20:00Z,1.9728,16.358
2025-11-19T08:30:00Z,1.9773,16.456
2025-11-19T08:40:00Z,1.9815,16.834
2025-11-19T08:50:00Z,1.9755,16.968
2025-11-19T09:00:00Z,1.9783,17.056
2025-11-19T09:10:00Z,1.9811,17.012
2025-11-19T09:20:00Z,1.9763,16.858
2025-11-19T09:30:00Z,1.9745,16.808
2025-11-19T09:40:00Z,1.9795,16.797
2025-11-19T09:50:00Z,1.9713,16.636
2025-11-19T10:00:00Z,1.9667,16.3
2025-11-19T10:10:00Z,1.9657,16.384
2025-11-19T10:20:00Z,1.9714,16.426
2025-11-19T10:30:00Z,1.9636,16.198
2025-11-19T10:40:00Z,1.9647,16.47
2025-11-19T10:50:00Z,1.9705,16.6
2025-11-19T11:00:00Z,1.9647,16.588
2025-11-19T11:10:00Z,1.965,16.303
2025-11-19T11:20:00Z,1.96,16.228
2025-11-19T11:30:00Z,1.9532,16.057
2025-11-19T11:40:00Z,1.9637,15.984
2025-11-19T11:50:00Z,1.9502,15.582
2025-11-19T12:00:00Z,1.9521,15.365
2025-11-19T12:10:00Z,1.9588,16.231
2025-11-19T12:20:00Z,1.959,16.208
2025-11-19T12:30:00Z,1.9587,16.261
2025-11-19T12:40:00Z,1.9545,15.238
2025-11-19T12:50:00Z,1.9647,16.647
2025-11-19T13:00:00Z,1.955,16.361
2025-11-19T13:10:00Z,1.943,15.894
2025-11-19T13:20:00Z,1.947,15.405
2025-11-19T13:30:00Z,1.9387,14.953
2025-11-19T13:40:00Z,1.9393,15.063
2025-11-19T13:50:00Z,1.9423,15.02
2025-11-19T14:00:00Z,1.939,14.228
2025-11-19T14:10:00Z,1.9325,14.489
2025-11-19T14:20:00Z,1.95,15.926
2025-11-19T14:30:00Z,1.935,15.047
2025-11-19T14:40:00Z,1.9352,14.743
2025-11-19T14:50:00Z,1.9463,15.566
2025-11-19T15:00:00Z,1.9463,15.559
2025-11-19T15:10:00Z,1.9402,14.686
2025-11-19T15:20:00Z,1.9395,14.262
2025-11-19T15:30:00Z,1.9474,15.385
2025-11-19T15:40:00Z,1.9422,15.335
2025-11-19T15:50:00Z,1.9376,14.803
2025-11-19T16:00:00Z,1.93,14.55
2025-11-19T16:10:00Z,1.947,15.601
2025-11-19T16:20:00Z,1.9439,15.416
2025-11-19T16:30:00Z,1.9329,14.213
2025-11-19T16:40:00Z,1.9398,14.302
2025-11-19T16:50:00Z,1.9296,14.59
2025-11-19T17:00:00Z,1.9339,15.078
2025-11-19T17:10:00Z,1.9338,14.516
2025-11-19T17:20:00Z,1.9259,14.153
2025-11-19T17:30:00Z,1.9358,15.469
2025-11-19T17:40:00Z,1.9409,15.638
2025-11-19T17:50:00Z,1.9184,14.437
2025-11-19T18:00:00Z,1.9293,14.372
2025-11-19T18:10:00Z,1.935,14.992
2025-11-19T18:20:00Z,1.933,15.111
2025-11-19T18:30:00Z,1.9346,15.513
2025-11-19T18:40:00Z,1.9349,15.477
2025-11-19T18:50:00Z,1.9316,15.624
2025-11-19T19:00:00Z,1.936,15.715
2025-11-19T19:10:00Z,1.9311,16.042
2025-11-19T19:20:00Z,1.9347,16.571
2025-11-19T19:30:00Z,1.9354,16.858
2025-11-19T19:40:00Z,1.931,17.101
2025-11-19T19:50:00Z,1.9288,17.193
2025-11-19T20:00:00Z,1.9339,17.552
2025-11-19T20:10:00Z,1.9223,17.617
2025-11-19T20:20:00Z,1.9211,17.583
2025-11-19T20:30:00Z,1.9211,17.329
2025-11-19T20:40:00Z,1.906,16.924
2025-11-19T20:50:00Z,1.926,16.446
2025-11-19T21:00:00Z,1.9289,17.897
2025-11-19T21:10:00Z,1.9267,17.644
2025-11-19T21:20:00Z,1.9155,17.048
2025-11-19T21:30:00Z,1.9208,17.044
2025-11-19T21:40:00Z,1.907,17.534
2025-11-19T21:50:00Z,1.9206,17.852
2025-11-19T22:00:00Z,1.9241,17.737
2025-11-19T22:10:00Z,1.9216,17.625
2025-11-19T22:20:00Z,1.9147,17.692
2025-11-19T22:30:00Z,1.9173,17.574
2025-11-19T22:40:00Z,1.9238,17.374
2025-11-19T22:50:00Z,1.9167,17.248
2025-11-19T23:00:00Z,1.9187,17.238
2025-11-19T23:10:00Z,1.9278,17.246
2025-11-19T23:20:00Z,1.9216,17.295
2025-11-19T23:30:00Z,1.9247,17.261
2025-11-19T23:40:00Z,1.9238,17.207
2025-11-19T23:50:00Z,1.9266,17.155
2025-11-20T00:00:00Z,1.9156,17.126
2025-11-20T00:10:00Z,1.9114,17.115
2025-11-20T00:20:00Z,1.9109,17.106
2025-11-20T00:30:00Z,1.9133,17.059
2025-11-20T00:40:00Z,1.9197,17.036
2025-11-20T00:50:00Z,1.907,17.037
2025-11-20T01:00:00Z,1.9025,17.042
2025-11-20T01:10:00Z,1.9038,17.036
2025-11-20T01:20:00Z,1.9043,17.027
2025-11-20T01:30:00Z,1.9012,17.006
2025-11-20T01:40:00Z,1.9033,16.994
2025-11-20T01:50:00Z,1.9023,17.008
2025-11-20T02:00:00Z,1.9,17.017
2025-11-20T02:10:00Z,1.8956,17.046
2025-11-20T02:20:00Z,1.9026,17.05
2025-11-20T02:30:00Z,1.8999,17.002
2025-11-20T02:40:00Z,1.9043,16.955
2025-11-20T02:50:00Z,1.8976,16.903
2025-11-20T03:00:00Z,1.8956,16.82
2025-11-20T03:10:00Z,1.8933,16.734
2025-11-20T03:20:00Z,1.8927,16.67
2025-11-20T03:30:00Z,1.8916,16.612
2025-11-20T03:40:00Z,1.8887,16.55
2025-11-20T03:50:00Z,1.8959,16.477
2025-11-20T04:00:00Z,1.8908,16.45
2025-11-20T04:10:00Z,1.874,16.441
2025-11-20T04:20:00Z,1.8927,16.399
2025-11-20T04:30:00Z,1.8873,16.354
2025-11-20T04:40:00Z,1.896,16.3
2025-11-20T04:50:00Z,1.8896,16.289
2025-11-20T05:00:00Z,1.8846,16.341
2025-11-20T05:10:00Z,1.8853,16.347
2025-11-20T05:20:00Z,1.882,16.368
2025-11-20T05:30:00Z,1.8821,16.369
2025-11-20T05:40:00Z,1.874,16.36
2025-11-20T05:50:00Z,1.8798,16.358
2025-11-20T06:00:00Z,1.8792,16.367
2025-11-20T06:10:00Z,1.8867,16.391
2025-11-20T06:20:00Z,1.8811,16.435
2025-11-20T06:30:00Z,1.8784,16.446
2025-11-20T06:40:00Z,1.8722,16.516
2025-11-20T06:50:00Z,1.8813,16.59
2025-11-20T07:00:00Z,1.8765,16.683
2025-11-20T07:10:00Z,1.874,16.669
2025-11-20T07:20:00Z,1.8856,16.544
2025-11-20T07:30:00Z,1.871,16.147
2025-11-20T07:40:00Z,1.8708,15.595
2025-11-20T07:50:00Z,1.8669,15.466
2025-11-20T08:00:00Z,1.8677,15.221
2025-11-20T08:10:00Z,1.8696,15.18
2025-11-20T08:20:00Z,1.8682,15.24
2025-11-20T08:30:00Z,1.8685,15.316
2025-11-20T08:40:00Z,1.84,15.362
2025-11-20T08:50:00Z,1.8677,15.355
2025-11-20T09:00:00Z,1.8654,15.309
2025-11-20T09:10:00Z,1.8562,15.338
2025-11-20T09:20:00Z,1.8594,15.459
2025-11-20T09:30:00Z,1.8632,15.612
2025-11-20T09:40:00Z,1.8565,15.745
2025-11-20T09:50:00Z,1.864,15.69
2025-11-20T10:00:00Z,1.8602,15.535
2025-11-20T10:10:00Z,1.86,15.47
2025-11-20T10:20:00Z,1.8573,15.479
2025-11-20T10:30:00Z,1.8563,15.4
2025-11-20T10:40:00Z,1.8612,15.333
2025-11-20T10:50:00Z,1.8531,15.059
2025-11-20T11:00:00Z,1.8538,14.747
2025-11-20T11:10:00Z,1.8334,14.639
2025-11-20T11:20:00Z,1.856,14.591
2025-11-20T11:30:00Z,1.8468,14.572
2025-11-20T11:40:00Z,1.8522,14.589
2025-11-20T11:50:00Z,1.8447,14.605
2025-11-20T12:00:00Z,1.8481,14.597
2025-11-20T12:10:00Z,1.8375,14.53
2025-11-20T12:20:00Z,1.8437,14.487
2025-11-20T12:30:00Z,1.8473,14.486
2025-11-20T12:40:00Z,1.8452,14.465
2025-11-20T12:50:00Z,1.8478,14.485
2025-11-20T13:00:00Z,1.8449,14.516
2025-11-20T13:10:00Z,1.8437,14.485
2025-11-20T13:20:00Z,1.8442,14.489
2025-11-20T13:30:00Z,1.8448,14.531
2025-11-20T13:40:00Z,1.8477,14.553
2025-11-20T13:50:00Z,1.8464,14.549
2025-11-20T14:00:00Z,1.84,14.536
2025-11-20T14:10:00Z,1.8394,14.569
2025-11-20T14:20:00Z,1.838,14.582
2025-11-20T14:30:00Z,1.8419,14.632
2025-11-20T14:40:00Z,1.8411,14.604
2025-11-20T14:50:00Z,1.8438,14.627
2025-11-20T15:00:00Z,1.8385,14.624
2025-11-20T15:10:00Z,1.841,14.584
2025-11-20T15:20:00Z,1.8416,14.568
2025-11-20T15:30:00Z,1.8401,14.578
2025-11-20T15:40:00Z,1.8381,14.608
2025-11-20T15:50:00Z,1.8426,14.606
2025-11-20T16:00:00Z,1.8365,14.61
2025-11-20T16:10:00Z,1.8212,14.623
2025-11-20T16:20:00Z,1.8356,14.506
2025-11-20T16:30:00Z,1.8328,14.479
2025-11-20T16:40:00Z,1.8451,14.541
2025-11-20T16:50:00Z,1.8317,14.694
2025-11-20T17:00:00Z,1.8346,14.771
2025-11-20T17:10:00Z,1.8326,14.848
2025-11-20T17:20:00Z,1.8327,15.002
2025-11-20T17:30:00Z,1.8321,15.22
2025-11-20T17:40:00Z,1.8349,15.42
2025-11-20T17:50:00Z,1.8316,15.406
2025-11-20T18:00:00Z,1.8248,15.528
2025-11-20T18:10:00Z,1.8261,16.581
2025-11-20T18:20:00Z,1.8343,17.114
2025-11-20T18:30:00Z,1.8363,17.518
2025-11-20T18:40:00Z,1.8364,17.688
2025-11-20T18:50:00Z,1.8395,17.736
2025-11-20T19:00:00Z,1.8459,17.891
2025-11-20T19:10:00Z,1.8367,18.068
2025-11-20T19:20:00Z,1.8461,18.045
2025-11-20T19:30:00Z,1.852,17.931
2025-11-20T19:40:00Z,1.8336,17.709
2025-11-20T19:50:00Z,1.8374,16.484
2025-11-20T20:00:00Z,1.8541,16.169
2025-11-20T20:10:00Z,1.8338,16.497
2025-11-20T20:20:00Z,1.8457,16.673
2025-11-20T20:30:00Z,1.8533,16.959
2025-11-20T20:40:00Z,1.845,17.105
2025-11-20T20:50:00Z,1.8596,17.05
2025-11-20T21:00:00Z,1.8622,17.223
2025-11-20T21:10:00Z,1.8511,16.872
2025-11-20T21:20:00Z,1.8559,16.55
2025-11-20T21:30:00Z,1.8615,16.524
2025-11-20T21:40:00Z,1.8589,16.454
2025-11-20T21:50:00Z,1.8579,16.471
2025-11-20T22:00:00Z,1.8627,16.423
2025-11-20T22:10:00Z,1.8517,16.456
2025-11-20T22:20:00Z,1.8634,16.934
2025-11-20T22:30:00Z,1.8687,17.512
2025-11-20T22:40:00Z,1.858,17.014
2025-11-20T22:50:00Z,1.8497,16.885
2025-11-20T23:00:00Z,1.867,17.485
2025-11-20T23:10:00Z,1.8544,17.687
2025-11-20T23:20:00Z,1.8593,17.304
2025-11-20T23:30:00Z,1.856,17.355
2025-11-20T23:40:00Z,1.8549,16.714
2025-11-20T23:50:00Z,1.8583,17.38
2025-11-21T00:00:00Z,1.8598,17.969
2025-11-21T00:10:00Z,1.8514,18.615
2025-11-21T00:20:00Z,1.865,18.667
2025-11-21T00:30:00Z,1.8642,18.206
2025-11-21T00:40:00Z,1.8441,17.722
2025-11-21T00:50:00Z,1.8651,16.918
2025-11-21T01:00:00Z,1.8665,16.833
2025-11-21T01:10:00Z,1.8597,16.644
2025-11-21T01:20:00Z,1.8671,16.427
2025-11-21T01:30:00Z,1.8686,16.345
2025-11-21T01:40:00Z,1.8685,16.252
2025-11-21T01:50:00Z,1.8609,16.199
2025-11-21T02:00:00Z,1.8655,16.137
2025-11-21T02:10:00Z,1.8746,16.084
2025-11-21T02:20:00Z,1.8736,15.86
2025-11-21T02:30:00Z,1.8676,16.498
2025-11-21T02:40:00Z,1.8755,16.566
2025-11-21T02:50:00Z,1.8684,16.377
2025-11-21T03:00:00Z,1.8647,16.396
2025-11-21T03:10:00Z,1.8588,16.335
2025-11-21T03:20:00Z,1.8668,16.384
2025-11-21T03:30:00Z,1.8703,16.459
2025-11-21T03:40:00Z,1.8653,16.397
2025-11-21T03:50:00Z,1.871,16.517
2025-11-21T04:00:00Z,1.8687,16.409
2025-11-21T04:10:00Z,1.8701,16.368
2025-11-21T04:20:00Z,1.8701,16.306
2025-11-21T04:30:00Z,1.8707,16.079
2025-11-21T04:40:00Z,1.8655,16.064
2025-11-21T04:50:00Z,1.8697,16.11
2025-11-21T05:00:00Z,1.8728,16.148
2025-11-21T05:10:00Z,1.8645,16.128
2025-11-21T05:20:00Z,1.8684,16.122
2025-11-21T05:30:00Z,1.8756,16.116
2025-11-21T05:40:00Z,1.8636,16.114
2025-11-21T05:50:00Z,1.8739,16.129
2025-11-21T06:00:00Z,1.8771,16.174
2025-11-21T06:10:00Z,1.8648,16.213
2025-11-21T06:20:00Z,1.8725,16.331
2025-11-21T06:30:00Z,1.8775,16.175
2025-11-21T06:40:00Z,1.8766,15.647
2025-11-21T06:50:00Z,1.8705,15.577
2025-11-21T07:00:00Z,1.8766,15.592
2025-11-21T07:10:00Z,1.8764,15.65
2025-11-21T07:20:00Z,1.8752,15.68
2025-11-21T07:30:00Z,1.8706,15.711
2025-11-21T07:40:00Z,1.8649,15.722
2025-11-21T07:50:00Z,1.8682,15.601
2025-11-21T08:00:00Z,1.8718,15.49
2025-11-21T08:10:00Z,1.8695,15.44
2025-11-21T08:20:00Z,1.8728,15.39
2025-11-21T08:30:00Z,1.8712,15.389
2025-11-21T08:40:00Z,1.8722,15.24
2025-11-21T08:50:00Z,1.8682,15.041
2025-11-21T09:00:00Z,1.8701,15.129
2025-11-21T09:10:00Z,1.8735,15.274
2025-11-21T09:20:00Z,1.8693,15.358
2025-11-21T09:30:00Z,1.8682,15.415
2025-11-21T09:40:00Z,1.8623,15.532
2025-11-21T09:50:00Z,1.8664,15.59
2025-11-21T10:00:00Z,1.8663,15.615
2025-11-21T10:10:00Z,1.8574,15.688
2025-11-21T10:20:00Z,1.8615,15.759
2025-11-21T10:30:00Z,1.8647,15.792
2025-11-21T10:40:00Z,1.8594,15.73
2025-11-21T10:50:00Z,1.8575,15.698
2025-11-21T11:00:00Z,1.858,15.313
2025-11-21T11:10:00Z,1.8599,14.735
2025-11-21T11:20:00Z,1.8576,14.663
2025-11-21T11:30:00Z,1.856,14.605
2025-11-21T11:40:00Z,1.8652,14.706
2025-11-21T11:50:00Z,1.8582,14.776
2025-11-21T12:00:00Z,1.8556,14.68
2025-11-21T12:10:00Z,1.863,14.824
2025-11-21T12:20:00Z,1.8581,14.872
2025-11-21T12:30:00Z,1.8567,14.794
2025-11-21T12:40:00Z,1.8645,14.812
2025-11-21T12:50:00Z,1.8558,14.767
2025-11-21T13:00:00Z,1.8527,14.71
2025-11-21T13:10:00Z,1.8439,14.771
2025-11-21T13:20:00Z,1.8568,14.837
2025-11-21T13:30:00Z,1.8536,14.924
2025-11-21T13:40:00Z,1.8672,14.898
2025-11-21T13:50:00Z,1.8596,14.95
2025-11-21T14:00:00Z,1.85,14.805
2025-11-21T14:10:00Z,1.8675,14.804
2025-11-21T14:20:00Z,1.8506,14.732
2025-11-21T14:30:00Z,1.8484,14.728
2025-11-21T14:40:00Z,1.8553,14.715
2025-11-21T14:50:00Z,1.8505,14.751
2025-11-21T15:00:00Z,1.8456,14.635
2025-11-21T15:10:00Z,1.8535,14.578
2025-11-21T15:20:00Z,1.8508,14.508
2025-11-21T15:30:00Z,1.8499,14.349
2025-11-21T15:40:00Z,1.8642,14.378
2025-11-21T15:50:00Z,1.8612,14.441
2025-11-21T16:00:00Z,1.8474,14.23
2025-11-21T16:10:00Z,1.8581,14.283
2025-11-21T16:20:00Z,1.8516,14.202
2025-11-21T16:30:00Z,1.8374,14.19
2025-11-21T16:40:00Z,1.8539,14.121
2025-11-21T16:50:00Z,1.8325,14.145
2025-11-21T17:00:00Z,1.8398,14.291
2025-11-21T17:10:00Z,1.8373,14.196
2025-11-21T17:20:00Z,1.8331,14.169
2025-11-21T17:30:00Z,1.836,14.179
2025-11-21T17:40:00Z,1.8118,14.352
2025-11-21T17:50:00Z,1.8576,14.656
2025-11-21T18:00:00Z,1.832,14.605
2025-11-21T18:10:00Z,1.8431,14.773
2025-11-21T18:20:00Z,1.8273,15.049
2025-11-21T18:30:00Z,1.8415,15.238
2025-11-21T18:40:00Z,1.8416,15.193
2025-11-21T18:50:00Z,1.831,14.732
2025-11-21T19:00:00Z,1.8355,14.938
2025-11-21T19:10:00Z,1.8255,15.134
2025-11-21T19:20:00Z,1.8261,15.147
2025-11-21T19:30:00Z,1.8341,15.312
2025-11-21T19:40:00Z,1.8386,15.523
2025-11-21T19:50:00Z,1.8408,15.616
2025-11-21T20:00:00Z,1.8346,15.636
2025-11-21T20:10:00Z,1.8301,15.628
2025-11-21T20:20:00Z,1.8296,15.673
2025-11-21T20:30:00Z,1.8341,15.734
2025-11-21T20:40:00Z,1.8305,15.883
2025-11-21T20:50:00Z,1.8337,15.916
2025-11-21T21:00:00Z,1.8313,15.813
2025-11-21T21:10:00Z,1.8284,15.694
2025-11-21T21:20:00Z,1.8328,15.75
2025-11-21T21:30:00Z,1.829,15.846
2025-11-21T21:40:00Z,1.826,16.051
2025-11-21T21:50:00Z,1.8252,16.117
2025-11-21T22:00:00Z,1.8277,16.203
2025-11-21T22:10:00Z,1.8367,16.321
2025-11-21T22:20:00Z,1.8249,16.34
2025-11-21T22:30:00Z,1.8275,16.34
2025-11-21T22:40:00Z,1.846,16.466
2025-11-21T22:50:00Z,1.8169,16.396
2025-11-21T23:00:00Z,1.8182,16.369
2025-11-21T23:10:00Z,1.8173,16.409
2025-11-21T23:20:00Z,1.8237,16.467
2025-11-21T23:30:00Z,1.8223,16.499
2025-11-21T23:40:00Z,1.8304,16.634
2025-11-21T23:50:00Z,1.8219,16.599
2025-11-22T00:00:00Z,1.8188,16.49
2025-11-22T00:10:00Z,1.8238,16.443
2025-11-22T00:20:00Z,1.8208,16.366
2025-11-22T00:30:00Z,1.8168,16.33
2025-11-22T00:40:00Z,1.8276,16.283
2025-11-22T00:50:00Z,1.8209,16.218
2025-11-22T01:00:00Z,1.8089,16.19
2025-11-22T01:10:00Z,1.8119,16.193
2025-11-22T01:20:00Z,1.8099,16.16
2025-11-22T01:30:00Z,1.81,16.134
2025-11-22T01:40:00Z,1.8138,16.114
2025-11-22T01:50:00Z,1.8118,16.12
2025-11-22T02:00:00Z,1.8073,16.117
2025-11-22T02:10:00Z,1.8133,16.103
2025-11-22T02:20:00Z,1.8131,16.039
2025-11-22T02:30:00Z,1.8077,15.963
2025-11-22T02:40:00Z,1.8069,15.836
2025-11-22T02:50:00Z,1.8105,15.679
2025-11-22T03:00:00Z,1.8057,15.689
2025-11-22T03:10:00Z,1.8085,15.71
2025-11-22T03:20:00Z,1.811,15.796
2025-11-22T03:30:00Z,1.8035,15.77
2025-11-22T03:40:00Z,1.8076,15.758
2025-11-22T03:50:00Z,1.8054,15.709
2025-11-22T04:00:00Z,1.803,15.763
2025-11-22T04:10:00Z,1.8052,15.859
2025-11-22T04:20:00Z,1.8037,15.892
2025-11-22T04:30:00Z,1.8041,15.948
2025-11-22T04:40:00Z,1.8039,15.981
2025-11-22T04:50:00Z,1.8048,15.982
2025-11-22T05:00:00Z,1.7995,15.927
2025-11-22T05:10:00Z,1.8038,15.878
2025-11-22T05:20:00Z,1.7986,15.844
2025-11-22T05:30:00Z,1.7996,15.782
2025-11-22T05:40:00Z,1.8056,15.735
2025-11-22T05:50:00Z,1.8005,15.663
2025-11-22T06:00:00Z,1.7965,15.604
2025-11-22T06:10:00Z,1.7931,15.563
2025-11-22T06:20:00Z,1.8005,15.54
2025-11-22T06:30:00Z,1.7975,15.532
2025-11-22T06:40:00Z,1.7897,15.521
2025-11-22T06:50:00Z,1.7918,15.466
2025-11-22T07:00:00Z,1.7932,15.314
2025-11-22T07:10:00Z,1.7896,15.157
2025-11-22T07:20:00Z,1.7926,14.982
2025-11-22T07:30:00Z,1.7911,14.868
2025-11-22T07:40:00Z,1.7859,14.82
2025-11-22T07:50:00Z,1.7903,14.799
2025-11-22T08:00:00Z,1.7887,14.782
2025-11-22T08:10:00Z,1.7891,14.682
2025-11-22T08:20:00Z,1.7886,14.648
2025-11-22T08:30:00Z,1.7857,14.651
2025-11-22T08:40:00Z,1.7752,14.672
2025-11-22T08:50:00Z,1.7824,14.628
2025-11-22T09:00:00Z,1.7883,14.553
2025-11-22T09:10:00Z,1.7861,14.559
2025-11-22T09:20:00Z,1.7858,14.504
2025-11-22T09:30:00Z,1.7861,14.489
2025-11-22T09:40:00Z,1.7782,14.475
2025-11-22T09:50:00Z,1.7818,14.54
2025-11-22T10:00:00Z,1.7866,14.521
2025-11-22T10:10:00Z,1.7769,14.467
2025-11-22T10:20:00Z,1.7793,14.334
2025-11-22T10:30:00Z,1.7784,14.308
2025-11-22T10:40:00Z,1.7724,14.304
2025-11-22T10:50:00Z,1.7816,14.262
2025-11-22T11:00:00Z,1.7828,14.26
2025-11-22T11:10:00Z,1.7788,14.36
2025-11-22T11:20:00Z,1.7816,14.339
2025-11-22T11:30:00Z,1.7857,14.35
2025-11-22T11:40:00Z,1.7875,14.354
2025-11-22T11:50:00Z,1.7794,14.354
2025-11-22T12:00:00Z,1.7792,14.351
2025-11-22T12:10:00Z,1.7765,14.329
2025-11-22T12:20:00Z,1.7753,14.336
2025-11-22T12:30:00Z,1.7755,14.301
2025-11-22T12:40:00Z,1.7734,14.316
2025-11-22T12:50:00Z,1.7747,14.316
2025-11-22T13:00:00Z,1.7784,14.31
2025-11-22T13:10:00Z,1.7772,14.341
2025-11-22T13:20:00Z,1.7775,14.369
2025-11-22T13:30:00Z,1.774,14.398
2025-11-22T13:40:00Z,1.7919,14.44
2025-11-22T13:50:00Z,1.7749,14.427
2025-11-22T14:00:00Z,1.7764,14.387
2025-11-22T14:10:00Z,1.7733,14.357
2025-11-22T14:20:00Z,1.7742,14.301
2025-11-22T14:30:00Z,1.7776,14.289
2025-11-22T14:40:00Z,1.7682,14.292
2025-11-22T14:50:00Z,1.783,14.362
2025-11-22T15:00:00Z,1.7829,14.547
2025-11-22T15:10:00Z,1.7769,14.661
2025-11-22T15:20:00Z,1.7816,14.647
2025-11-22T15:30:00Z,1.7891,14.524
2025-11-22T15:40:00Z,1.7891,14.393
2025-11-22T15:50:00Z,1.7712,14.041
2025-11-22T16:00:00Z,1.7772,13.962
2025-11-22T16:10:00Z,1.7837,13.968
2025-11-22T16:20:00Z,1.7829,13.995
2025-11-22T16:30:00Z,1.7715,13.986
2025-11-22T16:40:00Z,1.7725,13.993
2025-11-22T16:50:00Z,1.764,13.992
2025-11-22T17:00:00Z,1.7701,14.019
2025-11-22T17:10:00Z,1.7796,14.059
2025-11-22T17:20:00Z,1.7667,14.114
2025-11-22T17:30:00Z,1.7607,14.199
2025-11-22T17:40:00Z,1.7818,14.287
2025-11-22T17:50:00Z,1.7534,14.429
2025-11-22T18:00:00Z,1.7625,14.569
2025-11-22T18:10:00Z,1.7485,14.821
2025-11-22T18:20:00Z,1.7627,15.068
2025-11-22T18:30:00Z,1.7757,15.084
2025-11-22T18:40:00Z,1.7686,15.196
2025-11-22T18:50:00Z,1.7689,15.41
2025-11-22T19:00:00Z,1.7708,15.672
2025-11-22T19:10:00Z,1.7617,15.888
2025-11-22T19:20:00Z,1.7663,16.103
2025-11-22T19:30:00Z,1.7707,16.281
2025-11-22T19:40:00Z,1.7685,16.713
2025-11-22T19:50:00Z,1.7685,16.723
2025-11-22T20:00:00Z,1.771,17.017
2025-11-22T20:10:00Z,1.7631,17.173
2025-11-22T20:20:00Z,1.772,17.424
2025-11-22T20:30:00Z,1.7678,17.471
2025-11-22T20:40:00Z,1.7674,17.554
2025-11-22T20:50:00Z,1.7591,17.177
2025-11-22T21:00:00Z,1.7604,17.346
2025-11-22T21:10:00Z,1.7572,17.232
2025-11-22T21:20:00Z,1.7652,17.33
2025-11-22T21:30:00Z,1.7654,17.524
2025-11-22T21:40:00Z,1.7626,17.573
2025-11-22T21:50:00Z,1.7648,17.679
2025-11-22T22:00:00Z,1.763,17.827
2025-11-22T22:10:00Z,1.759,17.814
2025-11-22T22:20:00Z,1.7727,17.856
2025-11-22T22:30:00Z,1.767,17.825
2025-11-22T22:40:00Z,1.7729,17.732
2025-11-22T22:50:00Z,1.7691,17.64
2025-11-22T23:00:00Z,1.7704,17.67
2025-11-22T23:10:00Z,1.774,17.669
2025-11-22T23:20:00Z,1.7727,17.691
2025-11-22T23:30:00Z,1.7679,17.725
2025-11-22T23:40:00Z,1.7667,17.74
2025-11-22T23:50:00Z,1.7722,17.74
2025-11-23T00:00:00Z,1.7691,17.717
2025-11-23T00:10:00Z,1.7689,17.717
2025-11-23T00:20:00Z,1.771,17.697
2025-11-23T00:30:00Z,1.7653,17.667
2025-11-23T00:40:00Z,1.7796,17.664
2025-11-23T00:50:00Z,1.7593,17.615
2025-11-23T01:00:00Z,1.7592,17.575
2025-11-23T01:10:00Z,1.7575,17.562
2025-11-23T01:20:00Z,1.7566,17.542
2025-11-23T01:30:00Z,1.7594,17.462
2025-11-23T01:40:00Z,1.7614,17.42
2025-11-23T01:50:00Z,1.762,17.404
2025-11-23T02:00:00Z,1.7609,17.374
2025-11-23T02:10:00Z,1.7645,17.327
2025-11-23T02:20:00Z,1.7602,17.279
2025-11-23T02:30:00Z,1.7609,17.221
2025-11-23T02:40:00Z,1.7682,17.157
2025-11-23T02:50:00Z,1.7561,17.087
2025-11-23T03:00:00Z,1.7585,17.051
2025-11-23T03:10:00Z,1.7619,16.995
2025-11-23T03:20:00Z,1.7615,16.952
2025-11-23T03:30:00Z,1.7587,16.93
2025-11-23T03:40:00Z,1.7594,16.919
2025-11-23T03:50:00Z,1.7584,16.929
2025-11-23T04:00:00Z,1.7571,16.93
2025-11-23T04:10:00Z,1.7607,16.908
2025-11-23T04:20:00Z,1.7565,16.872
2025-11-23T04:30:00Z,1.7564,16.855
2025-11-23T04:40:00Z,1.7575,16.842
2025-11-23T04:50:00Z,1.7506,16.822
2025-11-23T05:00:00Z,1.7549,16.794
2025-11-23T05:10:00Z,1.7553,16.746
2025-11-23T05:20:00Z,1.7605,16.687
2025-11-23T05:30:00Z,1.7533,16.619
2025-11-23T05:40:00Z,1.7565,16.561
2025-11-23T05:50:00Z,1.7548,16.517
2025-11-23T06:00:00Z,1.7489,16.472
2025-11-23T06:10:00Z,1.7533,16.432
2025-11-23T06:20:00Z,1.7518,16.403
2025-11-23T06:30:00Z,1.751,16.346
2025-11-23T06:40:00Z,1.7496,16.31
2025-11-23T06:50:00Z,1.7528,16.329
2025-11-23T07:00:00Z,1.7514,16.328
2025-11-23T07:10:00Z,1.7533,16.338
2025-11-23T07:20:00Z,1.7512,16.334
2025-11-23T07:30:00Z,1.7485,16.273
2025-11-23T07:40:00Z,1.748,16.231
2025-11-23T07:50:00Z,1.7534,16.182
2025-11-23T08:00:00Z,1.7512,16.19
2025-11-23T08:10:00Z,1.7538,16.212
2025-11-23T08:20:00Z,1.7456,16.143
2025-11-23T08:30:00Z,1.7469,16.132
2025-11-23T08:40:00Z,1.7451,16.101
2025-11-23T08:50:00Z,1.7455,16.133
2025-11-23T09:00:00Z,1.748,16.093
2025-11-23T09:10:00Z,1.7468,16.063
2025-11-23T09:20:00Z,1.7456,16.018
2025-11-23T09:30:00Z,1.7484,16.004
2025-11-23T09:40:00Z,1.7508,15.959
2025-11-23T09:50:00Z,1.7457,15.952
2025-11-23T10:00:00Z,1.7438,15.911
2025-11-23T10:10:00Z,1.7452,15.916
2025-11-23T10:20:00Z,1.7456,15.892
2025-11-23T10:30:00Z,1.7438,15.853
2025-11-23T10:40:00Z,1.7433,15.812
2025-11-23T10:50:00Z,1.7445,15.769
2025-11-23T11:00:00Z,1.7459,15.722
2025-11-23T11:10:00Z,1.7512,15.67
2025-11-23T11:20:00Z,1.7476,15.669
2025-11-23T11:30:00Z,1.7449,15.666
2025-11-23T11:40:00Z,1.7437,15.675
2025-11-23T11:50:00Z,1.7465,15.657
2025-11-23T12:00:00Z,1.7447,15.647
2025-11-23T12:10:00Z,1.7497,15.651
2025-11-23T12:20:00Z,1.7438,15.668
2025-11-23T12:30:00Z,1.7467,15.675
2025-11-23T12:40:00Z,1.7473,15.613
2025-11-23T12:50:00Z,1.7427,15.572
2025-11-23T13:00:00Z,1.7445,15.528
2025-11-23T13:10:00Z,1.7455,15.513
2025-11-23T13:20:00Z,1.7385,15.476
2025-11-23T13:30:00Z,1.7412,15.487
2025-11-23T13:40:00Z,1.7452,15.459
2025-11-23T13:50:00Z,1.7461,15.415
2025-11-23T14:00:00Z,1.7391,15.393
2025-11-23T14:10:00Z,1.7446,15.379
2025-11-23T14:20:00Z,1.7438,15.342
2025-11-23T14:30:00Z,1.74,15.301
2025-11-23T14:40:00Z,1.7478,15.259
2025-11-23T14:50:00Z,1.7433,15.252
2025-11-23T15:00:00Z,1.7413,15.224
2025-11-23T15:10:00Z,1.7483,15.211
2025-11-23T15:20:00Z,1.7357,15.185
2025-11-23T15:30:00Z,1.7445,15.133
2025-11-23T15:40:00Z,1.7517,15.132
2025-11-23T15:50:00Z,1.7449,15.059
2025-11-23T16:00:00Z,1.7453,15.114
2025-11-23T16:10:00Z,1.7518,15.095
2025-11-23T16:20:00Z,1.7508,15.073
2025-11-23T16:30:00Z,1.7424,15.033
2025-11-23T16:40:00Z,1.7518,15.023
2025-11-23T16:50:00Z,1.7491,15.037
2025-11-23T17:00:00Z,1.741,15.063
2025-11-23T17:10:00Z,1.7464,15.094
2025-11-23T17:20:00Z,1.7484,15.147
2025-11-23T17:30:00Z,1.7414,15.209
2025-11-23T17:40:00Z,1.7481,15.256
2025-11-23T17:50:00Z,1.7442,15.311
2025-11-23T18:00:00Z,1.7415,15.397
2025-11-23T18:10:00Z,1.7448,15.499
2025-11-23T18:20:00Z,1.7407,15.555
2025-11-23T18:30:00Z,1.7414,15.707
2025-11-23T18:40:00Z,1.7353,15.854
2025-11-23T18:50:00Z,1.7399,15.979
2025-11-23T19:00:00Z,1.7427,16.105
2025-11-23T19:10:00Z,1.7364,16.306
2025-11-23T19:20:00Z,1.7439,16.537
2025-11-23T19:30:00Z,1.7413,16.81
2025-11-23T19:40:00Z,1.7412,17.04
2025-11-23T19:50:00Z,1.7415,17.269
2025-11-23T20:00:00Z,1.7377,17.367
2025-11-23T20:10:00Z,1.7334,17.558
2025-11-23T20:20:00Z,1.7409,17.758
2025-11-23T20:30:00Z,1.7416,17.936
2025-11-23T20:40:00Z,1.7362,17.664
2025-11-23T20:50:00Z,1.7406,17.596
2025-11-23T21:00:00Z,1.7399,17.809
2025-11-23T21:10:00Z,1.7366,17.763
2025-11-23T21:20:00Z,1.7412,17.808
2025-11-23T21:30:00Z,1.7414,17.928
2025-11-23T21:40:00Z,1.7386,17.983
2025-11-23T21:50:00Z,1.7438,17.954
2025-11-23T22:00:00Z,1.7453,17.928
2025-11-23T22:10:00Z,1.744,18.081
2025-11-23T22:20:00Z,1.7499,18.115
2025-11-23T22:30:00Z,1.7451,18.184
2025-11-23T22:40:00Z,1.7464,18.201
2025-11-23T22:50:00Z,1.748,18.254
2025-11-23T23:00:00Z,1.7424,18.295
2025-11-23T23:10:00Z,1.742,18.282
2025-11-23T23:20:00Z,1.7473,18.294
2025-11-23T23:30:00Z,1.7426,18.293
2025-11-23T23:40:00Z,1.7502,18.295
2025-11-23T23:50:00Z,1.7441,18.297
2025-11-24T00:00:00Z,1.7361,18.248
2025-11-24T00:10:00Z,1.7366,18.198
2025-11-24T00:20:00Z,1.7435,18.187
2025-11-24T00:30:00Z,1.7401,18.175
2025-11-24T00:40:00Z,1.7445,18.181
2025-11-24T00:50:00Z,1.7378,18.154
2025-11-24T01:00:00Z,1.7354,18.136
2025-11-24T01:10:00Z,1.7398,18.109
2025-11-24T01:20:00Z,1.7387,18.108
2025-11-24T01:30:00Z,1.7359,18.065
2025-11-24T01:40:00Z,1.7427,17.978
2025-11-24T01:50:00Z,1.7362,17.953
2025-11-24T02:00:00Z,1.7376,17.862
2025-11-24T02:10:00Z,1.7404,17.777
2025-11-24T02:20:00Z,1.7351,17.887
2025-11-24T02:30:00Z,1.7407,17.985
2025-11-24T02:40:00Z,1.7536,18.077
2025-11-24T02:50:00Z,1.7489,18.075
2025-11-24T03:00:00Z,1.7346,17.808
2025-11-24T03:10:00Z,1.7357,17.596
2025-11-24T03:20:00Z,1.7348,17.782
2025-11-24T03:30:00Z,1.7374,17.855
2025-11-24T03:40:00Z,1.7454,17.904
2025-11-24T03:50:00Z,1.7375,17.937
2025-11-24T04:00:00Z,1.7364,17.438
2025-11-24T04:10:00Z,1.7436,17.388
2025-11-24T04:20:00Z,1.7454,17.557
2025-11-24T04:30:00Z,1.7391,17.667
2025-11-24T04:40:00Z,1.7454,17.473
2025-11-24T04:50:00Z,1.7424,17.296
2025-11-24T05:00:00Z,1.7381,17.171
2025-11-24T05:10:00Z,1.744,17.076
2025-11-24T05:20:00Z,1.7394,17.048
2025-11-24T05:30:00Z,1.7366,17.002
2025-11-24T05:40:00Z,1.742,16.985
2025-11-24T05:50:00Z,1.7397,16.982
2025-11-24T06:00:00Z,1.7381,16.98
2025-11-24T06:10:00Z,1.7401,16.898
2025-11-24T06:20:00Z,1.7405,16.754
2025-11-24T06:30:00Z,1.738,16.741
2025-11-24T06:40:00Z,1.7412,16.717
2025-11-24T06:50:00Z,1.7346,16.709
2025-11-24T07:00:00Z,1.7371,16.672
2025-11-24T07:10:00Z,1.7369,16.563
2025-11-24T07:20:00Z,1.7385,16.44
2025-11-24T07:30:00Z,1.7359,16.41
2025-11-24T07:40:00Z,1.7364,16.417
2025-11-24T07:50:00Z,1.7414,16.426
2025-11-24T08:00:00Z,1.736,16.445
2025-11-24T08:10:00Z,1.7407,16.445
2025-11-24T08:20:00Z,1.7349,16.418
2025-11-24T08:30:00Z,1.7362,16.414
2025-11-24T08:40:00Z,1.7386,16.396
2025-11-24T08:50:00Z,1.7345,16.394
2025-11-24T09:00:00Z,1.736,16.396
2025-11-24T09:10:00Z,1.7407,16.369
2025-11-24T09:20:00Z,1.7399,16.301
2025-11-24T09:30:00Z,1.7386,16.26
2025-11-24T09:40:00Z,1.7372,16.226
2025-11-24T09:50:00Z,1.7361,16.21
2025-11-24T10:00:00Z,1.7377,16.181
2025-11-24T10:10:00Z,1.7384,16.16
2025-11-24T10:20:00Z,1.7371,16.131
2025-11-24T10:30:00Z,1.7369,16.092
2025-11-24T10:40:00Z,1.733,16.055
2025-11-24T10:50:00Z,1.7395,16.016
2025-11-24T11:00:00Z,1.7371,16.002
2025-11-24T11:10:00Z,1.7313,15.999
2025-11-24T11:20:00Z,1.738,15.995
2025-11-24T11:30:00Z,1.7389,15.987
2025-11-24T11:40:00Z,1.7359,15.942
2025-11-24T11:50:00Z,1.7375,15.907
2025-11-24T12:00:00Z,1.7362,15.877
2025-11-24T12:10:00Z,1.7438,15.843
2025-11-24T12:20:00Z,1.7339,15.818
2025-11-24T12:30:00Z,1.7366,15.806
2025-11-24T12:40:00Z,1.7368,15.762
2025-11-24T12:50:00Z,1.7378,15.744
2025-11-24T13:00:00Z,1.7342,15.728
2025-11-24T13:10:00Z,1.7407,15.704
2025-11-24T13:20:00Z,1.7371,15.666
2025-11-24T13:30:00Z,1.7347,15.627
2025-11-24T13:40:00Z,1.7372,15.602
2025-11-24T13:50:00Z,1.7393,15.583
2025-11-24T14:00:00Z,1.7353,15.577
2025-11-24T14:10:00Z,1.736,15.567
2025-11-24T14:20:00Z,1.7365,15.528
2025-11-24T14:30:00Z,1.736,15.506
2025-11-24T14:40:00Z,1.7447,15.505
2025-11-24T14:50:00Z,1.7368,15.513
2025-11-24T15:00:00Z,1.7378,15.549
2025-11-24T15:10:00Z,1.7435,15.527
2025-11-24T15:20:00Z,1.7433,15.519
2025-11-24T15:30:00Z,1.7436,15.503
2025-11-24T15:40:00Z,1.7515,15.545
2025-11-24T15:50:00Z,1.7467,15.458
2025-11-24T16:00:00Z,1.7398,15.438
2025-11-24T16:10:00Z,1.7468,15.458
2025-11-24T16:20:00Z,1.743,15.499
2025-11-24T16:30:00Z,1.7412,15.543
2025-11-24T16:40:00Z,1.7449,15.571
2025-11-24T16:50:00Z,1.7437,15.617
2025-11-24T17:00:00Z,1.7442,15.672
2025-11-24T17:10:00Z,1.7484,15.727
2025-11-24T17:20:00Z,1.7387,15.772
2025-11-24T17:30:00Z,1.7407,15.809
2025-11-24T17:40:00Z,1.7434,15.845
2025-11-24T17:50:00Z,1.7374,15.843
2025-11-24T18:00:00Z,1.737,15.905
2025-11-24T18:10:00Z,1.7423,16.009
2025-11-24T18:20:00Z,1.7295,16.141
2025-11-24T18:30:00Z,1.7371,16.262
2025-11-24T18:40:00Z,1.7273,16.376
2025-11-24T18:50:00Z,1.7346,16.497
2025-11-24T19:00:00Z,1.7344,16.657
2025-11-24T19:10:00Z,1.7185,16.797
2025-11-24T19:20:00Z,1.7264,16.922
2025-11-24T19:30:00Z,1.7342,17.077
2025-11-24T19:40:00Z,1.7267,17.254
2025-11-24T19:50:00Z,1.7285,17.362
2025-11-24T20:00:00Z,1.7346,17.415
2025-11-24T20:10:00Z,1.7196,17.615
2025-11-24T20:20:00Z,1.7315,17.748
2025-11-24T20:30:00Z,1.7333,17.845
2025-11-24T20:40:00Z,1.7245,17.912
2025-11-24T20:50:00Z,1.7277,17.941
2025-11-24T21:00:00Z,1.7339,18.074
2025-11-24T21:10:00Z,1.7282,18.135
2025-11-24T21:20:00Z,1.7253,18.131
2025-11-24T21:30:00Z,1.7297,18.165
2025-11-24T21:40:00Z,1.7266,18.196
2025-11-24T21:50:00Z,1.7257,18.264
2025-11-24T22:00:00Z,1.7284,18.377
2025-11-24T22:10:00Z,1.7314,18.4
2025-11-24T22:20:00Z,1.7215,18.439
2025-11-24T22:30:00Z,1.725,18.465
2025-11-24T22:40:00Z,1.7203,18.462
2025-11-24T22:50:00Z,1.725,18.466
2025-11-24T23:00:00Z,1.723,18.454
2025-11-24T23:10:00Z,1.7185,18.454
2025-11-24T23:20:00Z,1.7244,18.435
2025-11-24T23:30:00Z,1.7249,18.363
2025-11-24T23:40:00Z,1.7208,18.347
2025-11-24T23:50:00Z,1.7252,18.338
2025-11-25T00:00:00Z,1.7202,18.336
2025-11-25T00:10:00Z,1.7204,18.335
2025-11-25T00:20:00Z,1.7206,18.304
2025-11-25T00:30:00Z,1.72,18.272
2025-11-25T00:40:00Z,1.725,18.228
2025-11-25T00:50:00Z,1.7169,18.185
2025-11-25T01:00:00Z,1.7174,18.139
2025-11-25T01:10:00Z,1.7227,18.129
2025-11-25T01:20:00Z,1.7163,18.063
2025-11-25T01:30:00Z,1.7184,18.03
2025-11-25T01:40:00Z,1.7208,17.99
2025-11-25T01:50:00Z,1.7195,17.998
2025-11-25T02:00:00Z,1.7157,17.965
2025-11-25T02:10:00Z,1.7159,17.938
2025-11-25T02:20:00Z,1.718,17.88
2025-11-25T02:30:00Z,1.715,17.846
2025-11-25T02:40:00Z,1.7148,17.789
2025-11-25T02:50:00Z,1.7143,17.73
2025-11-25T03:00:00Z,1.7137,17.674
2025-11-25T03:10:00Z,1.7185,17.604
2025-11-25T03:20:00Z,1.7132,17.574
2025-11-25T03:30:00Z,1.7113,17.538
2025-11-25T03:40:00Z,1.718,17.487
2025-11-25T03:50:00Z,1.7103,17.427
2025-11-25T04:00:00Z,1.7098,17.391
2025-11-25T04:10:00Z,1.7135,17.358
2025-11-25T04:20:00Z,1.7074,17.177
2025-11-25T04:30:00Z,1.7067,16.931
2025-11-25T04:40:00Z,1.7003,16.701
2025-11-25T04:50:00Z,1.7025,16.626
2025-11-25T05:00:00Z,1.7062,16.559
2025-11-25T05:10:00Z,1.7042,16.483
2025-11-25T05:20:00Z,1.7021,16.441
2025-11-25T05:30:00Z,1.7071,16.391
2025-11-25T05:40:00Z,1.7086,16.393
2025-11-25T05:50:00Z,1.7049,16.36
2025-11-25T06:00:00Z,1.7005,16.319
2025-11-25T06:10:00Z,1.7066,16.318
2025-11-25T06:20:00Z,1.6981,16.267
2025-11-25T06:30:00Z,1.7035,16.235
2025-11-25T06:40:00Z,1.7032,16.245
2025-11-25T06:50:00Z,1.7025,16.279
2025-11-25T07:00:00Z,1.7014,16.299
2025-11-25T07:10:00Z,1.706,16.318
2025-11-25T07:20:00Z,1.7004,16.371
2025-11-25T07:30:00Z,1.6968,16.373
2025-11-25T07:40:00Z,1.6924,16.344
2025-11-25T07:50:00Z,1.6946,16.325
2025-11-25T08:00:00Z,1.6985,16.292
2025-11-25T08:10:00Z,1.688,16.29
2025-11-25T08:20:00Z,1.6927,16.234
2025-11-25T08:30:00Z,1.6964,16.227
2025-11-25T08:40:00Z,1.6984,16.245
2025-11-25T08:50:00Z,1.6929,16.233
2025-11-25T09:00:00Z,1.6943,16.235
2025-11-25T09:10:00Z,1.6957,16.193
2025-11-25T09:20:00Z,1.6925,16.189
2025-11-25T09:30:00Z,1.6965,16.168
2025-11-25T09:40:00Z,1.6896,16.181
2025-11-25T09:50:00Z,1.694,16.151
2025-11-25T10:00:00Z,1.6947,16.148
2025-11-25T10:10:00Z,1.6959,16.138
2025-11-25T10:20:00Z,1.6911,16.143
2025-11-25T10:30:00Z,1.6928,16.091
2025-11-25T10:40:00Z,1.6879,16.066
2025-11-25T10:50:00Z,1.6907,16.049
2025-11-25T11:00:00Z,1.6914,16.011
2025-11-25T11:10:00Z,1.683,15.968
2025-11-25T11:20:00Z,1.6902,15.984
2025-11-25T11:30:00Z,1.6898,15.958
2025-11-25T11:40:00Z,1.6874,15.989
2025-11-25T11:50:00Z,1.6888,16.011
2025-11-25T12:00:00Z,1.6864,16.022
2025-11-25T12:10:00Z,1.6814,15.98
2025-11-25T12:20:00Z,1.69,15.942
2025-11-25T12:30:00Z,1.6879,15.955
2025-11-25T12:40:00Z,1.6874,15.959
2025-11-25T12:50:00Z,1.6897,15.958
2025-11-25T13:00:00Z,1.6874,15.911
2025-11-25T13:10:00Z,1.6853,15.858
2025-11-25T13:20:00Z,1.685,15.852
2025-11-25T13:30:00Z,1.684,15.839
2025-11-25T13:40:00Z,1.6822,15.791
2025-11-25T13:50:00Z,1.684,15.735
2025-11-25T14:00:00Z,1.6838,15.659
2025-11-25T14:10:00Z,1.687,15.638
2025-11-25T14:20:00Z,1.6834,15.614
2025-11-25T14:30:00Z,1.6838,15.581
2025-11-25T14:40:00Z,1.6876,15.579
2025-11-25T14:50:00Z,1.6855,15.537
2025-11-25T15:00:00Z,1.6813,15.603
2025-11-25T15:10:00Z,1.6766,15.599
2025-11-25T15:20:00Z,1.6839,15.531
2025-11-25T15:30:00Z,1.6827,15.469
2025-11-25T15:40:00Z,1.685,15.427
2025-11-25T15:50:00Z,1.6868,15.41
2025-11-25T16:00:00Z,1.6835,15.4
2025-11-25T16:10:00Z,1.6821,15.365
2025-11-25T16:20:00Z,1.6887,15.397
2025-11-25T16:30:00Z,1.6854,15.43
2025-11-25T16:40:00Z,1.6884,15.468
2025-11-25T16:50:00Z,1.6864,15.476
2025-11-25T17:00:00Z,1.6823,15.542
2025-11-25T17:10:00Z,1.6845,15.602
2025-11-25T17:20:00Z,1.6836,15.656
2025-11-25T17:30:00Z,1.6801,15.697
2025-11-25T17:40:00Z,1.6744,15.89
2025-11-25T17:50:00Z,1.6777,16.02
2025-11-25T18:00:00Z,1.68,16.129
2025-11-25T18:10:00Z,1.6781,16.227
2025-11-25T18:20:00Z,1.6785,16.297
2025-11-25T18:30:00Z,1.6788,16.376
2025-11-25T18:40:00Z,1.68,16.471
2025-11-25T18:50:00Z,1.6707,16.626
2025-11-25T19:00:00Z,1.676,16.783
2025-11-25T19:10:00Z,1.6681,16.831
2025-11-25T19:20:00Z,1.6704,16.9
2025-11-25T19:30:00Z,1.6744,17.01
2025-11-25T19:40:00Z,1.6679,17.134
2025-11-25T19:50:00Z,1.6685,17.357
2025-11-25T20:00:00Z,1.6756,17.582
2025-11-25T20:10:00Z,1.6726,17.715
2025-11-25T20:20:00Z,1.6735,17.904
2025-11-25T20:30:00Z,1.677,17.959
2025-11-25T20:40:00Z,1.663,17.78
2025-11-25T20:50:00Z,1.6697,17.985
2025-11-25T21:00:00Z,1.6774,18.155
2025-11-25T21:10:00Z,1.6694,18.255
2025-11-25T21:20:00Z,1.6723,18.29
2025-11-25T21:30:00Z,1.6758,18.301
2025-11-25T21:40:00Z,1.6678,18.378
2025-11-25T21:50:00Z,1.676,18.51
2025-11-25T22:00:00Z,1.6709,18.63
2025-11-25T22:10:00Z,1.6679,18.639
2025-11-25T22:20:00Z,1.6675,18.677
2025-11-25T22:30:00Z,1.6706,18.785
2025-11-25T22:40:00Z,1.6747,18.978
2025-11-25T22:50:00Z,1.6683,18.92
2025-11-25T23:00:00Z,1.6728,18.813
2025-11-25T23:10:00Z,1.6662,18.737
2025-11-25T23:20:00Z,1.6705,18.736
2025-11-25T23:30:00Z,1.6692,18.733
2025-11-25T23:40:00Z,1.6669,18.708
2025-11-25T23:50:00Z,1.6682,18.697
2025-11-26T00:00:00Z,1.6648,18.628
2025-11-26T00:10:00Z,1.6667,18.541
2025-11-26T00:20:00Z,1.667,18.437
2025-11-26T00:30:00Z,1.6634,18.432
2025-11-26T00:40:00Z,1.6677,18.375
2025-11-26T00:50:00Z,1.6554,18.415
2025-11-26T01:00:00Z,1.6622,18.363
2025-11-26T01:10:00Z,1.6671,18.271
2025-11-26T01:20:00Z,1.6621,18.221
2025-11-26T01:30:00Z,1.6592,18.163
2025-11-26T01:40:00Z,1.6609,18.115
2025-11-26T01:50:00Z,1.6577,18.067
2025-11-26T02:00:00Z,1.6561,18.01
2025-11-26T02:10:00Z,1.6632,17.938
2025-11-26T02:20:00Z,1.6603,17.903
2025-11-26T02:30:00Z,1.6558,17.898
2025-11-26T02:40:00Z,1.6612,17.905
2025-11-26T02:50:00Z,1.6591,17.901
2025-11-26T03:00:00Z,1.6574,17.861
2025-11-26T03:10:00Z,1.6572,17.845
2025-11-26T03:20:00Z,1.6569,17.844
2025-11-26T03:30:00Z,1.656,17.82
2025-11-26T03:40:00Z,1.6548,17.768
2025-11-26T03:50:00Z,1.6561,17.694
2025-11-26T04:00:00Z,1.6531,17.618
2025-11-26T04:10:00Z,1.6618,17.517
2025-11-26T04:20:00Z,1.6527,17.507
2025-11-26T04:30:00Z,1.6507,17.472
2025-11-26T04:40:00Z,1.6529,17.413
2025-11-26T04:50:00Z,1.6538,17.37
2025-11-26T05:00:00Z,1.6477,17.294
2025-11-26T05:10:00Z,1.6566,17.218
2025-11-26T05:20:00Z,1.6495,17.16
2025-11-26T05:30:00Z,1.6471,17.04
2025-11-26T05:40:00Z,1.6523,16.924
2025-11-26T05:50:00Z,1.6484,16.861
2025-11-26T06:00:00Z,1.6475,16.79
2025-11-26T06:10:00Z,1.6494,16.733
2025-11-26T06:20:00Z,1.6451,16.708
2025-11-26T06:30:00Z,1.6466,16.672
2025-11-26T06:40:00Z,1.6445,16.626
2025-11-26T06:50:00Z,1.6472,16.563
2025-11-26T07:00:00Z,1.6478,16.521
2025-11-26T07:10:00Z,1.6477,16.48
2025-11-26T07:20:00Z,1.647,16.459
2025-11-26T07:30:00Z,1.6416,16.422
2025-11-26T07:40:00Z,1.6361,16.43
2025-11-26T07:50:00Z,1.6391,16.378
2025-11-26T08:00:00Z,1.6424,16.382
2025-11-26T08:10:00Z,1.6398,16.36
2025-11-26T08:20:00Z,1.6402,16.305
2025-11-26T08:30:00Z,1.6402,16.268
2025-11-26T08:40:00Z,1.6369,16.272
2025-11-26T08:50:00Z,1.6402,16.276
2025-11-26T09:00:00Z,1.6411,16.319
2025-11-26T09:10:00Z,1.642,16.361
2025-11-26T09:20:00Z,1.6406,16.356
2025-11-26T09:30:00Z,1.6395,16.336
2025-11-26T09:40:00Z,1.6432,16.295
2025-11-26T09:50:00Z,1.6387,16.334
2025-11-26T10:00:00Z,1.6384,16.372
2025-11-26T10:10:00Z,1.6363,16.351
2025-11-26T10:20:00Z,1.6368,16.336
2025-11-26T10:30:00Z,1.6372,16.368
2025-11-26T10:40:00Z,1.6311,16.258
2025-11-26T10:50:00Z,1.6324,16.278
2025-11-26T11:00:00Z,1.6345,16.261
2025-11-26T11:10:00Z,1.6313,16.198
2025-11-26T11:20:00Z,1.6353,16.186
2025-11-26T11:30:00Z,1.6328,16.083
2025-11-26T11:40:00Z,1.6339,16.12
2025-11-26T11:50:00Z,1.6342,16.083
2025-11-26T12:00:00Z,1.6325,16.067
2025-11-26T12:10:00Z,1.6331,16.014
2025-11-26T12:20:00Z,1.6299,15.987
2025-11-26T12:30:00Z,1.6306,16.03
2025-11-26T12:40:00Z,1.6308,15.97
2025-11-26T12:50:00Z,1.6342,15.852
2025-11-26T13:00:00Z,1.6311,15.833
2025-11-26T13:10:00Z,1.6279,15.891
2025-11-26T13:20:00Z,1.6315,15.844
2025-11-26T13:30:00Z,1.631,15.83
2025-11-26T13:40:00Z,1.6347,15.847
2025-11-26T13:50:00Z,1.6318,15.828
2025-11-26T14:00:00Z,1.6306,15.861
2025-11-26T14:10:00Z,1.6343,15.838
2025-11-26T14:20:00Z,1.6285,15.784
2025-11-26T14:30:00Z,1.6267,15.762
2025-11-26T14:40:00Z,1.6294,15.78
2025-11-26T14:50:00Z,1.6277,15.763
2025-11-26T15:00:00Z,1.6258,15.711
2025-11-26T15:10:00Z,1.6239,15.759
2025-11-26T15:20:00Z,1.633,15.787
2025-11-26T15:30:00Z,1.6286,15.742
2025-11-26T15:40:00Z,1.6314,15.699
2025-11-26T15:50:00Z,1.632,15.831
2025-11-26T16:00:00Z,1.6329,15.783
2025-11-26T16:10:00Z,1.641,15.757
2025-11-26T16:20:00Z,1.6315,15.679
2025-11-26T16:30:00Z,1.6325,15.606
2025-11-26T16:40:00Z,1.6406,15.624
2025-11-26T16:50:00Z,1.6286,15.635
2025-11-26T17:00:00Z,1.6271,15.69
2025-11-26T17:10:00Z,1.6273,15.742
2025-11-26T17:20:00Z,1.6252,15.849
2025-11-26T17:30:00Z,1.6245,15.883
2025-11-26T17:40:00Z,1.6231,15.948
2025-11-26T17:50:00Z,1.6236,16.011
2025-11-26T18:00:00Z,1.6254,16.166
2025-11-26T18:10:00Z,1.6193,16.298
2025-11-26T18:20:00Z,1.6214,16.338
2025-11-26T18:30:00Z,1.624,16.439
2025-11-26T18:40:00Z,1.6144,16.523
2025-11-26T18:50:00Z,1.6196,16.634
2025-11-26T19:00:00Z,1.6249,16.769
2025-11-26T19:10:00Z,1.6087,16.868
2025-11-26T19:20:00Z,1.6196,16.986
2025-11-26T19:30:00Z,1.6227,17.189
2025-11-26T19:40:00Z,1.6167,17.438
2025-11-26T19:50:00Z,1.6225,17.765
2025-11-26T20:00:00Z,1.6249,17.909
2025-11-26T20:10:00Z,1.6145,17.894
2025-11-26T20:20:00Z,1.6254,17.875
2025-11-26T20:30:00Z,1.6294,17.952
2025-11-26T20:40:00Z,1.6272,18.144
2025-11-26T20:50:00Z,1.6253,18.195
2025-11-26T21:00:00Z,1.6295,18.308
2025-11-26T21:10:00Z,1.6283,18.497
2025-11-26T21:20:00Z,1.6257,18.499
2025-11-26T21:30:00Z,1.6275,18.685
2025-11-26T21:40:00Z,1.6184,18.842
2025-11-26T21:50:00Z,1.6249,18.851
2025-11-26T22:00:00Z,1.6271,18.925
2025-11-26T22:10:00Z,1.6194,19.002
2025-11-26T22:20:00Z,1.629,19.05
2025-11-26T22:30:00Z,1.623,19.005
2025-11-26T22:40:00Z,1.6186,18.928
2025-11-26T22:50:00Z,1.6232,18.878
2025-11-26T23:00:00Z,1.6258,18.813
2025-11-26T23:10:00Z,1.6226,18.843
2025-11-26T23:20:00Z,1.623,18.829
2025-11-26T23:30:00Z,1.6284,19.148
2025-11-26T23:40:00Z,1.6293,19.165
2025-11-26T23:50:00Z,1.6224,19.108
2025-11-27T00:00:00Z,1.6195,19.087
2025-11-27T00:10:00Z,1.6217,19.041
2025-11-27T00:20:00Z,1.6214,18.963
2025-11-27T00:30:00Z,1.6108,18.872
2025-11-27T00:40:00Z,1.6119,18.771
2025-11-27T00:50:00Z,1.6121,18.671
2025-11-27T01:00:00Z,1.6107,18.593
2025-11-27T01:10:00Z,1.6111,18.571
2025-11-27T01:20:00Z,1.6146,18.523
2025-11-27T01:30:00Z,1.6148,18.456
2025-11-27T01:40:00Z,1.6176,18.404
2025-11-27T01:50:00Z,1.6175,18.331
2025-11-27T02:00:00Z,1.6171,18.249
2025-11-27T02:10:00Z,1.6267,18.199
2025-11-27T02:20:00Z,1.6175,18.139
2025-11-27T02:30:00Z,1.613,18.029
2025-11-27T02:40:00Z,1.6135,17.93
2025-11-27T02:50:00Z,1.6164,17.903
2025-11-27T03:00:00Z,1.6134,17.901
2025-11-27T03:10:00Z,1.6155,17.841
2025-11-27T03:20:00Z,1.6133,17.767
2025-11-27T03:30:00Z,1.6107,17.703
2025-11-27T03:40:00Z,1.6137,17.612
2025-11-27T03:50:00Z,1.6137,17.551
2025-11-27T04:00:00Z,1.6119,17.488
2025-11-27T04:10:00Z,1.6145,17.42
2025-11-27T04:20:00Z,1.6125,17.394
2025-11-27T04:30:00Z,1.6103,17.389
2025-11-27T04:40:00Z,1.6191,17.361
2025-11-27T04:50:00Z,1.6077,17.358
2025-11-27T05:00:00Z,1.6081,17.323
2025-11-27T05:10:00Z,1.6076,17.237
2025-11-27T05:20:00Z,1.6075,17.176
2025-11-27T05:30:00Z,1.6075,17.118
2025-11-27T05:40:00Z,1.6075,17.079
2025-11-27T05:50:00Z,1.6105,17.013
2025-11-27T06:00:00Z,1.6101,16.943
2025-11-27T06:10:00Z,1.6123,16.891
2025-11-27T06:20:00Z,1.6114,16.843
2025-11-27T06:30:00Z,1.6117,16.811
2025-11-27T06:40:00Z,1.6053,16.837
2025-11-27T06:50:00Z,1.6094,16.804
2025-11-27T07:00:00Z,1.6095,16.774
2025-11-27T07:10:00Z,1.6114,16.738
2025-11-27T07:20:00Z,1.6091,16.703
2025-11-27T07:30:00Z,1.6057,16.692
2025-11-27T07:40:00Z,1.6026,16.695
2025-11-27T07:50:00Z,1.604,16.68
2025-11-27T08:00:00Z,1.6074,16.65
2025-11-27T08:10:00Z,1.6027,16.66
2025-11-27T08:20:00Z,1.6071,16.64
2025-11-27T08:30:00Z,1.6082,16.662
2025-11-27T08:40:00Z,1.6083,16.638
2025-11-27T08:50:00Z,1.6033,16.598
2025-11-27T09:00:00Z,1.6056,16.586
2025-11-27T09:10:00Z,1.611,16.564
2025-11-27T09:20:00Z,1.6052,16.547
2025-11-27T09:30:00Z,1.6061,16.52
2025-11-27T09:40:00Z,1.6027,16.493
2025-11-27T09:50:00Z,1.5978,16.505
2025-11-27T10:00:00Z,1.6053,16.475
2025-11-27T10:10:00Z,1.598,16.452
2025-11-27T10:20:00Z,1.6021,16.455
2025-11-27T10:30:00Z,1.604,16.44
2025-11-27T10:40:00Z,1.6008,16.396
2025-11-27T10:50:00Z,1.6024,16.388
2025-11-27T11:00:00Z,1.6029,16.36
2025-11-27T11:10:00Z,1.6012,16.293
2025-11-27T11:20:00Z,1.603,16.268
2025-11-27T11:30:00Z,1.6052,16.242
2025-11-27T11:40:00Z,1.6063,16.235
2025-11-27T11:50:00Z,1.6054,16.203
2025-11-27T12:00:00Z,1.6042,16.167
2025-11-27T12:10:00Z,1.6023,16.138
2025-11-27T12:20:00Z,1.6002,16.141
2025-11-27T12:30:00Z,1.6012,16.167
2025-11-27T12:40:00Z,1.6004,16.13
2025-11-27T12:50:00Z,1.6035,16.127
2025-11-27T13:00:00Z,1.6027,16.116
2025-11-27T13:10:00Z,1.6019,16.088
2025-11-27T13:20:00Z,1.6041,16.079
2025-11-27T13:30:00Z,1.6015,16.049
2025-11-27T13:40:00Z,1.604,16.022
2025-11-27T13:50:00Z,1.6015,15.982
2025-11-27T14:00:00Z,1.6005,15.959
2025-11-27T14:10:00Z,1.6016,15.93
2025-11-27T14:20:00Z,1.6026,15.876
2025-11-27T14:30:00Z,1.5998,15.843
2025-11-27T14:40:00Z,1.6035,15.818
2025-11-27T14:50:00Z,1.6025,15.844
2025-11-27T15:00:00Z,1.5994,15.779
2025-11-27T15:10:00Z,1.6039,15.765
2025-11-27T15:20:00Z,1.6012,15.721
2025-11-27T15:30:00Z,1.6024,15.788
2025-11-27T15:40:00Z,1.6025,15.838
2025-11-27T15:50:00Z,1.6042,15.839
2025-11-27T16:00:00Z,1.6023,15.835
2025-11-27T16:10:00Z,1.6071,15.839
2025-11-27T16:20:00Z,1.6067,15.872
2025-11-27T16:30:00Z,1.6008,15.865
2025-11-27T16:40:00Z,1.609,15.813
2025-11-27T16:50:00Z,1.6027,15.848
2025-11-27T17:00:00Z,1.6035,15.909
2025-11-27T17:10:00Z,1.6103,15.882
2025-11-27T17:20:00Z,1.605,15.881
2025-11-27T17:30:00Z,1.6072,15.924
2025-11-27T17:40:00Z,1.5957,15.964
2025-11-27T17:50:00Z,1.6121,15.994
2025-11-27T18:00:00Z,1.6071,16.092
2025-11-27T18:10:00Z,1.6043,16.152
2025-11-27T18:20:00Z,1.6059,16.266
2025-11-27T18:30:00Z,1.6041,16.321
2025-11-27T18:40:00Z,1.5984,16.387
2025-11-27T18:50:00Z,1.5987,16.52
2025-11-27T19:00:00Z,1.6052,16.674
2025-11-27T19:10:00Z,1.5974,16.822
2025-11-27T19:20:00Z,1.5997,16.941
2025-11-27T19:30:00Z,1.6122,17.037
2025-11-27T19:40:00Z,1.5988,17.146
2025-11-27T19:50:00Z,1.6023,17.338
2025-11-27T20:00:00Z,1.6052,17.484
2025-11-27T20:10:00Z,1.6019,17.401
2025-11-27T20:20:00Z,1.6082,17.462
2025-11-27T20:30:00Z,1.603,17.57
2025-11-27T20:40:00Z,1.5988,17.705
2025-11-27T20:50:00Z,1.6058,17.501
2025-11-27T21:00:00Z,1.6096,17.86
2025-11-27T21:10:00Z,1.6122,17.906
2025-11-27T21:20:00Z,1.6032,17.92
2025-11-27T21:30:00Z,1.6106,18.072
2025-11-27T21:40:00Z,1.6039,18.23
2025-11-27T21:50:00Z,1.6083,18.204
2025-11-27T22:00:00Z,1.6073,18.226
2025-11-27T22:10:00Z,1.6025,18.298
2025-11-27T22:20:00Z,1.6002,18.411
2025-11-27T22:30:00Z,1.6068,18.454
2025-11-27T22:40:00Z,1.6088,18.49
2025-11-27T22:50:00Z,1.6047,18.524
2025-11-27T23:00:00Z,1.6055,18.498
2025-11-27T23:10:00Z,1.6076,18.478
2025-11-27T23:20:00Z,1.6077,18.449
2025-11-27T23:30:00Z,1.6095,18.394
2025-11-27T23:40:00Z,1.6106,18.326
2025-11-27T23:50:00Z,1.6009,18.282
2025-11-28T00:00:00Z,1.6085,18.269
2025-11-28T00:10:00Z,1.6086,18.259
2025-11-28T00:20:00Z,1.6082,18.21
2025-11-28T00:30:00Z,1.6008,18.25
2025-11-28T00:40:00Z,1.5994,18.279
2025-11-28T00:50:00Z,1.5988,18.273
2025-11-28T01:00:00Z,1.6004,18.227
2025-11-28T01:10:00Z,1.5978,18.178
2025-11-28T01:20:00Z,1.6031,18.143
2025-11-28T01:30:00Z,1.5998,18.099
2025-11-28T01:40:00Z,1.6083,18.027
2025-11-28T01:50:00Z,1.5999,17.984
2025-11-28T02:00:00Z,1.5999,17.978
2025-11-28T02:10:00Z,1.6051,17.956
2025-11-28T02:20:00Z,1.6011,17.922
2025-11-28T02:30:00Z,1.5992,17.877
2025-11-28T02:40:00Z,1.6045,17.841
2025-11-28T02:50:00Z,1.6014,17.803
2025-11-28T03:00:00Z,1.5984,17.764
2025-11-28T03:10:00Z,1.6016,17.729
2025-11-28T03:20:00Z,1.6017,17.682
2025-11-28T03:30:00Z,1.5973,17.659
2025-11-28T03:40:00Z,1.5963,17.678
2025-11-28T03:50:00Z,1.599,17.653
2025-11-28T04:00:00Z,1.5981,17.665
2025-11-28T04:10:00Z,1.5941,17.639
2025-11-28T04:20:00Z,1.5979,17.58
2025-11-28T04:30:00Z,1.5965,17.541
2025-11-28T04:40:00Z,1.5983,17.507
2025-11-28T04:50:00Z,1.5992,17.434
2025-11-28T05:00:00Z,1.5955,17.333
2025-11-28T05:10:00Z,1.6017,17.268
2025-11-28T05:20:00Z,1.5998,17.214
2025-11-28T05:30:00Z,1.5968,17.172
2025-11-28T05:40:00Z,1.5981,17.129
2025-11-28T05:50:00Z,1.6,17.085
2025-11-28T06:00:00Z,1.595,17.026
2025-11-28T06:10:00Z,1.5966,16.961
2025-11-28T06:20:00Z,1.5949,16.889
2025-11-28T06:30:00Z,1.5957,16.823
2025-11-28T06:40:00Z,1.589,16.748
2025-11-28T06:50:00Z,1.5964,16.707
2025-11-28T07:00:00Z,1.5974,16.664
2025-11-28T07:10:00Z,1.5987,16.655
2025-11-28T07:20:00Z,1.5972,16.643
2025-11-28T07:30:00Z,1.5948,16.638
2025-11-28T07:40:00Z,1.5978,16.603
2025-11-28T07:50:00Z,1.5906,16.563
2025-11-28T08:00:00Z,1.5946,16.526
2025-11-28T08:10:00Z,1.5901,16.516
2025-11-28T08:20:00Z,1.5928,16.505
2025-11-28T08:30:00Z,1.592,16.493
2025-11-28T08:40:00Z,1.5914,16.463
2025-11-28T08:50:00Z,1.5933,16.455
2025-11-28T09:00:00Z,1.5935,16.451
2025-11-28T09:10:00Z,1.5886,16.437
2025-11-28T09:20:00Z,1.5913,16.408
2025-11-28T09:30:00Z,1.595,16.412
2025-11-28T09:40:00Z,1.5977,16.387
2025-11-28T09:50:00Z,1.5925,16.34
2025-11-28T10:00:00Z,1.5937,16.309
2025-11-28T10:10:00Z,1.5886,16.279
2025-11-28T10:20:00Z,1.5923,16.259
2025-11-28T10:30:00Z,1.5953,16.224
2025-11-28T10:40:00Z,1.5894,16.189
2025-11-28T10:50:00Z,1.5954,16.155
2025-11-28T11:00:00Z,1.5947,16.13
2025-11-28T11:10:00Z,1.5987,16.101
2025-11-28T11:20:00Z,1.5936,16.083
2025-11-28T11:30:00Z,1.5926,16.089
2025-11-28T11:40:00Z,1.5903,16.058
2025-11-28T11:50:00Z,1.5931,16.007
2025-11-28T12:00:00Z,1.5942,15.94
2025-11-28T12:10:00Z,1.5945,15.933
2025-11-28T12:20:00Z,1.5938,15.936
2025-11-28T12:30:00Z,1.5934,15.893
2025-11-28T12:40:00Z,1.5893,15.879
2025-11-28T12:50:00Z,1.5946,15.857
2025-11-28T13:00:00Z,1.5907,15.853
2025-11-28T13:10:00Z,1.5964,15.805
2025-11-28T13:20:00Z,1.5917,15.786
2025-11-28T13:30:00Z,1.5953,15.758
2025-11-28T13:40:00Z,1.5929,15.751
2025-11-28T13:50:00Z,1.5975,15.736
2025-11-28T14:00:00Z,1.5933,15.702
2025-11-28T14:10:00Z,1.6083,15.725
2025-11-28T14:20:00Z,1.5918,15.689
2025-11-28T14:30:00Z,1.5955,15.68
2025-11-28T14:40:00Z,1.595,15.671
2025-11-28T14:50:00Z,1.6012,15.705
2025-11-28T15:00:00Z,1.5966,15.742
2025-11-28T15:10:00Z,1.603,15.739
2025-11-28T15:20:00Z,1.6007,15.733
2025-11-28T15:30:00Z,1.599,15.723
2025-11-28T15:40:00Z,1.5927,15.718
2025-11-28T15:50:00Z,1.6026,15.714
2025-11-28T16:00:00Z,1.6002,15.71
2025-11-28T16:10:00Z,1.61,15.685
2025-11-28T16:20:00Z,1.6047,15.697
2025-11-28T16:30:00Z,1.6022,15.706
2025-11-28T16:40:00Z,1.6067,15.713
2025-11-28T16:50:00Z,1.598,15.743
2025-11-28T17:00:00Z,1.5983,15.796
2025-11-28T17:10:00Z,1.6053,15.828
2025-11-28T17:20:00Z,1.599,15.871
2025-11-28T17:30:00Z,1.5996,15.918
2025-11-28T17:40:00Z,1.5965,16.02
2025-11-28T17:50:00Z,1.5973,16.119
2025-11-28T18:00:00Z,1.5977,16.216
2025-11-28T18:10:00Z,1.5926,16.314
2025-11-28T18:20:00Z,1.5964,16.381
2025-11-28T18:30:00Z,1.597,16.465
2025-11-28T18:40:00Z,1.5863,16.56
2025-11-28T18:50:00Z,1.5958,16.717
2025-11-28T19:00:00Z,1.5986,16.843
2025-11-28T19:10:00Z,1.5912,16.975
2025-11-28T19:20:00Z,1.5947,17.124
2025-11-28T19:30:00Z,1.5981,17.24
2025-11-28T19:40:00Z,1.5957,17.355
2025-11-28T19:50:00Z,1.593,17.532
2025-11-28T20:00:00Z,1.597,17.658
2025-11-28T20:10:00Z,1.5855,17.803
2025-11-28T20:20:00Z,1.5982,17.947
2025-11-28T20:30:00Z,1.6001,18.015
2025-11-28T20:40:00Z,1.5932,18.122
2025-11-28T20:50:00Z,1.5973,18.173
2025-11-28T21:00:00Z,1.5993,18.21
2025-11-28T21:10:00Z,1.5933,18.291
2025-11-28T21:20:00Z,1.5978,18.316
2025-11-28T21:30:00Z,1.602,18.26
2025-11-28T21:40:00Z,1.5947,18.248
2025-11-28T21:50:00Z,1.5988,18.318
2025-11-28T22:00:00Z,1.5997,18.39
2025-11-28T22:10:00Z,1.5972,18.402
2025-11-28T22:20:00Z,1.5989,18.421
2025-11-28T22:30:00Z,1.5985,18.398
2025-11-28T22:40:00Z,1.5988,18.376
2025-11-28T22:50:00Z,1.5978,18.422
2025-11-28T23:00:00Z,1.5992,18.368
2025-11-28T23:10:00Z,1.5951,18.346
2025-11-28T23:20:00Z,1.5951,18.35
2025-11-28T23:30:00Z,1.6005,18.436
2025-11-28T23:40:00Z,1.5973,18.482
2025-11-28T23:50:00Z,1.6026,18.46
2025-11-29T00:00:00Z,1.5983,18.392
2025-11-29T00:10:00Z,1.6056,18.338
2025-11-29T00:20:00Z,1.6023,18.303
2025-11-29T00:30:00Z,1.5977,18.243
2025-11-29T00:40:00Z,1.5988,18.189
2025-11-29T00:50:00Z,1.5913,18.124
2025-11-29T01:00:00Z,1.5935,18.052
2025-11-29T01:10:00Z,1.5881,17.977
2025-11-29T01:20:00Z,1.6013,17.924
2025-11-29T01:30:00Z,1.5946,17.911
2025-11-29T01:40:00Z,1.5893,17.89
2025-11-29T01:50:00Z,1.5949,17.875
2025-11-29T02:00:00Z,1.5951,17.855
2025-11-29T02:10:00Z,1.6098,17.824
2025-11-29T02:20:00Z,1.5974,17.777
2025-11-29T02:30:00Z,1.5953,17.714
2025-11-29T02:40:00Z,1.5931,17.651
2025-11-29T02:50:00Z,1.5967,17.558
2025-11-29T03:00:00Z,1.5955,17.542
2025-11-29T03:10:00Z,1.6004,17.47
2025-11-29T03:20:00Z,1.5963,17.4
2025-11-29T03:30:00Z,1.5932,17.343
2025-11-29T03:40:00Z,1.5985,17.356
2025-11-29T03:50:00Z,1.5921,17.32
2025-11-29T04:00:00Z,1.5939,17.288
2025-11-29T04:10:00Z,1.5928,17.206
2025-11-29T04:20:00Z,1.5962,17.203
2025-11-29T04:30:00Z,1.5932,17.214
2025-11-29T04:40:00Z,1.5977,17.189
2025-11-29T04:50:00Z,1.5929,17.159
2025-11-29T05:00:00Z,1.5914,17.179
2025-11-29T05:10:00Z,1.5993,17.169
2025-11-29T05:20:00Z,1.594,17.136
2025-11-29T05:30:00Z,1.5932,17.146
2025-11-29T05:40:00Z,1.5979,17.113
2025-11-29T05:50:00Z,1.592,16.907
2025-11-29T06:00:00Z,1.5907,16.839
2025-11-29T06:10:00Z,1.5944,16.862
2025-11-29T06:20:00Z,1.59,16.853
2025-11-29T06:30:00Z,1.5914,16.796
2025-11-29T06:40:00Z,1.5897,16.756
2025-11-29T06:50:00Z,1.5886,16.723
2025-11-29T07:00:00Z,1.5886,16.677
2025-11-29T07:10:00Z,1.5815,16.649
2025-11-29T07:20:00Z,1.5849,16.601
2025-11-29T07:30:00Z,1.5901,16.596
2025-11-29T07:40:00Z,1.5931,16.59
2025-11-29T07:50:00Z,1.5898,16.617
2025-11-29T08:00:00Z,1.5906,16.608
2025-11-29T08:10:00Z,1.597,16.594
2025-11-29T08:20:00Z,1.5902,16.585
2025-11-29T08:30:00Z,1.5927,16.588
2025-11-29T08:40:00Z,1.5969,16.604
2025-11-29T08:50:00Z,1.5903,16.586
2025-11-29T09:00:00Z,1.592,16.576
2025-11-29T09:10:00Z,1.5952,16.562
2025-11-29T09:20:00Z,1.5867,16.561
2025-11-29T09:30:00Z,1.5951,16.516
2025-11-29T09:40:00Z,1.5956,16.519
2025-11-29T09:50:00Z,1.5959,16.532
2025-11-29T10:00:00Z,1.59,16.543
2025-11-29T10:10:00Z,1.5883,16.554
2025-11-29T10:20:00Z,1.5973,16.538
2025-11-29T10:30:00Z,1.5905,16.475
2025-11-29T10:40:00Z,1.594,16.478
2025-11-29T10:50:00Z,1.5928,16.443
2025-11-29T11:00:00Z,1.5897,16.406
2025-11-29T11:10:00Z,1.5786,16.392
2025-11-29T11:20:00Z,1.5879,16.356
2025-11-29T11:30:00Z,1.5904,16.333
2025-11-29T11:40:00Z,1.5815,16.376
2025-11-29T11:50:00Z,1.5899,16.387
2025-11-29T12:00:00Z,1.592,16.396
2025-11-29T12:10:00Z,1.5944,16.383
2025-11-29T12:20:00Z,1.5973,16.369
2025-11-29T12:30:00Z,1.5917,16.369
2025-11-29T12:40:00Z,1.6051,16.411
2025-11-29T12:50:00Z,1.5936,16.41
2025-11-29T13:00:00Z,1.5907,16.42
2025-11-29T13:10:00Z,1.5863,16.413
2025-11-29T13:20:00Z,1.5915,16.411
2025-11-29T13:30:00Z,1.5919,16.37
2025-11-29T13:40:00Z,1.5974,16.366
2025-11-29T13:50:00Z,1.5918,16.324
2025-11-29T14:00:00Z,1.5899,16.28
2025-11-29T14:10:00Z,1.5909,16.25
2025-11-29T14:20:00Z,1.5899,16.202
2025-11-29T14:30:00Z,1.5884,16.197
2025-11-29T14:40:00Z,1.5829,16.178
2025-11-29T14:50:00Z,1.5864,16.155
2025-11-29T15:00:00Z,1.591,16.169
2025-11-29T15:10:00Z,1.5925,16.183
2025-11-29T15:20:00Z,1.5923,16.151
2025-11-29T15:30:00Z,1.5912,16.173
2025-11-29T15:40:00Z,1.5998,16.175
2025-11-29T15:50:00Z,1.5957,16.139
2025-11-29T16:00:00Z,1.5949,16.146
2025-11-29T16:10:00Z,1.5959,16.209
2025-11-29T16:20:00Z,1.6014,16.215
2025-11-29T16:30:00Z,1.599,16.25
2025-11-29T16:40:00Z,1.604,16.26
2025-11-29T16:50:00Z,1.5965,16.226
2025-11-29T17:00:00Z,1.5925,16.29
2025-11-29T17:10:00Z,1.5896,16.278
2025-11-29T17:20:00Z,1.5879,16.261
2025-11-29T17:30:00Z,1.5903,16.265
2025-11-29T17:40:00Z,1.5945,16.34
2025-11-29T17:50:00Z,1.5945,16.385
2025-11-29T18:00:00Z,1.5917,16.544
2025-11-29T18:10:00Z,1.5913,16.64
2025-11-29T18:20:00Z,1.5963,16.74
2025-11-29T18:30:00Z,1.5953,16.833
2025-11-29T18:40:00Z,1.5923,16.924
2025-11-29T18:50:00Z,1.5931,16.998
2025-11-29T19:00:00Z,1.5934,17.054
2025-11-29T19:10:00Z,1.5794,17.124
2025-11-29T19:20:00Z,1.5907,17.2
2025-11-29T19:30:00Z,1.5944,17.301
2025-11-29T19:40:00Z,1.5887,17.479
2025-11-29T19:50:00Z,1.5948,17.559
2025-11-29T20:00:00Z,1.5929,17.601
2025-11-29T20:10:00Z,1.5794,17.647
2025-11-29T20:20:00Z,1.5921,17.697
2025-11-29T20:30:00Z,1.5937,17.785
2025-11-29T20:40:00Z,1.5881,17.857
2025-11-29T20:50:00Z,1.5905,18.104
2025-11-29T21:00:00Z,1.5961,18.368
2025-11-29T21:10:00Z,1.5892,18.537
2025-11-29T21:20:00Z,1.5976,18.629
2025-11-29T21:30:00Z,1.5969,18.785
2025-11-29T21:40:00Z,1.5911,18.876
2025-11-29T21:50:00Z,1.5931,19.015
2025-11-29T22:00:00Z,1.5996,18.957
2025-11-29T22:10:00Z,1.5973,18.967
2025-11-29T22:20:00Z,1.6054,19.024
2025-11-29T22:30:00Z,1.6,19.044
2025-11-29T22:40:00Z,1.6015,19.037
2025-11-29T22:50:00Z,1.5983,19.033
2025-11-29T23:00:00Z,1.5982,18.958
2025-11-29T23:10:00Z,1.5969,18.882
2025-11-29T23:20:00Z,1.5966,18.777
2025-11-29T23:30:00Z,1.5948,18.73
2025-11-29T23:40:00Z,1.5874,18.67
2025-11-29T23:50:00Z,1.5925,18.563
2025-11-30T00:00:00Z,1.5917,18.426
2025-11-30T00:10:00Z,1.6001,18.449
2025-11-30T00:20:00Z,1.5951,18.442
2025-11-30T00:30:00Z,1.5875,18.346
2025-11-30T00:40:00Z,1.59,18.264
2025-11-30T00:50:00Z,1.5923,18.186
2025-11-30T01:00:00Z,1.5886,18.15
2025-11-30T01:10:00Z,1.5905,18.145
2025-11-30T01:20:00Z,1.59,18.154
2025-11-30T01:30:00Z,1.5904,18.161
2025-11-30T01:40:00Z,1.6011,18.139
2025-11-30T01:50:00Z,1.5931,18.114
2025-11-30T02:00:00Z,1.5901,18.067
2025-11-30T02:10:00Z,1.5978,18.042
2025-11-30T02:20:00Z,1.5889,18.013
2025-11-30T02:30:00Z,1.5891,17.956
2025-11-30T02:40:00Z,1.5882,17.913
2025-11-30T02:50:00Z,1.5861,17.915
2025-11-30T03:00:00Z,1.5878,17.915
2025-11-30T03:10:00Z,1.5792,17.905
2025-11-30T03:20:00Z,1.5863,17.891
2025-11-30T03:30:00Z,1.5853,17.877
2025-11-30T03:40:00Z,1.592,17.857
2025-11-30T03:50:00Z,1.5891,17.822
2025-11-30T04:00:00Z,1.5866,17.766
2025-11-30T04:10:00Z,1.5846,17.717
2025-11-30T04:20:00Z,1.5862,17.687
2025-11-30T04:30:00Z,1.5854,17.654
2025-11-30T04:40:00Z,1.5814,17.605
2025-11-30T04:50:00Z,1.586,17.563
2025-11-30T05:00:00Z,1.5849,17.525
2025-11-30T05:10:00Z,1.5719,17.505
2025-11-30T05:20:00Z,1.5843,17.459
2025-11-30T05:30:00Z,1.586,17.425
2025-11-30T05:40:00Z,1.5874,17.399
2025-11-30T05:50:00Z,1.5839,17.353
2025-11-30T06:00:00Z,1.5838,17.355
2025-11-30T06:10:00Z,1.5874,17.333
2025-11-30T06:20:00Z,1.5849,17.319
2025-11-30T06:30:00Z,1.5844,17.267
2025-11-30T06:40:00Z,1.5832,17.203
2025-11-30T06:50:00Z,1.5865,17.151
2025-11-30T07:00:00Z,1.5836,17.117
2025-11-30T07:10:00Z,1.5799,17.102
2025-11-30T07:20:00Z,1.5766,17.097
2025-11-30T07:30:00Z,1.5828,17.041
2025-11-30T07:40:00Z,1.5868,17.016
2025-11-30T07:50:00Z,1.5824,16.993
2025-11-30T08:00:00Z,1.5844,16.962
2025-11-30T08:10:00Z,1.5884,16.946
2025-11-30T08:20:00Z,1.5832,16.967
2025-11-30T08:30:00Z,1.5818,16.979
2025-11-30T08:40:00Z,1.5794,16.979
2025-11-30T08:50:00Z,1.5812,16.942
2025-11-30T09:00:00Z,1.584,16.913
2025-11-30T09:10:00Z,1.5784,16.913
2025-11-30T09:20:00Z,1.5801,16.92
2025-11-30T09:30:00Z,1.582,16.871
2025-11-30T09:40:00Z,1.5819,16.835
2025-11-30T09:50:00Z,1.5863,16.824
2025-11-30T10:00:00Z,1.5832,16.813
2025-11-30T10:10:00Z,1.5856,16.824
2025-11-30T10:20:00Z,1.5828,16.815
2025-11-30T10:30:00Z,1.5809,16.788
2025-11-30T10:40:00Z,1.5787,16.751
2025-11-30T10:50:00Z,1.5789,16.746
2025-11-30T11:00:00Z,1.5808,16.739
2025-11-30T11:10:00Z,1.5782,16.709
2025-11-30T11:20:00Z,1.583,16.682
2025-11-30T11:30:00Z,1.5819,16.704
2025-11-30T11:40:00Z,1.5877,16.701
2025-11-30T11:50:00Z,1.582,16.709
2025-11-30T12:00:00Z,1.5829,16.697
2025-11-30T12:10:00Z,1.58,16.687
2025-11-30T12:20:00Z,1.5808,16.693
2025-11-30T12:30:00Z,1.5821,16.685
2025-11-30T12:40:00Z,1.5785,16.626
2025-11-30T12:50:00Z,1.5835,16.609
2025-11-30T13:00:00Z,1.583,16.605
2025-11-30T13:10:00Z,1.5796,16.619
2025-11-30T13:20:00Z,1.5828,16.618
2025-11-30T13:30:00Z,1.5819,16.612
2025-11-30T13:40:00Z,1.5815,16.574
2025-11-30T13:50:00Z,1.5776,16.462
2025-11-30T14:00:00Z,1.581,16.337
2025-11-30T14:10:00Z,1.5841,16.276
2025-11-30T14:20:00Z,1.5815,16.239
2025-11-30T14:30:00Z,1.581,16.205
2025-11-30T14:40:00Z,1.5804,16.126
2025-11-30T14:50:00Z,1.5765,16.077
2025-11-30T15:00:00Z,1.5806,16.085
2025-11-30T15:10:00Z,1.5728,16.081
2025-11-30T15:20:00Z,1.5829,16.056
2025-11-30T15:30:00Z,1.5862,15.983
2025-11-30T15:40:00Z,1.5981,15.996
2025-11-30T15:50:00Z,1.5882,16.031
2025-11-30T16:00:00Z,1.5805,16.047
2025-11-30T16:10:00Z,1.5864,16
2025-11-30T16:20:00Z,1.5854,15.979
2025-11-30T16:30:00Z,1.5808,15.997
2025-11-30T16:40:00Z,1.5832,16.06
2025-11-30T16:50:00Z,1.5863,16.193
2025-11-30T17:00:00Z,1.5845,16.253
2025-11-30T17:10:00Z,1.5832,16.214
2025-11-30T17:20:00Z,1.5886,16.27
2025-11-30T17:30:00Z,1.5885,16.265
2025-11-30T17:40:00Z,1.5915,16.304
2025-11-30T17:50:00Z,1.5909,16.393
2025-11-30T18:00:00Z,1.5804,16.497
2025-11-30T18:10:00Z,1.5756,16.561
2025-11-30T18:20:00Z,1.585,16.639
2025-11-30T18:30:00Z,1.5829,16.756
2025-11-30T18:40:00Z,1.5772,16.854
2025-11-30T18:50:00Z,1.5839,16.977
2025-11-30T19:00:00Z,1.5874,17.137
2025-11-30T19:10:00Z,1.5788,17.245
2025-11-30T19:20:00Z,1.5827,17.297
2025-11-30T19:30:00Z,1.5866,17.413
2025-11-30T19:40:00Z,1.5765,17.617
2025-11-30T19:50:00Z,1.5804,17.753
2025-11-30T20:00:00Z,1.5896,17.859
2025-11-30T20:10:00Z,1.5828,18.013
2025-11-30T20:20:00Z,1.5864,18.118
2025-11-30T20:30:00Z,1.5848,18.201
2025-11-30T20:40:00Z,1.5779,18.269
2025-11-30T20:50:00Z,1.5864,18.258
2025-11-30T21:00:00Z,1.588,18.208
2025-11-30T21:10:00Z,1.5777,18.238
2025-11-30T21:20:00Z,1.5833,18.244
2025-11-30T21:30:00Z,1.5887,18.238
2025-11-30T21:40:00Z,1.5835,18.228
2025-11-30T21:50:00Z,1.5903,18.222
2025-11-30T22:00:00Z,1.59,18.248
2025-11-30T22:10:00Z,1.5829,18.286
2025-11-30T22:20:00Z,1.5894,18.324
2025-11-30T22:30:00Z,1.5876,18.368
2025-11-30T22:40:00Z,1.5886,18.388
2025-11-30T22:50:00Z,1.5867,18.367
2025-11-30T23:00:00Z,1.5904,18.348
2025-11-30T23:10:00Z,1.5899,18.322
2025-11-30T23:20:00Z,1.5888,18.331
2025-11-30T23:30:00Z,1.5888,18.309
2025-11-30T23:40:00Z,1.5968,18.231
2025-11-30T23:50:00Z,1.5893,18.182
2025-12-01T00:00:00Z,1.5904,18.186
2025-12-01T00:10:00Z,1.584,18.173
2025-12-01T00:20:00Z,1.5922,18.123
2025-12-01T00:30:00Z,1.5855,18.065
2025-12-01T00:40:00Z,1.5832,18.009
2025-12-01T00:50:00Z,1.5872,17.971
2025-12-01T01:00:00Z,1.5829,17.922
2025-12-01T01:10:00Z,1.5837,17.853
2025-12-01T01:20:00Z,1.5855,17.826
2025-12-01T01:30:00Z,1.5822,17.774
2025-12-01T01:40:00Z,1.587,17.731
2025-12-01T01:50:00Z,1.5839,17.672
2025-12-01T02:00:00Z,1.5819,17.616
2025-12-01T02:10:00Z,1.5854,17.589
2025-12-01T02:20:00Z,1.5812,17.576
2025-12-01T02:30:00Z,1.5849,17.562
2025-12-01T02:40:00Z,1.5906,17.496
2025-12-01T02:50:00Z,1.5857,17.449
2025-12-01T03:00:00Z,1.5832,17.42
2025-12-01T03:10:00Z,1.5877,17.391
2025-12-01T03:20:00Z,1.5815,17.346
2025-12-01T03:30:00Z,1.5831,17.286
2025-12-01T03:40:00Z,1.5873,17.234
2025-12-01T03:50:00Z,1.5844,17.225
2025-12-01T04:00:00Z,1.5796,17.2
2025-12-01T04:10:00Z,1.5874,17.153
2025-12-01T04:20:00Z,1.5838,17.063
2025-12-01T04:30:00Z,1.58,17.006
2025-12-01T04:40:00Z,1.586,16.987
2025-12-01T04:50:00Z,1.5822,16.985
2025-12-01T05:00:00Z,1.5826,16.888
2025-12-01T05:10:00Z,1.5931,16.804
2025-12-01T05:20:00Z,1.5782,16.744
2025-12-01T05:30:00Z,1.5802,16.694
2025-12-01T05:40:00Z,1.5781,16.687
2025-12-01T05:50:00Z,1.5836,16.655
2025-12-01T06:00:00Z,1.5797,16.628
2025-12-01T06:10:00Z,1.5827,16.583
2025-12-01T06:20:00Z,1.5804,16.539
2025-12-01T06:30:00Z,1.5812,16.518
2025-12-01T06:40:00Z,1.5841,16.517
2025-12-01T06:50:00Z,1.5827,16.494
2025-12-01T07:00:00Z,1.5775,16.479
2025-12-01T07:10:00Z,1.5844,16.456
2025-12-01T07:20:00Z,1.5782,16.483
2025-12-01T07:30:00Z,1.579,16.573
2025-12-01T07:40:00Z,1.5811,16.616
2025-12-01T07:50:00Z,1.5807,16.627
2025-12-01T08:00:00Z,1.579,16.632
2025-12-01T08:10:00Z,1.5807,16.618
2025-12-01T08:20:00Z,1.5784,16.61
2025-12-01T08:30:00Z,1.5784,16.613
2025-12-01T08:40:00Z,1.5766,16.615
2025-12-01T08:50:00Z,1.5763,16.627
2025-12-01T09:00:00Z,1.5796,16.634
2025-12-01T09:10:00Z,1.5787,16.635
2025-12-01T09:20:00Z,1.5809,16.617
2025-12-01T09:30:00Z,1.5774,16.592
2025-12-01T09:40:00Z,1.5801,16.575
2025-12-01T09:50:00Z,1.5815,16.571
2025-12-01T10:00:00Z,1.5763,16.55
2025-12-01T10:10:00Z,1.5771,16.52
2025-12-01T10:20:00Z,1.5757,16.478
2025-12-01T10:30:00Z,1.5769,16.459
2025-12-01T10:40:00Z,1.5756,16.431
2025-12-01T10:50:00Z,1.5761,16.402
2025-12-01T11:00:00Z,1.5794,16.373
2025-12-01T11:10:00Z,1.5704,16.37
2025-12-01T11:20:00Z,1.5814,16.345
2025-12-01T11:30:00Z,1.5781,16.342
2025-12-01T11:40:00Z,1.5791,16.329
2025-12-01T11:50:00Z,1.5741,16.306
2025-12-01T12:00:00Z,1.5786,16.271
2025-12-01T12:10:00Z,1.5847,16.289
2025-12-01T12:20:00Z,1.5824,16.233
2025-12-01T12:30:00Z,1.5794,16.206
2025-12-01T12:40:00Z,1.5862,16.184
2025-12-01T12:50:00Z,1.5828,16.19
2025-12-01T13:00:00Z,1.5822,16.192
2025-12-01T13:10:00Z,1.5835,16.2
2025-12-01T13:20:00Z,1.5855,16.208
2025-12-01T13:30:00Z,1.5786,16.224
2025-12-01T13:40:00Z,1.5805,16.22
2025-12-01T13:50:00Z,1.5812,16.194
2025-12-01T14:00:00Z,1.5769,16.16
2025-12-01T14:10:00Z,1.583,16.111
2025-12-01T14:20:00Z,1.5781,16.071
2025-12-01T14:30:00Z,1.5787,16.031
2025-12-01T14:40:00Z,1.5774,15.999
2025-12-01T14:50:00Z,1.5804,16.029
2025-12-01T15:00:00Z,1.5803,16.025
2025-12-01T15:10:00Z,1.5905,16.034
2025-12-01T15:20:00Z,1.5863,16.042
2025-12-01T15:30:00Z,1.5857,16.037
2025-12-01T15:40:00Z,1.5896,15.977
2025-12-01T15:50:00Z,1.5957,16
2025-12-01T16:00:00Z,1.5835,16.024
2025-12-01T16:10:00Z,1.5868,16.042
2025-12-01T16:20:00Z,1.5933,16.118
2025-12-01T16:30:00Z,1.5874,16.163
2025-12-01T16:40:00Z,1.5977,16.193
2025-12-01T16:50:00Z,1.5867,16.177
2025-12-01T17:00:00Z,1.588,16.201
2025-12-01T17:10:00Z,1.5939,16.263
2025-12-01T17:20:00Z,1.5815,16.223
2025-12-01T17:30:00Z,1.5797,16.342
2025-12-01T17:40:00Z,1.5768,16.343
2025-12-01T17:50:00Z,1.5807,16.388
2025-12-01T18:00:00Z,1.5807,16.43
2025-12-01T18:10:00Z,1.5796,16.512
2025-12-01T18:20:00Z,1.5819,16.62
2025-12-01T18:30:00Z,1.5821,16.74
2025-12-01T18:40:00Z,1.5769,16.87
2025-12-01T18:50:00Z,1.5775,17.007
2025-12-01T19:00:00Z,1.5835,17.137
2025-12-01T19:10:00Z,1.5753,17.242
2025-12-01T19:20:00Z,1.5835,17.164
2025-12-01T19:30:00Z,1.5818,17.356
2025-12-01T19:40:00Z,1.5686,17.434
2025-12-01T19:50:00Z,1.581,17.545
2025-12-01T20:00:00Z,1.5828,17.611
2025-12-01T20:10:00Z,1.5772,17.73
2025-12-01T20:20:00Z,1.5782,17.79
2025-12-01T20:30:00Z,1.5836,17.861
2025-12-01T20:40:00Z,1.5789,17.904
2025-12-01T20:50:00Z,1.5773,17.964
2025-12-01T21:00:00Z,1.5829,18.035
2025-12-01T21:10:00Z,1.5732,18.1
2025-12-01T21:20:00Z,1.5818,18.142
2025-12-01T21:30:00Z,1.5847,18.165
2025-12-01T21:40:00Z,1.5867,18.225
2025-12-01T21:50:00Z,1.5845,18.331
2025-12-01T22:00:00Z,1.5834,18.444
2025-12-01T22:10:00Z,1.5842,18.449
2025-12-01T22:20:00Z,1.5861,18.414
2025-12-01T22:30:00Z,1.5856,18.467
2025-12-01T22:40:00Z,1.5834,18.566
2025-12-01T22:50:00Z,1.5859,18.606
2025-12-01T23:00:00Z,1.583,18.592
2025-12-01T23:10:00Z,1.5805,18.591
2025-12-01T23:20:00Z,1.5835,18.58
2025-12-01T23:30:00Z,1.5807,18.523
2025-12-01T23:40:00Z,1.582,18.478
2025-12-01T23:50:00Z,1.5831,18.464
2025-12-02T00:00:00Z,1.5838,18.476
2025-12-02T00:10:00Z,1.5854,18.471
2025-12-02T00:20:00Z,1.5857,18.445
2025-12-02T00:30:00Z,1.5792,18.427
2025-12-02T00:40:00Z,1.5796,18.382
2025-12-02T00:50:00Z,1.5804,18.349
2025-12-02T01:00:00Z,1.5774,18.316
2025-12-02T01:10:00Z,1.5803,18.267
2025-12-02T01:20:00Z,1.5787,18.216
2025-12-02T01:30:00Z,1.5788,18.148
2025-12-02T01:40:00Z,1.5793,18.084
2025-12-02T01:50:00Z,1.5841,18.003
2025-12-02T02:00:00Z,1.5791,17.955
2025-12-02T02:10:00Z,1.5862,17.879
2025-12-02T02:20:00Z,1.5761,17.829
2025-12-02T02:30:00Z,1.5798,17.785
2025-12-02T02:40:00Z,1.5819,17.743
2025-12-02T02:50:00Z,1.5814,17.714
2025-12-02T03:00:00Z,1.5782,17.641
2025-12-02T03:10:00Z,1.5832,17.558
2025-12-02T03:20:00Z,1.5779,17.544
2025-12-02T03:30:00Z,1.5761,17.479
2025-12-02T03:40:00Z,1.5777,17.445
2025-12-02T03:50:00Z,1.5774,17.419
2025-12-02T04:00:00Z,1.575,17.377
2025-12-02T04:10:00Z,1.5754,17.31
2025-12-02T04:20:00Z,1.5721,17.261
2025-12-02T04:30:00Z,1.574,17.212
2025-12-02T04:40:00Z,1.5733,17.166
2025-12-02T04:50:00Z,1.5748,17.13
2025-12-02T05:00:00Z,1.5739,17.096
2025-12-02T05:10:00Z,1.5766,17.061
2025-12-02T05:20:00Z,1.5723,17.015
2025-12-02T05:30:00Z,1.5762,16.983
2025-12-02T05:40:00Z,1.574,16.971
2025-12-02T05:50:00Z,1.5733,16.905
2025-12-02T06:00:00Z,1.5736,16.913
2025-12-02T06:10:00Z,1.5705,16.906
2025-12-02T06:20:00Z,1.5761,16.901
2025-12-02T06:30:00Z,1.5761,16.876
2025-12-02T06:40:00Z,1.5711,16.857
2025-12-02T06:50:00Z,1.5737,16.835
2025-12-02T07:00:00Z,1.5723,16.804
2025-12-02T07:10:00Z,1.5719,16.784
2025-12-02T07:20:00Z,1.5709,16.776
2025-12-02T07:30:00Z,1.5761,16.757
2025-12-02T07:40:00Z,1.5697,16.728
2025-12-02T07:50:00Z,1.5716,16.723
2025-12-02T08:00:00Z,1.5727,16.723
2025-12-02T08:10:00Z,1.5753,16.72
2025-12-02T08:20:00Z,1.5726,16.695
2025-12-02T08:30:00Z,1.5707,16.681
2025-12-02T08:40:00Z,1.572,16.659
2025-12-02T08:50:00Z,1.5717,16.638
2025-12-02T09:00:00Z,1.5709,16.625
2025-12-02T09:10:00Z,1.571,16.573
2025-12-02T09:20:00Z,1.572,16.521
2025-12-02T09:30:00Z,1.5701,16.461
2025-12-02T09:40:00Z,1.5683,16.423
2025-12-02T09:50:00Z,1.5753,16.404
2025-12-02T10:00:00Z,1.5711,16.395
2025-12-02T10:10:00Z,1.572,16.387
2025-12-02T10:20:00Z,1.5695,16.369
2025-12-02T10:30:00Z,1.572,16.357
2025-12-02T10:40:00Z,1.564,16.298
2025-12-02T10:50:00Z,1.5677,16.281
2025-12-02T11:00:00Z,1.5706,16.257
2025-12-02T11:10:00Z,1.5699,16.221
2025-12-02T11:20:00Z,1.5691,16.175
2025-12-02T11:30:00Z,1.5708,16.161
2025-12-02T11:40:00Z,1.5692,16.12
2025-12-02T11:50:00Z,1.5652,16.086
2025-12-02T12:00:00Z,1.5714,16.071
2025-12-02T12:10:00Z,1.5619,16.058
2025-12-02T12:20:00Z,1.5692,16.054
2025-12-02T12:30:00Z,1.5726,16.057
2025-12-02T12:40:00Z,1.5714,16.036
2025-12-02T12:50:00Z,1.5699,16.02
2025-12-02T13:00:00Z,1.5725,16.01
2025-12-02T13:10:00Z,1.5724,15.996
2025-12-02T13:20:00Z,1.5756,15.998
2025-12-02T13:30:00Z,1.5693,16.047
2025-12-02T13:40:00Z,1.5717,16.042
2025-12-02T13:50:00Z,1.5737,16.046
2025-12-02T14:00:00Z,1.5696,16.035
2025-12-02T14:10:00Z,1.5845,16.041
2025-12-02T14:20:00Z,1.5712,16.019
2025-12-02T14:30:00Z,1.5677,15.944
2025-12-02T14:40:00Z,1.5704,15.883
2025-12-02T14:50:00Z,1.5713,15.892
2025-12-02T15:00:00Z,1.5686,15.814
2025-12-02T15:10:00Z,1.5738,15.845
2025-12-02T15:20:00Z,1.5762,15.873
2025-12-02T15:30:00Z,1.5713,15.901
2025-12-02T15:40:00Z,1.5654,15.92
2025-12-02T15:50:00Z,1.5804,15.862
2025-12-02T16:00:00Z,1.5769,15.846
2025-12-02T16:10:00Z,1.5803,15.745
2025-12-02T16:20:00Z,1.5822,15.818
2025-12-02T16:30:00Z,1.5725,15.861
2025-12-02T16:40:00Z,1.5795,15.879
2025-12-02T16:50:00Z,1.5794,15.923
2025-12-02T17:00:00Z,1.5748,15.98
2025-12-02T17:10:00Z,1.5846,16.054
2025-12-02T17:20:00Z,1.5764,16.113
2025-12-02T17:30:00Z,1.5721,16.163
2025-12-02T17:40:00Z,1.5672,16.26
2025-12-02T17:50:00Z,1.5681,16.378
2025-12-02T18:00:00Z,1.5711,16.481
2025-12-02T18:10:00Z,1.5715,16.569
2025-12-02T18:20:00Z,1.5637,16.679
2025-12-02T18:30:00Z,1.5702,16.756
2025-12-02T18:40:00Z,1.5572,16.843
2025-12-02T18:50:00Z,1.5654,16.924
2025-12-02T19:00:00Z,1.5755,16.965
2025-12-02T19:10:00Z,1.5689,17.096
2025-12-02T19:20:00Z,1.5752,17.269
2025-12-02T19:30:00Z,1.5731,17.357
2025-12-02T19:40:00Z,1.567,17.439
2025-12-02T19:50:00Z,1.5732,17.559
2025-12-02T20:00:00Z,1.5749,17.624
2025-12-02T20:10:00Z,1.5622,17.738
2025-12-02T20:20:00Z,1.5703,17.75
2025-12-02T20:30:00Z,1.5755,17.76
2025-12-02T20:40:00Z,1.569,17.749
2025-12-02T20:50:00Z,1.5746,17.741
2025-12-02T21:00:00Z,1.5768,17.744
2025-12-02T21:10:00Z,1.5667,17.751
2025-12-02T21:20:00Z,1.5702,17.759
2025-12-02T21:30:00Z,1.5751,17.804
2025-12-02T21:40:00Z,1.5747,17.836
2025-12-02T21:50:00Z,1.5727,17.842
2025-12-02T22:00:00Z,1.577,17.972
2025-12-02T22:10:00Z,1.5758,18.112
2025-12-02T22:20:00Z,1.5701,18.178
2025-12-02T22:30:00Z,1.5835,18.307
2025-12-02T22:40:00Z,1.5891,18.413
2025-12-02T22:50:00Z,1.5735,18.292
2025-12-02T23:00:00Z,1.5775,18.262
2025-12-02T23:10:00Z,1.579,18.227
2025-12-02T23:20:00Z,1.577,18.202
2025-12-02T23:30:00Z,1.5794,18.187
2025-12-02T23:40:00Z,1.5731,18.179
2025-12-02T23:50:00Z,1.578,18.18
2025-12-03T00:00:00Z,1.5776,18.154
2025-12-03T00:10:00Z,1.5743,18.12
2025-12-03T00:20:00Z,1.5772,18.072
2025-12-03T00:30:00Z,1.5738,18.043
2025-12-03T00:40:00Z,1.5831,17.969
2025-12-03T00:50:00Z,1.573,17.892
2025-12-03T01:00:00Z,1.5745,17.843
2025-12-03T01:10:00Z,1.5724,17.785
2025-12-03T01:20:00Z,1.5728,17.734
2025-12-03T01:30:00Z,1.5753,17.67
2025-12-03T01:40:00Z,1.5766,17.645
2025-12-03T01:50:00Z,1.5764,17.641
2025-12-03T02:00:00Z,1.5742,17.619
2025-12-03T02:10:00Z,1.567,17.585
2025-12-03T02:20:00Z,1.5751,17.514
2025-12-03T02:30:00Z,1.5762,17.473
2025-12-03T02:40:00Z,1.574,17.446
2025-12-03T02:50:00Z,1.5751,17.429
2025-12-03T03:00:00Z,1.5709,17.388
2025-12-03T03:10:00Z,1.5686,17.32
2025-12-03T03:20:00Z,1.5708,17.318
2025-12-03T03:30:00Z,1.5703,17.305
2025-12-03T03:40:00Z,1.5705,17.306
2025-12-03T03:50:00Z,1.5713,17.307
2025-12-03T04:00:00Z,1.5724,17.279
2025-12-03T04:10:00Z,1.5764,17.266
2025-12-03T04:20:00Z,1.5653,17.266
2025-12-03T04:30:00Z,1.572,17.268
2025-12-03T04:40:00Z,1.5763,17.238
2025-12-03T04:50:00Z,1.5681,17.194
2025-12-03T05:00:00Z,1.5694,17.163
2025-12-03T05:10:00Z,1.5714,17.146
2025-12-03T05:20:00Z,1.5684,17.101
2025-12-03T05:30:00Z,1.5686,17.107
2025-12-03T05:40:00Z,1.5696,17.119
2025-12-03T05:50:00Z,1.5706,17.079
2025-12-03T06:00:00Z,1.567,17.035
2025-12-03T06:10:00Z,1.5656,17.047
2025-12-03T06:20:00Z,1.5702,17.007
2025-12-03T06:30:00Z,1.5659,16.951
2025-12-03T06:40:00Z,1.562,16.912
2025-12-03T06:50:00Z,1.5687,16.883
2025-12-03T07:00:00Z,1.568,16.865
2025-12-03T07:10:00Z,1.5636,16.852
2025-12-03T07:20:00Z,1.5623,16.835
2025-12-03T07:30:00Z,1.5654,16.84
2025-12-03T07:40:00Z,1.5611,16.828
2025-12-03T07:50:00Z,1.5668,16.815
2025-12-03T08:00:00Z,1.5662,16.773
2025-12-03T08:10:00Z,1.5615,16.752
2025-12-03T08:20:00Z,1.5653,16.744
2025-12-03T08:30:00Z,1.5667,16.74
2025-12-03T08:40:00Z,1.5631,16.74
2025-12-03T08:50:00Z,1.5667,16.729
2025-12-03T09:00:00Z,1.5698,16.751
2025-12-03T09:10:00Z,1.5786,16.728
2025-12-03T09:20:00Z,1.5701,16.694
2025-12-03T09:30:00Z,1.567,16.687
2025-12-03T09:40:00Z,1.573,16.67
2025-12-03T09:50:00Z,1.5681,16.637
2025-12-03T10:00:00Z,1.5686,16.598
2025-12-03T10:10:00Z,1.5611,16.612
2025-12-03T10:20:00Z,1.5657,16.583
2025-12-03T10:30:00Z,1.5655,16.549
2025-12-03T10:40:00Z,1.5628,16.519
2025-12-03T10:50:00Z,1.5677,16.514
2025-12-03T11:00:00Z,1.5657,16.493
2025-12-03T11:10:00Z,1.561,16.513
2025-12-03T11:20:00Z,1.5692,16.438
2025-12-03T11:30:00Z,1.5689,16.419
2025-12-03T11:40:00Z,1.5662,16.385
2025-12-03T11:50:00Z,1.5694,16.378
2025-12-03T12:00:00Z,1.5688,16.354
2025-12-03T12:10:00Z,1.5718,16.348
2025-12-03T12:20:00Z,1.5721,16.28
2025-12-03T12:30:00Z,1.5656,16.297
2025-12-03T12:40:00Z,1.578,16.292
2025-12-03T12:50:00Z,1.569,16.256
2025-12-03T13:00:00Z,1.5692,16.267
2025-12-03T13:10:00Z,1.5715,16.249
2025-12-03T13:20:00Z,1.5747,16.269
2025-12-03T13:30:00Z,1.5675,16.247
2025-12-03T13:40:00Z,1.5763,16.301
2025-12-03T13:50:00Z,1.5701,16.399
2025-12-03T14:00:00Z,1.5664,16.389
2025-12-03T14:10:00Z,1.5685,16.323
2025-12-03T14:20:00Z,1.567,16.295
2025-12-03T14:30:00Z,1.5685,16.287
2025-12-03T14:40:00Z,1.5755,16.296
2025-12-03T14:50:00Z,1.5729,16.258
2025-12-03T15:00:00Z,1.5694,16.24
2025-12-03T15:10:00Z,1.5781,16.174
2025-12-03T15:20:00Z,1.5788,16.165
2025-12-03T15:30:00Z,1.5718,16.094
2025-12-03T15:40:00Z,1.5744,16.091
2025-12-03T15:50:00Z,1.5805,16.086
2025-12-03T16:00:00Z,1.5721,16.146
2025-12-03T16:10:00Z,1.5796,16.176
2025-12-03T16:20:00Z,1.5791,16.214
2025-12-03T16:30:00Z,1.5749,16.247
2025-12-03T16:40:00Z,1.5803,16.117
2025-12-03T16:50:00Z,1.5881,16.13
2025-12-03T17:00:00Z,1.5697,16.23
2025-12-03T17:10:00Z,1.579,16.191
2025-12-03T17:20:00Z,1.5639,16.285
2025-12-03T17:30:00Z,1.5698,16.328
2025-12-03T17:40:00Z,1.5719,16.291
2025-12-03T17:50:00Z,1.5703,16.344
2025-12-03T18:00:00Z,1.5678,16.437
2025-12-03T18:10:00Z,1.5682,16.437
2025-12-03T18:20:00Z,1.5683,16.62
2025-12-03T18:30:00Z,1.5643,16.678
2025-12-03T18:40:00Z,1.572,16.725
2025-12-03T18:50:00Z,1.5674,16.777
2025-12-03T19:00:00Z,1.5631,16.873
2025-12-03T19:10:00Z,1.5531,16.958
2025-12-03T19:20:00Z,1.5654,17.075
2025-12-03T19:30:00Z,1.566,17.158
2025-12-03T19:40:00Z,1.5649,17.214
2025-12-03T19:50:00Z,1.5678,17.213
2025-12-03T20:00:00Z,1.5654,17.236
2025-12-03T20:10:00Z,1.5561,17.335
2025-12-03T20:20:00Z,1.5625,17.474
2025-12-03T20:30:00Z,1.5653,17.536
2025-12-03T20:40:00Z,1.5566,17.546
2025-12-03T20:50:00Z,1.5613,17.575
2025-12-03T21:00:00Z,1.5666,17.61
2025-12-03T21:10:00Z,1.548,17.586
2025-12-03T21:20:00Z,1.5683,17.578
2025-12-03T21:30:00Z,1.5635,17.581
2025-12-03T21:40:00Z,1.5556,17.642
2025-12-03T21:50:00Z,1.5642,17.698
2025-12-03T22:00:00Z,1.5648,17.727
2025-12-03T22:10:00Z,1.5609,17.746
2025-12-03T22:20:00Z,1.5678,17.781
2025-12-03T22:30:00Z,1.5648,17.769
2025-12-03T22:40:00Z,1.5681,17.787
2025-12-03T22:50:00Z,1.5694,17.835
2025-12-03T23:00:00Z,1.5617,17.83
2025-12-03T23:10:00Z,1.5646,17.851
2025-12-03T23:20:00Z,1.5639,17.85
2025-12-03T23:30:00Z,1.5671,17.862
2025-12-03T23:40:00Z,1.5684,17.833
2025-12-03T23:50:00Z,1.5642,17.816
2025-12-04T00:00:00Z,1.5703,17.847
2025-12-04T00:10:00Z,1.5689,17.822
2025-12-04T00:20:00Z,1.5702,17.772
2025-12-04T00:30:00Z,1.5632,17.733
2025-12-04T00:40:00Z,1.5688,17.666
2025-12-04T00:50:00Z,1.5647,17.581
2025-12-04T01:00:00Z,1.5662,17.508
2025-12-04T01:10:00Z,1.5695,17.505
2025-12-04T01:20:00Z,1.5753,17.504
2025-12-04T01:30:00Z,1.5691,17.496
2025-12-04T01:40:00Z,1.5747,17.485
2025-12-04T01:50:00Z,1.5715,17.472
2025-12-04T02:00:00Z,1.5684,17.434
2025-12-04T02:10:00Z,1.5791,17.412
2025-12-04T02:20:00Z,1.5738,17.392
2025-12-04T02:30:00Z,1.5683,17.369
2025-12-04T02:40:00Z,1.5718,17.34
2025-12-04T02:50:00Z,1.5697,17.315
2025-12-04T03:00:00Z,1.5657,17.261
2025-12-04T03:10:00Z,1.5784,17.247
2025-12-04T03:20:00Z,1.5682,17.222
2025-12-04T03:30:00Z,1.5676,17.19
2025-12-04T03:40:00Z,1.5708,17.162
2025-12-04T03:50:00Z,1.5712,17.13
2025-12-04T04:00:00Z,1.5673,17.11
2025-12-04T04:10:00Z,1.579,17.074
2025-12-04T04:20:00Z,1.5672,17.084
2025-12-04T04:30:00Z,1.5671,17.057
2025-12-04T04:40:00Z,1.5721,17.023
2025-12-04T04:50:00Z,1.5643,17.028
2025-12-04T05:00:00Z,1.5671,17.006
2025-12-04T05:10:00Z,1.5741,16.963
2025-12-04T05:20:00Z,1.5658,16.903
2025-12-04T05:30:00Z,1.5661,16.882
2025-12-04T05:40:00Z,1.5656,16.848
2025-12-04T05:50:00Z,1.5668,16.826
2025-12-04T06:00:00Z,1.5651,16.804
2025-12-04T06:10:00Z,1.5581,16.798
2025-12-04T06:20:00Z,1.5689,16.802
2025-12-04T06:30:00Z,1.5637,16.779
2025-12-04T06:40:00Z,1.5659,16.759
2025-12-04T06:50:00Z,1.5643,16.743
2025-12-04T07:00:00Z,1.5668,16.713
2025-12-04T07:10:00Z,1.5633,16.653
2025-12-04T07:20:00Z,1.565,16.625
2025-12-04T07:30:00Z,1.5663,16.63
2025-12-04T07:40:00Z,1.5553,16.591
2025-12-04T07:50:00Z,1.5611,16.552
2025-12-04T08:00:00Z,1.5623,16.536
2025-12-04T08:10:00Z,1.5679,16.529
2025-12-04T08:20:00Z,1.5638,16.528
2025-12-04T08:30:00Z,1.5622,16.494
2025-12-04T08:40:00Z,1.5638,16.484
2025-12-04T08:50:00Z,1.5576,16.454
2025-12-04T09:00:00Z,1.5614,16.433
2025-12-04T09:10:00Z,1.5555,16.391
2025-12-04T09:20:00Z,1.5627,16.432
2025-12-04T09:30:00Z,1.5624,16.413
2025-12-04T09:40:00Z,1.5582,16.396
2025-12-04T09:50:00Z,1.5568,16.359
2025-12-04T10:00:00Z,1.5627,16.36
2025-12-04T10:10:00Z,1.5502,16.315
2025-12-04T10:20:00Z,1.5626,16.246
2025-12-04T10:30:00Z,1.565,16.27
2025-12-04T10:40:00Z,1.5657,16.231
2025-12-04T10:50:00Z,1.564,16.197
2025-12-04T11:00:00Z,1.5617,16.163
2025-12-04T11:10:00Z,1.5579,16.143
2025-12-04T11:20:00Z,1.5641,16.2
2025-12-04T11:30:00Z,1.5661,16.249
2025-12-04T11:40:00Z,1.5639,16.16
2025-12-04T11:50:00Z,1.5615,16.143
2025-12-04T12:00:00Z,1.5634,16.135
2025-12-04T12:10:00Z,1.5651,16.117
2025-12-04T12:20:00Z,1.5622,16.126
2025-12-04T12:30:00Z,1.5613,16.086
2025-12-04T12:40:00Z,1.5655,16.085
2025-12-04T12:50:00Z,1.5615,16.065
2025-12-04T13:00:00Z,1.5618,16.037
2025-12-04T13:10:00Z,1.5676,16
2025-12-04T13:20:00Z,1.5695,15.965
2025-12-04T13:30:00Z,1.5665,15.985
2025-12-04T13:40:00Z,1.5759,16
2025-12-04T13:50:00Z,1.5737,15.996
2025-12-04T14:00:00Z,1.5654,16.012
2025-12-04T14:10:00Z,1.5706,15.984
2025-12-04T14:20:00Z,1.5657,15.993
2025-12-04T14:30:00Z,1.5658,15.979
2025-12-04T14:40:00Z,1.5741,15.955
2025-12-04T14:50:00Z,1.569,15.941
2025-12-04T15:00:00Z,1.5628,15.944
2025-12-04T15:10:00Z,1.5724,15.918
2025-12-04T15:20:00Z,1.5673,15.851
2025-12-04T15:30:00Z,1.5638,15.81
2025-12-04T15:40:00Z,1.5716,15.804
2025-12-04T15:50:00Z,1.5741,15.785
2025-12-04T16:00:00Z,1.575,15.824
2025-12-04T16:10:00Z,1.5846,15.834
2025-12-04T16:20:00Z,1.5797,15.888
2025-12-04T16:30:00Z,1.5729,15.884
2025-12-04T16:40:00Z,1.5807,15.907
2025-12-04T16:50:00Z,1.5751,15.948
2025-12-04T17:00:00Z,1.5667,16.006
2025-12-04T17:10:00Z,1.5769,16.082
2025-12-04T17:20:00Z,1.5675,16.021
2025-12-04T17:30:00Z,1.56,15.983
2025-12-04T17:40:00Z,1.5644,16.184
2025-12-04T17:50:00Z,1.5693,16.303
2025-12-04T18:00:00Z,1.5639,16.422
2025-12-04T18:10:00Z,1.5766,16.512
2025-12-04T18:20:00Z,1.5562,16.592
2025-12-04T18:30:00Z,1.5667,16.679
2025-12-04T18:40:00Z,1.5629,16.735
2025-12-04T18:50:00Z,1.567,16.826
2025-12-04T19:00:00Z,1.5705,16.915
2025-12-04T19:10:00Z,1.5637,17.024
2025-12-04T19:20:00Z,1.5654,17.141
2025-12-04T19:30:00Z,1.5693,17.249
2025-12-04T19:40:00Z,1.5512,17.294
2025-12-04T19:50:00Z,1.5623,17.361
2025-12-04T20:00:00Z,1.5698,17.475
2025-12-04T20:10:00Z,1.5591,17.658
2025-12-04T20:20:00Z,1.567,17.799
2025-12-04T20:30:00Z,1.5678,17.932
2025-12-04T20:40:00Z,1.57,18.051
2025-12-04T20:50:00Z,1.5722,18.118
2025-12-04T21:00:00Z,1.5753,18.181
2025-12-04T21:10:00Z,1.5631,18.23
2025-12-04T21:20:00Z,1.5708,18.268
2025-12-04T21:30:00Z,1.5695,18.266
2025-12-04T21:40:00Z,1.5636,18.302
2025-12-04T21:50:00Z,1.5678,18.305
2025-12-04T22:00:00Z,1.5701,18.324
2025-12-04T22:10:00Z,1.5687,18.297
2025-12-04T22:20:00Z,1.5691,18.334
2025-12-04T22:30:00Z,1.5716,18.429
2025-12-04T22:40:00Z,1.5663,18.41
2025-12-04T22:50:00Z,1.5719,18.388
2025-12-04T23:00:00Z,1.5695,18.31
2025-12-04T23:10:00Z,1.5746,18.267
2025-12-04T23:20:00Z,1.5716,18.243
2025-12-04T23:30:00Z,1.5734,18.191
2025-12-04T23:40:00Z,1.5749,18.126
2025-12-04T23:50:00Z,1.5674,18.123
2025-12-05T00:00:00Z,1.5688,18.015
2025-12-05T00:10:00Z,1.5675,18.013
2025-12-05T00:20:00Z,1.5695,18.027
2025-12-05T00:30:00Z,1.5685,17.953
2025-12-05T00:40:00Z,1.5669,17.886
2025-12-05T00:50:00Z,1.5697,17.853
2025-12-05T01:00:00Z,1.5645,17.789
2025-12-05T01:10:00Z,1.5721,17.758
2025-12-05T01:20:00Z,1.5687,17.742
2025-12-05T01:30:00Z,1.5628,17.737
2025-12-05T01:40:00Z,1.5692,17.722
2025-12-05T01:50:00Z,1.5602,17.712
2025-12-05T02:00:00Z,1.5653,17.677
2025-12-05T02:10:00Z,1.5505,17.654
2025-12-05T02:20:00Z,1.5674,17.627
2025-12-05T02:30:00Z,1.5619,17.602
2025-12-05T02:40:00Z,1.5624,17.554
2025-12-05T02:50:00Z,1.5707,17.505
2025-12-05T03:00:00Z,1.5646,17.452
2025-12-05T03:10:00Z,1.5694,17.41
2025-12-05T03:20:00Z,1.5595,17.376
2025-12-05T03:30:00Z,1.5629,17.352
2025-12-05T03:40:00Z,1.5595,17.332
2025-12-05T03:50:00Z,1.5652,17.311
2025-12-05T04:00:00Z,1.5648,17.286
2025-12-05T04:10:00Z,1.5765,17.219
2025-12-05T04:20:00Z,1.5574,17.158
2025-12-05T04:30:00Z,1.5656,17.116
2025-12-05T04:40:00Z,1.5553,17.116
2025-12-05T04:50:00Z,1.5654,17.102
2025-12-05T05:00:00Z,1.5615,17.043
2025-12-05T05:10:00Z,1.5662,16.969
2025-12-05T05:20:00Z,1.5603,16.956
2025-12-05T05:30:00Z,1.5647,16.932
2025-12-05T05:40:00Z,1.5662,16.896
2025-12-05T05:50:00Z,1.5639,16.852
2025-12-05T06:00:00Z,1.5629,16.82
2025-12-05T06:10:00Z,1.5687,16.802
2025-12-05T06:20:00Z,1.5615,16.792
2025-12-05T06:30:00Z,1.5632,16.771
2025-12-05T06:40:00Z,1.5527,16.752
2025-12-05T06:50:00Z,1.5632,16.725
2025-12-05T07:00:00Z,1.5658,16.695
2025-12-05T07:10:00Z,1.5718,16.662
2025-12-05T07:20:00Z,1.5633,16.627
2025-12-05T07:30:00Z,1.5655,16.618
2025-12-05T07:40:00Z,1.5593,16.59
2025-12-05T07:50:00Z,1.5577,16.527
2025-12-05T08:00:00Z,1.5641,16.534
2025-12-05T08:10:00Z,1.5584,16.507
2025-12-05T08:20:00Z,1.5611,16.478
2025-12-05T08:30:00Z,1.5638,16.44
2025-12-05T08:40:00Z,1.5634,16.42
2025-12-05T08:50:00Z,1.5572,16.397
2025-12-05T09:00:00Z,1.5626,16.385
2025-12-05T09:10:00Z,1.5632,16.328
2025-12-05T09:20:00Z,1.5589,16.287
2025-12-05T09:30:00Z,1.5654,16.247
2025-12-05T09:40:00Z,1.5606,16.228
2025-12-05T09:50:00Z,1.5594,16.188
2025-12-05T10:00:00Z,1.5632,16.145
2025-12-05T10:10:00Z,1.5647,16.127
2025-12-05T10:20:00Z,1.5564,16.1
2025-12-05T10:30:00Z,1.5643,16.067
2025-12-05T10:40:00Z,1.5622,16.053
2025-12-05T10:50:00Z,1.5647,16.031
2025-12-05T11:00:00Z,1.5655,16.029
2025-12-05T11:10:00Z,1.5622,16.031
2025-12-05T11:20:00Z,1.5604,16.046
2025-12-05T11:30:00Z,1.5651,16.015
2025-12-05T11:40:00Z,1.5505,15.991
2025-12-05T11:50:00Z,1.5547,15.989
2025-12-05T12:00:00Z,1.5637,15.955
2025-12-05T12:10:00Z,1.5625,15.947
2025-12-05T12:20:00Z,1.5614,15.883
2025-12-05T12:30:00Z,1.565,15.896
2025-12-05T12:40:00Z,1.5614,15.881
2025-12-05T12:50:00Z,1.566,15.858
2025-12-05T13:00:00Z,1.5654,15.842
2025-12-05T13:10:00Z,1.5689,15.881
2025-12-05T13:20:00Z,1.5661,15.872
2025-12-05T13:30:00Z,1.5643,15.837
2025-12-05T13:40:00Z,1.566,15.8
2025-12-05T13:50:00Z,1.5667,15.819
2025-12-05T14:00:00Z,1.5656,15.795
2025-12-05T14:10:00Z,1.5678,15.759
2025-12-05T14:20:00Z,1.5677,15.701
2025-12-05T14:30:00Z,1.5659,15.647
2025-12-05T14:40:00Z,1.5741,15.734
2025-12-05T14:50:00Z,1.5655,15.712
2025-12-05T15:00:00Z,1.5665,15.755
2025-12-05T15:10:00Z,1.5795,15.797
2025-12-05T15:20:00Z,1.5717,15.718
2025-12-05T15:30:00Z,1.5714,15.764
2025-12-05T15:40:00Z,1.5771,15.709
2025-12-05T15:50:00Z,1.5697,15.695
2025-12-05T16:00:00Z,1.5721,15.691
2025-12-05T16:10:00Z,1.5759,15.703
2025-12-05T16:20:00Z,1.5665,15.707
2025-12-05T16:30:00Z,1.5785,15.68
2025-12-05T16:40:00Z,1.5783,15.685
2025-12-05T16:50:00Z,1.5758,15.668
2025-12-05T17:00:00Z,1.571,15.758
2025-12-05T17:10:00Z,1.5793,15.738
2025-12-05T17:20:00Z,1.5666,15.721
2025-12-05T17:30:00Z,1.5695,15.764
2025-12-05T17:40:00Z,1.5761,15.857
2025-12-05T17:50:00Z,1.5714,15.924
2025-12-05T18:00:00Z,1.5663,16.012
2025-12-05T18:10:00Z,1.5508,16.114
2025-12-05T18:20:00Z,1.5689,16.199
2025-12-05T18:30:00Z,1.5716,16.298
2025-12-05T18:40:00Z,1.5591,16.4
2025-12-05T18:50:00Z,1.5712,16.503
2025-12-05T19:00:00Z,1.5714,16.596
2025-12-05T19:10:00Z,1.5455,16.679
2025-12-05T19:20:00Z,1.5649,16.768
2025-12-05T19:30:00Z,1.573,16.871
2025-12-05T19:40:00Z,1.557,17.024
2025-12-05T19:50:00Z,1.5745,17.142
2025-12-05T20:00:00Z,1.5739,17.211
2025-12-05T20:10:00Z,1.5728,17.39
2025-12-05T20:20:00Z,1.5771,17.503
2025-12-05T20:30:00Z,1.5771,17.652
2025-12-05T20:40:00Z,1.5597,17.681
2025-12-05T20:50:00Z,1.5801,17.762
2025-12-05T21:00:00Z,1.5796,17.873
2025-12-05T21:10:00Z,1.5828,17.949
2025-12-05T21:20:00Z,1.5747,18.095
2025-12-05T21:30:00Z,1.5794,18.124
2025-12-05T21:40:00Z,1.577,18.117
2025-12-05T21:50:00Z,1.5761,17.993
2025-12-05T22:00:00Z,1.5753,18.028
2025-12-05T22:10:00Z,1.5735,18.16
2025-12-05T22:20:00Z,1.5812,18.216
2025-12-05T22:30:00Z,1.5767,18.264
2025-12-05T22:40:00Z,1.5897,18.257
2025-12-05T22:50:00Z,1.5716,18.279
2025-12-05T23:00:00Z,1.5804,18.321
2025-12-05T23:10:00Z,1.582,18.355
2025-12-05T23:20:00Z,1.5803,18.303
2025-12-05T23:30:00Z,1.5814,18.253
2025-12-05T23:40:00Z,1.5715,18.214
2025-12-05T23:50:00Z,1.581,18.113
2025-12-06T00:00:00Z,1.5749,17.798
2025-12-06T00:10:00Z,1.569,17.602
2025-12-06T00:20:00Z,1.5778,17.546
2025-12-06T00:30:00Z,1.5745,17.466
2025-12-06T00:40:00Z,1.5784,17.405
2025-12-06T00:50:00Z,1.5714,17.341
2025-12-06T01:00:00Z,1.5728,17.293
2025-12-06T01:10:00Z,1.5734,17.249
2025-12-06T01:20:00Z,1.5737,17.197
2025-12-06T01:30:00Z,1.5703,17.165
2025-12-06T01:40:00Z,1.5756,17.148
2025-12-06T01:50:00Z,1.571,17.116
2025-12-06T02:00:00Z,1.5704,17.091
2025-12-06T02:10:00Z,1.577,17.047
2025-12-06T02:20:00Z,1.5652,17.014
2025-12-06T02:30:00Z,1.5695,16.995
2025-12-06T02:40:00Z,1.5732,16.992
2025-12-06T02:50:00Z,1.569,16.983
2025-12-06T03:00:00Z,1.5729,16.971
2025-12-06T03:10:00Z,1.5697,16.943
2025-12-06T03:20:00Z,1.5746,16.917
2025-12-06T03:30:00Z,1.5705,16.887
2025-12-06T03:40:00Z,1.5712,16.854
2025-12-06T03:50:00Z,1.5716,16.821
2025-12-06T04:00:00Z,1.5734,16.792
2025-12-06T04:10:00Z,1.5822,16.758
2025-12-06T04:20:00Z,1.5736,16.716
2025-12-06T04:30:00Z,1.5715,16.653
2025-12-06T04:40:00Z,1.5724,16.595
2025-12-06T04:50:00Z,1.5714,16.544
2025-12-06T05:00:00Z,1.5724,16.527
2025-12-06T05:10:00Z,1.5742,16.529
2025-12-06T05:20:00Z,1.57,16.519
2025-12-06T05:30:00Z,1.5712,16.483
2025-12-06T05:40:00Z,1.5818,16.484
2025-12-06T05:50:00Z,1.5696,16.48
2025-12-06T06:00:00Z,1.5725,16.488
2025-12-06T06:10:00Z,1.5722,16.492
2025-12-06T06:20:00Z,1.5726,16.468
2025-12-06T06:30:00Z,1.5711,16.448
2025-12-06T06:40:00Z,1.5621,16.437
2025-12-06T06:50:00Z,1.5702,16.416
2025-12-06T07:00:00Z,1.5709,16.402
2025-12-06T07:10:00Z,1.5748,16.366
2025-12-06T07:20:00Z,1.5741,16.349
2025-12-06T07:30:00Z,1.5704,16.309
2025-12-06T07:40:00Z,1.5698,16.281
2025-12-06T07:50:00Z,1.5735,16.288
2025-12-06T08:00:00Z,1.5728,16.279
2025-12-06T08:10:00Z,1.57,16.217
2025-12-06T08:20:00Z,1.5699,16.165
2025-12-06T08:30:00Z,1.5712,16.166
2025-12-06T08:40:00Z,1.5646,16.143
2025-12-06T08:50:00Z,1.5701,16.154
2025-12-06T09:00:00Z,1.5707,16.145
2025-12-06T09:10:00Z,1.5701,16.134
2025-12-06T09:20:00Z,1.5729,16.102
2025-12-06T09:30:00Z,1.5709,16.058
2025-12-06T09:40:00Z,1.5693,16.08
2025-12-06T09:50:00Z,1.5722,16.107
2025-12-06T10:00:00Z,1.5716,16.02
2025-12-06T10:10:00Z,1.5644,16.026
2025-12-06T10:20:00Z,1.5735,16.056
2025-12-06T10:30:00Z,1.5733,16.046
2025-12-06T10:40:00Z,1.5713,16.062
2025-12-06T10:50:00Z,1.5697,16.022
2025-12-06T11:00:00Z,1.5717,15.964
2025-12-06T11:10:00Z,1.5706,15.976
2025-12-06T11:20:00Z,1.5731,16.015
2025-12-06T11:30:00Z,1.5742,15.956
2025-12-06T11:40:00Z,1.5669,15.926
2025-12-06T11:50:00Z,1.5703,15.889
2025-12-06T12:00:00Z,1.572,15.907
2025-12-06T12:10:00Z,1.5697,15.907
2025-12-06T12:20:00Z,1.5762,15.895
2025-12-06T12:30:00Z,1.5744,15.875
2025-12-06T12:40:00Z,1.5743,15.762
2025-12-06T12:50:00Z,1.5775,15.856
2025-12-06T13:00:00Z,1.5747,15.836
2025-12-06T13:10:00Z,1.5747,15.836
2025-12-06T13:20:00Z,1.574,15.824
2025-12-06T13:30:00Z,1.5739,15.781
2025-12-06T13:40:00Z,1.5824,15.679
2025-12-06T13:50:00Z,1.5769,15.773
2025-12-06T14:00:00Z,1.5738,15.745
2025-12-06T14:10:00Z,1.5799,15.773
2025-12-06T14:20:00Z,1.5789,15.773
2025-12-06T14:30:00Z,1.5709,15.741
2025-12-06T14:40:00Z,1.5763,15.694
2025-12-06T14:50:00Z,1.5755,15.612
2025-12-06T15:00:00Z,1.5752,15.709
2025-12-06T15:10:00Z,1.5755,15.738
2025-12-06T15:20:00Z,1.5758,15.672
2025-12-06T15:30:00Z,1.5772,15.719
2025-12-06T15:40:00Z,1.5797,15.633
2025-12-06T15:50:00Z,1.585,15.687
2025-12-06T16:00:00Z,1.5794,15.745
2025-12-06T16:10:00Z,1.5792,15.687
2025-12-06T16:20:00Z,1.5881,15.761
2025-12-06T16:30:00Z,1.5818,15.806
2025-12-06T16:40:00Z,1.5944,15.85
2025-12-06T16:50:00Z,1.5807,15.728
2025-12-06T17:00:00Z,1.579,15.742
2025-12-06T17:10:00Z,1.5876,15.749
2025-12-06T17:20:00Z,1.5766,15.776
2025-12-06T17:30:00Z,1.5788,15.84
2025-12-06T17:40:00Z,1.5839,15.881
2025-12-06T17:50:00Z,1.5827,15.948
2025-12-06T18:00:00Z,1.5806,16.068
2025-12-06T18:10:00Z,1.5702,16.188
2025-12-06T18:20:00Z,1.575,16.33
2025-12-06T18:30:00Z,1.5845,16.483
2025-12-06T18:40:00Z,1.5839,16.591
2025-12-06T18:50:00Z,1.5808,16.693
2025-12-06T19:00:00Z,1.5825,16.753
2025-12-06T19:10:00Z,1.5805,16.887
2025-12-06T19:20:00Z,1.5773,16.958
2025-12-06T19:30:00Z,1.5824,17.061
2025-12-06T19:40:00Z,1.5729,17.157
2025-12-06T19:50:00Z,1.5857,17.252
2025-12-06T20:00:00Z,1.5835,17.391
2025-12-06T20:10:00Z,1.5749,17.474
2025-12-06T20:20:00Z,1.5806,17.579
2025-12-06T20:30:00Z,1.582,17.665
2025-12-06T20:40:00Z,1.5822,17.738
2025-12-06T20:50:00Z,1.5797,17.725
2025-12-06T21:00:00Z,1.581,17.817
2025-12-06T21:10:00Z,1.5749,17.906
2025-12-06T21:20:00Z,1.5762,17.946
2025-12-06T21:30:00Z,1.582,17.989
2025-12-06T21:40:00Z,1.5796,17.995
2025-12-06T21:50:00Z,1.5744,18.062
2025-12-06T22:00:00Z,1.5816,18.076
2025-12-06T22:10:00Z,1.5771,17.986
2025-12-06T22:20:00Z,1.5818,18.04
2025-12-06T22:30:00Z,1.5832,18.128
2025-12-06T22:40:00Z,1.5829,18.135
2025-12-06T22:50:00Z,1.5799,18.065
2025-12-06T23:00:00Z,1.5808,18.005
2025-12-06T23:10:00Z,1.5817,17.9
2025-12-06T23:20:00Z,1.5827,17.853
2025-12-06T23:30:00Z,1.5816,17.899
2025-12-06T23:40:00Z,1.5808,17.898
2025-12-06T23:50:00Z,1.5843,17.794
2025-12-07T00:00:00Z,1.5811,17.724
2025-12-07T00:10:00Z,1.582,17.649
2025-12-07T00:20:00Z,1.5841,17.589
2025-12-07T00:30:00Z,1.5734,17.589
2025-12-07T00:40:00Z,1.5818,17.478
2025-12-07T00:50:00Z,1.5725,17.466
2025-12-07T01:00:00Z,1.5714,17.342
2025-12-07T01:10:00Z,1.5756,17.314
2025-12-07T01:20:00Z,1.5809,17.308
2025-12-07T01:30:00Z,1.5761,17.309
2025-12-07T01:40:00Z,1.5815,17.286
2025-12-07T01:50:00Z,1.5815,17.234
2025-12-07T02:00:00Z,1.5796,17.172
2025-12-07T02:10:00Z,1.5855,17.109
2025-12-07T02:20:00Z,1.5769,17.054
2025-12-07T02:30:00Z,1.5807,16.999
2025-12-07T02:40:00Z,1.5829,16.932
2025-12-07T02:50:00Z,1.58,16.874
2025-12-07T03:00:00Z,1.5782,16.816
2025-12-07T03:10:00Z,1.581,16.813
2025-12-07T03:20:00Z,1.5796,16.777
2025-12-07T03:30:00Z,1.577,16.749
2025-12-07T03:40:00Z,1.5823,16.726
2025-12-07T03:50:00Z,1.5801,16.704
2025-12-07T04:00:00Z,1.578,16.69
2025-12-07T04:10:00Z,1.5812,16.677
2025-12-07T04:20:00Z,1.5818,16.661
2025-12-07T04:30:00Z,1.5784,16.637
2025-12-07T04:40:00Z,1.5816,16.615
2025-12-07T04:50:00Z,1.5785,16.572
2025-12-07T05:00:00Z,1.579,16.554
2025-12-07T05:10:00Z,1.5853,16.527
2025-12-07T05:20:00Z,1.5796,16.508
2025-12-07T05:30:00Z,1.5787,16.492
2025-12-07T05:40:00Z,1.581,16.477
2025-12-07T05:50:00Z,1.5813,16.428
2025-12-07T06:00:00Z,1.5782,16.428
2025-12-07T06:10:00Z,1.5852,16.396
2025-12-07T06:20:00Z,1.5787,16.382
2025-12-07T06:30:00Z,1.5794,16.363
2025-12-07T06:40:00Z,1.5839,16.316
2025-12-07T06:50:00Z,1.5806,16.297
2025-12-07T07:00:00Z,1.5821,16.307
2025-12-07T07:10:00Z,1.5774,16.297
2025-12-07T07:20:00Z,1.582,16.258
2025-12-07T07:30:00Z,1.5783,16.191
2025-12-07T07:40:00Z,1.5814,16.219
2025-12-07T07:50:00Z,1.5769,16.207
2025-12-07T08:00:00Z,1.5797,16.163
2025-12-07T08:10:00Z,1.5757,16.131
2025-12-07T08:20:00Z,1.5771,16.126
2025-12-07T08:30:00Z,1.5799,16.095
2025-12-07T08:40:00Z,1.5811,16.108
2025-12-07T08:50:00Z,1.5783,16.067
2025-12-07T09:00:00Z,1.5792,16.034
2025-12-07T09:10:00Z,1.5775,16.045
2025-12-07T09:20:00Z,1.5797,16.057
2025-12-07T09:30:00Z,1.5803,16.047
2025-12-07T09:40:00Z,1.5866,16.037
2025-12-07T09:50:00Z,1.5788,16.062
2025-12-07T10:00:00Z,1.5806,16.04
2025-12-07T10:10:00Z,1.5879,16.03
2025-12-07T10:20:00Z,1.5843,16.019
2025-12-07T10:30:00Z,1.5798,16.012
2025-12-07T10:40:00Z,1.5863,16.003
2025-12-07T10:50:00Z,1.5809,15.983
2025-12-07T11:00:00Z,1.578,15.968
2025-12-07T11:10:00Z,1.5804,15.956
2025-12-07T11:20:00Z,1.5816,15.944
2025-12-07T11:30:00Z,1.5824,15.932
2025-12-07T11:40:00Z,1.5831,15.905
2025-12-07T11:50:00Z,1.5768,15.887
2025-12-07T12:00:00Z,1.5806,15.865
2025-12-07T12:10:00Z,1.576,15.875
2025-12-07T12:20:00Z,1.5774,15.858
2025-12-07T12:30:00Z,1.579,15.843
2025-12-07T12:40:00Z,1.5797,15.825
2025-12-07T12:50:00Z,1.5825,15.804
2025-12-07T13:00:00Z,1.5794,15.774
2025-12-07T13:10:00Z,1.583,15.753
2025-12-07T13:20:00Z,1.5809,15.725
2025-12-07T13:30:00Z,1.579,15.741
2025-12-07T13:40:00Z,1.5822,15.696
2025-12-07T13:50:00Z,1.583,15.665
2025-12-07T14:00:00Z,1.5807,15.628
2025-12-07T14:10:00Z,1.5866,15.6
2025-12-07T14:20:00Z,1.5835,15.599
2025-12-07T14:30:00Z,1.5803,15.621
2025-12-07T14:40:00Z,1.59,15.606
2025-12-07T14:50:00Z,1.587,15.618
2025-12-07T15:00:00Z,1.5819,15.635
2025-12-07T15:10:00Z,1.5908,15.574
2025-12-07T15:20:00Z,1.5838,15.567
2025-12-07T15:30:00Z,1.5843,15.606
2025-12-07T15:40:00Z,1.5826,15.611
2025-12-07T15:50:00Z,1.5897,15.602
2025-12-07T16:00:00Z,1.5868,15.602
2025-12-07T16:10:00Z,1.5945,15.578
2025-12-07T16:20:00Z,1.5884,15.512
2025-12-07T16:30:00Z,1.5928,15.503
2025-12-07T16:40:00Z,1.6005,15.598
2025-12-07T16:50:00Z,1.5874,15.653
2025-12-07T17:00:00Z,1.5852,15.707
2025-12-07T17:10:00Z,1.5948,15.751
2025-12-07T17:20:00Z,1.5834,15.806
2025-12-07T17:30:00Z,1.586,15.837
2025-12-07T17:40:00Z,1.5965,15.878
2025-12-07T17:50:00Z,1.5862,15.956
2025-12-07T18:00:00Z,1.5889,16.047
2025-12-07T18:10:00Z,1.5812,16.136
2025-12-07T18:20:00Z,1.5865,16.412
2025-12-07T18:30:00Z,1.5861,16.488
2025-12-07T18:40:00Z,1.583,16.447
2025-12-07T18:50:00Z,1.5875,16.552
2025-12-07T19:00:00Z,1.5877,16.595
2025-12-07T19:10:00Z,1.5846,16.708
2025-12-07T19:20:00Z,1.5854,16.813
2025-12-07T19:30:00Z,1.5913,16.907
2025-12-07T19:40:00Z,1.5796,16.948
2025-12-07T19:50:00Z,1.5864,16.873
2025-12-07T20:00:00Z,1.5899,16.845
2025-12-07T20:10:00Z,1.5847,16.967
2025-12-07T20:20:00Z,1.5856,17.306
2025-12-07T20:30:00Z,1.5899,17.321
2025-12-07T20:40:00Z,1.585,17.386
2025-12-07T20:50:00Z,1.5858,17.602
2025-12-07T21:00:00Z,1.5862,17.67
2025-12-07T21:10:00Z,1.5841,17.676
2025-12-07T21:20:00Z,1.5919,17.685
2025-12-07T21:30:00Z,1.5885,17.716
2025-12-07T21:40:00Z,1.5872,17.767
2025-12-07T21:50:00Z,1.5905,17.846
2025-12-07T22:00:00Z,1.5894,17.992
2025-12-07T22:10:00Z,1.5938,18.031
2025-12-07T22:20:00Z,1.5891,18.096
2025-12-07T22:30:00Z,1.5937,18.286
2025-12-07T22:40:00Z,1.5864,18.454
2025-12-07T22:50:00Z,1.5916,18.504
2025-12-07T23:00:00Z,1.5923,18.499
2025-12-07T23:10:00Z,1.5896,18.493
2025-12-07T23:20:00Z,1.5935,18.49
2025-12-07T23:30:00Z,1.5923,18.47
2025-12-07T23:40:00Z,1.593,18.483
2025-12-07T23:50:00Z,1.5895,18.47
2025-12-08T00:00:00Z,1.5939,18.384
2025-12-08T00:10:00Z,1.5937,18.257
2025-12-08T00:20:00Z,1.5941,18.202
2025-12-08T00:30:00Z,1.5892,18.114
2025-12-08T00:40:00Z,1.5924,17.964
2025-12-08T00:50:00Z,1.5924,17.892
2025-12-08T01:00:00Z,1.5892,17.843
2025-12-08T01:10:00Z,1.5959,17.787
2025-12-08T01:20:00Z,1.5919,17.684
2025-12-08T01:30:00Z,1.586,17.63
2025-12-08T01:40:00Z,1.5955,17.573
2025-12-08T01:50:00Z,1.5897,17.544
2025-12-08T02:00:00Z,1.5867,17.53
2025-12-08T02:10:00Z,1.5902,17.515
2025-12-08T02:20:00Z,1.5863,17.501
2025-12-08T02:30:00Z,1.5868,17.473
2025-12-08T02:40:00Z,1.5904,17.437
2025-12-08T02:50:00Z,1.5862,17.43
2025-12-08T03:00:00Z,1.5863,17.437
2025-12-08T03:10:00Z,1.5905,17.43
2025-12-08T03:20:00Z,1.5847,17.43
2025-12-08T03:30:00Z,1.5872,17.392
2025-12-08T03:40:00Z,1.5927,17.357
2025-12-08T03:50:00Z,1.585,17.332
2025-12-08T04:00:00Z,1.5869,17.308
2025-12-08T04:10:00Z,1.5912,17.275
2025-12-08T04:20:00Z,1.5903,17.242
2025-12-08T04:30:00Z,1.5866,17.171
2025-12-08T04:40:00Z,1.5859,17.133
2025-12-08T04:50:00Z,1.5852,17.087
2025-12-08T05:00:00Z,1.5858,17.041
2025-12-08T05:10:00Z,1.5891,17.014
2025-12-08T05:20:00Z,1.5885,16.991
2025-12-08T05:30:00Z,1.5864,16.953
2025-12-08T05:40:00Z,1.583,16.936
2025-12-08T05:50:00Z,1.5882,16.93
2025-12-08T06:00:00Z,1.5863,16.915
2025-12-08T06:10:00Z,1.5876,16.871
2025-12-08T06:20:00Z,1.5853,16.83
2025-12-08T06:30:00Z,1.5873,16.791
2025-12-08T06:40:00Z,1.5916,16.741
2025-12-08T06:50:00Z,1.588,16.712
2025-12-08T07:00:00Z,1.5866,16.684
2025-12-08T07:10:00Z,1.5932,16.674
2025-12-08T07:20:00Z,1.5861,16.618
2025-12-08T07:30:00Z,1.587,16.604
2025-12-08T07:40:00Z,1.5829,16.578
2025-12-08T07:50:00Z,1.5837,16.564
2025-12-08T08:00:00Z,1.5864,16.527
2025-12-08T08:10:00Z,1.5812,16.474
2025-12-08T08:20:00Z,1.5833,16.475
2025-12-08T08:30:00Z,1.5856,16.481
2025-12-08T08:40:00Z,1.5758,16.444
2025-12-08T08:50:00Z,1.5825,16.428
2025-12-08T09:00:00Z,1.5854,16.408
2025-12-08T09:10:00Z,1.5936,16.41
2025-12-08T09:20:00Z,1.5902,16.381
2025-12-08T09:30:00Z,1.5886,16.343
2025-12-08T09:40:00Z,1.5888,16.316
2025-12-08T09:50:00Z,1.5928,16.281
2025-12-08T10:00:00Z,1.589,16.252
2025-12-08T10:10:00Z,1.5831,16.234
2025-12-08T10:20:00Z,1.5841,16.238
2025-12-08T10:30:00Z,1.5856,16.243
2025-12-08T10:40:00Z,1.5831,16.201
2025-12-08T10:50:00Z,1.584,16.183
2025-12-08T11:00:00Z,1.5894,16.182
2025-12-08T11:10:00Z,1.5801,16.166
2025-12-08T11:20:00Z,1.5823,16.157
2025-12-08T11:30:00Z,1.5848,16.137
2025-12-08T11:40:00Z,1.5945,16.115
2025-12-08T11:50:00Z,1.5827,16.104
2025-12-08T12:00:00Z,1.5859,16.008
2025-12-08T12:10:00Z,1.5929,16.003
2025-12-08T12:20:00Z,1.5907,16.051
2025-12-08T12:30:00Z,1.5869,16.068
2025-12-08T12:40:00Z,1.5825,16.051
2025-12-08T12:50:00Z,1.5905,16.059
2025-12-08T13:00:00Z,1.588,16.05
2025-12-08T13:10:00Z,1.592,15.989
2025-12-08T13:20:00Z,1.5877,15.997
2025-12-08T13:30:00Z,1.5854,15.976
2025-12-08T13:40:00Z,1.5869,15.974
2025-12-08T13:50:00Z,1.5862,15.965
2025-12-08T14:00:00Z,1.5871,15.943
2025-12-08T14:10:00Z,1.5963,15.933
2025-12-08T14:20:00Z,1.5923,15.924
2025-12-08T14:30:00Z,1.5847,15.936
2025-12-08T14:40:00Z,1.5949,15.921
2025-12-08T14:50:00Z,1.5838,15.917
2025-12-08T15:00:00Z,1.5842,15.901
2025-12-08T15:10:00Z,1.5878,15.899
2025-12-08T15:20:00Z,1.5912,15.863
2025-12-08T15:30:00Z,1.5884,15.848
2025-12-08T15:40:00Z,1.5869,15.84
2025-12-08T15:50:00Z,1.5927,15.822
2025-12-08T16:00:00Z,1.5914,15.811
2025-12-08T16:10:00Z,1.5967,15.786
2025-12-08T16:20:00Z,1.598,15.82
2025-12-08T16:30:00Z,1.5953,15.941
2025-12-08T16:40:00Z,1.6005,15.867
2025-12-08T16:50:00Z,1.5983,15.886
2025-12-08T17:00:00Z,1.5953,15.923
2025-12-08T17:10:00Z,1.6059,15.942
2025-12-08T17:20:00Z,1.5871,15.981
2025-12-08T17:30:00Z,1.5943,16.061
2025-12-08T17:40:00Z,1.5966,16.141
2025-12-08T17:50:00Z,1.5906,16.201
2025-12-08T18:00:00Z,1.5927,16.333
2025-12-08T18:10:00Z,1.5922,16.517
2025-12-08T18:20:00Z,1.5874,16.614
2025-12-08T18:30:00Z,1.5902,16.645
2025-12-08T18:40:00Z,1.5811,16.79
2025-12-08T18:50:00Z,1.5883,16.911
2025-12-08T19:00:00Z,1.5925,17.054
2025-12-08T19:10:00Z,1.5819,17.182
2025-12-08T19:20:00Z,1.5889,17.267
2025-12-08T19:30:00Z,1.5964,17.383
2025-12-08T19:40:00Z,1.5871,17.519
2025-12-08T19:50:00Z,1.6015,17.588
2025-12-08T20:00:00Z,1.5982,17.487
2025-12-08T20:10:00Z,1.5851,17.592
2025-12-08T20:20:00Z,1.5917,17.746
2025-12-08T20:30:00Z,1.5988,17.837
2025-12-08T20:40:00Z,1.5906,18.047
2025-12-08T20:50:00Z,1.5949,18.171
2025-12-08T21:00:00Z,1.6031,18.28
2025-12-08T21:10:00Z,1.5914,18.272
2025-12-08T21:20:00Z,1.6036,18.43
2025-12-08T21:30:00Z,1.5967,18.528
2025-12-08T21:40:00Z,1.5946,18.424
2025-12-08T21:50:00Z,1.5976,18.385
2025-12-08T22:00:00Z,1.5961,18.359
2025-12-08T22:10:00Z,1.5929,18.452
2025-12-08T22:20:00Z,1.5927,18.631
2025-12-08T22:30:00Z,1.599,18.65
2025-12-08T22:40:00Z,1.5963,18.492
2025-12-08T22:50:00Z,1.5954,18.288
2025-12-08T23:00:00Z,1.5995,18.356
2025-12-08T23:10:00Z,1.5984,18.294
2025-12-08T23:20:00Z,1.5986,18.249
2025-12-08T23:30:00Z,1.6011,18.229
2025-12-08T23:40:00Z,1.6042,18.214
2025-12-08T23:50:00Z,1.6003,18.216
2025-12-09T00:00:00Z,1.5999,18.22
2025-12-09T00:10:00Z,1.5954,18.285
2025-12-09T00:20:00Z,1.5973,18.21
2025-12-09T00:30:00Z,1.5915,18.161
2025-12-09T00:40:00Z,1.5924,18.053
2025-12-09T00:50:00Z,1.5891,18.004
2025-12-09T01:00:00Z,1.5879,17.96
2025-12-09T01:10:00Z,1.5867,17.924
2025-12-09T01:20:00Z,1.5965,17.876
2025-12-09T01:30:00Z,1.5922,17.864
2025-12-09T01:40:00Z,1.5857,17.851
2025-12-09T01:50:00Z,1.5993,17.823
2025-12-09T02:00:00Z,1.5926,17.795
2025-12-09T02:10:00Z,1.592,17.771
2025-12-09T02:20:00Z,1.5972,17.756
2025-12-09T02:30:00Z,1.5938,17.74
2025-12-09T02:40:00Z,1.5902,17.752
2025-12-09T02:50:00Z,1.5932,17.735
2025-12-09T03:00:00Z,1.5952,17.718
2025-12-09T03:10:00Z,1.6016,17.698
2025-12-09T03:20:00Z,1.5949,17.673
2025-12-09T03:30:00Z,1.5994,17.647
2025-12-09T03:40:00Z,1.5972,17.591
2025-12-09T03:50:00Z,1.5934,17.577
2025-12-09T04:00:00Z,1.5947,17.516
2025-12-09T04:10:00Z,1.5943,17.49
2025-12-09T04:20:00Z,1.5925,17.465
2025-12-09T04:30:00Z,1.5925,17.442
2025-12-09T04:40:00Z,1.5964,17.405
2025-12-09T04:50:00Z,1.5924,17.361
2025-12-09T05:00:00Z,1.596,17.316
2025-12-09T05:10:00Z,1.5912,17.29
2025-12-09T05:20:00Z,1.599,17.262
2025-12-09T05:30:00Z,1.5925,17.224
2025-12-09T05:40:00Z,1.59,17.167
2025-12-09T05:50:00Z,1.593,17.149
2025-12-09T06:00:00Z,1.5924,17.16
2025-12-09T06:10:00Z,1.5928,17.108
2025-12-09T06:20:00Z,1.5937,17.091
2025-12-09T06:30:00Z,1.5911,17.058
2025-12-09T06:40:00Z,1.592,17.032
2025-12-09T06:50:00Z,1.5893,17.03
2025-12-09T07:00:00Z,1.595,17.037
2025-12-09T07:10:00Z,1.5937,16.989
2025-12-09T07:20:00Z,1.5916,16.977
2025-12-09T07:30:00Z,1.593,16.964
2025-12-09T07:40:00Z,1.5952,16.952
2025-12-09T07:50:00Z,1.5937,16.927
2025-12-09T08:00:00Z,1.5952,16.922
2025-12-09T08:10:00Z,1.5906,16.9
2025-12-09T08:20:00Z,1.5907,16.858
2025-12-09T08:30:00Z,1.598,16.835
2025-12-09T08:40:00Z,1.5901,16.837
2025-12-09T08:50:00Z,1.5953,16.834
2025-12-09T09:00:00Z,1.594,16.806
2025-12-09T09:10:00Z,1.5928,16.796
2025-12-09T09:20:00Z,1.5931,16.762
2025-12-09T09:30:00Z,1.5936,16.728
2025-12-09T09:40:00Z,1.5898,16.72
2025-12-09T09:50:00Z,1.5901,16.716
2025-12-09T10:00:00Z,1.5911,16.69
2025-12-09T10:10:00Z,1.585,16.667
2025-12-09T10:20:00Z,1.5908,16.668
2025-12-09T10:30:00Z,1.5935,16.675
2025-12-09T10:40:00Z,1.5888,16.657
2025-12-09T10:50:00Z,1.5914,16.65
2025-12-09T11:00:00Z,1.5932,16.616
2025-12-09T11:10:00Z,1.5891,16.589
2025-12-09T11:20:00Z,1.591,16.578
2025-12-09T11:30:00Z,1.5941,16.539
2025-12-09T11:40:00Z,1.591,16.518
2025-12-09T11:50:00Z,1.592,16.489
2025-12-09T12:00:00Z,1.5958,16.44
2025-12-09T12:10:00Z,1.5956,16.37
2025-12-09T12:20:00Z,1.5915,16.345
2025-12-09T12:30:00Z,1.5943,16.296
2025-12-09T12:40:00Z,1.5909,16.261
2025-12-09T12:50:00Z,1.593,16.245
2025-12-09T13:00:00Z,1.5914,16.233
2025-12-09T13:10:00Z,1.5937,16.229
2025-12-09T13:20:00Z,1.5898,16.199
2025-12-09T13:30:00Z,1.5911,16.198
2025-12-09T13:40:00Z,1.5965,16.166
2025-12-09T13:50:00Z,1.5947,16.149
2025-12-09T14:00:00Z,1.5909,16.117
2025-12-09T14:10:00Z,1.5953,16.104
2025-12-09T14:20:00Z,1.5932,16.074
2025-12-09T14:30:00Z,1.5919,16.048
2025-12-09T14:40:00Z,1.5946,16.043
2025-12-09T14:50:00Z,1.5912,16.043
2025-12-09T15:00:00Z,1.5919,16.146
2025-12-09T15:10:00Z,1.5906,15.981
2025-12-09T15:20:00Z,1.5953,15.96
2025-12-09T15:30:00Z,1.5961,16.009
2025-12-09T15:40:00Z,1.5972,16.032
2025-12-09T15:50:00Z,1.6004,16.004
2025-12-09T16:00:00Z,1.6002,15.991
2025-12-09T16:10:00Z,1.5944,16.047
2025-12-09T16:20:00Z,1.6051,16.083
2025-12-09T16:30:00Z,1.6004,16.13
2025-12-09T16:40:00Z,1.6019,16.137
2025-12-09T16:50:00Z,1.6093,16.138
2025-12-09T17:00:00Z,1.5953,16.144
2025-12-09T17:10:00Z,1.604,16.188
2025-12-09T17:20:00Z,1.5956,16.186
2025-12-09T17:30:00Z,1.5964,16.232
2025-12-09T17:40:00Z,1.5954,16.318
2025-12-09T17:50:00Z,1.5949,16.384
2025-12-09T18:00:00Z,1.596,16.483
2025-12-09T18:10:00Z,1.5889,16.598
2025-12-09T18:20:00Z,1.592,16.722
2025-12-09T18:30:00Z,1.5951,16.809
2025-12-09T18:40:00Z,1.5891,16.913
2025-12-09T18:50:00Z,1.5903,17.019
2025-12-09T19:00:00Z,1.5957,17.124
2025-12-09T19:10:00Z,1.584,17.293
2025-12-09T19:20:00Z,1.5868,17.395
2025-12-09T19:30:00Z,1.5932,17.479
2025-12-09T19:40:00Z,1.5786,17.535
2025-12-09T19:50:00Z,1.5883,17.555
2025-12-09T20:00:00Z,1.5945,17.666
2025-12-09T20:10:00Z,1.5846,17.786
2025-12-09T20:20:00Z,1.5887,17.884
2025-12-09T20:30:00Z,1.5936,17.957
2025-12-09T20:40:00Z,1.581,18.092
2025-12-09T20:50:00Z,1.5961,18.099
2025-12-09T21:00:00Z,1.5968,18.137
2025-12-09T21:10:00Z,1.5883,18.157
2025-12-09T21:20:00Z,1.5938,18.252
2025-12-09T21:30:00Z,1.5968,18.327
2025-12-09T21:40:00Z,1.5958,18.338
2025-12-09T21:50:00Z,1.6001,18.368
2025-12-09T22:00:00Z,1.5997,18.427
2025-12-09T22:10:00Z,1.5951,18.466
2025-12-09T22:20:00Z,1.5948,18.453
2025-12-09T22:30:00Z,1.5999,18.038
2025-12-09T22:40:00Z,1.5996,18.213
2025-12-09T22:50:00Z,1.5948,18.292
2025-12-09T23:00:00Z,1.5982,18.454
2025-12-09T23:10:00Z,1.5948,18.729
2025-12-09T23:20:00Z,1.6017,18.832
2025-12-09T23:30:00Z,1.5997,18.86
2025-12-09T23:40:00Z,1.6042,18.81
2025-12-09T23:50:00Z,1.6015,18.75
2025-12-10T00:00:00Z,1.5929,18.669
2025-12-10T00:10:00Z,1.5953,18.639
2025-12-10T00:20:00Z,1.5925,18.545
2025-12-10T00:30:00Z,1.5884,18.433
2025-12-10T00:40:00Z,1.59,18.322
2025-12-10T00:50:00Z,1.5792,18.218
2025-12-10T01:00:00Z,1.5879,18.135
2025-12-10T01:10:00Z,1.5888,18.117
2025-12-10T01:20:00Z,1.5927,18.112
2025-12-10T01:30:00Z,1.5894,18.142
2025-12-10T01:40:00Z,1.5897,18.119
2025-12-10T01:50:00Z,1.5915,18.088
2025-12-10T02:00:00Z,1.5912,18.025
2025-12-10T02:10:00Z,1.5974,18.001
2025-12-10T02:20:00Z,1.5855,17.943
2025-12-10T02:30:00Z,1.5883,17.876
2025-12-10T02:40:00Z,1.5864,17.828
2025-12-10T02:50:00Z,1.5837,17.756
2025-12-10T03:00:00Z,1.585,17.679
2025-12-10T03:10:00Z,1.5879,17.634
2025-12-10T03:20:00Z,1.5863,17.67
2025-12-10T03:30:00Z,1.5854,17.654
2025-12-10T03:40:00Z,1.5905,17.558
2025-12-10T03:50:00Z,1.5912,17.528
2025-12-10T04:00:00Z,1.5866,17.485
2025-12-10T04:10:00Z,1.5875,17.4
2025-12-10T04:20:00Z,1.5852,17.315
2025-12-10T04:30:00Z,1.5855,17.276
2025-12-10T04:40:00Z,1.5856,17.24
2025-12-10T04:50:00Z,1.5887,17.22
2025-12-10T05:00:00Z,1.5861,17.175
2025-12-10T05:10:00Z,1.5872,17.143
2025-12-10T05:20:00Z,1.5872,17.109
2025-12-10T05:30:00Z,1.5876,17.055
2025-12-10T05:40:00Z,1.5849,17.003
2025-12-10T05:50:00Z,1.587,16.962
2025-12-10T06:00:00Z,1.5826,16.933
2025-12-10T06:10:00Z,1.5853,16.918
2025-12-10T06:20:00Z,1.578,16.897
2025-12-10T06:30:00Z,1.5814,16.887
2025-12-10T06:40:00Z,1.5871,16.856
2025-12-10T06:50:00Z,1.5815,16.843
2025-12-10T07:00:00Z,1.5775,16.827
2025-12-10T07:10:00Z,1.5832,16.805
2025-12-10T07:20:00Z,1.581,16.802
2025-12-10T07:30:00Z,1.5764,16.774
2025-12-10T07:40:00Z,1.5782,16.749
2025-12-10T07:50:00Z,1.577,16.73
2025-12-10T08:00:00Z,1.5809,16.698
2025-12-10T08:10:00Z,1.5771,16.656
2025-12-10T08:20:00Z,1.5799,16.636
2025-12-10T08:30:00Z,1.5799,16.593
2025-12-10T08:40:00Z,1.5762,16.577
2025-12-10T08:50:00Z,1.5765,16.584
2025-12-10T09:00:00Z,1.5814,16.512
2025-12-10T09:10:00Z,1.5768,16.523
2025-12-10T09:20:00Z,1.5833,16.482
2025-12-10T09:30:00Z,1.5804,16.464
2025-12-10T09:40:00Z,1.585,16.463
2025-12-10T09:50:00Z,1.588,16.447
2025-12-10T10:00:00Z,1.5816,16.412
2025-12-10T10:10:00Z,1.5809,16.395
2025-12-10T10:20:00Z,1.5784,16.393
2025-12-10T10:30:00Z,1.5799,16.385
2025-12-10T10:40:00Z,1.5787,16.346
2025-12-10T10:50:00Z,1.5771,16.351
2025-12-10T11:00:00Z,1.5754,16.319
2025-12-10T11:10:00Z,1.574,16.341
2025-12-10T11:20:00Z,1.5756,16.307
2025-12-10T11:30:00Z,1.5774,16.293
2025-12-10T11:40:00Z,1.5747,16.236
2025-12-10T11:50:00Z,1.576,16.231
2025-12-10T12:00:00Z,1.5767,16.197
2025-12-10T12:10:00Z,1.5759,16.198
2025-12-10T12:20:00Z,1.5782,16.197
2025-12-10T12:30:00Z,1.5778,16.165
2025-12-10T12:40:00Z,1.5757,16.152
2025-12-10T12:50:00Z,1.5765,16.161
2025-12-10T13:00:00Z,1.5791,16.133
2025-12-10T13:10:00Z,1.5818,16.106
2025-12-10T13:20:00Z,1.5831,16.068
2025-12-10T13:30:00Z,1.576,16.031
2025-12-10T13:40:00Z,1.5839,16
2025-12-10T13:50:00Z,1.5778,15.985
2025-12-10T14:00:00Z,1.5759,15.959
2025-12-10T14:10:00Z,1.5767,15.95
2025-12-10T14:20:00Z,1.5751,15.934
2025-12-10T14:30:00Z,1.5742,15.951
2025-12-10T14:40:00Z,1.577,15.975
2025-12-10T14:50:00Z,1.5774,15.956
2025-12-10T15:00:00Z,1.5723,15.971
2025-12-10T15:10:00Z,1.5728,16.009
2025-12-10T15:20:00Z,1.5743,15.971
2025-12-10T15:30:00Z,1.5777,15.778
2025-12-10T15:40:00Z,1.5738,15.787
2025-12-10T15:50:00Z,1.579,15.754
2025-12-10T16:00:00Z,1.5824,15.816
2025-12-10T16:10:00Z,1.5866,16.013
2025-12-10T16:20:00Z,1.5874,16.047
2025-12-10T16:30:00Z,1.5865,15.92
2025-12-10T16:40:00Z,1.5916,15.959
2025-12-10T16:50:00Z,1.5861,16.017
2025-12-10T17:00:00Z,1.5817,16.116
2025-12-10T17:10:00Z,1.5857,16.146
2025-12-10T17:20:00Z,1.5821,16.182
2025-12-10T17:30:00Z,1.5767,16.191
2025-12-10T17:40:00Z,1.5802,16.358
2025-12-10T17:50:00Z,1.5757,16.371
2025-12-10T18:00:00Z,1.5759,16.698
2025-12-10T18:10:00Z,1.5734,16.678
2025-12-10T18:20:00Z,1.5724,16.646
2025-12-10T18:30:00Z,1.5686,16.687
2025-12-10T18:40:00Z,1.5585,16.806
2025-12-10T18:50:00Z,1.5705,16.879
2025-12-10T19:00:00Z,1.5713,16.951
2025-12-10T19:10:00Z,1.5564,17.043
2025-12-10T19:20:00Z,1.5747,17.132
2025-12-10T19:30:00Z,1.574,17.228
2025-12-10T19:40:00Z,1.5598,17.311
2025-12-10T19:50:00Z,1.5669,17.364
2025-12-10T20:00:00Z,1.576,17.472
2025-12-10T20:10:00Z,1.5679,17.734
2025-12-10T20:20:00Z,1.5763,17.837
2025-12-10T20:30:00Z,1.5801,18.02
2025-12-10T20:40:00Z,1.5745,18.183
2025-12-10T20:50:00Z,1.578,18.279
2025-12-10T21:00:00Z,1.5822,18.389
2025-12-10T21:10:00Z,1.58,18.466
2025-12-10T21:20:00Z,1.5795,18.552
2025-12-10T21:30:00Z,1.5789,18.707
2025-12-10T21:40:00Z,1.5675,18.692
2025-12-10T21:50:00Z,1.5776,18.704
2025-12-10T22:00:00Z,1.5788,18.803
2025-12-10T22:10:00Z,1.577,18.906
2025-12-10T22:20:00Z,1.581,18.93
2025-12-10T22:30:00Z,1.5763,18.922
2025-12-10T22:40:00Z,1.5784,18.991
2025-12-10T22:50:00Z,1.5782,18.933
2025-12-10T23:00:00Z,1.5778,18.814
2025-12-10T23:10:00Z,1.5803,18.793
2025-12-10T23:20:00Z,1.5789,18.884
2025-12-10T23:30:00Z,1.581,18.901
2025-12-10T23:40:00Z,1.5823,18.884
2025-12-10T23:50:00Z,1.5828,18.885
2025-12-11T00:00:00Z,1.5791,18.847
2025-12-11T00:10:00Z,1.5792,18.82
2025-12-11T00:20:00Z,1.5844,18.761
2025-12-11T00:30:00Z,1.5735,18.634
2025-12-11T00:40:00Z,1.5749,18.588
2025-12-11T00:50:00Z,1.5712,18.538
2025-12-11T01:00:00Z,1.569,18.51
2025-12-11T01:10:00Z,1.5702,18.466
2025-12-11T01:20:00Z,1.5691,18.432
2025-12-11T01:30:00Z,1.5696,18.518
2025-12-11T01:40:00Z,1.574,18.473
2025-12-11T01:50:00Z,1.5733,18.388
2025-12-11T02:00:00Z,1.5709,18.322
2025-12-11T02:10:00Z,1.5761,18.23
2025-12-11T02:20:00Z,1.5712,18.169
2025-12-11T02:30:00Z,1.5703,18.106
2025-12-11T02:40:00Z,1.5724,18.037
2025-12-11T02:50:00Z,1.5723,18.02
2025-12-11T03:00:00Z,1.5689,17.985
2025-12-11T03:10:00Z,1.5693,17.961
2025-12-11T03:20:00Z,1.573,17.887
2025-12-11T03:30:00Z,1.5704,17.864
2025-12-11T03:40:00Z,1.5707,17.818
2025-12-11T03:50:00Z,1.5716,17.77
2025-12-11T04:00:00Z,1.5694,17.753
2025-12-11T04:10:00Z,1.5691,17.704
2025-12-11T04:20:00Z,1.5687,17.696
2025-12-11T04:30:00Z,1.5688,17.682
2025-12-11T04:40:00Z,1.5706,17.683
2025-12-11T04:50:00Z,1.567,17.596
2025-12-11T05:00:00Z,1.5662,17.55
2025-12-11T05:10:00Z,1.5616,17.532
2025-12-11T05:20:00Z,1.5639,17.495
2025-12-11T05:30:00Z,1.5646,17.418
2025-12-11T05:40:00Z,1.5673,17.386
2025-12-11T05:50:00Z,1.57,17.383
2025-12-11T06:00:00Z,1.5639,17.317
2025-12-11T06:10:00Z,1.5645,17.27
2025-12-11T06:20:00Z,1.5631,17.241
2025-12-11T06:30:00Z,1.5668,17.207
2025-12-11T06:40:00Z,1.5677,17.154
2025-12-11T06:50:00Z,1.5656,17.158
2025-12-11T07:00:00Z,1.5656,17.137
2025-12-11T07:10:00Z,1.5589,17.12
2025-12-11T07:20:00Z,1.5607,17.106
2025-12-11T07:30:00Z,1.5669,17.061
2025-12-11T07:40:00Z,1.5672,17.033
2025-12-11T07:50:00Z,1.5623,17.018
2025-12-11T08:00:00Z,1.564,17.001
2025-12-11T08:10:00Z,1.5635,16.959
2025-12-11T08:20:00Z,1.5678,16.92
2025-12-11T08:30:00Z,1.5639,16.888
2025-12-11T08:40:00Z,1.561,16.856
2025-12-11T08:50:00Z,1.5589,16.824
2025-12-11T09:00:00Z,1.566,16.783
2025-12-11T09:10:00Z,1.5604,16.728
2025-12-11T09:20:00Z,1.5655,16.71
2025-12-11T09:30:00Z,1.5617,16.693
2025-12-11T09:40:00Z,1.5591,16.687
2025-12-11T09:50:00Z,1.5611,16.692
2025-12-11T10:00:00Z,1.5607,16.686
2025-12-11T10:10:00Z,1.5613,16.705
2025-12-11T10:20:00Z,1.5614,16.707
2025-12-11T10:30:00Z,1.5622,16.672
2025-12-11T10:40:00Z,1.5629,16.677
2025-12-11T10:50:00Z,1.5655,16.669
2025-12-11T11:00:00Z,1.5634,16.659
2025-12-11T11:10:00Z,1.5643,16.641
2025-12-11T11:20:00Z,1.5633,16.625
2025-12-11T11:30:00Z,1.5663,16.587
2025-12-11T11:40:00Z,1.5667,16.571
2025-12-11T11:50:00Z,1.5636,16.515
2025-12-11T12:00:00Z,1.5626,16.471
2025-12-11T12:10:00Z,1.5656,16.458
2025-12-11T12:20:00Z,1.5624,16.442
2025-12-11T12:30:00Z,1.5622,16.395
2025-12-11T12:40:00Z,1.5633,16.387
2025-12-11T12:50:00Z,1.56,16.329
2025-12-11T13:00:00Z,1.5603,16.284
2025-12-11T13:10:00Z,1.5578,16.282
2025-12-11T13:20:00Z,1.5643,16.265
2025-12-11T13:30:00Z,1.5601,16.256
2025-12-11T13:40:00Z,1.5658,16.278
2025-12-11T13:50:00Z,1.5644,16.239
2025-12-11T14:00:00Z,1.5595,16.236
2025-12-11T14:10:00Z,1.5597,16.251
2025-12-11T14:20:00Z,1.563,16.239
2025-12-11T14:30:00Z,1.5603,16.218
2025-12-11T14:40:00Z,1.5632,16.226
2025-12-11T14:50:00Z,1.5593,16.199
2025-12-11T15:00:00Z,1.5605,16.211
2025-12-11T15:10:00Z,1.57,16.11
2025-12-11T15:20:00Z,1.5581,16.181
2025-12-11T15:30:00Z,1.5595,16.263
2025-12-11T15:40:00Z,1.5551,16.168
2025-12-11T15:50:00Z,1.5681,16.164
2025-12-11T16:00:00Z,1.5691,16.116
2025-12-11T16:10:00Z,1.5686,16.122
2025-12-11T16:20:00Z,1.5749,16.104
2025-12-11T16:30:00Z,1.5706,16.158
2025-12-11T16:40:00Z,1.5791,16.089
2025-12-11T16:50:00Z,1.5707,16.173
2025-12-11T17:00:00Z,1.5636,16.218
2025-12-11T17:10:00Z,1.5618,16.262
2025-12-11T17:20:00Z,1.5688,16.343
2025-12-11T17:30:00Z,1.5616,16.334
2025-12-11T17:40:00Z,1.5639,16.407
2025-12-11T17:50:00Z,1.5513,16.504
2025-12-11T18:00:00Z,1.5617,16.576
2025-12-11T18:10:00Z,1.561,16.674
2025-12-11T18:20:00Z,1.5605,16.718
2025-12-11T18:30:00Z,1.5604,16.775
2025-12-11T18:40:00Z,1.5535,17.034
2025-12-11T18:50:00Z,1.5529,17.063
2025-12-11T19:00:00Z,1.5602,17.143
2025-12-11T19:10:00Z,1.5467,17.234
2025-12-11T19:20:00Z,1.5561,17.299
2025-12-11T19:30:00Z,1.5616,17.426
2025-12-11T19:40:00Z,1.555,17.51
2025-12-11T19:50:00Z,1.5583,17.587
2025-12-11T20:00:00Z,1.5627,17.757
2025-12-11T20:10:00Z,1.5503,17.91
2025-12-11T20:20:00Z,1.5568,18.024
2025-12-11T20:30:00Z,1.5637,18.056
2025-12-11T20:40:00Z,1.5558,18.11
2025-12-11T20:50:00Z,1.5614,18.171
2025-12-11T21:00:00Z,1.5658,18.214
2025-12-11T21:10:00Z,1.564,18.271
2025-12-11T21:20:00Z,1.5636,18.352
2025-12-11T21:30:00Z,1.5648,18.41
2025-12-11T21:40:00Z,1.5573,18.581
2025-12-11T21:50:00Z,1.5654,18.647
2025-12-11T22:00:00Z,1.5673,18.594
2025-12-11T22:10:00Z,1.5686,18.535
2025-12-11T22:20:00Z,1.5659,18.605
2025-12-11T22:30:00Z,1.5638,18.469
2025-12-11T22:40:00Z,1.5592,18.582
2025-12-11T22:50:00Z,1.5658,18.647
2025-12-11T23:00:00Z,1.5697,18.837
2025-12-11T23:10:00Z,1.5724,19.012
2025-12-11T23:20:00Z,1.5668,19.038
2025-12-11T23:30:00Z,1.5694,19.038
2025-12-11T23:40:00Z,1.5705,19.003
2025-12-11T23:50:00Z,1.5656,18.948
2025-12-12T00:00:00Z,1.5637,18.84
2025-12-12T00:10:00Z,1.5651,18.759
2025-12-12T00:20:00Z,1.5648,18.735
2025-12-12T00:30:00Z,1.5597,18.686
2025-12-12T00:40:00Z,1.5641,18.646
2025-12-12T00:50:00Z,1.5537,18.634
2025-12-12T01:00:00Z,1.555,18.568
2025-12-12T01:10:00Z,1.5537,18.512
2025-12-12T01:20:00Z,1.5582,18.458
2025-12-12T01:30:00Z,1.5586,18.489
2025-12-12T01:40:00Z,1.559,18.515
2025-12-12T01:50:00Z,1.5616,18.511
2025-12-12T02:00:00Z,1.5583,18.475
2025-12-12T02:10:00Z,1.5596,18.407
2025-12-12T02:20:00Z,1.5611,18.329
2025-12-12T02:30:00Z,1.5585,18.268
2025-12-12T02:40:00Z,1.5623,18.241
2025-12-12T02:50:00Z,1.5594,18.196
2025-12-12T03:00:00Z,1.5573,18.135
2025-12-12T03:10:00Z,1.5599,18.13
2025-12-12T03:20:00Z,1.5592,18.096
2025-12-12T03:30:00Z,1.5559,18.037
2025-12-12T03:40:00Z,1.5667,18.013
2025-12-12T03:50:00Z,1.5589,17.96
2025-12-12T04:00:00Z,1.5557,17.885
2025-12-12T04:10:00Z,1.5613,17.87
2025-12-12T04:20:00Z,1.5566,17.808
2025-12-12T04:30:00Z,1.5559,17.762
2025-12-12T04:40:00Z,1.5567,17.711
2025-12-12T04:50:00Z,1.5557,17.723
2025-12-12T05:00:00Z,1.5549,17.696
2025-12-12T05:10:00Z,1.5557,17.598
2025-12-12T05:20:00Z,1.5571,17.607
2025-12-12T05:30:00Z,1.5544,17.535
2025-12-12T05:40:00Z,1.557,17.515
2025-12-12T05:50:00Z,1.5521,17.491
2025-12-12T06:00:00Z,1.5538,17.45
2025-12-12T06:10:00Z,1.5529,17.413
2025-12-12T06:20:00Z,1.5526,17.409
2025-12-12T06:30:00Z,1.5547,17.42
2025-12-12T06:40:00Z,1.5526,17.392
2025-12-12T06:50:00Z,1.5562,17.368
2025-12-12T07:00:00Z,1.5544,17.296
2025-12-12T07:10:00Z,1.5525,17.313
2025-12-12T07:20:00Z,1.554,17.291
2025-12-12T07:30:00Z,1.5533,17.262
2025-12-12T07:40:00Z,1.5503,17.235
2025-12-12T07:50:00Z,1.5552,17.212
2025-12-12T08:00:00Z,1.5523,17.162
2025-12-12T08:10:00Z,1.5549,17.132
2025-12-12T08:20:00Z,1.5552,17.074
2025-12-12T08:30:00Z,1.5537,17.005
2025-12-12T08:40:00Z,1.558,16.974
2025-12-12T08:50:00Z,1.5516,16.944
2025-12-12T09:00:00Z,1.5516,16.932
2025-12-12T09:10:00Z,1.5487,16.904
2025-12-12T09:20:00Z,1.5523,16.875
2025-12-12T09:30:00Z,1.5528,16.824
2025-12-12T09:40:00Z,1.5524,16.798
2025-12-12T09:50:00Z,1.5532,16.778
2025-12-12T10:00:00Z,1.5525,16.755
2025-12-12T10:10:00Z,1.5603,16.694
2025-12-12T10:20:00Z,1.5556,16.666
2025-12-12T10:30:00Z,1.5521,16.598
2025-12-12T10:40:00Z,1.5523,16.599
2025-12-12T10:50:00Z,1.55,16.583
2025-12-12T11:00:00Z,1.553,16.57
2025-12-12T11:10:00Z,1.5568,16.559
2025-12-12T11:20:00Z,1.5525,16.519
2025-12-12T11:30:00Z,1.5495,16.528
2025-12-12T11:40:00Z,1.551,16.47
2025-12-12T11:50:00Z,1.5491,16.485
2025-12-12T12:00:00Z,1.5516,16.458
2025-12-12T12:10:00Z,1.5509,16.469
2025-12-12T12:20:00Z,1.5528,16.439
2025-12-12T12:30:00Z,1.5496,16.44
2025-12-12T12:40:00Z,1.5479,16.438
2025-12-12T12:50:00Z,1.5504,16.463
2025-12-12T13:00:00Z,1.5518,16.475
2025-12-12T13:10:00Z,1.5515,16.48
2025-12-12T13:20:00Z,1.5559,16.45
2025-12-12T13:30:00Z,1.5501,16.386
2025-12-12T13:40:00Z,1.5576,16.344
2025-12-12T13:50:00Z,1.5523,16.327
2025-12-12T14:00:00Z,1.5489,16.315
2025-12-12T14:10:00Z,1.5542,16.325
2025-12-12T14:20:00Z,1.5546,16.37
2025-12-12T14:30:00Z,1.5493,16.371
2025-12-12T14:40:00Z,1.5503,16.359
2025-12-12T14:50:00Z,1.5509,16.366
2025-12-12T15:00:00Z,1.5509,16.454
2025-12-12T15:10:00Z,1.551,16.495
2025-12-12T15:20:00Z,1.5549,16.434
2025-12-12T15:30:00Z,1.5513,16.37
2025-12-12T15:40:00Z,1.5567,16.345
2025-12-12T15:50:00Z,1.5529,16.352
2025-12-12T16:00:00Z,1.5551,16.384
2025-12-12T16:10:00Z,1.5647,16.408
2025-12-12T16:20:00Z,1.554,16.431
2025-12-12T16:30:00Z,1.5529,16.561
2025-12-12T16:40:00Z,1.5639,16.495
2025-12-12T16:50:00Z,1.5535,16.508
2025-12-12T17:00:00Z,1.5518,16.596
2025-12-12T17:10:00Z,1.5573,16.624
2025-12-12T17:20:00Z,1.5523,16.677
2025-12-12T17:30:00Z,1.5536,16.712
2025-12-12T17:40:00Z,1.5503,16.756
2025-12-12T17:50:00Z,1.562,16.814
2025-12-12T18:00:00Z,1.5577,16.845
2025-12-12T18:10:00Z,1.5556,16.947
2025-12-12T18:20:00Z,1.5539,17.063
2025-12-12T18:30:00Z,1.552,17.123
2025-12-12T18:40:00Z,1.5433,17.165
2025-12-12T18:50:00Z,1.5496,17.2
2025-12-12T19:00:00Z,1.552,17.226
2025-12-12T19:10:00Z,1.5396,17.282
2025-12-12T19:20:00Z,1.5478,17.352
2025-12-12T19:30:00Z,1.553,17.399
2025-12-12T19:40:00Z,1.5448,17.499
2025-12-12T19:50:00Z,1.5444,17.649
2025-12-12T20:00:00Z,1.5503,17.674
2025-12-12T20:10:00Z,1.5423,17.735
2025-12-12T20:20:00Z,1.5464,17.795
2025-12-12T20:30:00Z,1.5488,17.902
2025-12-12T20:40:00Z,1.5432,17.968
2025-12-12T20:50:00Z,1.5458,17.977
2025-12-12T21:00:00Z,1.5538,18
2025-12-12T21:10:00Z,1.5491,18.066
2025-12-12T21:20:00Z,1.5504,18.139
2025-12-12T21:30:00Z,1.5578,18.214
2025-12-12T21:40:00Z,1.5543,18.251
2025-12-12T21:50:00Z,1.5563,18.295
2025-12-12T22:00:00Z,1.5534,18.296
2025-12-12T22:10:00Z,1.5508,18.232
2025-12-12T22:20:00Z,1.5512,18.256
2025-12-12T22:30:00Z,1.5546,18.184
2025-12-12T22:40:00Z,1.5556,18.153
2025-12-12T22:50:00Z,1.5561,18.146
2025-12-12T23:00:00Z,1.5533,18.165
2025-12-12T23:10:00Z,1.5681,18.181
2025-12-12T23:20:00Z,1.556,18.075
2025-12-12T23:30:00Z,1.5526,18.288
2025-12-12T23:40:00Z,1.5485,18.24
2025-12-12T23:50:00Z,1.553,18.273
2025-12-13T00:00:00Z,1.554,18.307
2025-12-13T00:10:00Z,1.5562,18.295
2025-12-13T00:20:00Z,1.5586,18.171
2025-12-13T00:30:00Z,1.5555,18.166
2025-12-13T00:40:00Z,1.5589,18.094
2025-12-13T00:50:00Z,1.5561,17.987
2025-12-13T01:00:00Z,1.5559,17.964
2025-12-13T01:10:00Z,1.5549,17.945
2025-12-13T01:20:00Z,1.5578,17.963
2025-12-13T01:30:00Z,1.5538,17.962
2025-12-13T01:40:00Z,1.5577,17.969
2025-12-13T01:50:00Z,1.5568,17.968
2025-12-13T02:00:00Z,1.553,17.98
2025-12-13T02:10:00Z,1.5563,17.985
2025-12-13T02:20:00Z,1.5537,17.956
2025-12-13T02:30:00Z,1.5505,17.918
2025-12-13T02:40:00Z,1.5566,17.898
2025-12-13T02:50:00Z,1.5517,17.884
2025-12-13T03:00:00Z,1.5495,17.861
2025-12-13T03:10:00Z,1.5589,17.853
2025-12-13T03:20:00Z,1.5506,17.81
2025-12-13T03:30:00Z,1.5492,17.776
2025-12-13T03:40:00Z,1.5508,17.764
2025-12-13T03:50:00Z,1.5514,17.707
2025-12-13T04:00:00Z,1.5498,17.676
2025-12-13T04:10:00Z,1.5508,17.679
2025-12-13T04:20:00Z,1.5525,17.663
2025-12-13T04:30:00Z,1.552,17.674
2025-12-13T04:40:00Z,1.5547,17.651
2025-12-13T04:50:00Z,1.5537,17.675
2025-12-13T05:00:00Z,1.5512,17.631
2025-12-13T05:10:00Z,1.5589,17.598
2025-12-13T05:20:00Z,1.5523,17.6
2025-12-13T05:30:00Z,1.5496,17.608
2025-12-13T05:40:00Z,1.5501,17.572
2025-12-13T05:50:00Z,1.5515,17.549
2025-12-13T06:00:00Z,1.5493,17.519
2025-12-13T06:10:00Z,1.5571,17.493
2025-12-13T06:20:00Z,1.5511,17.466
2025-12-13T06:30:00Z,1.5495,17.469
2025-12-13T06:40:00Z,1.5525,17.462
2025-12-13T06:50:00Z,1.5495,17.442
2025-12-13T07:00:00Z,1.5475,17.387
2025-12-13T07:10:00Z,1.5428,17.363
2025-12-13T07:20:00Z,1.5464,17.365
2025-12-13T07:30:00Z,1.5488,17.376
2025-12-13T07:40:00Z,1.5421,17.358
2025-12-13T07:50:00Z,1.5475,17.347
2025-12-13T08:00:00Z,1.5483,17.336
2025-12-13T08:10:00Z,1.5415,17.326
2025-12-13T08:20:00Z,1.5464,17.314
2025-12-13T08:30:00Z,1.5481,17.279
2025-12-13T08:40:00Z,1.5432,17.278
2025-12-13T08:50:00Z,1.5475,17.257
2025-12-13T09:00:00Z,1.5477,17.254
2025-12-13T09:10:00Z,1.5522,17.229
2025-12-13T09:20:00Z,1.546,17.226
2025-12-13T09:30:00Z,1.5469,17.209
2025-12-13T09:40:00Z,1.5463,17.195
2025-12-13T09:50:00Z,1.5489,17.213
2025-12-13T10:00:00Z,1.548,17.207
2025-12-13T10:10:00Z,1.5511,17.171
2025-12-13T10:20:00Z,1.5486,17.141
2025-12-13T10:30:00Z,1.5476,17.13
2025-12-13T10:40:00Z,1.5486,17.112
2025-12-13T10:50:00Z,1.548,17.103
2025-12-13T11:00:00Z,1.5464,17.089
2025-12-13T11:10:00Z,1.5478,17.101
2025-12-13T11:20:00Z,1.5434,17.119
2025-12-13T11:30:00Z,1.5456,17.099
2025-12-13T11:40:00Z,1.5438,17.088
2025-12-13T11:50:00Z,1.5411,17.088
2025-12-13T12:00:00Z,1.5464,17.058
2025-12-13T12:10:00Z,1.5419,17.068
2025-12-13T12:20:00Z,1.5458,17.05
2025-12-13T12:30:00Z,1.5474,17.005
2025-12-13T12:40:00Z,1.5479,17.007
2025-12-13T12:50:00Z,1.5489,16.992
2025-12-13T13:00:00Z,1.5471,16.992
2025-12-13T13:10:00Z,1.55,16.968
2025-12-13T13:20:00Z,1.5477,16.951
2025-12-13T13:30:00Z,1.5461,16.944
2025-12-13T13:40:00Z,1.5476,16.904
2025-12-13T13:50:00Z,1.5487,16.887
2025-12-13T14:00:00Z,1.5454,16.848
2025-12-13T14:10:00Z,1.5532,16.801
2025-12-13T14:20:00Z,1.5442,16.807
2025-12-13T14:30:00Z,1.5462,16.792
2025-12-13T14:40:00Z,1.5479,16.784
2025-12-13T14:50:00Z,1.5459,16.772
2025-12-13T15:00:00Z,1.5454,16.774
2025-12-13T15:10:00Z,1.5511,16.77
2025-12-13T15:20:00Z,1.5476,16.773
2025-12-13T15:30:00Z,1.5437,16.845
2025-12-13T15:40:00Z,1.5456,16.807
2025-12-13T15:50:00Z,1.549,16.752
2025-12-13T16:00:00Z,1.5442,16.8
2025-12-13T16:10:00Z,1.5476,16.785
2025-12-13T16:20:00Z,1.5483,16.825
2025-12-13T16:30:00Z,1.5457,16.803
2025-12-13T16:40:00Z,1.5567,16.754
2025-12-13T16:50:00Z,1.5497,16.757
2025-12-13T17:00:00Z,1.5452,16.766
2025-12-13T17:10:00Z,1.5449,16.844
2025-12-13T17:20:00Z,1.5473,16.856
2025-12-13T17:30:00Z,1.5454,16.826
2025-12-13T17:40:00Z,1.5486,16.844
2025-12-13T17:50:00Z,1.5453,16.9
2025-12-13T18:00:00Z,1.5446,16.955
2025-12-13T18:10:00Z,1.539,16.999
2025-12-13T18:20:00Z,1.5405,17
2025-12-13T18:30:00Z,1.5436,17.011
2025-12-13T18:40:00Z,1.5365,17.037
2025-12-13T18:50:00Z,1.5411,17.085
2025-12-13T19:00:00Z,1.5448,17.111
2025-12-13T19:10:00Z,1.5365,17.117
2025-12-13T19:20:00Z,1.5422,17.118
2025-12-13T19:30:00Z,1.5458,17.14
2025-12-13T19:40:00Z,1.5343,17.2
2025-12-13T19:50:00Z,1.5433,17.241
2025-12-13T20:00:00Z,1.5483,17.279
2025-12-13T20:10:00Z,1.5409,17.256
2025-12-13T20:20:00Z,1.5431,17.266
2025-12-13T20:30:00Z,1.549,17.289
2025-12-13T20:40:00Z,1.535,17.406
2025-12-13T20:50:00Z,1.5437,17.368
2025-12-13T21:00:00Z,1.5475,17.406
2025-12-13T21:10:00Z,1.5484,17.435
2025-12-13T21:20:00Z,1.5469,17.474
2025-12-13T21:30:00Z,1.5446,17.517
2025-12-13T21:40:00Z,1.5414,17.61
2025-12-13T21:50:00Z,1.5418,17.574
2025-12-13T22:00:00Z,1.5458,17.536
2025-12-13T22:10:00Z,1.5498,17.585
2025-12-13T22:20:00Z,1.5446,17.62
2025-12-13T22:30:00Z,1.5457,17.61
2025-12-13T22:40:00Z,1.5436,17.602
2025-12-13T22:50:00Z,1.5441,17.593
2025-12-13T23:00:00Z,1.5495,17.602
2025-12-13T23:10:00Z,1.5456,17.676
2025-12-13T23:20:00Z,1.5485,17.7
2025-12-13T23:30:00Z,1.5477,17.701
2025-12-13T23:40:00Z,1.5449,17.667
2025-12-13T23:50:00Z,1.5448,17.636
2025-12-14T00:00:00Z,1.5436,17.63
2025-12-14T00:10:00Z,1.5461,17.564
2025-12-14T00:20:00Z,1.5456,17.453
2025-12-14T00:30:00Z,1.5402,17.385
2025-12-14T00:40:00Z,1.5401,17.339
2025-12-14T00:50:00Z,1.5389,17.328
2025-12-14T01:00:00Z,1.542,17.258
2025-12-14T01:10:00Z,1.5466,17.209
2025-12-14T01:20:00Z,1.5414,17.171
2025-12-14T01:30:00Z,1.54,17.178
2025-12-14T01:40:00Z,1.5455,17.16
2025-12-14T01:50:00Z,1.5393,17.148
2025-12-14T02:00:00Z,1.5388,17.139
2025-12-14T02:10:00Z,1.5434,17.11
2025-12-14T02:20:00Z,1.5404,17.102
2025-12-14T02:30:00Z,1.5401,17.14
2025-12-14T02:40:00Z,1.5438,17.125
2025-12-14T02:50:00Z,1.5418,17.098
2025-12-14T03:00:00Z,1.5388,17.1
2025-12-14T03:10:00Z,1.5425,17.106
2025-12-14T03:20:00Z,1.5395,17.096
2025-12-14T03:30:00Z,1.5382,17.086
2025-12-14T03:40:00Z,1.5415,17.068
2025-12-14T03:50:00Z,1.5399,17.045
2025-12-14T04:00:00Z,1.5357,17.025
2025-12-14T04:10:00Z,1.5355,16.989
2025-12-14T04:20:00Z,1.5358,16.945
2025-12-14T04:30:00Z,1.5363,16.923
2025-12-14T04:40:00Z,1.5432,16.894
2025-12-14T04:50:00Z,1.5378,16.857
2025-12-14T05:00:00Z,1.5365,16.857
2025-12-14T05:10:00Z,1.5431,16.868
2025-12-14T05:20:00Z,1.5355,16.813
2025-12-14T05:30:00Z,1.5388,16.812
2025-12-14T05:40:00Z,1.5372,16.774
2025-12-14T05:50:00Z,1.5416,16.74
2025-12-14T06:00:00Z,1.5355,16.72
2025-12-14T06:10:00Z,1.5358,16.718
2025-12-14T06:20:00Z,1.5361,16.702
2025-12-14T06:30:00Z,1.5348,16.704
2025-12-14T06:40:00Z,1.5394,16.693
2025-12-14T06:50:00Z,1.5366,16.665
2025-12-14T07:00:00Z,1.5342,16.674
2025-12-14T07:10:00Z,1.5326,16.672
2025-12-14T07:20:00Z,1.5313,16.676
2025-12-14T07:30:00Z,1.5345,16.658
2025-12-14T07:40:00Z,1.5267,16.662
2025-12-14T07:50:00Z,1.532,16.64
2025-12-14T08:00:00Z,1.5367,16.604
2025-12-14T08:10:00Z,1.5375,16.599
2025-12-14T08:20:00Z,1.534,16.56
2025-12-14T08:30:00Z,1.5372,16.545
2025-12-14T08:40:00Z,1.5386,16.52
2025-12-14T08:50:00Z,1.534,16.495
2025-12-14T09:00:00Z,1.5375,16.462
2025-12-14T09:10:00Z,1.5346,16.47
2025-12-14T09:20:00Z,1.5361,16.453
2025-12-14T09:30:00Z,1.5358,16.429
2025-12-14T09:40:00Z,1.5449,16.422
2025-12-14T09:50:00Z,1.5396,16.454
2025-12-14T10:00:00Z,1.5388,16.458
2025-12-14T10:10:00Z,1.5439,16.452
2025-12-14T10:20:00Z,1.5323,16.419
2025-12-14T10:30:00Z,1.5346,16.391
2025-12-14T10:40:00Z,1.5327,16.39
2025-12-14T10:50:00Z,1.5364,16.384
2025-12-14T11:00:00Z,1.5344,16.376
2025-12-14T11:10:00Z,1.534,16.375
2025-12-14T11:20:00Z,1.5371,16.388
2025-12-14T11:30:00Z,1.5355,16.383
2025-12-14T11:40:00Z,1.5479,16.38
2025-12-14T11:50:00Z,1.5389,16.39
2025-12-14T12:00:00Z,1.5371,16.409
2025-12-14T12:10:00Z,1.5432,16.422
2025-12-14T12:20:00Z,1.5367,16.432
2025-12-14T12:30:00Z,1.5381,16.42
2025-12-14T12:40:00Z,1.5324,16.422
2025-12-14T12:50:00Z,1.5384,16.432
2025-12-14T13:00:00Z,1.5329,16.437
2025-12-14T13:10:00Z,1.5348,16.438
2025-12-14T13:20:00Z,1.5278,16.43
2025-12-14T13:30:00Z,1.5316,16.429
2025-12-14T13:40:00Z,1.5349,16.424
2025-12-14T13:50:00Z,1.5363,16.409
2025-12-14T14:00:00Z,1.5327,16.399
2025-12-14T14:10:00Z,1.5388,16.387
2025-12-14T14:20:00Z,1.5349,16.385
2025-12-14T14:30:00Z,1.536,16.353
2025-12-14T14:40:00Z,1.5358,16.354
2025-12-14T14:50:00Z,1.5409,16.347
2025-12-14T15:00:00Z,1.5376,16.333
2025-12-14T15:10:00Z,1.5415,16.334
2025-12-14T15:20:00Z,1.5419,16.337
2025-12-14T15:30:00Z,1.5343,16.382
2025-12-14T15:40:00Z,1.5432,16.346
2025-12-14T15:50:00Z,1.5354,16.315
2025-12-14T16:00:00Z,1.5334,16.341
2025-12-14T16:10:00Z,1.5383,16.383
2025-12-14T16:20:00Z,1.5305,16.362
2025-12-14T16:30:00Z,1.5345,16.354
2025-12-14T16:40:00Z,1.5355,16.342
2025-12-14T16:50:00Z,1.5361,16.399
2025-12-14T17:00:00Z,1.5334,16.418
2025-12-14T17:10:00Z,1.5581,16.464
2025-12-14T17:20:00Z,1.542,16.439
2025-12-14T17:30:00Z,1.5329,16.426
2025-12-14T17:40:00Z,1.5237,16.458
2025-12-14T17:50:00Z,1.532,16.489
2025-12-14T18:00:00Z,1.5374,16.52
2025-12-14T18:10:00Z,1.5367,16.564
2025-12-14T18:20:00Z,1.5349,16.582
2025-12-14T18:30:00Z,1.5372,16.649
2025-12-14T18:40:00Z,1.5295,16.749
2025-12-14T18:50:00Z,1.5423,16.769
2025-12-14T19:00:00Z,1.5438,16.84
2025-12-14T19:10:00Z,1.5409,16.89
2025-12-14T19:20:00Z,1.5379,16.977
2025-12-14T19:30:00Z,1.5367,16.989
2025-12-14T19:40:00Z,1.5315,17.037
2025-12-14T19:50:00Z,1.5348,17.066
2025-12-14T20:00:00Z,1.5395,17.171
2025-12-14T20:10:00Z,1.5473,17.254
2025-12-14T20:20:00Z,1.5305,17.315
2025-12-14T20:30:00Z,1.5427,17.378
2025-12-14T20:40:00Z,1.5338,17.466
2025-12-14T20:50:00Z,1.5408,17.526
2025-12-14T21:00:00Z,1.5435,17.588
2025-12-14T21:10:00Z,1.5314,17.658
2025-12-14T21:20:00Z,1.5417,17.718
2025-12-14T21:30:00Z,1.5447,17.85
2025-12-14T21:40:00Z,1.5411,17.879
2025-12-14T21:50:00Z,1.5389,17.966
2025-12-14T22:00:00Z,1.5413,17.998
2025-12-14T22:10:00Z,1.5331,18.035
2025-12-14T22:20:00Z,1.5391,18.08
2025-12-14T22:30:00Z,1.5394,18.115
2025-12-14T22:40:00Z,1.5368,18.056
2025-12-14T22:50:00Z,1.5361,17.976
2025-12-14T23:00:00Z,1.535,17.952
2025-12-14T23:10:00Z,1.5409,17.929
2025-12-14T23:20:00Z,1.5316,17.869
2025-12-14T23:30:00Z,1.5347,17.827
2025-12-14T23:40:00Z,1.5346,17.763
2025-12-14T23:50:00Z,1.5373,17.705
2025-12-15T00:00:00Z,1.5369,17.703
2025-12-15T00:10:00Z,1.5369,17.674
2025-12-15T00:20:00Z,1.5359,17.737
2025-12-15T00:30:00Z,1.5313,17.659
2025-12-15T00:40:00Z,1.5249,17.57
2025-12-15T00:50:00Z,1.5235,17.5
2025-12-15T01:00:00Z,1.5287,17.431
2025-12-15T01:10:00Z,1.5293,17.41
2025-12-15T01:20:00Z,1.5313,17.386
2025-12-15T01:30:00Z,1.5308,17.404
2025-12-15T01:40:00Z,1.5403,17.4
2025-12-15T01:50:00Z,1.5346,17.402
2025-12-15T02:00:00Z,1.5313,17.395
2025-12-15T02:10:00Z,1.5294,17.377
2025-12-15T02:20:00Z,1.5341,17.341
2025-12-15T02:30:00Z,1.5333,17.295
2025-12-15T02:40:00Z,1.5366,17.266
2025-12-15T02:50:00Z,1.5364,17.269
2025-12-15T03:00:00Z,1.5351,17.244
2025-12-15T03:10:00Z,1.5272,17.222
2025-12-15T03:20:00Z,1.5359,17.199
2025-12-15T03:30:00Z,1.5319,17.152
2025-12-15T03:40:00Z,1.5433,17.1
2025-12-15T03:50:00Z,1.5334,17.075
2025-12-15T04:00:00Z,1.5333,17.083
2025-12-15T04:10:00Z,1.5389,17.058
2025-12-15T04:20:00Z,1.5392,17.018
2025-12-15T04:30:00Z,1.5312,17.038
2025-12-15T04:40:00Z,1.5327,17.009
2025-12-15T04:50:00Z,1.5268,16.967
2025-12-15T05:00:00Z,1.5314,16.947
2025-12-15T05:10:00Z,1.5407,16.928
2025-12-15T05:20:00Z,1.529,16.879
2025-12-15T05:30:00Z,1.5326,16.858
2025-12-15T05:40:00Z,1.5347,16.837
2025-12-15T05:50:00Z,1.5344,16.851
2025-12-15T06:00:00Z,1.5308,16.853
2025-12-15T06:10:00Z,1.5359,16.858
2025-12-15T06:20:00Z,1.5315,16.846
2025-12-15T06:30:00Z,1.534,16.8
2025-12-15T06:40:00Z,1.5299,16.782
2025-12-15T06:50:00Z,1.5324,16.793
2025-12-15T07:00:00Z,1.531,16.767
2025-12-15T07:10:00Z,1.5322,16.716
2025-12-15T07:20:00Z,1.5338,16.721
2025-12-15T07:30:00Z,1.5295,16.718
2025-12-15T07:40:00Z,1.5277,16.688
2025-12-15T07:50:00Z,1.5269,16.685
2025-12-15T08:00:00Z,1.5312,16.669
2025-12-15T08:10:00Z,1.5328,16.675
2025-12-15T08:20:00Z,1.5266,16.645
2025-12-15T08:30:00Z,1.5298,16.608
2025-12-15T08:40:00Z,1.5365,16.594
2025-12-15T08:50:00Z,1.5296,16.527
2025-12-15T09:00:00Z,1.5299,16.512
2025-12-15T09:10:00Z,1.5284,16.489
2025-12-15T09:20:00Z,1.5321,16.483
2025-12-15T09:30:00Z,1.5322,16.472
2025-12-15T09:40:00Z,1.5302,16.473
2025-12-15T09:50:00Z,1.5291,16.432
2025-12-15T10:00:00Z,1.5298,16.409
2025-12-15T10:10:00Z,1.5383,16.4
2025-12-15T10:20:00Z,1.5314,16.368
2025-12-15T10:30:00Z,1.5294,16.342
2025-12-15T10:40:00Z,1.5292,16.254
2025-12-15T10:50:00Z,1.5298,16.22
2025-12-15T11:00:00Z,1.5296,16.204
2025-12-15T11:10:00Z,1.518,16.169
2025-12-15T11:20:00Z,1.524,16.178
2025-12-15T11:30:00Z,1.5281,16.154
2025-12-15T11:40:00Z,1.5295,16.118
2025-12-15T11:50:00Z,1.5331,16.126
2025-12-15T12:00:00Z,1.5292,16.128
2025-12-15T12:10:00Z,1.5268,16.124
2025-12-15T12:20:00Z,1.5331,16.14
2025-12-15T12:30:00Z,1.5308,16.16
2025-12-15T12:40:00Z,1.5269,16.167
2025-12-15T12:50:00Z,1.5287,16.172
2025-12-15T13:00:00Z,1.5291,16.172
2025-12-15T13:10:00Z,1.5392,16.181
2025-12-15T13:20:00Z,1.5293,16.163
2025-12-15T13:30:00Z,1.5314,16.167
2025-12-15T13:40:00Z,1.5369,16.165
2025-12-15T13:50:00Z,1.5362,16.143
2025-12-15T14:00:00Z,1.5296,16.151
2025-12-15T14:10:00Z,1.5339,16.152
2025-12-15T14:20:00Z,1.5301,16.153
2025-12-15T14:30:00Z,1.5328,16.145
2025-12-15T14:40:00Z,1.5281,16.15
2025-12-15T14:50:00Z,1.5332,16.162
2025-12-15T15:00:00Z,1.5303,16.164
2025-12-15T15:10:00Z,1.5322,16.129
2025-12-15T15:20:00Z,1.5294,16.144
2025-12-15T15:30:00Z,1.5245,16.121
2025-12-15T15:40:00Z,1.5323,16.089
2025-12-15T15:50:00Z,1.5289,16.066
2025-12-15T16:00:00Z,1.5299,16.028
2025-12-15T16:10:00Z,1.5333,16.014
2025-12-15T16:20:00Z,1.5414,16.007
2025-12-15T16:30:00Z,1.5398,16.042
2025-12-15T16:40:00Z,1.5426,16.076
2025-12-15T16:50:00Z,1.5379,16.117
2025-12-15T17:00:00Z,1.5336,16.118
2025-12-15T17:10:00Z,1.54,16.135
2025-12-15T17:20:00Z,1.5341,16.155
2025-12-15T17:30:00Z,1.5303,16.178
2025-12-15T17:40:00Z,1.5342,16.244
2025-12-15T17:50:00Z,1.53,16.326
2025-12-15T18:00:00Z,1.5314,16.361
2025-12-15T18:10:00Z,1.537,16.51
2025-12-15T18:20:00Z,1.5363,16.581
2025-12-15T18:30:00Z,1.5363,16.644
2025-12-15T18:40:00Z,1.5286,16.742
2025-12-15T18:50:00Z,1.5315,16.769
2025-12-15T19:00:00Z,1.539,16.93
2025-12-15T19:10:00Z,1.5297,17.038
2025-12-15T19:20:00Z,1.5361,17.152
2025-12-15T19:30:00Z,1.5313,17.19
2025-12-15T19:40:00Z,1.5208,17.206
2025-12-15T19:50:00Z,1.5301,17.215
2025-12-15T20:00:00Z,1.5378,17.305
2025-12-15T20:10:00Z,1.5319,17.381
2025-12-15T20:20:00Z,1.5322,17.43
2025-12-15T20:30:00Z,1.537,17.55
2025-12-15T20:40:00Z,1.5246,17.595
2025-12-15T20:50:00Z,1.5298,17.716
2025-12-15T21:00:00Z,1.5357,17.736
2025-12-15T21:10:00Z,1.5291,17.712
2025-12-15T21:20:00Z,1.5408,17.81
2025-12-15T21:30:00Z,1.5393,17.833
2025-12-15T21:40:00Z,1.53,17.911
2025-12-15T21:50:00Z,1.5352,18.062
2025-12-15T22:00:00Z,1.537,18.084
2025-12-15T22:10:00Z,1.5358,18.119
2025-12-15T22:20:00Z,1.5327,18.106
2025-12-15T22:30:00Z,1.536,18.161
2025-12-15T22:40:00Z,1.526,18.192
2025-12-15T22:50:00Z,1.5284,18.193
2025-12-15T23:00:00Z,1.5324,18.189
2025-12-15T23:10:00Z,1.534,18.136
2025-12-15T23:20:00Z,1.5301,18.113
2025-12-15T23:30:00Z,1.5377,18.063
2025-12-15T23:40:00Z,1.5337,18.013
2025-12-15T23:50:00Z,1.5358,17.93
2025-12-16T00:00:00Z,1.5328,17.87
2025-12-16T00:10:00Z,1.5349,17.741
2025-12-16T00:20:00Z,1.5353,17.685
2025-12-16T00:30:00Z,1.5288,17.593
2025-12-16T00:40:00Z,1.5331,17.602
2025-12-16T00:50:00Z,1.5249,17.541
2025-12-16T01:00:00Z,1.5245,17.48
2025-12-16T01:10:00Z,1.5249,17.44
2025-12-16T01:20:00Z,1.5245,17.408
2025-12-16T01:30:00Z,1.5323,17.394
2025-12-16T01:40:00Z,1.5289,17.377
2025-12-16T01:50:00Z,1.5249,17.38
2025-12-16T02:00:00Z,1.5308,17.36
2025-12-16T02:10:00Z,1.5297,17.352
2025-12-16T02:20:00Z,1.5362,17.35
2025-12-16T02:30:00Z,1.5314,17.327
2025-12-16T02:40:00Z,1.53,17.292
2025-12-16T02:50:00Z,1.5343,17.283
2025-12-16T03:00:00Z,1.533,17.247
2025-12-16T03:10:00Z,1.5342,17.221
2025-12-16T03:20:00Z,1.5324,17.21
2025-12-16T03:30:00Z,1.5327,17.166
2025-12-16T03:40:00Z,1.5317,17.13
2025-12-16T03:50:00Z,1.529,17.092
2025-12-16T04:00:00Z,1.5303,17.116
2025-12-16T04:10:00Z,1.5205,17.087
2025-12-16T04:20:00Z,1.5298,17.07
2025-12-16T04:30:00Z,1.5276,17.074
2025-12-16T04:40:00Z,1.5191,17.052
2025-12-16T04:50:00Z,1.5362,16.979
2025-12-16T05:00:00Z,1.5289,16.937
2025-12-16T05:10:00Z,1.5255,16.922
2025-12-16T05:20:00Z,1.5315,16.881
2025-12-16T05:30:00Z,1.5305,16.863
2025-12-16T05:40:00Z,1.5291,16.872
2025-12-16T05:50:00Z,1.5286,16.835
2025-12-16T06:00:00Z,1.5297,16.864
2025-12-16T06:10:00Z,1.5386,16.827
2025-12-16T06:20:00Z,1.5281,16.853
2025-12-16T06:30:00Z,1.5243,16.822
2025-12-16T06:40:00Z,1.5345,16.782
2025-12-16T06:50:00Z,1.5258,16.798
2025-12-16T07:00:00Z,1.5248,16.761
2025-12-16T07:10:00Z,1.52,16.695
2025-12-16T07:20:00Z,1.5252,16.685
2025-12-16T07:30:00Z,1.5273,16.686
2025-12-16T07:40:00Z,1.5303,16.65
2025-12-16T07:50:00Z,1.5325,16.625
2025-12-16T08:00:00Z,1.5326,16.671
2025-12-16T08:10:00Z,1.5348,16.59
2025-12-16T08:20:00Z,1.5301,16.567
2025-12-16T08:30:00Z,1.5261,16.542
2025-12-16T08:40:00Z,1.5232,16.534
2025-12-16T08:50:00Z,1.5233,16.524
2025-12-16T09:00:00Z,1.5291,16.502
2025-12-16T09:10:00Z,1.5328,16.499
2025-12-16T09:20:00Z,1.5333,16.496
2025-12-16T09:30:00Z,1.5254,16.463
2025-12-16T09:40:00Z,1.5244,16.442
2025-12-16T09:50:00Z,1.5314,16.416
2025-12-16T10:00:00Z,1.5289,16.416
2025-12-16T10:10:00Z,1.5232,16.419
2025-12-16T10:20:00Z,1.5235,16.424
2025-12-16T10:30:00Z,1.5306,16.433
2025-12-16T10:40:00Z,1.5436,16.382
2025-12-16T10:50:00Z,1.5263,16.39
2025-12-16T11:00:00Z,1.5306,16.368
2025-12-16T11:10:00Z,1.5299,16.357
2025-12-16T11:20:00Z,1.5208,16.315
2025-12-16T11:30:00Z,1.5291,16.328
2025-12-16T11:40:00Z,1.5249,16.338
2025-12-16T11:50:00Z,1.5246,16.335
2025-12-16T12:00:00Z,1.5279,16.31
2025-12-16T12:10:00Z,1.526,16.309
2025-12-16T12:20:00Z,1.5295,16.289
2025-12-16T12:30:00Z,1.5264,16.266
2025-12-16T12:40:00Z,1.5304,16.211
2025-12-16T12:50:00Z,1.5282,16.208
2025-12-16T13:00:00Z,1.5255,16.178
2025-12-16T13:10:00Z,1.5198,16.14
2025-12-16T13:20:00Z,1.5314,16.1
2025-12-16T13:30:00Z,1.5271,16.102
2025-12-16T13:40:00Z,1.5369,16.016
2025-12-16T13:50:00Z,1.5295,16.003
2025-12-16T14:00:00Z,1.5221,16.018
2025-12-16T14:10:00Z,1.5346,16.003
2025-12-16T14:20:00Z,1.5251,15.98
2025-12-16T14:30:00Z,1.5245,15.919
2025-12-16T14:40:00Z,1.5185,15.9
2025-12-16T14:50:00Z,1.5271,15.907
2025-12-16T15:00:00Z,1.5241,15.876
2025-12-16T15:10:00Z,1.5266,15.894
2025-12-16T15:20:00Z,1.5292,15.947
2025-12-16T15:30:00Z,1.5292,16.026
2025-12-16T15:40:00Z,1.5303,15.913
2025-12-16T15:50:00Z,1.5374,15.848
2025-12-16T16:00:00Z,1.5314,15.853
2025-12-16T16:10:00Z,1.5316,15.819
2025-12-16T16:20:00Z,1.5385,15.788
2025-12-16T16:30:00Z,1.5336,15.796
2025-12-16T16:40:00Z,1.5336,15.811
2025-12-16T16:50:00Z,1.5377,15.81
2025-12-16T17:00:00Z,1.531,15.837
2025-12-16T17:10:00Z,1.5322,15.828
2025-12-16T17:20:00Z,1.528,15.831
2025-12-16T17:30:00Z,1.5285,15.874
2025-12-16T17:40:00Z,1.5356,15.888
2025-12-16T17:50:00Z,1.5354,15.93
2025-12-16T18:00:00Z,1.5261,16.06
2025-12-16T18:10:00Z,1.5404,16.251
2025-12-16T18:20:00Z,1.5303,16.355
2025-12-16T18:30:00Z,1.5288,16.477
2025-12-16T18:40:00Z,1.5127,16.662
2025-12-16T18:50:00Z,1.5271,16.82
2025-12-16T19:00:00Z,1.5269,17.022
2025-12-16T19:10:00Z,1.5096,17.114
2025-12-16T19:20:00Z,1.5196,17.25
2025-12-16T19:30:00Z,1.5277,17.376
2025-12-16T19:40:00Z,1.5024,17.448
2025-12-16T19:50:00Z,1.5265,17.436
2025-12-16T20:00:00Z,1.5291,17.452
2025-12-16T20:10:00Z,1.5131,17.563
2025-12-16T20:20:00Z,1.5227,17.621
2025-12-16T20:30:00Z,1.5299,17.6
2025-12-16T20:40:00Z,1.5126,17.61
2025-12-16T20:50:00Z,1.5288,17.636
2025-12-16T21:00:00Z,1.5262,17.836
2025-12-16T21:10:00Z,1.5184,17.801
2025-12-16T21:20:00Z,1.5239,17.87
2025-12-16T21:30:00Z,1.5253,17.927
2025-12-16T21:40:00Z,1.5287,17.911
2025-12-16T21:50:00Z,1.519,17.942
2025-12-16T22:00:00Z,1.5252,17.872
2025-12-16T22:10:00Z,1.5386,17.91
2025-12-16T22:20:00Z,1.523,17.672
2025-12-16T22:30:00Z,1.5294,17.864
2025-12-16T22:40:00Z,1.5369,17.868
2025-12-16T22:50:00Z,1.5237,17.887
2025-12-16T23:00:00Z,1.5298,17.82
2025-12-16T23:10:00Z,1.5234,17.769
2025-12-16T23:20:00Z,1.5282,17.742
2025-12-16T23:30:00Z,1.5276,17.755
2025-12-16T23:40:00Z,1.5356,17.687
2025-12-16T23:50:00Z,1.5304,17.657
2025-12-17T00:00:00Z,1.5273,17.629
2025-12-17T00:10:00Z,1.5258,17.574
2025-12-17T00:20:00Z,1.5234,17.53
2025-12-17T00:30:00Z,1.524,17.511
2025-12-17T00:40:00Z,1.5273,17.508
2025-12-17T00:50:00Z,1.5298,17.435
2025-12-17T01:00:00Z,1.522,17.374
2025-12-17T01:10:00Z,1.5237,17.319
2025-12-17T01:20:00Z,1.5261,17.291
2025-12-17T01:30:00Z,1.5291,17.273
2025-12-17T01:40:00Z,1.5279,17.256
2025-12-17T01:50:00Z,1.5268,17.252
2025-12-17T02:00:00Z,1.5285,17.247
2025-12-17T02:10:00Z,1.5289,17.243
2025-12-17T02:20:00Z,1.5294,17.218
2025-12-17T02:30:00Z,1.5282,17.19
2025-12-17T02:40:00Z,1.5273,17.178
2025-12-17T02:50:00Z,1.5301,17.169
2025-12-17T03:00:00Z,1.5278,17.162
2025-12-17T03:10:00Z,1.525,17.156
2025-12-17T03:20:00Z,1.5337,17.151
2025-12-17T03:30:00Z,1.5288,17.144
2025-12-17T03:40:00Z,1.5429,17.137
2025-12-17T03:50:00Z,1.5254,17.139
2025-12-17T04:00:00Z,1.5272,17.132
2025-12-17T04:10:00Z,1.5356,17.12
2025-12-17T04:20:00Z,1.5343,17.103
2025-12-17T04:30:00Z,1.5309,17.082
2025-12-17T04:40:00Z,1.5312,17.079
2025-12-17T04:50:00Z,1.5345,17.074
2025-12-17T05:00:00Z,1.5302,17.069
2025-12-17T05:10:00Z,1.5343,17.075
2025-12-17T05:20:00Z,1.5329,17.066
2025-12-17T05:30:00Z,1.5288,17.03
2025-12-17T05:40:00Z,1.528,17.002
2025-12-17T05:50:00Z,1.5342,16.975
2025-12-17T06:00:00Z,1.5278,16.94
2025-12-17T06:10:00Z,1.5348,16.955
2025-12-17T06:20:00Z,1.5256,16.952
2025-12-17T06:30:00Z,1.5268,16.947
2025-12-17T06:40:00Z,1.5151,16.968
2025-12-17T06:50:00Z,1.5205,16.962
2025-12-17T07:00:00Z,1.5261,16.969
2025-12-17T07:10:00Z,1.5197,16.967
2025-12-17T07:20:00Z,1.528,16.98
2025-12-17T07:30:00Z,1.5267,16.981
2025-12-17T07:40:00Z,1.528,16.975
2025-12-17T07:50:00Z,1.5333,16.971
2025-12-17T08:00:00Z,1.5281,16.956
2025-12-17T08:10:00Z,1.5364,16.959
2025-12-17T08:20:00Z,1.5302,16.944
2025-12-17T08:30:00Z,1.5315,16.951
2025-12-17T08:40:00Z,1.5233,16.938
2025-12-17T08:50:00Z,1.52,16.938
2025-12-17T09:00:00Z,1.5276,16.933
2025-12-17T09:10:00Z,1.5335,16.939
2025-12-17T09:20:00Z,1.5236,16.919
2025-12-17T09:30:00Z,1.5281,16.903
2025-12-17T09:40:00Z,1.5296,16.897
2025-12-17T09:50:00Z,1.5246,16.89
2025-12-17T10:00:00Z,1.528,16.884
2025-12-17T10:10:00Z,1.5257,16.88
2025-12-17T10:20:00Z,1.5265,16.887
2025-12-17T10:30:00Z,1.5273,16.872
2025-12-17T10:40:00Z,1.5237,16.858
2025-12-17T10:50:00Z,1.5283,16.859
2025-12-17T11:00:00Z,1.53,16.843
2025-12-17T11:10:00Z,1.5228,16.837
2025-12-17T11:20:00Z,1.5305,16.833
2025-12-17T11:30:00Z,1.5242,16.826
2025-12-17T11:40:00Z,1.5266,16.835
2025-12-17T11:50:00Z,1.5234,16.82
2025-12-17T12:00:00Z,1.5232,16.815
2025-12-17T12:10:00Z,1.5405,16.798
2025-12-17T12:20:00Z,1.5229,16.8
2025-12-17T12:30:00Z,1.5286,16.804
2025-12-17T12:40:00Z,1.5234,16.79
2025-12-17T12:50:00Z,1.5417,16.785
2025-12-17T13:00:00Z,1.5268,16.758
2025-12-17T13:10:00Z,1.5325,16.767
2025-12-17T13:20:00Z,1.5317,16.738
2025-12-17T13:30:00Z,1.5233,16.724
2025-12-17T13:40:00Z,1.5078,16.702
2025-12-17T13:50:00Z,1.5277,16.681
2025-12-17T14:00:00Z,1.5278,16.688
2025-12-17T14:10:00Z,1.5264,16.689
2025-12-17T14:20:00Z,1.5259,16.66
2025-12-17T14:30:00Z,1.5338,16.634
2025-12-17T14:40:00Z,1.5402,16.614
2025-12-17T14:50:00Z,1.5352,16.594
2025-12-17T15:00:00Z,1.5235,16.559
2025-12-17T15:10:00Z,1.5146,16.54
2025-12-17T15:20:00Z,1.532,16.659
2025-12-17T15:30:00Z,1.525,16.662
2025-12-17T15:40:00Z,1.5342,16.658
2025-12-17T15:50:00Z,1.5344,16.614
2025-12-17T16:00:00Z,1.5295,16.582
2025-12-17T16:10:00Z,1.5221,16.534
2025-12-17T16:20:00Z,1.5348,16.545
2025-12-17T16:30:00Z,1.531,16.544
2025-12-17T16:40:00Z,1.5324,16.546
2025-12-17T16:50:00Z,1.5446,16.549
2025-12-17T17:00:00Z,1.5484,16.577
2025-12-17T17:10:00Z,1.5605,16.586
2025-12-17T17:20:00Z,1.5383,16.616
2025-12-17T17:30:00Z,1.5281,16.732
2025-12-17T17:40:00Z,1.5324,16.821
2025-12-17T17:50:00Z,1.5174,16.775
2025-12-17T18:00:00Z,1.5299,16.806
2025-12-17T18:10:00Z,1.5279,16.847
2025-12-17T18:20:00Z,1.5164,16.968
2025-12-17T18:30:00Z,1.5205,17.016
2025-12-17T18:40:00Z,1.5192,17.062
2025-12-17T18:50:00Z,1.5246,17.229
2025-12-17T19:00:00Z,1.5312,17.356
2025-12-17T19:10:00Z,1.5181,17.494
2025-12-17T19:20:00Z,1.5167,17.598
2025-12-17T19:30:00Z,1.5326,17.718
2025-12-17T19:40:00Z,1.5124,17.745
2025-12-17T19:50:00Z,1.525,17.85
2025-12-17T20:00:00Z,1.5239,17.981
2025-12-17T20:10:00Z,1.5103,18.126
2025-12-17T20:20:00Z,1.5208,18.138
2025-12-17T20:30:00Z,1.5218,18.2
2025-12-17T20:40:00Z,1.5213,18.436
2025-12-17T20:50:00Z,1.5157,18.546
2025-12-17T21:00:00Z,1.5249,18.554
2025-12-17T21:10:00Z,1.5201,18.435
2025-12-17T21:20:00Z,1.5141,18.394
2025-12-17T21:30:00Z,1.5309,18.268
2025-12-17T21:40:00Z,1.5223,18.117
2025-12-17T21:50:00Z,1.5273,18.24
2025-12-17T22:00:00Z,1.5137,18.323
2025-12-17T22:10:00Z,1.5056,18.282
2025-12-17T22:20:00Z,1.5239,18.281
2025-12-17T22:30:00Z,1.5267,18.172
2025-12-17T22:40:00Z,1.5114,18.257
2025-12-17T22:50:00Z,1.5354,18.085
2025-12-17T23:00:00Z,1.5337,18.034
2025-12-17T23:10:00Z,1.5336,17.983
2025-12-17T23:20:00Z,1.5359,18.094
2025-12-17T23:30:00Z,1.5292,17.99
2025-12-17T23:40:00Z,1.5392,18.012
2025-12-17T23:50:00Z,1.5269,17.98
2025-12-18T00:00:00Z,1.5305,17.95
2025-12-18T00:10:00Z,1.5339,17.967
2025-12-18T00:20:00Z,1.5282,17.946
2025-12-18T00:30:00Z,1.5244,17.969
2025-12-18T00:40:00Z,1.5282,17.887
2025-12-18T00:50:00Z,1.518,17.874
2025-12-18T01:00:00Z,1.5218,17.844
2025-12-18T01:10:00Z,1.5206,17.821
2025-12-18T01:20:00Z,1.5259,17.811
2025-12-18T01:30:00Z,1.5229,17.784
2025-12-18T01:40:00Z,1.5308,17.767
2025-12-18T01:50:00Z,1.5293,17.754
2025-12-18T02:00:00Z,1.5291,17.753
2025-12-18T02:10:00Z,1.5246,17.74
2025-12-18T02:20:00Z,1.5353,17.735
2025-12-18T02:30:00Z,1.5273,17.723
2025-12-18T02:40:00Z,1.5307,17.705
2025-12-18T02:50:00Z,1.541,17.681
2025-12-18T03:00:00Z,1.5305,17.667
2025-12-18T03:10:00Z,1.5297,17.642
2025-12-18T03:20:00Z,1.5267,17.608
2025-12-18T03:30:00Z,1.5266,17.591
2025-12-18T03:40:00Z,1.5323,17.581
2025-12-18T03:50:00Z,1.5303,17.557
2025-12-18T04:00:00Z,1.522,17.544
2025-12-18T04:10:00Z,1.5255,17.528
2025-12-18T04:20:00Z,1.5197,17.51
2025-12-18T04:30:00Z,1.527,17.48
2025-12-18T04:40:00Z,1.532,17.479
2025-12-18T04:50:00Z,1.53,17.479
2025-12-18T05:00:00Z,1.5303,17.448
2025-12-18T05:10:00Z,1.526,17.426
2025-12-18T05:20:00Z,1.5324,17.414
2025-12-18T05:30:00Z,1.5266,17.369
2025-12-18T05:40:00Z,1.529,17.331
2025-12-18T05:50:00Z,1.527,17.3
2025-12-18T06:00:00Z,1.529,17.274
2025-12-18T06:10:00Z,1.5315,17.198
2025-12-18T06:20:00Z,1.5301,17.196
2025-12-18T06:30:00Z,1.5286,17.173
2025-12-18T06:40:00Z,1.5256,17.159
2025-12-18T06:50:00Z,1.521,17.15
2025-12-18T07:00:00Z,1.5252,17.14
2025-12-18T07:10:00Z,1.5108,17.104
2025-12-18T07:20:00Z,1.5191,17.09
2025-12-18T07:30:00Z,1.5257,17.103
2025-12-18T07:40:00Z,1.5238,17.036
2025-12-18T07:50:00Z,1.528,17.017
2025-12-18T08:00:00Z,1.5285,17.057
2025-12-18T08:10:00Z,1.5248,17.063
2025-12-18T08:20:00Z,1.5222,17.038
2025-12-18T08:30:00Z,1.5268,17.03
2025-12-18T08:40:00Z,1.5185,17.097
2025-12-18T08:50:00Z,1.5223,17.021
2025-12-18T09:00:00Z,1.5227,17.032
2025-12-18T09:10:00Z,1.5227,17.028
2025-12-18T09:20:00Z,1.5182,16.973
2025-12-18T09:30:00Z,1.5211,16.959
2025-12-18T09:40:00Z,1.5157,16.948
2025-12-18T09:50:00Z,1.5257,16.918
2025-12-18T10:00:00Z,1.5283,16.896
2025-12-18T10:10:00Z,1.5181,16.866
2025-12-18T10:20:00Z,1.5273,16.873
2025-12-18T10:30:00Z,1.5296,16.874
2025-12-18T10:40:00Z,1.5252,16.879
2025-12-18T10:50:00Z,1.5189,16.912
2025-12-18T11:00:00Z,1.5229,16.882
2025-12-18T11:10:00Z,1.5134,16.82
2025-12-18T11:20:00Z,1.5184,16.783
2025-12-18T11:30:00Z,1.5252,16.743
2025-12-18T11:40:00Z,1.5225,16.776
2025-12-18T11:50:00Z,1.5229,16.719
2025-12-18T12:00:00Z,1.5224,16.737
2025-12-18T12:10:00Z,1.5228,16.737
2025-12-18T12:20:00Z,1.5254,16.732
2025-12-18T12:30:00Z,1.5261,16.691
2025-12-18T12:40:00Z,1.5313,16.703
2025-12-18T12:50:00Z,1.5289,16.675
2025-12-18T13:00:00Z,1.5239,16.616
2025-12-18T13:10:00Z,1.5243,16.62
2025-12-18T13:20:00Z,1.5279,16.644
2025-12-18T13:30:00Z,1.5236,16.625
2025-12-18T13:40:00Z,1.539,16.598
2025-12-18T13:50:00Z,1.5312,16.612
2025-12-18T14:00:00Z,1.5214,16.575
2025-12-18T14:10:00Z,1.5226,16.509
2025-12-18T14:20:00Z,1.5224,16.497
2025-12-18T14:30:00Z,1.5192,16.479
2025-12-18T14:40:00Z,1.5183,16.401
2025-12-18T14:50:00Z,1.5237,16.369
2025-12-18T15:00:00Z,1.5194,16.432
2025-12-18T15:10:00Z,1.5172,16.447
2025-12-18T15:20:00Z,1.5243,16.49
2025-12-18T15:30:00Z,1.529,16.524
2025-12-18T15:40:00Z,1.5315,16.503
2025-12-18T15:50:00Z,1.528,16.538
2025-12-18T16:00:00Z,1.529,16.526
2025-12-18T16:10:00Z,1.5326,16.442
2025-12-18T16:20:00Z,1.5303,16.398
2025-12-18T16:30:00Z,1.5232,16.397
2025-12-18T16:40:00Z,1.5348,16.463
2025-12-18T16:50:00Z,1.5249,16.415
2025-12-18T17:00:00Z,1.5193,16.381
2025-12-18T17:10:00Z,1.5245,16.389
2025-12-18T17:20:00Z,1.5172,16.534
2025-12-18T17:30:00Z,1.5211,16.624
2025-12-18T17:40:00Z,1.5163,16.661
2025-12-18T17:50:00Z,1.5238,16.722
2025-12-18T18:00:00Z,1.5227,16.827
2025-12-18T18:10:00Z,1.5153,16.942
2025-12-18T18:20:00Z,1.5213,17.087
2025-12-18T18:30:00Z,1.5254,17.237
2025-12-18T18:40:00Z,1.5218,17.225
2025-12-18T18:50:00Z,1.5265,17.399
2025-12-18T19:00:00Z,1.5166,17.536
2025-12-18T19:10:00Z,1.5066,17.64
2025-12-18T19:20:00Z,1.516,17.627
2025-12-18T19:30:00Z,1.5209,17.699
2025-12-18T19:40:00Z,1.5051,17.753
2025-12-18T19:50:00Z,1.5138,17.856
2025-12-18T20:00:00Z,1.5202,18.177
2025-12-18T20:10:00Z,1.4986,18.32
2025-12-18T20:20:00Z,1.5158,18.395
2025-12-18T20:30:00Z,1.5234,18.424
2025-12-18T20:40:00Z,1.514,18.495
2025-12-18T20:50:00Z,1.5132,18.404
2025-12-18T21:00:00Z,1.5246,18.422
2025-12-18T21:10:00Z,1.5175,18.534
2025-12-18T21:20:00Z,1.5212,18.512
2025-12-18T21:30:00Z,1.5201,18.432
2025-12-18T21:40:00Z,1.5246,18.476
2025-12-18T21:50:00Z,1.5101,18.605
2025-12-18T22:00:00Z,1.5157,18.629
2025-12-18T22:10:00Z,1.5135,18.595
2025-12-18T22:20:00Z,1.505,18.578
2025-12-18T22:30:00Z,1.5069,18.582
2025-12-18T22:40:00Z,1.4961,18.488
2025-12-18T22:50:00Z,1.5228,18.464
2025-12-18T23:00:00Z,1.5234,18.215
2025-12-18T23:10:00Z,1.5235,18.051
2025-12-18T23:20:00Z,1.5117,18.104
2025-12-18T23:30:00Z,1.5273,18.228
2025-12-18T23:40:00Z,1.524,18.243
2025-12-18T23:50:00Z,1.5252,17.985
2025-12-19T00:00:00Z,1.5303,18.102
2025-12-19T00:10:00Z,1.536,18.194
2025-12-19T00:20:00Z,1.527,18.126
2025-12-19T00:30:00Z,1.5217,18.137
2025-12-19T00:40:00Z,1.5377,18.147
2025-12-19T00:50:00Z,1.5121,18.154
2025-12-19T01:00:00Z,1.5162,18.092
2025-12-19T01:10:00Z,1.5191,18.087
2025-12-19T01:20:00Z,1.5241,18.058
2025-12-19T01:30:00Z,1.5194,18
2025-12-19T01:40:00Z,1.5351,17.95
2025-12-19T01:50:00Z,1.5278,17.944
2025-12-19T02:00:00Z,1.5241,17.929
2025-12-19T02:10:00Z,1.5249,17.885
2025-12-19T02:20:00Z,1.5154,17.878
2025-12-19T02:30:00Z,1.5176,17.862
2025-12-19T02:40:00Z,1.5207,17.847
2025-12-19T02:50:00Z,1.5206,17.859
2025-12-19T03:00:00Z,1.5197,17.842
2025-12-19T03:10:00Z,1.5264,17.793
2025-12-19T03:20:00Z,1.5281,17.776
2025-12-19T03:30:00Z,1.5154,17.742
2025-12-19T03:40:00Z,1.5235,17.705
2025-12-19T03:50:00Z,1.5204,17.668
2025-12-19T04:00:00Z,1.5208,17.643
2025-12-19T04:10:00Z,1.5264,17.615
2025-12-19T04:20:00Z,1.5224,17.621
2025-12-19T04:30:00Z,1.5195,17.632
2025-12-19T04:40:00Z,1.5226,17.636
2025-12-19T04:50:00Z,1.5213,17.626
2025-12-19T05:00:00Z,1.5181,17.602
2025-12-19T05:10:00Z,1.5169,17.558
2025-12-19T05:20:00Z,1.519,17.534
2025-12-19T05:30:00Z,1.5204,17.47
2025-12-19T05:40:00Z,1.5203,17.497
2025-12-19T05:50:00Z,1.5225,17.491
2025-12-19T06:00:00Z,1.5138,17.458
2025-12-19T06:10:00Z,1.5183,17.441
2025-12-19T06:20:00Z,1.5181,17.403
2025-12-19T06:30:00Z,1.5208,17.379
2025-12-19T06:40:00Z,1.5244,17.322
2025-12-19T06:50:00Z,1.5158,17.313
2025-12-19T07:00:00Z,1.5175,17.311
2025-12-19T07:10:00Z,1.5178,17.297
2025-12-19T07:20:00Z,1.5188,17.273
2025-12-19T07:30:00Z,1.5189,17.277
2025-12-19T07:40:00Z,1.5124,17.233
2025-12-19T07:50:00Z,1.5169,17.216
2025-12-19T08:00:00Z,1.5184,17.182
2025-12-19T08:10:00Z,1.5154,17.207
2025-12-19T08:20:00Z,1.5144,17.214
2025-12-19T08:30:00Z,1.5151,17.193
2025-12-19T08:40:00Z,1.5161,17.178
2025-12-19T08:50:00Z,1.5144,17.172
2025-12-19T09:00:00Z,1.5155,17.152
2025-12-19T09:10:00Z,1.5224,17.142
2025-12-19T09:20:00Z,1.5189,17.139
2025-12-19T09:30:00Z,1.5197,17.13
2025-12-19T09:40:00Z,1.5211,17.096
2025-12-19T09:50:00Z,1.5227,17.084
2025-12-19T10:00:00Z,1.5186,17.083
2025-12-19T10:10:00Z,1.5134,17.086
2025-12-19T10:20:00Z,1.5173,17.061
2025-12-19T10:30:00Z,1.5153,17.018
2025-12-19T10:40:00Z,1.51,17.041
2025-12-19T10:50:00Z,1.5178,17.041
2025-12-19T11:00:00Z,1.5106,17.04
2025-12-19T11:10:00Z,1.5197,17.016
2025-12-19T11:20:00Z,1.5089,17.015
2025-12-19T11:30:00Z,1.5134,17.017
2025-12-19T11:40:00Z,1.5094,17.013
2025-12-19T11:50:00Z,1.5173,16.977
2025-12-19T12:00:00Z,1.5123,16.988
2025-12-19T12:10:00Z,1.517,16.994
2025-12-19T12:20:00Z,1.5138,16.943
2025-12-19T12:30:00Z,1.5182,16.953
2025-12-19T12:40:00Z,1.5327,16.943
2025-12-19T12:50:00Z,1.5165,16.929
2025-12-19T13:00:00Z,1.5174,16.893
2025-12-19T13:10:00Z,1.5261,16.798
2025-12-19T13:20:00Z,1.5232,16.814
2025-12-19T13:30:00Z,1.5189,16.778
2025-12-19T13:40:00Z,1.5218,16.76
2025-12-19T13:50:00Z,1.5187,16.738
2025-12-19T14:00:00Z,1.5137,16.703
2025-12-19T14:10:00Z,1.5191,16.691
2025-12-19T14:20:00Z,1.5142,16.68
2025-12-19T14:30:00Z,1.5159,16.647
2025-12-19T14:40:00Z,1.5126,16.688
2025-12-19T14:50:00Z,1.5162,16.681
2025-12-19T15:00:00Z,1.5119,16.634
2025-12-19T15:10:00Z,1.5115,16.607
2025-12-19T15:20:00Z,1.5231,16.656
2025-12-19T15:30:00Z,1.5192,16.616
2025-12-19T15:40:00Z,1.5248,16.567
2025-12-19T15:50:00Z,1.527,16.463
2025-12-19T16:00:00Z,1.521,16.547
2025-12-19T16:10:00Z,1.5326,16.594
2025-12-19T16:20:00Z,1.5294,16.603
2025-12-19T16:30:00Z,1.5312,16.527
2025-12-19T16:40:00Z,1.5289,16.489
2025-12-19T16:50:00Z,1.5288,16.559
2025-12-19T17:00:00Z,1.5208,16.566
2025-12-19T17:10:00Z,1.5165,16.569
2025-12-19T17:20:00Z,1.5187,16.671
2025-12-19T17:30:00Z,1.5148,16.683
2025-12-19T17:40:00Z,1.5198,16.732
2025-12-19T17:50:00Z,1.5131,16.918
2025-12-19T18:00:00Z,1.5117,17.007
2025-12-19T18:10:00Z,1.5178,17.103
2025-12-19T18:20:00Z,1.5156,17.215
2025-12-19T18:30:00Z,1.5194,17.326
2025-12-19T18:40:00Z,1.5169,17.489
2025-12-19T18:50:00Z,1.5145,17.631
2025-12-19T19:00:00Z,1.517,17.749
2025-12-19T19:10:00Z,1.5052,17.918
2025-12-19T19:20:00Z,1.5083,17.799
2025-12-19T19:30:00Z,1.5164,17.802
2025-12-19T19:40:00Z,1.5036,17.949
2025-12-19T19:50:00Z,1.5106,18.119
2025-12-19T20:00:00Z,1.5136,18.207
2025-12-19T20:10:00Z,1.4998,18.326
2025-12-19T20:20:00Z,1.5146,18.442
2025-12-19T20:30:00Z,1.5184,18.424
2025-12-19T20:40:00Z,1.5165,18.548
2025-12-19T20:50:00Z,1.5099,18.634
2025-12-19T21:00:00Z,1.5129,18.541
2025-12-19T21:10:00Z,1.5069,18.562
2025-12-19T21:20:00Z,1.5094,18.564
2025-12-19T21:30:00Z,1.5151,18.554
2025-12-19T21:40:00Z,1.517,18.431
2025-12-19T21:50:00Z,1.5122,18.469
2025-12-19T22:00:00Z,1.5204,18.419
2025-12-19T22:10:00Z,1.5129,18.445
2025-12-19T22:20:00Z,1.5198,18.528
2025-12-19T22:30:00Z,1.5176,18.62
2025-12-19T22:40:00Z,1.5076,18.607
2025-12-19T22:50:00Z,1.5162,18.636
2025-12-19T23:00:00Z,1.5173,18.709
2025-12-19T23:10:00Z,1.5369,18.647
2025-12-19T23:20:00Z,1.5209,18.638
2025-12-19T23:30:00Z,1.5197,18.61
2025-12-19T23:40:00Z,1.511,18.595
2025-12-19T23:50:00Z,1.5108,18.594
2025-12-20T00:00:00Z,1.5206,18.588
2025-12-20T00:10:00Z,1.5159,18.426
2025-12-20T00:20:00Z,1.5221,18.335
2025-12-20T00:30:00Z,1.5106,18.262
2025-12-20T00:40:00Z,1.5145,18.265
2025-12-20T00:50:00Z,1.5069,18.268
2025-12-20T01:00:00Z,1.5101,18.156
2025-12-20T01:10:00Z,1.5146,18.102
2025-12-20T01:20:00Z,1.511,18.058
2025-12-20T01:30:00Z,1.518,18.049
2025-12-20T01:40:00Z,1.5221,18.063
2025-12-20T01:50:00Z,1.5194,18.018
2025-12-20T02:00:00Z,1.5192,17.969
2025-12-20T02:10:00Z,1.5251,17.947
2025-12-20T02:20:00Z,1.5191,17.923
2025-12-20T02:30:00Z,1.5164,17.848
2025-12-20T02:40:00Z,1.5237,17.846
2025-12-20T02:50:00Z,1.522,17.813
2025-12-20T03:00:00Z,1.5155,17.836
2025-12-20T03:10:00Z,1.5228,17.8
2025-12-20T03:20:00Z,1.5149,17.684
2025-12-20T03:30:00Z,1.5186,17.636
2025-12-20T03:40:00Z,1.5279,17.679
2025-12-20T03:50:00Z,1.5126,17.736
2025-12-20T04:00:00Z,1.5183,17.675
2025-12-20T04:10:00Z,1.522,17.62
2025-12-20T04:20:00Z,1.5243,17.577
2025-12-20T04:30:00Z,1.5156,17.545
2025-12-20T04:40:00Z,1.5162,17.504
2025-12-20T04:50:00Z,1.5236,17.47
2025-12-20T05:00:00Z,1.515,17.458
2025-12-20T05:10:00Z,1.5264,17.423
2025-12-20T05:20:00Z,1.5204,17.435
2025-12-20T05:30:00Z,1.5154,17.345
2025-12-20T05:40:00Z,1.5308,17.289
2025-12-20T05:50:00Z,1.5242,17.299
2025-12-20T06:00:00Z,1.5146,17.278
2025-12-20T06:10:00Z,1.5069,17.244
2025-12-20T06:20:00Z,1.5148,17.221
2025-12-20T06:30:00Z,1.5134,17.232
2025-12-20T06:40:00Z,1.5216,17.245
2025-12-20T06:50:00Z,1.5154,17.268
2025-12-20T07:00:00Z,1.5141,17.249
2025-12-20T07:10:00Z,1.5156,17.192
2025-12-20T07:20:00Z,1.5105,17.146
2025-12-20T07:30:00Z,1.5135,17.133
2025-12-20T07:40:00Z,1.5091,17.129
2025-12-20T07:50:00Z,1.5188,17.124
2025-12-20T08:00:00Z,1.5169,17.139
2025-12-20T08:10:00Z,1.5008,17.148
2025-12-20T08:20:00Z,1.5061,17.125
2025-12-20T08:30:00Z,1.514,17.105
2025-12-20T08:40:00Z,1.512,17.063
2025-12-20T08:50:00Z,1.5169,17.059
2025-12-20T09:00:00Z,1.512,17.029
2025-12-20T09:10:00Z,1.5195,16.987
2025-12-20T09:20:00Z,1.5186,16.949
2025-12-20T09:30:00Z,1.5128,16.907
2025-12-20T09:40:00Z,1.5286,16.948
2025-12-20T09:50:00Z,1.5168,16.91
2025-12-20T10:00:00Z,1.5131,16.879
2025-12-20T10:10:00Z,1.5151,16.835
2025-12-20T10:20:00Z,1.5157,16.798
2025-12-20T10:30:00Z,1.5137,16.761
2025-12-20T10:40:00Z,1.5146,16.739
2025-12-20T10:50:00Z,1.5161,16.746
2025-12-20T11:00:00Z,1.5131,16.731
2025-12-20T11:10:00Z,1.5099,16.763
2025-12-20T11:20:00Z,1.5112,16.788
2025-12-20T11:30:00Z,1.5113,16.735
2025-12-20T11:40:00Z,1.5036,16.691
2025-12-20T11:50:00Z,1.5105,16.688
2025-12-20T12:00:00Z,1.5116,16.676
2025-12-20T12:10:00Z,1.5127,16.682
2025-12-20T12:20:00Z,1.5119,16.691
2025-12-20T12:30:00Z,1.512,16.673
2025-12-20T12:40:00Z,1.5152,16.639
2025-12-20T12:50:00Z,1.5121,16.639
2025-12-20T13:00:00Z,1.5124,16.63
2025-12-20T13:10:00Z,1.523,16.592
2025-12-20T13:20:00Z,1.5112,16.595
2025-12-20T13:30:00Z,1.5126,16.562
2025-12-20T13:40:00Z,1.5169,16.527
2025-12-20T13:50:00Z,1.5121,16.514
2025-12-20T14:00:00Z,1.5122,16.573
2025-12-20T14:10:00Z,1.5197,16.61
2025-12-20T14:20:00Z,1.511,16.638
2025-12-20T14:30:00Z,1.5122,16.603
2025-12-20T14:40:00Z,1.5088,16.642
2025-12-20T14:50:00Z,1.5112,16.625
2025-12-20T15:00:00Z,1.5114,16.626
2025-12-20T15:10:00Z,1.509,16.624
2025-12-20T15:20:00Z,1.5135,16.625
2025-12-20T15:30:00Z,1.516,16.478
2025-12-20T15:40:00Z,1.525,16.51
2025-12-20T15:50:00Z,1.5192,16.477
2025-12-20T16:00:00Z,1.5169,16.421
2025-12-20T16:10:00Z,1.5119,16.374
2025-12-20T16:20:00Z,1.5254,16.345
2025-12-20T16:30:00Z,1.5177,16.433
2025-12-20T16:40:00Z,1.5296,16.504
2025-12-20T16:50:00Z,1.5144,16.583
2025-12-20T17:00:00Z,1.5162,16.605
2025-12-20T17:10:00Z,1.5138,16.64
2025-12-20T17:20:00Z,1.5203,16.628
2025-12-20T17:30:00Z,1.5139,16.703
2025-12-20T17:40:00Z,1.5168,16.735
2025-12-20T17:50:00Z,1.5108,16.842
2025-12-20T18:00:00Z,1.5131,16.883
2025-12-20T18:10:00Z,1.5128,16.911
2025-12-20T18:20:00Z,1.5083,17.057
2025-12-20T18:30:00Z,1.514,17.114
2025-12-20T18:40:00Z,1.5071,17.27
2025-12-20T18:50:00Z,1.5088,17.502
2025-12-20T19:00:00Z,1.5121,17.681
2025-12-20T19:10:00Z,1.5165,17.733
2025-12-20T19:20:00Z,1.5051,17.865
2025-12-20T19:30:00Z,1.5131,17.99
2025-12-20T19:40:00Z,1.4974,18.13
2025-12-20T19:50:00Z,1.5066,18.191
2025-12-20T20:00:00Z,1.5146,18.257
2025-12-20T20:10:00Z,1.4916,18.34
2025-12-20T20:20:00Z,1.5128,18.357
2025-12-20T20:30:00Z,1.513,18.378
2025-12-20T20:40:00Z,1.5094,18.272
2025-12-20T20:50:00Z,1.507,18.217
2025-12-20T21:00:00Z,1.5116,18.174
2025-12-20T21:10:00Z,1.5093,18.332
2025-12-20T21:20:00Z,1.512,18.349
2025-12-20T21:30:00Z,1.5154,18.454
2025-12-20T21:40:00Z,1.5095,18.614
2025-12-20T21:50:00Z,1.5083,18.503
2025-12-20T22:00:00Z,1.5124,18.535
2025-12-20T22:10:00Z,1.5212,18.554
2025-12-20T22:20:00Z,1.5124,18.564
2025-12-20T22:30:00Z,1.5134,18.527
2025-12-20T22:40:00Z,1.5042,18.514
2025-12-20T22:50:00Z,1.5127,18.436
2025-12-20T23:00:00Z,1.514,18.44
2025-12-20T23:10:00Z,1.515,18.421
2025-12-20T23:20:00Z,1.5131,18.323
2025-12-20T23:30:00Z,1.5126,18.229
2025-12-20T23:40:00Z,1.5197,18.158
2025-12-20T23:50:00Z,1.5157,18.112
2025-12-21T00:00:00Z,1.5141,18.074
2025-12-21T00:10:00Z,1.5176,18.002
2025-12-21T00:20:00Z,1.5156,17.982
2025-12-21T00:30:00Z,1.5132,17.875
2025-12-21T00:40:00Z,1.5135,17.855
2025-12-21T00:50:00Z,1.5197,17.753
2025-12-21T01:00:00Z,1.5123,17.704
2025-12-21T01:10:00Z,1.518,17.681
2025-12-21T01:20:00Z,1.5143,17.654
2025-12-21T01:30:00Z,1.5143,17.618
2025-12-21T01:40:00Z,1.5174,17.596
2025-12-21T01:50:00Z,1.5153,17.584
2025-12-21T02:00:00Z,1.5152,17.552
2025-12-21T02:10:00Z,1.5189,17.531
2025-12-21T02:20:00Z,1.515,17.506
2025-12-21T02:30:00Z,1.5132,17.488
2025-12-21T02:40:00Z,1.5174,17.484
2025-12-21T02:50:00Z,1.5143,17.492
2025-12-21T03:00:00Z,1.5151,17.492
2025-12-21T03:10:00Z,1.5194,17.485
2025-12-21T03:20:00Z,1.5148,17.461
2025-12-21T03:30:00Z,1.5138,17.444
2025-12-21T03:40:00Z,1.5267,17.432
2025-12-21T03:50:00Z,1.5174,17.399
2025-12-21T04:00:00Z,1.5141,17.365
2025-12-21T04:10:00Z,1.5166,17.349
2025-12-21T04:20:00Z,1.5156,17.33
2025-12-21T04:30:00Z,1.5157,17.302
2025-12-21T04:40:00Z,1.5175,17.314
2025-12-21T04:50:00Z,1.5164,17.304
2025-12-21T05:00:00Z,1.5145,17.277
2025-12-21T05:10:00Z,1.5131,17.245
2025-12-21T05:20:00Z,1.5136,17.243
2025-12-21T05:30:00Z,1.5138,17.25
2025-12-21T05:40:00Z,1.5183,17.233
2025-12-21T05:50:00Z,1.5158,17.211
2025-12-21T06:00:00Z,1.5129,17.198
2025-12-21T06:10:00Z,1.5173,17.197
2025-12-21T06:20:00Z,1.5139,17.193
2025-12-21T06:30:00Z,1.5126,17.195
2025-12-21T06:40:00Z,1.509,17.119
2025-12-21T06:50:00Z,1.5122,17.121
2025-12-21T07:00:00Z,1.5148,17.107
2025-12-21T07:10:00Z,1.5105,17.104
2025-12-21T07:20:00Z,1.5128,17.113
2025-12-21T07:30:00Z,1.5133,17.091
2025-12-21T07:40:00Z,1.5135,17.083
2025-12-21T07:50:00Z,1.5159,17.098
2025-12-21T08:00:00Z,1.513,17.115
2025-12-21T08:10:00Z,1.5151,17.125
2025-12-21T08:20:00Z,1.5142,17.135
2025-12-21T08:30:00Z,1.5141,17.109
2025-12-21T08:40:00Z,1.5156,17.071
2025-12-21T08:50:00Z,1.509,17.055
2025-12-21T09:00:00Z,1.5138,17.064
2025-12-21T09:10:00Z,1.5191,17.067
2025-12-21T09:20:00Z,1.5089,17.045
2025-12-21T09:30:00Z,1.5124,17.041
2025-12-21T09:40:00Z,1.5158,17.04
2025-12-21T09:50:00Z,1.5155,17.084
2025-12-21T10:00:00Z,1.5129,17.074
2025-12-21T10:10:00Z,1.5072,17.052
2025-12-21T10:20:00Z,1.5097,17.049
2025-12-21T10:30:00Z,1.5139,17.033
2025-12-21T10:40:00Z,1.5068,17.042
2025-12-21T10:50:00Z,1.5119,17.06
2025-12-21T11:00:00Z,1.5133,17.065
2025-12-21T11:10:00Z,1.5083,17.085
2025-12-21T11:20:00Z,1.5166,17.082
2025-12-21T11:30:00Z,1.5138,17.081
2025-12-21T11:40:00Z,1.5115,17.101
2025-12-21T11:50:00Z,1.5123,17.105
2025-12-21T12:00:00Z,1.5127,17.103
2025-12-21T12:10:00Z,1.5101,17.107
2025-12-21T12:20:00Z,1.5107,17.062
2025-12-21T12:30:00Z,1.5141,17.051
2025-12-21T12:40:00Z,1.5079,17.059
2025-12-21T12:50:00Z,1.5157,17.051
2025-12-21T13:00:00Z,1.5156,17.053
2025-12-21T13:10:00Z,1.5185,17.049
2025-12-21T13:20:00Z,1.5137,17.054
2025-12-21T13:30:00Z,1.5138,17.057
2025-12-21T13:40:00Z,1.5207,17.062
2025-12-21T13:50:00Z,1.5164,17.068
2025-12-21T14:00:00Z,1.513,17.068
2025-12-21T14:10:00Z,1.529,17.053
2025-12-21T14:20:00Z,1.5164,17.016
2025-12-21T14:30:00Z,1.5121,17.018
2025-12-21T14:40:00Z,1.5115,17.04
2025-12-21T14:50:00Z,1.509,17.038
2025-12-21T15:00:00Z,1.5147,17.006
2025-12-21T15:10:00Z,1.5152,16.925
2025-12-21T15:20:00Z,1.5166,16.958
2025-12-21T15:30:00Z,1.5138,16.959
2025-12-21T15:40:00Z,1.5287,16.931
2025-12-21T15:50:00Z,1.5193,16.925
2025-12-21T16:00:00Z,1.5117,16.926
2025-12-21T16:10:00Z,1.5205,16.942
2025-12-21T16:20:00Z,1.5154,16.961
2025-12-21T16:30:00Z,1.5145,16.978
2025-12-21T16:40:00Z,1.5106,16.954
2025-12-21T16:50:00Z,1.5184,17.007
2025-12-21T17:00:00Z,1.5156,17.057
2025-12-21T17:10:00Z,1.5178,17.101
2025-12-21T17:20:00Z,1.5126,17.135
2025-12-21T17:30:00Z,1.515,17.169
2025-12-21T17:40:00Z,1.5173,17.192
2025-12-21T17:50:00Z,1.5143,17.237
2025-12-21T18:00:00Z,1.5145,17.231
2025-12-21T18:10:00Z,1.5175,17.314
2025-12-21T18:20:00Z,1.5121,17.29
2025-12-21T18:30:00Z,1.5155,17.296
2025-12-21T18:40:00Z,1.5108,17.28
2025-12-21T18:50:00Z,1.5106,17.277
2025-12-21T19:00:00Z,1.5173,17.306
2025-12-21T19:10:00Z,1.5151,17.284
2025-12-21T19:20:00Z,1.5136,17.294
2025-12-21T19:30:00Z,1.5172,17.283
2025-12-21T19:40:00Z,1.5085,17.32
2025-12-21T19:50:00Z,1.5117,17.312
2025-12-21T20:00:00Z,1.5179,17.359
2025-12-21T20:10:00Z,1.5041,17.437
2025-12-21T20:20:00Z,1.5106,17.523
2025-12-21T20:30:00Z,1.5203,17.486
2025-12-21T20:40:00Z,1.5065,17.496
2025-12-21T20:50:00Z,1.5122,17.558
2025-12-21T21:00:00Z,1.5204,17.682
2025-12-21T21:10:00Z,1.5143,17.729
2025-12-21T21:20:00Z,1.524,17.622
2025-12-21T21:30:00Z,1.5174,17.678
2025-12-21T21:40:00Z,1.5068,17.692
2025-12-21T21:50:00Z,1.5154,17.777
2025-12-21T22:00:00Z,1.5207,17.812
2025-12-21T22:10:00Z,1.5203,17.771
2025-12-21T22:20:00Z,1.5167,17.771
2025-12-21T22:30:00Z,1.5172,17.796
2025-12-21T22:40:00Z,1.518,17.783
2025-12-21T22:50:00Z,1.5166,17.781
2025-12-21T23:00:00Z,1.5202,17.791
2025-12-21T23:10:00Z,1.5178,17.785
2025-12-21T23:20:00Z,1.517,17.841
2025-12-21T23:30:00Z,1.5206,17.82
2025-12-21T23:40:00Z,1.5193,17.829
2025-12-21T23:50:00Z,1.5217,17.832
2025-12-22T00:00:00Z,1.5175,17.801
2025-12-22T00:10:00Z,1.5192,17.684
2025-12-22T00:20:00Z,1.521,17.662
2025-12-22T00:30:00Z,1.5166,17.69
2025-12-22T00:40:00Z,1.5074,17.674
2025-12-22T00:50:00Z,1.5145,17.701
2025-12-22T01:00:00Z,1.5154,17.686
2025-12-22T01:10:00Z,1.5245,17.649
2025-12-22T01:20:00Z,1.5174,17.666
2025-12-22T01:30:00Z,1.517,17.658
2025-12-22T01:40:00Z,1.5165,17.661
2025-12-22T01:50:00Z,1.5226,17.649
2025-12-22T02:00:00Z,1.5179,17.626
2025-12-22T02:10:00Z,1.5227,17.611
2025-12-22T02:20:00Z,1.518,17.593
2025-12-22T02:30:00Z,1.5166,17.596
2025-12-22T02:40:00Z,1.5249,17.604
2025-12-22T02:50:00Z,1.5177,17.602
2025-12-22T03:00:00Z,1.5146,17.604
2025-12-22T03:10:00Z,1.5156,17.597
2025-12-22T03:20:00Z,1.5107,17.601
2025-12-22T03:30:00Z,1.5162,17.602
2025-12-22T03:40:00Z,1.5157,17.582
2025-12-22T03:50:00Z,1.517,17.585
2025-12-22T04:00:00Z,1.5155,17.577
2025-12-22T04:10:00Z,1.5194,17.573
2025-12-22T04:20:00Z,1.5215,17.569
2025-12-22T04:30:00Z,1.5176,17.572
2025-12-22T04:40:00Z,1.5226,17.545
2025-12-22T04:50:00Z,1.5157,17.551
2025-12-22T05:00:00Z,1.5179,17.537
2025-12-22T05:10:00Z,1.5166,17.546
2025-12-22T05:20:00Z,1.515,17.537
2025-12-22T05:30:00Z,1.5165,17.521
2025-12-22T05:40:00Z,1.5138,17.513
2025-12-22T05:50:00Z,1.5115,17.524
2025-12-22T06:00:00Z,1.5146,17.529
2025-12-22T06:10:00Z,1.5074,17.527
2025-12-22T06:20:00Z,1.5129,17.501
2025-12-22T06:30:00Z,1.515,17.503
2025-12-22T06:40:00Z,1.5122,17.488
2025-12-22T06:50:00Z,1.5139,17.478
2025-12-22T07:00:00Z,1.516,17.475
2025-12-22T07:10:00Z,1.5134,17.462
2025-12-22T07:20:00Z,1.517,17.461
2025-12-22T07:30:00Z,1.5168,17.449
2025-12-22T07:40:00Z,1.5221,17.443
2025-12-22T07:50:00Z,1.5175,17.421
2025-12-22T08:00:00Z,1.515,17.413
2025-12-22T08:10:00Z,1.5097,17.423
2025-12-22T08:20:00Z,1.5114,17.408
2025-12-22T08:30:00Z,1.5161,17.396
2025-12-22T08:40:00Z,1.5172,17.384
2025-12-22T08:50:00Z,1.5136,17.347
2025-12-22T09:00:00Z,1.5145,17.324
2025-12-22T09:10:00Z,1.508,17.304
2025-12-22T09:20:00Z,1.5156,17.301
2025-12-22T09:30:00Z,1.5168,17.285
2025-12-22T09:40:00Z,1.5129,17.262
2025-12-22T09:50:00Z,1.5155,17.243
2025-12-22T10:00:00Z,1.5149,17.244
2025-12-22T10:10:00Z,1.5148,17.24
2025-12-22T10:20:00Z,1.5137,17.229
2025-12-22T10:30:00Z,1.5144,17.214
2025-12-22T10:40:00Z,1.5105,17.211
2025-12-22T10:50:00Z,1.5119,17.199
2025-12-22T11:00:00Z,1.513,17.196
2025-12-22T11:10:00Z,1.5046,17.212
2025-12-22T11:20:00Z,1.5133,17.201
2025-12-22T11:30:00Z,1.5139,17.213
2025-12-22T11:40:00Z,1.5122,17.188
2025-12-22T11:50:00Z,1.5087,17.178
2025-12-22T12:00:00Z,1.5135,17.174
2025-12-22T12:10:00Z,1.5107,17.18
2025-12-22T12:20:00Z,1.5129,17.164
2025-12-22T12:30:00Z,1.5117,17.144
2025-12-22T12:40:00Z,1.5057,17.132
2025-12-22T12:50:00Z,1.5083,17.095
2025-12-22T13:00:00Z,1.5145,17.094
2025-12-22T13:10:00Z,1.5199,17.077
2025-12-22T13:20:00Z,1.5174,17.08
2025-12-22T13:30:00Z,1.5143,17.068
2025-12-22T13:40:00Z,1.523,17.054
2025-12-22T13:50:00Z,1.521,17.046
2025-12-22T14:00:00Z,1.5142,17.043
2025-12-22T14:10:00Z,1.5186,17.036
2025-12-22T14:20:00Z,1.5153,17.027
2025-12-22T14:30:00Z,1.5141,17.031
2025-12-22T14:40:00Z,1.5166,17.017
2025-12-22T14:50:00Z,1.5168,17.019
2025-12-22T15:00:00Z,1.5159,17.034
2025-12-22T15:10:00Z,1.5193,17.028
2025-12-22T15:20:00Z,1.5137,16.969
2025-12-22T15:30:00Z,1.5151,16.992
2025-12-22T15:40:00Z,1.5142,16.937
2025-12-22T15:50:00Z,1.5168,16.899
2025-12-22T16:00:00Z,1.5146,16.928
2025-12-22T16:10:00Z,1.5303,16.972
2025-12-22T16:20:00Z,1.5212,16.999
2025-12-22T16:30:00Z,1.5143,17.037
2025-12-22T16:40:00Z,1.5129,17.05
2025-12-22T16:50:00Z,1.5189,17.059
2025-12-22T17:00:00Z,1.5156,17.087
2025-12-22T17:10:00Z,1.5179,17.082
2025-12-22T17:20:00Z,1.5215,17.14
2025-12-22T17:30:00Z,1.5166,17.167
2025-12-22T17:40:00Z,1.5209,17.249
2025-12-22T17:50:00Z,1.5159,17.273
2025-12-22T18:00:00Z,1.5174,17.302
2025-12-22T18:10:00Z,1.5108,17.312
2025-12-22T18:20:00Z,1.5179,17.392
2025-12-22T18:30:00Z,1.5195,17.368
2025-12-22T18:40:00Z,1.5082,17.439
2025-12-22T18:50:00Z,1.5089,17.46
2025-12-22T19:00:00Z,1.5202,17.483
2025-12-22T19:10:00Z,1.5044,17.577
2025-12-22T19:20:00Z,1.514,17.681
2025-12-22T19:30:00Z,1.5139,17.874
2025-12-22T19:40:00Z,1.4995,17.897
2025-12-22T19:50:00Z,1.5174,17.83
2025-12-22T20:00:00Z,1.5121,17.855
2025-12-22T20:10:00Z,1.5021,17.897
2025-12-22T20:20:00Z,1.5156,17.944
2025-12-22T20:30:00Z,1.5148,17.985
2025-12-22T20:40:00Z,1.493,18.043
2025-12-22T20:50:00Z,1.5032,18.142
2025-12-22T21:00:00Z,1.5184,18.248
2025-12-22T21:10:00Z,1.5103,18.322
2025-12-22T21:20:00Z,1.5019,18.433
2025-12-22T21:30:00Z,1.5134,18.41
2025-12-22T21:40:00Z,1.5101,18.497
2025-12-22T21:50:00Z,1.499,18.468
2025-12-22T22:00:00Z,1.5104,18.478
2025-12-22T22:10:00Z,1.5051,18.41
2025-12-22T22:20:00Z,1.5143,18.334
2025-12-22T22:30:00Z,1.5156,18.352
2025-12-22T22:40:00Z,1.5087,18.227
2025-12-22T22:50:00Z,1.5149,18.251
2025-12-22T23:00:00Z,1.5179,18.239
2025-12-22T23:10:00Z,1.5238,18.156
2025-12-22T23:20:00Z,1.5138,18.087
2025-12-22T23:30:00Z,1.5167,18.048
2025-12-22T23:40:00Z,1.5171,17.936
2025-12-22T23:50:00Z,1.5164,17.94
2025-12-23T00:00:00Z,1.5173,17.94
2025-12-23T00:10:00Z,1.511,17.928
2025-12-23T00:20:00Z,1.5157,17.963
2025-12-23T00:30:00Z,1.5168,17.977
2025-12-23T00:40:00Z,1.5073,17.972
2025-12-23T00:50:00Z,1.5171,17.89
2025-12-23T01:00:00Z,1.5134,17.882
2025-12-23T01:10:00Z,1.5147,17.785
2025-12-23T01:20:00Z,1.5122,17.664
2025-12-23T01:30:00Z,1.5141,17.653
2025-12-23T01:40:00Z,1.5278,17.593
2025-12-23T01:50:00Z,1.5215,17.615
2025-12-23T02:00:00Z,1.5175,17.639
2025-12-23T02:10:00Z,1.5195,17.672
2025-12-23T02:20:00Z,1.5245,17.677
2025-12-23T02:30:00Z,1.5152,17.646
2025-12-23T02:40:00Z,1.5016,17.632
2025-12-23T02:50:00Z,1.5267,17.594
2025-12-23T03:00:00Z,1.5165,17.562
2025-12-23T03:10:00Z,1.4911,17.517
2025-12-23T03:20:00Z,1.5206,17.46
2025-12-23T03:30:00Z,1.5164,17.419
2025-12-23T03:40:00Z,1.4953,17.401
2025-12-23T03:50:00Z,1.5171,17.374
2025-12-23T04:00:00Z,1.5156,17.365
2025-12-23T04:10:00Z,1.526,17.345
2025-12-23T04:20:00Z,1.517,17.313
2025-12-23T04:30:00Z,1.5144,17.333
2025-12-23T04:40:00Z,1.521,17.257
2025-12-23T04:50:00Z,1.5068,17.242
2025-12-23T05:00:00Z,1.5165,17.266
2025-12-23T05:10:00Z,1.522,17.252
2025-12-23T05:20:00Z,1.521,17.234
2025-12-23T05:30:00Z,1.5163,17.19
2025-12-23T05:40:00Z,1.5267,17.268
2025-12-23T05:50:00Z,1.5145,17.233
2025-12-23T06:00:00Z,1.5109,17.206
2025-12-23T06:10:00Z,1.5255,17.189
2025-12-23T06:20:00Z,1.5127,17.18
2025-12-23T06:30:00Z,1.5142,17.168
2025-12-23T06:40:00Z,1.5023,17.135
2025-12-23T06:50:00Z,1.5086,17.124
2025-12-23T07:00:00Z,1.5145,17.143
2025-12-23T07:10:00Z,1.5058,17.152
2025-12-23T07:20:00Z,1.5264,17.134
2025-12-23T07:30:00Z,1.5135,17.116
2025-12-23T07:40:00Z,1.4729,17.125
2025-12-23T07:50:00Z,1.5372,17.106
2025-12-23T08:00:00Z,1.5163,17.09
2025-12-23T08:10:00Z,1.521,17.111
2025-12-23T08:20:00Z,1.517,17.102
2025-12-23T08:30:00Z,1.5157,17.093
2025-12-23T08:40:00Z,1.5019,17.102
2025-12-23T08:50:00Z,1.5237,17.108
2025-12-23T09:00:00Z,1.5125,17.088
2025-12-23T09:10:00Z,1.5281,17.061
2025-12-23T09:20:00Z,1.5187,17.056
2025-12-23T09:30:00Z,1.5168,17.04
2025-12-23T09:40:00Z,1.5112,17.037
2025-12-23T09:50:00Z,1.5261,17.048
2025-12-23T10:00:00Z,1.5164,17.051
2025-12-23T10:10:00Z,1.5186,17.058
2025-12-23T10:20:00Z,1.491,17.043
2025-12-23T10:30:00Z,1.5162,17.071
2025-12-23T10:40:00Z,1.5042,17.073
2025-12-23T10:50:00Z,1.517,17.106
2025-12-23T11:00:00Z,1.5112,17.103
2025-12-23T11:10:00Z,1.5073,17.088
2025-12-23T11:20:00Z,1.5107,17.077
2025-12-23T11:30:00Z,1.5141,17.066
2025-12-23T11:40:00Z,1.5173,17.05
2025-12-23T11:50:00Z,1.5122,17.016
2025-12-23T12:00:00Z,1.5111,16.998
2025-12-23T12:10:00Z,1.4689,16.993
2025-12-23T12:20:00Z,1.5265,16.988
2025-12-23T12:30:00Z,1.5165,16.993
2025-12-23T12:40:00Z,1.518,16.983
2025-12-23T12:50:00Z,1.5145,16.998
2025-12-23T13:00:00Z,1.5152,17.016
2025-12-23T13:10:00Z,1.5273,17.035
2025-12-23T13:20:00Z,1.5299,17.046
2025-12-23T13:30:00Z,1.5134,17.064
2025-12-23T13:40:00Z,1.4927,17.063
2025-12-23T13:50:00Z,1.5019,17.053
2025-12-23T14:00:00Z,1.5071,17.027
2025-12-23T14:10:00Z,1.5067,17.052
2025-12-23T14:20:00Z,1.5079,17.022
2025-12-23T14:30:00Z,1.5078,17.066
2025-12-23T14:40:00Z,1.5086,17.061
2025-12-23T14:50:00Z,1.5166,17.048
2025-12-23T15:00:00Z,1.5077,16.989
2025-12-23T15:10:00Z,1.533,17.027
2025-12-23T15:20:00Z,1.5101,17.029
2025-12-23T15:30:00Z,1.5037,16.937
2025-12-23T15:40:00Z,1.5046,16.927
2025-12-23T15:50:00Z,1.4985,16.893
2025-12-23T16:00:00Z,1.5079,16.887
2025-12-23T16:10:00Z,1.5016,16.914
2025-12-23T16:20:00Z,1.5122,16.949
2025-12-23T16:30:00Z,1.5107,16.943
2025-12-23T16:40:00Z,1.5387,16.97
2025-12-23T16:50:00Z,1.5244,16.974
2025-12-23T17:00:00Z,1.5152,16.925
2025-12-23T17:10:00Z,1.5053,16.898
2025-12-23T17:20:00Z,1.5284,16.933
2025-12-23T17:30:00Z,1.5128,16.882
2025-12-23T17:40:00Z,1.5209,16.869
2025-12-23T17:50:00Z,1.5081,16.866
2025-12-23T18:00:00Z,1.5134,16.883
2025-12-23T18:10:00Z,1.5133,16.943
2025-12-23T18:20:00Z,1.5045,17.046
2025-12-23T18:30:00Z,1.5104,17.047
2025-12-23T18:40:00Z,1.485,17.081
2025-12-23T18:50:00Z,1.5023,17.092
2025-12-23T19:00:00Z,1.4961,17.094
2025-12-23T19:10:00Z,1.5022,17.083
2025-12-23T19:30:00Z,1.5158,17.207
2025-12-23T19:45:00Z,1.517,17.132
2025-12-23T20:00:00Z,1.5078,17.116
2025-12-23T20:15:00Z,1.5126,17.119
2025-12-23T20:30:00Z,1.5139,17.143
2025-12-23T20:45:00Z,1.5214,17.115
2025-12-23T21:00:00Z,1.5164,17.068
2025-12-23T21:15:00Z,1.5119,17.051
2025-12-23T21:30:00Z,1.5169,17.054
2025-12-23T21:45:00Z,1.5163,16.983
2025-12-23T22:00:00Z,1.5106,16.976
2025-12-23T22:15:00Z,1.5043,16.996
2025-12-23T22:30:00Z,1.5117,16.985
2025-12-23T22:45:00Z,1.4988,16.973
2025-12-23T23:00:00Z,1.4954,16.937
2025-12-23T23:15:00Z,1.5199,16.942
2025-12-23T23:30:00Z,1.4887,16.918
2025-12-23T23:45:00Z,1.512,16.91
2025-12-24T00:00:00Z,1.5098,16.891
2025-12-24T00:15:00Z,1.4985,16.839
2025-12-24T00:30:00Z,1.515,16.783
2025-12-24T00:45:00Z,1.5081,16.774
2025-12-24T01:00:00Z,1.5037,16.765
2025-12-24T01:15:00Z,1.5037,16.752
2025-12-24T01:30:00Z,1.5305,16.717
2025-12-24T01:45:00Z,1.521,16.689
2025-12-24T02:00:00Z,1.5168,16.683
2025-12-24T02:15:00Z,1.5171,16.683
2025-12-24T02:30:00Z,1.5104,16.684
2025-12-24T02:45:00Z,1.5315,16.683
2025-12-24T03:00:00Z,1.5368,16.703
2025-12-24T03:15:00Z,1.5133,16.68
2025-12-24T03:30:00Z,1.5146,16.656
2025-12-24T03:45:00Z,1.5265,16.633
2025-12-24T04:00:00Z,1.528,16.615
2025-12-24T04:15:00Z,1.5473,16.599
2025-12-24T04:30:00Z,1.5432,16.564
2025-12-24T04:45:00Z,1.5299,16.538
2025-12-24T05:00:00Z,1.5262,16.511
2025-12-24T05:15:00Z,1.5172,16.498
2025-12-24T05:30:00Z,1.5243,16.48
2025-12-24T05:45:00Z,1.5285,16.473
2025-12-24T06:00:00Z,1.5326,16.473
2025-12-24T06:15:00Z,1.5232,16.473
2025-12-24T06:30:00Z,1.549,16.457
2025-12-24T06:45:00Z,1.5566,16.443
2025-12-24T07:00:00Z,1.545,16.456
2025-12-24T07:15:00Z,1.5412,16.43
2025-12-24T07:30:00Z,1.5462,16.431
2025-12-24T07:45:00Z,1.5802,16.386
2025-12-24T08:00:00Z,1.6039,16.397
2025-12-24T08:15:00Z,1.6192,16.416
2025-12-24T08:30:00Z,1.6649,16.399
2025-12-24T08:45:00Z,1.6893,16.379
2025-12-24T09:00:00Z,1.7008,16.404
2025-12-24T09:15:00Z,1.7423,16.423
2025-12-24T09:30:00Z,1.7707,16.459
2025-12-24T09:45:00Z,1.8014,16.435
2025-12-24T10:00:00Z,1.8332,16.455
2025-12-24T10:15:00Z,1.8733,16.438
2025-12-24T10:30:00Z,1.9378,16.413
2025-12-24T10:45:00Z,1.954,16.367
2025-12-24T11:00:00Z,1.9882,16.368
2025-12-24T11:15:00Z,1.9682,16.382
2025-12-24T11:30:00Z,2.0108,16.4
2025-12-24T11:45:00Z,2.0297,16.398
2025-12-24T12:00:00Z,2.0677,16.402
2025-12-24T12:15:00Z,2.0994,16.409
2025-12-24T12:30:00Z,2.1349,16.391
2025-12-24T12:45:00Z,2.1561,16.395
2025-12-24T13:00:00Z,2.1706,16.393
2025-12-24T13:15:00Z,2.1992,16.405
2025-12-24T13:30:00Z,2.2241,16.408
2025-12-24T13:45:00Z,2.294,16.441
2025-12-24T14:00:00Z,2.4122,16.429
2025-12-24T14:15:00Z,2.4524,16.42
2025-12-24T14:30:00Z,2.454,16.435
2025-12-24T14:45:00Z,2.4613,16.446
2025-12-24T15:00:00Z,2.45,16.468
2025-12-24T15:15:00Z,2.4513,16.464
2025-12-24T15:30:00Z,2.4443,16.465
2025-12-24T15:45:00Z,2.4415,16.48
2025-12-24T16:00:00Z,2.4355,16.443
2025-12-24T16:15:00Z,2.4378,16.473
2025-12-24T16:30:00Z,2.4392,16.438
2025-12-24T16:45:00Z,2.4472,16.45
2025-12-24T17:00:00Z,2.4447,16.483
2025-12-24T17:15:00Z,2.4531,16.467
2025-12-24T17:30:00Z,2.4568,16.455
2025-12-24T17:45:00Z,2.4639,16.458
2025-12-24T18:00:00Z,2.4698,16.467
2025-12-24T18:15:00Z,2.4818,16.472
2025-12-24T18:30:00Z,2.4852,16.442
2025-12-24T18:45:00Z,2.4952,16.448
2025-12-24T19:00:00Z,2.4823,16.457
2025-12-24T19:15:00Z,2.4848,16.469
2025-12-24T19:30:00Z,2.4566,16.502
2025-12-24T19:45:00Z,2.4646,16.483
2025-12-24T20:00:00Z,2.4603,16.418
2025-12-24T20:15:00Z,2.4683,16.419
2025-12-24T20:30:00Z,2.4633,16.428
2025-12-24T20:45:00Z,2.4408,16.436
2025-12-24T21:00:00Z,2.4452,16.457
2025-12-24T21:15:00Z,2.4321,16.474
2025-12-24T21:30:00Z,2.4217,16.509
2025-12-24T21:45:00Z,2.4205,16.49
2025-12-24T22:00:00Z,2.4141,16.505
2025-12-24T22:15:00Z,2.4037,16.533
2025-12-24T22:30:00Z,2.3931,16.524
2025-12-24T22:45:00Z,2.3783,16.503
2025-12-24T23:00:00Z,2.3851,16.534
2025-12-24T23:15:00Z,2.3714,16.527
2025-12-24T23:30:00Z,2.371,16.519
2025-12-24T23:45:00Z,2.3514,16.521
2025-12-25T00:00:00Z,2.3615,16.533
2025-12-25T00:15:00Z,2.3432,16.518
2025-12-25T00:30:00Z,2.3451,16.486
2025-12-25T00:45:00Z,2.3316,16.505
2025-12-25T01:00:00Z,2.3284,16.488
2025-12-25T01:15:00Z,2.3192,16.468
2025-12-25T01:30:00Z,2.3205,16.469
2025-12-25T01:45:00Z,2.313,16.46
2025-12-25T02:00:00Z,2.3089,16.407
2025-12-25T02:15:00Z,2.3092,16.369
2025-12-25T02:30:00Z,2.2973,16.425
2025-12-25T02:45:00Z,2.3009,16.421
2025-12-25T03:00:00Z,2.2962,16.396
2025-12-25T03:15:00Z,2.312,16.394
2025-12-25T03:30:00Z,2.4184,16.447
2025-12-25T03:45:00Z,2.5136,16.413
2025-12-25T04:00:00Z,2.5734,16.412
2025-12-25T04:15:00Z,2.6299,16.43
2025-12-25T04:30:00Z,2.6084,16.421
2025-12-25T04:45:00Z,2.6372,16.282
2025-12-25T05:00:00Z,2.6137,16.356
2025-12-25T05:15:00Z,2.6112,16.388
2025-12-25T05:30:00Z,2.6023,16.249
2025-12-25T05:45:00Z,2.5985,16.3
2025-12-25T06:00:00Z,2.5944,16.325
2025-12-25T06:15:00Z,2.577,16.407
2025-12-25T06:30:00Z,2.5712,16.428
2025-12-25T06:45:00Z,2.5488,16.408
2025-12-25T07:00:00Z,2.5462,16.282
2025-12-25T07:15:00Z,2.529,16.245
2025-12-25T07:30:00Z,2.5218,16.188
2025-12-25T07:45:00Z,2.5093,16.131
2025-12-25T08:00:00Z,2.4982,16.159
2025-12-25T08:15:00Z,2.4855,16.148
2025-12-25T08:30:00Z,2.4639,16.171
2025-12-25T08:45:00Z,2.4636,16.241
2025-12-25T09:00:00Z,2.4552,16.263
2025-12-25T09:15:00Z,2.4459,16.274
2025-12-25T09:30:00Z,2.4336,16.249
2025-12-25T09:45:00Z,2.4223,16.283
2025-12-25T10:00:00Z,2.4193,16.282
2025-12-25T10:15:00Z,2.4063,16.236
2025-12-25T10:30:00Z,2.3943,16.262
2025-12-25T10:45:00Z,2.3887,16.158
2025-12-25T11:00:00Z,2.3838,16.152
2025-12-25T11:15:00Z,2.3763,16.145
2025-12-25T11:30:00Z,2.366,16.157
2025-12-25T11:45:00Z,2.3566,16.16
2025-12-25T12:00:00Z,2.3501,16.228
2025-12-25T12:15:00Z,2.3422,16.239
2025-12-25T12:30:00Z,2.3384,16.25
2025-12-25T12:45:00Z,2.3316,16.337
2025-12-25T13:00:00Z,2.32,16.362
2025-12-25T13:15:00Z,2.3117,16.368
2025-12-25T13:30:00Z,2.313,16.37
2025-12-25T13:45:00Z,2.3094,16.401
2025-12-25T14:00:00Z,2.2991,16.352
2025-12-25T14:15:00Z,2.2909,16.256
2025-12-25T14:30:00Z,2.2909,16.336
2025-12-25T14:45:00Z,2.2821,16.35
2025-12-25T15:00:00Z,2.2792,16.347
2025-12-25T15:15:00Z,2.2771,16.329
2025-12-25T15:30:00Z,2.2686,16.3
2025-12-25T15:45:00Z,2.2579,16.344
2025-12-25T16:00:00Z,2.2617,16.333
2025-12-25T16:15:00Z,2.2605,16.285
2025-12-25T16:30:00Z,2.2497,16.122
2025-12-25T16:45:00Z,2.2422,16.039
2025-12-25T17:00:00Z,2.2452,16.029
2025-12-25T17:15:00Z,2.2359,16.189
2025-12-25T17:30:00Z,2.2389,16.225
2025-12-25T17:45:00Z,2.2363,16.153
2025-12-25T18:00:00Z,2.2258,16.253
2025-12-25T18:15:00Z,2.2319,16.341
2025-12-25T18:30:00Z,2.2272,16.31
2025-12-25T18:45:00Z,2.2306,16.323
2025-12-25T19:00:00Z,2.2374,16.277
2025-12-25T19:15:00Z,2.2438,16.284
2025-12-25T19:30:00Z,2.2567,15.986
2025-12-25T19:45:00Z,2.2593,16.281
2025-12-25T20:00:00Z,2.2589,16.198
2025-12-25T20:15:00Z,2.2684,16.154
2025-12-25T20:30:00Z,2.2788,16.062
2025-12-25T20:45:00Z,2.291,16.026
2025-12-25T21:00:00Z,2.2957,16.096
2025-12-25T21:15:00Z,2.2991,16.131
2025-12-25T21:30:00Z,2.2957,16.084
2025-12-25T21:45:00Z,2.3,16.006
2025-12-25T22:00:00Z,2.2998,16.108
2025-12-25T22:15:00Z,2.3003,16.143
2025-12-25T22:30:00Z,2.3041,16.174
2025-12-25T22:45:00Z,2.3075,16.23
2025-12-25T23:00:00Z,2.3064,16.265
2025-12-25T23:15:00Z,2.3047,16.277
2025-12-25T23:30:00Z,2.3108,16.25
2025-12-25T23:45:00Z,2.3075,16.249
2025-12-26T00:00:00Z,2.3081,16.265
2025-12-26T00:15:00Z,2.3086,16.191
2025-12-26T00:30:00Z,2.3129,16.114
2025-12-26T00:45:00Z,2.3071,16.122
2025-12-26T01:00:00Z,2.3117,16.103
2025-12-26T01:15:00Z,2.312,16.049
2025-12-26T01:30:00Z,2.3136,16.105
2025-12-26T01:45:00Z,2.3114,16.102
2025-12-26T02:00:00Z,2.3087,16.153
2025-12-26T02:15:00Z,2.3057,16.134
2025-12-26T02:30:00Z,2.3038,16.151
2025-12-26T02:45:00Z,2.3058,16.182
2025-12-26T03:00:00Z,2.3026,16.224
2025-12-26T03:15:00Z,2.3025,16.273
2025-12-26T03:30:00Z,2.2994,16.292
2025-12-26T03:45:00Z,2.29,16.287
2025-12-26T04:00:00Z,2.2878,16.3
2025-12-26T04:15:00Z,2.287,16.303
2025-12-26T04:30:00Z,2.2888,16.329
2025-12-26T04:45:00Z,2.2957,16.406
2025-12-26T05:00:00Z,2.3091,16.381
2025-12-26T05:15:00Z,2.3105,16.392
2025-12-26T05:30:00Z,2.3258,16.376
2025-12-26T05:45:00Z,2.3319,16.291
2025-12-26T06:00:00Z,2.3378,16.283
2025-12-26T06:15:00Z,2.3253,16.223
2025-12-26T06:30:00Z,2.3389,16.243
2025-12-26T06:45:00Z,2.3298,16.264
2025-12-26T07:00:00Z,2.3388,16.145
2025-12-26T07:15:00Z,2.3333,16.135
2025-12-26T07:30:00Z,2.3382,16.232
2025-12-26T07:45:00Z,2.3284,16.158
2025-12-26T08:00:00Z,2.3278,15.855
2025-12-26T08:15:00Z,2.3168,16.076
2025-12-26T08:30:00Z,2.315,15.923
2025-12-26T08:45:00Z,2.308,15.958
2025-12-26T09:00:00Z,2.3075,15.991
2025-12-26T09:15:00Z,2.2999,16.027
2025-12-26T09:30:00Z,2.2994,15.97
2025-12-26T09:45:00Z,2.2893,15.953
2025-12-26T10:00:00Z,2.2858,15.97
2025-12-26T10:15:00Z,2.2814,16.013
2025-12-26T10:30:00Z,2.276,16.109
2025-12-26T10:45:00Z,2.2713,16.149
2025-12-26T11:00:00Z,2.2657,16.216
2025-12-26T11:15:00Z,2.2635,16.178
2025-12-26T11:30:00Z,2.2567,16.176
2025-12-26T11:45:00Z,2.254,16.167
2025-12-26T12:00:00Z,2.2491,16.147
2025-12-26T12:15:00Z,2.2453,16.156
2025-12-26T12:30:00Z,2.2409,16.157
2025-12-26T12:45:00Z,2.2376,16.139
2025-12-26T13:00:00Z,2.2348,16.149
2025-12-26T13:15:00Z,2.2312,16.183
2025-12-26T13:30:00Z,2.2284,16.22
2025-12-26T13:45:00Z,2.2261,16.244
2025-12-26T14:00:00Z,2.223,16.269
2025-12-26T14:15:00Z,2.2262,16.29
2025-12-26T14:30:00Z,2.2294,16.311
2025-12-26T14:45:00Z,2.2219,16.303
2025-12-26T15:00:00Z,2.2216,16.285
2025-12-26T15:15:00Z,2.2169,16.219
2025-12-26T15:30:00Z,2.2148,16.206
2025-12-26T15:45:00Z,2.2115,16.194
2025-12-26T16:00:00Z,2.21,16.151
2025-12-26T16:15:00Z,2.2052,16.119
2025-12-26T16:30:00Z,2.2017,16.138
2025-12-26T16:45:00Z,2.1985,16.093
2025-12-26T17:00:00Z,2.1979,16.19
2025-12-26T17:15:00Z,2.1918,16.201
2025-12-26T17:30:00Z,2.1928,16.248
2025-12-26T17:45:00Z,2.1882,16.251
2025-12-26T18:00:00Z,2.1842,16.289
2025-12-26T18:15:00Z,2.18,16.288
2025-12-26T18:30:00Z,2.1815,16.299
2025-12-26T18:45:00Z,2.1743,16.358
2025-12-26T19:00:00Z,2.1771,16.351
2025-12-26T19:15:00Z,2.1704,16.327
2025-12-26T19:30:00Z,2.1682,16.318
2025-12-26T19:45:00Z,2.1653,16.334
2025-12-26T20:00:00Z,2.1625,16.279
2025-12-26T20:15:00Z,2.1616,16.334
2025-12-26T20:30:00Z,2.163,16.373
2025-12-26T20:45:00Z,2.1578,16.404
2025-12-26T21:00:00Z,2.1576,16.432
2025-12-26T21:15:00Z,2.1524,16.391
2025-12-26T21:30:00Z,2.1539,16.361
2025-12-26T21:45:00Z,2.1538,16.36
2025-12-26T22:00:00Z,2.1463,16.348
2025-12-26T22:15:00Z,2.1431,16.341
2025-12-26T22:30:00Z,2.1439,16.385
2025-12-26T22:45:00Z,2.1401,16.426
2025-12-26T23:00:00Z,2.1415,16.557
2025-12-26T23:15:00Z,2.1352,16.576
2025-12-26T23:30:00Z,2.1342,16.616
2025-12-26T23:45:00Z,2.1321,16.61
2025-12-27T00:00:00Z,2.1356,16.543
2025-12-27T00:15:00Z,2.1232,16.531
2025-12-27T00:30:00Z,2.1267,16.495
2025-12-27T00:45:00Z,2.1225,16.423
2025-12-27T01:00:00Z,2.1211,16.36
2025-12-27T01:15:00Z,2.1153,16.342
2025-12-27T01:30:00Z,2.1154,16.347
2025-12-27T01:45:00Z,2.1128,16.321
2025-12-27T02:00:00Z,2.1134,16.366
2025-12-27T02:15:00Z,2.1096,16.341
2025-12-27T02:30:00Z,2.1101,16.35
2025-12-27T02:45:00Z,2.1076,16.413
2025-12-27T03:00:00Z,2.1069,16.411
2025-12-27T03:15:00Z,2.1064,16.424
2025-12-27T03:30:00Z,2.1038,16.428
2025-12-27T03:45:00Z,2.1019,16.434
2025-12-27T04:00:00Z,2.1024,16.433
2025-12-27T04:15:00Z,2.0997,16.42
2025-12-27T04:30:00Z,2.0979,16.403
2025-12-27T04:45:00Z,2.0956,16.395
2025-12-27T05:00:00Z,2.0956,16.408
2025-12-27T05:15:00Z,2.0946,16.464
2025-12-27T05:30:00Z,2.0899,16.477
2025-12-27T05:45:00Z,2.0919,16.503
2025-12-27T06:00:00Z,2.0893,16.52
2025-12-27T06:15:00Z,2.0871,16.532
2025-12-27T06:30:00Z,2.0848,16.571
2025-12-27T06:45:00Z,2.0856,16.579
2025-12-27T07:00:00Z,2.0807,16.577
2025-12-27T07:15:00Z,2.0838,16.564
2025-12-27T07:30:00Z,2.0751,16.551
2025-12-27T07:45:00Z,2.0837,16.551
2025-12-27T08:00:00Z,2.0785,16.537
2025-12-27T08:15:00Z,2.0798,16.522
2025-12-27T08:30:00Z,2.0713,16.477
2025-12-27T08:45:00Z,2.0729,16.485
2025-12-27T09:00:00Z,2.0694,16.48
2025-12-27T09:15:00Z,2.0762,16.461
2025-12-27T09:30:00Z,2.0704,16.452
2025-12-27T09:45:00Z,2.0665,16.431
2025-12-27T10:00:00Z,2.064,16.458
2025-12-27T10:15:00Z,2.0628,16.467
2025-12-27T10:30:00Z,2.0647,16.474
2025-12-27T10:45:00Z,2.0627,16.456
2025-12-27T11:00:00Z,2.0614,16.449
2025-12-27T11:15:00Z,2.0615,16.468
2025-12-27T11:30:00Z,2.061,16.47
2025-12-27T11:45:00Z,2.0564,16.47
2025-12-27T12:00:00Z,2.0534,16.452
2025-12-27T12:15:00Z,2.0546,16.413
2025-12-27T12:30:00Z,2.0541,16.435
2025-12-27T12:45:00Z,2.054,16.421
2025-12-27T13:00:00Z,2.0528,16.424
2025-12-27T13:15:00Z,2.0505,16.386
2025-12-27T13:30:00Z,2.0485,16.4
2025-12-27T13:45:00Z,2.0491,16.394
2025-12-27T14:00:00Z,2.0474,16.383
2025-12-27T14:15:00Z,2.0472,16.398
2025-12-27T14:30:00Z,2.0456,16.4
2025-12-27T14:45:00Z,2.0429,16.375
2025-12-27T15:00:00Z,2.0419,16.345
2025-12-27T15:15:00Z,2.0417,16.335
2025-12-27T15:30:00Z,2.0468,16.319
2025-12-27T15:45:00Z,2.0502,16.358
2025-12-27T16:00:00Z,2.0455,16.378
2025-12-27T16:15:00Z,2.0554,16.362
2025-12-27T16:30:00Z,2.0461,16.399
2025-12-27T16:45:00Z,2.0358,16.355
2025-12-27T17:00:00Z,2.0342,16.375
2025-12-27T17:15:00Z,2.0323,16.366
2025-12-27T17:30:00Z,2.0312,16.332
2025-12-27T17:45:00Z,2.0377,16.398
2025-12-27T18:00:00Z,2.0273,16.435
2025-12-27T18:15:00Z,2.0269,16.471
2025-12-27T18:30:00Z,2.0271,16.586
2025-12-27T18:45:00Z,2.0268,16.78
2025-12-27T19:00:00Z,2.026,16.831
2025-12-27T19:15:00Z,2.0256,16.856
2025-12-27T19:30:00Z,2.0256,16.874
2025-12-27T19:45:00Z,2.025,16.842
2025-12-27T20:00:00Z,2.0266,17.075
2025-12-27T20:15:00Z,2.0267,17.188
2025-12-27T20:30:00Z,2.0225,17.235
2025-12-27T20:45:00Z,2.0156,17.154
2025-12-27T21:00:00Z,2.0177,17.167
2025-12-27T21:15:00Z,2.0166,17.251
2025-12-27T21:30:00Z,2.0191,17.324
2025-12-27T21:45:00Z,2.0111,17.256
2025-12-27T22:00:00Z,2.0098,17.291
2025-12-27T22:15:00Z,2.0105,17.016
2025-12-27T22:30:00Z,2.0051,17.008
2025-12-27T22:45:00Z,2.0025,17.069
2025-12-27T23:00:00Z,2.0043,17.18
2025-12-27T23:15:00Z,2.0065,17.089
2025-12-27T23:30:00Z,1.9986,16.807
2025-12-27T23:45:00Z,2.0032,16.909
2025-12-28T00:00:00Z,1.995,16.818
2025-12-28T00:15:00Z,2.0016,16.828
2025-12-28T00:30:00Z,1.9928,16.842
2025-12-28T00:45:00Z,1.9911,16.999
2025-12-28T01:00:00Z,1.9889,16.898
2025-12-28T01:15:00Z,1.9947,16.832
2025-12-28T01:30:00Z,2.004,16.812
2025-12-28T01:45:00Z,1.9908,16.801
2025-12-28T02:00:00Z,1.9942,16.795
2025-12-28T02:15:00Z,1.9876,16.787
2025-12-28T02:30:00Z,1.9887,16.822
2025-12-28T02:45:00Z,1.9873,16.792
2025-12-28T03:00:00Z,1.9871,16.822
2025-12-28T03:15:00Z,1.9876,16.764
2025-12-28T03:30:00Z,1.9857,16.75
2025-12-28T03:45:00Z,1.9793,16.738
2025-12-28T04:00:00Z,1.9829,16.737
2025-12-28T04:15:00Z,1.9775,16.725
2025-12-28T04:30:00Z,1.9798,16.718
2025-12-28T04:45:00Z,1.9756,16.709
2025-12-28T05:00:00Z,1.9794,16.622
2025-12-28T05:15:00Z,1.978,16.657
2025-12-28T05:30:00Z,1.9756,16.631
2025-12-28T05:45:00Z,1.9753,16.63
2025-12-28T06:00:00Z,1.9738,16.646
2025-12-28T06:15:00Z,1.972,16.646
2025-12-28T06:30:00Z,1.9716,16.63
2025-12-28T06:45:00Z,1.9739,16.632
2025-12-28T07:00:00Z,1.9702,16.615
2025-12-28T07:15:00Z,1.9686,16.605
2025-12-28T07:30:00Z,1.9655,16.553
2025-12-28T07:45:00Z,1.9653,16.541
2025-12-28T08:00:00Z,1.9625,16.545
2025-12-28T08:15:00Z,1.9616,16.551
2025-12-28T08:30:00Z,1.9618,16.563
2025-12-28T08:45:00Z,1.9612,16.528
2025-12-28T09:00:00Z,1.9574,16.533
2025-12-28T09:15:00Z,1.958,16.535
2025-12-28T09:30:00Z,1.9572,16.532
2025-12-28T09:45:00Z,1.9585,16.521
2025-12-28T10:00:00Z,1.9516,16.494
2025-12-28T10:15:00Z,1.9553,16.532
2025-12-28T10:30:00Z,1.9518,16.57
2025-12-28T10:45:00Z,1.9515,16.556
2025-12-28T11:00:00Z,1.9517,16.573
2025-12-28T11:15:00Z,1.9509,16.564
2025-12-28T11:30:00Z,1.9477,16.563
2025-12-28T11:45:00Z,1.9491,16.572
2025-12-28T12:00:00Z,1.9481,16.585
2025-12-28T12:15:00Z,1.9441,16.578
2025-12-28T12:30:00Z,1.9467,16.568
2025-12-28T12:45:00Z,1.9425,16.569
2025-12-28T13:00:00Z,1.9434,16.526
2025-12-28T13:15:00Z,1.9434,16.479
2025-12-28T13:30:00Z,1.9418,16.47
2025-12-28T13:45:00Z,1.9382,16.438
2025-12-28T14:00:00Z,1.9359,16.463
2025-12-28T14:15:00Z,1.9369,16.501
2025-12-28T14:30:00Z,1.936,16.484
2025-12-28T14:45:00Z,1.9327,16.45
2025-12-28T15:00:00Z,1.9344,16.406
2025-12-28T15:15:00Z,1.9322,16.404
2025-12-28T15:30:00Z,1.939,16.453
2025-12-28T15:45:00Z,1.9395,16.416
2025-12-28T16:00:00Z,1.9334,16.435
2025-12-28T16:15:00Z,1.9416,16.449
2025-12-28T16:30:00Z,1.9442,16.262
2025-12-28T16:45:00Z,1.9361,16.134
2025-12-28T17:00:00Z,1.9306,15.978
2025-12-28T17:15:00Z,1.9239,16.011
2025-12-28T17:30:00Z,1.9176,16.079
2025-12-28T17:45:00Z,1.925,16.155
2025-12-28T18:00:00Z,1.9245,16.105
2025-12-28T18:15:00Z,1.9221,16.305
2025-12-28T18:30:00Z,1.9196,16.402
2025-12-28T18:45:00Z,1.9189,16.42
2025-12-28T19:00:00Z,1.9164,16.53
2025-12-28T19:15:00Z,1.9179,16.687
2025-12-28T19:30:00Z,1.9172,16.849
2025-12-28T19:45:00Z,1.9153,16.999
2025-12-28T20:00:00Z,1.912,17.115
2025-12-28T20:15:00Z,1.916,17.092
2025-12-28T20:30:00Z,1.9122,17.089
2025-12-28T20:45:00Z,1.9112,17.09
2025-12-28T21:00:00Z,1.9095,17.167
2025-12-28T21:15:00Z,1.9108,17.143
2025-12-28T21:30:00Z,1.9077,17.234
2025-12-28T21:45:00Z,1.9068,17.187
2025-12-28T22:00:00Z,1.9093,17.295
2025-12-28T22:15:00Z,1.9063,17.362
2025-12-28T22:30:00Z,1.9078,16.993
2025-12-28T22:45:00Z,1.8997,16.939
2025-12-28T23:00:00Z,1.9066,17.038
2025-12-28T23:15:00Z,1.9056,16.94
2025-12-28T23:30:00Z,1.9024,16.876
2025-12-28T23:45:00Z,1.8997,16.823
2025-12-29T00:00:00Z,1.8979,16.939
2025-12-29T00:15:00Z,1.8939,17.088
2025-12-29T00:30:00Z,1.8942,17.054
2025-12-29T00:45:00Z,1.8848,17.053
2025-12-29T01:00:00Z,1.8903,16.953
2025-12-29T01:15:00Z,1.8899,16.875
2025-12-29T01:30:00Z,1.8928,16.944
2025-12-29T01:45:00Z,1.8906,16.88
2025-12-29T02:00:00Z,1.8895,16.828
2025-12-29T02:15:00Z,1.8901,16.779
2025-12-29T02:30:00Z,1.889,16.753
2025-12-29T02:45:00Z,1.887,16.761
2025-12-29T03:00:00Z,1.8882,16.753
2025-12-29T03:15:00Z,1.8868,16.798
2025-12-29T03:30:00Z,1.8851,16.728
2025-12-29T03:45:00Z,1.8854,16.707
2025-12-29T04:00:00Z,1.886,16.698
2025-12-29T04:15:00Z,1.8805,16.686
2025-12-29T04:30:00Z,1.88,16.64
2025-12-29T04:45:00Z,1.8773,16.475
2025-12-29T05:00:00Z,1.8786,16.429
2025-12-29T05:15:00Z,1.8761,16.459
2025-12-29T05:30:00Z,1.8772,16.458
2025-12-29T05:45:00Z,1.8743,16.354
2025-12-29T06:00:00Z,1.8754,16.474
2025-12-29T06:15:00Z,1.8726,16.542
2025-12-29T06:30:00Z,1.8744,16.46
2025-12-29T06:45:00Z,1.8723,16.374
2025-12-29T07:00:00Z,1.8709,16.436
2025-12-29T07:15:00Z,1.8674,16.549
2025-12-29T07:30:00Z,1.8679,16.451
2025-12-29T07:45:00Z,1.8676,16.365
2025-12-29T08:00:00Z,1.8665,16.485
2025-12-29T08:15:00Z,1.8678,16.549
2025-12-29T08:30:00Z,1.8632,16.36
2025-12-29T08:45:00Z,1.8652,16.335
2025-12-29T09:00:00Z,1.8615,16.347
2025-12-29T09:15:00Z,1.8644,16.414
2025-12-29T09:30:00Z,1.8607,16.459
2025-12-29T09:45:00Z,1.8607,16.454
2025-12-29T10:00:00Z,1.8613,16.389
2025-12-29T10:15:00Z,1.8566,16.417
2025-12-29T10:30:00Z,1.8558,16.147
2025-12-29T10:45:00Z,1.8483,15.53
2025-12-29T11:00:00Z,1.8501,15.374
2025-12-29T11:15:00Z,1.8453,15.544
2025-12-29T11:30:00Z,1.8505,15.609
2025-12-29T11:45:00Z,1.8522,15.682
2025-12-29T12:00:00Z,1.8537,15.791
2025-12-29T12:15:00Z,1.8515,15.764
2025-12-29T12:30:00Z,1.8465,15.749
2025-12-29T12:45:00Z,1.8495,15.379
2025-12-29T13:00:00Z,1.8443,15.158
2025-12-29T13:15:00Z,1.8428,14.855
2025-12-29T13:30:00Z,1.8388,14.602
2025-12-29T13:45:00Z,1.8391,14.584
2025-12-29T14:00:00Z,1.8387,14.227
2025-12-29T14:15:00Z,1.8394,14.197
2025-12-29T14:30:00Z,1.8386,13.362
2025-12-29T14:45:00Z,1.8465,13.286
2025-12-29T15:00:00Z,1.8464,12.743
2025-12-29T15:15:00Z,1.8442,12.521
2025-12-29T15:30:00Z,1.8487,12.704
2025-12-29T15:45:00Z,1.8539,14.326
2025-12-29T16:00:00Z,1.8481,14.597
2025-12-29T16:15:00Z,1.8576,14.832
2025-12-29T16:30:00Z,1.8528,15.076
2025-12-29T16:45:00Z,1.8455,14.537
2025-12-29T17:00:00Z,1.8478,13.759
2025-12-29T17:15:00Z,1.8393,13.761
2025-12-29T17:30:00Z,1.846,13.256
2025-12-29T17:45:00Z,1.841,13.345
2025-12-29T18:00:00Z,1.8322,14.329
2025-12-29T18:15:00Z,1.8328,15.323
2025-12-29T18:30:00Z,1.83,15.559
2025-12-29T18:45:00Z,1.8307,15.956
2025-12-29T19:00:00Z,1.8348,14.851
2025-12-29T19:15:00Z,1.8395,14.544
2025-12-29T19:30:00Z,1.8393,14.732
2025-12-29T19:45:00Z,1.8306,14.858
2025-12-29T20:00:00Z,1.8337,14.977
2025-12-29T20:15:00Z,1.8216,14.544
2025-12-29T20:30:00Z,1.8238,13.858
2025-12-29T20:45:00Z,1.8148,15.326
2025-12-29T21:00:00Z,1.8154,15.017
2025-12-29T21:15:00Z,1.8207,15.04
2025-12-29T21:30:00Z,1.8321,14.692
2025-12-29T21:45:00Z,1.8331,14.87
2025-12-29T22:00:00Z,1.8279,14.992
2025-12-29T22:15:00Z,1.8306,15.184
2025-12-29T22:30:00Z,1.8279,15.346
2025-12-29T22:45:00Z,1.8312,15.368
2025-12-29T23:00:00Z,1.8199,15.507
2025-12-29T23:15:00Z,1.8245,15.469
2025-12-29T23:30:00Z,1.8182,15.541
2025-12-29T23:45:00Z,1.8246,15.58
2025-12-30T00:00:00Z,1.8192,15.513
2025-12-30T00:15:00Z,1.8167,15.446
2025-12-30T00:30:00Z,1.8185,15.381
2025-12-30T00:45:00Z,1.8125,15.369
2025-12-30T01:00:00Z,1.8134,15.383
2025-12-30T01:15:00Z,1.806,15.759
2025-12-30T01:30:00Z,1.8083,15.773
2025-12-30T01:45:00Z,1.8107,15.425
2025-12-30T02:00:00Z,1.8097,15.374
2025-12-30T02:15:00Z,1.8076,15.363
2025-12-30T02:30:00Z,1.8121,15.393
2025-12-30T02:45:00Z,1.8035,15.36
2025-12-30T03:00:00Z,1.8089,15.295
2025-12-30T03:15:00Z,1.8018,15.201
2025-12-30T03:30:00Z,1.8055,15.138
2025-12-30T03:45:00Z,1.8052,14.992
2025-12-30T04:00:00Z,1.8035,14.929
2025-12-30T04:15:00Z,1.8015,14.803
2025-12-30T04:30:00Z,1.802,14.762
2025-12-30T04:45:00Z,1.7992,14.715
2025-12-30T05:00:00Z,1.8013,14.755
2025-12-30T05:15:00Z,1.8001,14.748
2025-12-30T05:30:00Z,1.7997,14.566
2025-12-30T05:45:00Z,1.7987,14.403
2025-12-30T06:00:00Z,1.7948,14.245
2025-12-30T06:15:00Z,1.7942,14.144
2025-12-30T06:30:00Z,1.7943,14.08
2025-12-30T06:45:00Z,1.7986,14.012
2025-12-30T07:00:00Z,1.7932,13.988
2025-12-30T07:15:00Z,1.794,13.865
2025-12-30T07:30:00Z,1.7941,13.785
2025-12-30T07:45:00Z,1.7906,13.816
2025-12-30T08:00:00Z,1.7919,13.794
2025-12-30T08:15:00Z,1.7859,13.752
2025-12-30T08:30:00Z,1.796,13.746
2025-12-30T08:45:00Z,1.7845,13.717
2025-12-30T09:00:00Z,1.7935,13.656
2025-12-30T09:15:00Z,1.7815,13.633
2025-12-30T09:30:00Z,1.7904,13.65
2025-12-30T09:45:00Z,1.7879,13.615
2025-12-30T10:00:00Z,1.7814,13.538
2025-12-30T10:15:00Z,1.789,13.481
2025-12-30T10:30:00Z,1.7837,13.426
2025-12-30T10:45:00Z,1.7853,13.358
2025-12-30T11:00:00Z,1.7821,13.672
2025-12-30T11:15:00Z,1.782,13.509
2025-12-30T11:30:00Z,1.7764,13.389
2025-12-30T11:45:00Z,1.7788,13.332
2025-12-30T12:00:00Z,1.7809,13.309
2025-12-30T12:15:00Z,1.7762,13.267
2025-12-30T12:30:00Z,1.7759,13.273
2025-12-30T12:45:00Z,1.7782,13.138
2025-12-30T13:00:00Z,1.7753,13.106
2025-12-30T13:15:00Z,1.7728,13.153
2025-12-30T13:30:00Z,1.7677,13.217
2025-12-30T13:45:00Z,1.7732,13.171
2025-12-30T14:00:00Z,1.7732,13.011
2025-12-30T14:15:00Z,1.7745,12.931
2025-12-30T14:30:00Z,1.7701,12.91
2025-12-30T14:45:00Z,1.7723,12.958
2025-12-30T15:00:00Z,1.7708,13.063
2025-12-30T15:15:00Z,1.7741,13.102
2025-12-30T15:30:00Z,1.7694,13.047
2025-12-30T15:45:00Z,1.7677,13.043
2025-12-30T16:00:00Z,1.7699,13.176
2025-12-30T16:15:00Z,1.7663,13.208
2025-12-30T16:30:00Z,1.7669,13.236
2025-12-30T16:45:00Z,1.7659,13.205
2025-12-30T17:00:00Z,1.7667,13.281
2025-12-30T17:15:00Z,1.7663,13.295
2025-12-30T17:30:00Z,1.7751,13.375
2025-12-30T17:45:00Z,1.7699,13.439
2025-12-30T18:00:00Z,1.7646,13.498
2025-12-30T18:15:00Z,1.7615,13.623
2025-12-30T18:30:00Z,1.7645,13.758
2025-12-30T18:45:00Z,1.7667,13.872
2025-12-30T19:00:00Z,1.7652,14.056
2025-12-30T19:15:00Z,1.7635,14.274
2025-12-30T19:30:00Z,1.765,14.239
2025-12-30T19:45:00Z,1.7623,14.485
2025-12-30T20:00:00Z,1.7608,14.519
2025-12-30T20:15:00Z,1.7638,14.551
2025-12-30T20:30:00Z,1.7603,14.782
2025-12-30T20:45:00Z,1.7558,14.857
2025-12-30T21:00:00Z,1.7619,15.069
2025-12-30T21:15:00Z,1.7636,15.172
2025-12-30T21:30:00Z,1.7568,15.368
2025-12-30T21:45:00Z,1.7532,15.513
2025-12-30T22:00:00Z,1.7565,15.746
2025-12-30T22:15:00Z,1.7568,16.012
2025-12-30T22:30:00Z,1.7494,16.008
2025-12-30T22:45:00Z,1.7546,15.973
2025-12-30T23:00:00Z,1.7518,15.792
2025-12-30T23:15:00Z,1.754,15.84
2025-12-30T23:30:00Z,1.7509,15.978
2025-12-30T23:45:00Z,1.7508,15.999
2025-12-31T00:00:00Z,1.756,15.993
2025-12-31T00:15:00Z,1.7499,15.885
2025-12-31T00:30:00Z,1.7521,15.85
2025-12-31T00:45:00Z,1.7479,15.821
2025-12-31T01:00:00Z,1.7513,15.843
2025-12-31T01:15:00Z,1.7499,15.831
2025-12-31T01:30:00Z,1.7518,15.771
2025-12-31T01:45:00Z,1.7561,15.749
2025-12-31T02:00:00Z,1.7527,15.693
2025-12-31T02:15:00Z,1.7513,15.594
2025-12-31T02:30:00Z,1.746,15.547
2025-12-31T02:45:00Z,1.7487,15.587
2025-12-31T03:00:00Z,1.748,15.621
2025-12-31T03:15:00Z,1.7462,15.595
2025-12-31T03:30:00Z,1.7394,15.599
2025-12-31T03:45:00Z,1.7425,15.574
2025-12-31T04:00:00Z,1.7432,15.58
2025-12-31T04:15:00Z,1.7449,15.424
2025-12-31T04:30:00Z,1.7441,15.404
2025-12-31T04:45:00Z,1.735,15.399
2025-12-31T05:00:00Z,1.7395,15.395
2025-12-31T05:15:00Z,1.7401,15.43
2025-12-31T05:30:00Z,1.7366,15.433
2025-12-31T05:45:00Z,1.7403,15.388
2025-12-31T06:00:00Z,1.738,15.435
2025-12-31T06:15:00Z,1.7339,15.535
2025-12-31T06:30:00Z,1.7363,15.57
2025-12-31T06:45:00Z,1.7336,15.592
2025-12-31T07:00:00Z,1.7333,15.524
2025-12-31T07:15:00Z,1.732,15.475
2025-12-31T07:30:00Z,1.7305,15.438
2025-12-31T07:45:00Z,1.7325,15.444
2025-12-31T08:00:00Z,1.7287,15.441
2025-12-31T08:15:00Z,1.7277,15.447
2025-12-31T08:30:00Z,1.731,15.472
2025-12-31T08:45:00Z,1.7279,15.532
2025-12-31T09:00:00Z,1.7296,15.629
2025-12-31T09:15:00Z,1.7286,15.699
2025-12-31T09:30:00Z,1.7262,15.721
2025-12-31T09:45:00Z,1.7281,15.711
2025-12-31T10:00:00Z,1.7299,15.73
2025-12-31T10:15:00Z,1.7255,15.731
2025-12-31T10:30:00Z,1.7249,15.723
2025-12-31T10:45:00Z,1.7256,15.695
2025-12-31T11:00:00Z,1.7238,15.665
2025-12-31T11:15:00Z,1.7221,15.663
2025-12-31T11:30:00Z,1.7249,15.624
2025-12-31T11:45:00Z,1.721,15.626
2025-12-31T12:00:00Z,1.7223,15.619
2025-12-31T12:15:00Z,1.7224,15.628
2025-12-31T12:30:00Z,1.7222,15.574
2025-12-31T12:45:00Z,1.7215,15.514
2025-12-31T13:00:00Z,1.7207,15.546
2025-12-31T13:15:00Z,1.72,15.559
2025-12-31T13:30:00Z,1.7176,15.558
2025-12-31T13:45:00Z,1.7212,15.55
2025-12-31T14:00:00Z,1.7191,15.534
2025-12-31T14:15:00Z,1.7188,15.536
2025-12-31T14:30:00Z,1.7197,15.533
2025-12-31T14:45:00Z,1.7171,15.529
2025-12-31T15:00:00Z,1.7158,15.519
2025-12-31T15:15:00Z,1.7176,15.483
2025-12-31T15:30:00Z,1.7175,15.425
2025-12-31T15:45:00Z,1.7149,15.356
2025-12-31T16:00:00Z,1.7099,15.225
2025-12-31T16:15:00Z,1.7132,15.353
2025-12-31T16:30:00Z,1.7143,15.426
2025-12-31T16:45:00Z,1.7156,15.44
2025-12-31T17:00:00Z,1.7143,15.42
2025-12-31T17:15:00Z,1.7132,15.422
2025-12-31T17:30:00Z,1.7172,15.488
2025-12-31T17:45:00Z,1.7151,15.55
2025-12-31T18:00:00Z,1.7159,15.644
2025-12-31T18:15:00Z,1.7171,15.69
2025-12-31T18:30:00Z,1.7161,15.685
2025-12-31T18:45:00Z,1.7225,15.698
2025-12-31T19:00:00Z,1.7179,15.793
2025-12-31T19:15:00Z,1.7199,15.797
2025-12-31T19:30:00Z,1.7192,15.904
2025-12-31T19:45:00Z,1.724,15.922
2025-12-31T20:00:00Z,1.722,15.911
2025-12-31T20:15:00Z,1.7226,15.965
2025-12-31T20:30:00Z,1.7217,16.026
2025-12-31T20:45:00Z,1.7211,16.179
2025-12-31T21:00:00Z,1.7218,16.388
2025-12-31T21:15:00Z,1.7213,16.438
2025-12-31T21:30:00Z,1.726,16.714
2025-12-31T21:45:00Z,1.7194,16.639
2025-12-31T22:00:00Z,1.726,16.547
2025-12-31T22:15:00Z,1.7267,16.738
2025-12-31T22:30:00Z,1.7347,16.667
2025-12-31T22:45:00Z,1.7317,17.073
2025-12-31T23:00:00Z,1.7285,17.082
2025-12-31T23:15:00Z,1.7325,16.827
2025-12-31T23:30:00Z,1.7364,16.767
2025-12-31T23:45:00Z,1.7392,17.084
2026-01-01T00:00:00Z,1.7378,17.16
2026-01-01T00:15:00Z,1.7434,16.73
2026-01-01T00:30:00Z,1.7394,16.661
2026-01-01T00:45:00Z,1.745,16.632
2026-01-01T01:00:00Z,1.738,16.401
2026-01-01T01:15:00Z,1.7391,16.172
2026-01-01T01:30:00Z,1.7261,16.835
2026-01-01T01:45:00Z,1.7367,16.61
2026-01-01T02:00:00Z,1.7327,16.609
2026-01-01T02:15:00Z,1.7417,16.474
2026-01-01T02:30:00Z,1.7297,16.435
2026-01-01T02:45:00Z,1.7297,16.373
2026-01-01T03:00:00Z,1.7215,16.3
2026-01-01T03:15:00Z,1.73,16.459
2026-01-01T03:30:00Z,1.7324,16.467
2026-01-01T03:45:00Z,1.7327,16.467
2026-01-01T04:00:00Z,1.728,16.444
2026-01-01T04:15:00Z,1.7285,16.492
2026-01-01T04:30:00Z,1.7306,16.622
2026-01-01T04:45:00Z,1.7364,16.592
2026-01-01T05:00:00Z,1.7279,16.523
2026-01-01T05:15:00Z,1.7242,16.443
2026-01-01T05:30:00Z,1.7297,16.635
2026-01-01T05:45:00Z,1.7242,16.59
2026-01-01T06:00:00Z,1.7439,16.58
2026-01-01T06:15:00Z,1.7392,16.61
2026-01-01T06:30:00Z,1.7231,16.614
2026-01-01T06:45:00Z,1.7236,16.676
2026-01-01T07:00:00Z,1.7299,16.647
2026-01-01T07:15:00Z,1.7295,16.637
2026-01-01T07:30:00Z,1.7263,16.662
2026-01-01T07:45:00Z,1.7333,16.644
2026-01-01T08:00:00Z,1.7328,16.623
2026-01-01T08:15:00Z,1.7275,16.629
2026-01-01T08:30:00Z,1.7328,16.616
2026-01-01T08:45:00Z,1.7381,16.588
2026-01-01T09:00:00Z,1.7542,16.7
2026-01-01T09:15:00Z,1.7571,16.623
2026-01-01T09:30:00Z,1.7765,16.637
2026-01-01T09:45:00Z,1.7856,16.682
2026-01-01T10:00:00Z,1.7895,16.565
2026-01-01T10:15:00Z,1.8078,16.493
2026-01-01T10:30:00Z,1.8067,16.362
2026-01-01T10:45:00Z,1.8068,16.506
2026-01-01T11:00:00Z,1.8096,16.387
2026-01-01T11:15:00Z,1.8104,16.433
2026-01-01T11:30:00Z,1.8133,16.36
2026-01-01T11:45:00Z,1.819,16.466
2026-01-01T12:00:00Z,1.8181,16.479
2026-01-01T12:15:00Z,1.85,16.505
2026-01-01T12:30:00Z,1.872,16.506
2026-01-01T12:45:00Z,1.888,16.399
2026-01-01T13:00:00Z,1.8991,16.403
2026-01-01T13:15:00Z,1.9171,16.502
2026-01-01T13:30:00Z,1.9192,16.447
2026-01-01T13:45:00Z,1.9447,16.396
2026-01-01T14:00:00Z,1.9467,16.42
2026-01-01T14:15:00Z,1.9496,16.436
2026-01-01T14:30:00Z,1.9507,16.435
2026-01-01T14:45:00Z,1.9578,16.421
2026-01-01T15:00:00Z,1.9562,16.124
2026-01-01T15:15:00Z,1.9586,16.404
2026-01-01T15:30:00Z,1.9574,16.361
2026-01-01T15:45:00Z,1.9591,16.337
2026-01-01T16:00:00Z,1.9599,15.878
2026-01-01T16:15:00Z,1.9595,16.107
2026-01-01T16:30:00Z,1.9603,16.262
2026-01-01T16:45:00Z,1.9639,15.829
2026-01-01T17:00:00Z,1.9617,15.917
2026-01-01T17:15:00Z,1.9631,15.933
2026-01-01T17:30:00Z,1.9645,15.968
2026-01-01T17:45:00Z,1.9549,16.2
2026-01-01T18:00:00Z,1.9568,16.262
2026-01-01T18:15:00Z,1.9614,16.326
2026-01-01T18:30:00Z,1.9564,16.363
2026-01-01T18:45:00Z,1.9518,16.336
2026-01-01T19:00:00Z,1.9553,16.403
2026-01-01T19:15:00Z,1.952,16.41
2026-01-01T19:30:00Z,1.9572,16.479
2026-01-01T19:45:00Z,1.9564,16.461
2026-01-01T20:00:00Z,1.9582,16.552
2026-01-01T20:15:00Z,1.9588,16.604
2026-01-01T20:30:00Z,1.9553,16.75
2026-01-01T20:45:00Z,1.9526,16.817
2026-01-01T21:00:00Z,1.9538,16.88
2026-01-01T21:15:00Z,1.9533,16.9
2026-01-01T21:30:00Z,1.9501,16.905
2026-01-01T21:45:00Z,1.9507,16.961
2026-01-01T22:00:00Z,1.9482,17.02
2026-01-01T22:15:00Z,1.9533,17.096
2026-01-01T22:30:00Z,1.9493,17.052
2026-01-01T22:45:00Z,1.9463,17.019
2026-01-01T23:00:00Z,1.9493,17.141
2026-01-01T23:15:00Z,1.951,17.283
2026-01-01T23:30:00Z,1.9477,16.937
2026-01-01T23:45:00Z,1.9476,17.134
2026-01-02T00:00:00Z,1.9463,17.447
2026-01-02T00:15:00Z,1.946,17.485
2026-01-02T00:30:00Z,1.9445,17.544
2026-01-02T00:45:00Z,1.9441,17.515
2026-01-02T01:00:00Z,1.9423,17.426
2026-01-02T01:15:00Z,1.941,17.429
2026-01-02T01:30:00Z,1.9398,17.437
2026-01-02T01:45:00Z,1.9388,17.381
2026-01-02T02:00:00Z,1.9381,17.368
2026-01-02T02:15:00Z,1.938,17.356
2026-01-02T02:30:00Z,1.9384,17.401
2026-01-02T02:45:00Z,1.9363,17.305
2026-01-02T03:00:00Z,1.9332,17.289
2026-01-02T03:15:00Z,1.934,17.296
2026-01-02T03:30:00Z,1.9318,17.218
2026-01-02T03:45:00Z,1.9316,17.251
2026-01-02T04:00:00Z,1.9302,17.25
2026-01-02T04:15:00Z,1.9279,17.24
2026-01-02T04:30:00Z,1.9284,17.218
2026-01-02T04:45:00Z,1.9272,17.209
2026-01-02T05:00:00Z,1.9259,17.205
2026-01-02T05:15:00Z,1.9262,17.203
2026-01-02T05:30:00Z,1.9253,17.236
2026-01-02T05:45:00Z,1.923,17.222
2026-01-02T06:00:00Z,1.9219,17.225
2026-01-02T06:15:00Z,1.9218,17.23
2026-01-02T06:30:00Z,1.9216,17.243
2026-01-02T06:45:00Z,1.9218,17.27
2026-01-02T07:00:00Z,1.919,17.275
2026-01-02T07:15:00Z,1.9193,17.29
2026-01-02T07:30:00Z,1.9172,17.306
2026-01-02T07:45:00Z,1.9165,17.304
2026-01-02T08:00:00Z,1.9178,17.299
2026-01-02T08:15:00Z,1.914,17.275
2026-01-02T08:30:00Z,1.914,17.258
2026-01-02T08:45:00Z,1.9115,17.233
2026-01-02T09:00:00Z,1.9124,17.234
2026-01-02T09:15:00Z,1.9096,17.234
2026-01-02T09:30:00Z,1.9091,17.23
2026-01-02T09:45:00Z,1.9072,17.228
2026-01-02T10:00:00Z,1.9076,17.219
2026-01-02T10:15:00Z,1.9056,17.228
2026-01-02T10:30:00Z,1.9051,17.231
2026-01-02T10:45:00Z,1.9035,17.22
2026-01-02T11:00:00Z,1.9041,17.235
2026-01-02T11:15:00Z,1.9033,17.222
2026-01-02T11:30:00Z,1.9021,17.286
2026-01-02T11:45:00Z,1.9013,17.222
2026-01-02T12:00:00Z,1.9002,17.208
2026-01-02T12:15:00Z,1.8991,17.195
2026-01-02T12:30:00Z,1.8982,17.172
2026-01-02T12:45:00Z,1.8996,17.134
2026-01-02T13:00:00Z,1.894,17.062
2026-01-02T13:15:00Z,1.8963,16.863
2026-01-02T13:30:00Z,1.8943,16.789
2026-01-02T13:45:00Z,1.8927,16.956
2026-01-02T14:00:00Z,1.8934,16.951
2026-01-02T14:15:00Z,1.8921,17.094
2026-01-02T14:30:00Z,1.8918,17.09
2026-01-02T14:45:00Z,1.8906,17.123
2026-01-02T15:00:00Z,1.8881,17.101
2026-01-02T15:15:00Z,1.8902,17.128
2026-01-02T15:30:00Z,1.8889,17.096
2026-01-02T15:45:00Z,1.8886,16.793
2026-01-02T16:00:00Z,1.8873,17.024
2026-01-02T16:15:00Z,1.8883,17.071
2026-01-02T16:30:00Z,1.89,17.073
2026-01-02T16:45:00Z,1.8881,17.1
2026-01-02T17:00:00Z,1.8864,17.131
2026-01-02T17:15:00Z,1.8852,17.046
2026-01-02T17:30:00Z,1.88,16.258
2026-01-02T17:45:00Z,1.8804,17.074
2026-01-02T18:00:00Z,1.8821,17.141
2026-01-02T18:15:00Z,1.8787,17.169
2026-01-02T18:30:00Z,1.8842,16.967
2026-01-02T18:45:00Z,1.8813,16.915
2026-01-02T19:00:00Z,1.8822,17.039
2026-01-02T19:15:00Z,1.8823,17.221
2026-01-02T19:30:00Z,1.8766,17.29
2026-01-02T19:45:00Z,1.8781,17.261
2026-01-02T20:00:00Z,1.8777,17.36
2026-01-02T20:15:00Z,1.8775,17.413
2026-01-02T20:30:00Z,1.8733,17.492
2026-01-02T20:45:00Z,1.8745,17.524
2026-01-02T21:00:00Z,1.871,17.539
2026-01-02T21:15:00Z,1.8672,17.595
2026-01-02T21:30:00Z,1.8716,17.533
2026-01-02T21:45:00Z,1.8687,17.293
2026-01-02T22:00:00Z,1.8662,17.36
2026-01-02T22:15:00Z,1.8698,17.377
2026-01-02T22:30:00Z,1.865,17.405
2026-01-02T22:45:00Z,1.863,17.544
2026-01-02T23:00:00Z,1.865,17.371
2026-01-02T23:15:00Z,1.8659,17.355
2026-01-02T23:30:00Z,1.8622,17.463
2026-01-02T23:45:00Z,1.8643,17.639
2026-01-03T00:00:00Z,1.8638,17.668
2026-01-03T00:15:00Z,1.8612,17.56
2026-01-03T00:30:00Z,1.8616,17.376
2026-01-03T00:45:00Z,1.8606,17.412
2026-01-03T01:00:00Z,1.8627,17.425
2026-01-03T01:15:00Z,1.8659,17.456
2026-01-03T01:30:00Z,1.8667,17.462
2026-01-03T01:45:00Z,1.8662,17.462
2026-01-03T02:00:00Z,1.8695,17.483
2026-01-03T02:15:00Z,1.869,17.494
2026-01-03T02:30:00Z,1.8668,17.495
2026-01-03T02:45:00Z,1.8704,17.485
2026-01-03T03:00:00Z,1.8669,17.482
2026-01-03T03:15:00Z,1.8671,17.457
2026-01-03T03:30:00Z,1.8643,17.429
2026-01-03T03:45:00Z,1.8647,17.286
2026-01-03T04:00:00Z,1.8661,17.223
2026-01-03T04:15:00Z,1.863,17.214
2026-01-03T04:30:00Z,1.862,17.203
2026-01-03T04:45:00Z,1.8618,17.202
2026-01-03T05:00:00Z,1.861,17.197
2026-01-03T05:15:00Z,1.8605,17.036
2026-01-03T05:30:00Z,1.8598,16.762
2026-01-03T05:45:00Z,1.8532,17.008
2026-01-03T06:00:00Z,1.8561,17.202
2026-01-03T06:15:00Z,1.8552,17.335
2026-01-03T06:30:00Z,1.8557,17.279
2026-01-03T06:45:00Z,1.8551,17.304
2026-01-03T07:00:00Z,1.8504,17.319
2026-01-03T07:15:00Z,1.8536,17.288
2026-01-03T07:30:00Z,1.8543,17.259
2026-01-03T07:45:00Z,1.8529,17.226
2026-01-03T08:00:00Z,1.8495,17.234
2026-01-03T08:15:00Z,1.8471,17.221
2026-01-03T08:30:00Z,1.8511,17.225
2026-01-03T08:45:00Z,1.8467,17.21
2026-01-03T09:00:00Z,1.8416,17.242
2026-01-03T09:15:00Z,1.8468,17.22
2026-01-03T09:30:00Z,1.8489,17.199
2026-01-03T09:45:00Z,1.8468,17.157
2026-01-03T10:00:00Z,1.8428,17.084
2026-01-03T10:15:00Z,1.8457,17.082
2026-01-03T10:30:00Z,1.8425,17.021
2026-01-03T10:45:00Z,1.8412,16.993
2026-01-03T11:00:00Z,1.834,16.957
2026-01-03T11:15:00Z,1.8352,16.962
2026-01-03T11:30:00Z,1.8382,16.949
2026-01-03T11:45:00Z,1.8416,16.939
2026-01-03T12:00:00Z,1.8385,16.939
2026-01-03T12:15:00Z,1.8449,16.943
2026-01-03T12:30:00Z,1.8582,16.935
2026-01-03T12:45:00Z,1.8633,16.953
2026-01-03T13:00:00Z,1.8787,16.835
2026-01-03T13:15:00Z,1.8787,16.804
2026-01-03T13:30:00Z,1.8884,16.841
2026-01-03T13:45:00Z,1.8885,16.805
2026-01-03T14:00:00Z,1.9063,16.785
2026-01-03T14:15:00Z,1.91,16.788
2026-01-03T14:30:00Z,1.9192,16.833
2026-01-03T14:45:00Z,1.9168,16.837
2026-01-03T15:00:00Z,1.9198,16.784
2026-01-03T15:15:00Z,1.9283,16.77
2026-01-03T15:30:00Z,1.9301,16.767
2026-01-03T15:45:00Z,1.9371,16.749
2026-01-03T16:00:00Z,1.9227,16.733
2026-01-03T16:15:00Z,1.9427,16.721
2026-01-03T16:30:00Z,1.9432,16.717
2026-01-03T16:45:00Z,1.9425,16.704
2026-01-03T17:00:00Z,1.9318,16.7
2026-01-03T17:15:00Z,1.9157,16.702
2026-01-03T17:30:00Z,1.9398,16.685
2026-01-03T17:45:00Z,1.9367,16.694
2026-01-03T18:00:00Z,1.9436,16.684
2026-01-03T18:15:00Z,1.9601,16.629
2026-01-03T18:30:00Z,1.9884,16.628
2026-01-03T18:45:00Z,2.0796,16.662
2026-01-03T19:00:00Z,2.1294,16.683
2026-01-03T19:15:00Z,2.1906,16.679
2026-01-03T19:30:00Z,2.2684,16.591
2026-01-03T19:45:00Z,2.3461,16.654
2026-01-03T20:00:00Z,2.3897,16.668
2026-01-03T20:15:00Z,2.4326,16.565
2026-01-03T20:30:00Z,2.4483,16.458
2026-01-03T20:45:00Z,2.4707,16.486
2026-01-03T21:00:00Z,2.4642,16.433
2026-01-03T21:15:00Z,2.4737,16.468
2026-01-03T21:30:00Z,2.4761,16.507
2026-01-03T21:45:00Z,2.483,16.531
2026-01-03T22:00:00Z,2.4761,16.52
2026-01-03T22:15:00Z,2.4734,16.525
2026-01-03T22:30:00Z,2.4734,16.557
2026-01-03T22:45:00Z,2.4697,16.552
2026-01-03T23:00:00Z,2.4683,16.575
2026-01-03T23:15:00Z,2.4638,16.555
2026-01-03T23:30:00Z,2.4661,16.546
2026-01-03T23:45:00Z,2.4588,16.542
2026-01-04T00:00:00Z,2.4629,16.561
2026-01-04T00:15:00Z,2.4531,16.521
2026-01-04T00:30:00Z,2.4543,16.506
2026-01-04T00:45:00Z,2.4455,16.546
2026-01-04T01:00:00Z,2.4489,16.547
2026-01-04T01:15:00Z,2.4419,16.575
2026-01-04T01:30:00Z,2.4451,16.594
2026-01-04T01:45:00Z,2.4401,16.616
2026-01-04T02:00:00Z,2.4359,16.624
2026-01-04T02:15:00Z,2.4339,16.632
2026-01-04T02:30:00Z,2.4295,16.628
2026-01-04T02:45:00Z,2.4272,16.638
2026-01-04T03:00:00Z,2.4221,16.641
2026-01-04T03:15:00Z,2.421,16.655
2026-01-04T03:30:00Z,2.4156,16.66
2026-01-04T03:45:00Z,2.4115,16.595
2026-01-04T04:00:00Z,2.4089,16.578
2026-01-04T04:15:00Z,2.4075,16.592
2026-01-04T04:30:00Z,2.4003,16.612
2026-01-04T04:45:00Z,2.3998,16.625
2026-01-04T05:00:00Z,2.3957,16.636
2026-01-04T05:15:00Z,2.3935,16.629
2026-01-04T05:30:00Z,2.3878,16.628
2026-01-04T05:45:00Z,2.3877,16.633
2026-01-04T06:00:00Z,2.3842,16.629
2026-01-04T06:15:00Z,2.3806,16.59
2026-01-04T06:30:00Z,2.3749,16.608
2026-01-04T06:45:00Z,2.3748,16.618
2026-01-04T07:00:00Z,2.3728,16.618
2026-01-04T07:15:00Z,2.3658,16.624
2026-01-04T07:30:00Z,2.3603,16.625
2026-01-04T07:45:00Z,2.3617,16.622
2026-01-04T08:00:00Z,2.355,16.632
2026-01-04T08:15:00Z,2.3548,16.636
2026-01-04T08:30:00Z,2.3489,16.632
2026-01-04T08:45:00Z,2.3519,16.625
2026-01-04T09:00:00Z,2.3483,16.606
2026-01-04T09:15:00Z,2.3482,16.632
2026-01-04T09:30:00Z,2.3472,16.625
2026-01-04T09:45:00Z,2.3434,16.588
2026-01-04T10:00:00Z,2.3439,16.593
2026-01-04T10:15:00Z,2.3433,16.608
2026-01-04T10:30:00Z,2.343,16.602
2026-01-04T10:45:00Z,2.3449,16.555
2026-01-04T11:00:00Z,2.3474,16.571
2026-01-04T11:15:00Z,2.3642,16.574
2026-01-04T11:30:00Z,2.3752,16.585
2026-01-04T11:45:00Z,2.3838,16.6
2026-01-04T12:00:00Z,2.3811,16.606
2026-01-04T12:15:00Z,2.382,16.596
2026-01-04T12:30:00Z,2.3807,16.596
2026-01-04T12:45:00Z,2.379,16.605
2026-01-04T13:00:00Z,2.3734,16.523
2026-01-04T13:15:00Z,2.3739,16.602
2026-01-04T13:30:00Z,2.3687,16.61
2026-01-04T13:45:00Z,2.3685,16.613
2026-01-04T14:00:00Z,2.3626,16.618
2026-01-04T14:15:00Z,2.3617,16.627
2026-01-04T14:30:00Z,2.3596,16.624
2026-01-04T14:45:00Z,2.3561,16.626
2026-01-04T15:00:00Z,2.3519,16.613
2026-01-04T15:15:00Z,2.3501,16.613
2026-01-04T15:30:00Z,2.3467,16.607
2026-01-04T15:45:00Z,2.3417,16.617
2026-01-04T16:00:00Z,2.339,16.617
2026-01-04T16:15:00Z,2.3356,16.605
2026-01-04T16:30:00Z,2.33,16.63
2026-01-04T16:45:00Z,2.324,16.628
2026-01-04T17:00:00Z,2.3188,16.611
2026-01-04T17:15:00Z,2.3132,16.625
2026-01-04T17:30:00Z,2.3066,16.64
2026-01-04T17:45:00Z,2.3011,16.671
2026-01-04T18:00:00Z,2.2945,16.696
2026-01-04T18:15:00Z,2.2899,16.661
2026-01-04T18:30:00Z,2.2821,16.651
2026-01-04T18:45:00Z,2.2781,16.714
2026-01-04T19:00:00Z,2.2729,16.754
2026-01-04T19:15:00Z,2.2665,16.756
2026-01-04T19:30:00Z,2.2609,16.763
2026-01-04T19:45:00Z,2.2568,16.78
2026-01-04T20:00:00Z,2.2489,16.833
2026-01-04T20:15:00Z,2.2482,16.875
2026-01-04T20:30:00Z,2.2435,16.886
2026-01-04T20:45:00Z,2.2377,16.855
2026-01-04T21:00:00Z,2.2346,16.884
2026-01-04T21:15:00Z,2.2314,16.949
2026-01-04T21:30:00Z,2.2259,16.988
2026-01-04T21:45:00Z,2.2202,17.019
2026-01-04T22:00:00Z,2.2183,17.062
2026-01-04T22:15:00Z,2.2178,17.065
2026-01-04T22:30:00Z,2.2092,17.115
2026-01-04T22:45:00Z,2.2051,17.102
2026-01-04T23:00:00Z,2.201,17.088
2026-01-04T23:15:00Z,2.1952,17.094
2026-01-04T23:30:00Z,2.1927,17.089
2026-01-04T23:45:00Z,2.2334,16.756
2026-01-05T00:00:00Z,2.2826,16.924
2026-01-05T00:15:00Z,2.2813,16.958
2026-01-05T00:30:00Z,2.2978,16.92
2026-01-05T00:45:00Z,2.2823,16.913
2026-01-05T01:00:00Z,2.2921,16.907
2026-01-05T01:15:00Z,2.275,16.904
2026-01-05T01:30:00Z,2.2829,16.854
2026-01-05T01:45:00Z,2.2702,16.853
2026-01-05T02:00:00Z,2.2731,16.876
2026-01-05T02:15:00Z,2.264,16.892
2026-01-05T02:30:00Z,2.2624,16.879
2026-01-05T02:45:00Z,2.2535,16.894
2026-01-05T03:00:00Z,2.2542,16.898
2026-01-05T03:15:00Z,2.2477,16.884
2026-01-05T03:30:00Z,2.2461,16.888
2026-01-05T03:45:00Z,2.2382,16.888
2026-01-05T04:00:00Z,2.2361,16.894
2026-01-05T04:15:00Z,2.2303,16.869
2026-01-05T04:30:00Z,2.2283,16.883
2026-01-05T04:45:00Z,2.2229,16.886
2026-01-05T05:00:00Z,2.2213,16.885
2026-01-05T05:15:00Z,2.2185,16.88
2026-01-05T05:30:00Z,2.2136,16.885
2026-01-05T05:45:00Z,2.2104,16.885
2026-01-05T06:00:00Z,2.2066,16.88
2026-01-05T06:15:00Z,2.2051,16.883
2026-01-05T06:30:00Z,2.1998,16.882
2026-01-05T06:45:00Z,2.1967,16.894
2026-01-05T07:00:00Z,2.196,16.896
2026-01-05T07:15:00Z,2.1901,16.899
2026-01-05T07:30:00Z,2.1881,16.905
2026-01-05T07:45:00Z,2.1835,16.904
2026-01-05T08:00:00Z,2.1832,16.905
2026-01-05T08:15:00Z,2.1789,16.909
2026-01-05T08:30:00Z,2.1762,16.907
2026-01-05T08:45:00Z,2.1735,16.907
2026-01-05T09:00:00Z,2.1708,16.906
2026-01-05T09:15:00Z,2.1665,16.908
2026-01-05T09:30:00Z,2.1655,16.911
2026-01-05T09:45:00Z,2.1625,16.908
2026-01-05T10:00:00Z,2.1606,16.909
2026-01-05T10:15:00Z,2.157,16.907
2026-01-05T10:30:00Z,2.1541,16.905
2026-01-05T10:45:00Z,2.1528,16.882
2026-01-05T11:00:00Z,2.1509,16.879
2026-01-05T11:15:00Z,2.1467,16.873
2026-01-05T11:30:00Z,2.1462,16.867
2026-01-05T11:45:00Z,2.1432,16.869
2026-01-05T12:00:00Z,2.143,16.865
2026-01-05T12:15:00Z,2.1381,16.874
2026-01-05T12:30:00Z,2.1353,16.862
2026-01-05T12:45:00Z,2.1329,16.855
2026-01-05T13:00:00Z,2.1336,16.862
2026-01-05T13:15:00Z,2.1298,16.856
2026-01-05T13:30:00Z,2.1301,16.859
2026-01-05T13:45:00Z,2.1251,16.858
2026-01-05T14:00:00Z,2.1245,16.853
2026-01-05T14:15:00Z,2.1238,16.846
2026-01-05T14:30:00Z,2.1214,16.846
2026-01-05T14:45:00Z,2.1194,16.809
2026-01-05T15:00:00Z,2.117,16.739
2026-01-05T15:15:00Z,2.1143,16.731
2026-01-05T15:30:00Z,2.1211,16.744
2026-01-05T15:45:00Z,2.1259,16.761
2026-01-05T16:00:00Z,2.1257,16.78
2026-01-05T16:15:00Z,2.1237,16.788
2026-01-05T16:30:00Z,2.1172,16.787
2026-01-05T16:45:00Z,2.1092,16.781
2026-01-05T17:00:00Z,2.1077,16.806
2026-01-05T17:15:00Z,2.1099,16.834
2026-01-05T17:30:00Z,2.1068,16.87
2026-01-05T17:45:00Z,2.1046,16.932
2026-01-05T18:00:00Z,2.1058,16.955
2026-01-05T18:15:00Z,2.1083,17.043
2026-01-05T18:30:00Z,2.1007,17.114
2026-01-05T18:45:00Z,2.103,17.219
2026-01-05T19:00:00Z,2.1,17.303
2026-01-05T19:15:00Z,2.0981,17.363
2026-01-05T19:30:00Z,2.0968,17.303
2026-01-05T19:45:00Z,2.0958,17.237
2026-01-05T20:00:00Z,2.0946,17.24
2026-01-05T20:15:00Z,2.0951,17.222
2026-01-05T20:30:00Z,2.0908,17.268
2026-01-05T20:45:00Z,2.0885,17.165
2026-01-05T21:00:00Z,2.0854,17.194
2026-01-05T21:15:00Z,2.0852,17.158
2026-01-05T21:30:00Z,2.0825,17.178
2026-01-05T21:45:00Z,2.0814,17.111
2026-01-05T22:00:00Z,2.0783,17.127
2026-01-05T22:15:00Z,2.0779,17.146
2026-01-05T22:30:00Z,2.0762,17.129
2026-01-05T22:45:00Z,2.0747,17.148
2026-01-05T23:00:00Z,2.0736,17.162
2026-01-05T23:15:00Z,2.0716,17.184
2026-01-05T23:30:00Z,2.0717,17.13
2026-01-05T23:45:00Z,2.0682,17.156
2026-01-06T00:00:00Z,2.069,17.17
2026-01-06T00:15:00Z,2.0667,17.132
2026-01-06T00:30:00Z,2.0629,17.142
2026-01-06T00:45:00Z,2.0618,17.104
2026-01-06T01:00:00Z,2.0602,17.142
2026-01-06T01:15:00Z,2.0597,17.156
2026-01-06T01:30:00Z,2.0559,17.149
2026-01-06T01:45:00Z,2.0562,17.15
2026-01-06T02:00:00Z,2.0549,17.134
2026-01-06T02:15:00Z,2.0553,17.109
2026-01-06T02:30:00Z,2.05,17.112
2026-01-06T02:45:00Z,2.0512,17.104
2026-01-06T03:00:00Z,2.0473,17.098
2026-01-06T03:15:00Z,2.0503,17.104
2026-01-06T03:30:00Z,2.0481,17.101
2026-01-06T03:45:00Z,2.0467,17.11
2026-01-06T04:00:00Z,2.0448,17.112
2026-01-06T04:15:00Z,2.0417,17.117
2026-01-06T04:30:00Z,2.0411,17.127
2026-01-06T04:45:00Z,2.0396,17.126
2026-01-06T05:00:00Z,2.0413,17.137
2026-01-06T05:15:00Z,2.0394,17.126
2026-01-06T05:30:00Z,2.039,17.111
2026-01-06T05:45:00Z,2.0393,16.822
2026-01-06T06:00:00Z,2.0385,16.41
2026-01-06T06:15:00Z,2.032,16.489
2026-01-06T06:30:00Z,2.0306,16.795
2026-01-06T06:45:00Z,2.0338,16.639
2026-01-06T07:00:00Z,2.0351,16.769
2026-01-06T07:15:00Z,2.0342,17.038
2026-01-06T07:30:00Z,2.0311,16.841
2026-01-06T07:45:00Z,2.0283,16.958
2026-01-06T08:00:00Z,2.027,16.972
2026-01-06T08:15:00Z,2.0281,16.919
2026-01-06T08:30:00Z,2.03,17.039
2026-01-06T08:45:00Z,2.0227,17.005
2026-01-06T09:00:00Z,2.0193,17.043
2026-01-06T09:15:00Z,2.0245,16.69
2026-01-06T09:30:00Z,2.0205,16.745
2026-01-06T09:45:00Z,2.0196,16.6
2026-01-06T10:00:00Z,2.0154,16.014
2026-01-06T10:15:00Z,2.015,16.004
2026-01-06T10:30:00Z,2.0159,16.6
2026-01-06T10:45:00Z,2.0153,16.26
2026-01-06T11:00:00Z,2.0091,16.401
2026-01-06T11:15:00Z,2.0119,16.228
2026-01-06T11:30:00Z,2.0085,16.127
2026-01-06T11:45:00Z,2.0099,15.956
2026-01-06T12:00:00Z,2.0047,16.044
2026-01-06T12:15:00Z,2.0064,15.955
2026-01-06T12:30:00Z,2.0031,15.929
2026-01-06T12:45:00Z,2.0049,16.01
2026-01-06T13:00:00Z,1.9996,15.88
2026-01-06T13:15:00Z,1.9999,15.959
2026-01-06T13:30:00Z,1.9986,16.056
2026-01-06T13:45:00Z,1.9951,15.939
2026-01-06T14:00:00Z,1.9983,15.996
2026-01-06T14:15:00Z,1.9951,15.982
2026-01-06T14:30:00Z,1.9956,16.029
2026-01-06T14:45:00Z,1.9929,16.188
2026-01-06T15:00:00Z,1.9931,16.199
2026-01-06T15:15:00Z,1.9902,16.078
2026-01-06T15:30:00Z,1.9913,16.199
2026-01-06T15:45:00Z,1.9891,16.18
2026-01-06T16:00:00Z,1.9898,16.186
2026-01-06T16:15:00Z,1.9881,16.256
2026-01-06T16:30:00Z,1.9875,16.282
2026-01-06T16:45:00Z,1.9898,16.308
2026-01-06T17:00:00Z,1.9975,16.408
2026-01-06T17:15:00Z,1.9922,16.226
2026-01-06T17:30:00Z,1.9883,16.275
2026-01-06T17:45:00Z,1.9775,16.312
2026-01-06T18:00:00Z,1.9817,16.49
2026-01-06T18:15:00Z,1.9818,16.612
2026-01-06T18:30:00Z,1.9808,16.835
2026-01-06T18:45:00Z,1.9826,16.968
2026-01-06T19:00:00Z,1.9785,17.057
2026-01-06T19:15:00Z,1.9765,17.078
2026-01-06T19:30:00Z,1.9797,17.047
2026-01-06T19:45:00Z,1.9702,17.086
2026-01-06T20:00:00Z,1.9702,17.113
2026-01-06T20:15:00Z,1.9742,17.445
2026-01-06T20:30:00Z,1.9674,17.396
2026-01-06T20:45:00Z,1.9704,17.252
2026-01-06T21:00:00Z,1.9737,17.275
2026-01-06T21:15:00Z,1.9653,17.343
2026-01-06T21:30:00Z,1.9695,17.347
2026-01-06T21:45:00Z,1.9628,17.37
2026-01-06T22:00:00Z,1.9622,17.402
2026-01-06T22:15:00Z,1.9612,17.606
2026-01-06T22:30:00Z,1.9612,17.731
2026-01-06T22:45:00Z,1.9615,17.735
2026-01-06T23:00:00Z,1.9606,17.389
2026-01-06T23:15:00Z,1.9594,17.419
2026-01-06T23:30:00Z,1.9562,17.086
2026-01-06T23:45:00Z,1.9581,17.649
2026-01-07T00:00:00Z,1.9595,17.654
2026-01-07T00:15:00Z,1.9509,17.473
2026-01-07T00:30:00Z,1.9516,17.491
2026-01-07T00:45:00Z,1.9531,17.501
2026-01-07T01:00:00Z,1.949,17.291
2026-01-07T01:15:00Z,1.9465,17.35
2026-01-07T01:30:00Z,1.9455,17.179
2026-01-07T01:45:00Z,1.9455,17.28
2026-01-07T02:00:00Z,1.9453,17.345
2026-01-07T02:15:00Z,1.9436,17.403
2026-01-07T02:30:00Z,1.9412,17.435
2026-01-07T02:45:00Z,1.9401,17.445
2026-01-07T03:00:00Z,1.9392,17.433
2026-01-07T03:15:00Z,1.9378,17.412
2026-01-07T03:30:00Z,1.9374,17.386
2026-01-07T03:45:00Z,1.9345,17.459
2026-01-07T04:00:00Z,1.9371,17.44
2026-01-07T04:15:00Z,1.934,17.378
2026-01-07T04:30:00Z,1.9314,17.073
2026-01-07T04:45:00Z,1.9276,16.957
2026-01-07T05:00:00Z,1.9278,16.84
2026-01-07T05:15:00Z,1.9284,17.057
2026-01-07T05:30:00Z,1.9261,17.228
2026-01-07T05:45:00Z,1.9281,17.134
2026-01-07T06:00:00Z,1.9267,17.194
2026-01-07T06:15:00Z,1.9276,17.211
2026-01-07T06:30:00Z,1.9236,17.224
2026-01-07T06:45:00Z,1.9233,17.204
2026-01-07T07:00:00Z,1.92,17.161
2026-01-07T07:15:00Z,1.9197,16.971
2026-01-07T07:30:00Z,1.9206,17.036
2026-01-07T07:45:00Z,1.9166,17.108
2026-01-07T08:00:00Z,1.9189,17.247
2026-01-07T08:15:00Z,1.9162,17.252
2026-01-07T08:30:00Z,1.9165,17.277
2026-01-07T08:45:00Z,1.9115,17.271
2026-01-07T09:00:00Z,1.9166,17.292
2026-01-07T09:15:00Z,1.9124,17.302
2026-01-07T09:30:00Z,1.9137,17.271
2026-01-07T09:45:00Z,1.9071,17.205
2026-01-07T10:00:00Z,1.9088,17.139
2026-01-07T10:15:00Z,1.9066,17.146
2026-01-07T10:30:00Z,1.9059,17.16
2026-01-07T10:45:00Z,1.9072,17.24
2026-01-07T11:00:00Z,1.9075,17.249
2026-01-07T11:15:00Z,1.9043,17.244
2026-01-07T11:30:00Z,1.9002,17.13
2026-01-07T11:45:00Z,1.8998,17.076
2026-01-07T12:00:00Z,1.9009,17.147
2026-01-07T12:15:00Z,1.8962,17.017
2026-01-07T12:30:00Z,1.8932,16.942
2026-01-07T12:45:00Z,1.8951,17.079
2026-01-07T13:00:00Z,1.8956,16.922
2026-01-07T13:15:00Z,1.8923,16.732
2026-01-07T13:30:00Z,1.8887,16.523
2026-01-07T13:45:00Z,1.8847,15.692
2026-01-07T14:00:00Z,1.887,15.545
2026-01-07T14:15:00Z,1.8874,16.203
2026-01-07T14:30:00Z,1.8883,16.697
2026-01-07T14:45:00Z,1.8854,16.536
2026-01-07T15:00:00Z,1.8887,16.447
2026-01-07T15:15:00Z,1.8848,15.993
2026-01-07T15:30:00Z,1.8884,16.073
2026-01-07T15:45:00Z,1.8814,16.275
2026-01-07T16:00:00Z,1.8986,14.718
2026-01-07T16:15:00Z,1.8949,13.79
2026-01-07T16:30:00Z,1.8958,13.516
2026-01-07T16:45:00Z,1.8957,13.163
2026-01-07T17:00:00Z,1.8888,13.123
2026-01-07T17:15:00Z,1.8888,13.244
2026-01-07T17:30:00Z,1.8794,13.416
2026-01-07T17:45:00Z,1.8896,13.617
2026-01-07T18:00:00Z,1.8817,13.737
2026-01-07T18:15:00Z,1.8825,14.003
2026-01-07T18:30:00Z,1.8788,14.294
2026-01-07T18:45:00Z,1.8778,14.565
2026-01-07T19:00:00Z,1.8769,14.726
2026-01-07T19:15:00Z,1.8762,14.71
2026-01-07T19:30:00Z,1.8787,14.917
2026-01-07T19:45:00Z,1.8771,15.2
2026-01-07T20:00:00Z,1.8793,15.436
2026-01-07T20:15:00Z,1.867,15.731
2026-01-07T20:30:00Z,1.8767,15.833
2026-01-07T20:45:00Z,1.8705,15.935
2026-01-07T21:00:00Z,1.8784,16.069
2026-01-07T21:15:00Z,1.8731,16.261
2026-01-07T21:30:00Z,1.8635,16.54
2026-01-07T21:45:00Z,1.865,16.633
2026-01-07T22:00:00Z,1.8564,16.721
2026-01-07T22:15:00Z,1.8622,16.703
2026-01-07T22:30:00Z,1.8583,16.808
2026-01-07T22:45:00Z,1.8713,16.961
2026-01-07T23:00:00Z,1.8637,16.957
2026-01-07T23:15:00Z,1.8643,16.992
2026-01-07T23:30:00Z,1.8727,16.948
2026-01-07T23:45:00Z,1.8574,16.886
2026-01-08T00:00:00Z,1.8534,16.839
2026-01-08T00:15:00Z,1.8515,16.825
2026-01-08T00:30:00Z,1.8543,16.888
2026-01-08T00:45:00Z,1.8531,16.842
2026-01-08T01:00:00Z,1.8551,16.638
2026-01-08T01:15:00Z,1.8466,16.583
2026-01-08T01:30:00Z,1.854,16.592
2026-01-08T01:45:00Z,1.8484,16.556
2026-01-08T02:00:00Z,1.8474,16.357
2026-01-08T02:15:00Z,1.8493,16.254
2026-01-08T02:30:00Z,1.8482,16.164
2026-01-08T02:45:00Z,1.8448,16.137
2026-01-08T03:00:00Z,1.8436,16.074
2026-01-08T03:15:00Z,1.8428,16.018
2026-01-08T03:30:00Z,1.8441,15.961
2026-01-08T03:45:00Z,1.839,15.918
2026-01-08T04:00:00Z,1.8412,15.889
2026-01-08T04:15:00Z,1.8404,15.852
2026-01-08T04:30:00Z,1.8348,15.791
2026-01-08T04:45:00Z,1.8388,15.755
2026-01-08T05:00:00Z,1.8333,15.72
2026-01-08T05:15:00Z,1.8354,15.671
2026-01-08T05:30:00Z,1.8324,15.723
2026-01-08T05:45:00Z,1.8359,15.739
2026-01-08T06:00:00Z,1.8327,15.716
2026-01-08T06:15:00Z,1.8311,15.688
2026-01-08T06:30:00Z,1.8297,15.565
2026-01-08T06:45:00Z,1.8356,15.54
2026-01-08T07:00:00Z,1.8264,15.511
2026-01-08T07:15:00Z,1.8262,15.433
2026-01-08T07:30:00Z,1.8315,15.429
2026-01-08T07:45:00Z,1.8305,15.319
2026-01-08T08:00:00Z,1.826,15.246
2026-01-08T08:15:00Z,1.8243,15.194
2026-01-08T08:30:00Z,1.8186,15.215
2026-01-08T08:45:00Z,1.8229,15.253
2026-01-08T09:00:00Z,1.8232,15.254
2026-01-08T09:15:00Z,1.8389,15.331
2026-01-08T09:30:00Z,1.819,15.288
2026-01-08T09:45:00Z,1.8238,15.12
2026-01-08T10:00:00Z,1.8232,15.169
2026-01-08T10:15:00Z,1.8238,15.334
2026-01-08T10:30:00Z,1.8266,15.255
2026-01-08T10:45:00Z,1.8253,15.106
2026-01-08T11:00:00Z,1.8148,14.955
2026-01-08T11:15:00Z,1.8218,14.73
2026-01-08T11:30:00Z,1.8123,14.526
2026-01-08T11:45:00Z,1.8193,14.459
2026-01-08T12:00:00Z,1.8131,14.379
2026-01-08T12:15:00Z,1.8193,14.275
2026-01-08T12:30:00Z,1.8059,14.529
2026-01-08T12:45:00Z,1.7865,14.668
2026-01-08T13:00:00Z,1.7751,15.014
2026-01-08T13:15:00Z,1.8101,15.266
2026-01-08T13:30:00Z,1.8075,15.163
2026-01-08T13:45:00Z,1.7962,14.993
2026-01-08T14:00:00Z,1.7801,14.977
2026-01-08T14:15:00Z,1.7922,14.879
2026-01-08T14:30:00Z,1.8184,14.914
2026-01-08T14:45:00Z,1.801,14.786
2026-01-08T15:00:00Z,1.8045,14.826
2026-01-08T15:15:00Z,1.8073,14.74
2026-01-08T15:30:00Z,1.8172,14.677
2026-01-08T15:45:00Z,1.8063,14.572
2026-01-08T16:00:00Z,1.8116,14.559
2026-01-08T16:15:00Z,1.8004,14.508
2026-01-08T16:30:00Z,1.8094,14.527
2026-01-08T16:45:00Z,1.8104,14.498
2026-01-08T17:00:00Z,1.8114,14.497
2026-01-08T17:15:00Z,1.7764,14.433
2026-01-08T17:30:00Z,1.7918,14.479
2026-01-08T17:45:00Z,1.7909,14.501
2026-01-08T18:00:00Z,1.8023,14.488
2026-01-08T18:15:00Z,1.789,14.501
2026-01-08T18:30:00Z,1.7924,14.464
2026-01-08T18:45:00Z,1.7813,14.57
2026-01-08T19:00:00Z,1.7889,14.781
2026-01-08T19:15:00Z,1.804,14.969
2026-01-08T19:30:00Z,1.804,15.099
2026-01-08T19:45:00Z,1.7907,15.268
2026-01-08T20:00:00Z,1.7738,15.394
2026-01-08T20:15:00Z,1.7804,15.508
2026-01-08T20:30:00Z,1.7849,15.62
2026-01-08T20:45:00Z,1.7888,15.671
2026-01-08T21:00:00Z,1.8073,15.769
2026-01-08T21:15:00Z,1.7839,15.816
2026-01-08T21:30:00Z,1.8027,15.848
2026-01-08T21:45:00Z,1.7836,15.937
2026-01-08T22:00:00Z,1.7773,16.035
2026-01-08T22:15:00Z,1.7775,16.024
2026-01-08T22:30:00Z,1.7706,16.044
2026-01-08T22:45:00Z,1.7801,16.012
2026-01-08T23:00:00Z,1.7811,15.956
2026-01-08T23:15:00Z,1.7695,15.893
2026-01-08T23:30:00Z,1.7517,15.855
2026-01-08T23:45:00Z,1.7613,15.781
2026-01-09T00:00:00Z,1.7711,15.718
2026-01-09T00:15:00Z,1.7494,15.624
2026-01-09T00:30:00Z,1.7555,15.558
2026-01-09T00:45:00Z,1.7609,15.455
2026-01-09T01:00:00Z,1.7669,15.381
2026-01-09T01:15:00Z,1.7712,15.284
2026-01-09T01:30:00Z,1.7777,15.256
2026-01-09T01:45:00Z,1.7681,15.23
2026-01-09T02:00:00Z,1.7755,15.27
2026-01-09T02:15:00Z,1.7667,15.25
2026-01-09T02:30:00Z,1.7684,15.23
2026-01-09T02:45:00Z,1.7695,15.186
2026-01-09T03:00:00Z,1.7627,15.085
2026-01-09T03:15:00Z,1.766,15.017
2026-01-09T03:30:00Z,1.7619,14.876
2026-01-09T03:45:00Z,1.7656,14.769
2026-01-09T04:00:00Z,1.7576,14.681
2026-01-09T04:15:00Z,1.7629,14.707
2026-01-09T04:30:00Z,1.7585,14.749
2026-01-09T04:45:00Z,1.7602,14.652
2026-01-09T05:00:00Z,1.7603,14.568
2026-01-09T05:15:00Z,1.7609,14.469
2026-01-09T05:30:00Z,1.7629,14.48
2026-01-09T05:45:00Z,1.7563,14.421
2026-01-09T06:00:00Z,1.7638,14.302
2026-01-09T06:15:00Z,1.7598,14.272
2026-01-09T06:30:00Z,1.7632,14.212
2026-01-09T06:45:00Z,1.7547,14.182
2026-01-09T07:00:00Z,1.7588,14.148
2026-01-09T07:15:00Z,1.7563,14.097
2026-01-09T07:30:00Z,1.7561,14.046
2026-01-09T07:45:00Z,1.761,14.016
2026-01-09T08:00:00Z,1.7535,13.983
2026-01-09T08:15:00Z,1.7589,13.955
2026-01-09T08:30:00Z,1.75,13.946
2026-01-09T08:45:00Z,1.7569,13.9
2026-01-09T09:00:00Z,1.7491,13.897
2026-01-09T09:15:00Z,1.7566,13.865
2026-01-09T09:30:00Z,1.7478,13.884
2026-01-09T09:45:00Z,1.7516,13.807
2026-01-09T10:00:00Z,1.7506,13.768
2026-01-09T10:15:00Z,1.7504,13.752
2026-01-09T10:30:00Z,1.7508,13.692
2026-01-09T10:45:00Z,1.7489,13.631
2026-01-09T11:00:00Z,1.7519,13.666
2026-01-09T11:15:00Z,1.7467,13.661
2026-01-09T11:30:00Z,1.751,13.604
2026-01-09T11:45:00Z,1.749,13.584
2026-01-09T12:00:00Z,1.7482,13.61
2026-01-09T12:15:00Z,1.7442,13.583
2026-01-09T12:30:00Z,1.7466,13.532
2026-01-09T12:45:00Z,1.7442,13.505
2026-01-09T13:00:00Z,1.7436,13.453
2026-01-09T13:15:00Z,1.7421,13.442
2026-01-09T13:30:00Z,1.7409,13.413
2026-01-09T13:45:00Z,1.7428,13.384
2026-01-09T14:00:00Z,1.7398,13.369
2026-01-09T14:15:00Z,1.7416,13.266
2026-01-09T14:30:00Z,1.74,13.228
2026-01-09T14:45:00Z,1.7416,13.268
2026-01-09T15:00:00Z,1.7414,13.251
2026-01-09T15:15:00Z,1.7414,13.312
2026-01-09T15:30:00Z,1.7457,13.286
2026-01-09T15:45:00Z,1.748,13.32
2026-01-09T16:00:00Z,1.7532,13.262
2026-01-09T16:15:00Z,1.7536,13.329
2026-01-09T16:30:00Z,1.7531,13.305
2026-01-09T16:45:00Z,1.753,13.129
2026-01-09T17:00:00Z,1.7453,13.081
2026-01-09T17:15:00Z,1.7467,13.242
2026-01-09T17:30:00Z,1.7441,13.388
2026-01-09T17:45:00Z,1.7418,13.492
2026-01-09T18:00:00Z,1.74,13.564
2026-01-09T18:15:00Z,1.7404,13.744
2026-01-09T18:30:00Z,1.7382,13.975
2026-01-09T18:45:00Z,1.7414,14.154
2026-01-09T19:00:00Z,1.7383,14.333
2026-01-09T19:15:00Z,1.7403,14.52
2026-01-09T19:30:00Z,1.7368,14.671
2026-01-09T19:45:00Z,1.7388,14.76
2026-01-09T20:00:00Z,1.7387,14.92
2026-01-09T20:15:00Z,1.7393,15.091
2026-01-09T20:30:00Z,1.7406,15.256
2026-01-09T20:45:00Z,1.7374,15.412
2026-01-09T21:00:00Z,1.7364,15.473
2026-01-09T21:15:00Z,1.7374,15.538
2026-01-09T21:30:00Z,1.7412,15.586
2026-01-09T21:45:00Z,1.7396,15.639
2026-01-09T22:00:00Z,1.741,15.672
2026-01-09T22:15:00Z,1.7377,15.755
2026-01-09T22:30:00Z,1.7368,15.809
2026-01-09T22:45:00Z,1.7358,15.805
2026-01-09T23:00:00Z,1.7346,15.845
2026-01-09T23:15:00Z,1.7349,15.815
2026-01-09T23:30:00Z,1.731,15.771
2026-01-09T23:45:00Z,1.735,15.83
2026-01-10T00:00:00Z,1.7318,15.808
2026-01-10T00:15:00Z,1.7328,15.74
2026-01-10T00:30:00Z,1.7308,15.641
2026-01-10T00:45:00Z,1.7255,15.61
2026-01-10T01:00:00Z,1.7267,15.707
2026-01-10T01:15:00Z,1.7232,15.568
2026-01-10T01:30:00Z,1.7285,15.499
2026-01-10T01:45:00Z,1.7248,15.493
2026-01-10T02:00:00Z,1.729,15.469
2026-01-10T02:15:00Z,1.7264,15.464
2026-01-10T02:30:00Z,1.7277,15.431
2026-01-10T02:45:00Z,1.7249,15.383
2026-01-10T03:00:00Z,1.7238,15.326
2026-01-10T03:15:00Z,1.7267,15.245
2026-01-10T03:30:00Z,1.7246,15.151
2026-01-10T03:45:00Z,1.726,15.098
2026-01-10T04:00:00Z,1.7243,14.913
2026-01-10T04:15:00Z,1.7261,14.808
2026-01-10T04:30:00Z,1.7238,14.74
2026-01-10T04:45:00Z,1.7225,14.711
2026-01-10T05:00:00Z,1.7222,14.751
2026-01-10T05:15:00Z,1.7207,14.637
2026-01-10T05:30:00Z,1.7214,14.593
2026-01-10T05:45:00Z,1.72,14.526
2026-01-10T06:00:00Z,1.7202,14.46
2026-01-10T06:15:00Z,1.7201,14.379
2026-01-10T06:30:00Z,1.7195,14.314
2026-01-10T06:45:00Z,1.7181,14.27
2026-01-10T07:00:00Z,1.7183,14.202
2026-01-10T07:15:00Z,1.7165,14.155
2026-01-10T07:30:00Z,1.7184,14.128
2026-01-10T07:45:00Z,1.7147,14.111
2026-01-10T08:00:00Z,1.7154,14.1
2026-01-10T08:15:00Z,1.7143,14.047
2026-01-10T08:30:00Z,1.7154,13.995
2026-01-10T08:45:00Z,1.7141,13.99
2026-01-10T09:00:00Z,1.7138,13.938
2026-01-10T09:15:00Z,1.7125,13.888
2026-01-10T09:30:00Z,1.7103,13.876
2026-01-10T09:45:00Z,1.7117,13.858
2026-01-10T10:00:00Z,1.7111,13.817
2026-01-10T10:15:00Z,1.7101,13.773
2026-01-10T10:30:00Z,1.7095,13.772
2026-01-10T10:45:00Z,1.7088,13.748
2026-01-10T11:00:00Z,1.7087,13.721
2026-01-10T11:15:00Z,1.7085,13.699
2026-01-10T11:30:00Z,1.7095,13.661
2026-01-10T11:45:00Z,1.7067,13.641
2026-01-10T12:00:00Z,1.7075,13.609
2026-01-10T12:15:00Z,1.707,13.609
2026-01-10T12:30:00Z,1.7048,13.586
2026-01-10T12:45:00Z,1.7053,13.496
2026-01-10T13:00:00Z,1.7051,13.441
2026-01-10T13:15:00Z,1.7039,13.406
2026-01-10T13:30:00Z,1.7016,13.422
2026-01-10T13:45:00Z,1.704,13.366
2026-01-10T14:00:00Z,1.7033,13.366
2026-01-10T14:15:00Z,1.7024,13.318
2026-01-10T14:30:00Z,1.6998,13.248
2026-01-10T14:45:00Z,1.7027,13.225
2026-01-10T15:00:00Z,1.7009,13.207
2026-01-10T15:15:00Z,1.6994,13.139
2026-01-10T15:30:00Z,1.7089,13.155
2026-01-10T15:45:00Z,1.7054,13.141
2026-01-10T16:00:00Z,1.7152,13.228
2026-01-10T16:15:00Z,1.7117,13.303
2026-01-10T16:30:00Z,1.7178,13.302
2026-01-10T16:45:00Z,1.7031,13.261
2026-01-10T17:00:00Z,1.7147,13.27
2026-01-10T17:15:00Z,1.7035,13.372
2026-01-10T17:30:00Z,1.7057,13.416
2026-01-10T17:45:00Z,1.6982,13.478
2026-01-10T18:00:00Z,1.6978,13.588
2026-01-10T18:15:00Z,1.7026,13.704
2026-01-10T18:30:00Z,1.6949,13.78
2026-01-10T18:45:00Z,1.7001,13.89
2026-01-10T19:00:00Z,1.6956,14.044
2026-01-10T19:15:00Z,1.7027,14.351
2026-01-10T19:30:00Z,1.7044,14.461
2026-01-10T19:45:00Z,1.7044,14.47
2026-01-10T20:00:00Z,1.7045,14.502
2026-01-10T20:15:00Z,1.7039,14.569
2026-01-10T20:30:00Z,1.7054,14.636
2026-01-10T20:45:00Z,1.7019,14.709
2026-01-10T21:00:00Z,1.7044,14.848
2026-01-10T21:15:00Z,1.7035,14.936
2026-01-10T21:30:00Z,1.7025,15.055
2026-01-10T21:45:00Z,1.7016,15.198
2026-01-10T22:00:00Z,1.7025,15.318
2026-01-10T22:15:00Z,1.7008,15.402
2026-01-10T22:30:00Z,1.6995,15.537
2026-01-10T22:45:00Z,1.701,15.654
2026-01-10T23:00:00Z,1.7019,15.711
2026-01-10T23:15:00Z,1.7025,15.758
2026-01-10T23:30:00Z,1.7045,15.765
2026-01-10T23:45:00Z,1.701,15.679
2026-01-11T00:00:00Z,1.7024,15.656
2026-01-11T00:15:00Z,1.6977,15.578
2026-01-11T00:30:00Z,1.6986,15.549
2026-01-11T00:45:00Z,1.6963,15.46
2026-01-11T01:00:00Z,1.6914,15.338
2026-01-11T01:15:00Z,1.6921,15.263
2026-01-11T01:30:00Z,1.6914,15.203
2026-01-11T01:45:00Z,1.6905,15.128
2026-01-11T02:00:00Z,1.6896,15.076
2026-01-11T02:15:00Z,1.689,15.046
2026-01-11T02:30:00Z,1.6823,14.99
2026-01-11T02:45:00Z,1.692,14.973
2026-01-11T03:00:00Z,1.6841,14.87
2026-01-11T03:15:00Z,1.6894,14.841
2026-01-11T03:30:00Z,1.6856,14.826
2026-01-11T03:45:00Z,1.6895,14.745
2026-01-11T04:00:00Z,1.6851,14.642
2026-01-11T04:15:00Z,1.6856,14.559
2026-01-11T04:30:00Z,1.6866,14.461
2026-01-11T04:45:00Z,1.6847,14.385
2026-01-11T05:00:00Z,1.6858,14.364
2026-01-11T05:15:00Z,1.6817,14.315
2026-01-11T05:30:00Z,1.6856,14.238
2026-01-11T05:45:00Z,1.6827,14.199
2026-01-11T06:00:00Z,1.6851,14.124
2026-01-11T06:15:00Z,1.6826,14.094
2026-01-11T06:30:00Z,1.6835,14.012
2026-01-11T06:45:00Z,1.6838,13.95
2026-01-11T07:00:00Z,1.6811,13.895
2026-01-11T07:15:00Z,1.687,13.826
2026-01-11T07:30:00Z,1.6723,13.825
2026-01-11T07:45:00Z,1.6857,13.793
2026-01-11T08:00:00Z,1.6775,13.747
2026-01-11T08:15:00Z,1.6753,13.676
2026-01-11T08:30:00Z,1.6801,13.694
2026-01-11T08:45:00Z,1.676,13.624
2026-01-11T09:00:00Z,1.6793,13.614
2026-01-11T09:15:00Z,1.6743,13.593
2026-01-11T09:30:00Z,1.6782,13.594
2026-01-11T09:45:00Z,1.673,13.553
2026-01-11T10:00:00Z,1.6785,13.554
2026-01-11T10:15:00Z,1.6739,13.586
2026-01-11T10:30:00Z,1.6778,13.518
2026-01-11T10:45:00Z,1.6756,13.477
2026-01-11T11:00:00Z,1.6739,13.484
2026-01-11T11:15:00Z,1.6793,13.455
2026-01-11T11:30:00Z,1.6686,13.459
2026-01-11T11:45:00Z,1.676,13.457
2026-01-11T12:00:00Z,1.6672,13.408
2026-01-11T12:15:00Z,1.6752,13.328
2026-01-11T12:30:00Z,1.6699,13.346
2026-01-11T12:45:00Z,1.6726,13.284
2026-01-11T13:00:00Z,1.671,13.097
2026-01-11T13:15:00Z,1.6692,13.103
2026-01-11T13:30:00Z,1.6738,13.041
2026-01-11T13:45:00Z,1.6659,13.104
2026-01-11T14:00:00Z,1.6724,13.046
2026-01-11T14:15:00Z,1.6645,13.066
2026-01-11T14:30:00Z,1.6668,13.058
2026-01-11T14:45:00Z,1.6691,13.083
2026-01-11T15:00:00Z,1.6686,13.041
2026-01-11T15:15:00Z,1.6663,13.042
2026-01-11T15:30:00Z,1.678,13.026
2026-01-11T15:45:00Z,1.6836,12.993
2026-01-11T16:00:00Z,1.6802,12.98
2026-01-11T16:15:00Z,1.6753,12.959
2026-01-11T16:30:00Z,1.677,12.97
2026-01-11T16:45:00Z,1.6738,13.018
2026-01-11T17:00:00Z,1.676,13.076
2026-01-11T17:15:00Z,1.6682,13.114
2026-01-11T17:30:00Z,1.6747,13.143
2026-01-11T17:45:00Z,1.6658,13.236
2026-01-11T18:00:00Z,1.6709,13.36
2026-01-11T18:15:00Z,1.6676,13.495
2026-01-11T18:30:00Z,1.6714,13.663
2026-01-11T18:45:00Z,1.6677,13.944
2026-01-11T19:00:00Z,1.673,14.108
2026-01-11T19:15:00Z,1.6678,14.286
2026-01-11T19:30:00Z,1.6712,14.363
2026-01-11T19:45:00Z,1.6694,14.468
2026-01-11T20:00:00Z,1.6676,14.637
2026-01-11T20:15:00Z,1.6703,14.797
2026-01-11T20:30:00Z,1.666,14.848
2026-01-11T20:45:00Z,1.667,15.076
2026-01-11T21:00:00Z,1.6664,15.327
2026-01-11T21:15:00Z,1.6674,15.384
2026-01-11T21:30:00Z,1.6702,15.414
2026-01-11T21:45:00Z,1.6674,15.66
2026-01-11T22:00:00Z,1.6681,15.845
2026-01-11T22:15:00Z,1.666,15.865
2026-01-11T22:30:00Z,1.6694,16.022
2026-01-11T22:45:00Z,1.669,16.012
2026-01-11T23:00:00Z,1.6649,15.913
2026-01-11T23:15:00Z,1.666,15.931
2026-01-11T23:30:00Z,1.6656,15.936
2026-01-11T23:45:00Z,1.667,15.887
2026-01-12T00:00:00Z,1.6639,15.855
2026-01-12T00:15:00Z,1.6625,15.754
2026-01-12T00:30:00Z,1.6621,15.81
2026-01-12T00:45:00Z,1.6635,15.669
2026-01-12T01:00:00Z,1.6574,15.567
2026-01-12T01:15:00Z,1.6592,15.485
2026-01-12T01:30:00Z,1.6595,15.412
2026-01-12T01:45:00Z,1.6573,15.281
2026-01-12T02:00:00Z,1.6589,15.204
2026-01-12T02:15:00Z,1.6551,15.157
2026-01-12T02:30:00Z,1.6556,15.129
2026-01-12T02:45:00Z,1.6556,15.13
2026-01-12T03:00:00Z,1.6595,15.049
2026-01-12T03:15:00Z,1.6566,14.974
2026-01-12T03:30:00Z,1.657,14.906
2026-01-12T03:45:00Z,1.6566,14.804
2026-01-12T04:00:00Z,1.6562,14.687
2026-01-12T04:15:00Z,1.6563,14.584
2026-01-12T04:30:00Z,1.6555,14.525
2026-01-12T04:45:00Z,1.6535,14.438
2026-01-12T05:00:00Z,1.6538,14.351
2026-01-12T05:15:00Z,1.6559,14.284
2026-01-12T05:30:00Z,1.6565,14.226
2026-01-12T05:45:00Z,1.6528,14.176
2026-01-12T06:00:00Z,1.6521,14.174
2026-01-12T06:15:00Z,1.6582,14.089
2026-01-12T06:30:00Z,1.6461,14.07
2026-01-12T06:45:00Z,1.654,14.034
2026-01-12T07:00:00Z,1.6483,13.991
2026-01-12T07:15:00Z,1.6526,13.974
2026-01-12T07:30:00Z,1.6465,13.932
2026-01-12T07:45:00Z,1.6486,13.897
2026-01-12T08:00:00Z,1.6511,13.833
2026-01-12T08:15:00Z,1.6449,13.82
2026-01-12T08:30:00Z,1.6515,13.799
2026-01-12T08:45:00Z,1.6476,13.759
2026-01-12T09:00:00Z,1.6475,13.741
2026-01-12T09:15:00Z,1.6457,13.755
2026-01-12T09:30:00Z,1.6457,13.75
2026-01-12T09:45:00Z,1.6472,13.717
2026-01-12T10:00:00Z,1.6442,13.704
2026-01-12T10:15:00Z,1.6453,13.664
2026-01-12T10:30:00Z,1.6387,13.638
2026-01-12T10:45:00Z,1.6435,13.571
2026-01-12T11:00:00Z,1.6355,13.577
2026-01-12T11:15:00Z,1.6427,13.525
2026-01-12T11:30:00Z,1.6386,13.474
2026-01-12T11:45:00Z,1.6408,13.437
2026-01-12T12:00:00Z,1.6414,13.391
2026-01-12T12:15:00Z,1.6374,13.329
2026-01-12T12:30:00Z,1.6426,13.27
2026-01-12T12:45:00Z,1.6319,13.269
2026-01-12T13:00:00Z,1.6397,13.274
2026-01-12T13:15:00Z,1.6306,13.27
2026-01-12T13:30:00Z,1.6367,13.25
2026-01-12T13:45:00Z,1.6361,13.216
2026-01-12T14:00:00Z,1.6301,13.177
2026-01-12T14:15:00Z,1.6336,13.143
2026-01-12T14:30:00Z,1.6308,13.125
2026-01-12T14:45:00Z,1.6307,13.127
2026-01-12T15:00:00Z,1.632,13.117
2026-01-12T15:15:00Z,1.6294,13.066
2026-01-12T15:30:00Z,1.6369,13.056
2026-01-12T15:45:00Z,1.6371,13.04
2026-01-12T16:00:00Z,1.646,13.023
2026-01-12T16:15:00Z,1.6254,13.094
2026-01-12T16:30:00Z,1.6451,13.038
2026-01-12T16:45:00Z,1.6404,12.992
2026-01-12T17:00:00Z,1.6358,13.012
2026-01-12T17:15:00Z,1.6312,13.08
2026-01-12T17:30:00Z,1.6301,13.175
2026-01-12T17:45:00Z,1.63,13.322
2026-01-12T18:00:00Z,1.6286,13.5
2026-01-12T18:15:00Z,1.6267,13.646
2026-01-12T18:30:00Z,1.6321,13.713
2026-01-12T18:45:00Z,1.6289,13.948
2026-01-12T19:00:00Z,1.6302,14.085
2026-01-12T19:15:00Z,1.6221,14.2
2026-01-12T19:30:00Z,1.6287,14.326
2026-01-12T19:45:00Z,1.6248,14.463
2026-01-12T20:00:00Z,1.6282,14.494
2026-01-12T20:15:00Z,1.6234,14.803
2026-01-12T20:30:00Z,1.6206,15.01
2026-01-12T20:45:00Z,1.6275,15.135
2026-01-12T21:00:00Z,1.6186,15.294
2026-01-12T21:15:00Z,1.623,15.4
2026-01-12T21:30:00Z,1.6199,15.4
2026-01-12T21:45:00Z,1.6227,15.6
2026-01-12T22:00:00Z,1.6224,15.75
2026-01-12T22:15:00Z,1.6232,15.625
2026-01-12T22:30:00Z,1.6187,15.672
2026-01-12T22:45:00Z,1.6217,15.539
2026-01-12T23:00:00Z,1.6229,15.591
2026-01-12T23:15:00Z,1.6195,15.667
2026-01-12T23:30:00Z,1.6198,15.5
2026-01-12T23:45:00Z,1.6208,15.472
2026-01-13T00:00:00Z,1.6158,15.4
2026-01-13T00:15:00Z,1.6159,15.324
2026-01-13T00:30:00Z,1.6146,15.282
2026-01-13T00:45:00Z,1.6175,15.183
2026-01-13T01:00:00Z,1.6113,15.059
2026-01-13T01:15:00Z,1.6105,14.938
2026-01-13T01:30:00Z,1.6087,14.828
2026-01-13T01:45:00Z,1.6078,14.818
2026-01-13T02:00:00Z,1.6116,14.823
2026-01-13T02:15:00Z,1.6085,14.848
2026-01-13T02:30:00Z,1.6087,14.762
2026-01-13T02:45:00Z,1.6089,14.737
2026-01-13T03:00:00Z,1.6083,14.716
2026-01-13T03:15:00Z,1.6069,14.678
2026-01-13T03:30:00Z,1.607,14.663
2026-01-13T03:45:00Z,1.6052,14.634
2026-01-13T04:00:00Z,1.6066,14.589
2026-01-13T04:15:00Z,1.6063,14.513
2026-01-13T04:30:00Z,1.6026,14.444
2026-01-13T04:45:00Z,1.6041,14.39
2026-01-13T05:00:00Z,1.6024,14.345
2026-01-13T05:15:00Z,1.6043,14.309
2026-01-13T05:30:00Z,1.6011,14.271
2026-01-13T05:45:00Z,1.6049,14.244
2026-01-13T06:00:00Z,1.6016,14.228
2026-01-13T06:15:00Z,1.601,14.162
2026-01-13T06:30:00Z,1.5989,14.118
2026-01-13T06:45:00Z,1.6002,14.05
2026-01-13T07:00:00Z,1.6007,14.042
2026-01-13T07:15:00Z,1.599,14
2026-01-13T07:30:00Z,1.5988,13.971
2026-01-13T07:45:00Z,1.5984,13.916
2026-01-13T08:00:00Z,1.5966,13.855
2026-01-13T08:15:00Z,1.5981,13.803
2026-01-13T08:30:00Z,1.5933,13.77
2026-01-13T08:45:00Z,1.598,13.756
2026-01-13T09:00:00Z,1.5955,13.694
2026-01-13T09:15:00Z,1.5945,13.707
2026-01-13T09:30:00Z,1.5945,13.703
2026-01-13T09:45:00Z,1.592,13.678
2026-01-13T10:00:00Z,1.592,13.651
2026-01-13T10:15:00Z,1.59,13.62
2026-01-13T10:30:00Z,1.5951,13.615
2026-01-13T10:45:00Z,1.5951,13.616
2026-01-13T11:00:00Z,1.5921,13.609
2026-01-13T11:15:00Z,1.5916,13.58
2026-01-13T11:30:00Z,1.5892,13.577
2026-01-13T11:45:00Z,1.593,13.567
2026-01-13T12:00:00Z,1.5892,13.538
2026-01-13T12:15:00Z,1.5899,13.555
2026-01-13T12:30:00Z,1.5891,13.54
2026-01-13T12:45:00Z,1.5854,13.492
2026-01-13T13:00:00Z,1.5874,13.423
2026-01-13T13:15:00Z,1.5847,13.362
2026-01-13T13:30:00Z,1.587,13.336
2026-01-13T13:45:00Z,1.5879,13.318
2026-01-13T14:00:00Z,1.584,13.263
2026-01-13T14:15:00Z,1.5868,13.263
2026-01-13T14:30:00Z,1.5806,13.278
2026-01-13T14:45:00Z,1.5843,13.366
2026-01-13T15:00:00Z,1.5842,13.369
2026-01-13T15:15:00Z,1.5824,13.296
2026-01-13T15:30:00Z,1.5911,13.246
2026-01-13T15:45:00Z,1.5978,13.189
2026-01-13T16:00:00Z,1.6031,13.182
2026-01-13T16:15:00Z,1.5874,13.159
2026-01-13T16:30:00Z,1.6038,13.169
2026-01-13T16:45:00Z,1.5939,13.138
2026-01-13T17:00:00Z,1.5908,13.198
2026-01-13T17:15:00Z,1.5897,13.196
2026-01-13T17:30:00Z,1.5824,13.315
2026-01-13T17:45:00Z,1.5865,13.516
2026-01-13T18:00:00Z,1.5827,13.703
2026-01-13T18:15:00Z,1.584,13.881
2026-01-13T18:30:00Z,1.5873,14.028
2026-01-13T18:45:00Z,1.589,14.239
2026-01-13T19:00:00Z,1.5849,14.436
2026-01-13T19:15:00Z,1.5875,14.606
2026-01-13T19:30:00Z,1.5848,14.889
2026-01-13T19:45:00Z,1.5818,14.912
2026-01-13T20:00:00Z,1.5794,14.996
2026-01-13T20:15:00Z,1.5851,15.059
2026-01-13T20:30:00Z,1.584,15.176
2026-01-13T20:45:00Z,1.5861,15.291
2026-01-13T21:00:00Z,1.5815,15.374
2026-01-13T21:15:00Z,1.5799,15.555
2026-01-13T21:30:00Z,1.5869,16.055
2026-01-13T21:45:00Z,1.583,16.12
2026-01-13T22:00:00Z,1.5866,16.284
2026-01-13T22:15:00Z,1.5839,16.406
2026-01-13T22:30:00Z,1.583,16.386
2026-01-13T22:45:00Z,1.5796,16.388
2026-01-13T23:00:00Z,1.5831,16.361
2026-01-13T23:15:00Z,1.5775,16.118
2026-01-13T23:30:00Z,1.5763,15.934
2026-01-13T23:45:00Z,1.581,16.072
2026-01-14T00:00:00Z,1.5831,16.251
2026-01-14T00:15:00Z,1.5802,16.313
2026-01-14T00:30:00Z,1.5757,16.158
2026-01-14T00:45:00Z,1.5756,16.077
2026-01-14T01:00:00Z,1.5702,15.982
2026-01-14T01:15:00Z,1.5707,15.848
2026-01-14T01:30:00Z,1.5725,15.75
2026-01-14T01:45:00Z,1.572,15.74
2026-01-14T02:00:00Z,1.5735,15.702
2026-01-14T02:15:00Z,1.5746,15.687
2026-01-14T02:30:00Z,1.5731,15.648
2026-01-14T02:45:00Z,1.573,15.585
2026-01-14T03:00:00Z,1.5733,15.504
2026-01-14T03:15:00Z,1.5707,15.439
2026-01-14T03:30:00Z,1.5733,15.387
2026-01-14T03:45:00Z,1.572,15.347
2026-01-14T04:00:00Z,1.5721,15.31
2026-01-14T04:15:00Z,1.5718,15.274
2026-01-14T04:30:00Z,1.5707,15.201
2026-01-14T04:45:00Z,1.572,15.128
2026-01-14T05:00:00Z,1.5664,15.063
2026-01-14T05:15:00Z,1.574,15.009
2026-01-14T05:30:00Z,1.566,14.96
2026-01-14T05:45:00Z,1.5721,14.935
2026-01-14T06:00:00Z,1.5707,14.882
2026-01-14T06:15:00Z,1.566,14.84
2026-01-14T06:30:00Z,1.5694,14.79
2026-01-14T06:45:00Z,1.5653,14.749
2026-01-14T07:00:00Z,1.5678,14.71
2026-01-14T07:15:00Z,1.567,14.669
2026-01-14T07:30:00Z,1.5646,14.639
2026-01-14T07:45:00Z,1.5652,14.596
2026-01-14T08:00:00Z,1.5681,14.552
2026-01-14T08:15:00Z,1.5621,14.51
2026-01-14T08:30:00Z,1.5639,14.497
2026-01-14T08:45:00Z,1.5661,14.485
2026-01-14T09:00:00Z,1.5651,14.452
2026-01-14T09:15:00Z,1.562,14.418
2026-01-14T09:30:00Z,1.5678,14.387
2026-01-14T09:45:00Z,1.5585,14.361
2026-01-14T10:00:00Z,1.5625,14.344
2026-01-14T10:15:00Z,1.5626,14.327
2026-01-14T10:30:00Z,1.5609,14.315
2026-01-14T10:45:00Z,1.5675,14.301
2026-01-14T11:00:00Z,1.5626,14.271
2026-01-14T11:15:00Z,1.5652,14.226
2026-01-14T11:30:00Z,1.5561,14.186
2026-01-14T11:45:00Z,1.5634,14.167
2026-01-14T12:00:00Z,1.5599,14.133
2026-01-14T12:15:00Z,1.5607,14.095
2026-01-14T12:30:00Z,1.5631,14.104
2026-01-14T12:45:00Z,1.5569,14.072
2026-01-14T13:00:00Z,1.5577,14.066
2026-01-14T13:15:00Z,1.5641,14.066
2026-01-14T13:30:00Z,1.5559,14.014
2026-01-14T13:45:00Z,1.561,14.021
2026-01-14T14:00:00Z,1.5588,14.027
2026-01-14T14:15:00Z,1.5583,14.021
2026-01-14T14:30:00Z,1.5621,13.994
2026-01-14T14:45:00Z,1.5607,13.979
2026-01-14T15:00:00Z,1.5601,13.956
2026-01-14T15:15:00Z,1.56,13.936
2026-01-14T15:30:00Z,1.5682,13.899
2026-01-14T15:45:00Z,1.5684,13.595
2026-01-14T16:00:00Z,1.5757,13.515
2026-01-14T16:15:00Z,1.5662,13.779
2026-01-14T16:30:00Z,1.57,13.567
2026-01-14T16:45:00Z,1.5726,13.763
2026-01-14T17:00:00Z,1.5645,13.828
2026-01-14T17:15:00Z,1.5671,13.856
2026-01-14T17:30:00Z,1.5647,13.951
2026-01-14T17:45:00Z,1.5629,14.083
2026-01-14T18:00:00Z,1.5631,14.25
2026-01-14T18:15:00Z,1.5629,14.405
2026-01-14T18:30:00Z,1.5605,14.593
2026-01-14T18:45:00Z,1.5618,14.898
2026-01-14T19:00:00Z,1.5595,15.051
2026-01-14T19:15:00Z,1.563,15.116
2026-01-14T19:30:00Z,1.5608,15.256
2026-01-14T19:45:00Z,1.5613,15.465
2026-01-14T20:00:00Z,1.5616,15.462
2026-01-14T20:15:00Z,1.5605,15.633
2026-01-14T20:30:00Z,1.561,15.667
2026-01-14T20:45:00Z,1.5618,15.692
2026-01-14T21:00:00Z,1.5611,15.976
2026-01-14T21:15:00Z,1.5626,16.087
2026-01-14T21:30:00Z,1.5625,16.725
2026-01-14T21:45:00Z,1.5633,16.955
2026-01-14T22:00:00Z,1.5618,16.955
2026-01-14T22:15:00Z,1.5633,16.789
2026-01-14T22:30:00Z,1.5629,16.832
2026-01-14T22:45:00Z,1.5627,16.991
2026-01-14T23:00:00Z,1.5595,17.222
2026-01-14T23:15:00Z,1.562,17.491
2026-01-14T23:30:00Z,1.5617,17.381
2026-01-14T23:45:00Z,1.56,17.173
2026-01-15T00:00:00Z,1.5634,17.06
2026-01-15T00:15:00Z,1.5609,16.902
2026-01-15T00:30:00Z,1.5589,16.986
2026-01-15T00:45:00Z,1.5563,17.301
2026-01-15T01:00:00Z,1.5547,17.359
2026-01-15T01:15:00Z,1.5562,17.143
2026-01-15T01:30:00Z,1.5511,16.979
2026-01-15T01:45:00Z,1.5523,16.792
2026-01-15T02:00:00Z,1.5532,16.722
2026-01-15T02:15:00Z,1.551,16.512
2026-01-15T02:30:00Z,1.5559,16.233
2026-01-15T02:45:00Z,1.5551,16.045
2026-01-15T03:00:00Z,1.5567,15.896
2026-01-15T03:15:00Z,1.5539,15.805
2026-01-15T03:30:00Z,1.5549,15.734
2026-01-15T03:45:00Z,1.5525,15.672
2026-01-15T04:00:00Z,1.5524,15.61
2026-01-15T04:15:00Z,1.5565,15.486
2026-01-15T04:30:00Z,1.5531,15.352
2026-01-15T04:45:00Z,1.5566,15.356
2026-01-15T05:00:00Z,1.5514,15.339
2026-01-15T05:15:00Z,1.5536,15.312
2026-01-15T05:30:00Z,1.5541,15.331
2026-01-15T05:45:00Z,1.5534,15.289
2026-01-15T06:00:00Z,1.5564,15.301
2026-01-15T06:15:00Z,1.5506,15.27
2026-01-15T06:30:00Z,1.5552,15.316
2026-01-15T06:45:00Z,1.5518,15.215
2026-01-15T07:00:00Z,1.5553,15.1
2026-01-15T07:15:00Z,1.5549,15.052
2026-01-15T07:30:00Z,1.5517,14.955
2026-01-15T07:45:00Z,1.5537,14.91
2026-01-15T08:00:00Z,1.5486,14.861
2026-01-15T08:15:00Z,1.5504,14.826
2026-01-15T08:30:00Z,1.548,14.812
2026-01-15T08:45:00Z,1.5491,14.795
2026-01-15T09:00:00Z,1.5472,14.761
2026-01-15T09:15:00Z,1.551,14.727
2026-01-15T09:30:00Z,1.5504,14.665
2026-01-15T09:45:00Z,1.5475,14.624
2026-01-15T10:00:00Z,1.548,14.608
2026-01-15T10:15:00Z,1.5492,14.587
2026-01-15T10:30:00Z,1.5502,14.535
2026-01-15T10:45:00Z,1.5453,14.524
2026-01-15T11:00:00Z,1.5486,14.471
2026-01-15T11:15:00Z,1.5463,14.423
2026-01-15T11:30:00Z,1.5493,14.393
2026-01-15T11:45:00Z,1.5486,14.389
2026-01-15T12:00:00Z,1.5497,14.365
2026-01-15T12:15:00Z,1.5475,14.311
2026-01-15T12:30:00Z,1.5425,14.311
2026-01-15T12:45:00Z,1.5491,14.346
2026-01-15T13:00:00Z,1.5486,14.429
2026-01-15T13:15:00Z,1.5506,14.446
2026-01-15T13:30:00Z,1.5437,14.416
2026-01-15T13:45:00Z,1.551,14.365
2026-01-15T14:00:00Z,1.5422,14.34
2026-01-15T14:15:00Z,1.5477,14.294
2026-01-15T14:30:00Z,1.5442,14.243
2026-01-15T14:45:00Z,1.544,14.2
2026-01-15T15:00:00Z,1.5499,14.167
2026-01-15T15:15:00Z,1.5439,14.14
2026-01-15T15:30:00Z,1.557,14.078
2026-01-15T15:45:00Z,1.56,14.055
2026-01-15T16:00:00Z,1.558,14.061
2026-01-15T16:15:00Z,1.5553,14.076
2026-01-15T16:30:00Z,1.5624,14.085
2026-01-15T16:45:00Z,1.5543,14.176
2026-01-15T17:00:00Z,1.5515,14.275
2026-01-15T17:15:00Z,1.5509,14.257
2026-01-15T17:30:00Z,1.5464,14.372
2026-01-15T17:45:00Z,1.5484,14.361
2026-01-15T18:00:00Z,1.5523,14.575
2026-01-15T18:15:00Z,1.5503,14.713
2026-01-15T18:30:00Z,1.5504,14.867
2026-01-15T18:45:00Z,1.5477,15.079
2026-01-15T19:00:00Z,1.5462,15.157
2026-01-15T19:15:00Z,1.5521,15.287
2026-01-15T19:30:00Z,1.5437,15.447
2026-01-15T19:45:00Z,1.5537,15.792
2026-01-15T20:00:00Z,1.5485,15.981
2026-01-15T20:15:00Z,1.547,16.099
2026-01-15T20:30:00Z,1.5514,16.326
2026-01-15T20:45:00Z,1.5428,16.495
2026-01-15T21:00:00Z,1.5518,16.621
2026-01-15T21:15:00Z,1.5439,16.694
2026-01-15T21:30:00Z,1.5525,16.803
2026-01-15T21:45:00Z,1.547,16.998
2026-01-15T22:00:00Z,1.5496,16.867
2026-01-15T22:15:00Z,1.5527,17
2026-01-15T22:30:00Z,1.547,17.087
2026-01-15T22:45:00Z,1.5528,17.063
2026-01-15T23:00:00Z,1.5478,17.077
2026-01-15T23:15:00Z,1.5527,17.133
2026-01-15T23:30:00Z,1.5508,17.171
2026-01-15T23:45:00Z,1.5494,17.165
2026-01-16T00:00:00Z,1.5481,17.084
2026-01-16T00:15:00Z,1.545,16.993
2026-01-16T00:30:00Z,1.5511,16.944
2026-01-16T00:45:00Z,1.5481,17.104
2026-01-16T01:00:00Z,1.5434,17.064
2026-01-16T01:15:00Z,1.5425,16.95
2026-01-16T01:30:00Z,1.5426,16.707
2026-01-16T01:45:00Z,1.5452,16.473
2026-01-16T02:00:00Z,1.5448,16.461
2026-01-16T02:15:00Z,1.545,16.527
2026-01-16T02:30:00Z,1.546,16.467
2026-01-16T02:45:00Z,1.5443,16.272
2026-01-16T03:00:00Z,1.5441,16.148
2026-01-16T03:15:00Z,1.5465,16.092
2026-01-16T03:30:00Z,1.5495,16.054
2026-01-16T03:45:00Z,1.5438,16.028
2026-01-16T04:00:00Z,1.5473,15.917
2026-01-16T04:15:00Z,1.5492,15.786
2026-01-16T04:30:00Z,1.5464,15.77
2026-01-16T04:45:00Z,1.5464,15.756
2026-01-16T05:00:00Z,1.5424,15.715
2026-01-16T05:15:00Z,1.5471,15.661
2026-01-16T05:30:00Z,1.542,15.629
2026-01-16T05:45:00Z,1.5437,15.626
2026-01-16T06:00:00Z,1.5435,15.617
2026-01-16T06:15:00Z,1.5449,15.641
2026-01-16T06:30:00Z,1.5419,15.628
2026-01-16T06:45:00Z,1.5455,15.588
2026-01-16T07:00:00Z,1.5431,15.518
2026-01-16T07:15:00Z,1.5418,15.436
2026-01-16T07:30:00Z,1.5426,15.324
2026-01-16T07:45:00Z,1.5392,15.218
2026-01-16T08:00:00Z,1.5435,15.16
2026-01-16T08:15:00Z,1.5399,15.106
2026-01-16T08:30:00Z,1.5451,15.064
2026-01-16T08:45:00Z,1.5411,15.048
2026-01-16T09:00:00Z,1.5441,15.027
2026-01-16T09:15:00Z,1.5428,15.014
2026-01-16T09:30:00Z,1.5412,14.967
2026-01-16T09:45:00Z,1.5449,14.923
2026-01-16T10:00:00Z,1.5449,14.896
2026-01-16T10:15:00Z,1.5427,14.856
2026-01-16T10:30:00Z,1.5414,14.834
2026-01-16T10:45:00Z,1.5445,14.826
2026-01-16T11:00:00Z,1.5404,14.794
2026-01-16T11:15:00Z,1.5432,14.75
2026-01-16T11:30:00Z,1.5407,14.726
2026-01-16T11:45:00Z,1.5424,14.746
2026-01-16T12:00:00Z,1.5394,14.741
2026-01-16T12:15:00Z,1.5458,14.689
2026-01-16T12:30:00Z,1.5426,14.657
2026-01-16T12:45:00Z,1.5421,14.64
2026-01-16T13:00:00Z,1.5408,14.629
2026-01-16T13:15:00Z,1.5399,14.641
2026-01-16T13:30:00Z,1.539,14.632
2026-01-16T13:45:00Z,1.5439,14.599
2026-01-16T14:00:00Z,1.5423,14.564
2026-01-16T14:15:00Z,1.5426,14.559
2026-01-16T14:30:00Z,1.5393,14.56
2026-01-16T14:45:00Z,1.5426,14.544
2026-01-16T15:00:00Z,1.539,14.527
2026-01-16T15:15:00Z,1.5436,14.498
2026-01-16T15:30:00Z,1.5441,14.507
2026-01-16T15:45:00Z,1.5567,14.505
2026-01-16T16:00:00Z,1.5574,14.489
2026-01-16T16:15:00Z,1.5432,14.535
2026-01-16T16:30:00Z,1.5555,14.593
2026-01-16T16:45:00Z,1.5582,14.638
2026-01-16T17:00:00Z,1.5496,14.639
2026-01-16T17:15:00Z,1.5453,14.655
2026-01-16T17:30:00Z,1.5538,14.706
2026-01-16T17:45:00Z,1.5463,14.757
2026-01-16T18:00:00Z,1.5475,14.76
2026-01-16T18:15:00Z,1.5477,14.944
2026-01-16T18:30:00Z,1.5472,15.125
2026-01-16T18:45:00Z,1.5473,15.264
2026-01-16T19:00:00Z,1.5478,15.426
2026-01-16T19:15:00Z,1.5473,15.574
2026-01-16T19:30:00Z,1.5459,15.675
2026-01-16T19:45:00Z,1.5461,15.864
2026-01-16T20:00:00Z,1.5472,16.029
2026-01-16T20:15:00Z,1.5471,16.327
2026-01-16T20:30:00Z,1.5485,16.42
2026-01-16T20:45:00Z,1.5438,16.494
2026-01-16T21:00:00Z,1.5455,16.61
2026-01-16T21:15:00Z,1.5473,16.862
2026-01-16T21:30:00Z,1.5494,16.995
2026-01-16T21:45:00Z,1.5506,17.033
2026-01-16T22:00:00Z,1.5537,16.995
2026-01-16T22:15:00Z,1.5499,17.082
2026-01-16T22:30:00Z,1.5531,17.153
2026-01-16T22:45:00Z,1.5498,17.386
2026-01-16T23:00:00Z,1.5502,17.631
2026-01-16T23:15:00Z,1.5506,17.566
2026-01-16T23:30:00Z,1.5548,17.482
2026-01-16T23:45:00Z,1.5511,17.486
2026-01-17T00:00:00Z,1.5552,17.366
2026-01-17T00:15:00Z,1.5485,17.17
2026-01-17T00:30:00Z,1.5527,17.108
2026-01-17T00:45:00Z,1.5469,17.023
2026-01-17T01:00:00Z,1.5475,16.927
2026-01-17T01:15:00Z,1.5442,16.777
2026-01-17T01:30:00Z,1.5478,16.795
2026-01-17T01:45:00Z,1.5478,16.831
2026-01-17T02:00:00Z,1.5461,16.72
2026-01-17T02:15:00Z,1.5458,16.661
2026-01-17T02:30:00Z,1.547,16.595
2026-01-17T02:45:00Z,1.5457,16.53
2026-01-17T03:00:00Z,1.5472,16.441
2026-01-17T03:15:00Z,1.5457,16.377
2026-01-17T03:30:00Z,1.5445,16.225
2026-01-17T03:45:00Z,1.5455,16.083
2026-01-17T04:00:00Z,1.5473,16.037
2026-01-17T04:15:00Z,1.5474,16.139
2026-01-17T04:30:00Z,1.5452,16.051
2026-01-17T04:45:00Z,1.5471,15.964
2026-01-17T05:00:00Z,1.5423,15.883
2026-01-17T05:15:00Z,1.5461,15.831
2026-01-17T05:30:00Z,1.5466,15.787
2026-01-17T05:45:00Z,1.5431,15.75
2026-01-17T06:00:00Z,1.5462,15.722
2026-01-17T06:15:00Z,1.5448,15.776
2026-01-17T06:30:00Z,1.5426,15.766
2026-01-17T06:45:00Z,1.5474,15.71
2026-01-17T07:00:00Z,1.5431,15.659
2026-01-17T07:15:00Z,1.5447,15.62
2026-01-17T07:30:00Z,1.5456,15.562
2026-01-17T07:45:00Z,1.5475,15.497
2026-01-17T08:00:00Z,1.5425,15.46
2026-01-17T08:15:00Z,1.5431,15.436
2026-01-17T08:30:00Z,1.5425,15.408
2026-01-17T08:45:00Z,1.5445,15.358
2026-01-17T09:00:00Z,1.5443,15.321
2026-01-17T09:15:00Z,1.5424,15.312
2026-01-17T09:30:00Z,1.5449,15.278
2026-01-17T09:45:00Z,1.5398,15.245
2026-01-17T10:00:00Z,1.5445,15.197
2026-01-17T10:15:00Z,1.5426,15.118
2026-01-17T10:30:00Z,1.5471,15.129
2026-01-17T10:45:00Z,1.5429,15.102
2026-01-17T11:00:00Z,1.5429,15.075
2026-01-17T11:15:00Z,1.5409,15.063
2026-01-17T11:30:00Z,1.5448,15.029
2026-01-17T11:45:00Z,1.5416,14.998
2026-01-17T12:00:00Z,1.5469,14.985
2026-01-17T12:15:00Z,1.5418,14.951
2026-01-17T12:30:00Z,1.5447,14.924
2026-01-17T12:45:00Z,1.5409,14.93
2026-01-17T13:00:00Z,1.546,14.901
2026-01-17T13:15:00Z,1.5417,14.91
2026-01-17T13:30:00Z,1.5419,14.879
2026-01-17T13:45:00Z,1.5453,14.837
2026-01-17T14:00:00Z,1.5411,14.788
2026-01-17T14:15:00Z,1.5516,14.764
2026-01-17T14:30:00Z,1.5351,14.791
2026-01-17T14:45:00Z,1.5455,14.811
2026-01-17T15:00:00Z,1.5423,14.802
2026-01-17T15:15:00Z,1.5416,14.779
2026-01-17T15:30:00Z,1.5472,14.75
2026-01-17T15:45:00Z,1.5388,14.767
2026-01-17T16:00:00Z,1.553,14.763
2026-01-17T16:15:00Z,1.5524,14.728
2026-01-17T16:30:00Z,1.5655,14.76
2026-01-17T16:45:00Z,1.5663,14.766
2026-01-17T17:00:00Z,1.5551,14.775
2026-01-17T17:15:00Z,1.5568,14.763
2026-01-17T17:30:00Z,1.5516,14.804
2026-01-17T17:45:00Z,1.5502,14.971
2026-01-17T18:00:00Z,1.5488,15.122
2026-01-17T18:15:00Z,1.5492,15.3
2026-01-17T18:30:00Z,1.5553,15.457
2026-01-17T18:45:00Z,1.5495,15.511
2026-01-17T19:00:00Z,1.5513,15.579
2026-01-17T19:15:00Z,1.5493,15.703
2026-01-17T19:30:00Z,1.5504,15.835
2026-01-17T19:45:00Z,1.5514,15.893
2026-01-17T20:00:00Z,1.5462,15.969
2026-01-17T20:15:00Z,1.5497,16.043
2026-01-17T20:30:00Z,1.5475,16.279
2026-01-17T20:45:00Z,1.5503,16.396
2026-01-17T21:00:00Z,1.5509,16.454
2026-01-17T21:15:00Z,1.5506,16.606
2026-01-17T21:30:00Z,1.552,16.683
2026-01-17T21:45:00Z,1.5521,16.986
2026-01-17T22:00:00Z,1.5504,17.239
2026-01-17T22:15:00Z,1.5549,17.263
2026-01-17T22:30:00Z,1.556,17.303
2026-01-17T22:45:00Z,1.5517,17.235
2026-01-17T23:00:00Z,1.5529,17.319
2026-01-17T23:15:00Z,1.5486,17.465
2026-01-17T23:30:00Z,1.5549,17.372
2026-01-17T23:45:00Z,1.5498,17.357
2026-01-18T00:00:00Z,1.5527,17.26
2026-01-18T00:15:00Z,1.5475,17.302
2026-01-18T00:30:00Z,1.5441,17.079
2026-01-18T00:45:00Z,1.5514,16.908
2026-01-18T01:00:00Z,1.5468,16.813
2026-01-18T01:15:00Z,1.5475,16.741
2026-01-18T01:30:00Z,1.5432,16.682
2026-01-18T01:45:00Z,1.5455,16.61
2026-01-18T02:00:00Z,1.5471,16.564
2026-01-18T02:15:00Z,1.5461,16.461
2026-01-18T02:30:00Z,1.5479,16.362
2026-01-18T02:45:00Z,1.5449,16.237
2026-01-18T03:00:00Z,1.5457,16.217
2026-01-18T03:15:00Z,1.5464,16.209
2026-01-18T03:30:00Z,1.546,16.181
2026-01-18T03:45:00Z,1.5478,16.108
2026-01-18T04:00:00Z,1.5446,16.026
2026-01-18T04:15:00Z,1.5471,15.96
2026-01-18T04:30:00Z,1.5454,15.906
2026-01-18T04:45:00Z,1.5496,15.84
2026-01-18T05:00:00Z,1.5473,15.911
2026-01-18T05:15:00Z,1.5453,15.891
2026-01-18T05:30:00Z,1.5487,15.788
2026-01-18T05:45:00Z,1.5444,15.664
2026-01-18T06:00:00Z,1.5477,15.621
2026-01-18T06:15:00Z,1.5464,15.613
2026-01-18T06:30:00Z,1.5458,15.599
2026-01-18T06:45:00Z,1.5461,15.599
2026-01-18T07:00:00Z,1.5477,15.614
2026-01-18T07:15:00Z,1.5463,15.58
2026-01-18T07:30:00Z,1.5456,15.576
2026-01-18T07:45:00Z,1.547,15.572
2026-01-18T08:00:00Z,1.545,15.548
2026-01-18T08:15:00Z,1.5472,15.512
2026-01-18T08:30:00Z,1.5451,15.479
2026-01-18T08:45:00Z,1.5447,15.448
2026-01-18T09:00:00Z,1.549,15.408
2026-01-18T09:15:00Z,1.5423,15.37
2026-01-18T09:30:00Z,1.5503,15.322
2026-01-18T09:45:00Z,1.5441,15.279
2026-01-18T10:00:00Z,1.5448,15.256
2026-01-18T10:15:00Z,1.5459,15.224
2026-01-18T10:30:00Z,1.5422,15.192
2026-01-18T10:45:00Z,1.5482,15.157
2026-01-18T11:00:00Z,1.545,15.153
2026-01-18T11:15:00Z,1.5464,15.139
2026-01-18T11:30:00Z,1.5471,15.102
2026-01-18T11:45:00Z,1.543,15.092
2026-01-18T12:00:00Z,1.5476,15.088
2026-01-18T12:15:00Z,1.543,15.082
2026-01-18T12:30:00Z,1.5474,15.071
2026-01-18T12:45:00Z,1.5437,15.068
2026-01-18T13:00:00Z,1.5427,15.044
2026-01-18T13:15:00Z,1.5446,15.03
2026-01-18T13:30:00Z,1.5428,15.034
2026-01-18T13:45:00Z,1.5469,15.035
2026-01-18T14:00:00Z,1.5431,15.019
2026-01-18T14:15:00Z,1.5458,15.009
2026-01-18T14:30:00Z,1.544,14.99
2026-01-18T14:45:00Z,1.5434,14.954
2026-01-18T15:00:00Z,1.5462,14.956
2026-01-18T15:15:00Z,1.5436,14.939
2026-01-18T15:30:00Z,1.549,14.912
2026-01-18T15:45:00Z,1.5445,14.91
2026-01-18T16:00:00Z,1.5478,14.857
2026-01-18T16:15:00Z,1.5479,14.85
2026-01-18T16:30:00Z,1.5648,14.835
2026-01-18T16:45:00Z,1.5767,14.908
2026-01-18T17:00:00Z,1.5594,14.922
2026-01-18T17:15:00Z,1.5567,14.95
2026-01-18T17:30:00Z,1.556,15.026
2026-01-18T17:45:00Z,1.5485,15.199
2026-01-18T18:00:00Z,1.5522,15.396
2026-01-18T18:15:00Z,1.5517,15.52
2026-01-18T18:30:00Z,1.5541,15.671
2026-01-18T18:45:00Z,1.5544,15.786
2026-01-18T19:00:00Z,1.5548,15.966
2026-01-18T19:15:00Z,1.5531,16.07
2026-01-18T19:30:00Z,1.5506,16.097
2026-01-18T19:45:00Z,1.5501,16.216
2026-01-18T20:00:00Z,1.5532,16.039
2026-01-18T20:15:00Z,1.5513,16.092
2026-01-18T20:30:00Z,1.5566,16.269
2026-01-18T20:45:00Z,1.5541,16.407
2026-01-18T21:00:00Z,1.5511,16.474
2026-01-18T21:15:00Z,1.5526,16.48
2026-01-18T21:30:00Z,1.5514,16.483
2026-01-18T21:45:00Z,1.5518,16.698
2026-01-18T22:00:00Z,1.5573,16.828
2026-01-18T22:15:00Z,1.5529,17.018
2026-01-18T22:30:00Z,1.5536,16.968
2026-01-18T22:45:00Z,1.5522,17.095
2026-01-18T23:00:00Z,1.5533,17.191
2026-01-18T23:15:00Z,1.5526,17.262
2026-01-18T23:30:00Z,1.5508,16.982
2026-01-18T23:45:00Z,1.5486,16.715
2026-01-19T00:00:00Z,1.5533,16.664
2026-01-19T00:15:00Z,1.55,16.655
2026-01-19T00:30:00Z,1.5526,16.684
2026-01-19T00:45:00Z,1.5524,16.785
2026-01-19T01:00:00Z,1.5478,16.721
2026-01-19T01:15:00Z,1.5535,16.644
2026-01-19T01:30:00Z,1.5515,16.558
2026-01-19T01:45:00Z,1.5518,16.483
2026-01-19T02:00:00Z,1.5503,16.436
2026-01-19T02:15:00Z,1.5471,16.403
2026-01-19T02:30:00Z,1.5499,16.374
2026-01-19T02:45:00Z,1.5494,16.311
2026-01-19T03:00:00Z,1.5489,16.295
2026-01-19T03:15:00Z,1.5498,16.286
2026-01-19T03:30:00Z,1.5508,16.312
2026-01-19T03:45:00Z,1.5485,16.289
2026-01-19T04:00:00Z,1.5514,16.223
2026-01-19T04:15:00Z,1.5507,16.159
2026-01-19T04:30:00Z,1.5488,16.122
2026-01-19T04:45:00Z,1.546,16.112
2026-01-19T05:00:00Z,1.5523,16.089
2026-01-19T05:15:00Z,1.5482,16.031
2026-01-19T05:30:00Z,1.5475,15.982
2026-01-19T05:45:00Z,1.5503,15.955
2026-01-19T06:00:00Z,1.5469,15.905
2026-01-19T06:15:00Z,1.5485,15.894
2026-01-19T06:30:00Z,1.544,15.861
2026-01-19T06:45:00Z,1.5475,15.84
2026-01-19T07:00:00Z,1.5446,15.843
2026-01-19T07:15:00Z,1.5453,15.791
2026-01-19T07:30:00Z,1.5531,15.755
2026-01-19T07:45:00Z,1.5447,15.725
2026-01-19T08:00:00Z,1.5482,15.676
2026-01-19T08:15:00Z,1.5389,15.67
2026-01-19T08:30:00Z,1.5453,15.624
2026-01-19T08:45:00Z,1.5473,15.577
2026-01-19T09:00:00Z,1.5488,15.551
2026-01-19T09:15:00Z,1.5474,15.547
2026-01-19T09:30:00Z,1.5444,15.533
2026-01-19T09:45:00Z,1.5488,15.649
2026-01-19T10:00:00Z,1.545,15.661
2026-01-19T10:15:00Z,1.5493,15.459
2026-01-19T10:30:00Z,1.5467,15.411
2026-01-19T10:45:00Z,1.5488,15.423
2026-01-19T11:00:00Z,1.5491,15.397
2026-01-19T11:15:00Z,1.5464,15.358
2026-01-19T11:30:00Z,1.5453,15.312
2026-01-19T11:45:00Z,1.5435,15.308
2026-01-19T12:00:00Z,1.5452,15.298
2026-01-19T12:15:00Z,1.5468,15.255
2026-01-19T12:30:00Z,1.5479,15.234
2026-01-19T12:45:00Z,1.5464,15.19
2026-01-19T13:00:00Z,1.5445,15.178
2026-01-19T13:15:00Z,1.5448,15.177
2026-01-19T13:30:00Z,1.5461,15.146
2026-01-19T13:45:00Z,1.546,15.127
2026-01-19T14:00:00Z,1.546,15.096
2026-01-19T14:15:00Z,1.5448,15.054
2026-01-19T14:30:00Z,1.5446,15.019
2026-01-19T14:45:00Z,1.5423,14.986
2026-01-19T15:00:00Z,1.5487,14.896
2026-01-19T15:15:00Z,1.5433,14.921
2026-01-19T15:30:00Z,1.546,14.898
2026-01-19T15:45:00Z,1.5636,14.869
2026-01-19T16:00:00Z,1.5632,14.879
2026-01-19T16:15:00Z,1.5633,14.886
2026-01-19T16:30:00Z,1.5601,14.879
2026-01-19T16:45:00Z,1.559,14.944
2026-01-19T17:00:00Z,1.5545,14.955
2026-01-19T17:15:00Z,1.5559,15.042
2026-01-19T17:30:00Z,1.5553,15.103
2026-01-19T17:45:00Z,1.5491,15.188
2026-01-19T18:00:00Z,1.5521,15.299
2026-01-19T18:15:00Z,1.5481,15.48
2026-01-19T18:30:00Z,1.55,15.672
2026-01-19T18:45:00Z,1.5513,15.818
2026-01-19T19:00:00Z,1.5494,15.953
2026-01-19T19:15:00Z,1.5532,16.152
2026-01-19T19:30:00Z,1.5504,16.291
2026-01-19T19:45:00Z,1.5553,16.369
2026-01-19T20:00:00Z,1.5516,16.502
2026-01-19T20:15:00Z,1.5563,16.596
2026-01-19T20:30:00Z,1.5522,16.696
2026-01-19T20:45:00Z,1.5552,16.881
2026-01-19T21:00:00Z,1.5532,17.051
2026-01-19T21:15:00Z,1.5554,16.956
2026-01-19T21:30:00Z,1.5545,16.976
2026-01-19T21:45:00Z,1.5544,17.078
2026-01-19T22:00:00Z,1.5535,17.37
2026-01-19T22:15:00Z,1.5554,17.678
2026-01-19T22:30:00Z,1.5543,17.745
2026-01-19T22:45:00Z,1.5562,17.824
2026-01-19T23:00:00Z,1.5547,17.849
2026-01-19T23:15:00Z,1.5616,17.823
2026-01-19T23:30:00Z,1.5564,17.752
2026-01-19T23:45:00Z,1.5572,17.603
2026-01-20T00:00:00Z,1.5559,17.497
2026-01-20T00:15:00Z,1.5523,17.423
2026-01-20T00:30:00Z,1.5515,17.338
2026-01-20T00:45:00Z,1.5463,17.281
2026-01-20T01:00:00Z,1.5433,17.215
2026-01-20T01:15:00Z,1.5446,17.092
2026-01-20T01:30:00Z,1.5465,17.066
2026-01-20T01:45:00Z,1.5529,17.053
2026-01-20T02:00:00Z,1.5509,16.822
2026-01-20T02:15:00Z,1.553,16.793
2026-01-20T02:30:00Z,1.5518,16.82
2026-01-20T02:45:00Z,1.553,16.801
2026-01-20T03:00:00Z,1.5523,16.771
2026-01-20T03:15:00Z,1.5525,16.709
2026-01-20T03:30:00Z,1.5504,16.657
2026-01-20T03:45:00Z,1.5495,16.607
2026-01-20T04:00:00Z,1.5497,16.519
2026-01-20T04:15:00Z,1.5511,16.439
2026-01-20T04:30:00Z,1.551,16.364
2026-01-20T04:45:00Z,1.552,16.279
2026-01-20T05:00:00Z,1.5505,16.215
2026-01-20T05:15:00Z,1.5515,16.165
2026-01-20T05:30:00Z,1.5516,16.116
2026-01-20T05:45:00Z,1.5496,16.053
2026-01-20T06:00:00Z,1.5495,16
2026-01-20T06:15:00Z,1.5541,15.964
2026-01-20T06:30:00Z,1.5497,15.921
2026-01-20T06:45:00Z,1.5509,15.892
2026-01-20T07:00:00Z,1.5484,15.872
2026-01-20T07:15:00Z,1.5501,15.816
2026-01-20T07:30:00Z,1.5501,15.771
2026-01-20T07:45:00Z,1.5497,15.746
2026-01-20T08:00:00Z,1.5478,15.732
2026-01-20T08:15:00Z,1.5515,15.704
2026-01-20T08:30:00Z,1.5509,15.651
2026-01-20T08:45:00Z,1.5535,15.638
2026-01-20T09:00:00Z,1.5492,15.61
2026-01-20T09:15:00Z,1.5523,15.581
2026-01-20T09:30:00Z,1.5514,15.56
2026-01-20T09:45:00Z,1.5469,15.531
2026-01-20T10:00:00Z,1.5499,15.525
2026-01-20T10:15:00Z,1.5538,15.488
2026-01-20T10:30:00Z,1.5464,15.499
2026-01-20T10:45:00Z,1.5512,15.48
2026-01-20T11:00:00Z,1.5484,15.469
2026-01-20T11:15:00Z,1.5472,15.438
2026-01-20T11:30:00Z,1.5516,15.42
2026-01-20T11:45:00Z,1.5462,15.412
2026-01-20T12:00:00Z,1.5508,15.382
2026-01-20T12:15:00Z,1.549,15.359
2026-01-20T12:30:00Z,1.5499,15.32
2026-01-20T12:45:00Z,1.5482,15.306
2026-01-20T13:00:00Z,1.5514,15.273
2026-01-20T13:15:00Z,1.5488,15.249
2026-01-20T13:30:00Z,1.5476,15.21
2026-01-20T13:45:00Z,1.5516,15.184
2026-01-20T14:00:00Z,1.5464,15.164
2026-01-20T14:15:00Z,1.5513,15.153
2026-01-20T14:30:00Z,1.5479,15.149
2026-01-20T14:45:00Z,1.5513,15.133
2026-01-20T15:00:00Z,1.5485,15.123
2026-01-20T15:15:00Z,1.5491,15.084
2026-01-20T15:30:00Z,1.5561,15.086
2026-01-20T15:45:00Z,1.5553,15.08
2026-01-20T16:00:00Z,1.5622,15.089
2026-01-20T16:15:00Z,1.5714,15.078
2026-01-20T16:30:00Z,1.5622,15.057
2026-01-20T16:45:00Z,1.5596,15.043
2026-01-20T17:00:00Z,1.5567,15.061
2026-01-20T17:15:00Z,1.555,15.118
2026-01-20T17:30:00Z,1.5555,15.198
2026-01-20T17:45:00Z,1.555,15.283
2026-01-20T18:00:00Z,1.5535,15.396
2026-01-20T18:15:00Z,1.5531,15.555
2026-01-20T18:30:00Z,1.555,15.765
2026-01-20T18:45:00Z,1.5501,15.905
2026-01-20T19:00:00Z,1.5595,16.044
2026-01-20T19:15:00Z,1.5551,16.218
2026-01-20T19:30:00Z,1.5581,16.353
2026-01-20T19:45:00Z,1.5606,16.48
2026-01-20T20:00:00Z,1.5583,16.59
2026-01-20T20:15:00Z,1.5561,16.747
2026-01-20T20:30:00Z,1.5562,16.829
2026-01-20T20:45:00Z,1.5603,17.009
2026-01-20T21:00:00Z,1.5569,16.998
2026-01-20T21:15:00Z,1.5606,17.196
2026-01-20T21:30:00Z,1.5591,17.231
2026-01-20T21:45:00Z,1.5609,17.216
2026-01-20T22:00:00Z,1.5633,17.554
2026-01-20T22:15:00Z,1.5595,17.603
2026-01-20T22:30:00Z,1.5602,17.918
2026-01-20T22:45:00Z,1.5601,17.927
2026-01-20T23:00:00Z,1.5578,17.87
2026-01-20T23:15:00Z,1.5628,17.876
2026-01-20T23:30:00Z,1.5525,17.702
2026-01-20T23:45:00Z,1.562,17.567
2026-01-21T00:00:00Z,1.5585,17.654
2026-01-21T00:15:00Z,1.5625,17.559
2026-01-21T00:30:00Z,1.5604,17.497
2026-01-21T00:45:00Z,1.5564,17.326
2026-01-21T01:00:00Z,1.5573,17.085
2026-01-21T01:15:00Z,1.5562,16.939
2026-01-21T01:30:00Z,1.5571,16.867
2026-01-21T01:45:00Z,1.5549,16.846
2026-01-21T02:00:00Z,1.5575,16.791
2026-01-21T02:15:00Z,1.5558,16.69
2026-01-21T02:30:00Z,1.5577,16.633
2026-01-21T02:45:00Z,1.5557,16.617
2026-01-21T03:00:00Z,1.5582,16.556
2026-01-21T03:15:00Z,1.5571,16.523
2026-01-21T03:30:00Z,1.5547,16.502
2026-01-21T03:45:00Z,1.5568,16.497
2026-01-21T04:00:00Z,1.5589,16.46
2026-01-21T04:15:00Z,1.5568,16.411
2026-01-21T04:30:00Z,1.5552,16.358
2026-01-21T04:45:00Z,1.5536,16.313
2026-01-21T05:00:00Z,1.5562,16.289
2026-01-21T05:15:00Z,1.5569,16.235
2026-01-21T05:30:00Z,1.554,16.203
2026-01-21T05:45:00Z,1.5574,16.16
2026-01-21T06:00:00Z,1.5552,16.124
2026-01-21T06:15:00Z,1.5545,16.098
2026-01-21T06:30:00Z,1.5568,16.074
2026-01-21T06:45:00Z,1.5559,16.054
2026-01-21T07:00:00Z,1.5558,16.03
2026-01-21T07:15:00Z,1.5584,16.01
2026-01-21T07:30:00Z,1.5554,15.989
2026-01-21T07:45:00Z,1.5569,15.975
2026-01-21T08:00:00Z,1.5574,15.938
2026-01-21T08:15:00Z,1.5592,15.907
2026-01-21T08:30:00Z,1.5552,15.902
2026-01-21T08:45:00Z,1.5572,15.871
2026-01-21T09:00:00Z,1.5565,15.848
2026-01-21T09:15:00Z,1.5574,15.804
2026-01-21T09:30:00Z,1.5551,15.761
2026-01-21T09:45:00Z,1.5538,15.732
2026-01-21T10:00:00Z,1.5553,15.729
2026-01-21T10:15:00Z,1.5534,15.697
2026-01-21T10:30:00Z,1.5553,15.659
2026-01-21T10:45:00Z,1.5568,15.663
2026-01-21T11:00:00Z,1.555,15.652
2026-01-21T11:15:00Z,1.5577,15.632
2026-01-21T11:30:00Z,1.5553,15.656
2026-01-21T11:45:00Z,1.5558,15.688
2026-01-21T12:00:00Z,1.5549,15.704
2026-01-21T12:15:00Z,1.5572,15.699
2026-01-21T12:30:00Z,1.5544,15.679
2026-01-21T12:45:00Z,1.5592,15.66
2026-01-21T13:00:00Z,1.5564,15.677
2026-01-21T13:15:00Z,1.5552,15.688
2026-01-21T13:30:00Z,1.5553,15.697
2026-01-21T13:45:00Z,1.5549,15.705
2026-01-21T14:00:00Z,1.5569,15.707
2026-01-21T14:15:00Z,1.557,15.703
2026-01-21T14:30:00Z,1.5562,15.681
2026-01-21T14:45:00Z,1.5574,15.647
2026-01-21T15:00:00Z,1.5574,15.594
2026-01-21T15:15:00Z,1.5572,15.6
2026-01-21T15:30:00Z,1.5611,15.616
2026-01-21T15:45:00Z,1.5555,15.629
2026-01-21T16:00:00Z,1.559,15.662
2026-01-21T16:15:00Z,1.5581,15.689
2026-01-21T16:30:00Z,1.5555,15.699
2026-01-21T16:45:00Z,1.5577,15.736
2026-01-21T17:00:00Z,1.5594,15.819
2026-01-21T17:15:00Z,1.5599,15.896
2026-01-21T17:30:00Z,1.5584,15.911
2026-01-21T17:45:00Z,1.561,15.946
2026-01-21T18:00:00Z,1.5587,15.95
2026-01-21T18:15:00Z,1.558,15.982
2026-01-21T18:30:00Z,1.5654,16.065
2026-01-21T18:45:00Z,1.5636,16.178
2026-01-21T19:00:00Z,1.5645,16.214
2026-01-21T19:15:00Z,1.563,16.249
2026-01-21T19:30:00Z,1.567,16.305
2026-01-21T19:45:00Z,1.5641,16.327
2026-01-21T20:00:00Z,1.5651,16.386
2026-01-21T20:15:00Z,1.5648,16.491
2026-01-21T20:30:00Z,1.5612,16.542
2026-01-21T20:45:00Z,1.5657,16.592
2026-01-21T21:00:00Z,1.5625,16.63
2026-01-21T21:15:00Z,1.5662,16.658
2026-01-21T21:30:00Z,1.5636,16.708
2026-01-21T21:45:00Z,1.5655,16.804
2026-01-21T22:00:00Z,1.5631,16.81
2026-01-21T22:15:00Z,1.5609,16.823
2026-01-21T22:30:00Z,1.5706,16.727
2026-01-21T22:45:00Z,1.559,16.686
2026-01-21T23:00:00Z,1.5651,16.691
2026-01-21T23:15:00Z,1.5644,16.663
2026-01-21T23:30:00Z,1.5649,16.604
2026-01-21T23:45:00Z,1.568,16.538
2026-01-22T00:00:00Z,1.5563,16.496
2026-01-22T00:15:00Z,1.5677,16.432
2026-01-22T00:30:00Z,1.5653,16.435
2026-01-22T00:45:00Z,1.5702,16.409
2026-01-22T01:00:00Z,1.5569,16.385
2026-01-22T01:15:00Z,1.5606,16.35
2026-01-22T01:30:00Z,1.5638,16.331
2026-01-22T01:45:00Z,1.5599,16.37
2026-01-22T02:00:00Z,1.5628,16.388
2026-01-22T02:15:00Z,1.5628,16.346
2026-01-22T02:30:00Z,1.5652,16.323
2026-01-22T02:45:00Z,1.5714,16.365
2026-01-22T03:00:00Z,1.5643,16.298
2026-01-22T03:15:00Z,1.5666,16.232
2026-01-22T03:30:00Z,1.5598,16.198
2026-01-22T03:45:00Z,1.5688,16.16
2026-01-22T04:00:00Z,1.5681,16.152
2026-01-22T04:15:00Z,1.5625,16.137
2026-01-22T04:30:00Z,1.5591,16.13
2026-01-22T04:45:00Z,1.5579,16.085
2026-01-22T05:00:00Z,1.5687,16.148
2026-01-22T05:15:00Z,1.5626,16.2
2026-01-22T05:30:00Z,1.5617,16.189
2026-01-22T05:45:00Z,1.5682,16.167
2026-01-22T06:00:00Z,1.5631,16.139
2026-01-22T06:15:00Z,1.57,16.08
2026-01-22T06:30:00Z,1.5616,16.007
2026-01-22T06:45:00Z,1.5664,15.996
2026-01-22T07:00:00Z,1.565,16.011
2026-01-22T07:15:00Z,1.5621,15.988
2026-01-22T07:30:00Z,1.5658,15.947
2026-01-22T07:45:00Z,1.5604,15.949
2026-01-22T08:00:00Z,1.5657,15.902
2026-01-22T08:15:00Z,1.5636,15.921
2026-01-22T08:30:00Z,1.5642,15.933
2026-01-22T08:45:00Z,1.5647,15.909
2026-01-22T09:00:00Z,1.5619,15.879
2026-01-22T09:15:00Z,1.5643,15.868
2026-01-22T09:30:00Z,1.5635,15.839
2026-01-22T09:45:00Z,1.566,15.815
2026-01-22T10:00:00Z,1.5649,15.831
2026-01-22T10:15:00Z,1.5654,15.815
2026-01-22T10:30:00Z,1.5665,15.806
2026-01-22T10:45:00Z,1.5644,15.816
2026-01-22T11:00:00Z,1.5666,15.832
2026-01-22T11:15:00Z,1.5647,15.838
2026-01-22T11:30:00Z,1.5688,15.848
2026-01-22T11:45:00Z,1.5641,15.844
2026-01-22T12:00:00Z,1.5667,15.821
2026-01-22T12:15:00Z,1.5649,15.808
2026-01-22T12:30:00Z,1.5654,15.819
2026-01-22T12:45:00Z,1.5641,15.808
2026-01-22T13:00:00Z,1.5658,15.796
2026-01-22T13:15:00Z,1.5654,15.75
2026-01-22T13:30:00Z,1.5683,15.75
2026-01-22T13:45:00Z,1.5641,15.759
2026-01-22T14:00:00Z,1.5676,15.749
2026-01-22T14:15:00Z,1.564,15.74
2026-01-22T14:30:00Z,1.5624,15.738
2026-01-22T14:45:00Z,1.5666,15.752
2026-01-22T15:00:00Z,1.5649,15.746
2026-01-22T15:15:00Z,1.5634,15.71
2026-01-22T15:30:00Z,1.5628,15.693
2026-01-22T15:45:00Z,1.5652,15.682
2026-01-22T16:00:00Z,1.5665,15.691
2026-01-22T16:15:00Z,1.5678,15.707
2026-01-22T16:30:00Z,1.5686,15.727
2026-01-22T16:45:00Z,1.5649,15.758
2026-01-22T17:00:00Z,1.5697,15.759
2026-01-22T17:15:00Z,1.5692,15.803
2026-01-22T17:30:00Z,1.571,15.866
2026-01-22T17:45:00Z,1.5734,15.961
2026-01-22T18:00:00Z,1.5703,16.03
2026-01-22T18:15:00Z,1.5681,16.143
2026-01-22T18:30:00Z,1.577,16.229
2026-01-22T18:45:00Z,1.5685,16.29
2026-01-22T19:00:00Z,1.5718,16.363
2026-01-22T19:15:00Z,1.5697,16.431
2026-01-22T19:30:00Z,1.5736,16.507
2026-01-22T19:45:00Z,1.5775,16.639
2026-01-22T20:00:00Z,1.5692,16.657
2026-01-22T20:15:00Z,1.5753,16.722
2026-01-22T20:30:00Z,1.5745,16.825
2026-01-22T20:45:00Z,1.5779,16.916
2026-01-22T21:00:00Z,1.5748,17.079
2026-01-22T21:15:00Z,1.5761,17.167
2026-01-22T21:30:00Z,1.5736,17.162
2026-01-22T21:45:00Z,1.5724,17.079
2026-01-22T22:00:00Z,1.5743,17.153
2026-01-22T22:15:00Z,1.5734,17.387
2026-01-22T22:30:00Z,1.5741,17.393
2026-01-22T22:45:00Z,1.5718,17.311
2026-01-22T23:00:00Z,1.5699,17.283
2026-01-22T23:15:00Z,1.5725,17.225
2026-01-22T23:30:00Z,1.5722,17.266
2026-01-22T23:45:00Z,1.5699,17.238
2026-01-23T00:00:00Z,1.5667,17.165
2026-01-23T00:15:00Z,1.5685,17.094
2026-01-23T00:30:00Z,1.569,17.043
2026-01-23T00:45:00Z,1.5736,17.008
2026-01-23T01:00:00Z,1.5693,17.019
2026-01-23T01:15:00Z,1.567,16.936
2026-01-23T01:30:00Z,1.5663,16.897
2026-01-23T01:45:00Z,1.5653,16.854
2026-01-23T02:00:00Z,1.5676,16.788
2026-01-23T02:15:00Z,1.566,16.727
2026-01-23T02:30:00Z,1.5685,16.701
2026-01-23T02:45:00Z,1.5652,16.668
2026-01-23T03:00:00Z,1.5678,16.615
2026-01-23T03:15:00Z,1.5651,16.614
2026-01-23T03:30:00Z,1.5677,16.585
2026-01-23T03:45:00Z,1.5679,16.572
2026-01-23T04:00:00Z,1.5659,16.579
2026-01-23T04:15:00Z,1.5677,16.559
2026-01-23T04:30:00Z,1.5652,16.564
2026-01-23T04:45:00Z,1.567,16.553
2026-01-23T05:00:00Z,1.565,16.545
2026-01-23T05:15:00Z,1.5648,16.501
2026-01-23T05:30:00Z,1.5678,16.454
2026-01-23T05:45:00Z,1.5634,16.399
2026-01-23T06:00:00Z,1.5692,16.375
2026-01-23T06:15:00Z,1.5682,16.385
2026-01-23T06:30:00Z,1.5675,16.386
2026-01-23T06:45:00Z,1.5676,16.296
2026-01-23T07:00:00Z,1.5649,16.22
2026-01-23T07:15:00Z,1.5625,16.167
2026-01-23T07:30:00Z,1.562,16.104
2026-01-23T07:45:00Z,1.5685,16.111
2026-01-23T08:00:00Z,1.5679,16.141
2026-01-23T08:15:00Z,1.5675,16.15
2026-01-23T08:30:00Z,1.5677,16.135
2026-01-23T08:45:00Z,1.5657,16.104
2026-01-23T09:00:00Z,1.5643,16.079
2026-01-23T09:15:00Z,1.5615,16.059
2026-01-23T09:30:00Z,1.5648,16.036
2026-01-23T09:45:00Z,1.5676,16.044
2026-01-23T10:00:00Z,1.5659,16.047
2026-01-23T10:15:00Z,1.5654,15.995
2026-01-23T10:30:00Z,1.5631,15.924
2026-01-23T10:45:00Z,1.5654,15.879
2026-01-23T11:00:00Z,1.5628,15.832
2026-01-23T11:15:00Z,1.5628,15.812
2026-01-23T11:30:00Z,1.563,15.793
2026-01-23T11:45:00Z,1.563,15.777
2026-01-23T12:00:00Z,1.5682,15.775
2026-01-23T12:15:00Z,1.5628,15.755
2026-01-23T12:30:00Z,1.5638,15.71
2026-01-23T12:45:00Z,1.5597,15.684
2026-01-23T13:00:00Z,1.5614,15.637
2026-01-23T13:15:00Z,1.562,15.629
2026-01-23T13:30:00Z,1.5588,15.599
2026-01-23T13:45:00Z,1.5639,15.556
2026-01-23T14:00:00Z,1.5612,15.542
2026-01-23T14:15:00Z,1.5641,15.561
2026-01-23T14:30:00Z,1.5626,15.554
2026-01-23T14:45:00Z,1.5615,15.516
2026-01-23T15:00:00Z,1.562,15.48
2026-01-23T15:15:00Z,1.5598,15.46
2026-01-23T15:30:00Z,1.5696,15.444
2026-01-23T15:45:00Z,1.5727,15.441
2026-01-23T16:00:00Z,1.575,15.458
2026-01-23T16:15:00Z,1.5702,15.465
2026-01-23T16:30:00Z,1.5763,15.494
2026-01-23T16:45:00Z,1.5646,15.461
2026-01-23T17:00:00Z,1.5712,15.482
2026-01-23T17:15:00Z,1.5679,15.536
2026-01-23T17:30:00Z,1.5655,15.596
2026-01-23T17:45:00Z,1.5652,15.67
2026-01-23T18:00:00Z,1.5655,15.828
2026-01-23T18:15:00Z,1.5616,15.98
2026-01-23T18:30:00Z,1.563,16.114
2026-01-23T18:45:00Z,1.5549,16.313
2026-01-23T19:00:00Z,1.5676,16.503
2026-01-23T19:15:00Z,1.5717,16.707
2026-01-23T19:30:00Z,1.5676,16.821
2026-01-23T19:45:00Z,1.5693,17.006
2026-01-23T20:00:00Z,1.5665,17.138
2026-01-23T20:15:00Z,1.5704,17.232
2026-01-23T20:30:00Z,1.57,17.413
2026-01-23T20:45:00Z,1.5707,17.572
2026-01-23T21:00:00Z,1.5659,17.671
2026-01-23T21:15:00Z,1.5676,17.8
2026-01-23T21:30:00Z,1.5704,18.059
2026-01-23T21:45:00Z,1.5714,18.006
2026-01-23T22:00:00Z,1.5756,17.929
2026-01-23T22:15:00Z,1.5724,18.047
2026-01-23T22:30:00Z,1.5762,18.099
2026-01-23T22:45:00Z,1.5765,18.171
2026-01-23T23:00:00Z,1.5715,18.236
2026-01-23T23:15:00Z,1.5744,18.236
2026-01-23T23:30:00Z,1.5695,18.267
2026-01-23T23:45:00Z,1.5701,18.251
2026-01-24T00:00:00Z,1.5698,17.999
2026-01-24T00:15:00Z,1.5668,17.996
2026-01-24T00:30:00Z,1.572,17.928
2026-01-24T00:45:00Z,1.566,17.842
2026-01-24T01:00:00Z,1.5684,17.731
2026-01-24T01:15:00Z,1.5654,17.684
2026-01-24T01:30:00Z,1.5644,17.56
2026-01-24T01:45:00Z,1.5655,17.477
2026-01-24T02:00:00Z,1.5645,17.423
2026-01-24T02:15:00Z,1.5649,17.363
2026-01-24T02:30:00Z,1.5615,17.301
2026-01-24T02:45:00Z,1.5602,17.198
2026-01-24T03:00:00Z,1.5637,17.152
2026-01-24T03:15:00Z,1.5614,17.101
2026-01-24T03:30:00Z,1.5635,17.048
2026-01-24T03:45:00Z,1.5601,17.008
2026-01-24T04:00:00Z,1.5633,16.97
2026-01-24T04:15:00Z,1.5614,16.908
2026-01-24T04:30:00Z,1.5616,16.855
2026-01-24T04:45:00Z,1.5621,16.802
2026-01-24T05:00:00Z,1.5609,16.756
2026-01-24T05:15:00Z,1.5617,16.703
2026-01-24T05:30:00Z,1.5619,16.672
2026-01-24T05:45:00Z,1.5629,16.649
2026-01-24T06:00:00Z,1.5634,16.627
2026-01-24T06:15:00Z,1.5619,16.621
2026-01-24T06:30:00Z,1.5633,16.597
2026-01-24T06:45:00Z,1.5656,16.601
2026-01-24T07:00:00Z,1.5639,16.597
2026-01-24T07:15:00Z,1.5619,16.58
2026-01-24T07:30:00Z,1.5651,16.559
2026-01-24T07:45:00Z,1.5617,16.55
2026-01-24T08:00:00Z,1.5638,16.585
2026-01-24T08:15:00Z,1.5642,16.602
2026-01-24T08:30:00Z,1.5616,16.619
2026-01-24T08:45:00Z,1.5648,16.631
2026-01-24T09:00:00Z,1.5656,16.661
2026-01-24T09:15:00Z,1.5624,16.65
2026-01-24T09:30:00Z,1.5636,16.67
2026-01-24T09:45:00Z,1.5668,16.699
2026-01-24T10:00:00Z,1.5617,16.646
2026-01-24T10:15:00Z,1.5609,16.632
2026-01-24T10:30:00Z,1.5625,16.629
2026-01-24T10:45:00Z,1.5608,16.612
2026-01-24T11:00:00Z,1.5622,16.596
2026-01-24T11:15:00Z,1.5607,16.619
2026-01-24T11:30:00Z,1.5629,16.633
2026-01-24T11:45:00Z,1.5603,16.788
2026-01-24T12:00:00Z,1.5634,16.914
2026-01-24T12:15:00Z,1.5622,16.934
2026-01-24T12:30:00Z,1.5619,16.897
2026-01-24T12:45:00Z,1.5627,16.777
2026-01-24T13:00:00Z,1.5629,16.795
2026-01-24T13:15:00Z,1.5621,16.683
2026-01-24T13:30:00Z,1.5604,16.621
2026-01-24T13:45:00Z,1.5633,16.525
2026-01-24T14:00:00Z,1.5609,16.485
2026-01-24T14:15:00Z,1.5593,16.431
2026-01-24T14:30:00Z,1.5613,16.384
2026-01-24T14:45:00Z,1.5609,16.37
2026-01-24T15:00:00Z,1.5644,16.334
2026-01-24T15:15:00Z,1.5617,16.337
2026-01-24T15:30:00Z,1.5613,16.332
2026-01-24T15:45:00Z,1.5603,16.324
2026-01-24T16:00:00Z,1.5613,16.305
2026-01-24T16:15:00Z,1.5681,16.314
2026-01-24T16:30:00Z,1.561,16.339
2026-01-24T16:45:00Z,1.5598,16.35
2026-01-24T17:00:00Z,1.5655,16.401
2026-01-24T17:15:00Z,1.5622,16.355
2026-01-24T17:30:00Z,1.5627,16.32
2026-01-24T17:45:00Z,1.5625,16.318
2026-01-24T18:00:00Z,1.5654,16.384
2026-01-24T18:15:00Z,1.5574,16.516
2026-01-24T18:30:00Z,1.5638,16.614
2026-01-24T18:45:00Z,1.5642,16.794
2026-01-24T19:00:00Z,1.5643,17.027
2026-01-24T19:15:00Z,1.5649,17.312
2026-01-24T19:30:00Z,1.5665,17.567
2026-01-24T19:45:00Z,1.5641,17.62
2026-01-24T20:00:00Z,1.5671,17.74
2026-01-24T20:15:00Z,1.568,17.911
2026-01-24T20:30:00Z,1.5689,17.979
2026-01-24T20:45:00Z,1.5665,18.099
2026-01-24T21:00:00Z,1.5693,18.285
2026-01-24T21:15:00Z,1.5685,18.305
2026-01-24T21:30:00Z,1.5682,18.273
2026-01-24T21:45:00Z,1.5684,18.268
2026-01-24T22:00:00Z,1.5699,18.247
2026-01-24T22:15:00Z,1.5703,18.327
2026-01-24T22:30:00Z,1.5687,18.295
2026-01-24T22:45:00Z,1.5681,18.335
2026-01-24T23:00:00Z,1.5669,18.429
2026-01-24T23:15:00Z,1.5678,18.722
2026-01-24T23:30:00Z,1.5661,18.898
2026-01-24T23:45:00Z,1.5668,18.859
2026-01-25T00:00:00Z,1.5692,18.74
2026-01-25T00:15:00Z,1.5684,18.599
2026-01-25T00:30:00Z,1.5672,18.422
2026-01-25T00:45:00Z,1.5656,18.299
2026-01-25T01:00:00Z,1.5646,18.211
2026-01-25T01:15:00Z,1.561,18.115
2026-01-25T01:30:00Z,1.5622,18.037
2026-01-25T01:45:00Z,1.5621,17.941
2026-01-25T02:00:00Z,1.5616,17.856
2026-01-25T02:15:00Z,1.559,17.811
2026-01-25T02:30:00Z,1.5603,17.755
2026-01-25T02:45:00Z,1.561,17.684
2026-01-25T03:00:00Z,1.5606,17.623
2026-01-25T03:15:00Z,1.5571,17.615
2026-01-25T03:30:00Z,1.5583,17.516
2026-01-25T03:45:00Z,1.5601,17.482
2026-01-25T04:00:00Z,1.5578,17.411
2026-01-25T04:15:00Z,1.5595,17.377
2026-01-25T04:30:00Z,1.5579,17.292
2026-01-25T04:45:00Z,1.5595,17.162
2026-01-25T05:00:00Z,1.5582,17.097
2026-01-25T05:15:00Z,1.5581,17.047
2026-01-25T05:30:00Z,1.558,17.008
2026-01-25T05:45:00Z,1.557,16.978
2026-01-25T06:00:00Z,1.5579,16.92
2026-01-25T06:15:00Z,1.5579,16.875
2026-01-25T06:30:00Z,1.5564,16.832
2026-01-25T06:45:00Z,1.5581,16.798
2026-01-25T07:00:00Z,1.5567,16.771
2026-01-25T07:15:00Z,1.5586,16.72
2026-01-25T07:30:00Z,1.5559,16.691
2026-01-25T07:45:00Z,1.5558,16.646
2026-01-25T08:00:00Z,1.5563,16.652
2026-01-25T08:15:00Z,1.5579,16.622
2026-01-25T08:30:00Z,1.5569,16.559
2026-01-25T08:45:00Z,1.5576,16.502
2026-01-25T09:00:00Z,1.5581,16.458
2026-01-25T09:15:00Z,1.5581,16.409
2026-01-25T09:30:00Z,1.5567,16.359
2026-01-25T09:45:00Z,1.5576,16.317
2026-01-25T10:00:00Z,1.5543,16.289
2026-01-25T10:15:00Z,1.5555,16.271
2026-01-25T10:30:00Z,1.5548,16.279
2026-01-25T10:45:00Z,1.5564,16.232
2026-01-25T11:00:00Z,1.5546,16.165
2026-01-25T11:15:00Z,1.5552,16.108
2026-01-25T11:30:00Z,1.5567,16.019
2026-01-25T11:45:00Z,1.5564,16.013
2026-01-25T12:00:00Z,1.5545,15.979
2026-01-25T12:15:00Z,1.553,15.934
2026-01-25T12:30:00Z,1.5534,15.898
2026-01-25T12:45:00Z,1.5538,15.901
2026-01-25T13:00:00Z,1.551,15.872
2026-01-25T13:15:00Z,1.5526,15.833
2026-01-25T13:30:00Z,1.5549,15.764
2026-01-25T13:45:00Z,1.5521,15.72
2026-01-25T14:00:00Z,1.5552,15.724
2026-01-25T14:15:00Z,1.5518,15.689
2026-01-25T14:30:00Z,1.5522,15.655
2026-01-25T14:45:00Z,1.5547,15.599
2026-01-25T15:00:00Z,1.5574,15.549
2026-01-25T15:15:00Z,1.5547,15.663
2026-01-25T15:30:00Z,1.5527,15.602
2026-01-25T15:45:00Z,1.5531,15.569
2026-01-25T16:00:00Z,1.5536,15.612
2026-01-25T16:15:00Z,1.5586,15.633
2026-01-25T16:30:00Z,1.5596,15.682
2026-01-25T16:45:00Z,1.5583,15.709
2026-01-25T17:00:00Z,1.5601,15.766
2026-01-25T17:15:00Z,1.5603,15.821
2026-01-25T17:30:00Z,1.5653,15.893
2026-01-25T17:45:00Z,1.5621,16.006
2026-01-25T18:00:00Z,1.5584,16.128
2026-01-25T18:15:00Z,1.5584,16.235
2026-01-25T18:30:00Z,1.5582,16.327
2026-01-25T18:45:00Z,1.5617,16.435
2026-01-25T19:00:00Z,1.5582,16.481
2026-01-25T19:15:00Z,1.5574,16.603
2026-01-25T19:30:00Z,1.557,16.776
2026-01-25T19:45:00Z,1.5551,16.987
2026-01-25T20:00:00Z,1.5574,17.079
2026-01-25T20:15:00Z,1.5563,17.129
2026-01-25T20:30:00Z,1.5622,17.202
2026-01-25T20:45:00Z,1.5584,17.397
2026-01-25T21:00:00Z,1.5633,17.553
2026-01-25T21:15:00Z,1.5583,17.732
2026-01-25T21:30:00Z,1.5597,18.001
2026-01-25T21:45:00Z,1.56,18.115
2026-01-25T22:00:00Z,1.5587,17.896
2026-01-25T22:15:00Z,1.5624,17.732
2026-01-25T22:30:00Z,1.5687,17.892
2026-01-25T22:45:00Z,1.5611,17.984
2026-01-25T23:00:00Z,1.5617,18.095
2026-01-25T23:15:00Z,1.5639,18.105
2026-01-25T23:30:00Z,1.5568,18.04
2026-01-25T23:45:00Z,1.5589,18.059
2026-01-26T00:00:00Z,1.5623,18.067
2026-01-26T00:15:00Z,1.5587,17.917
2026-01-26T00:30:00Z,1.5584,17.843
2026-01-26T00:45:00Z,1.5558,17.711
2026-01-26T01:00:00Z,1.5556,17.504
2026-01-26T01:15:00Z,1.5572,17.403
2026-01-26T01:30:00Z,1.5574,17.28
2026-01-26T01:45:00Z,1.5576,17.272
2026-01-26T02:00:00Z,1.5564,17.206
2026-01-26T02:15:00Z,1.5571,17.129
2026-01-26T02:30:00Z,1.5546,17.083
2026-01-26T02:45:00Z,1.553,17.006
2026-01-26T03:00:00Z,1.5543,16.902
2026-01-26T03:15:00Z,1.5563,16.779
2026-01-26T03:30:00Z,1.5552,16.655
2026-01-26T03:45:00Z,1.5543,16.624
2026-01-26T04:00:00Z,1.5562,16.557
2026-01-26T04:15:00Z,1.5577,16.497
2026-01-26T04:30:00Z,1.553,16.446
2026-01-26T04:45:00Z,1.5514,16.413
2026-01-26T05:00:00Z,1.5544,16.38
2026-01-26T05:15:00Z,1.552,16.36
2026-01-26T05:30:00Z,1.555,16.34
2026-01-26T05:45:00Z,1.5525,16.309
2026-01-26T06:00:00Z,1.5535,16.286
2026-01-26T06:15:00Z,1.5536,16.242
2026-01-26T06:30:00Z,1.5556,16.228
2026-01-26T06:45:00Z,1.5525,16.212
2026-01-26T07:00:00Z,1.5512,16.181
2026-01-26T07:15:00Z,1.5539,16.165
2026-01-26T07:30:00Z,1.5565,16.114
2026-01-26T07:45:00Z,1.5516,16.09
2026-01-26T08:00:00Z,1.5541,16.021
2026-01-26T08:15:00Z,1.5537,15.97
2026-01-26T08:30:00Z,1.5548,15.927
2026-01-26T08:45:00Z,1.5544,15.91
2026-01-26T09:00:00Z,1.5543,15.908
2026-01-26T09:15:00Z,1.5536,15.88
2026-01-26T09:30:00Z,1.554,15.871
2026-01-26T09:45:00Z,1.556,15.869
2026-01-26T10:00:00Z,1.5542,15.831
2026-01-26T10:15:00Z,1.5546,15.824
2026-01-26T10:30:00Z,1.5529,15.813
2026-01-26T10:45:00Z,1.5543,15.818
2026-01-26T11:00:00Z,1.5541,15.788
2026-01-26T11:15:00Z,1.5551,15.754
2026-01-26T11:30:00Z,1.5546,15.75
2026-01-26T11:45:00Z,1.5547,15.701
2026-01-26T12:00:00Z,1.5534,15.654
2026-01-26T12:15:00Z,1.552,15.597
2026-01-26T12:30:00Z,1.5539,15.577
2026-01-26T12:45:00Z,1.5521,15.553
2026-01-26T13:00:00Z,1.5549,15.543
2026-01-26T13:15:00Z,1.5525,15.526
2026-01-26T13:30:00Z,1.5538,15.497
2026-01-26T13:45:00Z,1.552,15.482
2026-01-26T14:00:00Z,1.5521,15.449
2026-01-26T14:15:00Z,1.5535,15.437
2026-01-26T14:30:00Z,1.5531,15.4
2026-01-26T14:45:00Z,1.5522,15.347
2026-01-26T15:00:00Z,1.554,15.323
2026-01-26T15:15:00Z,1.5527,15.299
2026-01-26T15:30:00Z,1.5517,15.337
2026-01-26T15:45:00Z,1.5561,15.338
2026-01-26T16:00:00Z,1.5706,15.377
2026-01-26T16:15:00Z,1.5573,15.376
2026-01-26T16:30:00Z,1.5571,15.374
2026-01-26T16:45:00Z,1.5689,15.35
2026-01-26T17:00:00Z,1.5608,15.364
2026-01-26T17:15:00Z,1.5545,15.404
2026-01-26T17:30:00Z,1.5595,15.493
2026-01-26T17:45:00Z,1.554,15.585
2026-01-26T18:00:00Z,1.5569,15.626
2026-01-26T18:15:00Z,1.5556,15.755
2026-01-26T18:30:00Z,1.5565,15.903
2026-01-26T18:45:00Z,1.5592,16.157
2026-01-26T19:00:00Z,1.5617,16.332
2026-01-26T19:15:00Z,1.5606,16.459
2026-01-26T19:30:00Z,1.5595,16.635
2026-01-26T19:45:00Z,1.5617,16.863
2026-01-26T20:00:00Z,1.5622,17.109
2026-01-26T20:15:00Z,1.5623,17.137
2026-01-26T20:30:00Z,1.5639,17.232
2026-01-26T20:45:00Z,1.5657,17.324
2026-01-26T21:00:00Z,1.5626,17.35
2026-01-26T21:15:00Z,1.5618,17.356
2026-01-26T21:30:00Z,1.5657,17.55
2026-01-26T21:45:00Z,1.5676,17.824
2026-01-26T22:00:00Z,1.5629,17.92
2026-01-26T22:15:00Z,1.5646,17.955
2026-01-26T22:30:00Z,1.5655,18.089
2026-01-26T22:45:00Z,1.558,18.164
2026-01-26T23:00:00Z,1.5597,18.011
2026-01-26T23:15:00Z,1.5588,18.047
2026-01-26T23:30:00Z,1.5584,18.248
2026-01-26T23:45:00Z,1.5607,18.446
2026-01-27T00:00:00Z,1.561,18.302
2026-01-27T00:15:00Z,1.5571,18.059
2026-01-27T00:30:00Z,1.5582,17.862
2026-01-27T00:45:00Z,1.5565,17.663
2026-01-27T01:00:00Z,1.5531,17.524
2026-01-27T01:15:00Z,1.5527,17.407
2026-01-27T01:30:00Z,1.5499,17.298
2026-01-27T01:45:00Z,1.5513,17.236
2026-01-27T02:00:00Z,1.5521,17.092
2026-01-27T02:15:00Z,1.5531,16.938
2026-01-27T02:30:00Z,1.5512,16.772
2026-01-27T02:45:00Z,1.5531,16.608
2026-01-27T03:00:00Z,1.5534,16.512
2026-01-27T03:15:00Z,1.5506,16.434
2026-01-27T03:30:00Z,1.5527,16.368
2026-01-27T03:45:00Z,1.5537,16.309
2026-01-27T04:00:00Z,1.5538,16.252
2026-01-27T04:15:00Z,1.5542,16.233
2026-01-27T04:30:00Z,1.5527,16.208
2026-01-27T04:45:00Z,1.5551,16.153
2026-01-27T05:00:00Z,1.5536,16.066
2026-01-27T05:15:00Z,1.5518,16.003
2026-01-27T05:30:00Z,1.553,15.911
2026-01-27T05:45:00Z,1.5541,15.902
2026-01-27T06:00:00Z,1.5524,15.9
2026-01-27T06:15:00Z,1.5528,15.879
2026-01-27T06:30:00Z,1.5542,15.841
2026-01-27T06:45:00Z,1.5526,15.819
2026-01-27T07:00:00Z,1.5527,15.81
2026-01-27T07:15:00Z,1.5511,15.772
2026-01-27T07:30:00Z,1.5536,15.727
2026-01-27T07:45:00Z,1.5518,15.671
2026-01-27T08:00:00Z,1.5527,15.626
2026-01-27T08:15:00Z,1.5517,15.595
2026-01-27T08:30:00Z,1.553,15.554
2026-01-27T08:45:00Z,1.5507,15.514
2026-01-27T09:00:00Z,1.5529,15.489
2026-01-27T09:15:00Z,1.5541,15.481
2026-01-27T09:30:00Z,1.5536,15.481
2026-01-27T09:45:00Z,1.5514,15.45
2026-01-27T10:00:00Z,1.5544,15.433
2026-01-27T10:15:00Z,1.5546,15.415
2026-01-27T10:30:00Z,1.5514,15.411
2026-01-27T10:45:00Z,1.552,15.362
2026-01-27T11:00:00Z,1.553,15.33
2026-01-27T11:15:00Z,1.5507,15.285
2026-01-27T11:30:00Z,1.5512,15.231
2026-01-27T11:45:00Z,1.5506,15.192
2026-01-27T12:00:00Z,1.5527,15.187
2026-01-27T12:15:00Z,1.5526,15.196
2026-01-27T12:30:00Z,1.5532,15.196
2026-01-27T12:45:00Z,1.5524,15.167
2026-01-27T13:00:00Z,1.5499,15.14
2026-01-27T13:15:00Z,1.5522,15.107
2026-01-27T13:30:00Z,1.5506,15.08
2026-01-27T13:45:00Z,1.5512,15.052
2026-01-27T14:00:00Z,1.5519,15.052
2026-01-27T14:15:00Z,1.5498,15.025
2026-01-27T14:30:00Z,1.5533,15.006
2026-01-27T14:45:00Z,1.5496,14.946
2026-01-27T15:00:00Z,1.5518,14.881
2026-01-27T15:15:00Z,1.5514,14.888
2026-01-27T15:30:00Z,1.5654,14.875
2026-01-27T15:45:00Z,1.5676,14.88
2026-01-27T16:00:00Z,1.5682,14.869
2026-01-27T16:15:00Z,1.5675,14.865
2026-01-27T16:30:00Z,1.5583,14.894
2026-01-27T16:45:00Z,1.5592,14.923
2026-01-27T17:00:00Z,1.5556,14.874
2026-01-27T17:15:00Z,1.558,14.863
2026-01-27T17:30:00Z,1.5587,14.915
2026-01-27T17:45:00Z,1.556,14.982
2026-01-27T18:00:00Z,1.5604,15.057
2026-01-27T18:15:00Z,1.5574,15.201
2026-01-27T18:30:00Z,1.5621,15.371
2026-01-27T18:45:00Z,1.5617,15.541
2026-01-27T19:00:00Z,1.5571,15.712
2026-01-27T19:15:00Z,1.5605,15.905
2026-01-27T19:30:00Z,1.558,16.089
2026-01-27T19:45:00Z,1.5616,16.264
2026-01-27T20:00:00Z,1.5617,16.346
2026-01-27T20:15:00Z,1.5629,16.532
2026-01-27T20:30:00Z,1.5656,16.669
2026-01-27T20:45:00Z,1.5619,16.848
2026-01-27T21:00:00Z,1.5694,16.978
2026-01-27T21:15:00Z,1.5644,17.051
2026-01-27T21:30:00Z,1.5682,17.14
2026-01-27T21:45:00Z,1.5659,17.255
2026-01-27T22:00:00Z,1.5624,17.411
2026-01-27T22:15:00Z,1.5701,17.547
2026-01-27T22:30:00Z,1.5655,17.648
2026-01-27T22:45:00Z,1.5637,17.698
2026-01-27T23:00:00Z,1.5677,17.791
2026-01-27T23:15:00Z,1.5628,17.657
2026-01-27T23:30:00Z,1.5697,17.514
2026-01-27T23:45:00Z,1.5624,17.464
2026-01-28T00:00:00Z,1.5618,17.414
2026-01-28T00:15:00Z,1.5659,17.402
2026-01-28T00:30:00Z,1.5643,17.398
2026-01-28T00:45:00Z,1.5625,17.258
2026-01-28T01:00:00Z,1.5626,17.169
2026-01-28T01:15:00Z,1.5608,17.083
2026-01-28T01:30:00Z,1.5578,16.916
2026-01-28T01:45:00Z,1.5623,16.828
2026-01-28T02:00:00Z,1.5603,16.803
2026-01-28T02:15:00Z,1.5606,16.714
2026-01-28T02:30:00Z,1.5567,16.621
2026-01-28T02:45:00Z,1.5542,16.602
2026-01-28T03:00:00Z,1.5572,16.544
2026-01-28T03:15:00Z,1.5527,16.456
2026-01-28T03:30:00Z,1.5581,16.4
2026-01-28T03:45:00Z,1.5571,16.354
2026-01-28T04:00:00Z,1.5579,16.306
2026-01-28T04:15:00Z,1.5573,16.289
2026-01-28T04:30:00Z,1.5576,16.282
2026-01-28T04:45:00Z,1.5564,16.284
2026-01-28T05:00:00Z,1.5579,16.267
2026-01-28T05:15:00Z,1.5561,16.241
2026-01-28T05:30:00Z,1.5556,16.209
2026-01-28T05:45:00Z,1.5553,16.165
2026-01-28T06:00:00Z,1.5565,16.116
2026-01-28T06:15:00Z,1.5567,16.049
2026-01-28T06:30:00Z,1.5567,15.974
2026-01-28T06:45:00Z,1.5561,15.931
2026-01-28T07:00:00Z,1.5546,15.89
2026-01-28T07:15:00Z,1.5576,15.877
2026-01-28T07:30:00Z,1.5543,15.827
2026-01-28T07:45:00Z,1.5563,15.784
2026-01-28T08:00:00Z,1.5532,15.754
2026-01-28T08:15:00Z,1.5561,15.736
2026-01-28T08:30:00Z,1.5579,15.713
2026-01-28T08:45:00Z,1.5537,15.699
2026-01-28T09:00:00Z,1.5553,15.673
2026-01-28T09:15:00Z,1.5573,15.602
2026-01-28T09:30:00Z,1.5605,15.59
2026-01-28T09:45:00Z,1.5557,15.554
2026-01-28T10:00:00Z,1.5589,15.483
2026-01-28T10:15:00Z,1.5547,15.454
2026-01-28T10:30:00Z,1.5596,15.449
2026-01-28T10:45:00Z,1.5584,15.462
2026-01-28T11:00:00Z,1.5559,15.448
2026-01-28T11:15:00Z,1.5566,15.438
2026-01-28T11:30:00Z,1.558,15.424
2026-01-28T11:45:00Z,1.5568,15.383
2026-01-28T12:00:00Z,1.5547,15.348
2026-01-28T12:15:00Z,1.5549,15.321
2026-01-28T12:30:00Z,1.5581,15.283
2026-01-28T12:45:00Z,1.5582,15.273
2026-01-28T13:00:00Z,1.559,15.267
2026-01-28T13:15:00Z,1.5549,15.217
2026-01-28T13:30:00Z,1.5568,15.194
2026-01-28T13:45:00Z,1.5552,15.176
2026-01-28T14:00:00Z,1.5549,15.156
2026-01-28T14:15:00Z,1.5559,15.165
2026-01-28T14:30:00Z,1.5545,15.138
2026-01-28T14:45:00Z,1.5585,15.126
2026-01-28T15:00:00Z,1.557,15.121
2026-01-28T15:15:00Z,1.5589,15.11
2026-01-28T15:30:00Z,1.5594,15.115
2026-01-28T15:45:00Z,1.561,15.106
2026-01-28T16:00:00Z,1.5609,15.094
2026-01-28T16:15:00Z,1.5654,15.084
2026-01-28T16:30:00Z,1.5674,15.134
2026-01-28T16:45:00Z,1.5666,15.102
2026-01-28T17:00:00Z,1.5651,15.194
2026-01-28T17:15:00Z,1.5667,15.242
2026-01-28T17:30:00Z,1.5659,15.239
2026-01-28T17:45:00Z,1.566,15.25
2026-01-28T18:00:00Z,1.564,15.318
2026-01-28T18:15:00Z,1.5677,15.454
2026-01-28T18:30:00Z,1.5635,15.56
2026-01-28T18:45:00Z,1.587,15.808
2026-01-28T19:00:00Z,1.5847,15.842
2026-01-28T19:15:00Z,1.5862,15.944
2026-01-28T19:30:00Z,1.5846,16.057
2026-01-28T19:45:00Z,1.5874,16.204
2026-01-28T20:00:00Z,1.5861,16.293
2026-01-28T20:15:00Z,1.5845,16.398
2026-01-28T20:30:00Z,1.5867,16.573
2026-01-28T20:45:00Z,1.5872,16.752
2026-01-28T21:00:00Z,1.5871,16.913
2026-01-28T21:15:00Z,1.5854,17.022
2026-01-28T21:30:00Z,1.5821,17.122
2026-01-28T21:45:00Z,1.5867,17.178
2026-01-28T22:00:00Z,1.5836,17.272
2026-01-28T22:15:00Z,1.5866,17.362
2026-01-28T22:30:00Z,1.5847,17.391
2026-01-28T22:45:00Z,1.5836,17.406
2026-01-28T23:00:00Z,1.5839,17.47
2026-01-28T23:15:00Z,1.5843,17.529
2026-01-28T23:30:00Z,1.5875,17.542
2026-01-28T23:45:00Z,1.5863,17.59
2026-01-29T00:00:00Z,1.588,17.523
2026-01-29T00:15:00Z,1.5884,17.524
2026-01-29T00:30:00Z,1.5852,17.54
2026-01-29T00:45:00Z,1.5893,17.603
2026-01-29T01:00:00Z,1.5825,17.544
2026-01-29T01:15:00Z,1.5876,17.436
2026-01-29T01:30:00Z,1.5811,17.301
2026-01-29T01:45:00Z,1.583,17.202
2026-01-29T02:00:00Z,1.5819,17.156
2026-01-29T02:15:00Z,1.5805,17.134
2026-01-29T02:30:00Z,1.5849,17.105
2026-01-29T02:45:00Z,1.5808,17.062
2026-01-29T03:00:00Z,1.5838,16.997
2026-01-29T03:15:00Z,1.5803,16.859
2026-01-29T03:30:00Z,1.5813,16.749
2026-01-29T03:45:00Z,1.5815,16.649
2026-01-29T04:00:00Z,1.5788,16.548
2026-01-29T04:15:00Z,1.583,16.452
2026-01-29T04:30:00Z,1.5763,16.368
2026-01-29T04:45:00Z,1.5821,16.232
2026-01-29T05:00:00Z,1.5768,16.198
2026-01-29T05:15:00Z,1.5793,16.149
2026-01-29T05:30:00Z,1.5864,16.077
2026-01-29T05:45:00Z,1.5743,15.996
2026-01-29T06:00:00Z,1.5836,15.977
2026-01-29T06:15:00Z,1.5737,15.952
2026-01-29T06:30:00Z,1.5818,15.853
2026-01-29T06:45:00Z,1.5815,15.792
2026-01-29T07:00:00Z,1.5783,15.782
2026-01-29T07:15:00Z,1.5831,15.73
2026-01-29T07:30:00Z,1.5776,15.718
2026-01-29T07:45:00Z,1.5833,15.648
2026-01-29T08:00:00Z,1.5778,15.635
2026-01-29T08:15:00Z,1.5771,15.616
2026-01-29T08:30:00Z,1.5777,15.606
2026-01-29T08:45:00Z,1.5791,15.546
2026-01-29T09:00:00Z,1.5785,15.477
2026-01-29T09:15:00Z,1.5747,15.43
2026-01-29T09:30:00Z,1.5829,15.402
2026-01-29T09:45:00Z,1.5795,15.393
2026-01-29T10:00:00Z,1.5787,15.419
2026-01-29T10:15:00Z,1.5787,15.433
2026-01-29T10:30:00Z,1.5807,15.438
2026-01-29T10:45:00Z,1.5779,15.394
2026-01-29T11:00:00Z,1.58,15.375
2026-01-29T11:15:00Z,1.5781,15.346
2026-01-29T11:30:00Z,1.5808,15.321
2026-01-29T11:45:00Z,1.5779,15.286
2026-01-29T12:00:00Z,1.5792,15.261
2026-01-29T12:15:00Z,1.5805,15.205
2026-01-29T12:30:00Z,1.5765,15.149
2026-01-29T12:45:00Z,1.5804,15.109
2026-01-29T13:00:00Z,1.5783,15.094
2026-01-29T13:15:00Z,1.5773,15.084
2026-01-29T13:30:00Z,1.5814,15.034
2026-01-29T13:45:00Z,1.5767,15.046
2026-01-29T14:00:00Z,1.5806,15.017
2026-01-29T14:15:00Z,1.5791,14.988
2026-01-29T14:30:00Z,1.5794,14.952
2026-01-29T14:45:00Z,1.5826,14.934
2026-01-29T15:00:00Z,1.575,14.927
2026-01-29T15:15:00Z,1.5843,14.876
2026-01-29T15:30:00Z,1.577,14.882
2026-01-29T15:45:00Z,1.5892,14.886
2026-01-29T16:00:00Z,1.5931,14.932
2026-01-29T16:15:00Z,1.5969,14.947
2026-01-29T16:30:00Z,1.5909,14.991
2026-01-29T16:45:00Z,1.5907,14.985
2026-01-29T17:00:00Z,1.5816,15.024
2026-01-29T17:15:00Z,1.5824,15.044
2026-01-29T17:30:00Z,1.5807,15.067
2026-01-29T17:45:00Z,1.5851,15.121
2026-01-29T18:00:00Z,1.5797,15.186
2026-01-29T18:15:00Z,1.5821,15.296
2026-01-29T18:30:00Z,1.5844,15.424
2026-01-29T18:45:00Z,1.5859,15.572
2026-01-29T19:00:00Z,1.5812,15.677
2026-01-29T19:15:00Z,1.591,15.885
2026-01-29T19:30:00Z,1.5839,16.102
2026-01-29T19:45:00Z,1.5889,16.232
2026-01-29T20:00:00Z,1.589,16.411
2026-01-29T20:15:00Z,1.5889,16.61
2026-01-29T20:30:00Z,1.5914,16.929
2026-01-29T20:45:00Z,1.5898,17.068
2026-01-29T21:00:00Z,1.5878,17.286
2026-01-29T21:15:00Z,1.5896,17.429
2026-01-29T21:30:00Z,1.592,17.582
2026-01-29T21:45:00Z,1.592,17.757
2026-01-29T22:00:00Z,1.5936,17.843
2026-01-29T22:15:00Z,1.5889,17.895
2026-01-29T22:30:00Z,1.5909,17.952
2026-01-29T22:45:00Z,1.5895,18.152
2026-01-29T23:00:00Z,1.5925,18.324
2026-01-29T23:15:00Z,1.5932,18.33
2026-01-29T23:30:00Z,1.5917,18.226
2026-01-29T23:45:00Z,1.5914,18.073
2026-01-30T00:00:00Z,1.5865,18.033
2026-01-30T00:15:00Z,1.587,17.921
2026-01-30T00:30:00Z,1.5895,17.836
2026-01-30T00:45:00Z,1.5865,17.935
2026-01-30T01:00:00Z,1.589,18.056
2026-01-30T01:15:00Z,1.5852,18.074
2026-01-30T01:30:00Z,1.5838,18.005
2026-01-30T01:45:00Z,1.5841,17.892
2026-01-30T02:00:00Z,1.583,17.808
2026-01-30T02:15:00Z,1.5858,17.731
2026-01-30T02:30:00Z,1.5842,17.635
2026-01-30T02:45:00Z,1.5832,17.533
2026-01-30T03:00:00Z,1.5831,17.426
2026-01-30T03:15:00Z,1.5827,17.334
2026-01-30T03:30:00Z,1.5834,17.237
2026-01-30T03:45:00Z,1.5813,17.116
2026-01-30T04:00:00Z,1.5846,17.095
2026-01-30T04:15:00Z,1.5823,17.048
2026-01-30T04:30:00Z,1.5804,16.942
2026-01-30T04:45:00Z,1.5813,16.811
2026-01-30T05:00:00Z,1.5786,16.67
2026-01-30T05:15:00Z,1.5834,16.542
2026-01-30T05:30:00Z,1.5806,16.463
2026-01-30T05:45:00Z,1.5824,16.341
2026-01-30T06:00:00Z,1.5824,16.288
2026-01-30T06:15:00Z,1.5801,16.244
2026-01-30T06:30:00Z,1.5841,16.177
2026-01-30T06:45:00Z,1.578,16.103
2026-01-30T07:00:00Z,1.5848,16.045
2026-01-30T07:15:00Z,1.5824,16.014
2026-01-30T07:30:00Z,1.58,15.97
2026-01-30T07:45:00Z,1.5806,15.935
2026-01-30T08:00:00Z,1.5808,15.911
2026-01-30T08:15:00Z,1.582,15.886
2026-01-30T08:30:00Z,1.5803,15.848
2026-01-30T08:45:00Z,1.5781,15.804
2026-01-30T09:00:00Z,1.5811,15.771
2026-01-30T09:15:00Z,1.5797,15.751
2026-01-30T09:30:00Z,1.5854,15.718
2026-01-30T09:45:00Z,1.5811,15.676
2026-01-30T10:00:00Z,1.5824,15.655
2026-01-30T10:15:00Z,1.5817,15.636
2026-01-30T10:30:00Z,1.5803,15.598
2026-01-30T10:45:00Z,1.581,15.57
2026-01-30T11:00:00Z,1.578,15.557
2026-01-30T11:15:00Z,1.5832,15.53
2026-01-30T11:30:00Z,1.5771,15.518
2026-01-30T11:45:00Z,1.5803,15.488
2026-01-30T12:00:00Z,1.5804,15.46
2026-01-30T12:15:00Z,1.5801,15.44
2026-01-30T12:30:00Z,1.5835,15.402
2026-01-30T12:45:00Z,1.5766,15.375
2026-01-30T13:00:00Z,1.584,15.38
2026-01-30T13:15:00Z,1.5785,15.361
2026-01-30T13:30:00Z,1.5815,15.329
2026-01-30T13:45:00Z,1.5813,15.301
2026-01-30T14:00:00Z,1.5766,15.269
2026-01-30T14:15:00Z,1.5836,15.246
2026-01-30T14:30:00Z,1.5824,15.24
2026-01-30T14:45:00Z,1.5813,15.234
2026-01-30T15:00:00Z,1.5868,15.214
2026-01-30T15:15:00Z,1.5809,15.19
2026-01-30T15:30:00Z,1.5898,15.169
2026-01-30T15:45:00Z,1.5922,15.156
2026-01-30T16:00:00Z,1.5989,15.156
2026-01-30T16:15:00Z,1.6017,15.16
2026-01-30T16:30:00Z,1.5925,15.154
2026-01-30T16:45:00Z,1.5949,15.177
2026-01-30T17:00:00Z,1.5851,15.182
2026-01-30T17:15:00Z,1.593,15.209
2026-01-30T17:30:00Z,1.585,15.268
2026-01-30T17:45:00Z,1.5869,15.337
2026-01-30T18:00:00Z,1.587,15.403
2026-01-30T18:15:00Z,1.5841,15.508
2026-01-30T18:30:00Z,1.5898,15.698
2026-01-30T18:45:00Z,1.5848,15.906
2026-01-30T19:00:00Z,1.5942,16.082
2026-01-30T19:15:00Z,1.5955,16.372
2026-01-30T19:30:00Z,1.5924,16.611
2026-01-30T19:45:00Z,1.5926,16.844
2026-01-30T20:00:00Z,1.5914,16.994
2026-01-30T20:15:00Z,1.5928,17.118
2026-01-30T20:30:00Z,1.5948,17.438
2026-01-30T20:45:00Z,1.5962,17.67
2026-01-30T21:00:00Z,1.5901,17.69
2026-01-30T21:15:00Z,1.5951,17.881
2026-01-30T21:30:00Z,1.5905,17.947
2026-01-30T21:45:00Z,1.597,18.096
2026-01-30T22:00:00Z,1.5977,18.328
2026-01-30T22:15:00Z,1.5979,18.474
2026-01-30T22:30:00Z,1.5986,18.551
2026-01-30T22:45:00Z,1.5951,18.512
2026-01-30T23:00:00Z,1.5945,18.495
2026-01-30T23:15:00Z,1.5962,18.594
2026-01-30T23:30:00Z,1.5952,18.659
2026-01-30T23:45:00Z,1.5969,18.801
2026-01-31T00:00:00Z,1.5927,18.752
2026-01-31T00:15:00Z,1.5963,18.712
2026-01-31T00:30:00Z,1.5924,18.642
2026-01-31T00:45:00Z,1.5887,18.502
2026-01-31T01:00:00Z,1.5911,18.391
2026-01-31T01:15:00Z,1.5879,18.295
2026-01-31T01:30:00Z,1.5897,18.158
2026-01-31T01:45:00Z,1.5877,18.038
2026-01-31T02:00:00Z,1.5868,17.983
2026-01-31T02:15:00Z,1.5869,17.898
2026-01-31T02:30:00Z,1.5888,17.841
2026-01-31T02:45:00Z,1.5862,17.741
2026-01-31T03:00:00Z,1.5867,17.643
2026-01-31T03:15:00Z,1.5857,17.517
2026-01-31T03:30:00Z,1.5867,17.388
2026-01-31T03:45:00Z,1.5882,17.245
2026-01-31T04:00:00Z,1.5868,17.168
2026-01-31T04:15:00Z,1.5852,17.097
2026-01-31T04:30:00Z,1.5873,17.028
2026-01-31T04:45:00Z,1.5847,16.94
2026-01-31T05:00:00Z,1.5837,16.852
2026-01-31T05:15:00Z,1.586,16.765
2026-01-31T05:30:00Z,1.5853,16.691
2026-01-31T05:45:00Z,1.5872,16.639
2026-01-31T06:00:00Z,1.586,16.587
2026-01-31T06:15:00Z,1.584,16.563
2026-01-31T06:30:00Z,1.5836,16.52
2026-01-31T06:45:00Z,1.5849,16.481
2026-01-31T07:00:00Z,1.5855,16.443
2026-01-31T07:15:00Z,1.5841,16.403
2026-01-31T07:30:00Z,1.5832,16.368
2026-01-31T07:45:00Z,1.5849,16.338
2026-01-31T08:00:00Z,1.5839,16.318
2026-01-31T08:15:00Z,1.5861,16.303
2026-01-31T08:30:00Z,1.5873,16.304
2026-01-31T08:45:00Z,1.5855,16.279
2026-01-31T09:00:00Z,1.584,16.256
2026-01-31T09:15:00Z,1.5844,16.228
2026-01-31T09:30:00Z,1.5836,16.211
2026-01-31T09:45:00Z,1.5847,16.171
2026-01-31T10:00:00Z,1.5844,16.151
2026-01-31T10:15:00Z,1.5843,16.117
2026-01-31T10:30:00Z,1.5837,16.08
2026-01-31T10:45:00Z,1.5872,16.041
2026-01-31T11:00:00Z,1.5815,16.005
2026-01-31T11:15:00Z,1.5867,15.973
2026-01-31T11:30:00Z,1.5811,15.944
2026-01-31T11:45:00Z,1.5841,15.905
2026-01-31T12:00:00Z,1.5857,15.872
2026-01-31T12:15:00Z,1.5818,15.841
2026-01-31T12:30:00Z,1.5848,15.814
2026-01-31T12:45:00Z,1.5844,15.773
2026-01-31T13:00:00Z,1.5854,15.812
2026-01-31T13:15:00Z,1.5832,15.795
2026-01-31T13:30:00Z,1.5843,15.779
2026-01-31T13:45:00Z,1.5822,15.707
2026-01-31T14:00:00Z,1.5822,15.634
2026-01-31T14:15:00Z,1.5845,15.605
2026-01-31T14:30:00Z,1.5833,15.573
2026-01-31T14:45:00Z,1.5829,15.543
2026-01-31T15:00:00Z,1.5849,15.506
2026-01-31T15:15:00Z,1.5873,15.503
2026-01-31T15:30:00Z,1.5911,15.526
2026-01-31T15:45:00Z,1.5995,15.529
2026-01-31T16:00:00Z,1.6014,15.525
2026-01-31T16:15:00Z,1.6007,15.518
2026-01-31T16:30:00Z,1.5967,15.533
2026-01-31T16:45:00Z,1.5915,15.548
2026-01-31T17:00:00Z,1.5914,15.561
2026-01-31T17:15:00Z,1.5873,15.584
2026-01-31T17:30:00Z,1.5931,15.627
2026-01-31T17:45:00Z,1.5925,15.672
2026-01-31T18:00:00Z,1.5952,15.786
2026-01-31T18:15:00Z,1.5926,15.9
2026-01-31T18:30:00Z,1.5929,16.108
2026-01-31T18:45:00Z,1.5977,16.342
2026-01-31T19:00:00Z,1.5937,16.465
2026-01-31T19:15:00Z,1.5984,16.614
2026-01-31T19:30:00Z,1.5965,16.789
2026-01-31T19:45:00Z,1.5993,16.975
2026-01-31T20:00:00Z,1.5998,17.15
2026-01-31T20:15:00Z,1.5998,17.426
2026-01-31T20:30:00Z,1.6001,17.639
2026-01-31T20:45:00Z,1.5978,17.811
2026-01-31T21:00:00Z,1.6006,17.953
2026-01-31T21:15:00Z,1.6003,18.164
2026-01-31T21:30:00Z,1.6001,18.365
2026-01-31T21:45:00Z,1.599,18.447
2026-01-31T22:00:00Z,1.5978,18.56
2026-01-31T22:15:00Z,1.5998,18.853
2026-01-31T22:30:00Z,1.5991,18.947
2026-01-31T22:45:00Z,1.5991,18.946
2026-01-31T23:00:00Z,1.6011,19.093
2026-01-31T23:15:00Z,1.5993,19.185
2026-01-31T23:30:00Z,1.6002,19.135
2026-01-31T23:45:00Z,1.6006,19.13
2026-02-01T00:00:00Z,1.5979,19.097
2026-02-01T00:15:00Z,1.5978,19.006
2026-02-01T00:30:00Z,1.601,18.92
2026-02-01T00:45:00Z,1.5959,18.888
2026-02-01T01:00:00Z,1.5993,18.88
2026-02-01T01:15:00Z,1.5956,18.841
2026-02-01T01:30:00Z,1.5946,18.691
2026-02-01T01:45:00Z,1.5934,18.522
2026-02-01T02:00:00Z,1.5911,18.344
2026-02-01T02:15:00Z,1.5919,18.199
2026-02-01T02:30:00Z,1.586,18.032
2026-02-01T02:45:00Z,1.5862,17.935
2026-02-01T03:00:00Z,1.5838,17.855
2026-02-01T03:15:00Z,1.5876,17.761
2026-02-01T03:30:00Z,1.584,17.587
2026-02-01T03:45:00Z,1.5862,17.499
2026-02-01T04:00:00Z,1.5888,17.496
2026-02-01T04:15:00Z,1.588,17.459
2026-02-01T04:30:00Z,1.5904,17.437
2026-02-01T04:45:00Z,1.5871,17.44
2026-02-01T05:00:00Z,1.5874,17.397
2026-02-01T05:15:00Z,1.5884,17.344
2026-02-01T05:30:00Z,1.5873,17.301
2026-02-01T05:45:00Z,1.588,17.232
2026-02-01T06:00:00Z,1.5884,17.181
2026-02-01T06:15:00Z,1.5878,17.095
2026-02-01T06:30:00Z,1.5869,17.03
2026-02-01T06:45:00Z,1.5854,16.944
2026-02-01T07:00:00Z,1.5857,16.875
2026-02-01T07:15:00Z,1.5876,16.84
2026-02-01T07:30:00Z,1.5862,16.806
2026-02-01T07:45:00Z,1.5867,16.778
2026-02-01T08:00:00Z,1.5862,16.74
2026-02-01T08:15:00Z,1.5857,16.698
2026-02-01T08:30:00Z,1.5857,16.655
2026-02-01T08:45:00Z,1.5886,16.625
2026-02-01T09:00:00Z,1.5874,16.558
2026-02-01T09:15:00Z,1.5852,16.526
2026-02-01T09:30:00Z,1.5878,16.501
2026-02-01T09:45:00Z,1.5848,16.473
2026-02-01T10:00:00Z,1.5873,16.425
2026-02-01T10:15:00Z,1.5836,16.393
2026-02-01T10:30:00Z,1.5876,16.339
2026-02-01T10:45:00Z,1.5842,16.282
2026-02-01T11:00:00Z,1.5864,16.244
2026-02-01T11:15:00Z,1.5851,16.216
2026-02-01T11:30:00Z,1.5854,16.185
2026-02-01T11:45:00Z,1.5854,16.164
2026-02-01T12:00:00Z,1.5851,16.148
2026-02-01T12:15:00Z,1.5887,16.159
2026-02-01T12:30:00Z,1.5864,16.115
2026-02-01T12:45:00Z,1.5867,16.083
2026-02-01T13:00:00Z,1.5855,16.06
2026-02-01T13:15:00Z,1.5861,16.031
2026-02-01T13:30:00Z,1.585,16.014
2026-02-01T13:45:00Z,1.5842,15.988
2026-02-01T14:00:00Z,1.5878,15.969
2026-02-01T14:15:00Z,1.5864,15.966
2026-02-01T14:30:00Z,1.5876,15.956
2026-02-01T14:45:00Z,1.5866,15.939
2026-02-01T15:00:00Z,1.5893,15.928
2026-02-01T15:15:00Z,1.5906,15.931
2026-02-01T15:30:00Z,1.5905,15.901
2026-02-01T15:45:00Z,1.6035,15.893
2026-02-01T16:00:00Z,1.5963,15.89
2026-02-01T16:15:00Z,1.6021,15.867
2026-02-01T16:30:00Z,1.5966,15.855
2026-02-01T16:45:00Z,1.5987,15.861
2026-02-01T17:00:00Z,1.5966,15.895
2026-02-01T17:15:00Z,1.5877,15.922
2026-02-01T17:30:00Z,1.5958,15.949
2026-02-01T17:45:00Z,1.5899,16.005
2026-02-01T18:00:00Z,1.5987,16.091
2026-02-01T18:15:00Z,1.5945,16.232
2026-02-01T18:30:00Z,1.5964,16.405
2026-02-01T18:45:00Z,1.6019,16.602
2026-02-01T19:00:00Z,1.5982,16.767
2026-02-01T19:15:00Z,1.6034,16.967
2026-02-01T19:30:00Z,1.5969,17.152
2026-02-01T19:45:00Z,1.6034,17.332
2026-02-01T20:00:00Z,1.599,17.45
2026-02-01T20:15:00Z,1.6006,17.614
2026-02-01T20:30:00Z,1.5979,17.75
2026-02-01T20:45:00Z,1.5982,17.919
2026-02-01T21:00:00Z,1.602,18.177
2026-02-01T21:15:00Z,1.604,18.427
2026-02-01T21:30:00Z,1.6036,18.584
2026-02-01T21:45:00Z,1.603,18.626
2026-02-01T22:00:00Z,1.6032,18.686
2026-02-01T22:15:00Z,1.6058,18.96
2026-02-01T22:30:00Z,1.6035,19.186
2026-02-01T22:45:00Z,1.6054,19.252
2026-02-01T23:00:00Z,1.6048,19.264
2026-02-01T23:15:00Z,1.6039,19.265
2026-02-01T23:30:00Z,1.6031,19.203
2026-02-01T23:45:00Z,1.605,19.157
2026-02-02T00:00:00Z,1.6051,19.277
2026-02-02T00:15:00Z,1.5998,19.304
2026-02-02T00:30:00Z,1.5985,19.181
2026-02-02T00:45:00Z,1.5933,19.089
2026-02-02T01:00:00Z,1.601,19.042
2026-02-02T01:15:00Z,1.587,18.973
2026-02-02T01:30:00Z,1.5962,18.834
2026-02-02T01:45:00Z,1.5913,18.703
2026-02-02T02:00:00Z,1.5906,18.589
2026-02-02T02:15:00Z,1.5962,18.498
2026-02-02T02:30:00Z,1.5908,18.425
2026-02-02T02:45:00Z,1.5984,18.361
2026-02-02T03:00:00Z,1.5878,18.261
2026-02-02T03:15:00Z,1.5963,18.189
2026-02-02T03:30:00Z,1.5938,18.081
2026-02-02T03:45:00Z,1.5924,17.98
2026-02-02T04:00:00Z,1.5958,17.872
2026-02-02T04:15:00Z,1.5896,17.774
2026-02-02T04:30:00Z,1.5955,17.72
2026-02-02T04:45:00Z,1.5882,17.678
2026-02-02T05:00:00Z,1.5925,17.598
2026-02-02T05:15:00Z,1.5943,17.518
2026-02-02T05:30:00Z,1.5925,17.45
2026-02-02T05:45:00Z,1.5961,17.395
2026-02-02T06:00:00Z,1.5898,17.359
2026-02-02T06:15:00Z,1.5962,17.334
2026-02-02T06:30:00Z,1.591,17.295
2026-02-02T06:45:00Z,1.5902,17.251
2026-02-02T07:00:00Z,1.5902,17.198
2026-02-02T07:15:00Z,1.5902,17.134
2026-02-02T07:30:00Z,1.592,17.083
2026-02-02T07:45:00Z,1.5897,17.082
2026-02-02T08:00:00Z,1.5946,17.039
2026-02-02T08:15:00Z,1.5856,17.002
2026-02-02T08:30:00Z,1.5919,16.97
2026-02-02T08:45:00Z,1.5894,16.93
2026-02-02T09:00:00Z,1.5879,16.902
2026-02-02T09:15:00Z,1.5927,16.849
2026-02-02T09:30:00Z,1.5878,16.831
2026-02-02T09:45:00Z,1.5901,16.818
2026-02-02T10:00:00Z,1.5883,16.804
2026-02-02T10:15:00Z,1.5881,16.761
2026-02-02T10:30:00Z,1.588,16.712
2026-02-02T10:45:00Z,1.5881,16.678
2026-02-02T11:00:00Z,1.5873,16.685
2026-02-02T11:15:00Z,1.5877,16.622
2026-02-02T11:30:00Z,1.5893,16.594
2026-02-02T11:45:00Z,1.5866,16.589
2026-02-02T12:00:00Z,1.5886,16.584
2026-02-02T12:15:00Z,1.5891,16.575
2026-02-02T12:30:00Z,1.5891,16.548
2026-02-02T12:45:00Z,1.5897,16.518
2026-02-02T13:00:00Z,1.5889,16.493
2026-02-02T13:15:00Z,1.5894,16.479
2026-02-02T13:30:00Z,1.5883,16.44
2026-02-02T13:45:00Z,1.5863,16.385
2026-02-02T14:00:00Z,1.5895,16.338
2026-02-02T14:15:00Z,1.589,16.308
2026-02-02T14:30:00Z,1.5902,16.28
2026-02-02T14:45:00Z,1.589,16.25
2026-02-02T15:00:00Z,1.5891,16.225
2026-02-02T15:15:00Z,1.5895,16.23
2026-02-02T15:30:00Z,1.594,16.236
2026-02-02T15:45:00Z,1.6035,16.241
2026-02-02T16:00:00Z,1.605,16.206
2026-02-02T16:15:00Z,1.6036,16.192
2026-02-02T16:30:00Z,1.6017,16.185
2026-02-02T16:45:00Z,1.599,16.188
2026-02-02T17:00:00Z,1.5923,16.197
2026-02-02T17:15:00Z,1.5917,16.217
2026-02-02T17:30:00Z,1.5957,16.264
2026-02-02T17:45:00Z,1.5981,16.361
2026-02-02T18:00:00Z,1.5975,16.442
2026-02-02T18:15:00Z,1.5919,16.587
2026-02-02T18:30:00Z,1.598,16.775
2026-02-02T18:45:00Z,1.5999,17.008
2026-02-02T19:00:00Z,1.5987,17.221
2026-02-02T19:15:00Z,1.6004,17.44
2026-02-02T19:30:00Z,1.6018,17.611
2026-02-02T19:45:00Z,1.602,17.748
2026-02-02T20:00:00Z,1.6009,17.885
2026-02-02T20:15:00Z,1.5983,18.057
2026-02-02T20:30:00Z,1.6039,18.317
2026-02-02T20:45:00Z,1.6023,18.505
2026-02-02T21:00:00Z,1.6043,18.687
2026-02-02T21:15:00Z,1.6033,18.867
2026-02-02T21:30:00Z,1.6039,18.982
2026-02-02T21:45:00Z,1.6003,18.909
2026-02-02T22:00:00Z,1.5997,18.852
2026-02-02T22:15:00Z,1.6039,18.882
2026-02-02T22:30:00Z,1.6011,18.963
2026-02-02T22:45:00Z,1.6025,18.985
2026-02-02T23:00:00Z,1.5991,19.061
2026-02-02T23:15:00Z,1.6016,19.18
2026-02-02T23:30:00Z,1.6031,19.281
2026-02-02T23:45:00Z,1.6009,19.283
2026-02-03T00:00:00Z,1.6023,19.212
2026-02-03T00:15:00Z,1.602,19.155
2026-02-03T00:30:00Z,1.6017,19.133
2026-02-03T00:45:00Z,1.6015,19.242
2026-02-03T01:00:00Z,1.6012,19.278
2026-02-03T01:15:00Z,1.5999,19.196
2026-02-03T01:30:00Z,1.5957,19.053
2026-02-03T01:45:00Z,1.5971,18.929
2026-02-03T02:00:00Z,1.5948,18.834
2026-02-03T02:15:00Z,1.594,18.699
2026-02-03T02:30:00Z,1.5952,18.65
2026-02-03T02:45:00Z,1.593,18.554
2026-02-03T03:00:00Z,1.5934,18.48
2026-02-03T03:15:00Z,1.5945,18.381
2026-02-03T03:30:00Z,1.5925,18.3
2026-02-03T03:45:00Z,1.5916,18.225
2026-02-03T04:00:00Z,1.5952,18.151
2026-02-03T04:15:00Z,1.5934,18.099
2026-02-03T04:30:00Z,1.5942,18.006
2026-02-03T04:45:00Z,1.5912,17.888
2026-02-03T05:00:00Z,1.5927,17.788
2026-02-03T05:15:00Z,1.5915,17.719
2026-02-03T05:30:00Z,1.5916,17.637
2026-02-03T05:45:00Z,1.5926,17.532
2026-02-03T06:00:00Z,1.5892,17.441
2026-02-03T06:15:00Z,1.592,17.367
2026-02-03T06:30:00Z,1.5906,17.273
2026-02-03T06:45:00Z,1.5917,17.179
2026-02-03T07:00:00Z,1.5917,17.144
2026-02-03T07:15:00Z,1.5896,17.108
2026-02-03T07:30:00Z,1.5912,17.08
2026-02-03T07:45:00Z,1.5919,17.049
2026-02-03T08:00:00Z,1.5929,17.001
2026-02-03T08:15:00Z,1.5899,16.97
2026-02-03T08:30:00Z,1.5899,16.915
2026-02-03T08:45:00Z,1.5921,16.893
2026-02-03T09:00:00Z,1.5884,16.868
2026-02-03T09:15:00Z,1.5903,16.867
2026-02-03T09:30:00Z,1.589,16.78
2026-02-03T09:45:00Z,1.592,16.749
2026-02-03T10:00:00Z,1.5931,16.734
2026-02-03T10:15:00Z,1.5904,16.696
2026-02-03T10:30:00Z,1.5924,16.687
2026-02-03T10:45:00Z,1.5896,16.655
2026-02-03T11:00:00Z,1.5932,16.652
2026-02-03T11:15:00Z,1.5863,16.618
2026-02-03T11:30:00Z,1.5917,16.573
2026-02-03T11:45:00Z,1.5875,16.539
2026-02-03T12:00:00Z,1.5888,16.511
2026-02-03T12:15:00Z,1.5904,16.471
2026-02-03T12:30:00Z,1.5886,16.439
2026-02-03T12:45:00Z,1.5916,16.407
2026-02-03T13:00:00Z,1.587,16.421
2026-02-03T13:15:00Z,1.5901,16.414
2026-02-03T13:30:00Z,1.59,16.385
2026-02-03T13:45:00Z,1.5861,16.353
2026-02-03T14:00:00Z,1.5901,16.348
2026-02-03T14:15:00Z,1.5893,16.344
2026-02-03T14:30:00Z,1.5901,16.315
2026-02-03T14:45:00Z,1.5908,16.31
2026-02-03T15:00:00Z,1.5872,16.269
2026-02-03T15:15:00Z,1.5909,16.249
2026-02-03T15:30:00Z,1.5977,16.209
2026-02-03T15:45:00Z,1.6004,16.202
2026-02-03T16:00:00Z,1.6062,16.208
2026-02-03T16:15:00Z,1.6036,16.188
2026-02-03T16:30:00Z,1.6066,16.187
2026-02-03T16:45:00Z,1.5952,16.209
2026-02-03T17:00:00Z,1.5976,16.241
2026-02-03T17:15:00Z,1.5934,16.295
2026-02-03T17:30:00Z,1.5905,16.386
2026-02-03T17:45:00Z,1.5965,16.448
2026-02-03T18:00:00Z,1.5996,16.593
2026-02-03T18:15:00Z,1.6006,16.736
2026-02-03T18:30:00Z,1.6003,16.925
2026-02-03T18:45:00Z,1.6006,17.165
2026-02-03T19:00:00Z,1.6049,17.4
2026-02-03T19:15:00Z,1.6022,17.6
2026-02-03T19:30:00Z,1.6102,17.78
2026-02-03T19:45:00Z,1.6054,17.991
2026-02-03T20:00:00Z,1.6098,18.232
2026-02-03T20:15:00Z,1.6092,18.48
2026-02-03T20:30:00Z,1.6096,18.759
2026-02-03T20:45:00Z,1.6137,19.007
2026-02-03T21:00:00Z,1.6106,19.169
2026-02-03T21:15:00Z,1.6074,19.362
2026-02-03T21:30:00Z,1.6082,19.529
2026-02-03T21:45:00Z,1.6052,19.552
2026-02-03T22:00:00Z,1.5976,19.537
2026-02-03T22:15:00Z,1.6086,19.622
2026-02-03T22:30:00Z,1.6075,19.705
2026-02-03T22:45:00Z,1.6056,19.737
2026-02-03T23:00:00Z,1.6044,19.699
2026-02-03T23:15:00Z,1.6045,19.669
2026-02-03T23:30:00Z,1.605,19.652
2026-02-03T23:45:00Z,1.6029,19.589
2026-02-04T00:00:00Z,1.6031,19.467
2026-02-04T00:15:00Z,1.6014,19.451
2026-02-04T00:30:00Z,1.6027,19.383
2026-02-04T00:45:00Z,1.6014,19.362
2026-02-04T01:00:00Z,1.599,19.282
2026-02-04T01:15:00Z,1.5967,19.151
2026-02-04T01:30:00Z,1.599,19.036
2026-02-04T01:45:00Z,1.5958,18.961
2026-02-04T02:00:00Z,1.5959,18.836
2026-02-04T02:15:00Z,1.5949,18.678
2026-02-04T02:30:00Z,1.5932,18.597
2026-02-04T02:45:00Z,1.5943,18.518
2026-02-04T03:00:00Z,1.5965,18.438
2026-02-04T03:15:00Z,1.5933,18.367
2026-02-04T03:30:00Z,1.5964,18.334
2026-02-04T03:45:00Z,1.5956,18.285
2026-02-04T04:00:00Z,1.5992,18.197
2026-02-04T04:15:00Z,1.5968,18.09
2026-02-04T04:30:00Z,1.5938,17.996
2026-02-04T04:45:00Z,1.5931,17.925
2026-02-04T05:00:00Z,1.5922,17.838
2026-02-04T05:15:00Z,1.5915,17.765
2026-02-04T05:30:00Z,1.5962,17.697
2026-02-04T05:45:00Z,1.5955,17.681
2026-02-04T06:00:00Z,1.5936,17.652
2026-02-04T06:15:00Z,1.5969,17.592
2026-02-04T06:30:00Z,1.5936,17.553
2026-02-04T06:45:00Z,1.5936,17.513
2026-02-04T07:00:00Z,1.5914,17.466
2026-02-04T07:15:00Z,1.5961,17.446
2026-02-04T07:30:00Z,1.5934,17.419
2026-02-04T07:45:00Z,1.5906,17.361
2026-02-04T08:00:00Z,1.5924,17.319
2026-02-04T08:15:00Z,1.5881,17.301
2026-02-04T08:30:00Z,1.5947,17.275
2026-02-04T08:45:00Z,1.5935,17.258
2026-02-04T09:00:00Z,1.5952,17.26
2026-02-04T09:15:00Z,1.5927,17.243
2026-02-04T09:30:00Z,1.5926,17.23
2026-02-04T09:45:00Z,1.599,17.194
2026-02-04T10:00:00Z,1.5889,17.145
2026-02-04T10:15:00Z,1.5961,17.056
2026-02-04T10:30:00Z,1.5921,17.015
2026-02-04T10:45:00Z,1.5912,16.985
2026-02-04T11:00:00Z,1.5909,16.926
2026-02-04T11:15:00Z,1.5908,16.877
2026-02-04T11:30:00Z,1.5957,16.836
2026-02-04T11:45:00Z,1.587,16.808
2026-02-04T12:00:00Z,1.5953,16.791
2026-02-04T12:15:00Z,1.5917,16.729
2026-02-04T12:30:00Z,1.59,16.697
2026-02-04T12:45:00Z,1.592,16.691
2026-02-04T13:00:00Z,1.5872,16.661
2026-02-04T13:15:00Z,1.5911,16.619
2026-02-04T13:30:00Z,1.5929,16.583
2026-02-04T13:45:00Z,1.5911,16.564
2026-02-04T14:00:00Z,1.5931,16.552
2026-02-04T14:15:00Z,1.5892,16.522
2026-02-04T14:30:00Z,1.5907,16.489
2026-02-04T14:45:00Z,1.5889,16.455
2026-02-04T15:00:00Z,1.5905,16.419
2026-02-04T15:15:00Z,1.5942,16.432
2026-02-04T15:30:00Z,1.6037,16.451
2026-02-04T15:45:00Z,1.6119,16.443
2026-02-04T16:00:00Z,1.6084,16.461
2026-02-04T16:15:00Z,1.6053,16.418
2026-02-04T16:30:00Z,1.5993,16.413
2026-02-04T16:45:00Z,1.581,16.434
2026-02-04T17:00:00Z,1.5933,16.445
2026-02-04T17:15:00Z,1.596,16.513
2026-02-04T17:30:00Z,1.5988,16.584
2026-02-04T17:45:00Z,1.5952,16.642
2026-02-04T18:00:00Z,1.5959,16.763
2026-02-04T18:15:00Z,1.5987,16.919
2026-02-04T18:30:00Z,1.5948,17.136
2026-02-04T18:45:00Z,1.5998,17.392
2026-02-04T19:00:00Z,1.597,17.621
2026-02-04T19:15:00Z,1.5998,17.844
2026-02-04T19:30:00Z,1.6002,18.045
2026-02-04T19:45:00Z,1.6035,18.203
2026-02-04T20:00:00Z,1.6051,18.331
2026-02-04T20:15:00Z,1.6024,18.515
2026-02-04T20:30:00Z,1.6042,18.782
2026-02-04T20:45:00Z,1.6066,19.028
2026-02-04T21:00:00Z,1.6072,19.317
2026-02-04T21:15:00Z,1.6044,19.559
2026-02-04T21:30:00Z,1.6047,19.827
2026-02-04T21:45:00Z,1.6072,19.931
2026-02-04T22:00:00Z,1.5999,19.964
2026-02-04T22:15:00Z,1.6009,20.057
2026-02-04T22:30:00Z,1.6018,20.113
2026-02-04T22:45:00Z,1.6042,20.114
2026-02-04T23:00:00Z,1.6037,20.075
2026-02-04T23:15:00Z,1.5988,20.104
2026-02-04T23:30:00Z,1.6036,20.211
2026-02-04T23:45:00Z,1.6018,20.172
2026-02-05T00:00:00Z,1.6023,20.087
2026-02-05T00:15:00Z,1.5971,19.961
2026-02-05T00:30:00Z,1.599,19.838
2026-02-05T00:45:00Z,1.5982,19.724
2026-02-05T01:00:00Z,1.5984,19.606
2026-02-05T01:15:00Z,1.5911,19.307
2026-02-05T01:30:00Z,1.5901,19.15
2026-02-05T01:45:00Z,1.59,19.036
2026-02-05T02:00:00Z,1.5877,18.858
2026-02-05T02:15:00Z,1.5883,18.724
2026-02-05T02:30:00Z,1.5923,18.655
2026-02-05T02:45:00Z,1.5927,18.562
2026-02-05T03:00:00Z,1.5934,18.492
2026-02-05T03:15:00Z,1.5901,18.407
2026-02-05T03:30:00Z,1.5912,18.337
2026-02-05T03:45:00Z,1.5904,18.263
2026-02-05T04:00:00Z,1.5932,18.222
2026-02-05T04:15:00Z,1.5906,18.162
2026-02-05T04:30:00Z,1.5896,18.094
2026-02-05T04:45:00Z,1.5922,18.056
2026-02-05T05:00:00Z,1.5909,18.003
2026-02-05T05:15:00Z,1.5895,17.961
2026-02-05T05:30:00Z,1.5905,17.96
2026-02-05T05:45:00Z,1.5915,17.948
2026-02-05T06:00:00Z,1.5894,17.906
2026-02-05T06:15:00Z,1.5918,17.827
2026-02-05T06:30:00Z,1.591,17.815
2026-02-05T06:45:00Z,1.5918,17.766
2026-02-05T07:00:00Z,1.5874,17.701
2026-02-05T07:15:00Z,1.5864,17.619
2026-02-05T07:30:00Z,1.5896,17.569
2026-02-05T07:45:00Z,1.5899,17.504
2026-02-05T08:00:00Z,1.5913,17.458
2026-02-05T08:15:00Z,1.5906,17.408
2026-02-05T08:30:00Z,1.5914,17.36
2026-02-05T08:45:00Z,1.5883,17.349
2026-02-05T09:00:00Z,1.5946,17.32
2026-02-05T09:15:00Z,1.591,17.284
2026-02-05T09:30:00Z,1.5886,17.265
2026-02-05T09:45:00Z,1.5919,17.252
2026-02-05T10:00:00Z,1.5889,17.223
2026-02-05T10:15:00Z,1.5895,17.179
2026-02-05T10:30:00Z,1.5876,17.112
2026-02-05T10:45:00Z,1.5884,17.068
2026-02-05T11:00:00Z,1.5915,17.039
2026-02-05T11:15:00Z,1.5897,17.031
2026-02-05T11:30:00Z,1.5918,17.003
2026-02-05T11:45:00Z,1.5919,16.994
2026-02-05T12:00:00Z,1.5918,16.978
2026-02-05T12:15:00Z,1.59,16.974
2026-02-05T12:30:00Z,1.5889,16.986
2026-02-05T12:45:00Z,1.5912,17.009
2026-02-05T13:00:00Z,1.5909,16.99
2026-02-05T13:15:00Z,1.5904,16.935
2026-02-05T13:30:00Z,1.5864,16.815
2026-02-05T13:45:00Z,1.5894,16.744
2026-02-05T14:00:00Z,1.5909,16.74
2026-02-05T14:15:00Z,1.5916,16.711
2026-02-05T14:30:00Z,1.587,16.697
2026-02-05T14:45:00Z,1.5886,16.687
2026-02-05T15:00:00Z,1.5927,16.681
2026-02-05T15:15:00Z,1.5907,16.605
2026-02-05T15:30:00Z,1.6014,16.572
2026-02-05T15:45:00Z,1.5964,16.539
2026-02-05T16:00:00Z,1.6041,16.529
2026-02-05T16:15:00Z,1.6013,16.54
2026-02-05T16:30:00Z,1.5949,16.564
2026-02-05T16:45:00Z,1.6008,16.603
2026-02-05T17:00:00Z,1.6,16.74
2026-02-05T17:15:00Z,1.6114,16.856
2026-02-05T17:30:00Z,1.6072,16.885
2026-02-05T17:45:00Z,1.6026,16.96
2026-02-05T18:00:00Z,1.5947,17.04
2026-02-05T18:15:00Z,1.6009,17.223
2026-02-05T18:30:00Z,1.6038,17.487
2026-02-05T18:45:00Z,1.5973,17.715
2026-02-05T19:00:00Z,1.5971,17.862
2026-02-05T19:15:00Z,1.5975,17.933
2026-02-05T19:30:00Z,1.6037,18.063
2026-02-05T19:45:00Z,1.6032,18.207
2026-02-05T20:00:00Z,1.5981,18.352
2026-02-05T20:15:00Z,1.6005,18.345
2026-02-05T20:30:00Z,1.5968,18.387
2026-02-05T20:45:00Z,1.5991,18.435
2026-02-05T21:00:00Z,1.5999,18.492
2026-02-05T21:15:00Z,1.5984,18.528
2026-02-05T21:30:00Z,1.5957,18.552
2026-02-05T21:45:00Z,1.5927,18.543
2026-02-05T22:00:00Z,1.599,18.429
2026-02-05T22:15:00Z,1.6009,18.405
2026-02-05T22:30:00Z,1.602,18.365
2026-02-05T22:45:00Z,1.5942,18.325
2026-02-05T23:00:00Z,1.5996,18.326
2026-02-05T23:15:00Z,1.603,18.362
2026-02-05T23:30:00Z,1.6004,18.409
2026-02-05T23:45:00Z,1.6028,18.486
2026-02-06T00:00:00Z,1.5955,18.575
2026-02-06T00:15:00Z,1.591,18.615
2026-02-06T00:30:00Z,1.5929,18.606
2026-02-06T00:45:00Z,1.5905,18.463
2026-02-06T01:00:00Z,1.5932,18.294
2026-02-06T01:15:00Z,1.5916,18.179
2026-02-06T01:30:00Z,1.5923,18.074
2026-02-06T01:45:00Z,1.5939,17.998
2026-02-06T02:00:00Z,1.5898,17.963
2026-02-06T02:15:00Z,1.5913,17.862
2026-02-06T02:30:00Z,1.5891,17.754
2026-02-06T02:45:00Z,1.5883,17.628
2026-02-06T03:00:00Z,1.591,17.485
2026-02-06T03:15:00Z,1.596,17.359
2026-02-06T03:30:00Z,1.5942,17.277
2026-02-06T03:45:00Z,1.5925,17.272
2026-02-06T04:00:00Z,1.5911,17.287
2026-02-06T04:15:00Z,1.5921,17.363
2026-02-06T04:30:00Z,1.592,17.393
2026-02-06T04:45:00Z,1.5882,17.36
2026-02-06T05:00:00Z,1.5917,17.36
2026-02-06T05:15:00Z,1.5925,17.37
2026-02-06T05:30:00Z,1.5905,17.369
2026-02-06T05:45:00Z,1.5934,17.36
2026-02-06T06:00:00Z,1.5945,17.328
2026-02-06T06:15:00Z,1.5917,17.272
2026-02-06T06:30:00Z,1.5898,17.231
2026-02-06T06:45:00Z,1.594,17.239
2026-02-06T07:00:00Z,1.5954,17.248
2026-02-06T07:15:00Z,1.595,17.24
2026-02-06T07:30:00Z,1.5934,17.226
2026-02-06T07:45:00Z,1.5935,17.223
2026-02-06T08:00:00Z,1.5927,17.215
2026-02-06T08:15:00Z,1.5934,17.172
2026-02-06T08:30:00Z,1.5908,17.134
2026-02-06T08:45:00Z,1.5927,17.106
2026-02-06T09:00:00Z,1.5908,17.077
2026-02-06T09:15:00Z,1.5912,17.064
2026-02-06T09:30:00Z,1.5947,17.052
2026-02-06T09:45:00Z,1.5932,17.039
2026-02-06T10:00:00Z,1.5894,17.042
2026-02-06T10:15:00Z,1.5902,17.054
2026-02-06T10:30:00Z,1.5924,17.078
2026-02-06T10:45:00Z,1.5931,17.059
2026-02-06T11:00:00Z,1.5899,17.027
2026-02-06T11:15:00Z,1.5918,17.001
2026-02-06T11:30:00Z,1.5919,16.993
2026-02-06T11:45:00Z,1.5952,16.959
2026-02-06T12:00:00Z,1.5915,16.908
2026-02-06T12:15:00Z,1.5899,16.862
2026-02-06T12:30:00Z,1.5906,16.832
2026-02-06T12:45:00Z,1.5881,16.785
2026-02-06T13:00:00Z,1.5901,16.751
2026-02-06T13:15:00Z,1.59,16.716
2026-02-06T13:30:00Z,1.591,16.69
2026-02-06T13:45:00Z,1.5885,16.686
2026-02-06T14:00:00Z,1.5879,16.654
2026-02-06T14:15:00Z,1.5902,16.628
2026-02-06T14:30:00Z,1.5886,16.616
2026-02-06T14:45:00Z,1.5913,16.639
2026-02-06T15:00:00Z,1.5898,16.63
2026-02-06T15:15:00Z,1.5916,16.642
2026-02-06T15:30:00Z,1.5921,16.7
2026-02-06T15:45:00Z,1.6047,16.73
2026-02-06T16:00:00Z,1.5964,16.77
2026-02-06T16:15:00Z,1.6025,16.79
2026-02-06T16:30:00Z,1.5954,16.827
2026-02-06T16:45:00Z,1.5942,16.879
2026-02-06T17:00:00Z,1.5931,16.948
2026-02-06T17:15:00Z,1.6013,17.001
2026-02-06T17:30:00Z,1.5945,17.024
2026-02-06T17:45:00Z,1.5938,17.055
2026-02-06T18:00:00Z,1.5945,17.096
2026-02-06T18:15:00Z,1.5956,17.179
2026-02-06T18:30:00Z,1.5967,17.239
2026-02-06T18:45:00Z,1.5941,17.281
2026-02-06T19:00:00Z,1.5992,17.392
2026-02-06T19:15:00Z,1.5955,17.55
2026-02-06T19:30:00Z,1.5979,17.706
2026-02-06T19:45:00Z,1.5979,17.819
2026-02-06T20:00:00Z,1.6014,17.913
2026-02-06T20:15:00Z,1.5995,17.909
2026-02-06T20:30:00Z,1.5992,17.971
2026-02-06T20:45:00Z,1.5967,18.032
2026-02-06T21:00:00Z,1.5975,18.017
2026-02-06T21:15:00Z,1.6012,18.041
2026-02-06T21:30:00Z,1.5985,18.024
2026-02-06T21:45:00Z,1.601,18.007
2026-02-06T22:00:00Z,1.5977,18.023
2026-02-06T22:15:00Z,1.5995,18.041
2026-02-06T22:30:00Z,1.5992,18.075
2026-02-06T22:45:00Z,1.5991,18.089
2026-02-06T23:00:00Z,1.598,18.111
2026-02-06T23:15:00Z,1.6012,18.133
2026-02-06T23:30:00Z,1.5997,18.146
2026-02-06T23:45:00Z,1.5986,18.196
2026-02-07T00:00:00Z,1.5991,18.269
2026-02-07T00:15:00Z,1.5985,18.34
2026-02-07T00:30:00Z,1.5934,18.363
2026-02-07T00:45:00Z,1.5956,18.333
2026-02-07T01:00:00Z,1.598,18.28
2026-02-07T01:15:00Z,1.5967,18.197
2026-02-07T01:30:00Z,1.5971,18.102
2026-02-07T01:45:00Z,1.5957,18.036
2026-02-07T02:00:00Z,1.5964,17.994
2026-02-07T02:15:00Z,1.5956,17.959
2026-02-07T02:30:00Z,1.5947,17.934
2026-02-07T02:45:00Z,1.5977,17.918
2026-02-07T03:00:00Z,1.5957,17.898
2026-02-07T03:15:00Z,1.5969,17.901
2026-02-07T03:30:00Z,1.5948,17.889
2026-02-07T03:45:00Z,1.5959,17.874
2026-02-07T04:00:00Z,1.5965,17.858
2026-02-07T04:15:00Z,1.5936,17.823
2026-02-07T04:30:00Z,1.5953,17.795
2026-02-07T04:45:00Z,1.5976,17.761
2026-02-07T05:00:00Z,1.5943,17.737
2026-02-07T05:15:00Z,1.5946,17.703
2026-02-07T05:30:00Z,1.5943,17.659
2026-02-07T05:45:00Z,1.5929,17.613
2026-02-07T06:00:00Z,1.5953,17.585
2026-02-07T06:15:00Z,1.5915,17.559
2026-02-07T06:30:00Z,1.5952,17.535
2026-02-07T06:45:00Z,1.5918,17.498
2026-02-07T07:00:00Z,1.5932,17.462
2026-02-07T07:15:00Z,1.5939,17.455
2026-02-07T07:30:00Z,1.5944,17.429
2026-02-07T07:45:00Z,1.5952,17.399
2026-02-07T08:00:00Z,1.5896,17.366
2026-02-07T08:15:00Z,1.5932,17.351
2026-02-07T08:30:00Z,1.5915,17.328
2026-02-07T08:45:00Z,1.593,17.293
2026-02-07T09:00:00Z,1.5931,17.273
2026-02-07T09:15:00Z,1.5928,17.243
2026-02-07T09:30:00Z,1.5932,17.204
2026-02-07T09:45:00Z,1.5938,17.18
2026-02-07T10:00:00Z,1.5948,17.111
2026-02-07T10:15:00Z,1.5928,17.082
2026-02-07T10:30:00Z,1.5855,17.036
2026-02-07T10:45:00Z,1.5927,16.976
2026-02-07T11:00:00Z,1.5945,16.93
2026-02-07T11:15:00Z,1.5866,16.864
2026-02-07T11:30:00Z,1.5935,16.85
2026-02-07T11:45:00Z,1.5918,16.829
2026-02-07T12:00:00Z,1.5904,16.784
2026-02-07T12:15:00Z,1.5888,16.741
2026-02-07T12:30:00Z,1.5931,16.705
2026-02-07T12:45:00Z,1.5886,16.685
2026-02-07T13:00:00Z,1.5921,16.663
2026-02-07T13:15:00Z,1.5906,16.629
2026-02-07T13:30:00Z,1.5875,16.63
2026-02-07T13:45:00Z,1.5879,16.645
2026-02-07T14:00:00Z,1.5857,16.608
2026-02-07T14:15:00Z,1.5936,16.58
2026-02-07T14:30:00Z,1.5887,16.578
2026-02-07T14:45:00Z,1.5884,16.608
2026-02-07T15:00:00Z,1.59,16.653
2026-02-07T15:15:00Z,1.5895,16.638
2026-02-07T15:30:00Z,1.5926,16.641
2026-02-07T15:45:00Z,1.5997,16.631
2026-02-07T16:00:00Z,1.598,16.591
2026-02-07T16:15:00Z,1.6125,16.651
2026-02-07T16:30:00Z,1.6029,16.739
2026-02-07T16:45:00Z,1.6019,16.807
2026-02-07T17:00:00Z,1.597,16.838
2026-02-07T17:15:00Z,1.598,16.835
2026-02-07T17:30:00Z,1.5948,16.8
2026-02-07T17:45:00Z,1.5935,16.783
2026-02-07T18:00:00Z,1.5981,16.857
2026-02-07T18:15:00Z,1.5981,16.98
2026-02-07T18:30:00Z,1.6013,17.184
2026-02-07T18:45:00Z,1.5993,17.415
2026-02-07T19:00:00Z,1.5992,17.611
2026-02-07T19:15:00Z,1.6016,17.814
2026-02-07T19:30:00Z,1.5993,18.022
2026-02-07T19:45:00Z,1.605,18.198
2026-02-07T20:00:00Z,1.6007,18.337
2026-02-07T20:15:00Z,1.6045,18.449
2026-02-07T20:30:00Z,1.6077,18.636
2026-02-07T20:45:00Z,1.6093,18.827
2026-02-07T21:00:00Z,1.6052,18.96
2026-02-07T21:15:00Z,1.6045,19.026
2026-02-07T21:30:00Z,1.6102,19.135
2026-02-07T21:45:00Z,1.6101,19.375
2026-02-07T22:00:00Z,1.6049,19.59
2026-02-07T22:15:00Z,1.6037,19.585
2026-02-07T22:30:00Z,1.6059,19.607
2026-02-07T22:45:00Z,1.6115,19.634
2026-02-07T23:00:00Z,1.6093,19.731
2026-02-07T23:15:00Z,1.6074,19.807
2026-02-07T23:30:00Z,1.6072,19.814
2026-02-07T23:45:00Z,1.6075,19.781
2026-02-08T00:00:00Z,1.6012,19.787
2026-02-08T00:15:00Z,1.6042,19.761
2026-02-08T00:30:00Z,1.5981,19.729
2026-02-08T00:45:00Z,1.6008,19.634
2026-02-08T01:00:00Z,1.5975,19.474
2026-02-08T01:15:00Z,1.594,19.31
2026-02-08T01:30:00Z,1.5948,19.177
2026-02-08T01:45:00Z,1.5986,19.05
2026-02-08T02:00:00Z,1.5986,18.95
2026-02-08T02:15:00Z,1.6018,18.845
2026-02-08T02:30:00Z,1.5947,18.755
2026-02-08T02:45:00Z,1.595,18.661
2026-02-08T03:00:00Z,1.5933,18.586
2026-02-08T03:15:00Z,1.5943,18.561
2026-02-08T03:30:00Z,1.5968,18.525
2026-02-08T03:45:00Z,1.5935,18.387
2026-02-08T04:00:00Z,1.5967,18.234
2026-02-08T04:15:00Z,1.5944,18.148
2026-02-08T04:30:00Z,1.5981,18.109
2026-02-08T04:45:00Z,1.5959,18.107
2026-02-08T05:00:00Z,1.5941,18.095
2026-02-08T05:15:00Z,1.5961,18.072
2026-02-08T05:30:00Z,1.5942,18.042
2026-02-08T05:45:00Z,1.5961,18.052
2026-02-08T06:00:00Z,1.5933,18.012
2026-02-08T06:15:00Z,1.5915,17.988
2026-02-08T06:30:00Z,1.5922,17.926
2026-02-08T06:45:00Z,1.5942,17.872
2026-02-08T07:00:00Z,1.5892,17.806
2026-02-08T07:15:00Z,1.5976,17.722
2026-02-08T07:30:00Z,1.5915,17.621
2026-02-08T07:45:00Z,1.5955,17.567
2026-02-08T08:00:00Z,1.597,17.531
2026-02-08T08:15:00Z,1.5975,17.511
2026-02-08T08:30:00Z,1.5967,17.5
2026-02-08T08:45:00Z,1.5952,17.477
2026-02-08T09:00:00Z,1.5957,17.474
2026-02-08T09:15:00Z,1.5906,17.489
2026-02-08T09:30:00Z,1.5941,17.459
2026-02-08T09:45:00Z,1.5871,17.439
2026-02-08T10:00:00Z,1.5907,17.363
2026-02-08T10:15:00Z,1.5941,17.321
2026-02-08T10:30:00Z,1.5915,17.303
2026-02-08T10:45:00Z,1.5897,17.275
2026-02-08T11:00:00Z,1.5899,17.246
2026-02-08T11:15:00Z,1.5968,17.215
2026-02-08T11:30:00Z,1.5904,17.142
2026-02-08T11:45:00Z,1.5896,17.148
2026-02-08T12:00:00Z,1.5908,17.143
2026-02-08T12:15:00Z,1.5855,17.1
2026-02-08T12:30:00Z,1.593,17.062
2026-02-08T12:45:00Z,1.5894,16.99
2026-02-08T13:00:00Z,1.5896,16.954
2026-02-08T13:15:00Z,1.5894,16.921
2026-02-08T13:30:00Z,1.5871,16.879
2026-02-08T13:45:00Z,1.5917,16.887
2026-02-08T14:00:00Z,1.5886,16.862
2026-02-08T14:15:00Z,1.5868,16.837
2026-02-08T14:30:00Z,1.5883,16.822
2026-02-08T14:45:00Z,1.5894,16.796
2026-02-08T15:00:00Z,1.5894,16.764
2026-02-08T15:15:00Z,1.598,16.742
2026-02-08T15:30:00Z,1.6074,16.727
2026-02-08T15:45:00Z,1.6094,16.728
2026-02-08T16:00:00Z,1.6044,16.704
2026-02-08T16:15:00Z,1.6027,16.7
2026-02-08T16:30:00Z,1.5951,16.688
2026-02-08T16:45:00Z,1.5894,16.7
2026-02-08T17:00:00Z,1.5884,16.765
2026-02-08T17:15:00Z,1.5942,16.801
2026-02-08T17:30:00Z,1.5968,16.835
2026-02-08T17:45:00Z,1.5951,16.903
2026-02-08T18:00:00Z,1.5915,16.998
2026-02-08T18:15:00Z,1.5974,17.193
2026-02-08T18:30:00Z,1.5978,17.345
2026-02-08T18:45:00Z,1.6019,17.539
2026-02-08T19:00:00Z,1.6001,17.748
2026-02-08T19:15:00Z,1.599,17.922
2026-02-08T19:30:00Z,1.6055,18.088
2026-02-08T19:45:00Z,1.6023,18.287
2026-02-08T20:00:00Z,1.6059,18.547
2026-02-08T20:15:00Z,1.5994,18.763
2026-02-08T20:30:00Z,1.6059,18.918
2026-02-08T20:45:00Z,1.6044,19.074
2026-02-08T21:00:00Z,1.599,19.216
2026-02-08T21:15:00Z,1.6045,19.303
2026-02-08T21:30:00Z,1.6047,19.397
2026-02-08T21:45:00Z,1.6064,19.437
2026-02-08T22:00:00Z,1.6018,19.495
2026-02-08T22:15:00Z,1.6055,19.534
2026-02-08T22:30:00Z,1.6048,19.668
2026-02-08T22:45:00Z,1.6046,19.744
2026-02-08T23:00:00Z,1.6093,19.789
2026-02-08T23:15:00Z,1.6044,19.825
2026-02-08T23:30:00Z,1.6073,19.81
2026-02-08T23:45:00Z,1.6081,19.793
2026-02-09T00:00:00Z,1.6031,19.797
2026-02-09T00:15:00Z,1.6039,19.796
2026-02-09T00:30:00Z,1.6017,19.779
2026-02-09T00:45:00Z,1.6024,19.717
2026-02-09T01:00:00Z,1.5944,19.638
2026-02-09T01:15:00Z,1.5945,19.544
2026-02-09T01:30:00Z,1.5904,19.431
2026-02-09T01:45:00Z,1.5944,19.315
2026-02-09T02:00:00Z,1.5941,19.22
2026-02-09T02:15:00Z,1.5962,19.155
2026-02-09T02:30:00Z,1.5972,19.062
2026-02-09T02:45:00Z,1.5983,18.928
2026-02-09T03:00:00Z,1.5942,18.808
2026-02-09T03:15:00Z,1.5991,18.708
2026-02-09T03:30:00Z,1.596,18.628
2026-02-09T03:45:00Z,1.596,18.538
2026-02-09T04:00:00Z,1.592,18.469
2026-02-09T04:15:00Z,1.592,18.396
2026-02-09T04:30:00Z,1.5942,18.345
2026-02-09T04:45:00Z,1.6016,18.297
2026-02-09T05:00:00Z,1.5946,18.232
2026-02-09T05:15:00Z,1.5885,18.175
2026-02-09T05:30:00Z,1.5939,18.131
2026-02-09T05:45:00Z,1.5931,18.05
2026-02-09T06:00:00Z,1.5968,18.019
2026-02-09T06:15:00Z,1.5976,17.986
2026-02-09T06:30:00Z,1.5942,17.949
2026-02-09T06:45:00Z,1.5976,17.915
2026-02-09T07:00:00Z,1.5937,17.885
2026-02-09T07:15:00Z,1.5974,17.862
2026-02-09T07:30:00Z,1.595,17.839
2026-02-09T07:45:00Z,1.5962,17.809
2026-02-09T08:00:00Z,1.5956,17.769
2026-02-09T08:15:00Z,1.5939,17.747
2026-02-09T08:30:00Z,1.5983,17.739
2026-02-09T08:45:00Z,1.5954,17.736
2026-02-09T09:00:00Z,1.5942,17.723
2026-02-09T09:15:00Z,1.5945,17.69
2026-02-09T09:30:00Z,1.591,17.656
2026-02-09T09:45:00Z,1.595,17.631
2026-02-09T10:00:00Z,1.5939,17.623
2026-02-09T10:15:00Z,1.5937,17.596
2026-02-09T10:30:00Z,1.5912,17.562
2026-02-09T10:45:00Z,1.5902,17.553
2026-02-09T11:00:00Z,1.5959,17.557
2026-02-09T11:15:00Z,1.5889,17.53
2026-02-09T11:30:00Z,1.5943,17.485
2026-02-09T11:45:00Z,1.593,17.448
2026-02-09T12:00:00Z,1.5904,17.427
2026-02-09T12:15:00Z,1.5927,17.389
2026-02-09T12:30:00Z,1.5912,17.357
2026-02-09T12:45:00Z,1.5887,17.317
2026-02-09T13:00:00Z,1.5895,17.303
2026-02-09T13:15:00Z,1.5979,17.282
2026-02-09T13:30:00Z,1.5963,17.238
2026-02-09T13:45:00Z,1.5869,17.233
2026-02-09T14:00:00Z,1.5959,17.217
2026-02-09T14:15:00Z,1.584,17.222
2026-02-09T14:30:00Z,1.5952,17.206
2026-02-09T14:45:00Z,1.5858,17.212
2026-02-09T15:00:00Z,1.5961,17.233
2026-02-09T15:15:00Z,1.592,17.169
2026-02-09T15:30:00Z,1.5948,17.248
2026-02-09T15:45:00Z,1.6077,17.302
2026-02-09T16:00:00Z,1.6071,17.288
2026-02-09T16:15:00Z,1.601,17.244
2026-02-09T16:30:00Z,1.5979,17.23
2026-02-09T16:45:00Z,1.598,17.213
2026-02-09T17:00:00Z,1.5872,17.206
2026-02-09T17:15:00Z,1.5905,17.208
2026-02-09T17:30:00Z,1.5944,17.245
2026-02-09T17:45:00Z,1.5953,17.303
2026-02-09T18:00:00Z,1.5978,17.414
2026-02-09T18:15:00Z,1.5955,17.497
2026-02-09T18:30:00Z,1.6001,17.671
2026-02-09T18:45:00Z,1.6032,17.899
2026-02-09T19:00:00Z,1.5986,18.08
2026-02-09T19:15:00Z,1.5999,18.2
2026-02-09T19:30:00Z,1.6042,18.316
2026-02-09T19:45:00Z,1.6013,18.429
2026-02-09T20:00:00Z,1.6018,18.533
2026-02-09T20:15:00Z,1.5994,18.593
2026-02-09T20:30:00Z,1.6051,18.647
2026-02-09T20:45:00Z,1.5979,18.689
2026-02-09T21:00:00Z,1.6018,18.733
2026-02-09T21:15:00Z,1.6035,18.675
2026-02-09T21:30:00Z,1.6026,18.717
2026-02-09T21:45:00Z,1.6047,18.804
2026-02-09T22:00:00Z,1.6041,18.927
2026-02-09T22:15:00Z,1.5993,18.972
2026-02-09T22:30:00Z,1.5973,18.971
2026-02-09T22:45:00Z,1.5996,18.963
2026-02-09T23:00:00Z,1.6025,18.982
2026-02-09T23:15:00Z,1.6019,18.948
2026-02-09T23:30:00Z,1.603,18.913
2026-02-09T23:45:00Z,1.6012,18.859
2026-02-10T00:00:00Z,1.6026,18.832
2026-02-10T00:15:00Z,1.5996,18.813
2026-02-10T00:30:00Z,1.5995,18.786
2026-02-10T00:45:00Z,1.5992,18.753
2026-02-10T01:00:00Z,1.597,18.656
2026-02-10T01:15:00Z,1.5978,18.602
2026-02-10T01:30:00Z,1.5968,18.561
2026-02-10T01:45:00Z,1.5981,18.538
2026-02-10T02:00:00Z,1.5969,18.512
2026-02-10T02:15:00Z,1.5959,18.516
2026-02-10T02:30:00Z,1.5969,18.437
2026-02-10T02:45:00Z,1.597,18.376
2026-02-10T03:00:00Z,1.5972,18.315
2026-02-10T03:15:00Z,1.598,18.296
2026-02-10T03:30:00Z,1.5974,18.274
2026-02-10T03:45:00Z,1.6018,18.247
2026-02-10T04:00:00Z,1.597,18.218
2026-02-10T04:15:00Z,1.5976,18.178
2026-02-10T04:30:00Z,1.5976,18.126
2026-02-10T04:45:00Z,1.5964,18.08
2026-02-10T05:00:00Z,1.5942,18.019
2026-02-10T05:15:00Z,1.5973,17.979
2026-02-10T05:30:00Z,1.5969,17.924
2026-02-10T05:45:00Z,1.5946,17.869
2026-02-10T06:00:00Z,1.5925,17.843
2026-02-10T06:15:00Z,1.5986,17.784
2026-02-10T06:30:00Z,1.5981,17.766
2026-02-10T06:45:00Z,1.5988,17.746
2026-02-10T07:00:00Z,1.5992,17.728
2026-02-10T07:15:00Z,1.5949,17.677
2026-02-10T07:30:00Z,1.5971,17.653
2026-02-10T07:45:00Z,1.5981,17.638
2026-02-10T08:00:00Z,1.5953,17.621
2026-02-10T08:15:00Z,1.5964,17.607
2026-02-10T08:30:00Z,1.5968,17.624
2026-02-10T08:45:00Z,1.5957,17.601
2026-02-10T09:00:00Z,1.595,17.566
2026-02-10T09:15:00Z,1.598,17.546
2026-02-10T09:30:00Z,1.5974,17.536
2026-02-10T09:45:00Z,1.5949,17.555
2026-02-10T10:00:00Z,1.6015,17.502
2026-02-10T10:15:00Z,1.5975,17.512
2026-02-10T10:30:00Z,1.6014,17.499
2026-02-10T10:45:00Z,1.5982,17.505
2026-02-10T11:00:00Z,1.5975,17.532
2026-02-10T11:15:00Z,1.5995,17.567
2026-02-10T11:30:00Z,1.5944,17.557
2026-02-10T11:45:00Z,1.5999,17.519
2026-02-10T12:00:00Z,1.5959,17.526
2026-02-10T12:15:00Z,1.5966,17.507
2026-02-10T12:30:00Z,1.5987,17.481
2026-02-10T12:45:00Z,1.5953,17.456
2026-02-10T13:00:00Z,1.5976,17.433
2026-02-10T13:15:00Z,1.5946,17.429
2026-02-10T13:30:00Z,1.5989,17.434
2026-02-10T13:45:00Z,1.5948,17.44
2026-02-10T14:00:00Z,1.5973,17.45
2026-02-10T14:15:00Z,1.5997,17.471
2026-02-10T14:30:00Z,1.5967,17.509
2026-02-10T14:45:00Z,1.5963,17.518
2026-02-10T15:00:00Z,1.5942,17.546
2026-02-10T15:15:00Z,1.5968,17.536
2026-02-10T15:30:00Z,1.5929,17.549
2026-02-10T15:45:00Z,1.5944,17.6
2026-02-10T16:00:00Z,1.5971,17.626
2026-02-10T16:15:00Z,1.5959,17.637
2026-02-10T16:30:00Z,1.5974,17.66
2026-02-10T16:45:00Z,1.595,17.682
2026-02-10T17:00:00Z,1.5997,17.693
2026-02-10T17:15:00Z,1.5964,17.726
2026-02-10T17:30:00Z,1.6008,17.782
2026-02-10T17:45:00Z,1.5973,17.842
2026-02-10T18:00:00Z,1.5982,17.894
2026-02-10T18:15:00Z,1.5931,17.937
2026-02-10T18:30:00Z,1.5938,17.953
2026-02-10T18:45:00Z,1.5994,17.966
2026-02-10T19:00:00Z,1.5971,18.008
2026-02-10T19:15:00Z,1.6027,18.02
2026-02-10T19:30:00Z,1.5982,18.09
2026-02-10T19:45:00Z,1.5959,18.218
2026-02-10T20:00:00Z,1.5999,18.259
2026-02-10T20:15:00Z,1.6037,18.307
2026-02-10T20:30:00Z,1.5929,18.348
2026-02-10T20:45:00Z,1.6027,18.346
2026-02-10T21:00:00Z,1.5969,18.362
2026-02-10T21:15:00Z,1.6003,18.414
2026-02-10T21:30:00Z,1.6036,18.482
2026-02-10T21:45:00Z,1.5868,18.576
2026-02-10T22:00:00Z,1.5977,18.618
2026-02-10T22:15:00Z,1.5939,18.64
2026-02-10T22:30:00Z,1.5891,18.761
2026-02-10T22:45:00Z,1.594,18.723
2026-02-10T23:00:00Z,1.5847,18.485
2026-02-10T23:15:00Z,1.5897,18.323
2026-02-10T23:30:00Z,1.5944,18.395
2026-02-10T23:45:00Z,1.5885,18.309
2026-02-11T00:00:00Z,1.5882,18.292
2026-02-11T00:15:00Z,1.5907,18.35
2026-02-11T00:30:00Z,1.5865,18.309
2026-02-11T00:45:00Z,1.5972,18.23
2026-02-11T01:00:00Z,1.572,18.189
2026-02-11T01:15:00Z,1.602,18.186
2026-02-11T01:30:00Z,1.5768,18.136
2026-02-11T01:45:00Z,1.5851,18.093
2026-02-11T02:00:00Z,1.5838,18.075
2026-02-11T02:15:00Z,1.5796,18.033
2026-02-11T02:30:00Z,1.5861,17.999
2026-02-11T02:45:00Z,1.5747,17.888
2026-02-11T03:00:00Z,1.5946,17.855
2026-02-11T03:15:00Z,1.5909,17.693
2026-02-11T03:30:00Z,1.615,17.773
2026-02-11T03:45:00Z,1.615,17.758
2026-02-11T04:00:00Z,1.6152,17.71
2026-02-11T04:15:00Z,1.6641,17.727
2026-02-11T04:30:00Z,1.6323,17.704
2026-02-11T04:45:00Z,1.6789,17.664
2026-02-11T05:00:00Z,1.6539,17.607
2026-02-11T05:15:00Z,1.667,17.639
2026-02-11T05:30:00Z,1.6722,17.672
2026-02-11T05:45:00Z,1.657,17.687
2026-02-11T06:00:00Z,1.6771,17.7
2026-02-11T06:15:00Z,1.6573,17.709
2026-02-11T06:30:00Z,1.6736,17.706
2026-02-11T06:45:00Z,1.662,17.592
2026-02-11T07:00:00Z,1.6656,17.584
2026-02-11T07:15:00Z,1.6616,17.56
2026-02-11T07:30:00Z,1.6624,17.582
2026-02-11T07:45:00Z,1.6703,17.601
2026-02-11T08:00:00Z,1.6625,17.503
2026-02-11T08:15:00Z,1.6666,17.52
2026-02-11T08:30:00Z,1.6602,17.534
2026-02-11T08:45:00Z,1.6653,17.548
2026-02-11T09:00:00Z,1.6659,17.503
2026-02-11T09:15:00Z,1.6642,17.428
2026-02-11T09:30:00Z,1.6671,17.342
2026-02-11T09:45:00Z,1.6662,17.359
2026-02-11T10:00:00Z,1.669,17.295
2026-02-11T10:15:00Z,1.6661,17.252
2026-02-11T10:30:00Z,1.6625,17.242
2026-02-11T10:45:00Z,1.6688,17.172
2026-02-11T11:00:00Z,1.6655,17.152
2026-02-11T11:15:00Z,1.6612,17.138
2026-02-11T11:30:00Z,1.665,17.089
2026-02-11T11:45:00Z,1.6645,17.125
2026-02-11T12:00:00Z,1.6636,16.976
2026-02-11T12:15:00Z,1.6658,16.897
2026-02-11T12:30:00Z,1.6629,16.905
2026-02-11T12:45:00Z,1.6639,16.845
2026-02-11T13:00:00Z,1.6625,16.703
2026-02-11T13:15:00Z,1.6608,16.621
2026-02-11T13:30:00Z,1.6604,16.675
2026-02-11T13:45:00Z,1.6616,16.707
2026-02-11T14:00:00Z,1.6553,16.613
2026-02-11T14:15:00Z,1.6586,16.581
2026-02-11T14:30:00Z,1.6558,16.551
2026-02-11T14:45:00Z,1.658,16.493
2026-02-11T15:00:00Z,1.6537,16.464
2026-02-11T15:15:00Z,1.656,16.465
2026-02-11T15:30:00Z,1.6564,16.294
2026-02-11T15:45:00Z,1.655,16.221
2026-02-11T16:00:00Z,1.6576,16.24
2026-02-11T16:15:00Z,1.6564,16.291
2026-02-11T16:30:00Z,1.6609,16.309
2026-02-11T16:45:00Z,1.6557,16.389
2026-02-11T17:00:00Z,1.6596,16.447
2026-02-11T17:15:00Z,1.6609,16.516
2026-02-11T17:30:00Z,1.6547,16.631
2026-02-11T17:45:00Z,1.662,16.715
2026-02-11T18:00:00Z,1.6596,16.818
2026-02-11T18:15:00Z,1.6624,16.895
2026-02-11T18:30:00Z,1.6608,16.916
2026-02-11T18:45:00Z,1.6625,17.091
2026-02-11T19:00:00Z,1.6642,17.262
2026-02-11T19:15:00Z,1.6596,17.436
2026-02-11T19:30:00Z,1.6646,17.577
2026-02-11T19:45:00Z,1.6639,17.758
2026-02-11T20:00:00Z,1.6667,17.842
2026-02-11T20:15:00Z,1.6665,18.109
2026-02-11T20:30:00Z,1.6642,18.341
2026-02-11T20:45:00Z,1.6688,18.639
2026-02-11T21:00:00Z,1.6636,18.866
2026-02-11T21:15:00Z,1.6646,18.905
2026-02-11T21:30:00Z,1.6674,19.105
2026-02-11T21:45:00Z,1.6636,19.186
2026-02-11T22:00:00Z,1.6635,19.288
2026-02-11T22:15:00Z,1.6658,19.349
2026-02-11T22:30:00Z,1.6646,19.576
2026-02-11T22:45:00Z,1.6661,19.602
2026-02-11T23:00:00Z,1.6623,19.667
2026-02-11T23:15:00Z,1.6617,19.761
2026-02-11T23:30:00Z,1.6625,19.773
2026-02-11T23:45:00Z,1.6606,19.672
2026-02-12T00:00:00Z,1.6598,19.597
2026-02-12T00:15:00Z,1.6609,19.587
2026-02-12T00:30:00Z,1.6598,19.582
2026-02-12T00:45:00Z,1.6585,19.48
2026-02-12T01:00:00Z,1.6576,19.409
2026-02-12T01:15:00Z,1.6539,19.327
2026-02-12T01:30:00Z,1.6474,19.22
2026-02-12T01:45:00Z,1.6488,19.057
2026-02-12T02:00:00Z,1.6497,19.032
2026-02-12T02:15:00Z,1.6484,19.087
2026-02-12T02:30:00Z,1.6531,19.086
2026-02-12T02:45:00Z,1.6504,19.053
2026-02-12T03:00:00Z,1.6452,18.812
2026-02-12T03:15:00Z,1.6473,18.77
2026-02-12T03:30:00Z,1.6473,18.749
2026-02-12T03:45:00Z,1.646,18.607
2026-02-12T04:00:00Z,1.6443,18.487
2026-02-12T04:15:00Z,1.6437,18.376
2026-02-12T04:30:00Z,1.6453,18.353
2026-02-12T04:45:00Z,1.6443,18.288
2026-02-12T05:00:00Z,1.6419,18.2
2026-02-12T05:15:00Z,1.6435,18.173
2026-02-12T05:30:00Z,1.6438,18.174
2026-02-12T05:45:00Z,1.6414,18.152
2026-02-12T06:00:00Z,1.6435,18.159
2026-02-12T06:15:00Z,1.6437,18.134
2026-02-12T06:30:00Z,1.6406,18.105
2026-02-12T06:45:00Z,1.6374,18.041
2026-02-12T07:00:00Z,1.6383,17.977
2026-02-12T07:15:00Z,1.6367,17.92
2026-02-12T07:30:00Z,1.6389,17.849
2026-02-12T07:45:00Z,1.6377,17.783
2026-02-12T08:00:00Z,1.639,17.708
2026-02-12T08:15:00Z,1.6364,17.632
2026-02-12T08:30:00Z,1.6368,17.574
2026-02-12T08:45:00Z,1.6368,17.499
2026-02-12T09:00:00Z,1.636,17.377
2026-02-12T09:15:00Z,1.6356,17.276
2026-02-12T09:30:00Z,1.6347,17.194
2026-02-12T09:45:00Z,1.6335,17.17
2026-02-12T10:00:00Z,1.6331,17.151
2026-02-12T10:15:00Z,1.636,17.118
2026-02-12T10:30:00Z,1.6338,17.088
2026-02-12T10:45:00Z,1.633,17.037
2026-02-12T11:00:00Z,1.6339,17.044
2026-02-12T11:15:00Z,1.6345,17.054
2026-02-12T11:30:00Z,1.6348,17.013
2026-02-12T11:45:00Z,1.6322,16.969
2026-02-12T12:00:00Z,1.6308,16.924
2026-02-12T12:15:00Z,1.6311,16.862
2026-02-12T12:30:00Z,1.6296,16.809
2026-02-12T12:45:00Z,1.6306,16.807
2026-02-12T13:00:00Z,1.6329,16.748
2026-02-12T13:15:00Z,1.6287,16.688
2026-02-12T13:30:00Z,1.6316,16.696
2026-02-12T13:45:00Z,1.632,16.737
2026-02-12T14:00:00Z,1.6323,16.719
2026-02-12T14:15:00Z,1.6313,16.706
2026-02-12T14:30:00Z,1.6303,16.733
2026-02-12T14:45:00Z,1.6316,16.584
2026-02-12T15:00:00Z,1.6267,16.362
2026-02-12T15:15:00Z,1.6346,16.3
2026-02-12T15:30:00Z,1.6459,16.322
2026-02-12T15:45:00Z,1.6473,16.307
2026-02-12T16:00:00Z,1.6414,16.343
2026-02-12T16:15:00Z,1.6444,16.372
2026-02-12T16:30:00Z,1.6393,16.363
2026-02-12T16:45:00Z,1.6364,16.36
2026-02-12T17:00:00Z,1.6343,16.377
2026-02-12T17:15:00Z,1.6387,16.396
2026-02-12T17:30:00Z,1.6404,16.428
2026-02-12T17:45:00Z,1.6402,16.483
2026-02-12T18:00:00Z,1.6405,16.564
2026-02-12T18:15:00Z,1.6373,16.655
2026-02-12T18:30:00Z,1.6431,16.856
2026-02-12T18:45:00Z,1.6388,17.078
2026-02-12T19:00:00Z,1.6413,17.306
2026-02-12T19:15:00Z,1.6406,17.542
2026-02-12T19:30:00Z,1.6416,17.725
2026-02-12T19:45:00Z,1.6405,18.006
2026-02-12T20:00:00Z,1.6425,18.139
2026-02-12T20:15:00Z,1.6415,18.229
2026-02-12T20:30:00Z,1.6425,18.396
2026-02-12T20:45:00Z,1.6418,18.601
2026-02-12T21:00:00Z,1.6428,18.838
2026-02-12T21:15:00Z,1.6422,18.92
2026-02-12T21:30:00Z,1.6429,19.039
2026-02-12T21:45:00Z,1.6424,19.111
2026-02-12T22:00:00Z,1.639,19.082
2026-02-12T22:15:00Z,1.6433,19.105
2026-02-12T22:30:00Z,1.641,19.174
2026-02-12T22:45:00Z,1.6419,19.193
2026-02-12T23:00:00Z,1.6387,19.266
2026-02-12T23:15:00Z,1.6422,19.391
2026-02-12T23:30:00Z,1.6471,19.562
2026-02-12T23:45:00Z,1.6418,19.658
2026-02-13T00:00:00Z,1.6391,19.605
2026-02-13T00:15:00Z,1.6359,19.492
2026-02-13T00:30:00Z,1.6354,19.39
2026-02-13T00:45:00Z,1.636,19.328
2026-02-13T01:00:00Z,1.6348,19.266
2026-02-13T01:15:00Z,1.6295,19.165
2026-02-13T01:30:00Z,1.6289,19.028
2026-02-13T01:45:00Z,1.6272,18.926
2026-02-13T02:00:00Z,1.6301,18.807
2026-02-13T02:15:00Z,1.6242,18.684
2026-02-13T02:30:00Z,1.6278,18.632
2026-02-13T02:45:00Z,1.6275,18.568
2026-02-13T03:00:00Z,1.6262,18.518
2026-02-13T03:15:00Z,1.6275,18.443
2026-02-13T03:30:00Z,1.6265,18.344
2026-02-13T03:45:00Z,1.6264,18.256
2026-02-13T04:00:00Z,1.6284,18.198
2026-02-13T04:15:00Z,1.6249,18.154
2026-02-13T04:30:00Z,1.6271,18.121
2026-02-13T04:45:00Z,1.6242,18.065
2026-02-13T05:00:00Z,1.6246,17.998
2026-02-13T05:15:00Z,1.6246,17.895
2026-02-13T05:30:00Z,1.6238,17.816
2026-02-13T05:45:00Z,1.6237,17.763
2026-02-13T06:00:00Z,1.6228,17.711
2026-02-13T06:15:00Z,1.624,17.65
2026-02-13T06:30:00Z,1.6223,17.585
2026-02-13T06:45:00Z,1.6227,17.537
2026-02-13T07:00:00Z,1.6221,17.466
2026-02-13T07:15:00Z,1.6217,17.421
2026-02-13T07:30:00Z,1.6207,17.387
2026-02-13T07:45:00Z,1.6222,17.345
2026-02-13T08:00:00Z,1.6218,17.334
2026-02-13T08:15:00Z,1.6196,17.259
2026-02-13T08:30:00Z,1.6219,17.212
2026-02-13T08:45:00Z,1.6213,17.167
2026-02-13T09:00:00Z,1.6214,17.137
2026-02-13T09:15:00Z,1.6214,17.127
2026-02-13T09:30:00Z,1.6205,17.062
2026-02-13T09:45:00Z,1.6196,17.022
2026-02-13T10:00:00Z,1.6211,16.968
2026-02-13T10:15:00Z,1.6199,16.951
2026-02-13T10:30:00Z,1.6201,16.928
2026-02-13T10:45:00Z,1.6207,16.901
2026-02-13T11:00:00Z,1.6196,16.888
2026-02-13T11:15:00Z,1.6179,16.868
2026-02-13T11:30:00Z,1.6208,16.83
2026-02-13T11:45:00Z,1.6208,16.793
2026-02-13T12:00:00Z,1.619,16.766
2026-02-13T12:15:00Z,1.6201,16.691
2026-02-13T12:30:00Z,1.621,16.684
2026-02-13T12:45:00Z,1.6186,16.657
2026-02-13T13:00:00Z,1.6193,16.618
2026-02-13T13:15:00Z,1.6149,16.539
2026-02-13T13:30:00Z,1.6211,16.529
2026-02-13T13:45:00Z,1.6207,16.524
2026-02-13T14:00:00Z,1.6172,16.505
2026-02-13T14:15:00Z,1.6187,16.471
2026-02-13T14:30:00Z,1.6202,16.465
2026-02-13T14:45:00Z,1.6129,16.487
2026-02-13T15:00:00Z,1.6194,16.476
2026-02-13T15:15:00Z,1.6265,16.469
2026-02-13T15:30:00Z,1.6309,16.435
2026-02-13T15:45:00Z,1.6335,16.436
2026-02-13T16:00:00Z,1.6332,16.473
2026-02-13T16:15:00Z,1.6304,16.517
2026-02-13T16:30:00Z,1.6238,16.526
2026-02-13T16:45:00Z,1.6244,16.536
2026-02-13T17:00:00Z,1.621,16.495
2026-02-13T17:15:00Z,1.6242,16.553
2026-02-13T17:30:00Z,1.6234,16.643
2026-02-13T17:45:00Z,1.6254,16.761
2026-02-13T18:00:00Z,1.6275,16.907
2026-02-13T18:15:00Z,1.627,17.047
2026-02-13T18:30:00Z,1.6327,17.22
2026-02-13T18:45:00Z,1.6305,17.374
2026-02-13T19:00:00Z,1.6342,17.573
2026-02-13T19:15:00Z,1.6316,17.78
2026-02-13T19:30:00Z,1.6302,17.928
2026-02-13T19:45:00Z,1.6317,18.094
2026-02-13T20:00:00Z,1.63,18.269
2026-02-13T20:15:00Z,1.6331,18.436
2026-02-13T20:30:00Z,1.6287,18.61
2026-02-13T20:45:00Z,1.6289,18.808
2026-02-13T21:00:00Z,1.6351,19.064
2026-02-13T21:15:00Z,1.6356,19.353
2026-02-13T21:30:00Z,1.6351,19.606
2026-02-13T21:45:00Z,1.6326,19.757
2026-02-13T22:00:00Z,1.6306,19.876
2026-02-13T22:15:00Z,1.6335,19.964
2026-02-13T22:30:00Z,1.6359,20.148
2026-02-13T22:45:00Z,1.6354,20.309
2026-02-13T23:00:00Z,1.6307,20.268
2026-02-13T23:15:00Z,1.6309,20.307
2026-02-13T23:30:00Z,1.6315,20.31
2026-02-13T23:45:00Z,1.631,20.191
2026-02-14T00:00:00Z,1.6253,20.107
2026-02-14T00:15:00Z,1.6278,20.042
2026-02-14T00:30:00Z,1.6294,20.058
2026-02-14T00:45:00Z,1.6204,20.217
2026-02-14T01:00:00Z,1.6319,20.297
2026-02-14T01:15:00Z,1.6247,20.252
2026-02-14T01:30:00Z,1.6232,20.1
2026-02-14T01:45:00Z,1.6172,19.855
2026-02-14T02:00:00Z,1.6209,19.613
2026-02-14T02:15:00Z,1.6226,19.375
2026-02-14T02:30:00Z,1.6176,19.186
2026-02-14T02:45:00Z,1.6161,19.031
2026-02-14T03:00:00Z,1.6206,18.941
2026-02-14T03:15:00Z,1.6205,18.797
2026-02-14T03:30:00Z,1.6202,18.665
2026-02-14T03:45:00Z,1.618,18.545
2026-02-14T04:00:00Z,1.6201,18.441
2026-02-14T04:15:00Z,1.6187,18.319
2026-02-14T04:30:00Z,1.6184,18.258
2026-02-14T04:45:00Z,1.6156,18.151
2026-02-14T05:00:00Z,1.6154,18.082
2026-02-14T05:15:00Z,1.6198,18.001
2026-02-14T05:30:00Z,1.6156,17.964
2026-02-14T05:45:00Z,1.6195,17.933
2026-02-14T06:00:00Z,1.6157,17.897
2026-02-14T06:15:00Z,1.6178,17.883
2026-02-14T06:30:00Z,1.6145,17.848
2026-02-14T06:45:00Z,1.6175,17.816
2026-02-14T07:00:00Z,1.6118,17.773
2026-02-14T07:15:00Z,1.6169,17.716
2026-02-14T07:30:00Z,1.6146,17.627
2026-02-14T07:45:00Z,1.6143,17.571
2026-02-14T08:00:00Z,1.6166,17.551
2026-02-14T08:15:00Z,1.6144,17.531
2026-02-14T08:30:00Z,1.6147,17.461
2026-02-14T08:45:00Z,1.6141,17.409
2026-02-14T09:00:00Z,1.6144,17.39
2026-02-14T09:15:00Z,1.6168,17.393
2026-02-14T09:30:00Z,1.6132,17.362
2026-02-14T09:45:00Z,1.6156,17.348
2026-02-14T10:00:00Z,1.6138,17.333
2026-02-14T10:15:00Z,1.619,17.315
2026-02-14T10:30:00Z,1.6192,17.286
2026-02-14T10:45:00Z,1.616,17.298
2026-02-14T11:00:00Z,1.6154,17.304
2026-02-14T11:15:00Z,1.6162,17.302
2026-02-14T11:30:00Z,1.6179,17.289
2026-02-14T11:45:00Z,1.615,17.3
2026-02-14T12:00:00Z,1.6168,17.301
2026-02-14T12:15:00Z,1.6142,17.294
2026-02-14T12:30:00Z,1.6138,17.23
2026-02-14T12:45:00Z,1.6147,17.176
2026-02-14T13:00:00Z,1.6142,17.115
2026-02-14T13:15:00Z,1.6157,17.087
2026-02-14T13:30:00Z,1.6133,17.044
2026-02-14T13:45:00Z,1.6131,17.004
2026-02-14T14:00:00Z,1.6134,16.957
2026-02-14T14:15:00Z,1.6128,16.913
2026-02-14T14:30:00Z,1.6151,16.898
2026-02-14T14:45:00Z,1.6127,16.891
2026-02-14T15:00:00Z,1.6132,16.868
2026-02-14T15:15:00Z,1.6225,16.844
2026-02-14T15:30:00Z,1.6249,16.824
2026-02-14T15:45:00Z,1.6227,16.844
2026-02-14T16:00:00Z,1.6264,16.847
2026-02-14T16:15:00Z,1.6202,16.867
2026-02-14T16:30:00Z,1.6165,16.886
2026-02-14T16:45:00Z,1.6204,16.947
2026-02-14T17:00:00Z,1.6208,16.975
2026-02-14T17:15:00Z,1.6186,17.029
2026-02-14T17:30:00Z,1.6163,17.106
2026-02-14T17:45:00Z,1.6195,17.209
2026-02-14T18:00:00Z,1.6196,17.325
2026-02-14T18:15:00Z,1.6191,17.454
2026-02-14T18:30:00Z,1.6228,17.578
2026-02-14T18:45:00Z,1.6206,17.715
2026-02-14T19:00:00Z,1.6212,17.834
2026-02-14T19:15:00Z,1.6198,17.94
2026-02-14T19:30:00Z,1.6188,18.028
2026-02-14T19:45:00Z,1.6193,18.11
2026-02-14T20:00:00Z,1.6162,18.114
2026-02-14T20:15:00Z,1.6211,18.118
2026-02-14T20:30:00Z,1.6212,18.114
2026-02-14T20:45:00Z,1.6261,18.159
2026-02-14T21:00:00Z,1.6206,18.303
2026-02-14T21:15:00Z,1.6232,18.407
2026-02-14T21:30:00Z,1.6218,18.44
2026-02-14T21:45:00Z,1.6138,18.387
2026-02-14T22:00:00Z,1.6187,18.338
2026-02-14T22:15:00Z,1.6179,18.324
2026-02-14T22:30:00Z,1.6227,18.404
2026-02-14T22:45:00Z,1.6226,18.473
2026-02-14T23:00:00Z,1.6237,18.531
2026-02-14T23:15:00Z,1.6222,18.631
2026-02-14T23:30:00Z,1.6231,18.654
2026-02-14T23:45:00Z,1.6216,18.632
2026-02-15T00:00:00Z,1.6183,18.618
2026-02-15T00:15:00Z,1.6269,18.584
2026-02-15T00:30:00Z,1.6227,18.549
2026-02-15T00:45:00Z,1.624,18.561
2026-02-15T01:00:00Z,1.6198,18.505
2026-02-15T01:15:00Z,1.6201,18.437
2026-02-15T01:30:00Z,1.6192,18.377
2026-02-15T01:45:00Z,1.6178,18.338
2026-02-15T02:00:00Z,1.6178,18.31
2026-02-15T02:15:00Z,1.6194,18.215
2026-02-15T02:30:00Z,1.6181,18.172
2026-02-15T02:45:00Z,1.6179,18.135
2026-02-15T03:00:00Z,1.6192,18.114
2026-02-15T03:15:00Z,1.6193,18.105
2026-02-15T03:30:00Z,1.6186,18.066
2026-02-15T03:45:00Z,1.6167,18.027
2026-02-15T04:00:00Z,1.6179,18.006
2026-02-15T04:15:00Z,1.6173,17.971
2026-02-15T04:30:00Z,1.6165,17.924
2026-02-15T04:45:00Z,1.6188,17.864
2026-02-15T05:00:00Z,1.6165,17.828
2026-02-15T05:15:00Z,1.6174,17.776
2026-02-15T05:30:00Z,1.6191,17.721
2026-02-15T05:45:00Z,1.618,17.632
2026-02-15T06:00:00Z,1.618,17.565
2026-02-15T06:15:00Z,1.6161,17.497
2026-02-15T06:30:00Z,1.6156,17.41
2026-02-15T06:45:00Z,1.6147,17.357
2026-02-15T07:00:00Z,1.6147,17.325
2026-02-15T07:15:00Z,1.6143,17.27
2026-02-15T07:30:00Z,1.616,17.226
2026-02-15T07:45:00Z,1.615,17.162
2026-02-15T08:00:00Z,1.6143,17.108
2026-02-15T08:15:00Z,1.6143,17.12
2026-02-15T08:30:00Z,1.6155,17.181
2026-02-15T08:45:00Z,1.6148,17.19
2026-02-15T09:00:00Z,1.6145,17.198
2026-02-15T09:15:00Z,1.6159,17.172
2026-02-15T09:30:00Z,1.6149,17.162
2026-02-15T09:45:00Z,1.614,17.159
2026-02-15T10:00:00Z,1.6149,17.164
2026-02-15T10:15:00Z,1.6148,17.17
2026-02-15T10:30:00Z,1.6174,17.15
2026-02-15T10:45:00Z,1.6167,17.129
2026-02-15T11:00:00Z,1.6179,17.108
2026-02-15T11:15:00Z,1.613,17.079
2026-02-15T11:30:00Z,1.6163,17.056
2026-02-15T11:45:00Z,1.6137,17.052
2026-02-15T12:00:00Z,1.6135,16.985
2026-02-15T12:15:00Z,1.6138,16.979
2026-02-15T12:30:00Z,1.6134,16.991
2026-02-15T12:45:00Z,1.6163,17.001
2026-02-15T13:00:00Z,1.6143,17.045
2026-02-15T13:15:00Z,1.6138,17.037
2026-02-15T13:30:00Z,1.6163,17.026
2026-02-15T13:45:00Z,1.6145,17.012
2026-02-15T14:00:00Z,1.6154,17.028
2026-02-15T14:15:00Z,1.6127,17.024
2026-02-15T14:30:00Z,1.6139,17.004
2026-02-15T14:45:00Z,1.6149,17
2026-02-15T15:00:00Z,1.6156,17.014
2026-02-15T15:15:00Z,1.6157,17.016
2026-02-15T15:30:00Z,1.6155,17.016
2026-02-15T15:45:00Z,1.6148,17.01
2026-02-15T16:00:00Z,1.6136,17.003
2026-02-15T16:15:00Z,1.6139,16.984
2026-02-15T16:30:00Z,1.6143,16.985
2026-02-15T16:45:00Z,1.6179,17.014
2026-02-15T17:00:00Z,1.6157,17.048
2026-02-15T17:15:00Z,1.6187,17.079
2026-02-15T17:30:00Z,1.6209,17.102
2026-02-15T17:45:00Z,1.6176,17.096
2026-02-15T18:00:00Z,1.6177,17.108
2026-02-15T18:15:00Z,1.624,17.192
2026-02-15T18:30:00Z,1.6146,17.347
2026-02-15T18:45:00Z,1.6173,17.544
2026-02-15T19:00:00Z,1.6179,17.641
2026-02-15T19:15:00Z,1.6171,17.715
2026-02-15T19:30:00Z,1.6192,17.876
2026-02-15T19:45:00Z,1.6197,18.007
2026-02-15T20:00:00Z,1.6209,17.902
2026-02-15T20:15:00Z,1.6196,17.87
2026-02-15T20:30:00Z,1.6206,17.937
2026-02-15T20:45:00Z,1.622,18.035
2026-02-15T21:00:00Z,1.6172,18.072
2026-02-15T21:15:00Z,1.6196,18.125
2026-02-15T21:30:00Z,1.621,18.139
2026-02-15T21:45:00Z,1.6191,18.142
2026-02-15T22:00:00Z,1.6196,18.153
2026-02-15T22:15:00Z,1.6167,18.171
2026-02-15T22:30:00Z,1.616,18.193
2026-02-15T22:45:00Z,1.6197,18.185
2026-02-15T23:00:00Z,1.6157,18.166
2026-02-15T23:15:00Z,1.6169,18.133
2026-02-15T23:30:00Z,1.6157,18.099
2026-02-15T23:45:00Z,1.6172,18.047
2026-02-16T00:00:00Z,1.6141,18.005
2026-02-16T00:15:00Z,1.6128,17.976
2026-02-16T00:30:00Z,1.6143,17.944
2026-02-16T00:45:00Z,1.6123,17.915
2026-02-16T01:00:00Z,1.6137,17.894
2026-02-16T01:15:00Z,1.6124,17.863
2026-02-16T01:30:00Z,1.6131,17.848
2026-02-16T01:45:00Z,1.6109,17.819
2026-02-16T02:00:00Z,1.6124,17.802
2026-02-16T02:15:00Z,1.6141,17.756
2026-02-16T02:30:00Z,1.6115,17.721
2026-02-16T02:45:00Z,1.6146,17.702
2026-02-16T03:00:00Z,1.6153,17.662
2026-02-16T03:15:00Z,1.6134,17.636
2026-02-16T03:30:00Z,1.6131,17.616
2026-02-16T03:45:00Z,1.6107,17.63
2026-02-16T04:00:00Z,1.617,17.602
2026-02-16T04:15:00Z,1.6099,17.566
2026-02-16T04:30:00Z,1.6185,17.537
2026-02-16T04:45:00Z,1.6125,17.528
2026-02-16T05:00:00Z,1.6097,17.512
2026-02-16T05:15:00Z,1.612,17.487
2026-02-16T05:30:00Z,1.61,17.459
2026-02-16T05:45:00Z,1.6133,17.405
2026-02-16T06:00:00Z,1.6103,17.392
2026-02-16T06:15:00Z,1.6112,17.369
2026-02-16T06:30:00Z,1.6163,17.334
2026-02-16T06:45:00Z,1.6173,17.275
2026-02-16T07:00:00Z,1.6094,17.262
2026-02-16T07:15:00Z,1.6085,17.222
2026-02-16T07:30:00Z,1.6124,17.22
2026-02-16T07:45:00Z,1.6079,17.196
2026-02-16T08:00:00Z,1.6108,17.176
2026-02-16T08:15:00Z,1.6106,17.136
2026-02-16T08:30:00Z,1.604,17.065
2026-02-16T08:45:00Z,1.6127,17.065
2026-02-16T09:00:00Z,1.6049,17.06
2026-02-16T09:15:00Z,1.6043,17.071
2026-02-16T09:30:00Z,1.6075,17.051
2026-02-16T09:45:00Z,1.5991,17.042
2026-02-16T10:00:00Z,1.6153,16.964
2026-02-16T10:15:00Z,1.6081,16.938
2026-02-16T10:30:00Z,1.6116,16.914
2026-02-16T10:45:00Z,1.6147,16.843
2026-02-16T11:00:00Z,1.6121,16.829
2026-02-16T11:15:00Z,1.6095,16.82
2026-02-16T11:30:00Z,1.6109,16.772
2026-02-16T11:45:00Z,1.616,16.737
2026-02-16T12:00:00Z,1.6082,16.691
2026-02-16T12:15:00Z,1.6167,16.661
2026-02-16T12:30:00Z,1.611,16.615
2026-02-16T12:45:00Z,1.6012,16.576
2026-02-16T13:00:00Z,1.5953,16.554
2026-02-16T13:15:00Z,1.5979,16.521
2026-02-16T13:30:00Z,1.6101,16.467
2026-02-16T13:45:00Z,1.6026,16.5
2026-02-16T14:00:00Z,1.6083,16.471
2026-02-16T14:15:00Z,1.6196,16.454
2026-02-16T14:30:00Z,1.6077,16.463
2026-02-16T14:45:00Z,1.6122,16.435
2026-02-16T15:00:00Z,1.6079,16.387
2026-02-16T15:15:00Z,1.6102,16.406
2026-02-16T15:30:00Z,1.5947,16.367
2026-02-16T15:45:00Z,1.6166,16.36
2026-02-16T16:00:00Z,1.6024,16.306
2026-02-16T16:15:00Z,1.6393,16.151
2026-02-16T16:30:00Z,1.662,16.161
2026-02-16T16:45:00Z,1.6662,16.157
2026-02-16T17:00:00Z,1.6844,16.204
2026-02-16T17:15:00Z,1.6908,16.161
2026-02-16T17:30:00Z,1.7274,16.122
2026-02-16T17:45:00Z,1.7093,16.165
2026-02-16T18:00:00Z,1.7169,16.196
2026-02-16T18:15:00Z,1.7213,16.183
2026-02-16T18:30:00Z,1.7202,16.202
2026-02-16T18:45:00Z,1.729,16.244
2026-02-16T19:00:00Z,1.7259,16.276
2026-02-16T19:15:00Z,1.7326,16.295
2026-02-16T19:30:00Z,1.7242,16.334
2026-02-16T19:45:00Z,1.7233,16.371
2026-02-16T20:00:00Z,1.7292,16.39
2026-02-16T20:15:00Z,1.7284,16.449
2026-02-16T20:30:00Z,1.7364,16.431
2026-02-16T20:45:00Z,1.7372,16.236
2026-02-16T21:00:00Z,1.7403,16.105
2026-02-16T21:15:00Z,1.7233,16.171
2026-02-16T21:30:00Z,1.7292,16.292
2026-02-16T21:45:00Z,1.7415,16.397
2026-02-16T22:00:00Z,1.7442,16.495
2026-02-16T22:15:00Z,1.7262,16.511
2026-02-16T22:30:00Z,1.7242,16.592
2026-02-16T22:45:00Z,1.7552,16.574
2026-02-16T23:00:00Z,1.7264,16.594
2026-02-16T23:15:00Z,1.754,16.738
2026-02-16T23:30:00Z,1.7178,16.777
2026-02-16T23:45:00Z,1.7603,16.792
2026-02-17T00:00:00Z,1.7179,16.734
2026-02-17T00:15:00Z,1.72,16.687
2026-02-17T00:30:00Z,1.7396,16.716
2026-02-17T00:45:00Z,1.7163,16.689
2026-02-17T01:00:00Z,1.7357,16.632
2026-02-17T01:15:00Z,1.7347,16.632
2026-02-17T01:30:00Z,1.7315,16.564
2026-02-17T01:45:00Z,1.7287,16.389
2026-02-17T02:00:00Z,1.7242,16.252
2026-02-17T02:15:00Z,1.7297,16.091
2026-02-17T02:30:00Z,1.7242,16.032
2026-02-17T02:45:00Z,1.7238,16
2026-02-17T03:00:00Z,1.7194,15.942
2026-02-17T03:15:00Z,1.7242,15.849
2026-02-17T03:30:00Z,1.7208,15.867
2026-02-17T03:45:00Z,1.721,15.848
2026-02-17T04:00:00Z,1.7215,15.885
2026-02-17T04:15:00Z,1.7212,15.887
2026-02-17T04:30:00Z,1.7192,15.888
2026-02-17T04:45:00Z,1.7207,15.858
2026-02-17T05:00:00Z,1.7228,15.807
2026-02-17T05:15:00Z,1.7212,15.806
2026-02-17T05:30:00Z,1.7212,15.874
2026-02-17T05:45:00Z,1.7188,15.871
2026-02-17T06:00:00Z,1.7236,15.77
2026-02-17T06:15:00Z,1.7224,15.754
2026-02-17T06:30:00Z,1.716,15.717
2026-02-17T06:45:00Z,1.7178,15.602
2026-02-17T07:00:00Z,1.7141,15.48
2026-02-17T07:15:00Z,1.7196,15.482
2026-02-17T07:30:00Z,1.7131,15.494
2026-02-17T07:45:00Z,1.7182,15.48
2026-02-17T08:00:00Z,1.7125,15.46
2026-02-17T08:15:00Z,1.715,15.384
2026-02-17T08:30:00Z,1.7155,15.35
2026-02-17T08:45:00Z,1.714,15.346
2026-02-17T09:00:00Z,1.7149,15.342
2026-02-17T09:15:00Z,1.7124,15.329
2026-02-17T09:30:00Z,1.7076,15.339
2026-02-17T09:45:00Z,1.72,15.361
2026-02-17T10:00:00Z,1.714,15.426
2026-02-17T10:15:00Z,1.7138,15.465
2026-02-17T10:30:00Z,1.7179,15.514
2026-02-17T10:45:00Z,1.7222,15.574
2026-02-17T11:00:00Z,1.7241,15.626
2026-02-17T11:15:00Z,1.7212,15.662
2026-02-17T11:30:00Z,1.7249,15.681
2026-02-17T11:45:00Z,1.7219,15.672
2026-02-17T12:00:00Z,1.7224,15.582
2026-02-17T12:15:00Z,1.7201,15.545
2026-02-17T12:30:00Z,1.7268,15.478
2026-02-17T12:45:00Z,1.7228,15.465
2026-02-17T13:00:00Z,1.7187,15.41
2026-02-17T13:15:00Z,1.726,15.164
2026-02-17T13:30:00Z,1.7229,15.094
2026-02-17T13:45:00Z,1.7257,15.075
2026-02-17T14:00:00Z,1.7182,15.202
2026-02-17T14:15:00Z,1.7214,15.176
2026-02-17T14:30:00Z,1.7225,15.096
2026-02-17T14:45:00Z,1.7192,15.044
2026-02-17T15:00:00Z,1.7211,15.068
2026-02-17T15:15:00Z,1.715,15.014
2026-02-17T15:30:00Z,1.721,14.992
2026-02-17T15:45:00Z,1.7207,15
2026-02-17T16:00:00Z,1.7229,15.058
2026-02-17T16:15:00Z,1.7212,15.079
2026-02-17T16:30:00Z,1.7298,15.149
2026-02-17T16:45:00Z,1.7338,15.201
2026-02-17T17:00:00Z,1.7211,15.242
2026-02-17T17:15:00Z,1.7339,15.296
2026-02-17T17:30:00Z,1.7193,15.368
2026-02-17T17:45:00Z,1.7189,15.425
2026-02-17T18:00:00Z,1.7258,15.452
2026-02-17T18:15:00Z,1.7312,15.523
2026-02-17T18:30:00Z,1.73,15.662
2026-02-17T18:45:00Z,1.7326,15.799
2026-02-17T19:00:00Z,1.73,15.838
2026-02-17T19:15:00Z,1.7299,16.039
2026-02-17T19:30:00Z,1.7262,16.225
2026-02-17T19:45:00Z,1.7329,16.33
2026-02-17T20:00:00Z,1.7365,16.451
2026-02-17T20:15:00Z,1.7361,16.622
2026-02-17T20:30:00Z,1.7356,16.79
2026-02-17T20:45:00Z,1.7295,16.915
2026-02-17T21:00:00Z,1.7308,17.16
2026-02-17T21:15:00Z,1.7301,17.277
2026-02-17T21:30:00Z,1.7346,17.495
2026-02-17T21:45:00Z,1.7263,17.509
2026-02-17T22:00:00Z,1.7299,17.29
2026-02-17T22:15:00Z,1.7234,17.166
2026-02-17T22:30:00Z,1.7275,16.973
2026-02-17T22:45:00Z,1.7226,16.894
2026-02-17T23:00:00Z,1.7239,16.806
2026-02-17T23:15:00Z,1.7221,16.63
2026-02-17T23:30:00Z,1.7255,16.502
2026-02-17T23:45:00Z,1.7187,16.411
2026-02-18T00:00:00Z,1.7252,16.445
2026-02-18T00:15:00Z,1.7293,16.516
2026-02-18T00:30:00Z,1.7428,16.491
2026-02-18T00:45:00Z,1.7245,16.474
2026-02-18T01:00:00Z,1.7426,16.459
2026-02-18T01:15:00Z,1.7293,16.366
2026-02-18T01:30:00Z,1.75,16.306
2026-02-18T01:45:00Z,1.7003,16.187
2026-02-18T02:00:00Z,1.7583,16.161
2026-02-18T02:15:00Z,1.7611,16.111
2026-02-18T02:30:00Z,1.7522,16.064
2026-02-18T02:45:00Z,1.7417,16.127
2026-02-18T03:00:00Z,1.7475,16.163
2026-02-18T03:15:00Z,1.789,16.119
2026-02-18T03:30:00Z,1.7584,16.013
2026-02-18T03:45:00Z,1.7688,16.016
2026-02-18T04:00:00Z,1.7561,15.948
2026-02-18T04:15:00Z,1.7703,15.948
2026-02-18T04:30:00Z,1.7877,15.91
2026-02-18T04:45:00Z,1.726,15.916
2026-02-18T05:00:00Z,1.7847,15.962
2026-02-18T05:15:00Z,1.8172,15.886
2026-02-18T05:30:00Z,1.7838,15.814
2026-02-18T05:45:00Z,1.7795,15.786
2026-02-18T06:00:00Z,1.7771,15.735
2026-02-18T06:15:00Z,1.8165,15.765
2026-02-18T06:30:00Z,1.8224,15.773
2026-02-18T06:45:00Z,1.8448,15.751
2026-02-18T07:00:00Z,1.8445,15.779
2026-02-18T07:15:00Z,1.8597,15.558
2026-02-18T07:30:00Z,1.8745,15.397
2026-02-18T07:45:00Z,1.8784,15.478
2026-02-18T08:00:00Z,1.8707,15.452
2026-02-18T08:15:00Z,1.8767,15.348
2026-02-18T08:30:00Z,1.8805,15.315
2026-02-18T08:45:00Z,1.8751,15.299
2026-02-18T09:00:00Z,1.8832,15.324
2026-02-18T09:15:00Z,1.8857,15.164
2026-02-18T09:30:00Z,1.8694,15.132
2026-02-18T09:45:00Z,1.8801,15.325
2026-02-18T10:00:00Z,1.8713,15.206
2026-02-18T10:15:00Z,1.8841,14.895
2026-02-18T10:30:00Z,1.8808,15.026
2026-02-18T10:45:00Z,1.8729,15.074
2026-02-18T11:00:00Z,1.8891,15.077
2026-02-18T11:15:00Z,1.8726,15.021
2026-02-18T11:30:00Z,1.8728,14.831
2026-02-18T11:45:00Z,1.8802,14.692
2026-02-18T12:00:00Z,1.8681,14.824
2026-02-18T12:15:00Z,1.8759,14.741
2026-02-18T12:30:00Z,1.8752,14.534
2026-02-18T12:45:00Z,1.8638,14.316
2026-02-18T13:00:00Z,1.8636,14.216
2026-02-18T13:15:00Z,1.8668,14.304
2026-02-18T13:30:00Z,1.8714,14.308
2026-02-18T13:45:00Z,1.8694,14.32
2026-02-18T14:00:00Z,1.8668,14.332
2026-02-18T14:15:00Z,1.8661,14.339
2026-02-18T14:30:00Z,1.8599,14.314
2026-02-18T14:45:00Z,1.8609,14.244
2026-02-18T15:00:00Z,1.8638,14.204
2026-02-18T15:15:00Z,1.8724,14.15
2026-02-18T15:30:00Z,1.8648,14.102
2026-02-18T15:45:00Z,1.8662,14.083
2026-02-18T16:00:00Z,1.8686,14.097
2026-02-18T16:15:00Z,1.8714,14.108
2026-02-18T16:30:00Z,1.8679,14.039
2026-02-18T16:45:00Z,1.8704,14.026
2026-02-18T17:00:00Z,1.8643,14.002
2026-02-18T17:15:00Z,1.8577,14.04
2026-02-18T17:30:00Z,1.8712,13.981
2026-02-18T17:45:00Z,1.8588,14.013
2026-02-18T18:00:00Z,1.8663,14.075
2026-02-18T18:15:00Z,1.8499,14.204
2026-02-18T18:30:00Z,1.8582,14.343
2026-02-18T18:45:00Z,1.8595,14.545
2026-02-18T19:00:00Z,1.8596,14.772
2026-02-18T19:15:00Z,1.8647,14.984
2026-02-18T19:30:00Z,1.8545,15.148
2026-02-18T19:45:00Z,1.8525,15.337
2026-02-18T20:00:00Z,1.8654,15.539
2026-02-18T20:15:00Z,1.8655,15.723
2026-02-18T20:30:00Z,1.8484,15.947
2026-02-18T20:45:00Z,1.8606,16.135
2026-02-18T21:00:00Z,1.8676,16.323
2026-02-18T21:15:00Z,1.8575,16.453
2026-02-18T21:30:00Z,1.8493,16.593
2026-02-18T21:45:00Z,1.8549,16.749
2026-02-18T22:00:00Z,1.8525,16.784
2026-02-18T22:15:00Z,1.8557,16.825
2026-02-18T22:30:00Z,1.8529,16.76
2026-02-18T22:45:00Z,1.8638,16.804
2026-02-18T23:00:00Z,1.8476,16.791
2026-02-18T23:15:00Z,1.8546,16.792
2026-02-18T23:30:00Z,1.8482,16.76
2026-02-18T23:45:00Z,1.8341,16.698
2026-02-19T00:00:00Z,1.8532,16.556
2026-02-19T00:15:00Z,1.8548,16.561
2026-02-19T00:30:00Z,1.8502,16.508
2026-02-19T00:45:00Z,1.8541,16.343
2026-02-19T01:00:00Z,1.8408,16.228
2026-02-19T01:15:00Z,1.8398,16.11
2026-02-19T01:30:00Z,1.8432,16
2026-02-19T01:45:00Z,1.8405,15.871
2026-02-19T02:00:00Z,1.8401,15.754
2026-02-19T02:15:00Z,1.8388,15.598
2026-02-19T02:30:00Z,1.8378,15.459
2026-02-19T02:45:00Z,1.8337,15.373
2026-02-19T03:00:00Z,1.8386,15.304
2026-02-19T03:15:00Z,1.8374,15.269
2026-02-19T03:30:00Z,1.8335,15.204
2026-02-19T03:45:00Z,1.8323,15.143
2026-02-19T04:00:00Z,1.8291,15.066
2026-02-19T04:15:00Z,1.8285,15.014
2026-02-19T04:30:00Z,1.8307,14.93
2026-02-19T04:45:00Z,1.83,14.867
2026-02-19T05:00:00Z,1.8274,14.85
2026-02-19T05:15:00Z,1.8298,14.819
2026-02-19T05:30:00Z,1.829,14.804
2026-02-19T05:45:00Z,1.8292,14.786
2026-02-19T06:00:00Z,1.8278,14.753
2026-02-19T06:15:00Z,1.826,14.764
2026-02-19T06:30:00Z,1.827,14.769
2026-02-19T06:45:00Z,1.8266,14.772
2026-02-19T07:00:00Z,1.8231,14.791
2026-02-19T07:15:00Z,1.8235,14.759
2026-02-19T07:30:00Z,1.8216,14.755
2026-02-19T07:45:00Z,1.821,14.758
2026-02-19T08:00:00Z,1.8223,14.746
2026-02-19T08:15:00Z,1.8227,14.738
2026-02-19T08:30:00Z,1.819,14.724
2026-02-19T08:45:00Z,1.8179,14.694
2026-02-19T09:00:00Z,1.8189,14.666
2026-02-19T09:15:00Z,1.817,14.648
2026-02-19T09:30:00Z,1.8195,14.627
2026-02-19T09:45:00Z,1.8176,14.636
2026-02-19T10:00:00Z,1.8172,14.624
2026-02-19T10:15:00Z,1.8134,14.616
2026-02-19T10:30:00Z,1.8136,14.577
2026-02-19T10:45:00Z,1.8118,14.539
2026-02-19T11:00:00Z,1.8132,14.515
2026-02-19T11:15:00Z,1.8106,14.455
2026-02-19T11:30:00Z,1.8111,14.428
2026-02-19T11:45:00Z,1.8097,14.418
2026-02-19T12:00:00Z,1.8087,14.411
2026-02-19T12:15:00Z,1.8114,14.387
2026-02-19T12:30:00Z,1.8069,14.374
2026-02-19T12:45:00Z,1.8068,14.357
2026-02-19T13:00:00Z,1.8098,14.324
2026-02-19T13:15:00Z,1.8074,14.298
2026-02-19T13:30:00Z,1.805,14.273
2026-02-19T13:45:00Z,1.8097,14.253
2026-02-19T14:00:00Z,1.8029,14.227
2026-02-19T14:15:00Z,1.8097,14.236
2026-02-19T14:30:00Z,1.8071,14.236
2026-02-19T14:45:00Z,1.8044,14.222
2026-02-19T15:00:00Z,1.8064,14.204
2026-02-19T15:15:00Z,1.8012,14.218
2026-02-19T15:30:00Z,1.8091,14.188
2026-02-19T15:45:00Z,1.8128,14.728
2026-02-19T16:00:00Z,1.8291,15.177
2026-02-19T16:15:00Z,1.8374,15.26
2026-02-19T16:30:00Z,1.873,15.448
2026-02-19T16:45:00Z,1.9076,15.036
2026-02-19T17:00:00Z,1.9402,15.078
2026-02-19T17:15:00Z,2.0086,14.931
2026-02-19T17:30:00Z,2.0403,14.955
2026-02-19T17:45:00Z,2.0627,14.934
2026-02-19T18:00:00Z,2.0552,14.908
2026-02-19T18:15:00Z,2.0732,15.013
2026-02-19T18:30:00Z,2.052,15.012
2026-02-19T18:45:00Z,2.0689,14.971
2026-02-19T19:00:00Z,2.0751,14.944
2026-02-19T19:15:00Z,2.0749,14.965
2026-02-19T19:30:00Z,2.0592,15.12
2026-02-19T19:45:00Z,2.0823,15.332
2026-02-19T20:00:00Z,2.0524,15.442
2026-02-19T20:15:00Z,2.0714,15.519
2026-02-19T20:30:00Z,2.0685,15.528
2026-02-19T20:45:00Z,2.0928,15.455
2026-02-19T21:00:00Z,2.0654,15.327
2026-02-19T21:15:00Z,2.0836,15.371
2026-02-19T21:30:00Z,2.0793,15.442
2026-02-19T21:45:00Z,2.0976,15.522
2026-02-19T22:00:00Z,2.0793,15.66
2026-02-19T22:15:00Z,2.078,15.611
2026-02-19T22:30:00Z,2.0734,15.721
2026-02-19T22:45:00Z,2.0885,15.901
2026-02-19T23:00:00Z,2.0828,15.939
2026-02-19T23:15:00Z,2.0724,15.952
2026-02-19T23:30:00Z,2.0514,15.797
2026-02-19T23:45:00Z,2.0648,15.812
2026-02-20T00:00:00Z,2.0605,15.734
2026-02-20T00:15:00Z,2.0564,15.661
2026-02-20T00:30:00Z,2.0545,15.61
2026-02-20T00:45:00Z,2.0546,15.614
2026-02-20T01:00:00Z,2.058,15.592
2026-02-20T01:15:00Z,2.0607,15.528
2026-02-20T01:30:00Z,2.0448,15.381
2026-02-20T01:45:00Z,2.0663,15.201
2026-02-20T02:00:00Z,2.0528,15.204
2026-02-20T02:15:00Z,2.0589,15.098
2026-02-20T02:30:00Z,2.0618,15.101
2026-02-20T02:45:00Z,2.0591,15.081
2026-02-20T03:00:00Z,2.0642,14.984
2026-02-20T03:15:00Z,2.0412,14.879
2026-02-20T03:30:00Z,2.0534,14.83
2026-02-20T03:45:00Z,2.0527,14.787
2026-02-20T04:00:00Z,2.0551,14.759
2026-02-20T04:15:00Z,2.0444,14.734
2026-02-20T04:30:00Z,2.0539,14.661
2026-02-20T04:45:00Z,2.0466,14.698
2026-02-20T05:00:00Z,2.0448,14.6
2026-02-20T05:15:00Z,2.0455,14.556
2026-02-20T05:30:00Z,2.0414,14.521
2026-02-20T05:45:00Z,2.0409,14.462
2026-02-20T06:00:00Z,2.0425,14.451
2026-02-20T06:15:00Z,2.0384,14.415
2026-02-20T06:30:00Z,2.0367,14.373
2026-02-20T06:45:00Z,2.0341,14.367
2026-02-20T07:00:00Z,2.035,14.353
2026-02-20T07:15:00Z,2.0401,14.318
2026-02-20T07:30:00Z,2.0347,14.272
2026-02-20T07:45:00Z,2.0361,14.271
2026-02-20T08:00:00Z,2.029,14.258
2026-02-20T08:15:00Z,2.0357,14.279
2026-02-20T08:30:00Z,2.0235,14.189
2026-02-20T08:45:00Z,2.0293,13.901
2026-02-20T09:00:00Z,2.0326,13.73
2026-02-20T09:15:00Z,2.0267,13.729
2026-02-20T09:30:00Z,2.0342,13.787
2026-02-20T09:45:00Z,2.0284,13.778
2026-02-20T10:00:00Z,2.0259,13.662
2026-02-20T10:15:00Z,2.0317,13.685
2026-02-20T10:30:00Z,2.02,13.738
2026-02-20T10:45:00Z,2.0296,13.661
2026-02-20T11:00:00Z,2.0171,13.639
2026-02-20T11:15:00Z,2.0257,13.583
2026-02-20T11:30:00Z,2.0189,13.587
2026-02-20T11:45:00Z,2.02,13.606
2026-02-20T12:00:00Z,2.019,13.65
2026-02-20T12:15:00Z,2.0225,13.401
2026-02-20T12:30:00Z,2.0183,13.255
2026-02-20T12:45:00Z,2.0182,13.163
2026-02-20T13:00:00Z,2.0161,13.124
2026-02-20T13:15:00Z,2.0155,13.129
2026-02-20T13:30:00Z,2.0112,13.124
2026-02-20T13:45:00Z,2.0168,13.075
2026-02-20T14:00:00Z,2.0136,13.05
2026-02-20T14:15:00Z,2.0134,13
2026-02-20T14:30:00Z,2.0046,13.027
2026-02-20T14:45:00Z,2.0143,13.058
2026-02-20T15:00:00Z,2.0091,13.113
2026-02-20T15:15:00Z,2.0128,13.139
2026-02-20T15:30:00Z,2.0069,13.228
2026-02-20T15:45:00Z,2.0157,13.341
2026-02-20T16:00:00Z,2.0056,13.478
2026-02-20T16:15:00Z,2.0135,13.596
2026-02-20T16:30:00Z,2.0083,13.668
2026-02-20T16:45:00Z,2.0111,13.712
2026-02-20T17:00:00Z,2.0092,13.712
2026-02-20T17:15:00Z,2.0106,13.742
2026-02-20T17:30:00Z,2.0058,13.756
2026-02-20T17:45:00Z,2.0061,13.762
2026-02-20T18:00:00Z,2.0048,13.75
2026-02-20T18:15:00Z,2.0086,13.753
2026-02-20T18:30:00Z,2.0161,13.846
2026-02-20T18:45:00Z,2.0102,13.91
2026-02-20T19:00:00Z,2.0039,14.094
2026-02-20T19:15:00Z,2.0072,14.395
2026-02-20T19:30:00Z,2.0119,14.497
2026-02-20T19:45:00Z,2.0022,14.666
2026-02-20T20:00:00Z,2.006,14.882
2026-02-20T20:15:00Z,2.0024,15.083
2026-02-20T20:30:00Z,2.0024,15.303
2026-02-20T20:45:00Z,2.0063,15.613
2026-02-20T21:00:00Z,2.0023,15.802
2026-02-20T21:15:00Z,2.0001,15.963
2026-02-20T21:30:00Z,2.0016,15.98
2026-02-20T21:45:00Z,1.9987,16.066
2026-02-20T22:00:00Z,2.0015,16.163
2026-02-20T22:15:00Z,2.0009,16.171
2026-02-20T22:30:00Z,2.0014,16.217
2026-02-20T22:45:00Z,2.002,16.366
2026-02-20T23:00:00Z,1.9993,16.457
2026-02-20T23:15:00Z,2.0009,16.477
2026-02-20T23:30:00Z,1.9949,16.255
2026-02-20T23:45:00Z,1.9929,16.066
2026-02-21T00:00:00Z,1.9924,15.91
2026-02-21T00:15:00Z,1.9918,15.826
2026-02-21T00:30:00Z,1.9932,15.799
2026-02-21T00:45:00Z,1.9917,15.804
2026-02-21T01:00:00Z,1.9925,15.75
2026-02-21T01:15:00Z,1.9905,15.647
2026-02-21T01:30:00Z,1.9823,15.612
2026-02-21T01:45:00Z,1.9793,15.631
2026-02-21T02:00:00Z,1.9788,15.6
2026-02-21T02:15:00Z,1.9809,15.545
2026-02-21T02:30:00Z,1.9813,15.495
2026-02-21T02:45:00Z,1.978,15.414
2026-02-21T03:00:00Z,1.9801,15.284
2026-02-21T03:15:00Z,1.9795,15.034
2026-02-21T03:30:00Z,1.9775,14.794
2026-02-21T03:45:00Z,1.9777,14.846
2026-02-21T04:00:00Z,1.9757,14.81
2026-02-21T04:15:00Z,1.9771,14.753
2026-02-21T04:30:00Z,1.9744,14.711
2026-02-21T04:45:00Z,1.974,14.606
2026-02-21T05:00:00Z,1.9727,14.562
2026-02-21T05:15:00Z,1.9713,14.516
2026-02-21T05:30:00Z,1.9724,14.479
2026-02-21T05:45:00Z,1.9713,14.437
2026-02-21T06:00:00Z,1.971,14.392
2026-02-21T06:15:00Z,1.97,14.371
2026-02-21T06:30:00Z,1.9701,14.347
2026-02-21T06:45:00Z,1.9671,14.319
2026-02-21T07:00:00Z,1.9694,14.287
2026-02-21T07:15:00Z,1.9673,14.265
2026-02-21T07:30:00Z,1.9661,14.213
2026-02-21T07:45:00Z,1.9641,14.168
2026-02-21T08:00:00Z,1.9647,14.079
2026-02-21T08:15:00Z,1.9622,13.976
2026-02-21T08:30:00Z,1.9642,13.913
2026-02-21T08:45:00Z,1.9625,13.848
2026-02-21T09:00:00Z,1.9628,13.854
2026-02-21T09:15:00Z,1.9595,13.804
2026-02-21T09:30:00Z,1.9603,13.732
2026-02-21T09:45:00Z,1.9587,13.707
2026-02-21T10:00:00Z,1.9578,13.677
2026-02-21T10:15:00Z,1.9589,13.688
2026-02-21T10:30:00Z,1.9586,13.687
2026-02-21T10:45:00Z,1.9591,13.711
2026-02-21T11:00:00Z,1.9564,13.674
2026-02-21T11:15:00Z,1.9573,13.653
2026-02-21T11:30:00Z,1.9559,13.617
2026-02-21T11:45:00Z,1.9538,13.582
2026-02-21T12:00:00Z,1.9527,13.55
2026-02-21T12:15:00Z,1.9519,13.504
2026-02-21T12:30:00Z,1.9481,13.473
2026-02-21T12:45:00Z,1.9531,13.44
2026-02-21T13:00:00Z,1.9485,13.377
2026-02-21T13:15:00Z,1.951,13.323
2026-02-21T13:30:00Z,1.9458,13.279
2026-02-21T13:45:00Z,1.9483,13.248
2026-02-21T14:00:00Z,1.946,13.257
2026-02-21T14:15:00Z,1.9491,13.248
2026-02-21T14:30:00Z,1.943,13.219
2026-02-21T14:45:00Z,1.9468,13.188
2026-02-21T15:00:00Z,1.9485,13.175
2026-02-21T15:15:00Z,1.9525,13.158
2026-02-21T15:30:00Z,1.9653,13.099
2026-02-21T15:45:00Z,1.9612,13.046
2026-02-21T16:00:00Z,1.9591,13.041
2026-02-21T16:15:00Z,1.9521,13.065
2026-02-21T16:30:00Z,1.9508,13.105
2026-02-21T16:45:00Z,1.946,13.138
2026-02-21T17:00:00Z,1.9479,13.177
2026-02-21T17:15:00Z,1.9461,13.221
2026-02-21T17:30:00Z,1.9514,13.308
2026-02-21T17:45:00Z,1.9428,13.363
2026-02-21T18:00:00Z,1.9467,13.517
2026-02-21T18:15:00Z,1.9467,13.693
2026-02-21T18:30:00Z,1.9469,13.873
2026-02-21T18:45:00Z,1.9469,14.087
2026-02-21T19:00:00Z,1.9442,14.331
2026-02-21T19:15:00Z,1.9461,14.587
2026-02-21T19:30:00Z,1.9452,14.812
2026-02-21T19:45:00Z,1.9458,15.016
2026-02-21T20:00:00Z,1.9437,15.204
2026-02-21T20:15:00Z,1.9452,15.442
2026-02-21T20:30:00Z,1.9442,15.688
2026-02-21T20:45:00Z,1.9441,15.87
2026-02-21T21:00:00Z,1.9421,15.953
2026-02-21T21:15:00Z,1.9422,16.152
2026-02-21T21:30:00Z,1.9367,16.291
2026-02-21T21:45:00Z,1.9397,16.346
2026-02-21T22:00:00Z,1.9407,16.599
2026-02-21T22:15:00Z,1.9415,16.73
2026-02-21T22:30:00Z,1.9401,16.722
2026-02-21T22:45:00Z,1.9424,16.888
2026-02-21T23:00:00Z,1.9398,17.096
2026-02-21T23:15:00Z,1.9405,17.296
2026-02-21T23:30:00Z,1.9429,17.337
2026-02-21T23:45:00Z,1.9394,17.373
2026-02-22T00:00:00Z,1.9393,17.34
2026-02-22T00:15:00Z,1.9375,17.336
2026-02-22T00:30:00Z,1.9393,17.352
2026-02-22T00:45:00Z,1.9386,17.297
2026-02-22T01:00:00Z,1.9367,17.129
2026-02-22T01:15:00Z,1.9321,17.014
2026-02-22T01:30:00Z,1.9292,16.816
2026-02-22T01:45:00Z,1.9278,16.688
2026-02-22T02:00:00Z,1.9266,16.489
2026-02-22T02:15:00Z,1.9242,16.354
2026-02-22T02:30:00Z,1.9222,16.236
2026-02-22T02:45:00Z,1.9214,16.155
2026-02-22T03:00:00Z,1.9209,16.146
2026-02-22T03:15:00Z,1.9204,16.106
2026-02-22T03:30:00Z,1.9207,16.082
2026-02-22T03:45:00Z,1.9205,16.051
2026-02-22T04:00:00Z,1.9173,15.973
2026-02-22T04:15:00Z,1.9173,15.869
2026-02-22T04:30:00Z,1.9162,15.745
2026-02-22T04:45:00Z,1.9154,15.591
2026-02-22T05:00:00Z,1.916,15.589
2026-02-22T05:15:00Z,1.9164,15.577
2026-02-22T05:30:00Z,1.9141,15.478
2026-02-22T05:45:00Z,1.9147,15.363
2026-02-22T06:00:00Z,1.9158,15.244
2026-02-22T06:15:00Z,1.9154,15.169
2026-02-22T06:30:00Z,1.9133,15.103
2026-02-22T06:45:00Z,1.9139,15.064
2026-02-22T07:00:00Z,1.9106,14.978
2026-02-22T07:15:00Z,1.9122,14.942
2026-02-22T07:30:00Z,1.9099,14.902
2026-02-22T07:45:00Z,1.9112,14.845
2026-02-22T08:00:00Z,1.9082,14.802
2026-02-22T08:15:00Z,1.9089,14.751
2026-02-22T08:30:00Z,1.909,14.694
2026-02-22T08:45:00Z,1.907,14.65
2026-02-22T09:00:00Z,1.9047,14.619
2026-02-22T09:15:00Z,1.9069,14.579
2026-02-22T09:30:00Z,1.9051,14.566
2026-02-22T09:45:00Z,1.9058,14.547
2026-02-22T10:00:00Z,1.903,14.454
2026-02-22T10:15:00Z,1.9051,14.414
2026-02-22T10:30:00Z,1.9016,14.359
2026-02-22T10:45:00Z,1.9042,14.308
2026-02-22T11:00:00Z,1.9003,14.256
2026-02-22T11:15:00Z,1.8991,14.192
2026-02-22T11:30:00Z,1.9002,14.168
2026-02-22T11:45:00Z,1.899,14.155
2026-02-22T12:00:00Z,1.9003,14.113
2026-02-22T12:15:00Z,1.8959,14.073
2026-02-22T12:30:00Z,1.9005,14.008
2026-02-22T12:45:00Z,1.8963,13.946
2026-02-22T13:00:00Z,1.8963,13.94
2026-02-22T13:15:00Z,1.8951,13.9
2026-02-22T13:30:00Z,1.8934,13.855
2026-02-22T13:45:00Z,1.8946,13.829
2026-02-22T14:00:00Z,1.8921,13.844
2026-02-22T14:15:00Z,1.8922,13.84
2026-02-22T14:30:00Z,1.8894,13.761
2026-02-22T14:45:00Z,1.8903,13.723
2026-02-22T15:00:00Z,1.8961,13.679
2026-02-22T15:15:00Z,1.9043,13.635
2026-02-22T15:30:00Z,1.9023,13.649
2026-02-22T15:45:00Z,1.8968,13.612
2026-02-22T16:00:00Z,1.9033,13.629
2026-02-22T16:15:00Z,1.8951,13.649
2026-02-22T16:30:00Z,1.8895,13.642
2026-02-22T16:45:00Z,1.8889,13.652
2026-02-22T17:00:00Z,1.8904,13.697
2026-02-22T17:15:00Z,1.8906,13.735
2026-02-22T17:30:00Z,1.8941,13.819
2026-02-22T17:45:00Z,1.8943,13.945
2026-02-22T18:00:00Z,1.8971,14.131
2026-02-22T18:15:00Z,1.8956,14.343
2026-02-22T18:30:00Z,1.8995,14.557
2026-02-22T18:45:00Z,1.8958,14.721
2026-02-22T19:00:00Z,1.8961,14.91
2026-02-22T19:15:00Z,1.8913,15.127
2026-02-22T19:30:00Z,1.8955,15.424
2026-02-22T19:45:00Z,1.8982,15.711
2026-02-22T20:00:00Z,1.8957,15.858
2026-02-22T20:15:00Z,1.8958,16.038
2026-02-22T20:30:00Z,1.8963,16.309
2026-02-22T20:45:00Z,1.8939,16.483
2026-02-22T21:00:00Z,1.894,16.79
2026-02-22T21:15:00Z,1.8927,16.972
2026-02-22T21:30:00Z,1.8934,17.028
2026-02-22T21:45:00Z,1.8927,17.268
2026-02-22T22:00:00Z,1.8925,17.407
2026-02-22T22:15:00Z,1.8886,17.67
2026-02-22T22:30:00Z,1.8932,17.82
2026-02-22T22:45:00Z,1.8926,17.926
2026-02-22T23:00:00Z,1.8934,18.203
2026-02-22T23:15:00Z,1.8909,18.089
2026-02-22T23:30:00Z,1.8913,18.027
2026-02-22T23:45:00Z,1.8886,18.075
2026-02-23T00:00:00Z,1.8958,18.102
2026-02-23T00:15:00Z,1.8868,17.937
2026-02-23T00:30:00Z,1.8828,17.933
2026-02-23T00:45:00Z,1.8844,17.861
2026-02-23T01:00:00Z,1.883,17.534
2026-02-23T01:15:00Z,1.8837,17.453
2026-02-23T01:30:00Z,1.8827,17.367
2026-02-23T01:45:00Z,1.8806,17.248
2026-02-23T02:00:00Z,1.8761,17.133
2026-02-23T02:15:00Z,1.8778,17.003
2026-02-23T02:30:00Z,1.8751,16.862
2026-02-23T02:45:00Z,1.8758,16.772
2026-02-23T03:00:00Z,1.8731,16.702
2026-02-23T03:15:00Z,1.8742,16.649
2026-02-23T03:30:00Z,1.8714,16.591
2026-02-23T03:45:00Z,1.872,16.532
2026-02-23T04:00:00Z,1.8714,16.565
2026-02-23T04:15:00Z,1.8694,16.416
2026-02-23T04:30:00Z,1.8704,16.34
2026-02-23T04:45:00Z,1.8699,16.345
2026-02-23T05:00:00Z,1.8697,16.333
2026-02-23T05:15:00Z,1.8706,16.308
2026-02-23T05:30:00Z,1.8687,16.272
2026-02-23T05:45:00Z,1.8674,16.205
2026-02-23T06:00:00Z,1.8685,16.083
2026-02-23T06:15:00Z,1.8687,15.986
2026-02-23T06:30:00Z,1.866,15.932
2026-02-23T06:45:00Z,1.8661,15.878
2026-02-23T07:00:00Z,1.8672,15.801
2026-02-23T07:15:00Z,1.8626,15.745
2026-02-23T07:30:00Z,1.8636,15.685
2026-02-23T07:45:00Z,1.8657,15.625
2026-02-23T08:00:00Z,1.8642,15.572
2026-02-23T08:15:00Z,1.8659,15.551
2026-02-23T08:30:00Z,1.8601,15.522
2026-02-23T08:45:00Z,1.864,15.583
2026-02-23T09:00:00Z,1.8617,15.482
2026-02-23T09:15:00Z,1.861,15.413
2026-02-23T09:30:00Z,1.8616,15.363
2026-02-23T09:45:00Z,1.8636,15.322
2026-02-23T10:00:00Z,1.861,15.275
2026-02-23T10:15:00Z,1.8594,15.238
2026-02-23T10:30:00Z,1.8587,15.228
2026-02-23T10:45:00Z,1.8603,15.176
2026-02-23T11:00:00Z,1.8577,15.176
2026-02-23T11:15:00Z,1.8579,15.133
2026-02-23T11:30:00Z,1.8557,15.092
2026-02-23T11:45:00Z,1.8573,15.033
2026-02-23T12:00:00Z,1.8548,15.003
2026-02-23T12:15:00Z,1.8568,14.987
2026-02-23T12:30:00Z,1.8541,14.923
2026-02-23T12:45:00Z,1.8515,14.884
2026-02-23T13:00:00Z,1.8544,14.856
2026-02-23T13:15:00Z,1.851,14.834
2026-02-23T13:30:00Z,1.8532,14.807
2026-02-23T13:45:00Z,1.8498,14.855
2026-02-23T14:00:00Z,1.8524,14.761
2026-02-23T14:15:00Z,1.8494,14.714
2026-02-23T14:30:00Z,1.853,14.703
2026-02-23T14:45:00Z,1.8499,14.686
2026-02-23T15:00:00Z,1.8514,14.67
2026-02-23T15:15:00Z,1.8529,14.67
2026-02-23T15:30:00Z,1.858,14.674
2026-02-23T15:45:00Z,1.8712,14.672
2026-02-23T16:00:00Z,1.8645,14.678
2026-02-23T16:15:00Z,1.8562,14.67
2026-02-23T16:30:00Z,1.8544,14.688
2026-02-23T16:45:00Z,1.8521,14.753
2026-02-23T17:00:00Z,1.8513,14.797
2026-02-23T17:15:00Z,1.8551,14.891
2026-02-23T17:30:00Z,1.8571,15.137
2026-02-23T17:45:00Z,1.8509,15.338
2026-02-23T18:00:00Z,1.8528,15.431
2026-02-23T18:15:00Z,1.8482,15.596
2026-02-23T18:30:00Z,1.85,15.737
2026-02-23T18:45:00Z,1.8551,15.965
2026-02-23T19:00:00Z,1.8538,15.916
2026-02-23T19:15:00Z,1.8507,16.185
2026-02-23T19:30:00Z,1.8468,16.331
2026-02-23T19:45:00Z,1.8537,16.551
2026-02-23T20:00:00Z,1.8528,16.7
2026-02-23T20:15:00Z,1.8521,16.79
2026-02-23T20:30:00Z,1.8481,17.038
2026-02-23T20:45:00Z,1.8467,17.255
2026-02-23T21:00:00Z,1.8487,17.442
2026-02-23T21:15:00Z,1.8491,17.649
2026-02-23T21:30:00Z,1.8517,17.835
2026-02-23T21:45:00Z,1.8527,18.028
2026-02-23T22:00:00Z,1.8486,18.092
2026-02-23T22:15:00Z,1.843,18
2026-02-23T22:30:00Z,1.853,18.245
2026-02-23T22:45:00Z,1.8485,18.315
2026-02-23T23:00:00Z,1.8505,18.434
2026-02-23T23:15:00Z,1.8487,18.588
2026-02-23T23:30:00Z,1.8497,18.671
2026-02-23T23:45:00Z,1.8477,18.765
2026-02-24T00:00:00Z,1.8438,18.725
2026-02-24T00:15:00Z,1.8487,18.657
2026-02-24T00:30:00Z,1.8438,18.664
2026-02-24T00:45:00Z,1.8381,18.527
2026-02-24T01:00:00Z,1.8385,18.36
2026-02-24T01:15:00Z,1.8507,18.27
2026-02-24T01:30:00Z,1.8429,18.272
2026-02-24T01:45:00Z,1.84,18.292
2026-02-24T02:00:00Z,1.8371,18.134
2026-02-24T02:15:00Z,1.8367,17.931
2026-02-24T02:30:00Z,1.8357,17.766
2026-02-24T02:45:00Z,1.8352,17.672
2026-02-24T03:00:00Z,1.8363,17.621
2026-02-24T03:15:00Z,1.8357,17.552
2026-02-24T03:30:00Z,1.8352,17.488
2026-02-24T03:45:00Z,1.8355,17.447
2026-02-24T04:00:00Z,1.8338,17.416
2026-02-24T04:15:00Z,1.8289,17.359
2026-02-24T04:30:00Z,1.8318,17.321
2026-02-24T04:45:00Z,1.8337,17.315
2026-02-24T05:00:00Z,1.8316,17.24
2026-02-24T05:15:00Z,1.8317,17.205
2026-02-24T05:30:00Z,1.8246,17.135
2026-02-24T05:45:00Z,1.8298,17.064
2026-02-24T06:00:00Z,1.8282,17.021
2026-02-24T06:15:00Z,1.828,16.989
2026-02-24T06:30:00Z,1.8282,16.96
2026-02-24T06:45:00Z,1.8303,16.936
2026-02-24T07:00:00Z,1.8295,16.907
2026-02-24T07:15:00Z,1.8265,16.838
2026-02-24T07:30:00Z,1.8254,16.77
2026-02-24T07:45:00Z,1.8235,16.718
2026-02-24T08:00:00Z,1.8249,16.658
2026-02-24T08:15:00Z,1.825,16.634
2026-02-24T08:30:00Z,1.8304,16.613
2026-02-24T08:45:00Z,1.8232,16.595
2026-02-24T09:00:00Z,1.8228,16.557
2026-02-24T09:15:00Z,1.8235,16.52
2026-02-24T09:30:00Z,1.8251,16.482
2026-02-24T09:45:00Z,1.8262,16.528
2026-02-24T10:00:00Z,1.8219,16.469
2026-02-24T10:15:00Z,1.827,16.411
2026-02-24T10:30:00Z,1.8227,16.375
2026-02-24T10:45:00Z,1.8249,16.333
2026-02-24T11:00:00Z,1.818,16.25
2026-02-24T11:15:00Z,1.8226,16.194
2026-02-24T11:30:00Z,1.8198,16.149
2026-02-24T11:45:00Z,1.8188,16.114
2026-02-24T12:00:00Z,1.8159,16.086
2026-02-24T12:15:00Z,1.8169,16.068
2026-02-24T12:30:00Z,1.8177,16.042
2026-02-24T12:45:00Z,1.817,16.018
2026-02-24T13:00:00Z,1.8121,15.989
2026-02-24T13:15:00Z,1.8172,15.956
2026-02-24T13:30:00Z,1.8187,15.937
2026-02-24T13:45:00Z,1.8149,15.919
2026-02-24T14:00:00Z,1.816,15.89
2026-02-24T14:15:00Z,1.8146,15.886
2026-02-24T14:30:00Z,1.8138,15.879
2026-02-24T14:45:00Z,1.8137,15.94
2026-02-24T15:00:00Z,1.8172,15.88
2026-02-24T15:15:00Z,1.8208,15.846
2026-02-24T15:30:00Z,1.8296,15.829
2026-02-24T15:45:00Z,1.825,15.816
2026-02-24T16:00:00Z,1.8238,15.827
2026-02-24T16:15:00Z,1.8148,15.826
2026-02-24T16:30:00Z,1.8135,15.847
2026-02-24T16:45:00Z,1.8145,15.881
2026-02-24T17:00:00Z,1.8148,15.937
2026-02-24T17:15:00Z,1.8127,16.053
2026-02-24T17:30:00Z,1.8126,16.14
2026-02-24T17:45:00Z,1.8128,16.254
2026-02-24T18:00:00Z,1.8128,16.399
2026-02-24T18:15:00Z,1.8115,16.535
2026-02-24T18:30:00Z,1.8135,16.721
2026-02-24T18:45:00Z,1.8115,16.963
2026-02-24T19:00:00Z,1.8082,17.255
2026-02-24T19:15:00Z,1.8107,17.553
2026-02-24T19:30:00Z,1.8127,17.814
2026-02-24T19:45:00Z,1.8122,17.957
2026-02-24T20:00:00Z,1.8122,18.097
2026-02-24T20:15:00Z,1.8096,18.144
2026-02-24T20:30:00Z,1.8083,18.53
2026-02-24T20:45:00Z,1.8087,18.716
2026-02-24T21:00:00Z,1.8106,18.977
2026-02-24T21:15:00Z,1.812,19.059
2026-02-24T21:30:00Z,1.8132,19.127
2026-02-24T21:45:00Z,1.8108,19.225
2026-02-24T22:00:00Z,1.8082,19.323
2026-02-24T22:15:00Z,1.811,19.405
2026-02-24T22:30:00Z,1.8122,19.512
2026-02-24T22:45:00Z,1.8031,19.671
2026-02-24T23:00:00Z,1.8102,19.748
2026-02-24T23:15:00Z,1.817,19.825
2026-02-24T23:30:00Z,1.8071,19.818
2026-02-24T23:45:00Z,1.8029,19.648
2026-02-25T00:00:00Z,1.8062,19.512
2026-02-25T00:15:00Z,1.8093,19.408
2026-02-25T00:30:00Z,1.8095,19.347
2026-02-25T00:45:00Z,1.8033,19.261
2026-02-25T01:00:00Z,1.8063,19.197
2026-02-25T01:15:00Z,1.805,19.172
2026-02-25T01:30:00Z,1.8018,19.069
2026-02-25T01:45:00Z,1.7966,18.907
2026-02-25T02:00:00Z,1.7975,18.769
2026-02-25T02:15:00Z,1.8,18.686
2026-02-25T02:30:00Z,1.7976,18.617
2026-02-25T02:45:00Z,1.7958,18.57
2026-02-25T03:00:00Z,1.8002,18.482
2026-02-25T03:15:00Z,1.8,18.357
2026-02-25T03:30:00Z,1.7968,18.315
2026-02-25T03:45:00Z,1.797,18.298
2026-02-25T04:00:00Z,1.7994,18.243
2026-02-25T04:15:00Z,1.7953,18.179
2026-02-25T04:30:00Z,1.7957,18.117
2026-02-25T04:45:00Z,1.7963,18.064
2026-02-25T05:00:00Z,1.797,18.006
2026-02-25T05:15:00Z,1.7932,17.94
2026-02-25T05:30:00Z,1.7941,17.854
2026-02-25T05:45:00Z,1.7883,17.736
2026-02-25T06:00:00Z,1.7931,17.677
2026-02-25T06:15:00Z,1.7949,17.638
2026-02-25T06:30:00Z,1.7938,17.607
2026-02-25T06:45:00Z,1.7904,17.63
2026-02-25T07:00:00Z,1.7932,17.521
2026-02-25T07:15:00Z,1.7912,17.463
2026-02-25T07:30:00Z,1.7884,17.428
2026-02-25T07:45:00Z,1.7924,17.373
2026-02-25T08:00:00Z,1.7907,17.345
2026-02-25T08:15:00Z,1.7926,17.308
2026-02-25T08:30:00Z,1.7905,17.293
2026-02-25T08:45:00Z,1.786,17.266
2026-02-25T09:00:00Z,1.7903,17.226
2026-02-25T09:15:00Z,1.789,17.16
2026-02-25T09:30:00Z,1.7874,17.113
2026-02-25T09:45:00Z,1.7877,17.095
2026-02-25T10:00:00Z,1.7853,17.069
2026-02-25T10:15:00Z,1.7857,17.081
2026-02-25T10:30:00Z,1.7872,17.068
2026-02-25T10:45:00Z,1.7851,17.039
2026-02-25T11:00:00Z,1.7868,17.011
2026-02-25T11:15:00Z,1.7866,16.997
2026-02-25T11:30:00Z,1.7852,16.96
2026-02-25T11:45:00Z,1.7845,16.914
2026-02-25T12:00:00Z,1.7863,16.939
2026-02-25T12:15:00Z,1.7802,16.903
2026-02-25T12:30:00Z,1.7881,16.84
2026-02-25T12:45:00Z,1.7795,16.798
2026-02-25T13:00:00Z,1.7798,16.78
2026-02-25T13:15:00Z,1.7779,16.744
2026-02-25T13:30:00Z,1.7839,16.759
2026-02-25T13:45:00Z,1.7819,16.791
2026-02-25T14:00:00Z,1.7752,16.769
2026-02-25T14:15:00Z,1.7808,16.784
2026-02-25T14:30:00Z,1.7782,16.781
2026-02-25T14:45:00Z,1.7789,16.771
2026-02-25T15:00:00Z,1.7873,16.748
2026-02-25T15:15:00Z,1.7844,16.708
2026-02-25T15:30:00Z,1.7955,16.664
2026-02-25T15:45:00Z,1.7894,16.652
2026-02-25T16:00:00Z,1.78,16.653
2026-02-25T16:15:00Z,1.7801,16.645
2026-02-25T16:30:00Z,1.7752,16.653
2026-02-25T16:45:00Z,1.7763,16.677
2026-02-25T17:00:00Z,1.7793,16.723
2026-02-25T17:15:00Z,1.7821,16.815
2026-02-25T17:30:00Z,1.7772,16.965
2026-02-25T17:45:00Z,1.7725,17.074
2026-02-25T18:00:00Z,1.782,17.176
2026-02-25T18:15:00Z,1.7808,17.302
2026-02-25T18:30:00Z,1.7799,17.435
2026-02-25T18:45:00Z,1.7766,17.592
2026-02-25T19:00:00Z,1.7798,17.732
2026-02-25T19:15:00Z,1.7733,17.779
2026-02-25T19:30:00Z,1.7774,17.957
2026-02-25T19:45:00Z,1.7789,18.082
2026-02-25T20:00:00Z,1.7774,18.251
2026-02-25T20:15:00Z,1.7804,18.49
2026-02-25T20:30:00Z,1.7794,18.813
2026-02-25T20:45:00Z,1.7752,19.129
2026-02-25T21:00:00Z,1.7736,19.293
2026-02-25T21:15:00Z,1.7785,19.509
2026-02-25T21:30:00Z,1.7742,19.615
2026-02-25T21:45:00Z,1.7761,19.802
2026-02-25T22:00:00Z,1.7755,19.872
2026-02-25T22:15:00Z,1.7738,19.941
2026-02-25T22:30:00Z,1.7732,19.976
2026-02-25T22:45:00Z,1.7701,20.011
2026-02-25T23:00:00Z,1.7679,20.016
2026-02-25T23:15:00Z,1.7703,19.939
2026-02-25T23:30:00Z,1.7693,19.965
2026-02-25T23:45:00Z,1.7727,19.99
2026-02-26T00:00:00Z,1.7719,19.869
2026-02-26T00:15:00Z,1.7708,19.675
2026-02-26T00:30:00Z,1.7654,19.617
2026-02-26T00:45:00Z,1.7668,19.607
2026-02-26T01:00:00Z,1.7696,19.61
2026-02-26T01:15:00Z,1.7659,19.49
2026-02-26T01:30:00Z,1.7671,19.414
2026-02-26T01:45:00Z,1.7654,19.278
2026-02-26T02:00:00Z,1.7639,19.189
2026-02-26T02:15:00Z,1.7648,19.116
2026-02-26T02:30:00Z,1.7646,19.087
2026-02-26T02:45:00Z,1.7639,18.98
2026-02-26T03:00:00Z,1.7668,18.934
2026-02-26T03:15:00Z,1.7649,18.905
2026-02-26T03:30:00Z,1.7671,18.844
2026-02-26T03:45:00Z,1.7654,18.759
2026-02-26T04:00:00Z,1.7615,18.694
2026-02-26T04:15:00Z,1.7664,18.628
2026-02-26T04:30:00Z,1.7641,18.579
2026-02-26T04:45:00Z,1.7654,18.637
2026-02-26T05:00:00Z,1.7637,18.497
2026-02-26T05:15:00Z,1.7603,18.409
2026-02-26T05:30:00Z,1.7641,18.354
2026-02-26T05:45:00Z,1.7592,18.336
2026-02-26T06:00:00Z,1.7597,18.286
2026-02-26T06:15:00Z,1.7578,18.251
2026-02-26T06:30:00Z,1.7589,18.208
2026-02-26T06:45:00Z,1.7596,18.158
2026-02-26T07:00:00Z,1.7568,18.117
2026-02-26T07:15:00Z,1.761,18.043
2026-02-26T07:30:00Z,1.7585,18.004
2026-02-26T07:45:00Z,1.7596,17.962
2026-02-26T08:00:00Z,1.7541,17.941
2026-02-26T08:15:00Z,1.7616,17.907
2026-02-26T08:30:00Z,1.7548,17.893
2026-02-26T08:45:00Z,1.7601,17.9
2026-02-26T09:00:00Z,1.7559,17.868
2026-02-26T09:15:00Z,1.7579,17.847
2026-02-26T09:30:00Z,1.7529,17.848
2026-02-26T09:45:00Z,1.7536,17.891
2026-02-26T10:00:00Z,1.7597,17.867
2026-02-26T10:15:00Z,1.7563,17.913
2026-02-26T10:30:00Z,1.7566,17.825
2026-02-26T10:45:00Z,1.7579,17.772
2026-02-26T11:00:00Z,1.7537,17.717
2026-02-26T11:15:00Z,1.7561,17.699
2026-02-26T11:30:00Z,1.7494,17.663
2026-02-26T11:45:00Z,1.7545,17.623
2026-02-26T12:00:00Z,1.7518,17.599
2026-02-26T12:15:00Z,1.7543,17.563
2026-02-26T12:30:00Z,1.7482,17.543
2026-02-26T12:45:00Z,1.7535,17.548
2026-02-26T13:00:00Z,1.7493,17.537
2026-02-26T13:15:00Z,1.7508,17.521
2026-02-26T13:30:00Z,1.7502,17.48
2026-02-26T13:45:00Z,1.7497,17.462
2026-02-26T14:00:00Z,1.7455,17.417
2026-02-26T14:15:00Z,1.7499,17.36
2026-02-26T14:30:00Z,1.7511,17.326
2026-02-26T14:45:00Z,1.7508,17.292
2026-02-26T15:00:00Z,1.7526,17.23
2026-02-26T15:15:00Z,1.7524,17.248
2026-02-26T15:30:00Z,1.7818,17.229
2026-02-26T15:45:00Z,1.7662,17.299
2026-02-26T16:00:00Z,1.7504,17.272
2026-02-26T16:15:00Z,1.7641,17.26
2026-02-26T16:30:00Z,1.7668,17.257
2026-02-26T16:45:00Z,1.7634,17.273
2026-02-26T17:00:00Z,1.76,17.317
2026-02-26T17:15:00Z,1.7617,17.471
2026-02-26T17:30:00Z,1.7614,17.578
2026-02-26T17:45:00Z,1.7598,17.663
2026-02-26T18:00:00Z,1.759,17.816
2026-02-26T18:15:00Z,1.7513,18.041
2026-02-26T18:30:00Z,1.751,18.202
2026-02-26T18:45:00Z,1.7549,18.372
2026-02-26T19:00:00Z,1.7499,18.531
2026-02-26T19:15:00Z,1.7537,18.759
2026-02-26T19:30:00Z,1.7466,19.067
2026-02-26T19:45:00Z,1.7505,19.512
2026-02-26T20:00:00Z,1.75,19.819
2026-02-26T20:15:00Z,1.7474,20.058
2026-02-26T20:30:00Z,1.744,20.325
2026-02-26T20:45:00Z,1.7484,20.532
2026-02-26T21:00:00Z,1.7418,20.653
2026-02-26T21:15:00Z,1.7422,20.814
2026-02-26T21:30:00Z,1.7441,21.07
2026-02-26T21:45:00Z,1.7481,21.207
2026-02-26T22:00:00Z,1.7428,21.48
2026-02-26T22:15:00Z,1.7438,21.649
2026-02-26T22:30:00Z,1.7386,21.505
2026-02-26T22:45:00Z,1.7366,21.416
2026-02-26T23:00:00Z,1.7402,21.381
2026-02-26T23:15:00Z,1.7405,21.417
2026-02-26T23:30:00Z,1.7368,21.422
2026-02-26T23:45:00Z,1.7395,21.363
2026-02-27T00:00:00Z,1.7346,21.276
2026-02-27T00:15:00Z,1.736,21.149
2026-02-27T00:30:00Z,1.739,20.918
2026-02-27T00:45:00Z,1.727,20.525
2026-02-27T01:00:00Z,1.7278,20.198
2026-02-27T01:15:00Z,1.7264,19.832
2026-02-27T01:30:00Z,1.7271,19.49
2026-02-27T01:45:00Z,1.7301,19.371
2026-02-27T02:00:00Z,1.7285,19.244
2026-02-27T02:15:00Z,1.73,19.264
2026-02-27T02:30:00Z,1.7294,19.427
2026-02-27T02:45:00Z,1.7269,19.452
2026-02-27T03:00:00Z,1.7329,19.475
2026-02-27T03:15:00Z,1.7288,19.457
2026-02-27T03:30:00Z,1.729,19.572
2026-02-27T03:45:00Z,1.7262,19.442
2026-02-27T04:00:00Z,1.7247,19.341
2026-02-27T04:15:00Z,1.725,19.304
2026-02-27T04:30:00Z,1.7301,19.204
2026-02-27T04:45:00Z,1.7238,19.105
2026-02-27T05:00:00Z,1.7183,19.036
2026-02-27T05:15:00Z,1.7229,18.971
2026-02-27T05:30:00Z,1.7221,18.915
2026-02-27T05:45:00Z,1.7227,18.89
2026-02-27T06:00:00Z,1.7216,18.895
2026-02-27T06:15:00Z,1.7218,18.894
2026-02-27T06:30:00Z,1.7179,18.863
2026-02-27T06:45:00Z,1.7212,18.821
2026-02-27T07:00:00Z,1.7183,18.786
2026-02-27T07:15:00Z,1.7173,18.73
2026-02-27T07:30:00Z,1.7149,18.692
2026-02-27T07:45:00Z,1.7148,18.67
2026-02-27T08:00:00Z,1.7164,18.65
2026-02-27T08:15:00Z,1.718,18.623
2026-02-27T08:30:00Z,1.7131,18.588
2026-02-27T08:45:00Z,1.7163,18.564
2026-02-27T09:00:00Z,1.713,18.584
2026-02-27T09:15:00Z,1.7137,18.511
2026-02-27T09:30:00Z,1.7145,18.467
2026-02-27T09:45:00Z,1.7102,18.39
2026-02-27T10:00:00Z,1.7134,18.328
2026-02-27T10:15:00Z,1.7097,18.261
2026-02-27T10:30:00Z,1.7096,18.24
2026-02-27T10:45:00Z,1.7049,18.223
2026-02-27T11:00:00Z,1.712,18.229
2026-02-27T11:15:00Z,1.7073,18.191
2026-02-27T11:30:00Z,1.7096,18.192
2026-02-27T11:45:00Z,1.7075,18.171
2026-02-27T12:00:00Z,1.7067,18.154
2026-02-27T12:15:00Z,1.7045,18.109
2026-02-27T12:30:00Z,1.7076,18.106
2026-02-27T12:45:00Z,1.7055,18.093
2026-02-27T13:00:00Z,1.7049,18.053
2026-02-27T13:15:00Z,1.7086,18.026
2026-02-27T13:30:00Z,1.7051,18.028
2026-02-27T13:45:00Z,1.7041,18.038
2026-02-27T14:00:00Z,1.7014,18.007
2026-02-27T14:15:00Z,1.7025,17.946
2026-02-27T14:30:00Z,1.7026,17.915
2026-02-27T14:45:00Z,1.7004,17.876
2026-02-27T15:00:00Z,1.7177,17.965
2026-02-27T15:15:00Z,1.7171,17.868
2026-02-27T15:30:00Z,1.7213,17.827
2026-02-27T15:45:00Z,1.7229,17.819
2026-02-27T16:00:00Z,1.7301,17.786
2026-02-27T16:15:00Z,1.7106,17.857
2026-02-27T16:30:00Z,1.7107,17.847
2026-02-27T16:45:00Z,1.7183,17.901
2026-02-27T17:00:00Z,1.7176,18.004
2026-02-27T17:15:00Z,1.7097,18.089
2026-02-27T17:30:00Z,1.7125,18.216
2026-02-27T17:45:00Z,1.7094,18.413
2026-02-27T18:00:00Z,1.7103,18.682
2026-02-27T18:15:00Z,1.7091,18.853
2026-02-27T18:30:00Z,1.7042,19.034
2026-02-27T18:45:00Z,1.7051,19.166
2026-02-27T19:00:00Z,1.7028,19.459
2026-02-27T19:15:00Z,1.7054,19.711
2026-02-27T19:30:00Z,1.7006,19.901
2026-02-27T19:45:00Z,1.704,20.139
2026-02-27T20:00:00Z,1.7031,20.277
2026-02-27T20:15:00Z,1.6982,20.502
2026-02-27T20:30:00Z,1.7036,20.818
2026-02-27T20:45:00Z,1.6984,21.087
2026-02-27T21:00:00Z,1.7007,21.081
2026-02-27T21:15:00Z,1.6989,21.332
2026-02-27T21:30:00Z,1.6973,21.579
2026-02-27T21:45:00Z,1.6974,21.687
2026-02-27T22:00:00Z,1.6936,21.829
2026-02-27T22:15:00Z,1.7005,21.864
2026-02-27T22:30:00Z,1.6948,21.835
2026-02-27T22:45:00Z,1.6959,21.833
2026-02-27T23:00:00Z,1.6941,21.975
2026-02-27T23:15:00Z,1.697,22.333
2026-02-27T23:30:00Z,1.6927,22.433
2026-02-27T23:45:00Z,1.6882,22.388
2026-02-28T00:00:00Z,1.6955,22.241
2026-02-28T00:15:00Z,1.694,22.122
2026-02-28T00:30:00Z,1.695,22.084
2026-02-28T00:45:00Z,1.6888,22.01
2026-02-28T01:00:00Z,1.691,21.894
2026-02-28T01:15:00Z,1.6843,21.838
2026-02-28T01:30:00Z,1.6819,21.655
2026-02-28T01:45:00Z,1.6778,21.548
2026-02-28T02:00:00Z,1.6795,21.363
2026-02-28T02:15:00Z,1.6846,21.24
2026-02-28T02:30:00Z,1.6827,21.129
2026-02-28T02:45:00Z,1.6864,21.025
2026-02-28T03:00:00Z,1.6828,20.962
2026-02-28T03:15:00Z,1.685,20.865
2026-02-28T03:30:00Z,1.6815,20.732
2026-02-28T03:45:00Z,1.6826,20.592
2026-02-28T04:00:00Z,1.6826,20.469
2026-02-28T04:15:00Z,1.6787,20.366
2026-02-28T04:30:00Z,1.682,20.286
2026-02-28T04:45:00Z,1.6783,20.293
2026-02-28T05:00:00Z,1.677,20.258
2026-02-28T05:15:00Z,1.678,20.182
2026-02-28T05:30:00Z,1.6783,20.114
2026-02-28T05:45:00Z,1.6773,19.977
2026-02-28T06:00:00Z,1.6765,19.863
2026-02-28T06:15:00Z,1.6752,19.764
2026-02-28T06:30:00Z,1.6759,19.684
2026-02-28T06:45:00Z,1.6766,19.619
2026-02-28T07:00:00Z,1.6743,19.553
2026-02-28T07:15:00Z,1.6751,19.512
2026-02-28T07:30:00Z,1.6727,19.447
2026-02-28T07:45:00Z,1.672,19.393
2026-02-28T08:00:00Z,1.6702,19.346
2026-02-28T08:15:00Z,1.6702,19.326
2026-02-28T08:30:00Z,1.6703,19.292
2026-02-28T08:45:00Z,1.6722,19.299
2026-02-28T09:00:00Z,1.6701,19.224
2026-02-28T09:15:00Z,1.6678,19.086
2026-02-28T09:30:00Z,1.6687,19.084
2026-02-28T09:45:00Z,1.6698,19.027
2026-02-28T10:00:00Z,1.6681,18.995
2026-02-28T10:15:00Z,1.6705,19.073
2026-02-28T10:30:00Z,1.6686,18.911
2026-02-28T10:45:00Z,1.6688,18.857
2026-02-28T11:00:00Z,1.6678,18.788
2026-02-28T11:15:00Z,1.6656,18.768
2026-02-28T11:30:00Z,1.6645,18.714
2026-02-28T11:45:00Z,1.667,18.712
2026-02-28T12:00:00Z,1.6684,18.765
2026-02-28T12:15:00Z,1.6647,18.75
2026-02-28T12:30:00Z,1.6701,18.718
2026-02-28T12:45:00Z,1.6644,18.717
2026-02-28T13:00:00Z,1.6645,18.71
2026-02-28T13:15:00Z,1.6656,18.681
2026-02-28T13:30:00Z,1.6628,18.623
2026-02-28T13:45:00Z,1.6639,18.577
2026-02-28T14:00:00Z,1.6632,18.609
2026-02-28T14:15:00Z,1.6618,18.58
2026-02-28T14:30:00Z,1.6652,18.614
2026-02-28T14:45:00Z,1.6631,18.606
2026-02-28T15:00:00Z,1.6831,18.602
2026-02-28T15:15:00Z,1.6697,18.555
2026-02-28T15:30:00Z,1.6813,18.536
2026-02-28T15:45:00Z,1.6797,18.527
2026-02-28T16:00:00Z,1.6639,18.5
2026-02-28T16:15:00Z,1.6709,18.479
2026-02-28T16:30:00Z,1.6909,18.515
2026-02-28T16:45:00Z,1.6782,18.528
2026-02-28T17:00:00Z,1.6852,18.534
2026-02-28T17:15:00Z,1.6747,18.584
2026-02-28T17:30:00Z,1.6807,18.629
2026-02-28T17:45:00Z,1.676,18.787
2026-02-28T18:00:00Z,1.6775,19.042
2026-02-28T18:15:00Z,1.6738,19.284
2026-02-28T18:30:00Z,1.6707,19.566
2026-02-28T18:45:00Z,1.673,20
2026-02-28T19:00:00Z,1.6657,20.268
2026-02-28T19:15:00Z,1.6722,20.386
2026-02-28T19:30:00Z,1.6641,20.615
2026-02-28T19:45:00Z,1.6638,20.846
2026-02-28T20:00:00Z,1.6634,20.996
2026-02-28T20:15:00Z,1.6644,21.381
2026-02-28T20:30:00Z,1.6666,21.604
2026-02-28T20:45:00Z,1.6666,21.899
2026-02-28T21:00:00Z,1.6554,21.898
2026-02-28T21:15:00Z,1.6608,22.103
2026-02-28T21:30:00Z,1.6653,22.303
2026-02-28T21:45:00Z,1.6611,22.568
2026-02-28T22:00:00Z,1.6612,22.806
2026-02-28T22:15:00Z,1.6643,22.939
2026-02-28T22:30:00Z,1.6602,22.941
2026-02-28T22:45:00Z,1.6609,22.927
2026-02-28T23:00:00Z,1.6583,22.897
2026-02-28T23:15:00Z,1.6613,22.769
2026-02-28T23:30:00Z,1.6584,22.852
2026-02-28T23:45:00Z,1.6585,22.603
2026-03-01T00:00:00Z,1.6568,22.625
2026-03-01T00:15:00Z,1.6609,22.571
2026-03-01T00:30:00Z,1.6544,22.426
2026-03-01T00:45:00Z,1.6536,22.355
2026-03-01T01:00:00Z,1.652,22.228
2026-03-01T01:15:00Z,1.6501,22.056
2026-03-01T01:30:00Z,1.6452,22.014
2026-03-01T01:45:00Z,1.6444,21.842
2026-03-01T02:00:00Z,1.6462,21.579
2026-03-01T02:15:00Z,1.6515,21.55
2026-03-01T02:30:00Z,1.6509,21.433
2026-03-01T02:45:00Z,1.6536,21.397
2026-03-01T03:00:00Z,1.6487,21.276
2026-03-01T03:15:00Z,1.6481,21.178
2026-03-01T03:30:00Z,1.6483,21.1
2026-03-01T03:45:00Z,1.6513,20.962
2026-03-01T04:00:00Z,1.65,20.901
2026-03-01T04:15:00Z,1.6471,20.82
2026-03-01T04:30:00Z,1.6482,20.745
2026-03-01T04:45:00Z,1.6475,20.683
2026-03-01T05:00:00Z,1.6462,20.637
2026-03-01T05:15:00Z,1.6443,20.557
2026-03-01T05:30:00Z,1.6461,20.581
2026-03-01T05:45:00Z,1.645,20.509
2026-03-01T06:00:00Z,1.6453,20.423
2026-03-01T06:15:00Z,1.6449,20.421
2026-03-01T06:30:00Z,1.6454,20.472
2026-03-01T06:45:00Z,1.6449,20.446
2026-03-01T07:00:00Z,1.6444,20.372
2026-03-01T07:15:00Z,1.6412,20.322
2026-03-01T07:30:00Z,1.6444,20.211
2026-03-01T07:45:00Z,1.6399,20.089
2026-03-01T08:00:00Z,1.644,20.124
2026-03-01T08:15:00Z,1.6465,20.052
2026-03-01T08:30:00Z,1.6443,20.007
2026-03-01T08:45:00Z,1.6464,19.911
2026-03-01T09:00:00Z,1.6428,19.876
2026-03-01T09:15:00Z,1.6379,19.698
2026-03-01T09:30:00Z,1.6424,19.617
2026-03-01T09:45:00Z,1.6399,19.602
2026-03-01T10:00:00Z,1.6399,19.505
2026-03-01T10:15:00Z,1.6399,19.486
2026-03-01T10:30:00Z,1.6418,19.447
2026-03-01T10:45:00Z,1.6379,19.392
2026-03-01T11:00:00Z,1.6381,19.34
2026-03-01T11:15:00Z,1.6414,19.297
2026-03-01T11:30:00Z,1.6409,19.245
2026-03-01T11:45:00Z,1.6427,19.217
2026-03-01T12:00:00Z,1.6389,19.163
2026-03-01T12:15:00Z,1.6384,19.136
2026-03-01T12:30:00Z,1.6374,19.061
2026-03-01T12:45:00Z,1.6362,19.03
2026-03-01T13:00:00Z,1.6365,18.993
2026-03-01T13:15:00Z,1.6356,18.948
2026-03-01T13:30:00Z,1.635,18.893
2026-03-01T13:45:00Z,1.6324,18.871
2026-03-01T14:00:00Z,1.6341,18.837
2026-03-01T14:15:00Z,1.6352,18.784
2026-03-01T14:30:00Z,1.6376,18.768
2026-03-01T14:45:00Z,1.6379,18.755
2026-03-01T15:00:00Z,1.6513,18.792
2026-03-01T15:15:00Z,1.6621,18.828
2026-03-01T15:30:00Z,1.6535,18.763
2026-03-01T15:45:00Z,1.6545,18.72
2026-03-01T16:00:00Z,1.654,18.715
2026-03-01T16:15:00Z,1.6515,18.76
2026-03-01T16:30:00Z,1.6471,18.793
2026-03-01T16:45:00Z,1.648,18.762
2026-03-01T17:00:00Z,1.6484,18.736
2026-03-01T17:15:00Z,1.6398,18.707
2026-03-01T17:30:00Z,1.6491,18.868
2026-03-01T17:45:00Z,1.6484,18.987
2026-03-01T18:00:00Z,1.6437,19.026
2026-03-01T18:15:00Z,1.6504,19.215
2026-03-01T18:30:00Z,1.6441,19.381
2026-03-01T18:45:00Z,1.6479,19.737
2026-03-01T19:00:00Z,1.6423,19.945
2026-03-01T19:15:00Z,1.6441,20.196
2026-03-01T19:30:00Z,1.6435,20.358
2026-03-01T19:45:00Z,1.6407,20.476
2026-03-01T20:00:00Z,1.6416,20.543
2026-03-01T20:15:00Z,1.6448,20.858
2026-03-01T20:30:00Z,1.6438,20.991
2026-03-01T20:45:00Z,1.6405,21.204
2026-03-01T21:00:00Z,1.6483,21.419
2026-03-01T21:15:00Z,1.6381,21.666
2026-03-01T21:30:00Z,1.6402,21.794
2026-03-01T21:45:00Z,1.6424,21.866
2026-03-01T22:00:00Z,1.646,22.022
2026-03-01T22:15:00Z,1.6474,22.172
2026-03-01T22:30:00Z,1.6405,22.323
2026-03-01T22:45:00Z,1.6416,22.315
2026-03-01T23:00:00Z,1.6371,22.271
2026-03-01T23:15:00Z,1.6411,22.163
2026-03-01T23:30:00Z,1.6389,22.136
2026-03-01T23:45:00Z,1.6426,22.08
2026-03-02T00:00:00Z,1.6389,21.96
2026-03-02T00:15:00Z,1.6371,21.932
2026-03-02T00:30:00Z,1.6307,21.885
2026-03-02T00:45:00Z,1.6325,21.741
2026-03-02T01:00:00Z,1.6333,21.679
2026-03-02T01:15:00Z,1.6436,21.64
2026-03-02T01:30:00Z,1.6359,21.542
2026-03-02T01:45:00Z,1.6359,21.383
2026-03-02T02:00:00Z,1.6428,21.252
2026-03-02T02:15:00Z,1.6367,21.196
2026-03-02T02:30:00Z,1.6406,21.199
2026-03-02T02:45:00Z,1.6335,21.288
2026-03-02T03:00:00Z,1.6303,21.173
2026-03-02T03:15:00Z,1.6371,21.269
2026-03-02T03:30:00Z,1.6334,20.954
2026-03-02T03:45:00Z,1.6329,20.797
2026-03-02T04:00:00Z,1.6247,20.625
2026-03-02T04:15:00Z,1.6315,20.687
2026-03-02T04:30:00Z,1.6333,20.572
2026-03-02T04:45:00Z,1.629,20.401
2026-03-02T05:00:00Z,1.6301,20.293
2026-03-02T05:15:00Z,1.6304,20.252
2026-03-02T05:30:00Z,1.6329,20.247
2026-03-02T05:45:00Z,1.6297,20.137
2026-03-02T06:00:00Z,1.6316,20.031
2026-03-02T06:15:00Z,1.635,20.347
2026-03-02T06:30:00Z,1.6262,19.934
2026-03-02T06:45:00Z,1.6263,19.705
2026-03-02T07:00:00Z,1.6249,19.652
2026-03-02T07:15:00Z,1.627,19.615
2026-03-02T07:30:00Z,1.6247,19.613
2026-03-02T07:45:00Z,1.6269,19.541
2026-03-02T08:00:00Z,1.6239,19.5
2026-03-02T08:15:00Z,1.6243,19.413
2026-03-02T08:30:00Z,1.6254,19.372
2026-03-02T08:45:00Z,1.6212,19.371
2026-03-02T09:00:00Z,1.6238,19.366
2026-03-02T09:15:00Z,1.6223,19.289
2026-03-02T09:30:00Z,1.6231,19.487
2026-03-02T09:45:00Z,1.6211,19.538
2026-03-02T10:00:00Z,1.6199,19.37
2026-03-02T10:15:00Z,1.6215,19.258
2026-03-02T10:30:00Z,1.6225,19.094
2026-03-02T10:45:00Z,1.6193,19.108
2026-03-02T11:00:00Z,1.6216,19.044
2026-03-02T11:15:00Z,1.6203,19.02
2026-03-02T11:30:00Z,1.6219,19.02
2026-03-02T11:45:00Z,1.6247,18.966
2026-03-02T12:00:00Z,1.6225,18.808
2026-03-02T12:15:00Z,1.6252,18.845
2026-03-02T12:30:00Z,1.6218,18.922
2026-03-02T12:45:00Z,1.6229,18.828
2026-03-02T13:00:00Z,1.6169,18.832
2026-03-02T13:15:00Z,1.6172,18.752
2026-03-02T13:30:00Z,1.6234,18.694
2026-03-02T13:45:00Z,1.6208,18.681
2026-03-02T14:00:00Z,1.6203,18.697
2026-03-02T14:15:00Z,1.6191,18.746
2026-03-02T14:30:00Z,1.6201,18.625
2026-03-02T14:45:00Z,1.6227,18.521
2026-03-02T15:00:00Z,1.6298,18.45
2026-03-02T15:15:00Z,1.6445,18.447
2026-03-02T15:30:00Z,1.6431,18.372
2026-03-02T15:45:00Z,1.6318,18.515
2026-03-02T16:00:00Z,1.6245,18.465
2026-03-02T16:15:00Z,1.635,18.291
2026-03-02T16:30:00Z,1.635,18.44
2026-03-02T16:45:00Z,1.6324,18.418
2026-03-02T17:00:00Z,1.6295,18.488
2026-03-02T17:15:00Z,1.6325,18.597
2026-03-02T17:30:00Z,1.6307,18.696
2026-03-02T17:45:00Z,1.627,18.694
2026-03-02T18:00:00Z,1.6276,18.797
2026-03-02T18:15:00Z,1.6296,19.084
2026-03-02T18:30:00Z,1.6217,19.21
2026-03-02T18:45:00Z,1.6257,19.386
2026-03-02T19:00:00Z,1.6212,19.652
2026-03-02T19:15:00Z,1.6223,19.905
2026-03-02T19:30:00Z,1.6211,20.162
2026-03-02T19:45:00Z,1.6218,20.47
2026-03-02T20:00:00Z,1.6209,20.632
2026-03-02T20:15:00Z,1.6228,20.777
2026-03-02T20:30:00Z,1.6267,20.916
2026-03-02T20:45:00Z,1.6176,21.07
2026-03-02T21:00:00Z,1.6363,21.415
2026-03-02T21:15:00Z,1.63,21.568
2026-03-02T21:30:00Z,1.6229,21.882
2026-03-02T21:45:00Z,1.62,22.083
2026-03-02T22:00:00Z,1.6396,22.105
2026-03-02T22:15:00Z,1.6159,22.143
2026-03-02T22:30:00Z,1.6271,22.238
2026-03-02T22:45:00Z,1.6225,22.256
2026-03-02T23:00:00Z,1.6125,22.147
2026-03-02T23:15:00Z,1.6172,22.125
2026-03-02T23:30:00Z,1.614,21.988
2026-03-02T23:45:00Z,1.6205,21.504
2026-03-03T00:00:00Z,1.6085,21.126
2026-03-03T00:15:00Z,1.6118,20.977
2026-03-03T00:30:00Z,1.6106,20.987
2026-03-03T00:45:00Z,1.6085,20.837
2026-03-03T01:00:00Z,1.6182,20.981
2026-03-03T01:15:00Z,1.6027,21.164
2026-03-03T01:30:00Z,1.6265,21.249
2026-03-03T01:45:00Z,1.6029,20.94
2026-03-03T02:00:00Z,1.6051,20.501
2026-03-03T02:15:00Z,1.6022,20.287
2026-03-03T02:30:00Z,1.6127,20.082
2026-03-03T02:45:00Z,1.6061,20.073
2026-03-03T03:00:00Z,1.6074,20.052
2026-03-03T03:15:00Z,1.6059,20.029
2026-03-03T03:30:00Z,1.6016,19.993
2026-03-03T03:45:00Z,1.6101,19.983
2026-03-03T04:00:00Z,1.6019,19.826
2026-03-03T04:15:00Z,1.6086,19.977
2026-03-03T04:30:00Z,1.6048,19.784
2026-03-03T04:45:00Z,1.6032,19.715
2026-03-03T05:00:00Z,1.6045,19.656
2026-03-03T05:15:00Z,1.6017,19.634
2026-03-03T05:30:00Z,1.6027,19.554
2026-03-03T05:45:00Z,1.6018,19.497
2026-03-03T06:00:00Z,1.6054,19.476
2026-03-03T06:15:00Z,1.6022,19.422
2026-03-03T06:30:00Z,1.6003,19.394
2026-03-03T06:45:00Z,1.6048,19.35
2026-03-03T07:00:00Z,1.5996,19.305
2026-03-03T07:15:00Z,1.6016,19.273
2026-03-03T07:30:00Z,1.5963,19.147
2026-03-03T07:45:00Z,1.5965,19.12
2026-03-03T08:00:00Z,1.6012,19.121
2026-03-03T08:15:00Z,1.5986,19.076
2026-03-03T08:30:00Z,1.598,19.048
2026-03-03T08:45:00Z,1.5956,19.023
2026-03-03T09:00:00Z,1.5972,18.971
2026-03-03T09:15:00Z,1.5995,18.916
2026-03-03T09:30:00Z,1.5965,18.917
2026-03-03T09:45:00Z,1.5958,18.832
2026-03-03T10:00:00Z,1.5961,18.796
2026-03-03T10:15:00Z,1.5962,18.93
2026-03-03T10:30:00Z,1.5949,18.789
2026-03-03T10:45:00Z,1.5968,18.684
2026-03-03T11:00:00Z,1.5937,18.66
2026-03-03T11:15:00Z,1.5933,18.672
2026-03-03T11:30:00Z,1.5955,18.594
2026-03-03T11:45:00Z,1.5928,18.483
2026-03-03T12:00:00Z,1.5936,18.427
2026-03-03T12:15:00Z,1.5932,18.47
2026-03-03T12:30:00Z,1.5929,18.444
2026-03-03T12:45:00Z,1.593,18.45
2026-03-03T13:00:00Z,1.59,18.44
2026-03-03T13:15:00Z,1.5942,18.401
2026-03-03T13:30:00Z,1.5923,18.306
2026-03-03T13:45:00Z,1.5917,18.279
2026-03-03T14:00:00Z,1.5914,18.172
2026-03-03T14:15:00Z,1.5917,18.183
2026-03-03T14:30:00Z,1.592,18.311
2026-03-03T14:45:00Z,1.5916,18.281
2026-03-03T15:00:00Z,1.6057,18.207
2026-03-03T15:15:00Z,1.6178,18.162
2026-03-03T15:30:00Z,1.6238,18.201
2026-03-03T15:45:00Z,1.6129,18.197
2026-03-03T16:00:00Z,1.6119,18.22
2026-03-03T16:15:00Z,1.6034,18.32
2026-03-03T16:30:00Z,1.6001,18.401
2026-03-03T16:45:00Z,1.6038,18.304
2026-03-03T17:00:00Z,1.6069,18.308
2026-03-03T17:15:00Z,1.6026,18.535
2026-03-03T17:30:00Z,1.6058,18.496
2026-03-03T17:45:00Z,1.606,18.578
2026-03-03T18:00:00Z,1.6074,18.7
2026-03-03T18:15:00Z,1.6012,18.94
2026-03-03T18:30:00Z,1.6015,19.156
2026-03-03T18:45:00Z,1.6027,19.561
2026-03-03T19:00:00Z,1.6021,19.72
2026-03-03T19:15:00Z,1.603,19.854
2026-03-03T19:30:00Z,1.6006,19.952
2026-03-03T19:45:00Z,1.6016,20.088
2026-03-03T20:00:00Z,1.5994,20.221
2026-03-03T20:15:00Z,1.5987,20.324
2026-03-03T20:30:00Z,1.5989,20.458
2026-03-03T20:45:00Z,1.5978,20.489
2026-03-03T21:00:00Z,1.5993,20.517
2026-03-03T21:15:00Z,1.6008,20.72
2026-03-03T21:30:00Z,1.59,20.907
2026-03-03T21:45:00Z,1.5843,20.975
2026-03-03T22:00:00Z,1.5765,21.331
