Serial_number:,,,,
2211737,,,,
Project ID:,,,,
,,,,
Location:,,,,
Campus Lagoon,,,,
LEVEL,,,,
UNIT: ft,,,,
Offset: 0.000000 ft,,,,
TEMPERATURE,,,,
UNIT: °C,,,,
Date,Time,ms,LEVEL,TEMPERATURE
11/18/2025,6:10:00 AM,0,2.0068,17.278
11/18/2025,6:20:00 AM,0,2.0088,17.292
11/18/2025,6:30:00 AM,0,2.0122,17.328
11/18/2025,6:40:00 AM,0,2.0162,17.387
11/18/2025,6:50:00 AM,0,2.0204,17.301
11/18/2025,7:00:00 AM,0,2.027,17.182
11/18/2025,7:10:00 AM,0,2.0321,17.2
11/18/2025,7:20:00 AM,0,2.0402,17.23
11/18/2025,7:30:00 AM,0,2.0435,17.239
11/18/2025,7:40:00 AM,0,2.0504,17.174
11/18/2025,7:50:00 AM,0,2.058,17.139
11/18/2025,8:00:00 AM,0,2.0628,17.129
11/18/2025,8:10:00 AM,0,2.0671,17.058
11/18/2025,8:20:00 AM,0,2.0718,17.076
11/18/2025,8:30:00 AM,0,2.0775,17.103
11/18/2025,8:40:00 AM,0,2.0785,17.049
11/18/2025,8:50:00 AM,0,2.0811,16.997
11/18/2025,9:00:00 AM,0,2.085,17.019
11/18/2025,9:10:00 AM,0,2.0823,17.216
11/18/2025,9:20:00 AM,0,2.0887,17.204
11/18/2025,9:30:00 AM,0,2.0892,17.212
11/18/2025,9:40:00 AM,0,2.0947,17.274
11/18/2025,9:50:00 AM,0,2.0849,17.299
11/18/2025,10:00:00 AM,0,2.0853,17.379
11/18/2025,10:10:00 AM,0,2.0903,17.465
11/18/2025,10:20:00 AM,0,2.0828,17.465
11/18/2025,10:30:00 AM,0,2.0829,17.634
11/18/2025,10:40:00 AM,0,2.0803,17.663
11/18/2025,10:50:00 AM,0,2.0763,17.737
11/18/2025,11:00:00 AM,0,2.0769,17.739
11/18/2025,11:10:00 AM,0,2.0685,17.79
11/18/2025,11:20:00 AM,0,2.0696,17.822
11/18/2025,11:30:00 AM,0,2.0748,17.81
11/18/2025,11:40:00 AM,0,2.0645,17.783
11/18/2025,11:50:00 AM,0,2.0655,17.834
11/18/2025,12:00:00 PM,0,2.0672,17.735
11/18/2025,12:10:00 PM,0,2.0603,17.906
11/18/2025,12:20:00 PM,0,2.0678,18.164
11/18/2025,12:30:00 PM,0,2.0678,18.009
11/18/2025,12:40:00 PM,0,2.0649,18.13
11/18/2025,12:50:00 PM,0,2.0621,18.06
11/18/2025,1:00:00 PM,0,2.064,18.085
11/18/2025,1:10:00 PM,0,2.0618,18.123
11/18/2025,1:20:00 PM,0,2.0625,18.052
11/18/2025,1:30:00 PM,0,2.0602,18.169
11/18/2025,1:40:00 PM,0,2.0577,18.203
11/18/2025,1:50:00 PM,0,2.0544,18.047
11/18/2025,2:00:00 PM,0,2.0404,18.376
11/18/2025,2:10:00 PM,0,2.0361,18.002
11/18/2025,2:20:00 PM,0,2.0478,18.195
11/18/2025,2:30:00 PM,0,2.048,18.171
11/18/2025,2:40:00 PM,0,2.054,18.212
11/18/2025,2:50:00 PM,0,2.0535,18.226
11/18/2025,3:00:00 PM,0,2.042,18.142
11/18/2025,3:10:00 PM,0,2.047,18.123
11/18/2025,3:20:00 PM,0,2.038,18.032
11/18/2025,3:30:00 PM,0,2.0455,18.004
11/18/2025,3:40:00 PM,0,2.045,17.998
11/18/2025,3:50:00 PM,0,2.0375,18.085
11/18/2025,4:00:00 PM,0,2.0389,18.036
11/18/2025,4:10:00 PM,0,2.0365,18.013
11/18/2025,4:20:00 PM,0,2.0409,18.199
11/18/2025,4:30:00 PM,0,2.0355,18.184
11/18/2025,4:40:00 PM,0,2.0498,18.163
11/18/2025,4:50:00 PM,0,2.0333,18.129
11/18/2025,5:00:00 PM,0,2.0289,18.105
11/18/2025,5:10:00 PM,0,2.0372,18.084
11/18/2025,5:20:00 PM,0,2.0289,18.06
11/18/2025,5:30:00 PM,0,2.0245,18.023
11/18/2025,5:40:00 PM,0,2.032,17.948
11/18/2025,5:50:00 PM,0,2.026,17.935
11/18/2025,6:00:00 PM,0,2.0234,17.924
11/18/2025,6:10:00 PM,0,2.0324,17.911
11/18/2025,6:20:00 PM,0,2.0268,17.853
11/18/2025,6:30:00 PM,0,2.0191,17.852
11/18/2025,6:40:00 PM,0,2.0257,17.844
11/18/2025,6:50:00 PM,0,2.0201,17.783
11/18/2025,7:00:00 PM,0,2.0145,17.653
11/18/2025,7:10:00 PM,0,2.0193,17.331
11/18/2025,7:20:00 PM,0,2.013,17.487
11/18/2025,7:30:00 PM,0,2.0128,17.532
11/18/2025,7:40:00 PM,0,2.0181,17.546
11/18/2025,7:50:00 PM,0,2.008,17.559
11/18/2025,8:00:00 PM,0,2.0075,17.45
11/18/2025,8:10:00 PM,0,2.0145,17.448
11/18/2025,8:20:00 PM,0,2.0087,17.447
11/18/2025,8:30:00 PM,0,2.0069,17.471
11/18/2025,8:40:00 PM,0,2.0023,17.531
11/18/2025,8:50:00 PM,0,2.0045,17.534
11/18/2025,9:00:00 PM,0,2.0038,17.583
11/18/2025,9:10:00 PM,0,2.0148,17.585
11/18/2025,9:20:00 PM,0,1.9982,17.52
11/18/2025,9:30:00 PM,0,2.0019,17.606
11/18/2025,9:40:00 PM,0,2.0012,17.609
11/18/2025,9:50:00 PM,0,2.0047,17.651
11/18/2025,10:00:00 PM,0,1.9943,17.504
11/18/2025,10:10:00 PM,0,1.993,17.31
11/18/2025,10:20:00 PM,0,1.9912,17.346
11/18/2025,10:30:00 PM,0,1.9954,17.385
11/18/2025,10:40:00 PM,0,1.9923,17.276
11/18/2025,10:50:00 PM,0,1.9914,17.068
11/18/2025,11:00:00 PM,0,1.9867,17.188
11/18/2025,11:10:00 PM,0,1.9908,17.118
11/18/2025,11:20:00 PM,0,1.994,17.203
11/18/2025,11:30:00 PM,0,1.9889,17.235
11/18/2025,11:40:00 PM,0,1.9829,16.986
11/18/2025,11:50:00 PM,0,1.9759,16.309
11/19/2025,12:00:00 AM,0,1.9797,16.373
11/19/2025,12:10:00 AM,0,1.9806,16.694
11/19/2025,12:20:00 AM,0,1.9728,16.358
11/19/2025,12:30:00 AM,0,1.9773,16.456
11/19/2025,12:40:00 AM,0,1.9815,16.834
11/19/2025,12:50:00 AM,0,1.9755,16.968
11/19/2025,1:00:00 AM,0,1.9783,17.056
11/19/2025,1:10:00 AM,0,1.9811,17.012
11/19/2025,1:20:00 AM,0,1.9763,16.858
11/19/2025,1:30:00 AM,0,1.9745,16.808
11/19/2025,1:40:00 AM,0,1.9795,16.797
11/19/2025,1:50:00 AM,0,1.9713,16.636
11/19/2025,2:00:00 AM,0,1.9667,16.3
11/19/2025,2:10:00 AM,0,1.9657,16.384
11/19/2025,2:20:00 AM,0,1.9714,16.426
11/19/2025,2:30:00 AM,0,1.9636,16.198
11/19/2025,2:40:00 AM,0,1.9647,16.47
11/19/2025,2:50:00 AM,0,1.9705,16.6
11/19/2025,3:00:00 AM,0,1.9647,16.588
11/19/2025,3:10:00 AM,0,1.965,16.303
11/19/2025,3:20:00 AM,0,1.96,16.228
11/19/2025,3:30:00 AM,0,1.9532,16.057
11/19/2025,3:40:00 AM,0,1.9637,15.984
11/19/2025,3:50:00 AM,0,1.9502,15.582
11/19/2025,4:00:00 AM,0,1.9521,15.365
11/19/2025,4:10:00 AM,0,1.9588,16.231
11/19/2025,4:20:00 AM,0,1.959,16.208
11/19/2025,4:30:00 AM,0,1.9587,16.261
11/19/2025,4:40:00 AM,0,1.9545,15.238
11/19/2025,4:50:00 AM,0,1.9647,16.647
11/19/2025,5:00:00 AM,0,1.955,16.361
11/19/2025,5:10:00 AM,0,1.943,15.894
11/19/2025,5:20:00 AM,0,1.947,15.405
11/19/2025,5:30:00 AM,0,1.9387,14.953
11/19/2025,5:40:00 AM,0,1.9393,15.063
11/19/2025,5:50:00 AM,0,1.9423,15.02
11/19/2025,6:00:00 AM,0,1.939,14.228
11/19/2025,6:10:00 AM,0,1.9325,14.489
11/19/2025,6:20:00 AM,0,1.95,15.926
11/19/2025,6:30:00 AM,0,1.935,15.047
11/19/2025,6:40:00 AM,0,1.9352,14.743
11/19/2025,6:50:00 AM,0,1.9463,15.566
11/19/2025,7:00:00 AM,0,1.9463,15.559
11/19/2025,7:10:00 AM,0,1.9402,14.686
11/19/2025,7:20:00 AM,0,1.9395,14.262
11/19/2025,7:30:00 AM,0,1.9474,15.385
11/19/2025,7:40:00 AM,0,1.9422,15.335
11/19/2025,7:50:00 AM,0,1.9376,14.803
11/19/2025,8:00:00 AM,0,1.93,14.55
11/19/2025,8:10:00 AM,0,1.947,15.601
11/19/2025,8:20:00 AM,0,1.9439,15.416
11/19/2025,8:30:00 AM,0,1.9329,14.213
11/19/2025,8:40:00 AM,0,1.9398,14.302
11/19/2025,8:50:00 AM,0,1.9296,14.59
11/19/2025,9:00:00 AM,0,1.9339,15.078
11/19/2025,9:10:00 AM,0,1.9338,14.516
11/19/2025,9:20:00 AM,0,1.9259,14.153
11/19/2025,9:30:00 AM,0,1.9358,15.469
11/19/2025,9:40:00 AM,0,1.9409,15.638
11/19/2025,9:50:00 AM,0,1.9184,14.437
11/19/2025,10:00:00 AM,0,1.9293,14.372
11/19/2025,10:10:00 AM,0,1.935,14.992
11/19/2025,10:20:00 AM,0,1.933,15.111
11/19/2025,10:30:00 AM,0,1.9346,15.513
11/19/2025,10:40:00 AM,0,1.9349,15.477
11/19/2025,10:50:00 AM,0,1.9316,15.624
11/19/2025,11:00:00 AM,0,1.936,15.715
11/19/2025,11:10:00 AM,0,1.9311,16.042
11/19/2025,11:20:00 AM,0,1.9347,16.571
11/19/2025,11:30:00 AM,0,1.9354,16.858
11/19/2025,11:40:00 AM,0,1.931,17.101
11/19/2025,11:50:00 AM,0,1.9288,17.193
11/19/2025,12:00:00 PM,0,1.9339,17.552
11/19/2025,12:10:00 PM,0,1.9223,17.617
11/19/2025,12:20:00 PM,0,1.9211,17.583
11/19/2025,12:30:00 PM,0,1.9211,17.329
11/19/2025,12:40:00 PM,0,1.906,16.924
11/19/2025,12:50:00 PM,0,1.926,16.446
11/19/2025,1:00:00 PM,0,1.9289,17.897
11/19/2025,1:10:00 PM,0,1.9267,17.644
11/19/2025,1:20:00 PM,0,1.9155,17.048
11/19/2025,1:30:00 PM,0,1.9208,17.044
11/19/2025,1:40:00 PM,0,1.907,17.534
11/19/2025,1:50:00 PM,0,1.9206,17.852
11/19/2025,2:00:00 PM,0,1.9241,17.737
11/19/2025,2:10:00 PM,0,1.9216,17.625
11/19/2025,2:20:00 PM,0,1.9147,17.692
11/19/2025,2:30:00 PM,0,1.9173,17.574
11/19/2025,2:40:00 PM,0,1.9238,17.374
11/19/2025,2:50:00 PM,0,1.9167,17.248
11/19/2025,3:00:00 PM,0,1.9187,17.238
11/19/2025,3:10:00 PM,0,1.9278,17.246
11/19/2025,3:20:00 PM,0,1.9216,17.295
11/19/2025,3:30:00 PM,0,1.9247,17.261
11/19/2025,3:40:00 PM,0,1.9238,17.207
11/19/2025,3:50:00 PM,0,1.9266,17.155
11/19/2025,4:00:00 PM,0,1.9156,17.126
11/19/2025,4:10:00 PM,0,1.9114,17.115
11/19/2025,4:20:00 PM,0,1.9109,17.106
11/19/2025,4:30:00 PM,0,1.9133,17.059
11/19/2025,4:40:00 PM,0,1.9197,17.036
11/19/2025,4:50:00 PM,0,1.907,17.037
11/19/2025,5:00:00 PM,0,1.9025,17.042
11/19/2025,5:10:00 PM,0,1.9038,17.036
11/19/2025,5:20:00 PM,0,1.9043,17.027
11/19/2025,5:30:00 PM,0,1.9012,17.006
11/19/2025,5:40:00 PM,0,1.9033,16.994
11/19/2025,5:50:00 PM,0,1.9023,17.008
11/19/2025,6:00:00 PM,0,1.9,17.017
11/19/2025,6:10:00 PM,0,1.8956,17.046
11/19/2025,6:20:00 PM,0,1.9026,17.05
11/19/2025,6:30:00 PM,0,1.8999,17.002
11/19/2025,6:40:00 PM,0,1.9043,16.955
11/19/2025,6:50:00 PM,0,1.8976,16.903
11/19/2025,7:00:00 PM,0,1.8956,16.82
11/19/2025,7:10:00 PM,0,1.8933,16.734
11/19/2025,7:20:00 PM,0,1.8927,16.67
11/19/2025,7:30:00 PM,0,1.8916,16.612
11/19/2025,7:40:00 PM,0,1.8887,16.55
11/19/2025,7:50:00 PM,0,1.8959,16.477
11/19/2025,8:00:00 PM,0,1.8908,16.45
11/19/2025,8:10:00 PM,0,1.874,16.441
11/19/2025,8:20:00 PM,0,1.8927,16.399
11/19/2025,8:30:00 PM,0,1.8873,16.354
11/19/2025,8:40:00 PM,0,1.896,16.3
11/19/2025,8:50:00 PM,0,1.8896,16.289
11/19/2025,9:00:00 PM,0,1.8846,16.341
11/19/2025,9:10:00 PM,0,1.8853,16.347
11/19/2025,9:20:00 PM,0,1.882,16.368
11/19/2025,9:30:00 PM,0,1.8821,16.369
11/19/2025,9:40:00 PM,0,1.874,16.36
11/19/2025,9:50:00 PM,0,1.8798,16.358
11/19/2025,10:00:00 PM,0,1.8792,16.367
11/19/2025,10:10:00 PM,0,1.8867,16.391
11/19/2025,10:20:00 PM,0,1.8811,16.435
11/19/2025,10:30:00 PM,0,1.8784,16.446
11/19/2025,10:40:00 PM,0,1.8722,16.516
11/19/2025,10:50:00 PM,0,1.8813,16.59
11/19/2025,11:00:00 PM,0,1.8765,16.683
11/19/2025,11:10:00 PM,0,1.874,16.669
11/19/2025,11:20:00 PM,0,1.8856,16.544
11/19/2025,11:30:00 PM,0,1.871,16.147
11/19/2025,11:40:00 PM,0,1.8708,15.595
11/19/2025,11:50:00 PM,0,1.8669,15.466
11/20/2025,12:00:00 AM,0,1.8677,15.221
11/20/2025,12:10:00 AM,0,1.8696,15.18
11/20/2025,12:20:00 AM,0,1.8682,15.24
11/20/2025,12:30:00 AM,0,1.8685,15.316
11/20/2025,12:40:00 AM,0,1.84,15.362
11/20/2025,12:50:00 AM,0,1.8677,15.355
11/20/2025,1:00:00 AM,0,1.8654,15.309
11/20/2025,1:10:00 AM,0,1.8562,15.338
11/20/2025,1:20:00 AM,0,1.8594,15.459
11/20/2025,1:30:00 AM,0,1.8632,15.612
11/20/2025,1:40:00 AM,0,1.8565,15.745
11/20/2025,1:50:00 AM,0,1.864,15.69
11/20/2025,2:00:00 AM,0,1.8602,15.535
11/20/2025,2:10:00 AM,0,1.86,15.47
11/20/2025,2:20:00 AM,0,1.8573,15.479
11/20/2025,2:30:00 AM,0,1.8563,15.4
11/20/2025,2:40:00 AM,0,1.8612,15.333
11/20/2025,2:50:00 AM,0,1.8531,15.059
11/20/2025,3:00:00 AM,0,1.8538,14.747
11/20/2025,3:10:00 AM,0,1.8334,14.639
11/20/2025,3:20:00 AM,0,1.856,14.591
11/20/2025,3:30:00 AM,0,1.8468,14.572
11/20/2025,3:40:00 AM,0,1.8522,14.589
11/20/2025,3:50:00 AM,0,1.8447,14.605
11/20/2025,4:00:00 AM,0,1.8481,14.597
11/20/2025,4:10:00 AM,0,1.8375,14.53
11/20/2025,4:20:00 AM,0,1.8437,14.487
11/20/2025,4:30:00 AM,0,1.8473,14.486
11/20/2025,4:40:00 AM,0,1.8452,14.465
11/20/2025,4:50:00 AM,0,1.8478,14.485
11/20/2025,5:00:00 AM,0,1.8449,14.516
11/20/2025,5:10:00 AM,0,1.8437,14.485
11/20/2025,5:20:00 AM,0,1.8442,14.489
11/20/2025,5:30:00 AM,0,1.8448,14.531
11/20/2025,5:40:00 AM,0,1.8477,14.553
11/20/2025,5:50:00 AM,0,1.8464,14.549
11/20/2025,6:00:00 AM,0,1.84,14.536
11/20/2025,6:10:00 AM,0,1.8394,14.569
11/20/2025,6:20:00 AM,0,1.838,14.582
11/20/2025,6:30:00 AM,0,1.8419,14.632
11/20/2025,6:40:00 AM,0,1.8411,14.604
11/20/2025,6:50:00 AM,0,1.8438,14.627
11/20/2025,7:00:00 AM,0,1.8385,14.624
11/20/2025,7:10:00 AM,0,1.841,14.584
11/20/2025,7:20:00 AM,0,1.8416,14.568
11/20/2025,7:30:00 AM,0,1.8401,14.578
11/20/2025,7:40:00 AM,0,1.8381,14.608
11/20/2025,7:50:00 AM,0,1.8426,14.606
11/20/2025,8:00:00 AM,0,1.8365,14.61
11/20/2025,8:10:00 AM,0,1.8212,14.623
11/20/2025,8:20:00 AM,0,1.8356,14.506
11/20/2025,8:30:00 AM,0,1.8328,14.479
11/20/2025,8:40:00 AM,0,1.8451,14.541
11/20/2025,8:50:00 AM,0,1.8317,14.694
11/20/2025,9:00:00 AM,0,1.8346,14.771
11/20/2025,9:10:00 AM,0,1.8326,14.848
11/20/2025,9:20:00 AM,0,1.8327,15.002
11/20/2025,9:30:00 AM,0,1.8321,15.22
11/20/2025,9:40:00 AM,0,1.8349,15.42
11/20/2025,9:50:00 AM,0,1.8316,15.406
11/20/2025,10:00:00 AM,0,1.8248,15.528
11/20/2025,10:10:00 AM,0,1.8261,16.581
11/20/2025,10:20:00 AM,0,1.8343,17.114
11/20/2025,10:30:00 AM,0,1.8363,17.518
11/20/2025,10:40:00 AM,0,1.8364,17.688
11/20/2025,10:50:00 AM,0,1.8395,17.736
11/20/2025,11:00:00 AM,0,1.8459,17.891
11/20/2025,11:10:00 AM,0,1.8367,18.068
11/20/2025,11:20:00 AM,0,1.8461,18.045
11/20/2025,11:30:00 AM,0,1.852,17.931
11/20/2025,11:40:00 AM,0,1.8336,17.709
11/20/2025,11:50:00 AM,0,1.8374,16.484
11/20/2025,12:00:00 PM,0,1.8541,16.169
11/20/2025,12:10:00 PM,0,1.8338,16.497
11/20/2025,12:20:00 PM,0,1.8457,16.673
11/20/2025,12:30:00 PM,0,1.8533,16.959
11/20/2025,12:40:00 PM,0,1.845,17.105
11/20/2025,12:50:00 PM,0,1.8596,17.05
11/20/2025,1:00:00 PM,0,1.8622,17.223
11/20/2025,1:10:00 PM,0,1.8511,16.872
11/20/2025,1:20:00 PM,0,1.8559,16.55
11/20/2025,1:30:00 PM,0,1.8615,16.524
11/20/2025,1:40:00 PM,0,1.8589,16.454
11/20/2025,1:50:00 PM,0,1.8579,16.471
11/20/2025,2:00:00 PM,0,1.8627,16.423
11/20/2025,2:10:00 PM,0,1.8517,16.456
11/20/2025,2:20:00 PM,0,1.8634,16.934
11/20/2025,2:30:00 PM,0,1.8687,17.512
11/20/2025,2:40:00 PM,0,1.858,17.014
11/20/2025,2:50:00 PM,0,1.8497,16.885
11/20/2025,3:00:00 PM,0,1.867,17.485
11/20/2025,3:10:00 PM,0,1.8544,17.687
11/20/2025,3:20:00 PM,0,1.8593,17.304
11/20/2025,3:30:00 PM,0,1.856,17.355
11/20/2025,3:40:00 PM,0,1.8549,16.714
11/20/2025,3:50:00 PM,0,1.8583,17.38
11/20/2025,4:00:00 PM,0,1.8598,17.969
11/20/2025,4:10:00 PM,0,1.8514,18.615
11/20/2025,4:20:00 PM,0,1.865,18.667
11/20/2025,4:30:00 PM,0,1.8642,18.206
11/20/2025,4:40:00 PM,0,1.8441,17.722
11/20/2025,4:50:00 PM,0,1.8651,16.918
11/20/2025,5:00:00 PM,0,1.8665,16.833
11/20/2025,5:10:00 PM,0,1.8597,16.644
11/20/2025,5:20:00 PM,0,1.8671,16.427
11/20/2025,5:30:00 PM,0,1.8686,16.345
11/20/2025,5:40:00 PM,0,1.8685,16.252
11/20/2025,5:50:00 PM,0,1.8609,16.199
11/20/2025,6:00:00 PM,0,1.8655,16.137
11/20/2025,6:10:00 PM,0,1.8746,16.084
11/20/2025,6:20:00 PM,0,1.8736,15.86
11/20/2025,6:30:00 PM,0,1.8676,16.498
11/20/2025,6:40:00 PM,0,1.8755,16.566
11/20/2025,6:50:00 PM,0,1.8684,16.377
11/20/2025,7:00:00 PM,0,1.8647,16.396
11/20/2025,7:10:00 PM,0,1.8588,16.335
11/20/2025,7:20:00 PM,0,1.8668,16.384
11/20/2025,7:30:00 PM,0,1.8703,16.459
11/20/2025,7:40:00 PM,0,1.8653,16.397
11/20/2025,7:50:00 PM,0,1.871,16.517
11/20/2025,8:00:00 PM,0,1.8687,16.409
11/20/2025,8:10:00 PM,0,1.8701,16.368
11/20/2025,8:20:00 PM,0,1.8701,16.306
11/20/2025,8:30:00 PM,0,1.8707,16.079
11/20/2025,8:40:00 PM,0,1.8655,16.064
11/20/2025,8:50:00 PM,0,1.8697,16.11
11/20/2025,9:00:00 PM,0,1.8728,16.148
11/20/2025,9:10:00 PM,0,1.8645,16.128
11/20/2025,9:20:00 PM,0,1.8684,16.122
11/20/2025,9:30:00 PM,0,1.8756,16.116
11/20/2025,9:40:00 PM,0,1.8636,16.114
11/20/2025,9:50:00 PM,0,1.8739,16.129
11/20/2025,10:00:00 PM,0,1.8771,16.174
11/20/2025,10:10:00 PM,0,1.8648,16.213
11/20/2025,10:20:00 PM,0,1.8725,16.331
11/20/2025,10:30:00 PM,0,1.8775,16.175
11/20/2025,10:40:00 PM,0,1.8766,15.647
11/20/2025,10:50:00 PM,0,1.8705,15.577
11/20/2025,11:00:00 PM,0,1.8766,15.592
11/20/2025,11:10:00 PM,0,1.8764,15.65
11/20/2025,11:20:00 PM,0,1.8752,15.68
11/20/2025,11:30:00 PM,0,1.8706,15.711
11/20/2025,11:40:00 PM,0,1.8649,15.722
11/20/2025,11:50:00 PM,0,1.8682,15.601
11/21/2025,12:00:00 AM,0,1.8718,15.49
11/21/2025,12:10:00 AM,0,1.8695,15.44
11/21/2025,12:20:00 AM,0,1.8728,15.39
11/21/2025,12:30:00 AM,0,1.8712,15.389
11/21/2025,12:40:00 AM,0,1.8722,15.24
11/21/2025,12:50:00 AM,0,1.8682,15.041
11/21/2025,1:00:00 AM,0,1.8701,15.129
11/21/2025,1:10:00 AM,0,1.8735,15.274
11/21/2025,1:20:00 AM,0,1.8693,15.358
11/21/2025,1:30:00 AM,0,1.8682,15.415
11/21/2025,1:40:00 AM,0,1.8623,15.532
11/21/2025,1:50:00 AM,0,1.8664,15.59
11/21/2025,2:00:00 AM,0,1.8663,15.615
11/21/2025,2:10:00 AM,0,1.8574,15.688
11/21/2025,2:20:00 AM,0,1.8615,15.759
11/21/2025,2:30:00 AM,0,1.8647,15.792
11/21/2025,2:40:00 AM,0,1.8594,15.73
11/21/2025,2:50:00 AM,0,1.8575,15.698
11/21/2025,3:00:00 AM,0,1.858,15.313
11/21/2025,3:10:00 AM,0,1.8599,14.735
11/21/2025,3:20:00 AM,0,1.8576,14.663
11/21/2025,3:30:00 AM,0,1.856,14.605
11/21/2025,3:40:00 AM,0,1.8652,14.706
11/21/2025,3:50:00 AM,0,1.8582,14.776
11/21/2025,4:00:00 AM,0,1.8556,14.68
11/21/2025,4:10:00 AM,0,1.863,14.824
11/21/2025,4:20:00 AM,0,1.8581,14.872
11/21/2025,4:30:00 AM,0,1.8567,14.794
11/21/2025,4:40:00 AM,0,1.8645,14.812
11/21/2025,4:50:00 AM,0,1.8558,14.767
11/21/2025,5:00:00 AM,0,1.8527,14.71
11/21/2025,5:10:00 AM,0,1.8439,14.771
11/21/2025,5:20:00 AM,0,1.8568,14.837
11/21/2025,5:30:00 AM,0,1.8536,14.924
11/21/2025,5:40:00 AM,0,1.8672,14.898
11/21/2025,5:50:00 AM,0,1.8596,14.95
11/21/2025,6:00:00 AM,0,1.85,14.805
11/21/2025,6:10:00 AM,0,1.8675,14.804
11/21/2025,6:20:00 AM,0,1.8506,14.732
11/21/2025,6:30:00 AM,0,1.8484,14.728
11/21/2025,6:40:00 AM,0,1.8553,14.715
11/21/2025,6:50:00 AM,0,1.8505,14.751
11/21/2025,7:00:00 AM,0,1.8456,14.635
11/21/2025,7:10:00 AM,0,1.8535,14.578
11/21/2025,7:20:00 AM,0,1.8508,14.508
11/21/2025,7:30:00 AM,0,1.8499,14.349
11/21/2025,7:40:00 AM,0,1.8642,14.378
11/21/2025,7:50:00 AM,0,1.8612,14.441
11/21/2025,8:00:00 AM,0,1.8474,14.23
11/21/2025,8:10:00 AM,0,1.8581,14.283
11/21/2025,8:20:00 AM,0,1.8516,14.202
11/21/2025,8:30:00 AM,0,1.8374,14.19
11/21/2025,8:40:00 AM,0,1.8539,14.121
11/21/2025,8:50:00 AM,0,1.8325,14.145
11/21/2025,9:00:00 AM,0,1.8398,14.291
11/21/2025,9:10:00 AM,0,1.8373,14.196
11/21/2025,9:20:00 AM,0,1.8331,14.169
11/21/2025,9:30:00 AM,0,1.836,14.179
11/21/2025,9:40:00 AM,0,1.8118,14.352
11/21/2025,9:50:00 AM,0,1.8576,14.656
11/21/2025,10:00:00 AM,0,1.832,14.605
11/21/2025,10:10:00 AM,0,1.8431,14.773
11/21/2025,10:20:00 AM,0,1.8273,15.049
11/21/2025,10:30:00 AM,0,1.8415,15.238
11/21/2025,10:40:00 AM,0,1.8416,15.193
11/21/2025,10:50:00 AM,0,1.831,14.732
11/21/2025,11:00:00 AM,0,1.8355,14.938
11/21/2025,11:10:00 AM,0,1.8255,15.134
11/21/2025,11:20:00 AM,0,1.8261,15.147
11/21/2025,11:30:00 AM,0,1.8341,15.312
11/21/2025,11:40:00 AM,0,1.8386,15.523
11/21/2025,11:50:00 AM,0,1.8408,15.616
11/21/2025,12:00:00 PM,0,1.8346,15.636
11/21/2025,12:10:00 PM,0,1.8301,15.628
11/21/2025,12:20:00 PM,0,1.8296,15.673
11/21/2025,12:30:00 PM,0,1.8341,15.734
11/21/2025,12:40:00 PM,0,1.8305,15.883
11/21/2025,12:50:00 PM,0,1.8337,15.916
11/21/2025,1:00:00 PM,0,1.8313,15.813
11/21/2025,1:10:00 PM,0,1.8284,15.694
11/21/2025,1:20:00 PM,0,1.8328,15.75
11/21/2025,1:30:00 PM,0,1.829,15.846
11/21/2025,1:40:00 PM,0,1.826,16.051
11/21/2025,1:50:00 PM,0,1.8252,16.117
11/21/2025,2:00:00 PM,0,1.8277,16.203
11/21/2025,2:10:00 PM,0,1.8367,16.321
11/21/2025,2:20:00 PM,0,1.8249,16.34
11/21/2025,2:30:00 PM,0,1.8275,16.34
11/21/2025,2:40:00 PM,0,1.846,16.466
11/21/2025,2:50:00 PM,0,1.8169,16.396
11/21/2025,3:00:00 PM,0,1.8182,16.369
11/21/2025,3:10:00 PM,0,1.8173,16.409
11/21/2025,3:20:00 PM,0,1.8237,16.467
11/21/2025,3:30:00 PM,0,1.8223,16.499
11/21/2025,3:40:00 PM,0,1.8304,16.634
11/21/2025,3:50:00 PM,0,1.8219,16.599
11/21/2025,4:00:00 PM,0,1.8188,16.49
11/21/2025,4:10:00 PM,0,1.8238,16.443
11/21/2025,4:20:00 PM,0,1.8208,16.366
11/21/2025,4:30:00 PM,0,1.8168,16.33
11/21/2025,4:40:00 PM,0,1.8276,16.283
11/21/2025,4:50:00 PM,0,1.8209,16.218
11/21/2025,5:00:00 PM,0,1.8089,16.19
11/21/2025,5:10:00 PM,0,1.8119,16.193
11/21/2025,5:20:00 PM,0,1.8099,16.16
11/21/2025,5:30:00 PM,0,1.81,16.134
11/21/2025,5:40:00 PM,0,1.8138,16.114
11/21/2025,5:50:00 PM,0,1.8118,16.12
11/21/2025,6:00:00 PM,0,1.8073,16.117
11/21/2025,6:10:00 PM,0,1.8133,16.103
11/21/2025,6:20:00 PM,0,1.8131,16.039
11/21/2025,6:30:00 PM,0,1.8077,15.963
11/21/2025,6:40:00 PM,0,1.8069,15.836
11/21/2025,6:50:00 PM,0,1.8105,15.679
11/21/2025,7:00:00 PM,0,1.8057,15.689
11/21/2025,7:10:00 PM,0,1.8085,15.71
11/21/2025,7:20:00 PM,0,1.811,15.796
11/21/2025,7:30:00 PM,0,1.8035,15.77
11/21/2025,7:40:00 PM,0,1.8076,15.758
11/21/2025,7:50:00 PM,0,1.8054,15.709
11/21/2025,8:00:00 PM,0,1.803,15.763
11/21/2025,8:10:00 PM,0,1.8052,15.859
11/21/2025,8:20:00 PM,0,1.8037,15.892
11/21/2025,8:30:00 PM,0,1.8041,15.948
11/21/2025,8:40:00 PM,0,1.8039,15.981
11/21/2025,8:50:00 PM,0,1.8048,15.982
11/21/2025,9:00:00 PM,0,1.7995,15.927
11/21/2025,9:10:00 PM,0,1.8038,15.878
11/21/2025,9:20:00 PM,0,1.7986,15.844
11/21/2025,9:30:00 PM,0,1.7996,15.782
11/21/2025,9:40:00 PM,0,1.8056,15.735
11/21/2025,9:50:00 PM,0,1.8005,15.663
11/21/2025,10:00:00 PM,0,1.7965,15.604
11/21/2025,10:10:00 PM,0,1.7931,15.563
11/21/2025,10:20:00 PM,0,1.8005,15.54
11/21/2025,10:30:00 PM,0,1.7975,15.532
11/21/2025,10:40:00 PM,0,1.7897,15.521
11/21/2025,10:50:00 PM,0,1.7918,15.466
11/21/2025,11:00:00 PM,0,1.7932,15.314
11/21/2025,11:10:00 PM,0,1.7896,15.157
11/21/2025,11:20:00 PM,0,1.7926,14.982
11/21/2025,11:30:00 PM,0,1.7911,14.868
11/21/2025,11:40:00 PM,0,1.7859,14.82
11/21/2025,11:50:00 PM,0,1.7903,14.799
11/22/2025,12:00:00 AM,0,1.7887,14.782
11/22/2025,12:10:00 AM,0,1.7891,14.682
11/22/2025,12:20:00 AM,0,1.7886,14.648
11/22/2025,12:30:00 AM,0,1.7857,14.651
11/22/2025,12:40:00 AM,0,1.7752,14.672
11/22/2025,12:50:00 AM,0,1.7824,14.628
11/22/2025,1:00:00 AM,0,1.7883,14.553
11/22/2025,1:10:00 AM,0,1.7861,14.559
11/22/2025,1:20:00 AM,0,1.7858,14.504
11/22/2025,1:30:00 AM,0,1.7861,14.489
11/22/2025,1:40:00 AM,0,1.7782,14.475
11/22/2025,1:50:00 AM,0,1.7818,14.54
11/22/2025,2:00:00 AM,0,1.7866,14.521
11/22/2025,2:10:00 AM,0,1.7769,14.467
11/22/2025,2:20:00 AM,0,1.7793,14.334
11/22/2025,2:30:00 AM,0,1.7784,14.308
11/22/2025,2:40:00 AM,0,1.7724,14.304
11/22/2025,2:50:00 AM,0,1.7816,14.262
11/22/2025,3:00:00 AM,0,1.7828,14.26
11/22/2025,3:10:00 AM,0,1.7788,14.36
11/22/2025,3:20:00 AM,0,1.7816,14.339
11/22/2025,3:30:00 AM,0,1.7857,14.35
11/22/2025,3:40:00 AM,0,1.7875,14.354
11/22/2025,3:50:00 AM,0,1.7794,14.354
11/22/2025,4:00:00 AM,0,1.7792,14.351
11/22/2025,4:10:00 AM,0,1.7765,14.329
11/22/2025,4:20:00 AM,0,1.7753,14.336
11/22/2025,4:30:00 AM,0,1.7755,14.301
11/22/2025,4:40:00 AM,0,1.7734,14.316
11/22/2025,4:50:00 AM,0,1.7747,14.316
11/22/2025,5:00:00 AM,0,1.7784,14.31
11/22/2025,5:10:00 AM,0,1.7772,14.341
11/22/2025,5:20:00 AM,0,1.7775,14.369
11/22/2025,5:30:00 AM,0,1.774,14.398
11/22/2025,5:40:00 AM,0,1.7919,14.44
11/22/2025,5:50:00 AM,0,1.7749,14.427
11/22/2025,6:00:00 AM,0,1.7764,14.387
11/22/2025,6:10:00 AM,0,1.7733,14.357
11/22/2025,6:20:00 AM,0,1.7742,14.301
11/22/2025,6:30:00 AM,0,1.7776,14.289
11/22/2025,6:40:00 AM,0,1.7682,14.292
11/22/2025,6:50:00 AM,0,1.783,14.362
11/22/2025,7:00:00 AM,0,1.7829,14.547
11/22/2025,7:10:00 AM,0,1.7769,14.661
11/22/2025,7:20:00 AM,0,1.7816,14.647
11/22/2025,7:30:00 AM,0,1.7891,14.524
11/22/2025,7:40:00 AM,0,1.7891,14.393
11/22/2025,7:50:00 AM,0,1.7712,14.041
11/22/2025,8:00:00 AM,0,1.7772,13.962
11/22/2025,8:10:00 AM,0,1.7837,13.968
11/22/2025,8:20:00 AM,0,1.7829,13.995
11/22/2025,8:30:00 AM,0,1.7715,13.986
11/22/2025,8:40:00 AM,0,1.7725,13.993
11/22/2025,8:50:00 AM,0,1.764,13.992
11/22/2025,9:00:00 AM,0,1.7701,14.019
11/22/2025,9:10:00 AM,0,1.7796,14.059
11/22/2025,9:20:00 AM,0,1.7667,14.114
11/22/2025,9:30:00 AM,0,1.7607,14.199
11/22/2025,9:40:00 AM,0,1.7818,14.287
11/22/2025,9:50:00 AM,0,1.7534,14.429
11/22/2025,10:00:00 AM,0,1.7625,14.569
11/22/2025,10:10:00 AM,0,1.7485,14.821
11/22/2025,10:20:00 AM,0,1.7627,15.068
11/22/2025,10:30:00 AM,0,1.7757,15.084
11/22/2025,10:40:00 AM,0,1.7686,15.196
11/22/2025,10:50:00 AM,0,1.7689,15.41
11/22/2025,11:00:00 AM,0,1.7708,15.672
11/22/2025,11:10:00 AM,0,1.7617,15.888
11/22/2025,11:20:00 AM,0,1.7663,16.103
11/22/2025,11:30:00 AM,0,1.7707,16.281
11/22/2025,11:40:00 AM,0,1.7685,16.713
11/22/2025,11:50:00 AM,0,1.7685,16.723
11/22/2025,12:00:00 PM,0,1.771,17.017
11/22/2025,12:10:00 PM,0,1.7631,17.173
11/22/2025,12:20:00 PM,0,1.772,17.424
11/22/2025,12:30:00 PM,0,1.7678,17.471
11/22/2025,12:40:00 PM,0,1.7674,17.554
11/22/2025,12:50:00 PM,0,1.7591,17.177
11/22/2025,1:00:00 PM,0,1.7604,17.346
11/22/2025,1:10:00 PM,0,1.7572,17.232
11/22/2025,1:20:00 PM,0,1.7652,17.33
11/22/2025,1:30:00 PM,0,1.7654,17.524
11/22/2025,1:40:00 PM,0,1.7626,17.573
11/22/2025,1:50:00 PM,0,1.7648,17.679
11/22/2025,2:00:00 PM,0,1.763,17.827
11/22/2025,2:10:00 PM,0,1.759,17.814
11/22/2025,2:20:00 PM,0,1.7727,17.856
11/22/2025,2:30:00 PM,0,1.767,17.825
11/22/2025,2:40:00 PM,0,1.7729,17.732
11/22/2025,2:50:00 PM,0,1.7691,17.64
11/22/2025,3:00:00 PM,0,1.7704,17.67
11/22/2025,3:10:00 PM,0,1.774,17.669
11/22/2025,3:20:00 PM,0,1.7727,17.691
11/22/2025,3:30:00 PM,0,1.7679,17.725
11/22/2025,3:40:00 PM,0,1.7667,17.74
11/22/2025,3:50:00 PM,0,1.7722,17.74
11/22/2025,4:00:00 PM,0,1.7691,17.717
11/22/2025,4:10:00 PM,0,1.7689,17.717
11/22/2025,4:20:00 PM,0,1.771,17.697
11/22/2025,4:30:00 PM,0,1.7653,17.667
11/22/2025,4:40:00 PM,0,1.7796,17.664
11/22/2025,4:50:00 PM,0,1.7593,17.615
11/22/2025,5:00:00 PM,0,1.7592,17.575
11/22/2025,5:10:00 PM,0,1.7575,17.562
11/22/2025,5:20:00 PM,0,1.7566,17.542
11/22/2025,5:30:00 PM,0,1.7594,17.462
11/22/2025,5:40:00 PM,0,1.7614,17.42
11/22/2025,5:50:00 PM,0,1.762,17.404
11/22/2025,6:00:00 PM,0,1.7609,17.374
11/22/2025,6:10:00 PM,0,1.7645,17.327
11/22/2025,6:20:00 PM,0,1.7602,17.279
11/22/2025,6:30:00 PM,0,1.7609,17.221
11/22/2025,6:40:00 PM,0,1.7682,17.157
11/22/2025,6:50:00 PM,0,1.7561,17.087
11/22/2025,7:00:00 PM,0,1.7585,17.051
11/22/2025,7:10:00 PM,0,1.7619,16.995
11/22/2025,7:20:00 PM,0,1.7615,16.952
11/22/2025,7:30:00 PM,0,1.7587,16.93
11/22/2025,7:40:00 PM,0,1.7594,16.919
11/22/2025,7:50:00 PM,0,1.7584,16.929
11/22/2025,8:00:00 PM,0,1.7571,16.93
11/22/2025,8:10:00 PM,0,1.7607,16.908
11/22/2025,8:20:00 PM,0,1.7565,16.872
11/22/2025,8:30:00 PM,0,1.7564,16.855
11/22/2025,8:40:00 PM,0,1.7575,16.842
11/22/2025,8:50:00 PM,0,1.7506,16.822
11/22/2025,9:00:00 PM,0,1.7549,16.794
11/22/2025,9:10:00 PM,0,1.7553,16.746
11/22/2025,9:20:00 PM,0,1.7605,16.687
11/22/2025,9:30:00 PM,0,1.7533,16.619
11/22/2025,9:40:00 PM,0,1.7565,16.561
11/22/2025,9:50:00 PM,0,1.7548,16.517
11/22/2025,10:00:00 PM,0,1.7489,16.472
11/22/2025,10:10:00 PM,0,1.7533,16.432
11/22/2025,10:20:00 PM,0,1.7518,16.403
11/22/2025,10:30:00 PM,0,1.751,16.346
11/22/2025,10:40:00 PM,0,1.7496,16.31
11/22/2025,10:50:00 PM,0,1.7528,16.329
11/22/2025,11:00:00 PM,0,1.7514,16.328
11/22/2025,11:10:00 PM,0,1.7533,16.338
11/22/2025,11:20:00 PM,0,1.7512,16.334
11/22/2025,11:30:00 PM,0,1.7485,16.273
11/22/2025,11:40:00 PM,0,1.748,16.231
11/22/2025,11:50:00 PM,0,1.7534,16.182
11/23/2025,12:00:00 AM,0,1.7512,16.19
11/23/2025,12:10:00 AM,0,1.7538,16.212
11/23/2025,12:20:00 AM,0,1.7456,16.143
11/23/2025,12:30:00 AM,0,1.7469,16.132
11/23/2025,12:40:00 AM,0,1.7451,16.101
11/23/2025,12:50:00 AM,0,1.7455,16.133
11/23/2025,1:00:00 AM,0,1.748,16.093
11/23/2025,1:10:00 AM,0,1.7468,16.063
11/23/2025,1:20:00 AM,0,1.7456,16.018
11/23/2025,1:30:00 AM,0,1.7484,16.004
11/23/2025,1:40:00 AM,0,1.7508,15.959
11/23/2025,1:50:00 AM,0,1.7457,15.952
11/23/2025,2:00:00 AM,0,1.7438,15.911
11/23/2025,2:10:00 AM,0,1.7452,15.916
11/23/2025,2:20:00 AM,0,1.7456,15.892
11/23/2025,2:30:00 AM,0,1.7438,15.853
11/23/2025,2:40:00 AM,0,1.7433,15.812
11/23/2025,2:50:00 AM,0,1.7445,15.769
11/23/2025,3:00:00 AM,0,1.7459,15.722
11/23/2025,3:10:00 AM,0,1.7512,15.67
11/23/2025,3:20:00 AM,0,1.7476,15.669
11/23/2025,3:30:00 AM,0,1.7449,15.666
11/23/2025,3:40:00 AM,0,1.7437,15.675
11/23/2025,3:50:00 AM,0,1.7465,15.657
11/23/2025,4:00:00 AM,0,1.7447,15.647
11/23/2025,4:10:00 AM,0,1.7497,15.651
11/23/2025,4:20:00 AM,0,1.7438,15.668
11/23/2025,4:30:00 AM,0,1.7467,15.675
11/23/2025,4:40:00 AM,0,1.7473,15.613
11/23/2025,4:50:00 AM,0,1.7427,15.572
11/23/2025,5:00:00 AM,0,1.7445,15.528
11/23/2025,5:10:00 AM,0,1.7455,15.513
11/23/2025,5:20:00 AM,0,1.7385,15.476
11/23/2025,5:30:00 AM,0,1.7412,15.487
11/23/2025,5:40:00 AM,0,1.7452,15.459
11/23/2025,5:50:00 AM,0,1.7461,15.415
11/23/2025,6:00:00 AM,0,1.7391,15.393
11/23/2025,6:10:00 AM,0,1.7446,15.379
11/23/2025,6:20:00 AM,0,1.7438,15.342
11/23/2025,6:30:00 AM,0,1.74,15.301
11/23/2025,6:40:00 AM,0,1.7478,15.259
11/23/2025,6:50:00 AM,0,1.7433,15.252
11/23/2025,7:00:00 AM,0,1.7413,15.224
11/23/2025,7:10:00 AM,0,1.7483,15.211
11/23/2025,7:20:00 AM,0,1.7357,15.185
11/23/2025,7:30:00 AM,0,1.7445,15.133
11/23/2025,7:40:00 AM,0,1.7517,15.132
11/23/2025,7:50:00 AM,0,1.7449,15.059
11/23/2025,8:00:00 AM,0,1.7453,15.114
11/23/2025,8:10:00 AM,0,1.7518,15.095
11/23/2025,8:20:00 AM,0,1.7508,15.073
11/23/2025,8:30:00 AM,0,1.7424,15.033
11/23/2025,8:40:00 AM,0,1.7518,15.023
11/23/2025,8:50:00 AM,0,1.7491,15.037
11/23/2025,9:00:00 AM,0,1.741,15.063
11/23/2025,9:10:00 AM,0,1.7464,15.094
11/23/2025,9:20:00 AM,0,1.7484,15.147
11/23/2025,9:30:00 AM,0,1.7414,15.209
11/23/2025,9:40:00 AM,0,1.7481,15.256
11/23/2025,9:50:00 AM,0,1.7442,15.311
11/23/2025,10:00:00 AM,0,1.7415,15.397
11/23/2025,10:10:00 AM,0,1.7448,15.499
11/23/2025,10:20:00 AM,0,1.7407,15.555
11/23/2025,10:30:00 AM,0,1.7414,15.707
11/23/2025,10:40:00 AM,0,1.7353,15.854
11/23/2025,10:50:00 AM,0,1.7399,15.979
11/23/2025,11:00:00 AM,0,1.7427,16.105
11/23/2025,11:10:00 AM,0,1.7364,16.306
11/23/2025,11:20:00 AM,0,1.7439,16.537
11/23/2025,11:30:00 AM,0,1.7413,16.81
11/23/2025,11:40:00 AM,0,1.7412,17.04
11/23/2025,11:50:00 AM,0,1.7415,17.269
11/23/2025,12:00:00 PM,0,1.7377,17.367
11/23/2025,12:10:00 PM,0,1.7334,17.558
11/23/2025,12:20:00 PM,0,1.7409,17.758
11/23/2025,12:30:00 PM,0,1.7416,17.936
11/23/2025,12:40:00 PM,0,1.7362,17.664
11/23/2025,12:50:00 PM,0,1.7406,17.596
11/23/2025,1:00:00 PM,0,1.7399,17.809
11/23/2025,1:10:00 PM,0,1.7366,17.763
11/23/2025,1:20:00 PM,0,1.7412,17.808
11/23/2025,1:30:00 PM,0,1.7414,17.928
11/23/2025,1:40:00 PM,0,1.7386,17.983
11/23/2025,1:50:00 PM,0,1.7438,17.954
11/23/2025,2:00:00 PM,0,1.7453,17.928
11/23/2025,2:10:00 PM,0,1.744,18.081
11/23/2025,2:20:00 PM,0,1.7499,18.115
11/23/2025,2:30:00 PM,0,1.7451,18.184
11/23/2025,2:40:00 PM,0,1.7464,18.201
11/23/2025,2:50:00 PM,0,1.748,18.254
11/23/2025,3:00:00 PM,0,1.7424,18.295
11/23/2025,3:10:00 PM,0,1.742,18.282
11/23/2025,3:20:00 PM,0,1.7473,18.294
11/23/2025,3:30:00 PM,0,1.7426,18.293
11/23/2025,3:40:00 PM,0,1.7502,18.295
11/23/2025,3:50:00 PM,0,1.7441,18.297
11/23/2025,4:00:00 PM,0,1.7361,18.248
11/23/2025,4:10:00 PM,0,1.7366,18.198
11/23/2025,4:20:00 PM,0,1.7435,18.187
11/23/2025,4:30:00 PM,0,1.7401,18.175
11/23/2025,4:40:00 PM,0,1.7445,18.181
11/23/2025,4:50:00 PM,0,1.7378,18.154
11/23/2025,5:00:00 PM,0,1.7354,18.136
11/23/2025,5:10:00 PM,0,1.7398,18.109
11/23/2025,5:20:00 PM,0,1.7387,18.108
11/23/2025,5:30:00 PM,0,1.7359,18.065
11/23/2025,5:40:00 PM,0,1.7427,17.978
11/23/2025,5:50:00 PM,0,1.7362,17.953
11/23/2025,6:00:00 PM,0,1.7376,17.862
11/23/2025,6:10:00 PM,0,1.7404,17.777
11/23/2025,6:20:00 PM,0,1.7351,17.887
11/23/2025,6:30:00 PM,0,1.7407,17.985
11/23/2025,6:40:00 PM,0,1.7536,18.077
11/23/2025,6:50:00 PM,0,1.7489,18.075
11/23/2025,7:00:00 PM,0,1.7346,17.808
11/23/2025,7:10:00 PM,0,1.7357,17.596
11/23/2025,7:20:00 PM,0,1.7348,17.782
11/23/2025,7:30:00 PM,0,1.7374,17.855
11/23/2025,7:40:00 PM,0,1.7454,17.904
11/23/2025,7:50:00 PM,0,1.7375,17.937
11/23/2025,8:00:00 PM,0,1.7364,17.438
11/23/2025,8:10:00 PM,0,1.7436,17.388
11/23/2025,8:20:00 PM,0,1.7454,17.557
11/23/2025,8:30:00 PM,0,1.7391,17.667
11/23/2025,8:40:00 PM,0,1.7454,17.473
11/23/2025,8:50:00 PM,0,1.7424,17.296
11/23/2025,9:00:00 PM,0,1.7381,17.171
11/23/2025,9:10:00 PM,0,1.744,17.076
11/23/2025,9:20:00 PM,0,1.7394,17.048
11/23/2025,9:30:00 PM,0,1.7366,17.002
11/23/2025,9:40:00 PM,0,1.742,16.985
11/23/2025,9:50:00 PM,0,1.7397,16.982
11/23/2025,10:00:00 PM,0,1.7381,16.98
11/23/2025,10:10:00 PM,0,1.7401,16.898
11/23/2025,10:20:00 PM,0,1.7405,16.754
11/23/2025,10:30:00 PM,0,1.738,16.741
11/23/2025,10:40:00 PM,0,1.7412,16.717
11/23/2025,10:50:00 PM,0,1.7346,16.709
11/23/2025,11:00:00 PM,0,1.7371,16.672
11/23/2025,11:10:00 PM,0,1.7369,16.563
11/23/2025,11:20:00 PM,0,1.7385,16.44
11/23/2025,11:30:00 PM,0,1.7359,16.41
11/23/2025,11:40:00 PM,0,1.7364,16.417
11/23/2025,11:50:00 PM,0,1.7414,16.426
11/24/2025,12:00:00 AM,0,1.736,16.445
11/24/2025,12:10:00 AM,0,1.7407,16.445
11/24/2025,12:20:00 AM,0,1.7349,16.418
11/24/2025,12:30:00 AM,0,1.7362,16.414
11/24/2025,12:40:00 AM,0,1.7386,16.396
11/24/2025,12:50:00 AM,0,1.7345,16.394
11/24/2025,1:00:00 AM,0,1.736,16.396
11/24/2025,1:10:00 AM,0,1.7407,16.369
11/24/2025,1:20:00 AM,0,1.7399,16.301
11/24/2025,1:30:00 AM,0,1.7386,16.26
11/24/2025,1:40:00 AM,0,1.7372,16.226
11/24/2025,1:50:00 AM,0,1.7361,16.21
11/24/2025,2:00:00 AM,0,1.7377,16.181
11/24/2025,2:10:00 AM,0,1.7384,16.16
11/24/2025,2:20:00 AM,0,1.7371,16.131
11/24/2025,2:30:00 AM,0,1.7369,16.092
11/24/2025,2:40:00 AM,0,1.733,16.055
11/24/2025,2:50:00 AM,0,1.7395,16.016
11/24/2025,3:00:00 AM,0,1.7371,16.002
11/24/2025,3:10:00 AM,0,1.7313,15.999
11/24/2025,3:20:00 AM,0,1.738,15.995
11/24/2025,3:30:00 AM,0,1.7389,15.987
11/24/2025,3:40:00 AM,0,1.7359,15.942
11/24/2025,3:50:00 AM,0,1.7375,15.907
11/24/2025,4:00:00 AM,0,1.7362,15.877
11/24/2025,4:10:00 AM,0,1.7438,15.843
11/24/2025,4:20:00 AM,0,1.7339,15.818
11/24/2025,4:30:00 AM,0,1.7366,15.806
11/24/2025,4:40:00 AM,0,1.7368,15.762
11/24/2025,4:50:00 AM,0,1.7378,15.744
11/24/2025,5:00:00 AM,0,1.7342,15.728
11/24/2025,5:10:00 AM,0,1.7407,15.704
11/24/2025,5:20:00 AM,0,1.7371,15.666
11/24/2025,5:30:00 AM,0,1.7347,15.627
11/24/2025,5:40:00 AM,0,1.7372,15.602
11/24/2025,5:50:00 AM,0,1.7393,15.583
11/24/2025,6:00:00 AM,0,1.7353,15.577
11/24/2025,6:10:00 AM,0,1.736,15.567
11/24/2025,6:20:00 AM,0,1.7365,15.528
11/24/2025,6:30:00 AM,0,1.736,15.506
11/24/2025,6:40:00 AM,0,1.7447,15.505
11/24/2025,6:50:00 AM,0,1.7368,15.513
11/24/2025,7:00:00 AM,0,1.7378,15.549
11/24/2025,7:10:00 AM,0,1.7435,15.527
11/24/2025,7:20:00 AM,0,1.7433,15.519
11/24/2025,7:30:00 AM,0,1.7436,15.503
11/24/2025,7:40:00 AM,0,1.7515,15.545
11/24/2025,7:50:00 AM,0,1.7467,15.458
11/24/2025,8:00:00 AM,0,1.7398,15.438
11/24/2025,8:10:00 AM,0,1.7468,15.458
11/24/2025,8:20:00 AM,0,1.743,15.499
11/24/2025,8:30:00 AM,0,1.7412,15.543
11/24/2025,8:40:00 AM,0,1.7449,15.571
11/24/2025,8:50:00 AM,0,1.7437,15.617
11/24/2025,9:00:00 AM,0,1.7442,15.672
11/24/2025,9:10:00 AM,0,1.7484,15.727
11/24/2025,9:20:00 AM,0,1.7387,15.772
11/24/2025,9:30:00 AM,0,1.7407,15.809
11/24/2025,9:40:00 AM,0,1.7434,15.845
11/24/2025,9:50:00 AM,0,1.7374,15.843
11/24/2025,10:00:00 AM,0,1.737,15.905
11/24/2025,10:10:00 AM,0,1.7423,16.009
11/24/2025,10:20:00 AM,0,1.7295,16.141
11/24/2025,10:30:00 AM,0,1.7371,16.262
11/24/2025,10:40:00 AM,0,1.7273,16.376
11/24/2025,10:50:00 AM,0,1.7346,16.497
11/24/2025,11:00:00 AM,0,1.7344,16.657
11/24/2025,11:10:00 AM,0,1.7185,16.797
11/24/2025,11:20:00 AM,0,1.7264,16.922
11/24/2025,11:30:00 AM,0,1.7342,17.077
11/24/2025,11:40:00 AM,0,1.7267,17.254
11/24/2025,11:50:00 AM,0,1.7285,17.362
11/24/2025,12:00:00 PM,0,1.7346,17.415
11/24/2025,12:10:00 PM,0,1.7196,17.615
11/24/2025,12:20:00 PM,0,1.7315,17.748
11/24/2025,12:30:00 PM,0,1.7333,17.845
11/24/2025,12:40:00 PM,0,1.7245,17.912
11/24/2025,12:50:00 PM,0,1.7277,17.941
11/24/2025,1:00:00 PM,0,1.7339,18.074
11/24/2025,1:10:00 PM,0,1.7282,18.135
11/24/2025,1:20:00 PM,0,1.7253,18.131
11/24/2025,1:30:00 PM,0,1.7297,18.165
11/24/2025,1:40:00 PM,0,1.7266,18.196
11/24/2025,1:50:00 PM,0,1.7257,18.264
11/24/2025,2:00:00 PM,0,1.7284,18.377
11/24/2025,2:10:00 PM,0,1.7314,18.4
11/24/2025,2:20:00 PM,0,1.7215,18.439
11/24/2025,2:30:00 PM,0,1.725,18.465
11/24/2025,2:40:00 PM,0,1.7203,18.462
11/24/2025,2:50:00 PM,0,1.725,18.466
11/24/2025,3:00:00 PM,0,1.723,18.454
11/24/2025,3:10:00 PM,0,1.7185,18.454
11/24/2025,3:20:00 PM,0,1.7244,18.435
11/24/2025,3:30:00 PM,0,1.7249,18.363
11/24/2025,3:40:00 PM,0,1.7208,18.347
11/24/2025,3:50:00 PM,0,1.7252,18.338
11/24/2025,4:00:00 PM,0,1.7202,18.336
11/24/2025,4:10:00 PM,0,1.7204,18.335
11/24/2025,4:20:00 PM,0,1.7206,18.304
11/24/2025,4:30:00 PM,0,1.72,18.272
11/24/2025,4:40:00 PM,0,1.725,18.228
11/24/2025,4:50:00 PM,0,1.7169,18.185
11/24/2025,5:00:00 PM,0,1.7174,18.139
11/24/2025,5:10:00 PM,0,1.7227,18.129
11/24/2025,5:20:00 PM,0,1.7163,18.063
11/24/2025,5:30:00 PM,0,1.7184,18.03
11/24/2025,5:40:00 PM,0,1.7208,17.99
11/24/2025,5:50:00 PM,0,1.7195,17.998
11/24/2025,6:00:00 PM,0,1.7157,17.965
11/24/2025,6:10:00 PM,0,1.7159,17.938
11/24/2025,6:20:00 PM,0,1.718,17.88
11/24/2025,6:30:00 PM,0,1.715,17.846
11/24/2025,6:40:00 PM,0,1.7148,17.789
11/24/2025,6:50:00 PM,0,1.7143,17.73
11/24/2025,7:00:00 PM,0,1.7137,17.674
11/24/2025,7:10:00 PM,0,1.7185,17.604
11/24/2025,7:20:00 PM,0,1.7132,17.574
11/24/2025,7:30:00 PM,0,1.7113,17.538
11/24/2025,7:40:00 PM,0,1.718,17.487
11/24/2025,7:50:00 PM,0,1.7103,17.427
11/24/2025,8:00:00 PM,0,1.7098,17.391
11/24/2025,8:10:00 PM,0,1.7135,17.358
11/24/2025,8:20:00 PM,0,1.7074,17.177
11/24/2025,8:30:00 PM,0,1.7067,16.931
11/24/2025,8:40:00 PM,0,1.7003,16.701
11/24/2025,8:50:00 PM,0,1.7025,16.626
11/24/2025,9:00:00 PM,0,1.7062,16.559
11/24/2025,9:10:00 PM,0,1.7042,16.483
11/24/2025,9:20:00 PM,0,1.7021,16.441
11/24/2025,9:30:00 PM,0,1.7071,16.391
11/24/2025,9:40:00 PM,0,1.7086,16.393
11/24/2025,9:50:00 PM,0,1.7049,16.36
11/24/2025,10:00:00 PM,0,1.7005,16.319
11/24/2025,10:10:00 PM,0,1.7066,16.318
11/24/2025,10:20:00 PM,0,1.6981,16.267
11/24/2025,10:30:00 PM,0,1.7035,16.235
11/24/2025,10:40:00 PM,0,1.7032,16.245
11/24/2025,10:50:00 PM,0,1.7025,16.279
11/24/2025,11:00:00 PM,0,1.7014,16.299
11/24/2025,11:10:00 PM,0,1.706,16.318
11/24/2025,11:20:00 PM,0,1.7004,16.371
11/24/2025,11:30:00 PM,0,1.6968,16.373
11/24/2025,11:40:00 PM,0,1.6924,16.344
11/24/2025,11:50:00 PM,0,1.6946,16.325
11/25/2025,12:00:00 AM,0,1.6985,16.292
11/25/2025,12:10:00 AM,0,1.688,16.29
11/25/2025,12:20:00 AM,0,1.6927,16.234
11/25/2025,12:30:00 AM,0,1.6964,16.227
11/25/2025,12:40:00 AM,0,1.6984,16.245
11/25/2025,12:50:00 AM,0,1.6929,16.233
11/25/2025,1:00:00 AM,0,1.6943,16.235
11/25/2025,1:10:00 AM,0,1.6957,16.193
11/25/2025,1:20:00 AM,0,1.6925,16.189
11/25/2025,1:30:00 AM,0,1.6965,16.168
11/25/2025,1:40:00 AM,0,1.6896,16.181
11/25/2025,1:50:00 AM,0,1.694,16.151
11/25/2025,2:00:00 AM,0,1.6947,16.148
11/25/2025,2:10:00 AM,0,1.6959,16.138
11/25/2025,2:20:00 AM,0,1.6911,16.143
11/25/2025,2:30:00 AM,0,1.6928,16.091
11/25/2025,2:40:00 AM,0,1.6879,16.066
11/25/2025,2:50:00 AM,0,1.6907,16.049
11/25/2025,3:00:00 AM,0,1.6914,16.011
11/25/2025,3:10:00 AM,0,1.683,15.968
11/25/2025,3:20:00 AM,0,1.6902,15.984
11/25/2025,3:30:00 AM,0,1.6898,15.958
11/25/2025,3:40:00 AM,0,1.6874,15.989
11/25/2025,3:50:00 AM,0,1.6888,16.011
11/25/2025,4:00:00 AM,0,1.6864,16.022
11/25/2025,4:10:00 AM,0,1.6814,15.98
11/25/2025,4:20:00 AM,0,1.69,15.942
11/25/2025,4:30:00 AM,0,1.6879,15.955
11/25/2025,4:40:00 AM,0,1.6874,15.959
11/25/2025,4:50:00 AM,0,1.6897,15.958
11/25/2025,5:00:00 AM,0,1.6874,15.911
11/25/2025,5:10:00 AM,0,1.6853,15.858
11/25/2025,5:20:00 AM,0,1.685,15.852
11/25/2025,5:30:00 AM,0,1.684,15.839
11/25/2025,5:40:00 AM,0,1.6822,15.791
11/25/2025,5:50:00 AM,0,1.684,15.735
11/25/2025,6:00:00 AM,0,1.6838,15.659
11/25/2025,6:10:00 AM,0,1.687,15.638
11/25/2025,6:20:00 AM,0,1.6834,15.614
11/25/2025,6:30:00 AM,0,1.6838,15.581
11/25/2025,6:40:00 AM,0,1.6876,15.579
11/25/2025,6:50:00 AM,0,1.6855,15.537
11/25/2025,7:00:00 AM,0,1.6813,15.603
11/25/2025,7:10:00 AM,0,1.6766,15.599
11/25/2025,7:20:00 AM,0,1.6839,15.531
11/25/2025,7:30:00 AM,0,1.6827,15.469
11/25/2025,7:40:00 AM,0,1.685,15.427
11/25/2025,7:50:00 AM,0,1.6868,15.41
11/25/2025,8:00:00 AM,0,1.6835,15.4
11/25/2025,8:10:00 AM,0,1.6821,15.365
11/25/2025,8:20:00 AM,0,1.6887,15.397
11/25/2025,8:30:00 AM,0,1.6854,15.43
11/25/2025,8:40:00 AM,0,1.6884,15.468
11/25/2025,8:50:00 AM,0,1.6864,15.476
11/25/2025,9:00:00 AM,0,1.6823,15.542
11/25/2025,9:10:00 AM,0,1.6845,15.602
11/25/2025,9:20:00 AM,0,1.6836,15.656
11/25/2025,9:30:00 AM,0,1.6801,15.697
11/25/2025,9:40:00 AM,0,1.6744,15.89
11/25/2025,9:50:00 AM,0,1.6777,16.02
11/25/2025,10:00:00 AM,0,1.68,16.129
11/25/2025,10:10:00 AM,0,1.6781,16.227
11/25/2025,10:20:00 AM,0,1.6785,16.297
11/25/2025,10:30:00 AM,0,1.6788,16.376
11/25/2025,10:40:00 AM,0,1.68,16.471
11/25/2025,10:50:00 AM,0,1.6707,16.626
11/25/2025,11:00:00 AM,0,1.676,16.783
11/25/2025,11:10:00 AM,0,1.6681,16.831
11/25/2025,11:20:00 AM,0,1.6704,16.9
11/25/2025,11:30:00 AM,0,1.6744,17.01
11/25/2025,11:40:00 AM,0,1.6679,17.134
11/25/2025,11:50:00 AM,0,1.6685,17.357
11/25/2025,12:00:00 PM,0,1.6756,17.582
11/25/2025,12:10:00 PM,0,1.6726,17.715
11/25/2025,12:20:00 PM,0,1.6735,17.904
11/25/2025,12:30:00 PM,0,1.677,17.959
11/25/2025,12:40:00 PM,0,1.663,17.78
11/25/2025,12:50:00 PM,0,1.6697,17.985
11/25/2025,1:00:00 PM,0,1.6774,18.155
11/25/2025,1:10:00 PM,0,1.6694,18.255
11/25/2025,1:20:00 PM,0,1.6723,18.29
11/25/2025,1:30:00 PM,0,1.6758,18.301
11/25/2025,1:40:00 PM,0,1.6678,18.378
11/25/2025,1:50:00 PM,0,1.676,18.51
11/25/2025,2:00:00 PM,0,1.6709,18.63
11/25/2025,2:10:00 PM,0,1.6679,18.639
11/25/2025,2:20:00 PM,0,1.6675,18.677
11/25/2025,2:30:00 PM,0,1.6706,18.785
11/25/2025,2:40:00 PM,0,1.6747,18.978
11/25/2025,2:50:00 PM,0,1.6683,18.92
11/25/2025,3:00:00 PM,0,1.6728,18.813
11/25/2025,3:10:00 PM,0,1.6662,18.737
11/25/2025,3:20:00 PM,0,1.6705,18.736
11/25/2025,3:30:00 PM,0,1.6692,18.733
11/25/2025,3:40:00 PM,0,1.6669,18.708
11/25/2025,3:50:00 PM,0,1.6682,18.697
11/25/2025,4:00:00 PM,0,1.6648,18.628
11/25/2025,4:10:00 PM,0,1.6667,18.541
11/25/2025,4:20:00 PM,0,1.667,18.437
11/25/2025,4:30:00 PM,0,1.6634,18.432
11/25/2025,4:40:00 PM,0,1.6677,18.375
11/25/2025,4:50:00 PM,0,1.6554,18.415
11/25/2025,5:00:00 PM,0,1.6622,18.363
11/25/2025,5:10:00 PM,0,1.6671,18.271
11/25/2025,5:20:00 PM,0,1.6621,18.221
11/25/2025,5:30:00 PM,0,1.6592,18.163
11/25/2025,5:40:00 PM,0,1.6609,18.115
11/25/2025,5:50:00 PM,0,1.6577,18.067
11/25/2025,6:00:00 PM,0,1.6561,18.01
11/25/2025,6:10:00 PM,0,1.6632,17.938
11/25/2025,6:20:00 PM,0,1.6603,17.903
11/25/2025,6:30:00 PM,0,1.6558,17.898
11/25/2025,6:40:00 PM,0,1.6612,17.905
11/25/2025,6:50:00 PM,0,1.6591,17.901
11/25/2025,7:00:00 PM,0,1.6574,17.861
11/25/2025,7:10:00 PM,0,1.6572,17.845
11/25/2025,7:20:00 PM,0,1.6569,17.844
11/25/2025,7:30:00 PM,0,1.656,17.82
11/25/2025,7:40:00 PM,0,1.6548,17.768
11/25/2025,7:50:00 PM,0,1.6561,17.694
11/25/2025,8:00:00 PM,0,1.6531,17.618
11/25/2025,8:10:00 PM,0,1.6618,17.517
11/25/2025,8:20:00 PM,0,1.6527,17.507
11/25/2025,8:30:00 PM,0,1.6507,17.472
11/25/2025,8:40:00 PM,0,1.6529,17.413
11/25/2025,8:50:00 PM,0,1.6538,17.37
11/25/2025,9:00:00 PM,0,1.6477,17.294
11/25/2025,9:10:00 PM,0,1.6566,17.218
11/25/2025,9:20:00 PM,0,1.6495,17.16
11/25/2025,9:30:00 PM,0,1.6471,17.04
11/25/2025,9:40:00 PM,0,1.6523,16.924
11/25/2025,9:50:00 PM,0,1.6484,16.861
11/25/2025,10:00:00 PM,0,1.6475,16.79
11/25/2025,10:10:00 PM,0,1.6494,16.733
11/25/2025,10:20:00 PM,0,1.6451,16.708
11/25/2025,10:30:00 PM,0,1.6466,16.672
11/25/2025,10:40:00 PM,0,1.6445,16.626
11/25/2025,10:50:00 PM,0,1.6472,16.563
11/25/2025,11:00:00 PM,0,1.6478,16.521
11/25/2025,11:10:00 PM,0,1.6477,16.48
11/25/2025,11:20:00 PM,0,1.647,16.459
11/25/2025,11:30:00 PM,0,1.6416,16.422
11/25/2025,11:40:00 PM,0,1.6361,16.43
11/25/2025,11:50:00 PM,0,1.6391,16.378
11/26/2025,12:00:00 AM,0,1.6424,16.382
11/26/2025,12:10:00 AM,0,1.6398,16.36
11/26/2025,12:20:00 AM,0,1.6402,16.305
11/26/2025,12:30:00 AM,0,1.6402,16.268
11/26/2025,12:40:00 AM,0,1.6369,16.272
11/26/2025,12:50:00 AM,0,1.6402,16.276
11/26/2025,1:00:00 AM,0,1.6411,16.319
11/26/2025,1:10:00 AM,0,1.642,16.361
11/26/2025,1:20:00 AM,0,1.6406,16.356
11/26/2025,1:30:00 AM,0,1.6395,16.336
11/26/2025,1:40:00 AM,0,1.6432,16.295
11/26/2025,1:50:00 AM,0,1.6387,16.334
11/26/2025,2:00:00 AM,0,1.6384,16.372
11/26/2025,2:10:00 AM,0,1.6363,16.351
11/26/2025,2:20:00 AM,0,1.6368,16.336
11/26/2025,2:30:00 AM,0,1.6372,16.368
11/26/2025,2:40:00 AM,0,1.6311,16.258
11/26/2025,2:50:00 AM,0,1.6324,16.278
11/26/2025,3:00:00 AM,0,1.6345,16.261
11/26/2025,3:10:00 AM,0,1.6313,16.198
11/26/2025,3:20:00 AM,0,1.6353,16.186
11/26/2025,3:30:00 AM,0,1.6328,16.083
11/26/2025,3:40:00 AM,0,1.6339,16.12
11/26/2025,3:50:00 AM,0,1.6342,16.083
11/26/2025,4:00:00 AM,0,1.6325,16.067
11/26/2025,4:10:00 AM,0,1.6331,16.014
11/26/2025,4:20:00 AM,0,1.6299,15.987
11/26/2025,4:30:00 AM,0,1.6306,16.03
11/26/2025,4:40:00 AM,0,1.6308,15.97
11/26/2025,4:50:00 AM,0,1.6342,15.852
11/26/2025,5:00:00 AM,0,1.6311,15.833
11/26/2025,5:10:00 AM,0,1.6279,15.891
11/26/2025,5:20:00 AM,0,1.6315,15.844
11/26/2025,5:30:00 AM,0,1.631,15.83
11/26/2025,5:40:00 AM,0,1.6347,15.847
11/26/2025,5:50:00 AM,0,1.6318,15.828
11/26/2025,6:00:00 AM,0,1.6306,15.861
11/26/2025,6:10:00 AM,0,1.6343,15.838
11/26/2025,6:20:00 AM,0,1.6285,15.784
11/26/2025,6:30:00 AM,0,1.6267,15.762
11/26/2025,6:40:00 AM,0,1.6294,15.78
11/26/2025,6:50:00 AM,0,1.6277,15.763
11/26/2025,7:00:00 AM,0,1.6258,15.711
11/26/2025,7:10:00 AM,0,1.6239,15.759
11/26/2025,7:20:00 AM,0,1.633,15.787
11/26/2025,7:30:00 AM,0,1.6286,15.742
11/26/2025,7:40:00 AM,0,1.6314,15.699
11/26/2025,7:50:00 AM,0,1.632,15.831
11/26/2025,8:00:00 AM,0,1.6329,15.783
11/26/2025,8:10:00 AM,0,1.641,15.757
11/26/2025,8:20:00 AM,0,1.6315,15.679
11/26/2025,8:30:00 AM,0,1.6325,15.606
11/26/2025,8:40:00 AM,0,1.6406,15.624
11/26/2025,8:50:00 AM,0,1.6286,15.635
11/26/2025,9:00:00 AM,0,1.6271,15.69
11/26/2025,9:10:00 AM,0,1.6273,15.742
11/26/2025,9:20:00 AM,0,1.6252,15.849
11/26/2025,9:30:00 AM,0,1.6245,15.883
11/26/2025,9:40:00 AM,0,1.6231,15.948
11/26/2025,9:50:00 AM,0,1.6236,16.011
11/26/2025,10:00:00 AM,0,1.6254,16.166
11/26/2025,10:10:00 AM,0,1.6193,16.298
11/26/2025,10:20:00 AM,0,1.6214,16.338
11/26/2025,10:30:00 AM,0,1.624,16.439
11/26/2025,10:40:00 AM,0,1.6144,16.523
11/26/2025,10:50:00 AM,0,1.6196,16.634
11/26/2025,11:00:00 AM,0,1.6249,16.769
11/26/2025,11:10:00 AM,0,1.6087,16.868
11/26/2025,11:20:00 AM,0,1.6196,16.986
11/26/2025,11:30:00 AM,0,1.6227,17.189
11/26/2025,11:40:00 AM,0,1.6167,17.438
11/26/2025,11:50:00 AM,0,1.6225,17.765
11/26/2025,12:00:00 PM,0,1.6249,17.909
11/26/2025,12:10:00 PM,0,1.6145,17.894
11/26/2025,12:20:00 PM,0,1.6254,17.875
11/26/2025,12:30:00 PM,0,1.6294,17.952
11/26/2025,12:40:00 PM,0,1.6272,18.144
11/26/2025,12:50:00 PM,0,1.6253,18.195
11/26/2025,1:00:00 PM,0,1.6295,18.308
11/26/2025,1:10:00 PM,0,1.6283,18.497
11/26/2025,1:20:00 PM,0,1.6257,18.499
11/26/2025,1:30:00 PM,0,1.6275,18.685
11/26/2025,1:40:00 PM,0,1.6184,18.842
11/26/2025,1:50:00 PM,0,1.6249,18.851
11/26/2025,2:00:00 PM,0,1.6271,18.925
11/26/2025,2:10:00 PM,0,1.6194,19.002
11/26/2025,2:20:00 PM,0,1.629,19.05
11/26/2025,2:30:00 PM,0,1.623,19.005
11/26/2025,2:40:00 PM,0,1.6186,18.928
11/26/2025,2:50:00 PM,0,1.6232,18.878
11/26/2025,3:00:00 PM,0,1.6258,18.813
11/26/2025,3:10:00 PM,0,1.6226,18.843
11/26/2025,3:20:00 PM,0,1.623,18.829
11/26/2025,3:30:00 PM,0,1.6284,19.148
11/26/2025,3:40:00 PM,0,1.6293,19.165
11/26/2025,3:50:00 PM,0,1.6224,19.108
11/26/2025,4:00:00 PM,0,1.6195,19.087
11/26/2025,4:10:00 PM,0,1.6217,19.041
11/26/2025,4:20:00 PM,0,1.6214,18.963
11/26/2025,4:30:00 PM,0,1.6108,18.872
11/26/2025,4:40:00 PM,0,1.6119,18.771
11/26/2025,4:50:00 PM,0,1.6121,18.671
11/26/2025,5:00:00 PM,0,1.6107,18.593
11/26/2025,5:10:00 PM,0,1.6111,18.571
11/26/2025,5:20:00 PM,0,1.6146,18.523
11/26/2025,5:30:00 PM,0,1.6148,18.456
11/26/2025,5:40:00 PM,0,1.6176,18.404
11/26/2025,5:50:00 PM,0,1.6175,18.331
11/26/2025,6:00:00 PM,0,1.6171,18.249
11/26/2025,6:10:00 PM,0,1.6267,18.199
11/26/2025,6:20:00 PM,0,1.6175,18.139
11/26/2025,6:30:00 PM,0,1.613,18.029
11/26/2025,6:40:00 PM,0,1.6135,17.93
11/26/2025,6:50:00 PM,0,1.6164,17.903
11/26/2025,7:00:00 PM,0,1.6134,17.901
11/26/2025,7:10:00 PM,0,1.6155,17.841
11/26/2025,7:20:00 PM,0,1.6133,17.767
11/26/2025,7:30:00 PM,0,1.6107,17.703
11/26/2025,7:40:00 PM,0,1.6137,17.612
11/26/2025,7:50:00 PM,0,1.6137,17.551
11/26/2025,8:00:00 PM,0,1.6119,17.488
11/26/2025,8:10:00 PM,0,1.6145,17.42
11/26/2025,8:20:00 PM,0,1.6125,17.394
11/26/2025,8:30:00 PM,0,1.6103,17.389
11/26/2025,8:40:00 PM,0,1.6191,17.361
11/26/2025,8:50:00 PM,0,1.6077,17.358
11/26/2025,9:00:00 PM,0,1.6081,17.323
11/26/2025,9:10:00 PM,0,1.6076,17.237
11/26/2025,9:20:00 PM,0,1.6075,17.176
11/26/2025,9:30:00 PM,0,1.6075,17.118
11/26/2025,9:40:00 PM,0,1.6075,17.079
11/26/2025,9:50:00 PM,0,1.6105,17.013
11/26/2025,10:00:00 PM,0,1.6101,16.943
11/26/2025,10:10:00 PM,0,1.6123,16.891
11/26/2025,10:20:00 PM,0,1.6114,16.843
11/26/2025,10:30:00 PM,0,1.6117,16.811
11/26/2025,10:40:00 PM,0,1.6053,16.837
11/26/2025,10:50:00 PM,0,1.6094,16.804
11/26/2025,11:00:00 PM,0,1.6095,16.774
11/26/2025,11:10:00 PM,0,1.6114,16.738
11/26/2025,11:20:00 PM,0,1.6091,16.703
11/26/2025,11:30:00 PM,0,1.6057,16.692
11/26/2025,11:40:00 PM,0,1.6026,16.695
11/26/2025,11:50:00 PM,0,1.604,16.68
11/27/2025,12:00:00 AM,0,1.6074,16.65
11/27/2025,12:10:00 AM,0,1.6027,16.66
11/27/2025,12:20:00 AM,0,1.6071,16.64
11/27/2025,12:30:00 AM,0,1.6082,16.662
11/27/2025,12:40:00 AM,0,1.6083,16.638
11/27/2025,12:50:00 AM,0,1.6033,16.598
11/27/2025,1:00:00 AM,0,1.6056,16.586
11/27/2025,1:10:00 AM,0,1.611,16.564
11/27/2025,1:20:00 AM,0,1.6052,16.547
11/27/2025,1:30:00 AM,0,1.6061,16.52
11/27/2025,1:40:00 AM,0,1.6027,16.493
11/27/2025,1:50:00 AM,0,1.5978,16.505
11/27/2025,2:00:00 AM,0,1.6053,16.475
11/27/2025,2:10:00 AM,0,1.598,16.452
11/27/2025,2:20:00 AM,0,1.6021,16.455
11/27/2025,2:30:00 AM,0,1.604,16.44
11/27/2025,2:40:00 AM,0,1.6008,16.396
11/27/2025,2:50:00 AM,0,1.6024,16.388
11/27/2025,3:00:00 AM,0,1.6029,16.36
11/27/2025,3:10:00 AM,0,1.6012,16.293
11/27/2025,3:20:00 AM,0,1.603,16.268
11/27/2025,3:30:00 AM,0,1.6052,16.242
11/27/2025,3:40:00 AM,0,1.6063,16.235
11/27/2025,3:50:00 AM,0,1.6054,16.203
11/27/2025,4:00:00 AM,0,1.6042,16.167
11/27/2025,4:10:00 AM,0,1.6023,16.138
11/27/2025,4:20:00 AM,0,1.6002,16.141
11/27/2025,4:30:00 AM,0,1.6012,16.167
11/27/2025,4:40:00 AM,0,1.6004,16.13
11/27/2025,4:50:00 AM,0,1.6035,16.127
11/27/2025,5:00:00 AM,0,1.6027,16.116
11/27/2025,5:10:00 AM,0,1.6019,16.088
11/27/2025,5:20:00 AM,0,1.6041,16.079
11/27/2025,5:30:00 AM,0,1.6015,16.049
11/27/2025,5:40:00 AM,0,1.604,16.022
11/27/2025,5:50:00 AM,0,1.6015,15.982
11/27/2025,6:00:00 AM,0,1.6005,15.959
11/27/2025,6:10:00 AM,0,1.6016,15.93
11/27/2025,6:20:00 AM,0,1.6026,15.876
11/27/2025,6:30:00 AM,0,1.5998,15.843
11/27/2025,6:40:00 AM,0,1.6035,15.818
11/27/2025,6:50:00 AM,0,1.6025,15.844
11/27/2025,7:00:00 AM,0,1.5994,15.779
11/27/2025,7:10:00 AM,0,1.6039,15.765
11/27/2025,7:20:00 AM,0,1.6012,15.721
11/27/2025,7:30:00 AM,0,1.6024,15.788
11/27/2025,7:40:00 AM,0,1.6025,15.838
11/27/2025,7:50:00 AM,0,1.6042,15.839
11/27/2025,8:00:00 AM,0,1.6023,15.835
11/27/2025,8:10:00 AM,0,1.6071,15.839
11/27/2025,8:20:00 AM,0,1.6067,15.872
11/27/2025,8:30:00 AM,0,1.6008,15.865
11/27/2025,8:40:00 AM,0,1.609,15.813
11/27/2025,8:50:00 AM,0,1.6027,15.848
11/27/2025,9:00:00 AM,0,1.6035,15.909
11/27/2025,9:10:00 AM,0,1.6103,15.882
11/27/2025,9:20:00 AM,0,1.605,15.881
11/27/2025,9:30:00 AM,0,1.6072,15.924
11/27/2025,9:40:00 AM,0,1.5957,15.964
11/27/2025,9:50:00 AM,0,1.6121,15.994
11/27/2025,10:00:00 AM,0,1.6071,16.092
11/27/2025,10:10:00 AM,0,1.6043,16.152
11/27/2025,10:20:00 AM,0,1.6059,16.266
11/27/2025,10:30:00 AM,0,1.6041,16.321
11/27/2025,10:40:00 AM,0,1.5984,16.387
11/27/2025,10:50:00 AM,0,1.5987,16.52
11/27/2025,11:00:00 AM,0,1.6052,16.674
11/27/2025,11:10:00 AM,0,1.5974,16.822
11/27/2025,11:20:00 AM,0,1.5997,16.941
11/27/2025,11:30:00 AM,0,1.6122,17.037
11/27/2025,11:40:00 AM,0,1.5988,17.146
11/27/2025,11:50:00 AM,0,1.6023,17.338
11/27/2025,12:00:00 PM,0,1.6052,17.484
11/27/2025,12:10:00 PM,0,1.6019,17.401
11/27/2025,12:20:00 PM,0,1.6082,17.462
11/27/2025,12:30:00 PM,0,1.603,17.57
11/27/2025,12:40:00 PM,0,1.5988,17.705
11/27/2025,12:50:00 PM,0,1.6058,17.501
11/27/2025,1:00:00 PM,0,1.6096,17.86
11/27/2025,1:10:00 PM,0,1.6122,17.906
11/27/2025,1:20:00 PM,0,1.6032,17.92
11/27/2025,1:30:00 PM,0,1.6106,18.072
11/27/2025,1:40:00 PM,0,1.6039,18.23
11/27/2025,1:50:00 PM,0,1.6083,18.204
11/27/2025,2:00:00 PM,0,1.6073,18.226
11/27/2025,2:10:00 PM,0,1.6025,18.298
11/27/2025,2:20:00 PM,0,1.6002,18.411
11/27/2025,2:30:00 PM,0,1.6068,18.454
11/27/2025,2:40:00 PM,0,1.6088,18.49
11/27/2025,2:50:00 PM,0,1.6047,18.524
11/27/2025,3:00:00 PM,0,1.6055,18.498
11/27/2025,3:10:00 PM,0,1.6076,18.478
11/27/2025,3:20:00 PM,0,1.6077,18.449
11/27/2025,3:30:00 PM,0,1.6095,18.394
11/27/2025,3:40:00 PM,0,1.6106,18.326
11/27/2025,3:50:00 PM,0,1.6009,18.282
11/27/2025,4:00:00 PM,0,1.6085,18.269
11/27/2025,4:10:00 PM,0,1.6086,18.259
11/27/2025,4:20:00 PM,0,1.6082,18.21
11/27/2025,4:30:00 PM,0,1.6008,18.25
11/27/2025,4:40:00 PM,0,1.5994,18.279
11/27/2025,4:50:00 PM,0,1.5988,18.273
11/27/2025,5:00:00 PM,0,1.6004,18.227
11/27/2025,5:10:00 PM,0,1.5978,18.178
11/27/2025,5:20:00 PM,0,1.6031,18.143
11/27/2025,5:30:00 PM,0,1.5998,18.099
11/27/2025,5:40:00 PM,0,1.6083,18.027
11/27/2025,5:50:00 PM,0,1.5999,17.984
11/27/2025,6:00:00 PM,0,1.5999,17.978
11/27/2025,6:10:00 PM,0,1.6051,17.956
11/27/2025,6:20:00 PM,0,1.6011,17.922
11/27/2025,6:30:00 PM,0,1.5992,17.877
11/27/2025,6:40:00 PM,0,1.6045,17.841
11/27/2025,6:50:00 PM,0,1.6014,17.803
11/27/2025,7:00:00 PM,0,1.5984,17.764
11/27/2025,7:10:00 PM,0,1.6016,17.729
11/27/2025,7:20:00 PM,0,1.6017,17.682
11/27/2025,7:30:00 PM,0,1.5973,17.659
11/27/2025,7:40:00 PM,0,1.5963,17.678
11/27/2025,7:50:00 PM,0,1.599,17.653
11/27/2025,8:00:00 PM,0,1.5981,17.665
11/27/2025,8:10:00 PM,0,1.5941,17.639
11/27/2025,8:20:00 PM,0,1.5979,17.58
11/27/2025,8:30:00 PM,0,1.5965,17.541
11/27/2025,8:40:00 PM,0,1.5983,17.507
11/27/2025,8:50:00 PM,0,1.5992,17.434
11/27/2025,9:00:00 PM,0,1.5955,17.333
11/27/2025,9:10:00 PM,0,1.6017,17.268
11/27/2025,9:20:00 PM,0,1.5998,17.214
11/27/2025,9:30:00 PM,0,1.5968,17.172
11/27/2025,9:40:00 PM,0,1.5981,17.129
11/27/2025,9:50:00 PM,0,1.6,17.085
11/27/2025,10:00:00 PM,0,1.595,17.026
11/27/2025,10:10:00 PM,0,1.5966,16.961
11/27/2025,10:20:00 PM,0,1.5949,16.889
11/27/2025,10:30:00 PM,0,1.5957,16.823
11/27/2025,10:40:00 PM,0,1.589,16.748
11/27/2025,10:50:00 PM,0,1.5964,16.707
11/27/2025,11:00:00 PM,0,1.5974,16.664
11/27/2025,11:10:00 PM,0,1.5987,16.655
11/27/2025,11:20:00 PM,0,1.5972,16.643
11/27/2025,11:30:00 PM,0,1.5948,16.638
11/27/2025,11:40:00 PM,0,1.5978,16.603
11/27/2025,11:50:00 PM,0,1.5906,16.563
11/28/2025,12:00:00 AM,0,1.5946,16.526
11/28/2025,12:10:00 AM,0,1.5901,16.516
11/28/2025,12:20:00 AM,0,1.5928,16.505
11/28/2025,12:30:00 AM,0,1.592,16.493
11/28/2025,12:40:00 AM,0,1.5914,16.463
11/28/2025,12:50:00 AM,0,1.5933,16.455
11/28/2025,1:00:00 AM,0,1.5935,16.451
11/28/2025,1:10:00 AM,0,1.5886,16.437
11/28/2025,1:20:00 AM,0,1.5913,16.408
11/28/2025,1:30:00 AM,0,1.595,16.412
11/28/2025,1:40:00 AM,0,1.5977,16.387
11/28/2025,1:50:00 AM,0,1.5925,16.34
11/28/2025,2:00:00 AM,0,1.5937,16.309
11/28/2025,2:10:00 AM,0,1.5886,16.279
11/28/2025,2:20:00 AM,0,1.5923,16.259
11/28/2025,2:30:00 AM,0,1.5953,16.224
11/28/2025,2:40:00 AM,0,1.5894,16.189
11/28/2025,2:50:00 AM,0,1.5954,16.155
11/28/2025,3:00:00 AM,0,1.5947,16.13
11/28/2025,3:10:00 AM,0,1.5987,16.101
11/28/2025,3:20:00 AM,0,1.5936,16.083
11/28/2025,3:30:00 AM,0,1.5926,16.089
11/28/2025,3:40:00 AM,0,1.5903,16.058
11/28/2025,3:50:00 AM,0,1.5931,16.007
11/28/2025,4:00:00 AM,0,1.5942,15.94
11/28/2025,4:10:00 AM,0,1.5945,15.933
11/28/2025,4:20:00 AM,0,1.5938,15.936
11/28/2025,4:30:00 AM,0,1.5934,15.893
11/28/2025,4:40:00 AM,0,1.5893,15.879
11/28/2025,4:50:00 AM,0,1.5946,15.857
11/28/2025,5:00:00 AM,0,1.5907,15.853
11/28/2025,5:10:00 AM,0,1.5964,15.805
11/28/2025,5:20:00 AM,0,1.5917,15.786
11/28/2025,5:30:00 AM,0,1.5953,15.758
11/28/2025,5:40:00 AM,0,1.5929,15.751
11/28/2025,5:50:00 AM,0,1.5975,15.736
11/28/2025,6:00:00 AM,0,1.5933,15.702
11/28/2025,6:10:00 AM,0,1.6083,15.725
11/28/2025,6:20:00 AM,0,1.5918,15.689
11/28/2025,6:30:00 AM,0,1.5955,15.68
11/28/2025,6:40:00 AM,0,1.595,15.671
11/28/2025,6:50:00 AM,0,1.6012,15.705
11/28/2025,7:00:00 AM,0,1.5966,15.742
11/28/2025,7:10:00 AM,0,1.603,15.739
11/28/2025,7:20:00 AM,0,1.6007,15.733
11/28/2025,7:30:00 AM,0,1.599,15.723
11/28/2025,7:40:00 AM,0,1.5927,15.718
11/28/2025,7:50:00 AM,0,1.6026,15.714
11/28/2025,8:00:00 AM,0,1.6002,15.71
11/28/2025,8:10:00 AM,0,1.61,15.685
11/28/2025,8:20:00 AM,0,1.6047,15.697
11/28/2025,8:30:00 AM,0,1.6022,15.706
11/28/2025,8:40:00 AM,0,1.6067,15.713
11/28/2025,8:50:00 AM,0,1.598,15.743
11/28/2025,9:00:00 AM,0,1.5983,15.796
11/28/2025,9:10:00 AM,0,1.6053,15.828
11/28/2025,9:20:00 AM,0,1.599,15.871
11/28/2025,9:30:00 AM,0,1.5996,15.918
11/28/2025,9:40:00 AM,0,1.5965,16.02
11/28/2025,9:50:00 AM,0,1.5973,16.119
11/28/2025,10:00:00 AM,0,1.5977,16.216
11/28/2025,10:10:00 AM,0,1.5926,16.314
11/28/2025,10:20:00 AM,0,1.5964,16.381
11/28/2025,10:30:00 AM,0,1.597,16.465
11/28/2025,10:40:00 AM,0,1.5863,16.56
11/28/2025,10:50:00 AM,0,1.5958,16.717
11/28/2025,11:00:00 AM,0,1.5986,16.843
11/28/2025,11:10:00 AM,0,1.5912,16.975
11/28/2025,11:20:00 AM,0,1.5947,17.124
11/28/2025,11:30:00 AM,0,1.5981,17.24
11/28/2025,11:40:00 AM,0,1.5957,17.355
11/28/2025,11:50:00 AM,0,1.593,17.532
11/28/2025,12:00:00 PM,0,1.597,17.658
11/28/2025,12:10:00 PM,0,1.5855,17.803
11/28/2025,12:20:00 PM,0,1.5982,17.947
11/28/2025,12:30:00 PM,0,1.6001,18.015
11/28/2025,12:40:00 PM,0,1.5932,18.122
11/28/2025,12:50:00 PM,0,1.5973,18.173
11/28/2025,1:00:00 PM,0,1.5993,18.21
11/28/2025,1:10:00 PM,0,1.5933,18.291
11/28/2025,1:20:00 PM,0,1.5978,18.316
11/28/2025,1:30:00 PM,0,1.602,18.26
11/28/2025,1:40:00 PM,0,1.5947,18.248
11/28/2025,1:50:00 PM,0,1.5988,18.318
11/28/2025,2:00:00 PM,0,1.5997,18.39
11/28/2025,2:10:00 PM,0,1.5972,18.402
11/28/2025,2:20:00 PM,0,1.5989,18.421
11/28/2025,2:30:00 PM,0,1.5985,18.398
11/28/2025,2:40:00 PM,0,1.5988,18.376
11/28/2025,2:50:00 PM,0,1.5978,18.422
11/28/2025,3:00:00 PM,0,1.5992,18.368
11/28/2025,3:10:00 PM,0,1.5951,18.346
11/28/2025,3:20:00 PM,0,1.5951,18.35
11/28/2025,3:30:00 PM,0,1.6005,18.436
11/28/2025,3:40:00 PM,0,1.5973,18.482
11/28/2025,3:50:00 PM,0,1.6026,18.46
11/28/2025,4:00:00 PM,0,1.5983,18.392
11/28/2025,4:10:00 PM,0,1.6056,18.338
11/28/2025,4:20:00 PM,0,1.6023,18.303
11/28/2025,4:30:00 PM,0,1.5977,18.243
11/28/2025,4:40:00 PM,0,1.5988,18.189
11/28/2025,4:50:00 PM,0,1.5913,18.124
11/28/2025,5:00:00 PM,0,1.5935,18.052
11/28/2025,5:10:00 PM,0,1.5881,17.977
11/28/2025,5:20:00 PM,0,1.6013,17.924
11/28/2025,5:30:00 PM,0,1.5946,17.911
11/28/2025,5:40:00 PM,0,1.5893,17.89
11/28/2025,5:50:00 PM,0,1.5949,17.875
11/28/2025,6:00:00 PM,0,1.5951,17.855
11/28/2025,6:10:00 PM,0,1.6098,17.824
11/28/2025,6:20:00 PM,0,1.5974,17.777
11/28/2025,6:30:00 PM,0,1.5953,17.714
11/28/2025,6:40:00 PM,0,1.5931,17.651
11/28/2025,6:50:00 PM,0,1.5967,17.558
11/28/2025,7:00:00 PM,0,1.5955,17.542
11/28/2025,7:10:00 PM,0,1.6004,17.47
11/28/2025,7:20:00 PM,0,1.5963,17.4
11/28/2025,7:30:00 PM,0,1.5932,17.343
11/28/2025,7:40:00 PM,0,1.5985,17.356
11/28/2025,7:50:00 PM,0,1.5921,17.32
11/28/2025,8:00:00 PM,0,1.5939,17.288
11/28/2025,8:10:00 PM,0,1.5928,17.206
11/28/2025,8:20:00 PM,0,1.5962,17.203
11/28/2025,8:30:00 PM,0,1.5932,17.214
11/28/2025,8:40:00 PM,0,1.5977,17.189
11/28/2025,8:50:00 PM,0,1.5929,17.159
11/28/2025,9:00:00 PM,0,1.5914,17.179
11/28/2025,9:10:00 PM,0,1.5993,17.169
11/28/2025,9:20:00 PM,0,1.594,17.136
11/28/2025,9:30:00 PM,0,1.5932,17.146
11/28/2025,9:40:00 PM,0,1.5979,17.113
11/28/2025,9:50:00 PM,0,1.592,16.907
11/28/2025,10:00:00 PM,0,1.5907,16.839
11/28/2025,10:10:00 PM,0,1.5944,16.862
11/28/2025,10:20:00 PM,0,1.59,16.853
11/28/2025,10:30:00 PM,0,1.5914,16.796
11/28/2025,10:40:00 PM,0,1.5897,16.756
11/28/2025,10:50:00 PM,0,1.5886,16.723
11/28/2025,11:00:00 PM,0,1.5886,16.677
11/28/2025,11:10:00 PM,0,1.5815,16.649
11/28/2025,11:20:00 PM,0,1.5849,16.601
11/28/2025,11:30:00 PM,0,1.5901,16.596
11/28/2025,11:40:00 PM,0,1.5931,16.59
11/28/2025,11:50:00 PM,0,1.5898,16.617
11/29/2025,12:00:00 AM,0,1.5906,16.608
11/29/2025,12:10:00 AM,0,1.597,16.594
11/29/2025,12:20:00 AM,0,1.5902,16.585
11/29/2025,12:30:00 AM,0,1.5927,16.588
11/29/2025,12:40:00 AM,0,1.5969,16.604
11/29/2025,12:50:00 AM,0,1.5903,16.586
11/29/2025,1:00:00 AM,0,1.592,16.576
11/29/2025,1:10:00 AM,0,1.5952,16.562
11/29/2025,1:20:00 AM,0,1.5867,16.561
11/29/2025,1:30:00 AM,0,1.5951,16.516
11/29/2025,1:40:00 AM,0,1.5956,16.519
11/29/2025,1:50:00 AM,0,1.5959,16.532
11/29/2025,2:00:00 AM,0,1.59,16.543
11/29/2025,2:10:00 AM,0,1.5883,16.554
11/29/2025,2:20:00 AM,0,1.5973,16.538
11/29/2025,2:30:00 AM,0,1.5905,16.475
11/29/2025,2:40:00 AM,0,1.594,16.478
11/29/2025,2:50:00 AM,0,1.5928,16.443
11/29/2025,3:00:00 AM,0,1.5897,16.406
11/29/2025,3:10:00 AM,0,1.5786,16.392
11/29/2025,3:20:00 AM,0,1.5879,16.356
11/29/2025,3:30:00 AM,0,1.5904,16.333
11/29/2025,3:40:00 AM,0,1.5815,16.376
11/29/2025,3:50:00 AM,0,1.5899,16.387
11/29/2025,4:00:00 AM,0,1.592,16.396
11/29/2025,4:10:00 AM,0,1.5944,16.383
11/29/2025,4:20:00 AM,0,1.5973,16.369
11/29/2025,4:30:00 AM,0,1.5917,16.369
11/29/2025,4:40:00 AM,0,1.6051,16.411
11/29/2025,4:50:00 AM,0,1.5936,16.41
11/29/2025,5:00:00 AM,0,1.5907,16.42
11/29/2025,5:10:00 AM,0,1.5863,16.413
11/29/2025,5:20:00 AM,0,1.5915,16.411
11/29/2025,5:30:00 AM,0,1.5919,16.37
11/29/2025,5:40:00 AM,0,1.5974,16.366
11/29/2025,5:50:00 AM,0,1.5918,16.324
11/29/2025,6:00:00 AM,0,1.5899,16.28
11/29/2025,6:10:00 AM,0,1.5909,16.25
11/29/2025,6:20:00 AM,0,1.5899,16.202
11/29/2025,6:30:00 AM,0,1.5884,16.197
11/29/2025,6:40:00 AM,0,1.5829,16.178
11/29/2025,6:50:00 AM,0,1.5864,16.155
11/29/2025,7:00:00 AM,0,1.591,16.169
11/29/2025,7:10:00 AM,0,1.5925,16.183
11/29/2025,7:20:00 AM,0,1.5923,16.151
11/29/2025,7:30:00 AM,0,1.5912,16.173
11/29/2025,7:40:00 AM,0,1.5998,16.175
11/29/2025,7:50:00 AM,0,1.5957,16.139
11/29/2025,8:00:00 AM,0,1.5949,16.146
11/29/2025,8:10:00 AM,0,1.5959,16.209
11/29/2025,8:20:00 AM,0,1.6014,16.215
11/29/2025,8:30:00 AM,0,1.599,16.25
11/29/2025,8:40:00 AM,0,1.604,16.26
11/29/2025,8:50:00 AM,0,1.5965,16.226
11/29/2025,9:00:00 AM,0,1.5925,16.29
11/29/2025,9:10:00 AM,0,1.5896,16.278
11/29/2025,9:20:00 AM,0,1.5879,16.261
11/29/2025,9:30:00 AM,0,1.5903,16.265
11/29/2025,9:40:00 AM,0,1.5945,16.34
11/29/2025,9:50:00 AM,0,1.5945,16.385
11/29/2025,10:00:00 AM,0,1.5917,16.544
11/29/2025,10:10:00 AM,0,1.5913,16.64
11/29/2025,10:20:00 AM,0,1.5963,16.74
11/29/2025,10:30:00 AM,0,1.5953,16.833
11/29/2025,10:40:00 AM,0,1.5923,16.924
11/29/2025,10:50:00 AM,0,1.5931,16.998
11/29/2025,11:00:00 AM,0,1.5934,17.054
11/29/2025,11:10:00 AM,0,1.5794,17.124
11/29/2025,11:20:00 AM,0,1.5907,17.2
11/29/2025,11:30:00 AM,0,1.5944,17.301
11/29/2025,11:40:00 AM,0,1.5887,17.479
11/29/2025,11:50:00 AM,0,1.5948,17.559
11/29/2025,12:00:00 PM,0,1.5929,17.601
11/29/2025,12:10:00 PM,0,1.5794,17.647
11/29/2025,12:20:00 PM,0,1.5921,17.697
11/29/2025,12:30:00 PM,0,1.5937,17.785
11/29/2025,12:40:00 PM,0,1.5881,17.857
11/29/2025,12:50:00 PM,0,1.5905,18.104
11/29/2025,1:00:00 PM,0,1.5961,18.368
11/29/2025,1:10:00 PM,0,1.5892,18.537
11/29/2025,1:20:00 PM,0,1.5976,18.629
11/29/2025,1:30:00 PM,0,1.5969,18.785
11/29/2025,1:40:00 PM,0,1.5911,18.876
11/29/2025,1:50:00 PM,0,1.5931,19.015
11/29/2025,2:00:00 PM,0,1.5996,18.957
11/29/2025,2:10:00 PM,0,1.5973,18.967
11/29/2025,2:20:00 PM,0,1.6054,19.024
11/29/2025,2:30:00 PM,0,1.6,19.044
11/29/2025,2:40:00 PM,0,1.6015,19.037
11/29/2025,2:50:00 PM,0,1.5983,19.033
11/29/2025,3:00:00 PM,0,1.5982,18.958
11/29/2025,3:10:00 PM,0,1.5969,18.882
11/29/2025,3:20:00 PM,0,1.5966,18.777
11/29/2025,3:30:00 PM,0,1.5948,18.73
11/29/2025,3:40:00 PM,0,1.5874,18.67
11/29/2025,3:50:00 PM,0,1.5925,18.563
11/29/2025,4:00:00 PM,0,1.5917,18.426
11/29/2025,4:10:00 PM,0,1.6001,18.449
11/29/2025,4:20:00 PM,0,1.5951,18.442
11/29/2025,4:30:00 PM,0,1.5875,18.346
11/29/2025,4:40:00 PM,0,1.59,18.264
11/29/2025,4:50:00 PM,0,1.5923,18.186
11/29/2025,5:00:00 PM,0,1.5886,18.15
11/29/2025,5:10:00 PM,0,1.5905,18.145
11/29/2025,5:20:00 PM,0,1.59,18.154
11/29/2025,5:30:00 PM,0,1.5904,18.161
11/29/2025,5:40:00 PM,0,1.6011,18.139
11/29/2025,5:50:00 PM,0,1.5931,18.114
11/29/2025,6:00:00 PM,0,1.5901,18.067
11/29/2025,6:10:00 PM,0,1.5978,18.042
11/29/2025,6:20:00 PM,0,1.5889,18.013
11/29/2025,6:30:00 PM,0,1.5891,17.956
11/29/2025,6:40:00 PM,0,1.5882,17.913
11/29/2025,6:50:00 PM,0,1.5861,17.915
11/29/2025,7:00:00 PM,0,1.5878,17.915
11/29/2025,7:10:00 PM,0,1.5792,17.905
11/29/2025,7:20:00 PM,0,1.5863,17.891
11/29/2025,7:30:00 PM,0,1.5853,17.877
11/29/2025,7:40:00 PM,0,1.592,17.857
11/29/2025,7:50:00 PM,0,1.5891,17.822
11/29/2025,8:00:00 PM,0,1.5866,17.766
11/29/2025,8:10:00 PM,0,1.5846,17.717
11/29/2025,8:20:00 PM,0,1.5862,17.687
11/29/2025,8:30:00 PM,0,1.5854,17.654
11/29/2025,8:40:00 PM,0,1.5814,17.605
11/29/2025,8:50:00 PM,0,1.586,17.563
11/29/2025,9:00:00 PM,0,1.5849,17.525
11/29/2025,9:10:00 PM,0,1.5719,17.505
11/29/2025,9:20:00 PM,0,1.5843,17.459
11/29/2025,9:30:00 PM,0,1.586,17.425
11/29/2025,9:40:00 PM,0,1.5874,17.399
11/29/2025,9:50:00 PM,0,1.5839,17.353
11/29/2025,10:00:00 PM,0,1.5838,17.355
11/29/2025,10:10:00 PM,0,1.5874,17.333
11/29/2025,10:20:00 PM,0,1.5849,17.319
11/29/2025,10:30:00 PM,0,1.5844,17.267
11/29/2025,10:40:00 PM,0,1.5832,17.203
11/29/2025,10:50:00 PM,0,1.5865,17.151
11/29/2025,11:00:00 PM,0,1.5836,17.117
11/29/2025,11:10:00 PM,0,1.5799,17.102
11/29/2025,11:20:00 PM,0,1.5766,17.097
11/29/2025,11:30:00 PM,0,1.5828,17.041
11/29/2025,11:40:00 PM,0,1.5868,17.016
11/29/2025,11:50:00 PM,0,1.5824,16.993
11/30/2025,12:00:00 AM,0,1.5844,16.962
11/30/2025,12:10:00 AM,0,1.5884,16.946
11/30/2025,12:20:00 AM,0,1.5832,16.967
11/30/2025,12:30:00 AM,0,1.5818,16.979
11/30/2025,12:40:00 AM,0,1.5794,16.979
11/30/2025,12:50:00 AM,0,1.5812,16.942
11/30/2025,1:00:00 AM,0,1.584,16.913
11/30/2025,1:10:00 AM,0,1.5784,16.913
11/30/2025,1:20:00 AM,0,1.5801,16.92
11/30/2025,1:30:00 AM,0,1.582,16.871
11/30/2025,1:40:00 AM,0,1.5819,16.835
11/30/2025,1:50:00 AM,0,1.5863,16.824
11/30/2025,2:00:00 AM,0,1.5832,16.813
11/30/2025,2:10:00 AM,0,1.5856,16.824
11/30/2025,2:20:00 AM,0,1.5828,16.815
11/30/2025,2:30:00 AM,0,1.5809,16.788
11/30/2025,2:40:00 AM,0,1.5787,16.751
11/30/2025,2:50:00 AM,0,1.5789,16.746
11/30/2025,3:00:00 AM,0,1.5808,16.739
11/30/2025,3:10:00 AM,0,1.5782,16.709
11/30/2025,3:20:00 AM,0,1.583,16.682
11/30/2025,3:30:00 AM,0,1.5819,16.704
11/30/2025,3:40:00 AM,0,1.5877,16.701
11/30/2025,3:50:00 AM,0,1.582,16.709
11/30/2025,4:00:00 AM,0,1.5829,16.697
11/30/2025,4:10:00 AM,0,1.58,16.687
11/30/2025,4:20:00 AM,0,1.5808,16.693
11/30/2025,4:30:00 AM,0,1.5821,16.685
11/30/2025,4:40:00 AM,0,1.5785,16.626
11/30/2025,4:50:00 AM,0,1.5835,16.609
11/30/2025,5:00:00 AM,0,1.583,16.605
11/30/2025,5:10:00 AM,0,1.5796,16.619
11/30/2025,5:20:00 AM,0,1.5828,16.618
11/30/2025,5:30:00 AM,0,1.5819,16.612
11/30/2025,5:40:00 AM,0,1.5815,16.574
11/30/2025,5:50:00 AM,0,1.5776,16.462
11/30/2025,6:00:00 AM,0,1.581,16.337
11/30/2025,6:10:00 AM,0,1.5841,16.276
11/30/2025,6:20:00 AM,0,1.5815,16.239
11/30/2025,6:30:00 AM,0,1.581,16.205
11/30/2025,6:40:00 AM,0,1.5804,16.126
11/30/2025,6:50:00 AM,0,1.5765,16.077
11/30/2025,7:00:00 AM,0,1.5806,16.085
11/30/2025,7:10:00 AM,0,1.5728,16.081
11/30/2025,7:20:00 AM,0,1.5829,16.056
11/30/2025,7:30:00 AM,0,1.5862,15.983
11/30/2025,7:40:00 AM,0,1.5981,15.996
11/30/2025,7:50:00 AM,0,1.5882,16.031
11/30/2025,8:00:00 AM,0,1.5805,16.047
11/30/2025,8:10:00 AM,0,1.5864,16
11/30/2025,8:20:00 AM,0,1.5854,15.979
11/30/2025,8:30:00 AM,0,1.5808,15.997
11/30/2025,8:40:00 AM,0,1.5832,16.06
11/30/2025,8:50:00 AM,0,1.5863,16.193
11/30/2025,9:00:00 AM,0,1.5845,16.253
11/30/2025,9:10:00 AM,0,1.5832,16.214
11/30/2025,9:20:00 AM,0,1.5886,16.27
11/30/2025,9:30:00 AM,0,1.5885,16.265
11/30/2025,9:40:00 AM,0,1.5915,16.304
11/30/2025,9:50:00 AM,0,1.5909,16.393
11/30/2025,10:00:00 AM,0,1.5804,16.497
11/30/2025,10:10:00 AM,0,1.5756,16.561
11/30/2025,10:20:00 AM,0,1.585,16.639
11/30/2025,10:30:00 AM,0,1.5829,16.756
11/30/2025,10:40:00 AM,0,1.5772,16.854
11/30/2025,10:50:00 AM,0,1.5839,16.977
11/30/2025,11:00:00 AM,0,1.5874,17.137
11/30/2025,11:10:00 AM,0,1.5788,17.245
11/30/2025,11:20:00 AM,0,1.5827,17.297
11/30/2025,11:30:00 AM,0,1.5866,17.413
11/30/2025,11:40:00 AM,0,1.5765,17.617
11/30/2025,11:50:00 AM,0,1.5804,17.753
11/30/2025,12:00:00 PM,0,1.5896,17.859
11/30/2025,12:10:00 PM,0,1.5828,18.013
11/30/2025,12:20:00 PM,0,1.5864,18.118
11/30/2025,12:30:00 PM,0,1.5848,18.201
11/30/2025,12:40:00 PM,0,1.5779,18.269
11/30/2025,12:50:00 PM,0,1.5864,18.258
11/30/2025,1:00:00 PM,0,1.588,18.208
11/30/2025,1:10:00 PM,0,1.5777,18.238
11/30/2025,1:20:00 PM,0,1.5833,18.244
11/30/2025,1:30:00 PM,0,1.5887,18.238
11/30/2025,1:40:00 PM,0,1.5835,18.228
11/30/2025,1:50:00 PM,0,1.5903,18.222
11/30/2025,2:00:00 PM,0,1.59,18.248
11/30/2025,2:10:00 PM,0,1.5829,18.286
11/30/2025,2:20:00 PM,0,1.5894,18.324
11/30/2025,2:30:00 PM,0,1.5876,18.368
11/30/2025,2:40:00 PM,0,1.5886,18.388
11/30/2025,2:50:00 PM,0,1.5867,18.367
11/30/2025,3:00:00 PM,0,1.5904,18.348
11/30/2025,3:10:00 PM,0,1.5899,18.322
11/30/2025,3:20:00 PM,0,1.5888,18.331
11/30/2025,3:30:00 PM,0,1.5888,18.309
11/30/2025,3:40:00 PM,0,1.5968,18.231
11/30/2025,3:50:00 PM,0,1.5893,18.182
11/30/2025,4:00:00 PM,0,1.5904,18.186
11/30/2025,4:10:00 PM,0,1.584,18.173
11/30/2025,4:20:00 PM,0,1.5922,18.123
11/30/2025,4:30:00 PM,0,1.5855,18.065
11/30/2025,4:40:00 PM,0,1.5832,18.009
11/30/2025,4:50:00 PM,0,1.5872,17.971
11/30/2025,5:00:00 PM,0,1.5829,17.922
11/30/2025,5:10:00 PM,0,1.5837,17.853
11/30/2025,5:20:00 PM,0,1.5855,17.826
11/30/2025,5:30:00 PM,0,1.5822,17.774
11/30/2025,5:40:00 PM,0,1.587,17.731
11/30/2025,5:50:00 PM,0,1.5839,17.672
11/30/2025,6:00:00 PM,0,1.5819,17.616
11/30/2025,6:10:00 PM,0,1.5854,17.589
11/30/2025,6:20:00 PM,0,1.5812,17.576
11/30/2025,6:30:00 PM,0,1.5849,17.562
11/30/2025,6:40:00 PM,0,1.5906,17.496
11/30/2025,6:50:00 PM,0,1.5857,17.449
11/30/2025,7:00:00 PM,0,1.5832,17.42
11/30/2025,7:10:00 PM,0,1.5877,17.391
11/30/2025,7:20:00 PM,0,1.5815,17.346
11/30/2025,7:30:00 PM,0,1.5831,17.286
11/30/2025,7:40:00 PM,0,1.5873,17.234
11/30/2025,7:50:00 PM,0,1.5844,17.225
11/30/2025,8:00:00 PM,0,1.5796,17.2
11/30/2025,8:10:00 PM,0,1.5874,17.153
11/30/2025,8:20:00 PM,0,1.5838,17.063
11/30/2025,8:30:00 PM,0,1.58,17.006
11/30/2025,8:40:00 PM,0,1.586,16.987
11/30/2025,8:50:00 PM,0,1.5822,16.985
11/30/2025,9:00:00 PM,0,1.5826,16.888
11/30/2025,9:10:00 PM,0,1.5931,16.804
11/30/2025,9:20:00 PM,0,1.5782,16.744
11/30/2025,9:30:00 PM,0,1.5802,16.694
11/30/2025,9:40:00 PM,0,1.5781,16.687
11/30/2025,9:50:00 PM,0,1.5836,16.655
11/30/2025,10:00:00 PM,0,1.5797,16.628
11/30/2025,10:10:00 PM,0,1.5827,16.583
11/30/2025,10:20:00 PM,0,1.5804,16.539
11/30/2025,10:30:00 PM,0,1.5812,16.518
11/30/2025,10:40:00 PM,0,1.5841,16.517
11/30/2025,10:50:00 PM,0,1.5827,16.494
11/30/2025,11:00:00 PM,0,1.5775,16.479
11/30/2025,11:10:00 PM,0,1.5844,16.456
11/30/2025,11:20:00 PM,0,1.5782,16.483
11/30/2025,11:30:00 PM,0,1.579,16.573
11/30/2025,11:40:00 PM,0,1.5811,16.616
11/30/2025,11:50:00 PM,0,1.5807,16.627
12/1/2025,12:00:00 AM,0,1.579,16.632
12/1/2025,12:10:00 AM,0,1.5807,16.618
12/1/2025,12:20:00 AM,0,1.5784,16.61
12/1/2025,12:30:00 AM,0,1.5784,16.613
12/1/2025,12:40:00 AM,0,1.5766,16.615
12/1/2025,12:50:00 AM,0,1.5763,16.627
12/1/2025,1:00:00 AM,0,1.5796,16.634
12/1/2025,1:10:00 AM,0,1.5787,16.635
12/1/2025,1:20:00 AM,0,1.5809,16.617
12/1/2025,1:30:00 AM,0,1.5774,16.592
12/1/2025,1:40:00 AM,0,1.5801,16.575
12/1/2025,1:50:00 AM,0,1.5815,16.571
12/1/2025,2:00:00 AM,0,1.5763,16.55
12/1/2025,2:10:00 AM,0,1.5771,16.52
12/1/2025,2:20:00 AM,0,1.5757,16.478
12/1/2025,2:30:00 AM,0,1.5769,16.459
12/1/2025,2:40:00 AM,0,1.5756,16.431
12/1/2025,2:50:00 AM,0,1.5761,16.402
12/1/2025,3:00:00 AM,0,1.5794,16.373
12/1/2025,3:10:00 AM,0,1.5704,16.37
12/1/2025,3:20:00 AM,0,1.5814,16.345
12/1/2025,3:30:00 AM,0,1.5781,16.342
12/1/2025,3:40:00 AM,0,1.5791,16.329
12/1/2025,3:50:00 AM,0,1.5741,16.306
12/1/2025,4:00:00 AM,0,1.5786,16.271
12/1/2025,4:10:00 AM,0,1.5847,16.289
12/1/2025,4:20:00 AM,0,1.5824,16.233
12/1/2025,4:30:00 AM,0,1.5794,16.206
12/1/2025,4:40:00 AM,0,1.5862,16.184
12/1/2025,4:50:00 AM,0,1.5828,16.19
12/1/2025,5:00:00 AM,0,1.5822,16.192
12/1/2025,5:10:00 AM,0,1.5835,16.2
12/1/2025,5:20:00 AM,0,1.5855,16.208
12/1/2025,5:30:00 AM,0,1.5786,16.224
12/1/2025,5:40:00 AM,0,1.5805,16.22
12/1/2025,5:50:00 AM,0,1.5812,16.194
12/1/2025,6:00:00 AM,0,1.5769,16.16
12/1/2025,6:10:00 AM,0,1.583,16.111
12/1/2025,6:20:00 AM,0,1.5781,16.071
12/1/2025,6:30:00 AM,0,1.5787,16.031
12/1/2025,6:40:00 AM,0,1.5774,15.999
12/1/2025,6:50:00 AM,0,1.5804,16.029
12/1/2025,7:00:00 AM,0,1.5803,16.025
12/1/2025,7:10:00 AM,0,1.5905,16.034
12/1/2025,7:20:00 AM,0,1.5863,16.042
12/1/2025,7:30:00 AM,0,1.5857,16.037
12/1/2025,7:40:00 AM,0,1.5896,15.977
12/1/2025,7:50:00 AM,0,1.5957,16
12/1/2025,8:00:00 AM,0,1.5835,16.024
12/1/2025,8:10:00 AM,0,1.5868,16.042
12/1/2025,8:20:00 AM,0,1.5933,16.118
12/1/2025,8:30:00 AM,0,1.5874,16.163
12/1/2025,8:40:00 AM,0,1.5977,16.193
12/1/2025,8:50:00 AM,0,1.5867,16.177
12/1/2025,9:00:00 AM,0,1.588,16.201
12/1/2025,9:10:00 AM,0,1.5939,16.263
12/1/2025,9:20:00 AM,0,1.5815,16.223
12/1/2025,9:30:00 AM,0,1.5797,16.342
12/1/2025,9:40:00 AM,0,1.5768,16.343
12/1/2025,9:50:00 AM,0,1.5807,16.388
12/1/2025,10:00:00 AM,0,1.5807,16.43
12/1/2025,10:10:00 AM,0,1.5796,16.512
12/1/2025,10:20:00 AM,0,1.5819,16.62
12/1/2025,10:30:00 AM,0,1.5821,16.74
12/1/2025,10:40:00 AM,0,1.5769,16.87
12/1/2025,10:50:00 AM,0,1.5775,17.007
12/1/2025,11:00:00 AM,0,1.5835,17.137
12/1/2025,11:10:00 AM,0,1.5753,17.242
12/1/2025,11:20:00 AM,0,1.5835,17.164
12/1/2025,11:30:00 AM,0,1.5818,17.356
12/1/2025,11:40:00 AM,0,1.5686,17.434
12/1/2025,11:50:00 AM,0,1.581,17.545
12/1/2025,12:00:00 PM,0,1.5828,17.611
12/1/2025,12:10:00 PM,0,1.5772,17.73
12/1/2025,12:20:00 PM,0,1.5782,17.79
12/1/2025,12:30:00 PM,0,1.5836,17.861
12/1/2025,12:40:00 PM,0,1.5789,17.904
12/1/2025,12:50:00 PM,0,1.5773,17.964
12/1/2025,1:00:00 PM,0,1.5829,18.035
12/1/2025,1:10:00 PM,0,1.5732,18.1
12/1/2025,1:20:00 PM,0,1.5818,18.142
12/1/2025,1:30:00 PM,0,1.5847,18.165
12/1/2025,1:40:00 PM,0,1.5867,18.225
12/1/2025,1:50:00 PM,0,1.5845,18.331
12/1/2025,2:00:00 PM,0,1.5834,18.444
12/1/2025,2:10:00 PM,0,1.5842,18.449
12/1/2025,2:20:00 PM,0,1.5861,18.414
12/1/2025,2:30:00 PM,0,1.5856,18.467
12/1/2025,2:40:00 PM,0,1.5834,18.566
12/1/2025,2:50:00 PM,0,1.5859,18.606
12/1/2025,3:00:00 PM,0,1.583,18.592
12/1/2025,3:10:00 PM,0,1.5805,18.591
12/1/2025,3:20:00 PM,0,1.5835,18.58
12/1/2025,3:30:00 PM,0,1.5807,18.523
12/1/2025,3:40:00 PM,0,1.582,18.478
12/1/2025,3:50:00 PM,0,1.5831,18.464
12/1/2025,4:00:00 PM,0,1.5838,18.476
12/1/2025,4:10:00 PM,0,1.5854,18.471
12/1/2025,4:20:00 PM,0,1.5857,18.445
12/1/2025,4:30:00 PM,0,1.5792,18.427
12/1/2025,4:40:00 PM,0,1.5796,18.382
12/1/2025,4:50:00 PM,0,1.5804,18.349
12/1/2025,5:00:00 PM,0,1.5774,18.316
12/1/2025,5:10:00 PM,0,1.5803,18.267
12/1/2025,5:20:00 PM,0,1.5787,18.216
12/1/2025,5:30:00 PM,0,1.5788,18.148
12/1/2025,5:40:00 PM,0,1.5793,18.084
12/1/2025,5:50:00 PM,0,1.5841,18.003
12/1/2025,6:00:00 PM,0,1.5791,17.955
12/1/2025,6:10:00 PM,0,1.5862,17.879
12/1/2025,6:20:00 PM,0,1.5761,17.829
12/1/2025,6:30:00 PM,0,1.5798,17.785
12/1/2025,6:40:00 PM,0,1.5819,17.743
12/1/2025,6:50:00 PM,0,1.5814,17.714
12/1/2025,7:00:00 PM,0,1.5782,17.641
12/1/2025,7:10:00 PM,0,1.5832,17.558
12/1/2025,7:20:00 PM,0,1.5779,17.544
12/1/2025,7:30:00 PM,0,1.5761,17.479
12/1/2025,7:40:00 PM,0,1.5777,17.445
12/1/2025,7:50:00 PM,0,1.5774,17.419
12/1/2025,8:00:00 PM,0,1.575,17.377
12/1/2025,8:10:00 PM,0,1.5754,17.31
12/1/2025,8:20:00 PM,0,1.5721,17.261
12/1/2025,8:30:00 PM,0,1.574,17.212
12/1/2025,8:40:00 PM,0,1.5733,17.166
12/1/2025,8:50:00 PM,0,1.5748,17.13
12/1/2025,9:00:00 PM,0,1.5739,17.096
12/1/2025,9:10:00 PM,0,1.5766,17.061
12/1/2025,9:20:00 PM,0,1.5723,17.015
12/1/2025,9:30:00 PM,0,1.5762,16.983
12/1/2025,9:40:00 PM,0,1.574,16.971
12/1/2025,9:50:00 PM,0,1.5733,16.905
12/1/2025,10:00:00 PM,0,1.5736,16.913
12/1/2025,10:10:00 PM,0,1.5705,16.906
12/1/2025,10:20:00 PM,0,1.5761,16.901
12/1/2025,10:30:00 PM,0,1.5761,16.876
12/1/2025,10:40:00 PM,0,1.5711,16.857
12/1/2025,10:50:00 PM,0,1.5737,16.835
12/1/2025,11:00:00 PM,0,1.5723,16.804
12/1/2025,11:10:00 PM,0,1.5719,16.784
12/1/2025,11:20:00 PM,0,1.5709,16.776
12/1/2025,11:30:00 PM,0,1.5761,16.757
12/1/2025,11:40:00 PM,0,1.5697,16.728
12/1/2025,11:50:00 PM,0,1.5716,16.723
12/2/2025,12:00:00 AM,0,1.5727,16.723
12/2/2025,12:10:00 AM,0,1.5753,16.72
12/2/2025,12:20:00 AM,0,1.5726,16.695
12/2/2025,12:30:00 AM,0,1.5707,16.681
12/2/2025,12:40:00 AM,0,1.572,16.659
12/2/2025,12:50:00 AM,0,1.5717,16.638
12/2/2025,1:00:00 AM,0,1.5709,16.625
12/2/2025,1:10:00 AM,0,1.571,16.573
12/2/2025,1:20:00 AM,0,1.572,16.521
12/2/2025,1:30:00 AM,0,1.5701,16.461
12/2/2025,1:40:00 AM,0,1.5683,16.423
12/2/2025,1:50:00 AM,0,1.5753,16.404
12/2/2025,2:00:00 AM,0,1.5711,16.395
12/2/2025,2:10:00 AM,0,1.572,16.387
12/2/2025,2:20:00 AM,0,1.5695,16.369
12/2/2025,2:30:00 AM,0,1.572,16.357
12/2/2025,2:40:00 AM,0,1.564,16.298
12/2/2025,2:50:00 AM,0,1.5677,16.281
12/2/2025,3:00:00 AM,0,1.5706,16.257
12/2/2025,3:10:00 AM,0,1.5699,16.221
12/2/2025,3:20:00 AM,0,1.5691,16.175
12/2/2025,3:30:00 AM,0,1.5708,16.161
12/2/2025,3:40:00 AM,0,1.5692,16.12
12/2/2025,3:50:00 AM,0,1.5652,16.086
12/2/2025,4:00:00 AM,0,1.5714,16.071
12/2/2025,4:10:00 AM,0,1.5619,16.058
12/2/2025,4:20:00 AM,0,1.5692,16.054
12/2/2025,4:30:00 AM,0,1.5726,16.057
12/2/2025,4:40:00 AM,0,1.5714,16.036
12/2/2025,4:50:00 AM,0,1.5699,16.02
12/2/2025,5:00:00 AM,0,1.5725,16.01
12/2/2025,5:10:00 AM,0,1.5724,15.996
12/2/2025,5:20:00 AM,0,1.5756,15.998
12/2/2025,5:30:00 AM,0,1.5693,16.047
12/2/2025,5:40:00 AM,0,1.5717,16.042
12/2/2025,5:50:00 AM,0,1.5737,16.046
12/2/2025,6:00:00 AM,0,1.5696,16.035
12/2/2025,6:10:00 AM,0,1.5845,16.041
12/2/2025,6:20:00 AM,0,1.5712,16.019
12/2/2025,6:30:00 AM,0,1.5677,15.944
12/2/2025,6:40:00 AM,0,1.5704,15.883
12/2/2025,6:50:00 AM,0,1.5713,15.892
12/2/2025,7:00:00 AM,0,1.5686,15.814
12/2/2025,7:10:00 AM,0,1.5738,15.845
12/2/2025,7:20:00 AM,0,1.5762,15.873
12/2/2025,7:30:00 AM,0,1.5713,15.901
12/2/2025,7:40:00 AM,0,1.5654,15.92
12/2/2025,7:50:00 AM,0,1.5804,15.862
12/2/2025,8:00:00 AM,0,1.5769,15.846
12/2/2025,8:10:00 AM,0,1.5803,15.745
12/2/2025,8:20:00 AM,0,1.5822,15.818
12/2/2025,8:30:00 AM,0,1.5725,15.861
12/2/2025,8:40:00 AM,0,1.5795,15.879
12/2/2025,8:50:00 AM,0,1.5794,15.923
12/2/2025,9:00:00 AM,0,1.5748,15.98
12/2/2025,9:10:00 AM,0,1.5846,16.054
12/2/2025,9:20:00 AM,0,1.5764,16.113
12/2/2025,9:30:00 AM,0,1.5721,16.163
12/2/2025,9:40:00 AM,0,1.5672,16.26
12/2/2025,9:50:00 AM,0,1.5681,16.378
12/2/2025,10:00:00 AM,0,1.5711,16.481
12/2/2025,10:10:00 AM,0,1.5715,16.569
12/2/2025,10:20:00 AM,0,1.5637,16.679
12/2/2025,10:30:00 AM,0,1.5702,16.756
12/2/2025,10:40:00 AM,0,1.5572,16.843
12/2/2025,10:50:00 AM,0,1.5654,16.924
12/2/2025,11:00:00 AM,0,1.5755,16.965
12/2/2025,11:10:00 AM,0,1.5689,17.096
12/2/2025,11:20:00 AM,0,1.5752,17.269
12/2/2025,11:30:00 AM,0,1.5731,17.357
12/2/2025,11:40:00 AM,0,1.567,17.439
12/2/2025,11:50:00 AM,0,1.5732,17.559
12/2/2025,12:00:00 PM,0,1.5749,17.624
12/2/2025,12:10:00 PM,0,1.5622,17.738
12/2/2025,12:20:00 PM,0,1.5703,17.75
12/2/2025,12:30:00 PM,0,1.5755,17.76
12/2/2025,12:40:00 PM,0,1.569,17.749
12/2/2025,12:50:00 PM,0,1.5746,17.741
12/2/2025,1:00:00 PM,0,1.5768,17.744
12/2/2025,1:10:00 PM,0,1.5667,17.751
12/2/2025,1:20:00 PM,0,1.5702,17.759
12/2/2025,1:30:00 PM,0,1.5751,17.804
12/2/2025,1:40:00 PM,0,1.5747,17.836
12/2/2025,1:50:00 PM,0,1.5727,17.842
12/2/2025,2:00:00 PM,0,1.577,17.972
12/2/2025,2:10:00 PM,0,1.5758,18.112
12/2/2025,2:20:00 PM,0,1.5701,18.178
12/2/2025,2:30:00 PM,0,1.5835,18.307
12/2/2025,2:40:00 PM,0,1.5891,18.413
12/2/2025,2:50:00 PM,0,1.5735,18.292
12/2/2025,3:00:00 PM,0,1.5775,18.262
12/2/2025,3:10:00 PM,0,1.579,18.227
12/2/2025,3:20:00 PM,0,1.577,18.202
12/2/2025,3:30:00 PM,0,1.5794,18.187
12/2/2025,3:40:00 PM,0,1.5731,18.179
12/2/2025,3:50:00 PM,0,1.578,18.18
12/2/2025,4:00:00 PM,0,1.5776,18.154
12/2/2025,4:10:00 PM,0,1.5743,18.12
12/2/2025,4:20:00 PM,0,1.5772,18.072
12/2/2025,4:30:00 PM,0,1.5738,18.043
12/2/2025,4:40:00 PM,0,1.5831,17.969
12/2/2025,4:50:00 PM,0,1.573,17.892
12/2/2025,5:00:00 PM,0,1.5745,17.843
12/2/2025,5:10:00 PM,0,1.5724,17.785
12/2/2025,5:20:00 PM,0,1.5728,17.734
12/2/2025,5:30:00 PM,0,1.5753,17.67
12/2/2025,5:40:00 PM,0,1.5766,17.645
12/2/2025,5:50:00 PM,0,1.5764,17.641
12/2/2025,6:00:00 PM,0,1.5742,17.619
12/2/2025,6:10:00 PM,0,1.567,17.585
12/2/2025,6:20:00 PM,0,1.5751,17.514
12/2/2025,6:30:00 PM,0,1.5762,17.473
12/2/2025,6:40:00 PM,0,1.574,17.446
12/2/2025,6:50:00 PM,0,1.5751,17.429
12/2/2025,7:00:00 PM,0,1.5709,17.388
12/2/2025,7:10:00 PM,0,1.5686,17.32
12/2/2025,7:20:00 PM,0,1.5708,17.318
12/2/2025,7:30:00 PM,0,1.5703,17.305
12/2/2025,7:40:00 PM,0,1.5705,17.306
12/2/2025,7:50:00 PM,0,1.5713,17.307
12/2/2025,8:00:00 PM,0,1.5724,17.279
12/2/2025,8:10:00 PM,0,1.5764,17.266
12/2/2025,8:20:00 PM,0,1.5653,17.266
12/2/2025,8:30:00 PM,0,1.572,17.268
12/2/2025,8:40:00 PM,0,1.5763,17.238
12/2/2025,8:50:00 PM,0,1.5681,17.194
12/2/2025,9:00:00 PM,0,1.5694,17.163
12/2/2025,9:10:00 PM,0,1.5714,17.146
12/2/2025,9:20:00 PM,0,1.5684,17.101
12/2/2025,9:30:00 PM,0,1.5686,17.107
12/2/2025,9:40:00 PM,0,1.5696,17.119
12/2/2025,9:50:00 PM,0,1.5706,17.079
12/2/2025,10:00:00 PM,0,1.567,17.035
12/2/2025,10:10:00 PM,0,1.5656,17.047
12/2/2025,10:20:00 PM,0,1.5702,17.007
12/2/2025,10:30:00 PM,0,1.5659,16.951
12/2/2025,10:40:00 PM,0,1.562,16.912
12/2/2025,10:50:00 PM,0,1.5687,16.883
12/2/2025,11:00:00 PM,0,1.568,16.865
12/2/2025,11:10:00 PM,0,1.5636,16.852
12/2/2025,11:20:00 PM,0,1.5623,16.835
12/2/2025,11:30:00 PM,0,1.5654,16.84
12/2/2025,11:40:00 PM,0,1.5611,16.828
12/2/2025,11:50:00 PM,0,1.5668,16.815
12/3/2025,12:00:00 AM,0,1.5662,16.773
12/3/2025,12:10:00 AM,0,1.5615,16.752
12/3/2025,12:20:00 AM,0,1.5653,16.744
12/3/2025,12:30:00 AM,0,1.5667,16.74
12/3/2025,12:40:00 AM,0,1.5631,16.74
12/3/2025,12:50:00 AM,0,1.5667,16.729
12/3/2025,1:00:00 AM,0,1.5698,16.751
12/3/2025,1:10:00 AM,0,1.5786,16.728
12/3/2025,1:20:00 AM,0,1.5701,16.694
12/3/2025,1:30:00 AM,0,1.567,16.687
12/3/2025,1:40:00 AM,0,1.573,16.67
12/3/2025,1:50:00 AM,0,1.5681,16.637
12/3/2025,2:00:00 AM,0,1.5686,16.598
12/3/2025,2:10:00 AM,0,1.5611,16.612
12/3/2025,2:20:00 AM,0,1.5657,16.583
12/3/2025,2:30:00 AM,0,1.5655,16.549
12/3/2025,2:40:00 AM,0,1.5628,16.519
12/3/2025,2:50:00 AM,0,1.5677,16.514
12/3/2025,3:00:00 AM,0,1.5657,16.493
12/3/2025,3:10:00 AM,0,1.561,16.513
12/3/2025,3:20:00 AM,0,1.5692,16.438
12/3/2025,3:30:00 AM,0,1.5689,16.419
12/3/2025,3:40:00 AM,0,1.5662,16.385
12/3/2025,3:50:00 AM,0,1.5694,16.378
12/3/2025,4:00:00 AM,0,1.5688,16.354
12/3/2025,4:10:00 AM,0,1.5718,16.348
12/3/2025,4:20:00 AM,0,1.5721,16.28
12/3/2025,4:30:00 AM,0,1.5656,16.297
12/3/2025,4:40:00 AM,0,1.578,16.292
12/3/2025,4:50:00 AM,0,1.569,16.256
12/3/2025,5:00:00 AM,0,1.5692,16.267
12/3/2025,5:10:00 AM,0,1.5715,16.249
12/3/2025,5:20:00 AM,0,1.5747,16.269
12/3/2025,5:30:00 AM,0,1.5675,16.247
12/3/2025,5:40:00 AM,0,1.5763,16.301
12/3/2025,5:50:00 AM,0,1.5701,16.399
12/3/2025,6:00:00 AM,0,1.5664,16.389
12/3/2025,6:10:00 AM,0,1.5685,16.323
12/3/2025,6:20:00 AM,0,1.567,16.295
12/3/2025,6:30:00 AM,0,1.5685,16.287
12/3/2025,6:40:00 AM,0,1.5755,16.296
12/3/2025,6:50:00 AM,0,1.5729,16.258
12/3/2025,7:00:00 AM,0,1.5694,16.24
12/3/2025,7:10:00 AM,0,1.5781,16.174
12/3/2025,7:20:00 AM,0,1.5788,16.165
12/3/2025,7:30:00 AM,0,1.5718,16.094
12/3/2025,7:40:00 AM,0,1.5744,16.091
12/3/2025,7:50:00 AM,0,1.5805,16.086
12/3/2025,8:00:00 AM,0,1.5721,16.146
12/3/2025,8:10:00 AM,0,1.5796,16.176
12/3/2025,8:20:00 AM,0,1.5791,16.214
12/3/2025,8:30:00 AM,0,1.5749,16.247
12/3/2025,8:40:00 AM,0,1.5803,16.117
12/3/2025,8:50:00 AM,0,1.5881,16.13
12/3/2025,9:00:00 AM,0,1.5697,16.23
12/3/2025,9:10:00 AM,0,1.579,16.191
12/3/2025,9:20:00 AM,0,1.5639,16.285
12/3/2025,9:30:00 AM,0,1.5698,16.328
12/3/2025,9:40:00 AM,0,1.5719,16.291
12/3/2025,9:50:00 AM,0,1.5703,16.344
12/3/2025,10:00:00 AM,0,1.5678,16.437
12/3/2025,10:10:00 AM,0,1.5682,16.437
12/3/2025,10:20:00 AM,0,1.5683,16.62
12/3/2025,10:30:00 AM,0,1.5643,16.678
12/3/2025,10:40:00 AM,0,1.572,16.725
12/3/2025,10:50:00 AM,0,1.5674,16.777
12/3/2025,11:00:00 AM,0,1.5631,16.873
12/3/2025,11:10:00 AM,0,1.5531,16.958
12/3/2025,11:20:00 AM,0,1.5654,17.075
12/3/2025,11:30:00 AM,0,1.566,17.158
12/3/2025,11:40:00 AM,0,1.5649,17.214
12/3/2025,11:50:00 AM,0,1.5678,17.213
12/3/2025,12:00:00 PM,0,1.5654,17.236
12/3/2025,12:10:00 PM,0,1.5561,17.335
12/3/2025,12:20:00 PM,0,1.5625,17.474
12/3/2025,12:30:00 PM,0,1.5653,17.536
12/3/2025,12:40:00 PM,0,1.5566,17.546
12/3/2025,12:50:00 PM,0,1.5613,17.575
12/3/2025,1:00:00 PM,0,1.5666,17.61
12/3/2025,1:10:00 PM,0,1.548,17.586
12/3/2025,1:20:00 PM,0,1.5683,17.578
12/3/2025,1:30:00 PM,0,1.5635,17.581
12/3/2025,1:40:00 PM,0,1.5556,17.642
12/3/2025,1:50:00 PM,0,1.5642,17.698
12/3/2025,2:00:00 PM,0,1.5648,17.727
12/3/2025,2:10:00 PM,0,1.5609,17.746
12/3/2025,2:20:00 PM,0,1.5678,17.781
12/3/2025,2:30:00 PM,0,1.5648,17.769
12/3/2025,2:40:00 PM,0,1.5681,17.787
12/3/2025,2:50:00 PM,0,1.5694,17.835
12/3/2025,3:00:00 PM,0,1.5617,17.83
12/3/2025,3:10:00 PM,0,1.5646,17.851
12/3/2025,3:20:00 PM,0,1.5639,17.85
12/3/2025,3:30:00 PM,0,1.5671,17.862
12/3/2025,3:40:00 PM,0,1.5684,17.833
12/3/2025,3:50:00 PM,0,1.5642,17.816
12/3/2025,4:00:00 PM,0,1.5703,17.847
12/3/2025,4:10:00 PM,0,1.5689,17.822
12/3/2025,4:20:00 PM,0,1.5702,17.772
12/3/2025,4:30:00 PM,0,1.5632,17.733
12/3/2025,4:40:00 PM,0,1.5688,17.666
12/3/2025,4:50:00 PM,0,1.5647,17.581
12/3/2025,5:00:00 PM,0,1.5662,17.508
12/3/2025,5:10:00 PM,0,1.5695,17.505
12/3/2025,5:20:00 PM,0,1.5753,17.504
12/3/2025,5:30:00 PM,0,1.5691,17.496
12/3/2025,5:40:00 PM,0,1.5747,17.485
12/3/2025,5:50:00 PM,0,1.5715,17.472
12/3/2025,6:00:00 PM,0,1.5684,17.434
12/3/2025,6:10:00 PM,0,1.5791,17.412
12/3/2025,6:20:00 PM,0,1.5738,17.392
12/3/2025,6:30:00 PM,0,1.5683,17.369
12/3/2025,6:40:00 PM,0,1.5718,17.34
12/3/2025,6:50:00 PM,0,1.5697,17.315
12/3/2025,7:00:00 PM,0,1.5657,17.261
12/3/2025,7:10:00 PM,0,1.5784,17.247
12/3/2025,7:20:00 PM,0,1.5682,17.222
12/3/2025,7:30:00 PM,0,1.5676,17.19
12/3/2025,7:40:00 PM,0,1.5708,17.162
12/3/2025,7:50:00 PM,0,1.5712,17.13
12/3/2025,8:00:00 PM,0,1.5673,17.11
12/3/2025,8:10:00 PM,0,1.579,17.074
12/3/2025,8:20:00 PM,0,1.5672,17.084
12/3/2025,8:30:00 PM,0,1.5671,17.057
12/3/2025,8:40:00 PM,0,1.5721,17.023
12/3/2025,8:50:00 PM,0,1.5643,17.028
12/3/2025,9:00:00 PM,0,1.5671,17.006
12/3/2025,9:10:00 PM,0,1.5741,16.963
12/3/2025,9:20:00 PM,0,1.5658,16.903
12/3/2025,9:30:00 PM,0,1.5661,16.882
12/3/2025,9:40:00 PM,0,1.5656,16.848
12/3/2025,9:50:00 PM,0,1.5668,16.826
12/3/2025,10:00:00 PM,0,1.5651,16.804
12/3/2025,10:10:00 PM,0,1.5581,16.798
12/3/2025,10:20:00 PM,0,1.5689,16.802
12/3/2025,10:30:00 PM,0,1.5637,16.779
12/3/2025,10:40:00 PM,0,1.5659,16.759
12/3/2025,10:50:00 PM,0,1.5643,16.743
12/3/2025,11:00:00 PM,0,1.5668,16.713
12/3/2025,11:10:00 PM,0,1.5633,16.653
12/3/2025,11:20:00 PM,0,1.565,16.625
12/3/2025,11:30:00 PM,0,1.5663,16.63
12/3/2025,11:40:00 PM,0,1.5553,16.591
12/3/2025,11:50:00 PM,0,1.5611,16.552
12/4/2025,12:00:00 AM,0,1.5623,16.536
12/4/2025,12:10:00 AM,0,1.5679,16.529
12/4/2025,12:20:00 AM,0,1.5638,16.528
12/4/2025,12:30:00 AM,0,1.5622,16.494
12/4/2025,12:40:00 AM,0,1.5638,16.484
12/4/2025,12:50:00 AM,0,1.5576,16.454
12/4/2025,1:00:00 AM,0,1.5614,16.433
12/4/2025,1:10:00 AM,0,1.5555,16.391
12/4/2025,1:20:00 AM,0,1.5627,16.432
12/4/2025,1:30:00 AM,0,1.5624,16.413
12/4/2025,1:40:00 AM,0,1.5582,16.396
12/4/2025,1:50:00 AM,0,1.5568,16.359
12/4/2025,2:00:00 AM,0,1.5627,16.36
12/4/2025,2:10:00 AM,0,1.5502,16.315
12/4/2025,2:20:00 AM,0,1.5626,16.246
12/4/2025,2:30:00 AM,0,1.565,16.27
12/4/2025,2:40:00 AM,0,1.5657,16.231
12/4/2025,2:50:00 AM,0,1.564,16.197
12/4/2025,3:00:00 AM,0,1.5617,16.163
12/4/2025,3:10:00 AM,0,1.5579,16.143
12/4/2025,3:20:00 AM,0,1.5641,16.2
12/4/2025,3:30:00 AM,0,1.5661,16.249
12/4/2025,3:40:00 AM,0,1.5639,16.16
12/4/2025,3:50:00 AM,0,1.5615,16.143
12/4/2025,4:00:00 AM,0,1.5634,16.135
12/4/2025,4:10:00 AM,0,1.5651,16.117
12/4/2025,4:20:00 AM,0,1.5622,16.126
12/4/2025,4:30:00 AM,0,1.5613,16.086
12/4/2025,4:40:00 AM,0,1.5655,16.085
12/4/2025,4:50:00 AM,0,1.5615,16.065
12/4/2025,5:00:00 AM,0,1.5618,16.037
12/4/2025,5:10:00 AM,0,1.5676,16
12/4/2025,5:20:00 AM,0,1.5695,15.965
12/4/2025,5:30:00 AM,0,1.5665,15.985
12/4/2025,5:40:00 AM,0,1.5759,16
12/4/2025,5:50:00 AM,0,1.5737,15.996
12/4/2025,6:00:00 AM,0,1.5654,16.012
12/4/2025,6:10:00 AM,0,1.5706,15.984
12/4/2025,6:20:00 AM,0,1.5657,15.993
12/4/2025,6:30:00 AM,0,1.5658,15.979
12/4/2025,6:40:00 AM,0,1.5741,15.955
12/4/2025,6:50:00 AM,0,1.569,15.941
12/4/2025,7:00:00 AM,0,1.5628,15.944
12/4/2025,7:10:00 AM,0,1.5724,15.918
12/4/2025,7:20:00 AM,0,1.5673,15.851
12/4/2025,7:30:00 AM,0,1.5638,15.81
12/4/2025,7:40:00 AM,0,1.5716,15.804
12/4/2025,7:50:00 AM,0,1.5741,15.785
12/4/2025,8:00:00 AM,0,1.575,15.824
12/4/2025,8:10:00 AM,0,1.5846,15.834
12/4/2025,8:20:00 AM,0,1.5797,15.888
12/4/2025,8:30:00 AM,0,1.5729,15.884
12/4/2025,8:40:00 AM,0,1.5807,15.907
12/4/2025,8:50:00 AM,0,1.5751,15.948
12/4/2025,9:00:00 AM,0,1.5667,16.006
12/4/2025,9:10:00 AM,0,1.5769,16.082
12/4/2025,9:20:00 AM,0,1.5675,16.021
12/4/2025,9:30:00 AM,0,1.56,15.983
12/4/2025,9:40:00 AM,0,1.5644,16.184
12/4/2025,9:50:00 AM,0,1.5693,16.303
12/4/2025,10:00:00 AM,0,1.5639,16.422
12/4/2025,10:10:00 AM,0,1.5766,16.512
12/4/2025,10:20:00 AM,0,1.5562,16.592
12/4/2025,10:30:00 AM,0,1.5667,16.679
12/4/2025,10:40:00 AM,0,1.5629,16.735
12/4/2025,10:50:00 AM,0,1.567,16.826
12/4/2025,11:00:00 AM,0,1.5705,16.915
12/4/2025,11:10:00 AM,0,1.5637,17.024
12/4/2025,11:20:00 AM,0,1.5654,17.141
12/4/2025,11:30:00 AM,0,1.5693,17.249
12/4/2025,11:40:00 AM,0,1.5512,17.294
12/4/2025,11:50:00 AM,0,1.5623,17.361
12/4/2025,12:00:00 PM,0,1.5698,17.475
12/4/2025,12:10:00 PM,0,1.5591,17.658
12/4/2025,12:20:00 PM,0,1.567,17.799
12/4/2025,12:30:00 PM,0,1.5678,17.932
12/4/2025,12:40:00 PM,0,1.57,18.051
12/4/2025,12:50:00 PM,0,1.5722,18.118
12/4/2025,1:00:00 PM,0,1.5753,18.181
12/4/2025,1:10:00 PM,0,1.5631,18.23
12/4/2025,1:20:00 PM,0,1.5708,18.268
12/4/2025,1:30:00 PM,0,1.5695,18.266
12/4/2025,1:40:00 PM,0,1.5636,18.302
12/4/2025,1:50:00 PM,0,1.5678,18.305
12/4/2025,2:00:00 PM,0,1.5701,18.324
12/4/2025,2:10:00 PM,0,1.5687,18.297
12/4/2025,2:20:00 PM,0,1.5691,18.334
12/4/2025,2:30:00 PM,0,1.5716,18.429
12/4/2025,2:40:00 PM,0,1.5663,18.41
12/4/2025,2:50:00 PM,0,1.5719,18.388
12/4/2025,3:00:00 PM,0,1.5695,18.31
12/4/2025,3:10:00 PM,0,1.5746,18.267
12/4/2025,3:20:00 PM,0,1.5716,18.243
12/4/2025,3:30:00 PM,0,1.5734,18.191
12/4/2025,3:40:00 PM,0,1.5749,18.126
12/4/2025,3:50:00 PM,0,1.5674,18.123
12/4/2025,4:00:00 PM,0,1.5688,18.015
12/4/2025,4:10:00 PM,0,1.5675,18.013
12/4/2025,4:20:00 PM,0,1.5695,18.027
12/4/2025,4:30:00 PM,0,1.5685,17.953
12/4/2025,4:40:00 PM,0,1.5669,17.886
12/4/2025,4:50:00 PM,0,1.5697,17.853
12/4/2025,5:00:00 PM,0,1.5645,17.789
12/4/2025,5:10:00 PM,0,1.5721,17.758
12/4/2025,5:20:00 PM,0,1.5687,17.742
12/4/2025,5:30:00 PM,0,1.5628,17.737
12/4/2025,5:40:00 PM,0,1.5692,17.722
12/4/2025,5:50:00 PM,0,1.5602,17.712
12/4/2025,6:00:00 PM,0,1.5653,17.677
12/4/2025,6:10:00 PM,0,1.5505,17.654
12/4/2025,6:20:00 PM,0,1.5674,17.627
12/4/2025,6:30:00 PM,0,1.5619,17.602
12/4/2025,6:40:00 PM,0,1.5624,17.554
12/4/2025,6:50:00 PM,0,1.5707,17.505
12/4/2025,7:00:00 PM,0,1.5646,17.452
12/4/2025,7:10:00 PM,0,1.5694,17.41
12/4/2025,7:20:00 PM,0,1.5595,17.376
12/4/2025,7:30:00 PM,0,1.5629,17.352
12/4/2025,7:40:00 PM,0,1.5595,17.332
12/4/2025,7:50:00 PM,0,1.5652,17.311
12/4/2025,8:00:00 PM,0,1.5648,17.286
12/4/2025,8:10:00 PM,0,1.5765,17.219
12/4/2025,8:20:00 PM,0,1.5574,17.158
12/4/2025,8:30:00 PM,0,1.5656,17.116
12/4/2025,8:40:00 PM,0,1.5553,17.116
12/4/2025,8:50:00 PM,0,1.5654,17.102
12/4/2025,9:00:00 PM,0,1.5615,17.043
12/4/2025,9:10:00 PM,0,1.5662,16.969
12/4/2025,9:20:00 PM,0,1.5603,16.956
12/4/2025,9:30:00 PM,0,1.5647,16.932
12/4/2025,9:40:00 PM,0,1.5662,16.896
12/4/2025,9:50:00 PM,0,1.5639,16.852
12/4/2025,10:00:00 PM,0,1.5629,16.82
12/4/2025,10:10:00 PM,0,1.5687,16.802
12/4/2025,10:20:00 PM,0,1.5615,16.792
12/4/2025,10:30:00 PM,0,1.5632,16.771
12/4/2025,10:40:00 PM,0,1.5527,16.752
12/4/2025,10:50:00 PM,0,1.5632,16.725
12/4/2025,11:00:00 PM,0,1.5658,16.695
12/4/2025,11:10:00 PM,0,1.5718,16.662
12/4/2025,11:20:00 PM,0,1.5633,16.627
12/4/2025,11:30:00 PM,0,1.5655,16.618
12/4/2025,11:40:00 PM,0,1.5593,16.59
12/4/2025,11:50:00 PM,0,1.5577,16.527
12/5/2025,12:00:00 AM,0,1.5641,16.534
12/5/2025,12:10:00 AM,0,1.5584,16.507
12/5/2025,12:20:00 AM,0,1.5611,16.478
12/5/2025,12:30:00 AM,0,1.5638,16.44
12/5/2025,12:40:00 AM,0,1.5634,16.42
12/5/2025,12:50:00 AM,0,1.5572,16.397
12/5/2025,1:00:00 AM,0,1.5626,16.385
12/5/2025,1:10:00 AM,0,1.5632,16.328
12/5/2025,1:20:00 AM,0,1.5589,16.287
12/5/2025,1:30:00 AM,0,1.5654,16.247
12/5/2025,1:40:00 AM,0,1.5606,16.228
12/5/2025,1:50:00 AM,0,1.5594,16.188
12/5/2025,2:00:00 AM,0,1.5632,16.145
12/5/2025,2:10:00 AM,0,1.5647,16.127
12/5/2025,2:20:00 AM,0,1.5564,16.1
12/5/2025,2:30:00 AM,0,1.5643,16.067
12/5/2025,2:40:00 AM,0,1.5622,16.053
12/5/2025,2:50:00 AM,0,1.5647,16.031
12/5/2025,3:00:00 AM,0,1.5655,16.029
12/5/2025,3:10:00 AM,0,1.5622,16.031
12/5/2025,3:20:00 AM,0,1.5604,16.046
12/5/2025,3:30:00 AM,0,1.5651,16.015
12/5/2025,3:40:00 AM,0,1.5505,15.991
12/5/2025,3:50:00 AM,0,1.5547,15.989
12/5/2025,4:00:00 AM,0,1.5637,15.955
12/5/2025,4:10:00 AM,0,1.5625,15.947
12/5/2025,4:20:00 AM,0,1.5614,15.883
12/5/2025,4:30:00 AM,0,1.565,15.896
12/5/2025,4:40:00 AM,0,1.5614,15.881
12/5/2025,4:50:00 AM,0,1.566,15.858
12/5/2025,5:00:00 AM,0,1.5654,15.842
12/5/2025,5:10:00 AM,0,1.5689,15.881
12/5/2025,5:20:00 AM,0,1.5661,15.872
12/5/2025,5:30:00 AM,0,1.5643,15.837
12/5/2025,5:40:00 AM,0,1.566,15.8
12/5/2025,5:50:00 AM,0,1.5667,15.819
12/5/2025,6:00:00 AM,0,1.5656,15.795
12/5/2025,6:10:00 AM,0,1.5678,15.759
12/5/2025,6:20:00 AM,0,1.5677,15.701
12/5/2025,6:30:00 AM,0,1.5659,15.647
12/5/2025,6:40:00 AM,0,1.5741,15.734
12/5/2025,6:50:00 AM,0,1.5655,15.712
12/5/2025,7:00:00 AM,0,1.5665,15.755
12/5/2025,7:10:00 AM,0,1.5795,15.797
12/5/2025,7:20:00 AM,0,1.5717,15.718
12/5/2025,7:30:00 AM,0,1.5714,15.764
12/5/2025,7:40:00 AM,0,1.5771,15.709
12/5/2025,7:50:00 AM,0,1.5697,15.695
12/5/2025,8:00:00 AM,0,1.5721,15.691
12/5/2025,8:10:00 AM,0,1.5759,15.703
12/5/2025,8:20:00 AM,0,1.5665,15.707
12/5/2025,8:30:00 AM,0,1.5785,15.68
12/5/2025,8:40:00 AM,0,1.5783,15.685
12/5/2025,8:50:00 AM,0,1.5758,15.668
12/5/2025,9:00:00 AM,0,1.571,15.758
12/5/2025,9:10:00 AM,0,1.5793,15.738
12/5/2025,9:20:00 AM,0,1.5666,15.721
12/5/2025,9:30:00 AM,0,1.5695,15.764
12/5/2025,9:40:00 AM,0,1.5761,15.857
12/5/2025,9:50:00 AM,0,1.5714,15.924
12/5/2025,10:00:00 AM,0,1.5663,16.012
12/5/2025,10:10:00 AM,0,1.5508,16.114
12/5/2025,10:20:00 AM,0,1.5689,16.199
12/5/2025,10:30:00 AM,0,1.5716,16.298
12/5/2025,10:40:00 AM,0,1.5591,16.4
12/5/2025,10:50:00 AM,0,1.5712,16.503
12/5/2025,11:00:00 AM,0,1.5714,16.596
12/5/2025,11:10:00 AM,0,1.5455,16.679
12/5/2025,11:20:00 AM,0,1.5649,16.768
12/5/2025,11:30:00 AM,0,1.573,16.871
12/5/2025,11:40:00 AM,0,1.557,17.024
12/5/2025,11:50:00 AM,0,1.5745,17.142
12/5/2025,12:00:00 PM,0,1.5739,17.211
12/5/2025,12:10:00 PM,0,1.5728,17.39
12/5/2025,12:20:00 PM,0,1.5771,17.503
12/5/2025,12:30:00 PM,0,1.5771,17.652
12/5/2025,12:40:00 PM,0,1.5597,17.681
12/5/2025,12:50:00 PM,0,1.5801,17.762
12/5/2025,1:00:00 PM,0,1.5796,17.873
12/5/2025,1:10:00 PM,0,1.5828,17.949
12/5/2025,1:20:00 PM,0,1.5747,18.095
12/5/2025,1:30:00 PM,0,1.5794,18.124
12/5/2025,1:40:00 PM,0,1.577,18.117
12/5/2025,1:50:00 PM,0,1.5761,17.993
12/5/2025,2:00:00 PM,0,1.5753,18.028
12/5/2025,2:10:00 PM,0,1.5735,18.16
12/5/2025,2:20:00 PM,0,1.5812,18.216
12/5/2025,2:30:00 PM,0,1.5767,18.264
12/5/2025,2:40:00 PM,0,1.5897,18.257
12/5/2025,2:50:00 PM,0,1.5716,18.279
12/5/2025,3:00:00 PM,0,1.5804,18.321
12/5/2025,3:10:00 PM,0,1.582,18.355
12/5/2025,3:20:00 PM,0,1.5803,18.303
12/5/2025,3:30:00 PM,0,1.5814,18.253
12/5/2025,3:40:00 PM,0,1.5715,18.214
12/5/2025,3:50:00 PM,0,1.581,18.113
12/5/2025,4:00:00 PM,0,1.5749,17.798
12/5/2025,4:10:00 PM,0,1.569,17.602
12/5/2025,4:20:00 PM,0,1.5778,17.546
12/5/2025,4:30:00 PM,0,1.5745,17.466
12/5/2025,4:40:00 PM,0,1.5784,17.405
12/5/2025,4:50:00 PM,0,1.5714,17.341
12/5/2025,5:00:00 PM,0,1.5728,17.293
12/5/2025,5:10:00 PM,0,1.5734,17.249
12/5/2025,5:20:00 PM,0,1.5737,17.197
12/5/2025,5:30:00 PM,0,1.5703,17.165
12/5/2025,5:40:00 PM,0,1.5756,17.148
12/5/2025,5:50:00 PM,0,1.571,17.116
12/5/2025,6:00:00 PM,0,1.5704,17.091
12/5/2025,6:10:00 PM,0,1.577,17.047
12/5/2025,6:20:00 PM,0,1.5652,17.014
12/5/2025,6:30:00 PM,0,1.5695,16.995
12/5/2025,6:40:00 PM,0,1.5732,16.992
12/5/2025,6:50:00 PM,0,1.569,16.983
12/5/2025,7:00:00 PM,0,1.5729,16.971
12/5/2025,7:10:00 PM,0,1.5697,16.943
12/5/2025,7:20:00 PM,0,1.5746,16.917
12/5/2025,7:30:00 PM,0,1.5705,16.887
12/5/2025,7:40:00 PM,0,1.5712,16.854
12/5/2025,7:50:00 PM,0,1.5716,16.821
12/5/2025,8:00:00 PM,0,1.5734,16.792
12/5/2025,8:10:00 PM,0,1.5822,16.758
12/5/2025,8:20:00 PM,0,1.5736,16.716
12/5/2025,8:30:00 PM,0,1.5715,16.653
12/5/2025,8:40:00 PM,0,1.5724,16.595
12/5/2025,8:50:00 PM,0,1.5714,16.544
12/5/2025,9:00:00 PM,0,1.5724,16.527
12/5/2025,9:10:00 PM,0,1.5742,16.529
12/5/2025,9:20:00 PM,0,1.57,16.519
12/5/2025,9:30:00 PM,0,1.5712,16.483
12/5/2025,9:40:00 PM,0,1.5818,16.484
12/5/2025,9:50:00 PM,0,1.5696,16.48
12/5/2025,10:00:00 PM,0,1.5725,16.488
12/5/2025,10:10:00 PM,0,1.5722,16.492
12/5/2025,10:20:00 PM,0,1.5726,16.468
12/5/2025,10:30:00 PM,0,1.5711,16.448
12/5/2025,10:40:00 PM,0,1.5621,16.437
12/5/2025,10:50:00 PM,0,1.5702,16.416
12/5/2025,11:00:00 PM,0,1.5709,16.402
12/5/2025,11:10:00 PM,0,1.5748,16.366
12/5/2025,11:20:00 PM,0,1.5741,16.349
12/5/2025,11:30:00 PM,0,1.5704,16.309
12/5/2025,11:40:00 PM,0,1.5698,16.281
12/5/2025,11:50:00 PM,0,1.5735,16.288
12/6/2025,12:00:00 AM,0,1.5728,16.279
12/6/2025,12:10:00 AM,0,1.57,16.217
12/6/2025,12:20:00 AM,0,1.5699,16.165
12/6/2025,12:30:00 AM,0,1.5712,16.166
12/6/2025,12:40:00 AM,0,1.5646,16.143
12/6/2025,12:50:00 AM,0,1.5701,16.154
12/6/2025,1:00:00 AM,0,1.5707,16.145
12/6/2025,1:10:00 AM,0,1.5701,16.134
12/6/2025,1:20:00 AM,0,1.5729,16.102
12/6/2025,1:30:00 AM,0,1.5709,16.058
12/6/2025,1:40:00 AM,0,1.5693,16.08
12/6/2025,1:50:00 AM,0,1.5722,16.107
12/6/2025,2:00:00 AM,0,1.5716,16.02
12/6/2025,2:10:00 AM,0,1.5644,16.026
12/6/2025,2:20:00 AM,0,1.5735,16.056
12/6/2025,2:30:00 AM,0,1.5733,16.046
12/6/2025,2:40:00 AM,0,1.5713,16.062
12/6/2025,2:50:00 AM,0,1.5697,16.022
12/6/2025,3:00:00 AM,0,1.5717,15.964
12/6/2025,3:10:00 AM,0,1.5706,15.976
12/6/2025,3:20:00 AM,0,1.5731,16.015
12/6/2025,3:30:00 AM,0,1.5742,15.956
12/6/2025,3:40:00 AM,0,1.5669,15.926
12/6/2025,3:50:00 AM,0,1.5703,15.889
12/6/2025,4:00:00 AM,0,1.572,15.907
12/6/2025,4:10:00 AM,0,1.5697,15.907
12/6/2025,4:20:00 AM,0,1.5762,15.895
12/6/2025,4:30:00 AM,0,1.5744,15.875
12/6/2025,4:40:00 AM,0,1.5743,15.762
12/6/2025,4:50:00 AM,0,1.5775,15.856
12/6/2025,5:00:00 AM,0,1.5747,15.836
12/6/2025,5:10:00 AM,0,1.5747,15.836
12/6/2025,5:20:00 AM,0,1.574,15.824
12/6/2025,5:30:00 AM,0,1.5739,15.781
12/6/2025,5:40:00 AM,0,1.5824,15.679
12/6/2025,5:50:00 AM,0,1.5769,15.773
12/6/2025,6:00:00 AM,0,1.5738,15.745
12/6/2025,6:10:00 AM,0,1.5799,15.773
12/6/2025,6:20:00 AM,0,1.5789,15.773
12/6/2025,6:30:00 AM,0,1.5709,15.741
12/6/2025,6:40:00 AM,0,1.5763,15.694
12/6/2025,6:50:00 AM,0,1.5755,15.612
12/6/2025,7:00:00 AM,0,1.5752,15.709
12/6/2025,7:10:00 AM,0,1.5755,15.738
12/6/2025,7:20:00 AM,0,1.5758,15.672
12/6/2025,7:30:00 AM,0,1.5772,15.719
12/6/2025,7:40:00 AM,0,1.5797,15.633
12/6/2025,7:50:00 AM,0,1.585,15.687
12/6/2025,8:00:00 AM,0,1.5794,15.745
12/6/2025,8:10:00 AM,0,1.5792,15.687
12/6/2025,8:20:00 AM,0,1.5881,15.761
12/6/2025,8:30:00 AM,0,1.5818,15.806
12/6/2025,8:40:00 AM,0,1.5944,15.85
12/6/2025,8:50:00 AM,0,1.5807,15.728
12/6/2025,9:00:00 AM,0,1.579,15.742
12/6/2025,9:10:00 AM,0,1.5876,15.749
12/6/2025,9:20:00 AM,0,1.5766,15.776
12/6/2025,9:30:00 AM,0,1.5788,15.84
12/6/2025,9:40:00 AM,0,1.5839,15.881
12/6/2025,9:50:00 AM,0,1.5827,15.948
12/6/2025,10:00:00 AM,0,1.5806,16.068
12/6/2025,10:10:00 AM,0,1.5702,16.188
12/6/2025,10:20:00 AM,0,1.575,16.33
12/6/2025,10:30:00 AM,0,1.5845,16.483
12/6/2025,10:40:00 AM,0,1.5839,16.591
12/6/2025,10:50:00 AM,0,1.5808,16.693
12/6/2025,11:00:00 AM,0,1.5825,16.753
12/6/2025,11:10:00 AM,0,1.5805,16.887
12/6/2025,11:20:00 AM,0,1.5773,16.958
12/6/2025,11:30:00 AM,0,1.5824,17.061
12/6/2025,11:40:00 AM,0,1.5729,17.157
12/6/2025,11:50:00 AM,0,1.5857,17.252
12/6/2025,12:00:00 PM,0,1.5835,17.391
12/6/2025,12:10:00 PM,0,1.5749,17.474
12/6/2025,12:20:00 PM,0,1.5806,17.579
12/6/2025,12:30:00 PM,0,1.582,17.665
12/6/2025,12:40:00 PM,0,1.5822,17.738
12/6/2025,12:50:00 PM,0,1.5797,17.725
12/6/2025,1:00:00 PM,0,1.581,17.817
12/6/2025,1:10:00 PM,0,1.5749,17.906
12/6/2025,1:20:00 PM,0,1.5762,17.946
12/6/2025,1:30:00 PM,0,1.582,17.989
12/6/2025,1:40:00 PM,0,1.5796,17.995
12/6/2025,1:50:00 PM,0,1.5744,18.062
12/6/2025,2:00:00 PM,0,1.5816,18.076
12/6/2025,2:10:00 PM,0,1.5771,17.986
12/6/2025,2:20:00 PM,0,1.5818,18.04
12/6/2025,2:30:00 PM,0,1.5832,18.128
12/6/2025,2:40:00 PM,0,1.5829,18.135
12/6/2025,2:50:00 PM,0,1.5799,18.065
12/6/2025,3:00:00 PM,0,1.5808,18.005
12/6/2025,3:10:00 PM,0,1.5817,17.9
12/6/2025,3:20:00 PM,0,1.5827,17.853
12/6/2025,3:30:00 PM,0,1.5816,17.899
12/6/2025,3:40:00 PM,0,1.5808,17.898
12/6/2025,3:50:00 PM,0,1.5843,17.794
12/6/2025,4:00:00 PM,0,1.5811,17.724
12/6/2025,4:10:00 PM,0,1.582,17.649
12/6/2025,4:20:00 PM,0,1.5841,17.589
12/6/2025,4:30:00 PM,0,1.5734,17.589
12/6/2025,4:40:00 PM,0,1.5818,17.478
12/6/2025,4:50:00 PM,0,1.5725,17.466
12/6/2025,5:00:00 PM,0,1.5714,17.342
12/6/2025,5:10:00 PM,0,1.5756,17.314
12/6/2025,5:20:00 PM,0,1.5809,17.308
12/6/2025,5:30:00 PM,0,1.5761,17.309
12/6/2025,5:40:00 PM,0,1.5815,17.286
12/6/2025,5:50:00 PM,0,1.5815,17.234
12/6/2025,6:00:00 PM,0,1.5796,17.172
12/6/2025,6:10:00 PM,0,1.5855,17.109
12/6/2025,6:20:00 PM,0,1.5769,17.054
12/6/2025,6:30:00 PM,0,1.5807,16.999
12/6/2025,6:40:00 PM,0,1.5829,16.932
12/6/2025,6:50:00 PM,0,1.58,16.874
12/6/2025,7:00:00 PM,0,1.5782,16.816
12/6/2025,7:10:00 PM,0,1.581,16.813
12/6/2025,7:20:00 PM,0,1.5796,16.777
12/6/2025,7:30:00 PM,0,1.577,16.749
12/6/2025,7:40:00 PM,0,1.5823,16.726
12/6/2025,7:50:00 PM,0,1.5801,16.704
12/6/2025,8:00:00 PM,0,1.578,16.69
12/6/2025,8:10:00 PM,0,1.5812,16.677
12/6/2025,8:20:00 PM,0,1.5818,16.661
12/6/2025,8:30:00 PM,0,1.5784,16.637
12/6/2025,8:40:00 PM,0,1.5816,16.615
12/6/2025,8:50:00 PM,0,1.5785,16.572
12/6/2025,9:00:00 PM,0,1.579,16.554
12/6/2025,9:10:00 PM,0,1.5853,16.527
12/6/2025,9:20:00 PM,0,1.5796,16.508
12/6/2025,9:30:00 PM,0,1.5787,16.492
12/6/2025,9:40:00 PM,0,1.581,16.477
12/6/2025,9:50:00 PM,0,1.5813,16.428
12/6/2025,10:00:00 PM,0,1.5782,16.428
12/6/2025,10:10:00 PM,0,1.5852,16.396
12/6/2025,10:20:00 PM,0,1.5787,16.382
12/6/2025,10:30:00 PM,0,1.5794,16.363
12/6/2025,10:40:00 PM,0,1.5839,16.316
12/6/2025,10:50:00 PM,0,1.5806,16.297
12/6/2025,11:00:00 PM,0,1.5821,16.307
12/6/2025,11:10:00 PM,0,1.5774,16.297
12/6/2025,11:20:00 PM,0,1.582,16.258
12/6/2025,11:30:00 PM,0,1.5783,16.191
12/6/2025,11:40:00 PM,0,1.5814,16.219
12/6/2025,11:50:00 PM,0,1.5769,16.207
12/7/2025,12:00:00 AM,0,1.5797,16.163
12/7/2025,12:10:00 AM,0,1.5757,16.131
12/7/2025,12:20:00 AM,0,1.5771,16.126
12/7/2025,12:30:00 AM,0,1.5799,16.095
12/7/2025,12:40:00 AM,0,1.5811,16.108
12/7/2025,12:50:00 AM,0,1.5783,16.067
12/7/2025,1:00:00 AM,0,1.5792,16.034
12/7/2025,1:10:00 AM,0,1.5775,16.045
12/7/2025,1:20:00 AM,0,1.5797,16.057
12/7/2025,1:30:00 AM,0,1.5803,16.047
12/7/2025,1:40:00 AM,0,1.5866,16.037
12/7/2025,1:50:00 AM,0,1.5788,16.062
12/7/2025,2:00:00 AM,0,1.5806,16.04
12/7/2025,2:10:00 AM,0,1.5879,16.03
12/7/2025,2:20:00 AM,0,1.5843,16.019
12/7/2025,2:30:00 AM,0,1.5798,16.012
12/7/2025,2:40:00 AM,0,1.5863,16.003
12/7/2025,2:50:00 AM,0,1.5809,15.983
12/7/2025,3:00:00 AM,0,1.578,15.968
12/7/2025,3:10:00 AM,0,1.5804,15.956
12/7/2025,3:20:00 AM,0,1.5816,15.944
12/7/2025,3:30:00 AM,0,1.5824,15.932
12/7/2025,3:40:00 AM,0,1.5831,15.905
12/7/2025,3:50:00 AM,0,1.5768,15.887
12/7/2025,4:00:00 AM,0,1.5806,15.865
12/7/2025,4:10:00 AM,0,1.576,15.875
12/7/2025,4:20:00 AM,0,1.5774,15.858
12/7/2025,4:30:00 AM,0,1.579,15.843
12/7/2025,4:40:00 AM,0,1.5797,15.825
12/7/2025,4:50:00 AM,0,1.5825,15.804
12/7/2025,5:00:00 AM,0,1.5794,15.774
12/7/2025,5:10:00 AM,0,1.583,15.753
12/7/2025,5:20:00 AM,0,1.5809,15.725
12/7/2025,5:30:00 AM,0,1.579,15.741
12/7/2025,5:40:00 AM,0,1.5822,15.696
12/7/2025,5:50:00 AM,0,1.583,15.665
12/7/2025,6:00:00 AM,0,1.5807,15.628
12/7/2025,6:10:00 AM,0,1.5866,15.6
12/7/2025,6:20:00 AM,0,1.5835,15.599
12/7/2025,6:30:00 AM,0,1.5803,15.621
12/7/2025,6:40:00 AM,0,1.59,15.606
12/7/2025,6:50:00 AM,0,1.587,15.618
12/7/2025,7:00:00 AM,0,1.5819,15.635
12/7/2025,7:10:00 AM,0,1.5908,15.574
12/7/2025,7:20:00 AM,0,1.5838,15.567
12/7/2025,7:30:00 AM,0,1.5843,15.606
12/7/2025,7:40:00 AM,0,1.5826,15.611
12/7/2025,7:50:00 AM,0,1.5897,15.602
12/7/2025,8:00:00 AM,0,1.5868,15.602
12/7/2025,8:10:00 AM,0,1.5945,15.578
12/7/2025,8:20:00 AM,0,1.5884,15.512
12/7/2025,8:30:00 AM,0,1.5928,15.503
12/7/2025,8:40:00 AM,0,1.6005,15.598
12/7/2025,8:50:00 AM,0,1.5874,15.653
12/7/2025,9:00:00 AM,0,1.5852,15.707
12/7/2025,9:10:00 AM,0,1.5948,15.751
12/7/2025,9:20:00 AM,0,1.5834,15.806
12/7/2025,9:30:00 AM,0,1.586,15.837
12/7/2025,9:40:00 AM,0,1.5965,15.878
12/7/2025,9:50:00 AM,0,1.5862,15.956
12/7/2025,10:00:00 AM,0,1.5889,16.047
12/7/2025,10:10:00 AM,0,1.5812,16.136
12/7/2025,10:20:00 AM,0,1.5865,16.412
12/7/2025,10:30:00 AM,0,1.5861,16.488
12/7/2025,10:40:00 AM,0,1.583,16.447
12/7/2025,10:50:00 AM,0,1.5875,16.552
12/7/2025,11:00:00 AM,0,1.5877,16.595
12/7/2025,11:10:00 AM,0,1.5846,16.708
12/7/2025,11:20:00 AM,0,1.5854,16.813
12/7/2025,11:30:00 AM,0,1.5913,16.907
12/7/2025,11:40:00 AM,0,1.5796,16.948
12/7/2025,11:50:00 AM,0,1.5864,16.873
12/7/2025,12:00:00 PM,0,1.5899,16.845
12/7/2025,12:10:00 PM,0,1.5847,16.967
12/7/2025,12:20:00 PM,0,1.5856,17.306
12/7/2025,12:30:00 PM,0,1.5899,17.321
12/7/2025,12:40:00 PM,0,1.585,17.386
12/7/2025,12:50:00 PM,0,1.5858,17.602
12/7/2025,1:00:00 PM,0,1.5862,17.67
12/7/2025,1:10:00 PM,0,1.5841,17.676
12/7/2025,1:20:00 PM,0,1.5919,17.685
12/7/2025,1:30:00 PM,0,1.5885,17.716
12/7/2025,1:40:00 PM,0,1.5872,17.767
12/7/2025,1:50:00 PM,0,1.5905,17.846
12/7/2025,2:00:00 PM,0,1.5894,17.992
12/7/2025,2:10:00 PM,0,1.5938,18.031
12/7/2025,2:20:00 PM,0,1.5891,18.096
12/7/2025,2:30:00 PM,0,1.5937,18.286
12/7/2025,2:40:00 PM,0,1.5864,18.454
12/7/2025,2:50:00 PM,0,1.5916,18.504
12/7/2025,3:00:00 PM,0,1.5923,18.499
12/7/2025,3:10:00 PM,0,1.5896,18.493
12/7/2025,3:20:00 PM,0,1.5935,18.49
12/7/2025,3:30:00 PM,0,1.5923,18.47
12/7/2025,3:40:00 PM,0,1.593,18.483
12/7/2025,3:50:00 PM,0,1.5895,18.47
12/7/2025,4:00:00 PM,0,1.5939,18.384
12/7/2025,4:10:00 PM,0,1.5937,18.257
12/7/2025,4:20:00 PM,0,1.5941,18.202
12/7/2025,4:30:00 PM,0,1.5892,18.114
12/7/2025,4:40:00 PM,0,1.5924,17.964
12/7/2025,4:50:00 PM,0,1.5924,17.892
12/7/2025,5:00:00 PM,0,1.5892,17.843
12/7/2025,5:10:00 PM,0,1.5959,17.787
12/7/2025,5:20:00 PM,0,1.5919,17.684
12/7/2025,5:30:00 PM,0,1.586,17.63
12/7/2025,5:40:00 PM,0,1.5955,17.573
12/7/2025,5:50:00 PM,0,1.5897,17.544
12/7/2025,6:00:00 PM,0,1.5867,17.53
12/7/2025,6:10:00 PM,0,1.5902,17.515
12/7/2025,6:20:00 PM,0,1.5863,17.501
12/7/2025,6:30:00 PM,0,1.5868,17.473
12/7/2025,6:40:00 PM,0,1.5904,17.437
12/7/2025,6:50:00 PM,0,1.5862,17.43
12/7/2025,7:00:00 PM,0,1.5863,17.437
12/7/2025,7:10:00 PM,0,1.5905,17.43
12/7/2025,7:20:00 PM,0,1.5847,17.43
12/7/2025,7:30:00 PM,0,1.5872,17.392
12/7/2025,7:40:00 PM,0,1.5927,17.357
12/7/2025,7:50:00 PM,0,1.585,17.332
12/7/2025,8:00:00 PM,0,1.5869,17.308
12/7/2025,8:10:00 PM,0,1.5912,17.275
12/7/2025,8:20:00 PM,0,1.5903,17.242
12/7/2025,8:30:00 PM,0,1.5866,17.171
12/7/2025,8:40:00 PM,0,1.5859,17.133
12/7/2025,8:50:00 PM,0,1.5852,17.087
12/7/2025,9:00:00 PM,0,1.5858,17.041
12/7/2025,9:10:00 PM,0,1.5891,17.014
12/7/2025,9:20:00 PM,0,1.5885,16.991
12/7/2025,9:30:00 PM,0,1.5864,16.953
12/7/2025,9:40:00 PM,0,1.583,16.936
12/7/2025,9:50:00 PM,0,1.5882,16.93
12/7/2025,10:00:00 PM,0,1.5863,16.915
12/7/2025,10:10:00 PM,0,1.5876,16.871
12/7/2025,10:20:00 PM,0,1.5853,16.83
12/7/2025,10:30:00 PM,0,1.5873,16.791
12/7/2025,10:40:00 PM,0,1.5916,16.741
12/7/2025,10:50:00 PM,0,1.588,16.712
12/7/2025,11:00:00 PM,0,1.5866,16.684
12/7/2025,11:10:00 PM,0,1.5932,16.674
12/7/2025,11:20:00 PM,0,1.5861,16.618
12/7/2025,11:30:00 PM,0,1.587,16.604
12/7/2025,11:40:00 PM,0,1.5829,16.578
12/7/2025,11:50:00 PM,0,1.5837,16.564
12/8/2025,12:00:00 AM,0,1.5864,16.527
12/8/2025,12:10:00 AM,0,1.5812,16.474
12/8/2025,12:20:00 AM,0,1.5833,16.475
12/8/2025,12:30:00 AM,0,1.5856,16.481
12/8/2025,12:40:00 AM,0,1.5758,16.444
12/8/2025,12:50:00 AM,0,1.5825,16.428
12/8/2025,1:00:00 AM,0,1.5854,16.408
12/8/2025,1:10:00 AM,0,1.5936,16.41
12/8/2025,1:20:00 AM,0,1.5902,16.381
12/8/2025,1:30:00 AM,0,1.5886,16.343
12/8/2025,1:40:00 AM,0,1.5888,16.316
12/8/2025,1:50:00 AM,0,1.5928,16.281
12/8/2025,2:00:00 AM,0,1.589,16.252
12/8/2025,2:10:00 AM,0,1.5831,16.234
12/8/2025,2:20:00 AM,0,1.5841,16.238
12/8/2025,2:30:00 AM,0,1.5856,16.243
12/8/2025,2:40:00 AM,0,1.5831,16.201
12/8/2025,2:50:00 AM,0,1.584,16.183
12/8/2025,3:00:00 AM,0,1.5894,16.182
12/8/2025,3:10:00 AM,0,1.5801,16.166
12/8/2025,3:20:00 AM,0,1.5823,16.157
12/8/2025,3:30:00 AM,0,1.5848,16.137
12/8/2025,3:40:00 AM,0,1.5945,16.115
12/8/2025,3:50:00 AM,0,1.5827,16.104
12/8/2025,4:00:00 AM,0,1.5859,16.008
12/8/2025,4:10:00 AM,0,1.5929,16.003
12/8/2025,4:20:00 AM,0,1.5907,16.051
12/8/2025,4:30:00 AM,0,1.5869,16.068
12/8/2025,4:40:00 AM,0,1.5825,16.051
12/8/2025,4:50:00 AM,0,1.5905,16.059
12/8/2025,5:00:00 AM,0,1.588,16.05
12/8/2025,5:10:00 AM,0,1.592,15.989
12/8/2025,5:20:00 AM,0,1.5877,15.997
12/8/2025,5:30:00 AM,0,1.5854,15.976
12/8/2025,5:40:00 AM,0,1.5869,15.974
12/8/2025,5:50:00 AM,0,1.5862,15.965
12/8/2025,6:00:00 AM,0,1.5871,15.943
12/8/2025,6:10:00 AM,0,1.5963,15.933
12/8/2025,6:20:00 AM,0,1.5923,15.924
12/8/2025,6:30:00 AM,0,1.5847,15.936
12/8/2025,6:40:00 AM,0,1.5949,15.921
12/8/2025,6:50:00 AM,0,1.5838,15.917
12/8/2025,7:00:00 AM,0,1.5842,15.901
12/8/2025,7:10:00 AM,0,1.5878,15.899
12/8/2025,7:20:00 AM,0,1.5912,15.863
12/8/2025,7:30:00 AM,0,1.5884,15.848
12/8/2025,7:40:00 AM,0,1.5869,15.84
12/8/2025,7:50:00 AM,0,1.5927,15.822
12/8/2025,8:00:00 AM,0,1.5914,15.811
12/8/2025,8:10:00 AM,0,1.5967,15.786
12/8/2025,8:20:00 AM,0,1.598,15.82
12/8/2025,8:30:00 AM,0,1.5953,15.941
12/8/2025,8:40:00 AM,0,1.6005,15.867
12/8/2025,8:50:00 AM,0,1.5983,15.886
12/8/2025,9:00:00 AM,0,1.5953,15.923
12/8/2025,9:10:00 AM,0,1.6059,15.942
12/8/2025,9:20:00 AM,0,1.5871,15.981
12/8/2025,9:30:00 AM,0,1.5943,16.061
12/8/2025,9:40:00 AM,0,1.5966,16.141
12/8/2025,9:50:00 AM,0,1.5906,16.201
12/8/2025,10:00:00 AM,0,1.5927,16.333
12/8/2025,10:10:00 AM,0,1.5922,16.517
12/8/2025,10:20:00 AM,0,1.5874,16.614
12/8/2025,10:30:00 AM,0,1.5902,16.645
12/8/2025,10:40:00 AM,0,1.5811,16.79
12/8/2025,10:50:00 AM,0,1.5883,16.911
12/8/2025,11:00:00 AM,0,1.5925,17.054
12/8/2025,11:10:00 AM,0,1.5819,17.182
12/8/2025,11:20:00 AM,0,1.5889,17.267
12/8/2025,11:30:00 AM,0,1.5964,17.383
12/8/2025,11:40:00 AM,0,1.5871,17.519
12/8/2025,11:50:00 AM,0,1.6015,17.588
12/8/2025,12:00:00 PM,0,1.5982,17.487
12/8/2025,12:10:00 PM,0,1.5851,17.592
12/8/2025,12:20:00 PM,0,1.5917,17.746
12/8/2025,12:30:00 PM,0,1.5988,17.837
12/8/2025,12:40:00 PM,0,1.5906,18.047
12/8/2025,12:50:00 PM,0,1.5949,18.171
12/8/2025,1:00:00 PM,0,1.6031,18.28
12/8/2025,1:10:00 PM,0,1.5914,18.272
12/8/2025,1:20:00 PM,0,1.6036,18.43
12/8/2025,1:30:00 PM,0,1.5967,18.528
12/8/2025,1:40:00 PM,0,1.5946,18.424
12/8/2025,1:50:00 PM,0,1.5976,18.385
12/8/2025,2:00:00 PM,0,1.5961,18.359
12/8/2025,2:10:00 PM,0,1.5929,18.452
12/8/2025,2:20:00 PM,0,1.5927,18.631
12/8/2025,2:30:00 PM,0,1.599,18.65
12/8/2025,2:40:00 PM,0,1.5963,18.492
12/8/2025,2:50:00 PM,0,1.5954,18.288
12/8/2025,3:00:00 PM,0,1.5995,18.356
12/8/2025,3:10:00 PM,0,1.5984,18.294
12/8/2025,3:20:00 PM,0,1.5986,18.249
12/8/2025,3:30:00 PM,0,1.6011,18.229
12/8/2025,3:40:00 PM,0,1.6042,18.214
12/8/2025,3:50:00 PM,0,1.6003,18.216
12/8/2025,4:00:00 PM,0,1.5999,18.22
12/8/2025,4:10:00 PM,0,1.5954,18.285
12/8/2025,4:20:00 PM,0,1.5973,18.21
12/8/2025,4:30:00 PM,0,1.5915,18.161
12/8/2025,4:40:00 PM,0,1.5924,18.053
12/8/2025,4:50:00 PM,0,1.5891,18.004
12/8/2025,5:00:00 PM,0,1.5879,17.96
12/8/2025,5:10:00 PM,0,1.5867,17.924
12/8/2025,5:20:00 PM,0,1.5965,17.876
12/8/2025,5:30:00 PM,0,1.5922,17.864
12/8/2025,5:40:00 PM,0,1.5857,17.851
12/8/2025,5:50:00 PM,0,1.5993,17.823
12/8/2025,6:00:00 PM,0,1.5926,17.795
12/8/2025,6:10:00 PM,0,1.592,17.771
12/8/2025,6:20:00 PM,0,1.5972,17.756
12/8/2025,6:30:00 PM,0,1.5938,17.74
12/8/2025,6:40:00 PM,0,1.5902,17.752
12/8/2025,6:50:00 PM,0,1.5932,17.735
12/8/2025,7:00:00 PM,0,1.5952,17.718
12/8/2025,7:10:00 PM,0,1.6016,17.698
12/8/2025,7:20:00 PM,0,1.5949,17.673
12/8/2025,7:30:00 PM,0,1.5994,17.647
12/8/2025,7:40:00 PM,0,1.5972,17.591
12/8/2025,7:50:00 PM,0,1.5934,17.577
12/8/2025,8:00:00 PM,0,1.5947,17.516
12/8/2025,8:10:00 PM,0,1.5943,17.49
12/8/2025,8:20:00 PM,0,1.5925,17.465
12/8/2025,8:30:00 PM,0,1.5925,17.442
12/8/2025,8:40:00 PM,0,1.5964,17.405
12/8/2025,8:50:00 PM,0,1.5924,17.361
12/8/2025,9:00:00 PM,0,1.596,17.316
12/8/2025,9:10:00 PM,0,1.5912,17.29
12/8/2025,9:20:00 PM,0,1.599,17.262
12/8/2025,9:30:00 PM,0,1.5925,17.224
12/8/2025,9:40:00 PM,0,1.59,17.167
12/8/2025,9:50:00 PM,0,1.593,17.149
12/8/2025,10:00:00 PM,0,1.5924,17.16
12/8/2025,10:10:00 PM,0,1.5928,17.108
12/8/2025,10:20:00 PM,0,1.5937,17.091
12/8/2025,10:30:00 PM,0,1.5911,17.058
12/8/2025,10:40:00 PM,0,1.592,17.032
12/8/2025,10:50:00 PM,0,1.5893,17.03
12/8/2025,11:00:00 PM,0,1.595,17.037
12/8/2025,11:10:00 PM,0,1.5937,16.989
12/8/2025,11:20:00 PM,0,1.5916,16.977
12/8/2025,11:30:00 PM,0,1.593,16.964
12/8/2025,11:40:00 PM,0,1.5952,16.952
12/8/2025,11:50:00 PM,0,1.5937,16.927
12/9/2025,12:00:00 AM,0,1.5952,16.922
12/9/2025,12:10:00 AM,0,1.5906,16.9
12/9/2025,12:20:00 AM,0,1.5907,16.858
12/9/2025,12:30:00 AM,0,1.598,16.835
12/9/2025,12:40:00 AM,0,1.5901,16.837
12/9/2025,12:50:00 AM,0,1.5953,16.834
12/9/2025,1:00:00 AM,0,1.594,16.806
12/9/2025,1:10:00 AM,0,1.5928,16.796
12/9/2025,1:20:00 AM,0,1.5931,16.762
12/9/2025,1:30:00 AM,0,1.5936,16.728
12/9/2025,1:40:00 AM,0,1.5898,16.72
12/9/2025,1:50:00 AM,0,1.5901,16.716
12/9/2025,2:00:00 AM,0,1.5911,16.69
12/9/2025,2:10:00 AM,0,1.585,16.667
12/9/2025,2:20:00 AM,0,1.5908,16.668
12/9/2025,2:30:00 AM,0,1.5935,16.675
12/9/2025,2:40:00 AM,0,1.5888,16.657
12/9/2025,2:50:00 AM,0,1.5914,16.65
12/9/2025,3:00:00 AM,0,1.5932,16.616
12/9/2025,3:10:00 AM,0,1.5891,16.589
12/9/2025,3:20:00 AM,0,1.591,16.578
12/9/2025,3:30:00 AM,0,1.5941,16.539
12/9/2025,3:40:00 AM,0,1.591,16.518
12/9/2025,3:50:00 AM,0,1.592,16.489
12/9/2025,4:00:00 AM,0,1.5958,16.44
12/9/2025,4:10:00 AM,0,1.5956,16.37
12/9/2025,4:20:00 AM,0,1.5915,16.345
12/9/2025,4:30:00 AM,0,1.5943,16.296
12/9/2025,4:40:00 AM,0,1.5909,16.261
12/9/2025,4:50:00 AM,0,1.593,16.245
12/9/2025,5:00:00 AM,0,1.5914,16.233
12/9/2025,5:10:00 AM,0,1.5937,16.229
12/9/2025,5:20:00 AM,0,1.5898,16.199
12/9/2025,5:30:00 AM,0,1.5911,16.198
12/9/2025,5:40:00 AM,0,1.5965,16.166
12/9/2025,5:50:00 AM,0,1.5947,16.149
12/9/2025,6:00:00 AM,0,1.5909,16.117
12/9/2025,6:10:00 AM,0,1.5953,16.104
12/9/2025,6:20:00 AM,0,1.5932,16.074
12/9/2025,6:30:00 AM,0,1.5919,16.048
12/9/2025,6:40:00 AM,0,1.5946,16.043
12/9/2025,6:50:00 AM,0,1.5912,16.043
12/9/2025,7:00:00 AM,0,1.5919,16.146
12/9/2025,7:10:00 AM,0,1.5906,15.981
12/9/2025,7:20:00 AM,0,1.5953,15.96
12/9/2025,7:30:00 AM,0,1.5961,16.009
12/9/2025,7:40:00 AM,0,1.5972,16.032
12/9/2025,7:50:00 AM,0,1.6004,16.004
12/9/2025,8:00:00 AM,0,1.6002,15.991
12/9/2025,8:10:00 AM,0,1.5944,16.047
12/9/2025,8:20:00 AM,0,1.6051,16.083
12/9/2025,8:30:00 AM,0,1.6004,16.13
12/9/2025,8:40:00 AM,0,1.6019,16.137
12/9/2025,8:50:00 AM,0,1.6093,16.138
12/9/2025,9:00:00 AM,0,1.5953,16.144
12/9/2025,9:10:00 AM,0,1.604,16.188
12/9/2025,9:20:00 AM,0,1.5956,16.186
12/9/2025,9:30:00 AM,0,1.5964,16.232
12/9/2025,9:40:00 AM,0,1.5954,16.318
12/9/2025,9:50:00 AM,0,1.5949,16.384
12/9/2025,10:00:00 AM,0,1.596,16.483
12/9/2025,10:10:00 AM,0,1.5889,16.598
12/9/2025,10:20:00 AM,0,1.592,16.722
12/9/2025,10:30:00 AM,0,1.5951,16.809
12/9/2025,10:40:00 AM,0,1.5891,16.913
12/9/2025,10:50:00 AM,0,1.5903,17.019
12/9/2025,11:00:00 AM,0,1.5957,17.124
12/9/2025,11:10:00 AM,0,1.584,17.293
12/9/2025,11:20:00 AM,0,1.5868,17.395
12/9/2025,11:30:00 AM,0,1.5932,17.479
12/9/2025,11:40:00 AM,0,1.5786,17.535
12/9/2025,11:50:00 AM,0,1.5883,17.555
12/9/2025,12:00:00 PM,0,1.5945,17.666
12/9/2025,12:10:00 PM,0,1.5846,17.786
12/9/2025,12:20:00 PM,0,1.5887,17.884
12/9/2025,12:30:00 PM,0,1.5936,17.957
12/9/2025,12:40:00 PM,0,1.581,18.092
12/9/2025,12:50:00 PM,0,1.5961,18.099
12/9/2025,1:00:00 PM,0,1.5968,18.137
12/9/2025,1:10:00 PM,0,1.5883,18.157
12/9/2025,1:20:00 PM,0,1.5938,18.252
12/9/2025,1:30:00 PM,0,1.5968,18.327
12/9/2025,1:40:00 PM,0,1.5958,18.338
12/9/2025,1:50:00 PM,0,1.6001,18.368
12/9/2025,2:00:00 PM,0,1.5997,18.427
12/9/2025,2:10:00 PM,0,1.5951,18.466
12/9/2025,2:20:00 PM,0,1.5948,18.453
12/9/2025,2:30:00 PM,0,1.5999,18.038
12/9/2025,2:40:00 PM,0,1.5996,18.213
12/9/2025,2:50:00 PM,0,1.5948,18.292
12/9/2025,3:00:00 PM,0,1.5982,18.454
12/9/2025,3:10:00 PM,0,1.5948,18.729
12/9/2025,3:20:00 PM,0,1.6017,18.832
12/9/2025,3:30:00 PM,0,1.5997,18.86
12/9/2025,3:40:00 PM,0,1.6042,18.81
12/9/2025,3:50:00 PM,0,1.6015,18.75
12/9/2025,4:00:00 PM,0,1.5929,18.669
12/9/2025,4:10:00 PM,0,1.5953,18.639
12/9/2025,4:20:00 PM,0,1.5925,18.545
12/9/2025,4:30:00 PM,0,1.5884,18.433
12/9/2025,4:40:00 PM,0,1.59,18.322
12/9/2025,4:50:00 PM,0,1.5792,18.218
12/9/2025,5:00:00 PM,0,1.5879,18.135
12/9/2025,5:10:00 PM,0,1.5888,18.117
12/9/2025,5:20:00 PM,0,1.5927,18.112
12/9/2025,5:30:00 PM,0,1.5894,18.142
12/9/2025,5:40:00 PM,0,1.5897,18.119
12/9/2025,5:50:00 PM,0,1.5915,18.088
12/9/2025,6:00:00 PM,0,1.5912,18.025
12/9/2025,6:10:00 PM,0,1.5974,18.001
12/9/2025,6:20:00 PM,0,1.5855,17.943
12/9/2025,6:30:00 PM,0,1.5883,17.876
12/9/2025,6:40:00 PM,0,1.5864,17.828
12/9/2025,6:50:00 PM,0,1.5837,17.756
12/9/2025,7:00:00 PM,0,1.585,17.679
12/9/2025,7:10:00 PM,0,1.5879,17.634
12/9/2025,7:20:00 PM,0,1.5863,17.67
12/9/2025,7:30:00 PM,0,1.5854,17.654
12/9/2025,7:40:00 PM,0,1.5905,17.558
12/9/2025,7:50:00 PM,0,1.5912,17.528
12/9/2025,8:00:00 PM,0,1.5866,17.485
12/9/2025,8:10:00 PM,0,1.5875,17.4
12/9/2025,8:20:00 PM,0,1.5852,17.315
12/9/2025,8:30:00 PM,0,1.5855,17.276
12/9/2025,8:40:00 PM,0,1.5856,17.24
12/9/2025,8:50:00 PM,0,1.5887,17.22
12/9/2025,9:00:00 PM,0,1.5861,17.175
12/9/2025,9:10:00 PM,0,1.5872,17.143
12/9/2025,9:20:00 PM,0,1.5872,17.109
12/9/2025,9:30:00 PM,0,1.5876,17.055
12/9/2025,9:40:00 PM,0,1.5849,17.003
12/9/2025,9:50:00 PM,0,1.587,16.962
12/9/2025,10:00:00 PM,0,1.5826,16.933
12/9/2025,10:10:00 PM,0,1.5853,16.918
12/9/2025,10:20:00 PM,0,1.578,16.897
12/9/2025,10:30:00 PM,0,1.5814,16.887
12/9/2025,10:40:00 PM,0,1.5871,16.856
12/9/2025,10:50:00 PM,0,1.5815,16.843
12/9/2025,11:00:00 PM,0,1.5775,16.827
12/9/2025,11:10:00 PM,0,1.5832,16.805
12/9/2025,11:20:00 PM,0,1.581,16.802
12/9/2025,11:30:00 PM,0,1.5764,16.774
12/9/2025,11:40:00 PM,0,1.5782,16.749
12/9/2025,11:50:00 PM,0,1.577,16.73
12/10/2025,12:00:00 AM,0,1.5809,16.698
12/10/2025,12:10:00 AM,0,1.5771,16.656
12/10/2025,12:20:00 AM,0,1.5799,16.636
12/10/2025,12:30:00 AM,0,1.5799,16.593
12/10/2025,12:40:00 AM,0,1.5762,16.577
12/10/2025,12:50:00 AM,0,1.5765,16.584
12/10/2025,1:00:00 AM,0,1.5814,16.512
12/10/2025,1:10:00 AM,0,1.5768,16.523
12/10/2025,1:20:00 AM,0,1.5833,16.482
12/10/2025,1:30:00 AM,0,1.5804,16.464
12/10/2025,1:40:00 AM,0,1.585,16.463
12/10/2025,1:50:00 AM,0,1.588,16.447
12/10/2025,2:00:00 AM,0,1.5816,16.412
12/10/2025,2:10:00 AM,0,1.5809,16.395
12/10/2025,2:20:00 AM,0,1.5784,16.393
12/10/2025,2:30:00 AM,0,1.5799,16.385
12/10/2025,2:40:00 AM,0,1.5787,16.346
12/10/2025,2:50:00 AM,0,1.5771,16.351
12/10/2025,3:00:00 AM,0,1.5754,16.319
12/10/2025,3:10:00 AM,0,1.574,16.341
12/10/2025,3:20:00 AM,0,1.5756,16.307
12/10/2025,3:30:00 AM,0,1.5774,16.293
12/10/2025,3:40:00 AM,0,1.5747,16.236
12/10/2025,3:50:00 AM,0,1.576,16.231
12/10/2025,4:00:00 AM,0,1.5767,16.197
12/10/2025,4:10:00 AM,0,1.5759,16.198
12/10/2025,4:20:00 AM,0,1.5782,16.197
12/10/2025,4:30:00 AM,0,1.5778,16.165
12/10/2025,4:40:00 AM,0,1.5757,16.152
12/10/2025,4:50:00 AM,0,1.5765,16.161
12/10/2025,5:00:00 AM,0,1.5791,16.133
12/10/2025,5:10:00 AM,0,1.5818,16.106
12/10/2025,5:20:00 AM,0,1.5831,16.068
12/10/2025,5:30:00 AM,0,1.576,16.031
12/10/2025,5:40:00 AM,0,1.5839,16
12/10/2025,5:50:00 AM,0,1.5778,15.985
12/10/2025,6:00:00 AM,0,1.5759,15.959
12/10/2025,6:10:00 AM,0,1.5767,15.95
12/10/2025,6:20:00 AM,0,1.5751,15.934
12/10/2025,6:30:00 AM,0,1.5742,15.951
12/10/2025,6:40:00 AM,0,1.577,15.975
12/10/2025,6:50:00 AM,0,1.5774,15.956
12/10/2025,7:00:00 AM,0,1.5723,15.971
12/10/2025,7:10:00 AM,0,1.5728,16.009
12/10/2025,7:20:00 AM,0,1.5743,15.971
12/10/2025,7:30:00 AM,0,1.5777,15.778
12/10/2025,7:40:00 AM,0,1.5738,15.787
12/10/2025,7:50:00 AM,0,1.579,15.754
12/10/2025,8:00:00 AM,0,1.5824,15.816
12/10/2025,8:10:00 AM,0,1.5866,16.013
12/10/2025,8:20:00 AM,0,1.5874,16.047
12/10/2025,8:30:00 AM,0,1.5865,15.92
12/10/2025,8:40:00 AM,0,1.5916,15.959
12/10/2025,8:50:00 AM,0,1.5861,16.017
12/10/2025,9:00:00 AM,0,1.5817,16.116
12/10/2025,9:10:00 AM,0,1.5857,16.146
12/10/2025,9:20:00 AM,0,1.5821,16.182
12/10/2025,9:30:00 AM,0,1.5767,16.191
12/10/2025,9:40:00 AM,0,1.5802,16.358
12/10/2025,9:50:00 AM,0,1.5757,16.371
12/10/2025,10:00:00 AM,0,1.5759,16.698
12/10/2025,10:10:00 AM,0,1.5734,16.678
12/10/2025,10:20:00 AM,0,1.5724,16.646
12/10/2025,10:30:00 AM,0,1.5686,16.687
12/10/2025,10:40:00 AM,0,1.5585,16.806
12/10/2025,10:50:00 AM,0,1.5705,16.879
12/10/2025,11:00:00 AM,0,1.5713,16.951
12/10/2025,11:10:00 AM,0,1.5564,17.043
12/10/2025,11:20:00 AM,0,1.5747,17.132
12/10/2025,11:30:00 AM,0,1.574,17.228
12/10/2025,11:40:00 AM,0,1.5598,17.311
12/10/2025,11:50:00 AM,0,1.5669,17.364
12/10/2025,12:00:00 PM,0,1.576,17.472
12/10/2025,12:10:00 PM,0,1.5679,17.734
12/10/2025,12:20:00 PM,0,1.5763,17.837
12/10/2025,12:30:00 PM,0,1.5801,18.02
12/10/2025,12:40:00 PM,0,1.5745,18.183
12/10/2025,12:50:00 PM,0,1.578,18.279
12/10/2025,1:00:00 PM,0,1.5822,18.389
12/10/2025,1:10:00 PM,0,1.58,18.466
12/10/2025,1:20:00 PM,0,1.5795,18.552
12/10/2025,1:30:00 PM,0,1.5789,18.707
12/10/2025,1:40:00 PM,0,1.5675,18.692
12/10/2025,1:50:00 PM,0,1.5776,18.704
12/10/2025,2:00:00 PM,0,1.5788,18.803
12/10/2025,2:10:00 PM,0,1.577,18.906
12/10/2025,2:20:00 PM,0,1.581,18.93
12/10/2025,2:30:00 PM,0,1.5763,18.922
12/10/2025,2:40:00 PM,0,1.5784,18.991
12/10/2025,2:50:00 PM,0,1.5782,18.933
12/10/2025,3:00:00 PM,0,1.5778,18.814
12/10/2025,3:10:00 PM,0,1.5803,18.793
12/10/2025,3:20:00 PM,0,1.5789,18.884
12/10/2025,3:30:00 PM,0,1.581,18.901
12/10/2025,3:40:00 PM,0,1.5823,18.884
12/10/2025,3:50:00 PM,0,1.5828,18.885
12/10/2025,4:00:00 PM,0,1.5791,18.847
12/10/2025,4:10:00 PM,0,1.5792,18.82
12/10/2025,4:20:00 PM,0,1.5844,18.761
12/10/2025,4:30:00 PM,0,1.5735,18.634
12/10/2025,4:40:00 PM,0,1.5749,18.588
12/10/2025,4:50:00 PM,0,1.5712,18.538
12/10/2025,5:00:00 PM,0,1.569,18.51
12/10/2025,5:10:00 PM,0,1.5702,18.466
12/10/2025,5:20:00 PM,0,1.5691,18.432
12/10/2025,5:30:00 PM,0,1.5696,18.518
12/10/2025,5:40:00 PM,0,1.574,18.473
12/10/2025,5:50:00 PM,0,1.5733,18.388
12/10/2025,6:00:00 PM,0,1.5709,18.322
12/10/2025,6:10:00 PM,0,1.5761,18.23
12/10/2025,6:20:00 PM,0,1.5712,18.169
12/10/2025,6:30:00 PM,0,1.5703,18.106
12/10/2025,6:40:00 PM,0,1.5724,18.037
12/10/2025,6:50:00 PM,0,1.5723,18.02
12/10/2025,7:00:00 PM,0,1.5689,17.985
12/10/2025,7:10:00 PM,0,1.5693,17.961
12/10/2025,7:20:00 PM,0,1.573,17.887
12/10/2025,7:30:00 PM,0,1.5704,17.864
12/10/2025,7:40:00 PM,0,1.5707,17.818
12/10/2025,7:50:00 PM,0,1.5716,17.77
12/10/2025,8:00:00 PM,0,1.5694,17.753
12/10/2025,8:10:00 PM,0,1.5691,17.704
12/10/2025,8:20:00 PM,0,1.5687,17.696
12/10/2025,8:30:00 PM,0,1.5688,17.682
12/10/2025,8:40:00 PM,0,1.5706,17.683
12/10/2025,8:50:00 PM,0,1.567,17.596
12/10/2025,9:00:00 PM,0,1.5662,17.55
12/10/2025,9:10:00 PM,0,1.5616,17.532
12/10/2025,9:20:00 PM,0,1.5639,17.495
12/10/2025,9:30:00 PM,0,1.5646,17.418
12/10/2025,9:40:00 PM,0,1.5673,17.386
12/10/2025,9:50:00 PM,0,1.57,17.383
12/10/2025,10:00:00 PM,0,1.5639,17.317
12/10/2025,10:10:00 PM,0,1.5645,17.27
12/10/2025,10:20:00 PM,0,1.5631,17.241
12/10/2025,10:30:00 PM,0,1.5668,17.207
12/10/2025,10:40:00 PM,0,1.5677,17.154
12/10/2025,10:50:00 PM,0,1.5656,17.158
12/10/2025,11:00:00 PM,0,1.5656,17.137
12/10/2025,11:10:00 PM,0,1.5589,17.12
12/10/2025,11:20:00 PM,0,1.5607,17.106
12/10/2025,11:30:00 PM,0,1.5669,17.061
12/10/2025,11:40:00 PM,0,1.5672,17.033
12/10/2025,11:50:00 PM,0,1.5623,17.018
12/11/2025,12:00:00 AM,0,1.564,17.001
12/11/2025,12:10:00 AM,0,1.5635,16.959
12/11/2025,12:20:00 AM,0,1.5678,16.92
12/11/2025,12:30:00 AM,0,1.5639,16.888
12/11/2025,12:40:00 AM,0,1.561,16.856
12/11/2025,12:50:00 AM,0,1.5589,16.824
12/11/2025,1:00:00 AM,0,1.566,16.783
12/11/2025,1:10:00 AM,0,1.5604,16.728
12/11/2025,1:20:00 AM,0,1.5655,16.71
12/11/2025,1:30:00 AM,0,1.5617,16.693
12/11/2025,1:40:00 AM,0,1.5591,16.687
12/11/2025,1:50:00 AM,0,1.5611,16.692
12/11/2025,2:00:00 AM,0,1.5607,16.686
12/11/2025,2:10:00 AM,0,1.5613,16.705
12/11/2025,2:20:00 AM,0,1.5614,16.707
12/11/2025,2:30:00 AM,0,1.5622,16.672
12/11/2025,2:40:00 AM,0,1.5629,16.677
12/11/2025,2:50:00 AM,0,1.5655,16.669
12/11/2025,3:00:00 AM,0,1.5634,16.659
12/11/2025,3:10:00 AM,0,1.5643,16.641
12/11/2025,3:20:00 AM,0,1.5633,16.625
12/11/2025,3:30:00 AM,0,1.5663,16.587
12/11/2025,3:40:00 AM,0,1.5667,16.571
12/11/2025,3:50:00 AM,0,1.5636,16.515
12/11/2025,4:00:00 AM,0,1.5626,16.471
12/11/2025,4:10:00 AM,0,1.5656,16.458
12/11/2025,4:20:00 AM,0,1.5624,16.442
12/11/2025,4:30:00 AM,0,1.5622,16.395
12/11/2025,4:40:00 AM,0,1.5633,16.387
12/11/2025,4:50:00 AM,0,1.56,16.329
12/11/2025,5:00:00 AM,0,1.5603,16.284
12/11/2025,5:10:00 AM,0,1.5578,16.282
12/11/2025,5:20:00 AM,0,1.5643,16.265
12/11/2025,5:30:00 AM,0,1.5601,16.256
12/11/2025,5:40:00 AM,0,1.5658,16.278
12/11/2025,5:50:00 AM,0,1.5644,16.239
12/11/2025,6:00:00 AM,0,1.5595,16.236
12/11/2025,6:10:00 AM,0,1.5597,16.251
12/11/2025,6:20:00 AM,0,1.563,16.239
12/11/2025,6:30:00 AM,0,1.5603,16.218
12/11/2025,6:40:00 AM,0,1.5632,16.226
12/11/2025,6:50:00 AM,0,1.5593,16.199
12/11/2025,7:00:00 AM,0,1.5605,16.211
12/11/2025,7:10:00 AM,0,1.57,16.11
12/11/2025,7:20:00 AM,0,1.5581,16.181
12/11/2025,7:30:00 AM,0,1.5595,16.263
12/11/2025,7:40:00 AM,0,1.5551,16.168
12/11/2025,7:50:00 AM,0,1.5681,16.164
12/11/2025,8:00:00 AM,0,1.5691,16.116
12/11/2025,8:10:00 AM,0,1.5686,16.122
12/11/2025,8:20:00 AM,0,1.5749,16.104
12/11/2025,8:30:00 AM,0,1.5706,16.158
12/11/2025,8:40:00 AM,0,1.5791,16.089
12/11/2025,8:50:00 AM,0,1.5707,16.173
12/11/2025,9:00:00 AM,0,1.5636,16.218
12/11/2025,9:10:00 AM,0,1.5618,16.262
12/11/2025,9:20:00 AM,0,1.5688,16.343
12/11/2025,9:30:00 AM,0,1.5616,16.334
12/11/2025,9:40:00 AM,0,1.5639,16.407
12/11/2025,9:50:00 AM,0,1.5513,16.504
12/11/2025,10:00:00 AM,0,1.5617,16.576
12/11/2025,10:10:00 AM,0,1.561,16.674
12/11/2025,10:20:00 AM,0,1.5605,16.718
12/11/2025,10:30:00 AM,0,1.5604,16.775
12/11/2025,10:40:00 AM,0,1.5535,17.034
12/11/2025,10:50:00 AM,0,1.5529,17.063
12/11/2025,11:00:00 AM,0,1.5602,17.143
12/11/2025,11:10:00 AM,0,1.5467,17.234
12/11/2025,11:20:00 AM,0,1.5561,17.299
12/11/2025,11:30:00 AM,0,1.5616,17.426
12/11/2025,11:40:00 AM,0,1.555,17.51
12/11/2025,11:50:00 AM,0,1.5583,17.587
12/11/2025,12:00:00 PM,0,1.5627,17.757
12/11/2025,12:10:00 PM,0,1.5503,17.91
12/11/2025,12:20:00 PM,0,1.5568,18.024
12/11/2025,12:30:00 PM,0,1.5637,18.056
12/11/2025,12:40:00 PM,0,1.5558,18.11
12/11/2025,12:50:00 PM,0,1.5614,18.171
12/11/2025,1:00:00 PM,0,1.5658,18.214
12/11/2025,1:10:00 PM,0,1.564,18.271
12/11/2025,1:20:00 PM,0,1.5636,18.352
12/11/2025,1:30:00 PM,0,1.5648,18.41
12/11/2025,1:40:00 PM,0,1.5573,18.581
12/11/2025,1:50:00 PM,0,1.5654,18.647
12/11/2025,2:00:00 PM,0,1.5673,18.594
12/11/2025,2:10:00 PM,0,1.5686,18.535
12/11/2025,2:20:00 PM,0,1.5659,18.605
12/11/2025,2:30:00 PM,0,1.5638,18.469
12/11/2025,2:40:00 PM,0,1.5592,18.582
12/11/2025,2:50:00 PM,0,1.5658,18.647
12/11/2025,3:00:00 PM,0,1.5697,18.837
12/11/2025,3:10:00 PM,0,1.5724,19.012
12/11/2025,3:20:00 PM,0,1.5668,19.038
12/11/2025,3:30:00 PM,0,1.5694,19.038
12/11/2025,3:40:00 PM,0,1.5705,19.003
12/11/2025,3:50:00 PM,0,1.5656,18.948
12/11/2025,4:00:00 PM,0,1.5637,18.84
12/11/2025,4:10:00 PM,0,1.5651,18.759
12/11/2025,4:20:00 PM,0,1.5648,18.735
12/11/2025,4:30:00 PM,0,1.5597,18.686
12/11/2025,4:40:00 PM,0,1.5641,18.646
12/11/2025,4:50:00 PM,0,1.5537,18.634
12/11/2025,5:00:00 PM,0,1.555,18.568
12/11/2025,5:10:00 PM,0,1.5537,18.512
12/11/2025,5:20:00 PM,0,1.5582,18.458
12/11/2025,5:30:00 PM,0,1.5586,18.489
12/11/2025,5:40:00 PM,0,1.559,18.515
12/11/2025,5:50:00 PM,0,1.5616,18.511
12/11/2025,6:00:00 PM,0,1.5583,18.475
12/11/2025,6:10:00 PM,0,1.5596,18.407
12/11/2025,6:20:00 PM,0,1.5611,18.329
12/11/2025,6:30:00 PM,0,1.5585,18.268
12/11/2025,6:40:00 PM,0,1.5623,18.241
12/11/2025,6:50:00 PM,0,1.5594,18.196
12/11/2025,7:00:00 PM,0,1.5573,18.135
12/11/2025,7:10:00 PM,0,1.5599,18.13
12/11/2025,7:20:00 PM,0,1.5592,18.096
12/11/2025,7:30:00 PM,0,1.5559,18.037
12/11/2025,7:40:00 PM,0,1.5667,18.013
12/11/2025,7:50:00 PM,0,1.5589,17.96
12/11/2025,8:00:00 PM,0,1.5557,17.885
12/11/2025,8:10:00 PM,0,1.5613,17.87
12/11/2025,8:20:00 PM,0,1.5566,17.808
12/11/2025,8:30:00 PM,0,1.5559,17.762
12/11/2025,8:40:00 PM,0,1.5567,17.711
12/11/2025,8:50:00 PM,0,1.5557,17.723
12/11/2025,9:00:00 PM,0,1.5549,17.696
12/11/2025,9:10:00 PM,0,1.5557,17.598
12/11/2025,9:20:00 PM,0,1.5571,17.607
12/11/2025,9:30:00 PM,0,1.5544,17.535
12/11/2025,9:40:00 PM,0,1.557,17.515
12/11/2025,9:50:00 PM,0,1.5521,17.491
12/11/2025,10:00:00 PM,0,1.5538,17.45
12/11/2025,10:10:00 PM,0,1.5529,17.413
12/11/2025,10:20:00 PM,0,1.5526,17.409
12/11/2025,10:30:00 PM,0,1.5547,17.42
12/11/2025,10:40:00 PM,0,1.5526,17.392
12/11/2025,10:50:00 PM,0,1.5562,17.368
12/11/2025,11:00:00 PM,0,1.5544,17.296
12/11/2025,11:10:00 PM,0,1.5525,17.313
12/11/2025,11:20:00 PM,0,1.554,17.291
12/11/2025,11:30:00 PM,0,1.5533,17.262
12/11/2025,11:40:00 PM,0,1.5503,17.235
12/11/2025,11:50:00 PM,0,1.5552,17.212
12/12/2025,12:00:00 AM,0,1.5523,17.162
12/12/2025,12:10:00 AM,0,1.5549,17.132
12/12/2025,12:20:00 AM,0,1.5552,17.074
12/12/2025,12:30:00 AM,0,1.5537,17.005
12/12/2025,12:40:00 AM,0,1.558,16.974
12/12/2025,12:50:00 AM,0,1.5516,16.944
12/12/2025,1:00:00 AM,0,1.5516,16.932
12/12/2025,1:10:00 AM,0,1.5487,16.904
12/12/2025,1:20:00 AM,0,1.5523,16.875
12/12/2025,1:30:00 AM,0,1.5528,16.824
12/12/2025,1:40:00 AM,0,1.5524,16.798
12/12/2025,1:50:00 AM,0,1.5532,16.778
12/12/2025,2:00:00 AM,0,1.5525,16.755
12/12/2025,2:10:00 AM,0,1.5603,16.694
12/12/2025,2:20:00 AM,0,1.5556,16.666
12/12/2025,2:30:00 AM,0,1.5521,16.598
12/12/2025,2:40:00 AM,0,1.5523,16.599
12/12/2025,2:50:00 AM,0,1.55,16.583
12/12/2025,3:00:00 AM,0,1.553,16.57
12/12/2025,3:10:00 AM,0,1.5568,16.559
12/12/2025,3:20:00 AM,0,1.5525,16.519
12/12/2025,3:30:00 AM,0,1.5495,16.528
12/12/2025,3:40:00 AM,0,1.551,16.47
12/12/2025,3:50:00 AM,0,1.5491,16.485
12/12/2025,4:00:00 AM,0,1.5516,16.458
12/12/2025,4:10:00 AM,0,1.5509,16.469
12/12/2025,4:20:00 AM,0,1.5528,16.439
12/12/2025,4:30:00 AM,0,1.5496,16.44
12/12/2025,4:40:00 AM,0,1.5479,16.438
12/12/2025,4:50:00 AM,0,1.5504,16.463
12/12/2025,5:00:00 AM,0,1.5518,16.475
12/12/2025,5:10:00 AM,0,1.5515,16.48
12/12/2025,5:20:00 AM,0,1.5559,16.45
12/12/2025,5:30:00 AM,0,1.5501,16.386
12/12/2025,5:40:00 AM,0,1.5576,16.344
12/12/2025,5:50:00 AM,0,1.5523,16.327
12/12/2025,6:00:00 AM,0,1.5489,16.315
12/12/2025,6:10:00 AM,0,1.5542,16.325
12/12/2025,6:20:00 AM,0,1.5546,16.37
12/12/2025,6:30:00 AM,0,1.5493,16.371
12/12/2025,6:40:00 AM,0,1.5503,16.359
12/12/2025,6:50:00 AM,0,1.5509,16.366
12/12/2025,7:00:00 AM,0,1.5509,16.454
12/12/2025,7:10:00 AM,0,1.551,16.495
12/12/2025,7:20:00 AM,0,1.5549,16.434
12/12/2025,7:30:00 AM,0,1.5513,16.37
12/12/2025,7:40:00 AM,0,1.5567,16.345
12/12/2025,7:50:00 AM,0,1.5529,16.352
12/12/2025,8:00:00 AM,0,1.5551,16.384
12/12/2025,8:10:00 AM,0,1.5647,16.408
12/12/2025,8:20:00 AM,0,1.554,16.431
12/12/2025,8:30:00 AM,0,1.5529,16.561
12/12/2025,8:40:00 AM,0,1.5639,16.495
12/12/2025,8:50:00 AM,0,1.5535,16.508
12/12/2025,9:00:00 AM,0,1.5518,16.596
12/12/2025,9:10:00 AM,0,1.5573,16.624
12/12/2025,9:20:00 AM,0,1.5523,16.677
12/12/2025,9:30:00 AM,0,1.5536,16.712
12/12/2025,9:40:00 AM,0,1.5503,16.756
12/12/2025,9:50:00 AM,0,1.562,16.814
12/12/2025,10:00:00 AM,0,1.5577,16.845
12/12/2025,10:10:00 AM,0,1.5556,16.947
12/12/2025,10:20:00 AM,0,1.5539,17.063
12/12/2025,10:30:00 AM,0,1.552,17.123
12/12/2025,10:40:00 AM,0,1.5433,17.165
12/12/2025,10:50:00 AM,0,1.5496,17.2
12/12/2025,11:00:00 AM,0,1.552,17.226
12/12/2025,11:10:00 AM,0,1.5396,17.282
12/12/2025,11:20:00 AM,0,1.5478,17.352
12/12/2025,11:30:00 AM,0,1.553,17.399
12/12/2025,11:40:00 AM,0,1.5448,17.499
12/12/2025,11:50:00 AM,0,1.5444,17.649
12/12/2025,12:00:00 PM,0,1.5503,17.674
12/12/2025,12:10:00 PM,0,1.5423,17.735
12/12/2025,12:20:00 PM,0,1.5464,17.795
12/12/2025,12:30:00 PM,0,1.5488,17.902
12/12/2025,12:40:00 PM,0,1.5432,17.968
12/12/2025,12:50:00 PM,0,1.5458,17.977
12/12/2025,1:00:00 PM,0,1.5538,18
12/12/2025,1:10:00 PM,0,1.5491,18.066
12/12/2025,1:20:00 PM,0,1.5504,18.139
12/12/2025,1:30:00 PM,0,1.5578,18.214
12/12/2025,1:40:00 PM,0,1.5543,18.251
12/12/2025,1:50:00 PM,0,1.5563,18.295
12/12/2025,2:00:00 PM,0,1.5534,18.296
12/12/2025,2:10:00 PM,0,1.5508,18.232
12/12/2025,2:20:00 PM,0,1.5512,18.256
12/12/2025,2:30:00 PM,0,1.5546,18.184
12/12/2025,2:40:00 PM,0,1.5556,18.153
12/12/2025,2:50:00 PM,0,1.5561,18.146
12/12/2025,3:00:00 PM,0,1.5533,18.165
12/12/2025,3:10:00 PM,0,1.5681,18.181
12/12/2025,3:20:00 PM,0,1.556,18.075
12/12/2025,3:30:00 PM,0,1.5526,18.288
12/12/2025,3:40:00 PM,0,1.5485,18.24
12/12/2025,3:50:00 PM,0,1.553,18.273
12/12/2025,4:00:00 PM,0,1.554,18.307
12/12/2025,4:10:00 PM,0,1.5562,18.295
12/12/2025,4:20:00 PM,0,1.5586,18.171
12/12/2025,4:30:00 PM,0,1.5555,18.166
12/12/2025,4:40:00 PM,0,1.5589,18.094
12/12/2025,4:50:00 PM,0,1.5561,17.987
12/12/2025,5:00:00 PM,0,1.5559,17.964
12/12/2025,5:10:00 PM,0,1.5549,17.945
12/12/2025,5:20:00 PM,0,1.5578,17.963
12/12/2025,5:30:00 PM,0,1.5538,17.962
12/12/2025,5:40:00 PM,0,1.5577,17.969
12/12/2025,5:50:00 PM,0,1.5568,17.968
12/12/2025,6:00:00 PM,0,1.553,17.98
12/12/2025,6:10:00 PM,0,1.5563,17.985
12/12/2025,6:20:00 PM,0,1.5537,17.956
12/12/2025,6:30:00 PM,0,1.5505,17.918
12/12/2025,6:40:00 PM,0,1.5566,17.898
12/12/2025,6:50:00 PM,0,1.5517,17.884
12/12/2025,7:00:00 PM,0,1.5495,17.861
12/12/2025,7:10:00 PM,0,1.5589,17.853
12/12/2025,7:20:00 PM,0,1.5506,17.81
12/12/2025,7:30:00 PM,0,1.5492,17.776
12/12/2025,7:40:00 PM,0,1.5508,17.764
12/12/2025,7:50:00 PM,0,1.5514,17.707
12/12/2025,8:00:00 PM,0,1.5498,17.676
12/12/2025,8:10:00 PM,0,1.5508,17.679
12/12/2025,8:20:00 PM,0,1.5525,17.663
12/12/2025,8:30:00 PM,0,1.552,17.674
12/12/2025,8:40:00 PM,0,1.5547,17.651
12/12/2025,8:50:00 PM,0,1.5537,17.675
12/12/2025,9:00:00 PM,0,1.5512,17.631
12/12/2025,9:10:00 PM,0,1.5589,17.598
12/12/2025,9:20:00 PM,0,1.5523,17.6
12/12/2025,9:30:00 PM,0,1.5496,17.608
12/12/2025,9:40:00 PM,0,1.5501,17.572
12/12/2025,9:50:00 PM,0,1.5515,17.549
12/12/2025,10:00:00 PM,0,1.5493,17.519
12/12/2025,10:10:00 PM,0,1.5571,17.493
12/12/2025,10:20:00 PM,0,1.5511,17.466
12/12/2025,10:30:00 PM,0,1.5495,17.469
12/12/2025,10:40:00 PM,0,1.5525,17.462
12/12/2025,10:50:00 PM,0,1.5495,17.442
12/12/2025,11:00:00 PM,0,1.5475,17.387
12/12/2025,11:10:00 PM,0,1.5428,17.363
12/12/2025,11:20:00 PM,0,1.5464,17.365
12/12/2025,11:30:00 PM,0,1.5488,17.376
12/12/2025,11:40:00 PM,0,1.5421,17.358
12/12/2025,11:50:00 PM,0,1.5475,17.347
12/13/2025,12:00:00 AM,0,1.5483,17.336
12/13/2025,12:10:00 AM,0,1.5415,17.326
12/13/2025,12:20:00 AM,0,1.5464,17.314
12/13/2025,12:30:00 AM,0,1.5481,17.279
12/13/2025,12:40:00 AM,0,1.5432,17.278
12/13/2025,12:50:00 AM,0,1.5475,17.257
12/13/2025,1:00:00 AM,0,1.5477,17.254
12/13/2025,1:10:00 AM,0,1.5522,17.229
12/13/2025,1:20:00 AM,0,1.546,17.226
12/13/2025,1:30:00 AM,0,1.5469,17.209
12/13/2025,1:40:00 AM,0,1.5463,17.195
12/13/2025,1:50:00 AM,0,1.5489,17.213
12/13/2025,2:00:00 AM,0,1.548,17.207
12/13/2025,2:10:00 AM,0,1.5511,17.171
12/13/2025,2:20:00 AM,0,1.5486,17.141
12/13/2025,2:30:00 AM,0,1.5476,17.13
12/13/2025,2:40:00 AM,0,1.5486,17.112
12/13/2025,2:50:00 AM,0,1.548,17.103
12/13/2025,3:00:00 AM,0,1.5464,17.089
12/13/2025,3:10:00 AM,0,1.5478,17.101
12/13/2025,3:20:00 AM,0,1.5434,17.119
12/13/2025,3:30:00 AM,0,1.5456,17.099
12/13/2025,3:40:00 AM,0,1.5438,17.088
12/13/2025,3:50:00 AM,0,1.5411,17.088
12/13/2025,4:00:00 AM,0,1.5464,17.058
12/13/2025,4:10:00 AM,0,1.5419,17.068
12/13/2025,4:20:00 AM,0,1.5458,17.05
12/13/2025,4:30:00 AM,0,1.5474,17.005
12/13/2025,4:40:00 AM,0,1.5479,17.007
12/13/2025,4:50:00 AM,0,1.5489,16.992
12/13/2025,5:00:00 AM,0,1.5471,16.992
12/13/2025,5:10:00 AM,0,1.55,16.968
12/13/2025,5:20:00 AM,0,1.5477,16.951
12/13/2025,5:30:00 AM,0,1.5461,16.944
12/13/2025,5:40:00 AM,0,1.5476,16.904
12/13/2025,5:50:00 AM,0,1.5487,16.887
12/13/2025,6:00:00 AM,0,1.5454,16.848
12/13/2025,6:10:00 AM,0,1.5532,16.801
12/13/2025,6:20:00 AM,0,1.5442,16.807
12/13/2025,6:30:00 AM,0,1.5462,16.792
12/13/2025,6:40:00 AM,0,1.5479,16.784
12/13/2025,6:50:00 AM,0,1.5459,16.772
12/13/2025,7:00:00 AM,0,1.5454,16.774
12/13/2025,7:10:00 AM,0,1.5511,16.77
12/13/2025,7:20:00 AM,0,1.5476,16.773
12/13/2025,7:30:00 AM,0,1.5437,16.845
12/13/2025,7:40:00 AM,0,1.5456,16.807
12/13/2025,7:50:00 AM,0,1.549,16.752
12/13/2025,8:00:00 AM,0,1.5442,16.8
12/13/2025,8:10:00 AM,0,1.5476,16.785
12/13/2025,8:20:00 AM,0,1.5483,16.825
12/13/2025,8:30:00 AM,0,1.5457,16.803
12/13/2025,8:40:00 AM,0,1.5567,16.754
12/13/2025,8:50:00 AM,0,1.5497,16.757
12/13/2025,9:00:00 AM,0,1.5452,16.766
12/13/2025,9:10:00 AM,0,1.5449,16.844
12/13/2025,9:20:00 AM,0,1.5473,16.856
12/13/2025,9:30:00 AM,0,1.5454,16.826
12/13/2025,9:40:00 AM,0,1.5486,16.844
12/13/2025,9:50:00 AM,0,1.5453,16.9
12/13/2025,10:00:00 AM,0,1.5446,16.955
12/13/2025,10:10:00 AM,0,1.539,16.999
12/13/2025,10:20:00 AM,0,1.5405,17
12/13/2025,10:30:00 AM,0,1.5436,17.011
12/13/2025,10:40:00 AM,0,1.5365,17.037
12/13/2025,10:50:00 AM,0,1.5411,17.085
12/13/2025,11:00:00 AM,0,1.5448,17.111
12/13/2025,11:10:00 AM,0,1.5365,17.117
12/13/2025,11:20:00 AM,0,1.5422,17.118
12/13/2025,11:30:00 AM,0,1.5458,17.14
12/13/2025,11:40:00 AM,0,1.5343,17.2
12/13/2025,11:50:00 AM,0,1.5433,17.241
12/13/2025,12:00:00 PM,0,1.5483,17.279
12/13/2025,12:10:00 PM,0,1.5409,17.256
12/13/2025,12:20:00 PM,0,1.5431,17.266
12/13/2025,12:30:00 PM,0,1.549,17.289
12/13/2025,12:40:00 PM,0,1.535,17.406
12/13/2025,12:50:00 PM,0,1.5437,17.368
12/13/2025,1:00:00 PM,0,1.5475,17.406
12/13/2025,1:10:00 PM,0,1.5484,17.435
12/13/2025,1:20:00 PM,0,1.5469,17.474
12/13/2025,1:30:00 PM,0,1.5446,17.517
12/13/2025,1:40:00 PM,0,1.5414,17.61
12/13/2025,1:50:00 PM,0,1.5418,17.574
12/13/2025,2:00:00 PM,0,1.5458,17.536
12/13/2025,2:10:00 PM,0,1.5498,17.585
12/13/2025,2:20:00 PM,0,1.5446,17.62
12/13/2025,2:30:00 PM,0,1.5457,17.61
12/13/2025,2:40:00 PM,0,1.5436,17.602
12/13/2025,2:50:00 PM,0,1.5441,17.593
12/13/2025,3:00:00 PM,0,1.5495,17.602
12/13/2025,3:10:00 PM,0,1.5456,17.676
12/13/2025,3:20:00 PM,0,1.5485,17.7
12/13/2025,3:30:00 PM,0,1.5477,17.701
12/13/2025,3:40:00 PM,0,1.5449,17.667
12/13/2025,3:50:00 PM,0,1.5448,17.636
12/13/2025,4:00:00 PM,0,1.5436,17.63
12/13/2025,4:10:00 PM,0,1.5461,17.564
12/13/2025,4:20:00 PM,0,1.5456,17.453
12/13/2025,4:30:00 PM,0,1.5402,17.385
12/13/2025,4:40:00 PM,0,1.5401,17.339
12/13/2025,4:50:00 PM,0,1.5389,17.328
12/13/2025,5:00:00 PM,0,1.542,17.258
12/13/2025,5:10:00 PM,0,1.5466,17.209
12/13/2025,5:20:00 PM,0,1.5414,17.171
12/13/2025,5:30:00 PM,0,1.54,17.178
12/13/2025,5:40:00 PM,0,1.5455,17.16
12/13/2025,5:50:00 PM,0,1.5393,17.148
12/13/2025,6:00:00 PM,0,1.5388,17.139
12/13/2025,6:10:00 PM,0,1.5434,17.11
12/13/2025,6:20:00 PM,0,1.5404,17.102
12/13/2025,6:30:00 PM,0,1.5401,17.14
12/13/2025,6:40:00 PM,0,1.5438,17.125
12/13/2025,6:50:00 PM,0,1.5418,17.098
12/13/2025,7:00:00 PM,0,1.5388,17.1
12/13/2025,7:10:00 PM,0,1.5425,17.106
12/13/2025,7:20:00 PM,0,1.5395,17.096
12/13/2025,7:30:00 PM,0,1.5382,17.086
12/13/2025,7:40:00 PM,0,1.5415,17.068
12/13/2025,7:50:00 PM,0,1.5399,17.045
12/13/2025,8:00:00 PM,0,1.5357,17.025
12/13/2025,8:10:00 PM,0,1.5355,16.989
12/13/2025,8:20:00 PM,0,1.5358,16.945
12/13/2025,8:30:00 PM,0,1.5363,16.923
12/13/2025,8:40:00 PM,0,1.5432,16.894
12/13/2025,8:50:00 PM,0,1.5378,16.857
12/13/2025,9:00:00 PM,0,1.5365,16.857
12/13/2025,9:10:00 PM,0,1.5431,16.868
12/13/2025,9:20:00 PM,0,1.5355,16.813
12/13/2025,9:30:00 PM,0,1.5388,16.812
12/13/2025,9:40:00 PM,0,1.5372,16.774
12/13/2025,9:50:00 PM,0,1.5416,16.74
12/13/2025,10:00:00 PM,0,1.5355,16.72
12/13/2025,10:10:00 PM,0,1.5358,16.718
12/13/2025,10:20:00 PM,0,1.5361,16.702
12/13/2025,10:30:00 PM,0,1.5348,16.704
12/13/2025,10:40:00 PM,0,1.5394,16.693
12/13/2025,10:50:00 PM,0,1.5366,16.665
12/13/2025,11:00:00 PM,0,1.5342,16.674
12/13/2025,11:10:00 PM,0,1.5326,16.672
12/13/2025,11:20:00 PM,0,1.5313,16.676
12/13/2025,11:30:00 PM,0,1.5345,16.658
12/13/2025,11:40:00 PM,0,1.5267,16.662
12/13/2025,11:50:00 PM,0,1.532,16.64
12/14/2025,12:00:00 AM,0,1.5367,16.604
12/14/2025,12:10:00 AM,0,1.5375,16.599
12/14/2025,12:20:00 AM,0,1.534,16.56
12/14/2025,12:30:00 AM,0,1.5372,16.545
12/14/2025,12:40:00 AM,0,1.5386,16.52
12/14/2025,12:50:00 AM,0,1.534,16.495
12/14/2025,1:00:00 AM,0,1.5375,16.462
12/14/2025,1:10:00 AM,0,1.5346,16.47
12/14/2025,1:20:00 AM,0,1.5361,16.453
12/14/2025,1:30:00 AM,0,1.5358,16.429
12/14/2025,1:40:00 AM,0,1.5449,16.422
12/14/2025,1:50:00 AM,0,1.5396,16.454
12/14/2025,2:00:00 AM,0,1.5388,16.458
12/14/2025,2:10:00 AM,0,1.5439,16.452
12/14/2025,2:20:00 AM,0,1.5323,16.419
12/14/2025,2:30:00 AM,0,1.5346,16.391
12/14/2025,2:40:00 AM,0,1.5327,16.39
12/14/2025,2:50:00 AM,0,1.5364,16.384
12/14/2025,3:00:00 AM,0,1.5344,16.376
12/14/2025,3:10:00 AM,0,1.534,16.375
12/14/2025,3:20:00 AM,0,1.5371,16.388
12/14/2025,3:30:00 AM,0,1.5355,16.383
12/14/2025,3:40:00 AM,0,1.5479,16.38
12/14/2025,3:50:00 AM,0,1.5389,16.39
12/14/2025,4:00:00 AM,0,1.5371,16.409
12/14/2025,4:10:00 AM,0,1.5432,16.422
12/14/2025,4:20:00 AM,0,1.5367,16.432
12/14/2025,4:30:00 AM,0,1.5381,16.42
12/14/2025,4:40:00 AM,0,1.5324,16.422
12/14/2025,4:50:00 AM,0,1.5384,16.432
12/14/2025,5:00:00 AM,0,1.5329,16.437
12/14/2025,5:10:00 AM,0,1.5348,16.438
12/14/2025,5:20:00 AM,0,1.5278,16.43
12/14/2025,5:30:00 AM,0,1.5316,16.429
12/14/2025,5:40:00 AM,0,1.5349,16.424
12/14/2025,5:50:00 AM,0,1.5363,16.409
12/14/2025,6:00:00 AM,0,1.5327,16.399
12/14/2025,6:10:00 AM,0,1.5388,16.387
12/14/2025,6:20:00 AM,0,1.5349,16.385
12/14/2025,6:30:00 AM,0,1.536,16.353
12/14/2025,6:40:00 AM,0,1.5358,16.354
12/14/2025,6:50:00 AM,0,1.5409,16.347
12/14/2025,7:00:00 AM,0,1.5376,16.333
12/14/2025,7:10:00 AM,0,1.5415,16.334
12/14/2025,7:20:00 AM,0,1.5419,16.337
12/14/2025,7:30:00 AM,0,1.5343,16.382
12/14/2025,7:40:00 AM,0,1.5432,16.346
12/14/2025,7:50:00 AM,0,1.5354,16.315
12/14/2025,8:00:00 AM,0,1.5334,16.341
12/14/2025,8:10:00 AM,0,1.5383,16.383
12/14/2025,8:20:00 AM,0,1.5305,16.362
12/14/2025,8:30:00 AM,0,1.5345,16.354
12/14/2025,8:40:00 AM,0,1.5355,16.342
12/14/2025,8:50:00 AM,0,1.5361,16.399
12/14/2025,9:00:00 AM,0,1.5334,16.418
12/14/2025,9:10:00 AM,0,1.5581,16.464
12/14/2025,9:20:00 AM,0,1.542,16.439
12/14/2025,9:30:00 AM,0,1.5329,16.426
12/14/2025,9:40:00 AM,0,1.5237,16.458
12/14/2025,9:50:00 AM,0,1.532,16.489
12/14/2025,10:00:00 AM,0,1.5374,16.52
12/14/2025,10:10:00 AM,0,1.5367,16.564
12/14/2025,10:20:00 AM,0,1.5349,16.582
12/14/2025,10:30:00 AM,0,1.5372,16.649
12/14/2025,10:40:00 AM,0,1.5295,16.749
12/14/2025,10:50:00 AM,0,1.5423,16.769
12/14/2025,11:00:00 AM,0,1.5438,16.84
12/14/2025,11:10:00 AM,0,1.5409,16.89
12/14/2025,11:20:00 AM,0,1.5379,16.977
12/14/2025,11:30:00 AM,0,1.5367,16.989
12/14/2025,11:40:00 AM,0,1.5315,17.037
12/14/2025,11:50:00 AM,0,1.5348,17.066
12/14/2025,12:00:00 PM,0,1.5395,17.171
12/14/2025,12:10:00 PM,0,1.5473,17.254
12/14/2025,12:20:00 PM,0,1.5305,17.315
12/14/2025,12:30:00 PM,0,1.5427,17.378
12/14/2025,12:40:00 PM,0,1.5338,17.466
12/14/2025,12:50:00 PM,0,1.5408,17.526
12/14/2025,1:00:00 PM,0,1.5435,17.588
12/14/2025,1:10:00 PM,0,1.5314,17.658
12/14/2025,1:20:00 PM,0,1.5417,17.718
12/14/2025,1:30:00 PM,0,1.5447,17.85
12/14/2025,1:40:00 PM,0,1.5411,17.879
12/14/2025,1:50:00 PM,0,1.5389,17.966
12/14/2025,2:00:00 PM,0,1.5413,17.998
12/14/2025,2:10:00 PM,0,1.5331,18.035
12/14/2025,2:20:00 PM,0,1.5391,18.08
12/14/2025,2:30:00 PM,0,1.5394,18.115
12/14/2025,2:40:00 PM,0,1.5368,18.056
12/14/2025,2:50:00 PM,0,1.5361,17.976
12/14/2025,3:00:00 PM,0,1.535,17.952
12/14/2025,3:10:00 PM,0,1.5409,17.929
12/14/2025,3:20:00 PM,0,1.5316,17.869
12/14/2025,3:30:00 PM,0,1.5347,17.827
12/14/2025,3:40:00 PM,0,1.5346,17.763
12/14/2025,3:50:00 PM,0,1.5373,17.705
12/14/2025,4:00:00 PM,0,1.5369,17.703
12/14/2025,4:10:00 PM,0,1.5369,17.674
12/14/2025,4:20:00 PM,0,1.5359,17.737
12/14/2025,4:30:00 PM,0,1.5313,17.659
12/14/2025,4:40:00 PM,0,1.5249,17.57
12/14/2025,4:50:00 PM,0,1.5235,17.5
12/14/2025,5:00:00 PM,0,1.5287,17.431
12/14/2025,5:10:00 PM,0,1.5293,17.41
12/14/2025,5:20:00 PM,0,1.5313,17.386
12/14/2025,5:30:00 PM,0,1.5308,17.404
12/14/2025,5:40:00 PM,0,1.5403,17.4
12/14/2025,5:50:00 PM,0,1.5346,17.402
12/14/2025,6:00:00 PM,0,1.5313,17.395
12/14/2025,6:10:00 PM,0,1.5294,17.377
12/14/2025,6:20:00 PM,0,1.5341,17.341
12/14/2025,6:30:00 PM,0,1.5333,17.295
12/14/2025,6:40:00 PM,0,1.5366,17.266
12/14/2025,6:50:00 PM,0,1.5364,17.269
12/14/2025,7:00:00 PM,0,1.5351,17.244
12/14/2025,7:10:00 PM,0,1.5272,17.222
12/14/2025,7:20:00 PM,0,1.5359,17.199
12/14/2025,7:30:00 PM,0,1.5319,17.152
12/14/2025,7:40:00 PM,0,1.5433,17.1
12/14/2025,7:50:00 PM,0,1.5334,17.075
12/14/2025,8:00:00 PM,0,1.5333,17.083
12/14/2025,8:10:00 PM,0,1.5389,17.058
12/14/2025,8:20:00 PM,0,1.5392,17.018
12/14/2025,8:30:00 PM,0,1.5312,17.038
12/14/2025,8:40:00 PM,0,1.5327,17.009
12/14/2025,8:50:00 PM,0,1.5268,16.967
12/14/2025,9:00:00 PM,0,1.5314,16.947
12/14/2025,9:10:00 PM,0,1.5407,16.928
12/14/2025,9:20:00 PM,0,1.529,16.879
12/14/2025,9:30:00 PM,0,1.5326,16.858
12/14/2025,9:40:00 PM,0,1.5347,16.837
12/14/2025,9:50:00 PM,0,1.5344,16.851
12/14/2025,10:00:00 PM,0,1.5308,16.853
12/14/2025,10:10:00 PM,0,1.5359,16.858
12/14/2025,10:20:00 PM,0,1.5315,16.846
12/14/2025,10:30:00 PM,0,1.534,16.8
12/14/2025,10:40:00 PM,0,1.5299,16.782
12/14/2025,10:50:00 PM,0,1.5324,16.793
12/14/2025,11:00:00 PM,0,1.531,16.767
12/14/2025,11:10:00 PM,0,1.5322,16.716
12/14/2025,11:20:00 PM,0,1.5338,16.721
12/14/2025,11:30:00 PM,0,1.5295,16.718
12/14/2025,11:40:00 PM,0,1.5277,16.688
12/14/2025,11:50:00 PM,0,1.5269,16.685
12/15/2025,12:00:00 AM,0,1.5312,16.669
12/15/2025,12:10:00 AM,0,1.5328,16.675
12/15/2025,12:20:00 AM,0,1.5266,16.645
12/15/2025,12:30:00 AM,0,1.5298,16.608
12/15/2025,12:40:00 AM,0,1.5365,16.594
12/15/2025,12:50:00 AM,0,1.5296,16.527
12/15/2025,1:00:00 AM,0,1.5299,16.512
12/15/2025,1:10:00 AM,0,1.5284,16.489
12/15/2025,1:20:00 AM,0,1.5321,16.483
12/15/2025,1:30:00 AM,0,1.5322,16.472
12/15/2025,1:40:00 AM,0,1.5302,16.473
12/15/2025,1:50:00 AM,0,1.5291,16.432
12/15/2025,2:00:00 AM,0,1.5298,16.409
12/15/2025,2:10:00 AM,0,1.5383,16.4
12/15/2025,2:20:00 AM,0,1.5314,16.368
12/15/2025,2:30:00 AM,0,1.5294,16.342
12/15/2025,2:40:00 AM,0,1.5292,16.254
12/15/2025,2:50:00 AM,0,1.5298,16.22
12/15/2025,3:00:00 AM,0,1.5296,16.204
12/15/2025,3:10:00 AM,0,1.518,16.169
12/15/2025,3:20:00 AM,0,1.524,16.178
12/15/2025,3:30:00 AM,0,1.5281,16.154
12/15/2025,3:40:00 AM,0,1.5295,16.118
12/15/2025,3:50:00 AM,0,1.5331,16.126
12/15/2025,4:00:00 AM,0,1.5292,16.128
12/15/2025,4:10:00 AM,0,1.5268,16.124
12/15/2025,4:20:00 AM,0,1.5331,16.14
12/15/2025,4:30:00 AM,0,1.5308,16.16
12/15/2025,4:40:00 AM,0,1.5269,16.167
12/15/2025,4:50:00 AM,0,1.5287,16.172
12/15/2025,5:00:00 AM,0,1.5291,16.172
12/15/2025,5:10:00 AM,0,1.5392,16.181
12/15/2025,5:20:00 AM,0,1.5293,16.163
12/15/2025,5:30:00 AM,0,1.5314,16.167
12/15/2025,5:40:00 AM,0,1.5369,16.165
12/15/2025,5:50:00 AM,0,1.5362,16.143
12/15/2025,6:00:00 AM,0,1.5296,16.151
12/15/2025,6:10:00 AM,0,1.5339,16.152
12/15/2025,6:20:00 AM,0,1.5301,16.153
12/15/2025,6:30:00 AM,0,1.5328,16.145
12/15/2025,6:40:00 AM,0,1.5281,16.15
12/15/2025,6:50:00 AM,0,1.5332,16.162
12/15/2025,7:00:00 AM,0,1.5303,16.164
12/15/2025,7:10:00 AM,0,1.5322,16.129
12/15/2025,7:20:00 AM,0,1.5294,16.144
12/15/2025,7:30:00 AM,0,1.5245,16.121
12/15/2025,7:40:00 AM,0,1.5323,16.089
12/15/2025,7:50:00 AM,0,1.5289,16.066
12/15/2025,8:00:00 AM,0,1.5299,16.028
12/15/2025,8:10:00 AM,0,1.5333,16.014
12/15/2025,8:20:00 AM,0,1.5414,16.007
12/15/2025,8:30:00 AM,0,1.5398,16.042
12/15/2025,8:40:00 AM,0,1.5426,16.076
12/15/2025,8:50:00 AM,0,1.5379,16.117
12/15/2025,9:00:00 AM,0,1.5336,16.118
12/15/2025,9:10:00 AM,0,1.54,16.135
12/15/2025,9:20:00 AM,0,1.5341,16.155
12/15/2025,9:30:00 AM,0,1.5303,16.178
12/15/2025,9:40:00 AM,0,1.5342,16.244
12/15/2025,9:50:00 AM,0,1.53,16.326
12/15/2025,10:00:00 AM,0,1.5314,16.361
12/15/2025,10:10:00 AM,0,1.537,16.51
12/15/2025,10:20:00 AM,0,1.5363,16.581
12/15/2025,10:30:00 AM,0,1.5363,16.644
12/15/2025,10:40:00 AM,0,1.5286,16.742
12/15/2025,10:50:00 AM,0,1.5315,16.769
12/15/2025,11:00:00 AM,0,1.539,16.93
12/15/2025,11:10:00 AM,0,1.5297,17.038
12/15/2025,11:20:00 AM,0,1.5361,17.152
12/15/2025,11:30:00 AM,0,1.5313,17.19
12/15/2025,11:40:00 AM,0,1.5208,17.206
12/15/2025,11:50:00 AM,0,1.5301,17.215
12/15/2025,12:00:00 PM,0,1.5378,17.305
12/15/2025,12:10:00 PM,0,1.5319,17.381
12/15/2025,12:20:00 PM,0,1.5322,17.43
12/15/2025,12:30:00 PM,0,1.537,17.55
12/15/2025,12:40:00 PM,0,1.5246,17.595
12/15/2025,12:50:00 PM,0,1.5298,17.716
12/15/2025,1:00:00 PM,0,1.5357,17.736
12/15/2025,1:10:00 PM,0,1.5291,17.712
12/15/2025,1:20:00 PM,0,1.5408,17.81
12/15/2025,1:30:00 PM,0,1.5393,17.833
12/15/2025,1:40:00 PM,0,1.53,17.911
12/15/2025,1:50:00 PM,0,1.5352,18.062
12/15/2025,2:00:00 PM,0,1.537,18.084
12/15/2025,2:10:00 PM,0,1.5358,18.119
12/15/2025,2:20:00 PM,0,1.5327,18.106
12/15/2025,2:30:00 PM,0,1.536,18.161
12/15/2025,2:40:00 PM,0,1.526,18.192
12/15/2025,2:50:00 PM,0,1.5284,18.193
12/15/2025,3:00:00 PM,0,1.5324,18.189
12/15/2025,3:10:00 PM,0,1.534,18.136
12/15/2025,3:20:00 PM,0,1.5301,18.113
12/15/2025,3:30:00 PM,0,1.5377,18.063
12/15/2025,3:40:00 PM,0,1.5337,18.013
12/15/2025,3:50:00 PM,0,1.5358,17.93
12/15/2025,4:00:00 PM,0,1.5328,17.87
12/15/2025,4:10:00 PM,0,1.5349,17.741
12/15/2025,4:20:00 PM,0,1.5353,17.685
12/15/2025,4:30:00 PM,0,1.5288,17.593
12/15/2025,4:40:00 PM,0,1.5331,17.602
12/15/2025,4:50:00 PM,0,1.5249,17.541
12/15/2025,5:00:00 PM,0,1.5245,17.48
12/15/2025,5:10:00 PM,0,1.5249,17.44
12/15/2025,5:20:00 PM,0,1.5245,17.408
12/15/2025,5:30:00 PM,0,1.5323,17.394
12/15/2025,5:40:00 PM,0,1.5289,17.377
12/15/2025,5:50:00 PM,0,1.5249,17.38
12/15/2025,6:00:00 PM,0,1.5308,17.36
12/15/2025,6:10:00 PM,0,1.5297,17.352
12/15/2025,6:20:00 PM,0,1.5362,17.35
12/15/2025,6:30:00 PM,0,1.5314,17.327
12/15/2025,6:40:00 PM,0,1.53,17.292
12/15/2025,6:50:00 PM,0,1.5343,17.283
12/15/2025,7:00:00 PM,0,1.533,17.247
12/15/2025,7:10:00 PM,0,1.5342,17.221
12/15/2025,7:20:00 PM,0,1.5324,17.21
12/15/2025,7:30:00 PM,0,1.5327,17.166
12/15/2025,7:40:00 PM,0,1.5317,17.13
12/15/2025,7:50:00 PM,0,1.529,17.092
12/15/2025,8:00:00 PM,0,1.5303,17.116
12/15/2025,8:10:00 PM,0,1.5205,17.087
12/15/2025,8:20:00 PM,0,1.5298,17.07
12/15/2025,8:30:00 PM,0,1.5276,17.074
12/15/2025,8:40:00 PM,0,1.5191,17.052
12/15/2025,8:50:00 PM,0,1.5362,16.979
12/15/2025,9:00:00 PM,0,1.5289,16.937
12/15/2025,9:10:00 PM,0,1.5255,16.922
12/15/2025,9:20:00 PM,0,1.5315,16.881
12/15/2025,9:30:00 PM,0,1.5305,16.863
12/15/2025,9:40:00 PM,0,1.5291,16.872
12/15/2025,9:50:00 PM,0,1.5286,16.835
12/15/2025,10:00:00 PM,0,1.5297,16.864
12/15/2025,10:10:00 PM,0,1.5386,16.827
12/15/2025,10:20:00 PM,0,1.5281,16.853
12/15/2025,10:30:00 PM,0,1.5243,16.822
12/15/2025,10:40:00 PM,0,1.5345,16.782
12/15/2025,10:50:00 PM,0,1.5258,16.798
12/15/2025,11:00:00 PM,0,1.5248,16.761
12/15/2025,11:10:00 PM,0,1.52,16.695
12/15/2025,11:20:00 PM,0,1.5252,16.685
12/15/2025,11:30:00 PM,0,1.5273,16.686
12/15/2025,11:40:00 PM,0,1.5303,16.65
12/15/2025,11:50:00 PM,0,1.5325,16.625
12/16/2025,12:00:00 AM,0,1.5326,16.671
12/16/2025,12:10:00 AM,0,1.5348,16.59
12/16/2025,12:20:00 AM,0,1.5301,16.567
12/16/2025,12:30:00 AM,0,1.5261,16.542
12/16/2025,12:40:00 AM,0,1.5232,16.534
12/16/2025,12:50:00 AM,0,1.5233,16.524
12/16/2025,1:00:00 AM,0,1.5291,16.502
12/16/2025,1:10:00 AM,0,1.5328,16.499
12/16/2025,1:20:00 AM,0,1.5333,16.496
12/16/2025,1:30:00 AM,0,1.5254,16.463
12/16/2025,1:40:00 AM,0,1.5244,16.442
12/16/2025,1:50:00 AM,0,1.5314,16.416
12/16/2025,2:00:00 AM,0,1.5289,16.416
12/16/2025,2:10:00 AM,0,1.5232,16.419
12/16/2025,2:20:00 AM,0,1.5235,16.424
12/16/2025,2:30:00 AM,0,1.5306,16.433
12/16/2025,2:40:00 AM,0,1.5436,16.382
12/16/2025,2:50:00 AM,0,1.5263,16.39
12/16/2025,3:00:00 AM,0,1.5306,16.368
12/16/2025,3:10:00 AM,0,1.5299,16.357
12/16/2025,3:20:00 AM,0,1.5208,16.315
12/16/2025,3:30:00 AM,0,1.5291,16.328
12/16/2025,3:40:00 AM,0,1.5249,16.338
12/16/2025,3:50:00 AM,0,1.5246,16.335
12/16/2025,4:00:00 AM,0,1.5279,16.31
12/16/2025,4:10:00 AM,0,1.526,16.309
12/16/2025,4:20:00 AM,0,1.5295,16.289
12/16/2025,4:30:00 AM,0,1.5264,16.266
12/16/2025,4:40:00 AM,0,1.5304,16.211
12/16/2025,4:50:00 AM,0,1.5282,16.208
12/16/2025,5:00:00 AM,0,1.5255,16.178
12/16/2025,5:10:00 AM,0,1.5198,16.14
12/16/2025,5:20:00 AM,0,1.5314,16.1
12/16/2025,5:30:00 AM,0,1.5271,16.102
12/16/2025,5:40:00 AM,0,1.5369,16.016
12/16/2025,5:50:00 AM,0,1.5295,16.003
12/16/2025,6:00:00 AM,0,1.5221,16.018
12/16/2025,6:10:00 AM,0,1.5346,16.003
12/16/2025,6:20:00 AM,0,1.5251,15.98
12/16/2025,6:30:00 AM,0,1.5245,15.919
12/16/2025,6:40:00 AM,0,1.5185,15.9
12/16/2025,6:50:00 AM,0,1.5271,15.907
12/16/2025,7:00:00 AM,0,1.5241,15.876
12/16/2025,7:10:00 AM,0,1.5266,15.894
12/16/2025,7:20:00 AM,0,1.5292,15.947
12/16/2025,7:30:00 AM,0,1.5292,16.026
12/16/2025,7:40:00 AM,0,1.5303,15.913
12/16/2025,7:50:00 AM,0,1.5374,15.848
12/16/2025,8:00:00 AM,0,1.5314,15.853
12/16/2025,8:10:00 AM,0,1.5316,15.819
12/16/2025,8:20:00 AM,0,1.5385,15.788
12/16/2025,8:30:00 AM,0,1.5336,15.796
12/16/2025,8:40:00 AM,0,1.5336,15.811
12/16/2025,8:50:00 AM,0,1.5377,15.81
12/16/2025,9:00:00 AM,0,1.531,15.837
12/16/2025,9:10:00 AM,0,1.5322,15.828
12/16/2025,9:20:00 AM,0,1.528,15.831
12/16/2025,9:30:00 AM,0,1.5285,15.874
12/16/2025,9:40:00 AM,0,1.5356,15.888
12/16/2025,9:50:00 AM,0,1.5354,15.93
12/16/2025,10:00:00 AM,0,1.5261,16.06
12/16/2025,10:10:00 AM,0,1.5404,16.251
12/16/2025,10:20:00 AM,0,1.5303,16.355
12/16/2025,10:30:00 AM,0,1.5288,16.477
12/16/2025,10:40:00 AM,0,1.5127,16.662
12/16/2025,10:50:00 AM,0,1.5271,16.82
12/16/2025,11:00:00 AM,0,1.5269,17.022
12/16/2025,11:10:00 AM,0,1.5096,17.114
12/16/2025,11:20:00 AM,0,1.5196,17.25
12/16/2025,11:30:00 AM,0,1.5277,17.376
12/16/2025,11:40:00 AM,0,1.5024,17.448
12/16/2025,11:50:00 AM,0,1.5265,17.436
12/16/2025,12:00:00 PM,0,1.5291,17.452
12/16/2025,12:10:00 PM,0,1.5131,17.563
12/16/2025,12:20:00 PM,0,1.5227,17.621
12/16/2025,12:30:00 PM,0,1.5299,17.6
12/16/2025,12:40:00 PM,0,1.5126,17.61
12/16/2025,12:50:00 PM,0,1.5288,17.636
12/16/2025,1:00:00 PM,0,1.5262,17.836
12/16/2025,1:10:00 PM,0,1.5184,17.801
12/16/2025,1:20:00 PM,0,1.5239,17.87
12/16/2025,1:30:00 PM,0,1.5253,17.927
12/16/2025,1:40:00 PM,0,1.5287,17.911
12/16/2025,1:50:00 PM,0,1.519,17.942
12/16/2025,2:00:00 PM,0,1.5252,17.872
12/16/2025,2:10:00 PM,0,1.5386,17.91
12/16/2025,2:20:00 PM,0,1.523,17.672
12/16/2025,2:30:00 PM,0,1.5294,17.864
12/16/2025,2:40:00 PM,0,1.5369,17.868
12/16/2025,2:50:00 PM,0,1.5237,17.887
12/16/2025,3:00:00 PM,0,1.5298,17.82
12/16/2025,3:10:00 PM,0,1.5234,17.769
12/16/2025,3:20:00 PM,0,1.5282,17.742
12/16/2025,3:30:00 PM,0,1.5276,17.755
12/16/2025,3:40:00 PM,0,1.5356,17.687
12/16/2025,3:50:00 PM,0,1.5304,17.657
12/16/2025,4:00:00 PM,0,1.5273,17.629
12/16/2025,4:10:00 PM,0,1.5258,17.574
12/16/2025,4:20:00 PM,0,1.5234,17.53
12/16/2025,4:30:00 PM,0,1.524,17.511
12/16/2025,4:40:00 PM,0,1.5273,17.508
12/16/2025,4:50:00 PM,0,1.5298,17.435
12/16/2025,5:00:00 PM,0,1.522,17.374
12/16/2025,5:10:00 PM,0,1.5237,17.319
12/16/2025,5:20:00 PM,0,1.5261,17.291
12/16/2025,5:30:00 PM,0,1.5291,17.273
12/16/2025,5:40:00 PM,0,1.5279,17.256
12/16/2025,5:50:00 PM,0,1.5268,17.252
12/16/2025,6:00:00 PM,0,1.5285,17.247
12/16/2025,6:10:00 PM,0,1.5289,17.243
12/16/2025,6:20:00 PM,0,1.5294,17.218
12/16/2025,6:30:00 PM,0,1.5282,17.19
12/16/2025,6:40:00 PM,0,1.5273,17.178
12/16/2025,6:50:00 PM,0,1.5301,17.169
12/16/2025,7:00:00 PM,0,1.5278,17.162
12/16/2025,7:10:00 PM,0,1.525,17.156
12/16/2025,7:20:00 PM,0,1.5337,17.151
12/16/2025,7:30:00 PM,0,1.5288,17.144
12/16/2025,7:40:00 PM,0,1.5429,17.137
12/16/2025,7:50:00 PM,0,1.5254,17.139
12/16/2025,8:00:00 PM,0,1.5272,17.132
12/16/2025,8:10:00 PM,0,1.5356,17.12
12/16/2025,8:20:00 PM,0,1.5343,17.103
12/16/2025,8:30:00 PM,0,1.5309,17.082
12/16/2025,8:40:00 PM,0,1.5312,17.079
12/16/2025,8:50:00 PM,0,1.5345,17.074
12/16/2025,9:00:00 PM,0,1.5302,17.069
12/16/2025,9:10:00 PM,0,1.5343,17.075
12/16/2025,9:20:00 PM,0,1.5329,17.066
12/16/2025,9:30:00 PM,0,1.5288,17.03
12/16/2025,9:40:00 PM,0,1.528,17.002
12/16/2025,9:50:00 PM,0,1.5342,16.975
12/16/2025,10:00:00 PM,0,1.5278,16.94
12/16/2025,10:10:00 PM,0,1.5348,16.955
12/16/2025,10:20:00 PM,0,1.5256,16.952
12/16/2025,10:30:00 PM,0,1.5268,16.947
12/16/2025,10:40:00 PM,0,1.5151,16.968
12/16/2025,10:50:00 PM,0,1.5205,16.962
12/16/2025,11:00:00 PM,0,1.5261,16.969
12/16/2025,11:10:00 PM,0,1.5197,16.967
12/16/2025,11:20:00 PM,0,1.528,16.98
12/16/2025,11:30:00 PM,0,1.5267,16.981
12/16/2025,11:40:00 PM,0,1.528,16.975
12/16/2025,11:50:00 PM,0,1.5333,16.971
12/17/2025,12:00:00 AM,0,1.5281,16.956
12/17/2025,12:10:00 AM,0,1.5364,16.959
12/17/2025,12:20:00 AM,0,1.5302,16.944
12/17/2025,12:30:00 AM,0,1.5315,16.951
12/17/2025,12:40:00 AM,0,1.5233,16.938
12/17/2025,12:50:00 AM,0,1.52,16.938
12/17/2025,1:00:00 AM,0,1.5276,16.933
12/17/2025,1:10:00 AM,0,1.5335,16.939
12/17/2025,1:20:00 AM,0,1.5236,16.919
12/17/2025,1:30:00 AM,0,1.5281,16.903
12/17/2025,1:40:00 AM,0,1.5296,16.897
12/17/2025,1:50:00 AM,0,1.5246,16.89
12/17/2025,2:00:00 AM,0,1.528,16.884
12/17/2025,2:10:00 AM,0,1.5257,16.88
12/17/2025,2:20:00 AM,0,1.5265,16.887
12/17/2025,2:30:00 AM,0,1.5273,16.872
12/17/2025,2:40:00 AM,0,1.5237,16.858
12/17/2025,2:50:00 AM,0,1.5283,16.859
12/17/2025,3:00:00 AM,0,1.53,16.843
12/17/2025,3:10:00 AM,0,1.5228,16.837
12/17/2025,3:20:00 AM,0,1.5305,16.833
12/17/2025,3:30:00 AM,0,1.5242,16.826
12/17/2025,3:40:00 AM,0,1.5266,16.835
12/17/2025,3:50:00 AM,0,1.5234,16.82
12/17/2025,4:00:00 AM,0,1.5232,16.815
12/17/2025,4:10:00 AM,0,1.5405,16.798
12/17/2025,4:20:00 AM,0,1.5229,16.8
12/17/2025,4:30:00 AM,0,1.5286,16.804
12/17/2025,4:40:00 AM,0,1.5234,16.79
12/17/2025,4:50:00 AM,0,1.5417,16.785
12/17/2025,5:00:00 AM,0,1.5268,16.758
12/17/2025,5:10:00 AM,0,1.5325,16.767
12/17/2025,5:20:00 AM,0,1.5317,16.738
12/17/2025,5:30:00 AM,0,1.5233,16.724
12/17/2025,5:40:00 AM,0,1.5078,16.702
12/17/2025,5:50:00 AM,0,1.5277,16.681
12/17/2025,6:00:00 AM,0,1.5278,16.688
12/17/2025,6:10:00 AM,0,1.5264,16.689
12/17/2025,6:20:00 AM,0,1.5259,16.66
12/17/2025,6:30:00 AM,0,1.5338,16.634
12/17/2025,6:40:00 AM,0,1.5402,16.614
12/17/2025,6:50:00 AM,0,1.5352,16.594
12/17/2025,7:00:00 AM,0,1.5235,16.559
12/17/2025,7:10:00 AM,0,1.5146,16.54
12/17/2025,7:20:00 AM,0,1.532,16.659
12/17/2025,7:30:00 AM,0,1.525,16.662
12/17/2025,7:40:00 AM,0,1.5342,16.658
12/17/2025,7:50:00 AM,0,1.5344,16.614
12/17/2025,8:00:00 AM,0,1.5295,16.582
12/17/2025,8:10:00 AM,0,1.5221,16.534
12/17/2025,8:20:00 AM,0,1.5348,16.545
12/17/2025,8:30:00 AM,0,1.531,16.544
12/17/2025,8:40:00 AM,0,1.5324,16.546
12/17/2025,8:50:00 AM,0,1.5446,16.549
12/17/2025,9:00:00 AM,0,1.5484,16.577
12/17/2025,9:10:00 AM,0,1.5605,16.586
12/17/2025,9:20:00 AM,0,1.5383,16.616
12/17/2025,9:30:00 AM,0,1.5281,16.732
12/17/2025,9:40:00 AM,0,1.5324,16.821
12/17/2025,9:50:00 AM,0,1.5174,16.775
12/17/2025,10:00:00 AM,0,1.5299,16.806
12/17/2025,10:10:00 AM,0,1.5279,16.847
12/17/2025,10:20:00 AM,0,1.5164,16.968
12/17/2025,10:30:00 AM,0,1.5205,17.016
12/17/2025,10:40:00 AM,0,1.5192,17.062
12/17/2025,10:50:00 AM,0,1.5246,17.229
12/17/2025,11:00:00 AM,0,1.5312,17.356
12/17/2025,11:10:00 AM,0,1.5181,17.494
12/17/2025,11:20:00 AM,0,1.5167,17.598
12/17/2025,11:30:00 AM,0,1.5326,17.718
12/17/2025,11:40:00 AM,0,1.5124,17.745
12/17/2025,11:50:00 AM,0,1.525,17.85
12/17/2025,12:00:00 PM,0,1.5239,17.981
12/17/2025,12:10:00 PM,0,1.5103,18.126
12/17/2025,12:20:00 PM,0,1.5208,18.138
12/17/2025,12:30:00 PM,0,1.5218,18.2
12/17/2025,12:40:00 PM,0,1.5213,18.436
12/17/2025,12:50:00 PM,0,1.5157,18.546
12/17/2025,1:00:00 PM,0,1.5249,18.554
12/17/2025,1:10:00 PM,0,1.5201,18.435
12/17/2025,1:20:00 PM,0,1.5141,18.394
12/17/2025,1:30:00 PM,0,1.5309,18.268
12/17/2025,1:40:00 PM,0,1.5223,18.117
12/17/2025,1:50:00 PM,0,1.5273,18.24
12/17/2025,2:00:00 PM,0,1.5137,18.323
12/17/2025,2:10:00 PM,0,1.5056,18.282
12/17/2025,2:20:00 PM,0,1.5239,18.281
12/17/2025,2:30:00 PM,0,1.5267,18.172
12/17/2025,2:40:00 PM,0,1.5114,18.257
12/17/2025,2:50:00 PM,0,1.5354,18.085
12/17/2025,3:00:00 PM,0,1.5337,18.034
12/17/2025,3:10:00 PM,0,1.5336,17.983
12/17/2025,3:20:00 PM,0,1.5359,18.094
12/17/2025,3:30:00 PM,0,1.5292,17.99
12/17/2025,3:40:00 PM,0,1.5392,18.012
12/17/2025,3:50:00 PM,0,1.5269,17.98
12/17/2025,4:00:00 PM,0,1.5305,17.95
12/17/2025,4:10:00 PM,0,1.5339,17.967
12/17/2025,4:20:00 PM,0,1.5282,17.946
12/17/2025,4:30:00 PM,0,1.5244,17.969
12/17/2025,4:40:00 PM,0,1.5282,17.887
12/17/2025,4:50:00 PM,0,1.518,17.874
12/17/2025,5:00:00 PM,0,1.5218,17.844
12/17/2025,5:10:00 PM,0,1.5206,17.821
12/17/2025,5:20:00 PM,0,1.5259,17.811
12/17/2025,5:30:00 PM,0,1.5229,17.784
12/17/2025,5:40:00 PM,0,1.5308,17.767
12/17/2025,5:50:00 PM,0,1.5293,17.754
12/17/2025,6:00:00 PM,0,1.5291,17.753
12/17/2025,6:10:00 PM,0,1.5246,17.74
12/17/2025,6:20:00 PM,0,1.5353,17.735
12/17/2025,6:30:00 PM,0,1.5273,17.723
12/17/2025,6:40:00 PM,0,1.5307,17.705
12/17/2025,6:50:00 PM,0,1.541,17.681
12/17/2025,7:00:00 PM,0,1.5305,17.667
12/17/2025,7:10:00 PM,0,1.5297,17.642
12/17/2025,7:20:00 PM,0,1.5267,17.608
12/17/2025,7:30:00 PM,0,1.5266,17.591
12/17/2025,7:40:00 PM,0,1.5323,17.581
12/17/2025,7:50:00 PM,0,1.5303,17.557
12/17/2025,8:00:00 PM,0,1.522,17.544
12/17/2025,8:10:00 PM,0,1.5255,17.528
12/17/2025,8:20:00 PM,0,1.5197,17.51
12/17/2025,8:30:00 PM,0,1.527,17.48
12/17/2025,8:40:00 PM,0,1.532,17.479
12/17/2025,8:50:00 PM,0,1.53,17.479
12/17/2025,9:00:00 PM,0,1.5303,17.448
12/17/2025,9:10:00 PM,0,1.526,17.426
12/17/2025,9:20:00 PM,0,1.5324,17.414
12/17/2025,9:30:00 PM,0,1.5266,17.369
12/17/2025,9:40:00 PM,0,1.529,17.331
12/17/2025,9:50:00 PM,0,1.527,17.3
12/17/2025,10:00:00 PM,0,1.529,17.274
12/17/2025,10:10:00 PM,0,1.5315,17.198
12/17/2025,10:20:00 PM,0,1.5301,17.196
12/17/2025,10:30:00 PM,0,1.5286,17.173
12/17/2025,10:40:00 PM,0,1.5256,17.159
12/17/2025,10:50:00 PM,0,1.521,17.15
12/17/2025,11:00:00 PM,0,1.5252,17.14
12/17/2025,11:10:00 PM,0,1.5108,17.104
12/17/2025,11:20:00 PM,0,1.5191,17.09
12/17/2025,11:30:00 PM,0,1.5257,17.103
12/17/2025,11:40:00 PM,0,1.5238,17.036
12/17/2025,11:50:00 PM,0,1.528,17.017
12/18/2025,12:00:00 AM,0,1.5285,17.057
12/18/2025,12:10:00 AM,0,1.5248,17.063
12/18/2025,12:20:00 AM,0,1.5222,17.038
12/18/2025,12:30:00 AM,0,1.5268,17.03
12/18/2025,12:40:00 AM,0,1.5185,17.097
12/18/2025,12:50:00 AM,0,1.5223,17.021
12/18/2025,1:00:00 AM,0,1.5227,17.032
12/18/2025,1:10:00 AM,0,1.5227,17.028
12/18/2025,1:20:00 AM,0,1.5182,16.973
12/18/2025,1:30:00 AM,0,1.5211,16.959
12/18/2025,1:40:00 AM,0,1.5157,16.948
12/18/2025,1:50:00 AM,0,1.5257,16.918
12/18/2025,2:00:00 AM,0,1.5283,16.896
12/18/2025,2:10:00 AM,0,1.5181,16.866
12/18/2025,2:20:00 AM,0,1.5273,16.873
12/18/2025,2:30:00 AM,0,1.5296,16.874
12/18/2025,2:40:00 AM,0,1.5252,16.879
12/18/2025,2:50:00 AM,0,1.5189,16.912
12/18/2025,3:00:00 AM,0,1.5229,16.882
12/18/2025,3:10:00 AM,0,1.5134,16.82
12/18/2025,3:20:00 AM,0,1.5184,16.783
12/18/2025,3:30:00 AM,0,1.5252,16.743
12/18/2025,3:40:00 AM,0,1.5225,16.776
12/18/2025,3:50:00 AM,0,1.5229,16.719
12/18/2025,4:00:00 AM,0,1.5224,16.737
12/18/2025,4:10:00 AM,0,1.5228,16.737
12/18/2025,4:20:00 AM,0,1.5254,16.732
12/18/2025,4:30:00 AM,0,1.5261,16.691
12/18/2025,4:40:00 AM,0,1.5313,16.703
12/18/2025,4:50:00 AM,0,1.5289,16.675
12/18/2025,5:00:00 AM,0,1.5239,16.616
12/18/2025,5:10:00 AM,0,1.5243,16.62
12/18/2025,5:20:00 AM,0,1.5279,16.644
12/18/2025,5:30:00 AM,0,1.5236,16.625
12/18/2025,5:40:00 AM,0,1.539,16.598
12/18/2025,5:50:00 AM,0,1.5312,16.612
12/18/2025,6:00:00 AM,0,1.5214,16.575
12/18/2025,6:10:00 AM,0,1.5226,16.509
12/18/2025,6:20:00 AM,0,1.5224,16.497
12/18/2025,6:30:00 AM,0,1.5192,16.479
12/18/2025,6:40:00 AM,0,1.5183,16.401
12/18/2025,6:50:00 AM,0,1.5237,16.369
12/18/2025,7:00:00 AM,0,1.5194,16.432
12/18/2025,7:10:00 AM,0,1.5172,16.447
12/18/2025,7:20:00 AM,0,1.5243,16.49
12/18/2025,7:30:00 AM,0,1.529,16.524
12/18/2025,7:40:00 AM,0,1.5315,16.503
12/18/2025,7:50:00 AM,0,1.528,16.538
12/18/2025,8:00:00 AM,0,1.529,16.526
12/18/2025,8:10:00 AM,0,1.5326,16.442
12/18/2025,8:20:00 AM,0,1.5303,16.398
12/18/2025,8:30:00 AM,0,1.5232,16.397
12/18/2025,8:40:00 AM,0,1.5348,16.463
12/18/2025,8:50:00 AM,0,1.5249,16.415
12/18/2025,9:00:00 AM,0,1.5193,16.381
12/18/2025,9:10:00 AM,0,1.5245,16.389
12/18/2025,9:20:00 AM,0,1.5172,16.534
12/18/2025,9:30:00 AM,0,1.5211,16.624
12/18/2025,9:40:00 AM,0,1.5163,16.661
12/18/2025,9:50:00 AM,0,1.5238,16.722
12/18/2025,10:00:00 AM,0,1.5227,16.827
12/18/2025,10:10:00 AM,0,1.5153,16.942
12/18/2025,10:20:00 AM,0,1.5213,17.087
12/18/2025,10:30:00 AM,0,1.5254,17.237
12/18/2025,10:40:00 AM,0,1.5218,17.225
12/18/2025,10:50:00 AM,0,1.5265,17.399
12/18/2025,11:00:00 AM,0,1.5166,17.536
12/18/2025,11:10:00 AM,0,1.5066,17.64
12/18/2025,11:20:00 AM,0,1.516,17.627
12/18/2025,11:30:00 AM,0,1.5209,17.699
12/18/2025,11:40:00 AM,0,1.5051,17.753
12/18/2025,11:50:00 AM,0,1.5138,17.856
12/18/2025,12:00:00 PM,0,1.5202,18.177
12/18/2025,12:10:00 PM,0,1.4986,18.32
12/18/2025,12:20:00 PM,0,1.5158,18.395
12/18/2025,12:30:00 PM,0,1.5234,18.424
12/18/2025,12:40:00 PM,0,1.514,18.495
12/18/2025,12:50:00 PM,0,1.5132,18.404
12/18/2025,1:00:00 PM,0,1.5246,18.422
12/18/2025,1:10:00 PM,0,1.5175,18.534
12/18/2025,1:20:00 PM,0,1.5212,18.512
12/18/2025,1:30:00 PM,0,1.5201,18.432
12/18/2025,1:40:00 PM,0,1.5246,18.476
12/18/2025,1:50:00 PM,0,1.5101,18.605
12/18/2025,2:00:00 PM,0,1.5157,18.629
12/18/2025,2:10:00 PM,0,1.5135,18.595
12/18/2025,2:20:00 PM,0,1.505,18.578
12/18/2025,2:30:00 PM,0,1.5069,18.582
12/18/2025,2:40:00 PM,0,1.4961,18.488
12/18/2025,2:50:00 PM,0,1.5228,18.464
12/18/2025,3:00:00 PM,0,1.5234,18.215
12/18/2025,3:10:00 PM,0,1.5235,18.051
12/18/2025,3:20:00 PM,0,1.5117,18.104
12/18/2025,3:30:00 PM,0,1.5273,18.228
12/18/2025,3:40:00 PM,0,1.524,18.243
12/18/2025,3:50:00 PM,0,1.5252,17.985
12/18/2025,4:00:00 PM,0,1.5303,18.102
12/18/2025,4:10:00 PM,0,1.536,18.194
12/18/2025,4:20:00 PM,0,1.527,18.126
12/18/2025,4:30:00 PM,0,1.5217,18.137
12/18/2025,4:40:00 PM,0,1.5377,18.147
12/18/2025,4:50:00 PM,0,1.5121,18.154
12/18/2025,5:00:00 PM,0,1.5162,18.092
12/18/2025,5:10:00 PM,0,1.5191,18.087
12/18/2025,5:20:00 PM,0,1.5241,18.058
12/18/2025,5:30:00 PM,0,1.5194,18
12/18/2025,5:40:00 PM,0,1.5351,17.95
12/18/2025,5:50:00 PM,0,1.5278,17.944
12/18/2025,6:00:00 PM,0,1.5241,17.929
12/18/2025,6:10:00 PM,0,1.5249,17.885
12/18/2025,6:20:00 PM,0,1.5154,17.878
12/18/2025,6:30:00 PM,0,1.5176,17.862
12/18/2025,6:40:00 PM,0,1.5207,17.847
12/18/2025,6:50:00 PM,0,1.5206,17.859
12/18/2025,7:00:00 PM,0,1.5197,17.842
12/18/2025,7:10:00 PM,0,1.5264,17.793
12/18/2025,7:20:00 PM,0,1.5281,17.776
12/18/2025,7:30:00 PM,0,1.5154,17.742
12/18/2025,7:40:00 PM,0,1.5235,17.705
12/18/2025,7:50:00 PM,0,1.5204,17.668
12/18/2025,8:00:00 PM,0,1.5208,17.643
12/18/2025,8:10:00 PM,0,1.5264,17.615
12/18/2025,8:20:00 PM,0,1.5224,17.621
12/18/2025,8:30:00 PM,0,1.5195,17.632
12/18/2025,8:40:00 PM,0,1.5226,17.636
12/18/2025,8:50:00 PM,0,1.5213,17.626
12/18/2025,9:00:00 PM,0,1.5181,17.602
12/18/2025,9:10:00 PM,0,1.5169,17.558
12/18/2025,9:20:00 PM,0,1.519,17.534
12/18/2025,9:30:00 PM,0,1.5204,17.47
12/18/2025,9:40:00 PM,0,1.5203,17.497
12/18/2025,9:50:00 PM,0,1.5225,17.491
12/18/2025,10:00:00 PM,0,1.5138,17.458
12/18/2025,10:10:00 PM,0,1.5183,17.441
12/18/2025,10:20:00 PM,0,1.5181,17.403
12/18/2025,10:30:00 PM,0,1.5208,17.379
12/18/2025,10:40:00 PM,0,1.5244,17.322
12/18/2025,10:50:00 PM,0,1.5158,17.313
12/18/2025,11:00:00 PM,0,1.5175,17.311
12/18/2025,11:10:00 PM,0,1.5178,17.297
12/18/2025,11:20:00 PM,0,1.5188,17.273
12/18/2025,11:30:00 PM,0,1.5189,17.277
12/18/2025,11:40:00 PM,0,1.5124,17.233
12/18/2025,11:50:00 PM,0,1.5169,17.216
12/19/2025,12:00:00 AM,0,1.5184,17.182
12/19/2025,12:10:00 AM,0,1.5154,17.207
12/19/2025,12:20:00 AM,0,1.5144,17.214
12/19/2025,12:30:00 AM,0,1.5151,17.193
12/19/2025,12:40:00 AM,0,1.5161,17.178
12/19/2025,12:50:00 AM,0,1.5144,17.172
12/19/2025,1:00:00 AM,0,1.5155,17.152
12/19/2025,1:10:00 AM,0,1.5224,17.142
12/19/2025,1:20:00 AM,0,1.5189,17.139
12/19/2025,1:30:00 AM,0,1.5197,17.13
12/19/2025,1:40:00 AM,0,1.5211,17.096
12/19/2025,1:50:00 AM,0,1.5227,17.084
12/19/2025,2:00:00 AM,0,1.5186,17.083
12/19/2025,2:10:00 AM,0,1.5134,17.086
12/19/2025,2:20:00 AM,0,1.5173,17.061
12/19/2025,2:30:00 AM,0,1.5153,17.018
12/19/2025,2:40:00 AM,0,1.51,17.041
12/19/2025,2:50:00 AM,0,1.5178,17.041
12/19/2025,3:00:00 AM,0,1.5106,17.04
12/19/2025,3:10:00 AM,0,1.5197,17.016
12/19/2025,3:20:00 AM,0,1.5089,17.015
12/19/2025,3:30:00 AM,0,1.5134,17.017
12/19/2025,3:40:00 AM,0,1.5094,17.013
12/19/2025,3:50:00 AM,0,1.5173,16.977
12/19/2025,4:00:00 AM,0,1.5123,16.988
12/19/2025,4:10:00 AM,0,1.517,16.994
12/19/2025,4:20:00 AM,0,1.5138,16.943
12/19/2025,4:30:00 AM,0,1.5182,16.953
12/19/2025,4:40:00 AM,0,1.5327,16.943
12/19/2025,4:50:00 AM,0,1.5165,16.929
12/19/2025,5:00:00 AM,0,1.5174,16.893
12/19/2025,5:10:00 AM,0,1.5261,16.798
12/19/2025,5:20:00 AM,0,1.5232,16.814
12/19/2025,5:30:00 AM,0,1.5189,16.778
12/19/2025,5:40:00 AM,0,1.5218,16.76
12/19/2025,5:50:00 AM,0,1.5187,16.738
12/19/2025,6:00:00 AM,0,1.5137,16.703
12/19/2025,6:10:00 AM,0,1.5191,16.691
12/19/2025,6:20:00 AM,0,1.5142,16.68
12/19/2025,6:30:00 AM,0,1.5159,16.647
12/19/2025,6:40:00 AM,0,1.5126,16.688
12/19/2025,6:50:00 AM,0,1.5162,16.681
12/19/2025,7:00:00 AM,0,1.5119,16.634
12/19/2025,7:10:00 AM,0,1.5115,16.607
12/19/2025,7:20:00 AM,0,1.5231,16.656
12/19/2025,7:30:00 AM,0,1.5192,16.616
12/19/2025,7:40:00 AM,0,1.5248,16.567
12/19/2025,7:50:00 AM,0,1.527,16.463
12/19/2025,8:00:00 AM,0,1.521,16.547
12/19/2025,8:10:00 AM,0,1.5326,16.594
12/19/2025,8:20:00 AM,0,1.5294,16.603
12/19/2025,8:30:00 AM,0,1.5312,16.527
12/19/2025,8:40:00 AM,0,1.5289,16.489
12/19/2025,8:50:00 AM,0,1.5288,16.559
12/19/2025,9:00:00 AM,0,1.5208,16.566
12/19/2025,9:10:00 AM,0,1.5165,16.569
12/19/2025,9:20:00 AM,0,1.5187,16.671
12/19/2025,9:30:00 AM,0,1.5148,16.683
12/19/2025,9:40:00 AM,0,1.5198,16.732
12/19/2025,9:50:00 AM,0,1.5131,16.918
12/19/2025,10:00:00 AM,0,1.5117,17.007
12/19/2025,10:10:00 AM,0,1.5178,17.103
12/19/2025,10:20:00 AM,0,1.5156,17.215
12/19/2025,10:30:00 AM,0,1.5194,17.326
12/19/2025,10:40:00 AM,0,1.5169,17.489
12/19/2025,10:50:00 AM,0,1.5145,17.631
12/19/2025,11:00:00 AM,0,1.517,17.749
12/19/2025,11:10:00 AM,0,1.5052,17.918
12/19/2025,11:20:00 AM,0,1.5083,17.799
12/19/2025,11:30:00 AM,0,1.5164,17.802
12/19/2025,11:40:00 AM,0,1.5036,17.949
12/19/2025,11:50:00 AM,0,1.5106,18.119
12/19/2025,12:00:00 PM,0,1.5136,18.207
12/19/2025,12:10:00 PM,0,1.4998,18.326
12/19/2025,12:20:00 PM,0,1.5146,18.442
12/19/2025,12:30:00 PM,0,1.5184,18.424
12/19/2025,12:40:00 PM,0,1.5165,18.548
12/19/2025,12:50:00 PM,0,1.5099,18.634
12/19/2025,1:00:00 PM,0,1.5129,18.541
12/19/2025,1:10:00 PM,0,1.5069,18.562
12/19/2025,1:20:00 PM,0,1.5094,18.564
12/19/2025,1:30:00 PM,0,1.5151,18.554
12/19/2025,1:40:00 PM,0,1.517,18.431
12/19/2025,1:50:00 PM,0,1.5122,18.469
12/19/2025,2:00:00 PM,0,1.5204,18.419
12/19/2025,2:10:00 PM,0,1.5129,18.445
12/19/2025,2:20:00 PM,0,1.5198,18.528
12/19/2025,2:30:00 PM,0,1.5176,18.62
12/19/2025,2:40:00 PM,0,1.5076,18.607
12/19/2025,2:50:00 PM,0,1.5162,18.636
12/19/2025,3:00:00 PM,0,1.5173,18.709
12/19/2025,3:10:00 PM,0,1.5369,18.647
12/19/2025,3:20:00 PM,0,1.5209,18.638
12/19/2025,3:30:00 PM,0,1.5197,18.61
12/19/2025,3:40:00 PM,0,1.511,18.595
12/19/2025,3:50:00 PM,0,1.5108,18.594
12/19/2025,4:00:00 PM,0,1.5206,18.588
12/19/2025,4:10:00 PM,0,1.5159,18.426
12/19/2025,4:20:00 PM,0,1.5221,18.335
12/19/2025,4:30:00 PM,0,1.5106,18.262
12/19/2025,4:40:00 PM,0,1.5145,18.265
12/19/2025,4:50:00 PM,0,1.5069,18.268
12/19/2025,5:00:00 PM,0,1.5101,18.156
12/19/2025,5:10:00 PM,0,1.5146,18.102
12/19/2025,5:20:00 PM,0,1.511,18.058
12/19/2025,5:30:00 PM,0,1.518,18.049
12/19/2025,5:40:00 PM,0,1.5221,18.063
12/19/2025,5:50:00 PM,0,1.5194,18.018
12/19/2025,6:00:00 PM,0,1.5192,17.969
12/19/2025,6:10:00 PM,0,1.5251,17.947
12/19/2025,6:20:00 PM,0,1.5191,17.923
12/19/2025,6:30:00 PM,0,1.5164,17.848
12/19/2025,6:40:00 PM,0,1.5237,17.846
12/19/2025,6:50:00 PM,0,1.522,17.813
12/19/2025,7:00:00 PM,0,1.5155,17.836
12/19/2025,7:10:00 PM,0,1.5228,17.8
12/19/2025,7:20:00 PM,0,1.5149,17.684
12/19/2025,7:30:00 PM,0,1.5186,17.636
12/19/2025,7:40:00 PM,0,1.5279,17.679
12/19/2025,7:50:00 PM,0,1.5126,17.736
12/19/2025,8:00:00 PM,0,1.5183,17.675
12/19/2025,8:10:00 PM,0,1.522,17.62
12/19/2025,8:20:00 PM,0,1.5243,17.577
12/19/2025,8:30:00 PM,0,1.5156,17.545
12/19/2025,8:40:00 PM,0,1.5162,17.504
12/19/2025,8:50:00 PM,0,1.5236,17.47
12/19/2025,9:00:00 PM,0,1.515,17.458
12/19/2025,9:10:00 PM,0,1.5264,17.423
12/19/2025,9:20:00 PM,0,1.5204,17.435
12/19/2025,9:30:00 PM,0,1.5154,17.345
12/19/2025,9:40:00 PM,0,1.5308,17.289
12/19/2025,9:50:00 PM,0,1.5242,17.299
12/19/2025,10:00:00 PM,0,1.5146,17.278
12/19/2025,10:10:00 PM,0,1.5069,17.244
12/19/2025,10:20:00 PM,0,1.5148,17.221
12/19/2025,10:30:00 PM,0,1.5134,17.232
12/19/2025,10:40:00 PM,0,1.5216,17.245
12/19/2025,10:50:00 PM,0,1.5154,17.268
12/19/2025,11:00:00 PM,0,1.5141,17.249
12/19/2025,11:10:00 PM,0,1.5156,17.192
12/19/2025,11:20:00 PM,0,1.5105,17.146
12/19/2025,11:30:00 PM,0,1.5135,17.133
12/19/2025,11:40:00 PM,0,1.5091,17.129
12/19/2025,11:50:00 PM,0,1.5188,17.124
12/20/2025,12:00:00 AM,0,1.5169,17.139
12/20/2025,12:10:00 AM,0,1.5008,17.148
12/20/2025,12:20:00 AM,0,1.5061,17.125
12/20/2025,12:30:00 AM,0,1.514,17.105
12/20/2025,12:40:00 AM,0,1.512,17.063
12/20/2025,12:50:00 AM,0,1.5169,17.059
12/20/2025,1:00:00 AM,0,1.512,17.029
12/20/2025,1:10:00 AM,0,1.5195,16.987
12/20/2025,1:20:00 AM,0,1.5186,16.949
12/20/2025,1:30:00 AM,0,1.5128,16.907
12/20/2025,1:40:00 AM,0,1.5286,16.948
12/20/2025,1:50:00 AM,0,1.5168,16.91
12/20/2025,2:00:00 AM,0,1.5131,16.879
12/20/2025,2:10:00 AM,0,1.5151,16.835
12/20/2025,2:20:00 AM,0,1.5157,16.798
12/20/2025,2:30:00 AM,0,1.5137,16.761
12/20/2025,2:40:00 AM,0,1.5146,16.739
12/20/2025,2:50:00 AM,0,1.5161,16.746
12/20/2025,3:00:00 AM,0,1.5131,16.731
12/20/2025,3:10:00 AM,0,1.5099,16.763
12/20/2025,3:20:00 AM,0,1.5112,16.788
12/20/2025,3:30:00 AM,0,1.5113,16.735
12/20/2025,3:40:00 AM,0,1.5036,16.691
12/20/2025,3:50:00 AM,0,1.5105,16.688
12/20/2025,4:00:00 AM,0,1.5116,16.676
12/20/2025,4:10:00 AM,0,1.5127,16.682
12/20/2025,4:20:00 AM,0,1.5119,16.691
12/20/2025,4:30:00 AM,0,1.512,16.673
12/20/2025,4:40:00 AM,0,1.5152,16.639
12/20/2025,4:50:00 AM,0,1.5121,16.639
12/20/2025,5:00:00 AM,0,1.5124,16.63
12/20/2025,5:10:00 AM,0,1.523,16.592
12/20/2025,5:20:00 AM,0,1.5112,16.595
12/20/2025,5:30:00 AM,0,1.5126,16.562
12/20/2025,5:40:00 AM,0,1.5169,16.527
12/20/2025,5:50:00 AM,0,1.5121,16.514
12/20/2025,6:00:00 AM,0,1.5122,16.573
12/20/2025,6:10:00 AM,0,1.5197,16.61
12/20/2025,6:20:00 AM,0,1.511,16.638
12/20/2025,6:30:00 AM,0,1.5122,16.603
12/20/2025,6:40:00 AM,0,1.5088,16.642
12/20/2025,6:50:00 AM,0,1.5112,16.625
12/20/2025,7:00:00 AM,0,1.5114,16.626
12/20/2025,7:10:00 AM,0,1.509,16.624
12/20/2025,7:20:00 AM,0,1.5135,16.625
12/20/2025,7:30:00 AM,0,1.516,16.478
12/20/2025,7:40:00 AM,0,1.525,16.51
12/20/2025,7:50:00 AM,0,1.5192,16.477
12/20/2025,8:00:00 AM,0,1.5169,16.421
12/20/2025,8:10:00 AM,0,1.5119,16.374
12/20/2025,8:20:00 AM,0,1.5254,16.345
12/20/2025,8:30:00 AM,0,1.5177,16.433
12/20/2025,8:40:00 AM,0,1.5296,16.504
12/20/2025,8:50:00 AM,0,1.5144,16.583
12/20/2025,9:00:00 AM,0,1.5162,16.605
12/20/2025,9:10:00 AM,0,1.5138,16.64
12/20/2025,9:20:00 AM,0,1.5203,16.628
12/20/2025,9:30:00 AM,0,1.5139,16.703
12/20/2025,9:40:00 AM,0,1.5168,16.735
12/20/2025,9:50:00 AM,0,1.5108,16.842
12/20/2025,10:00:00 AM,0,1.5131,16.883
12/20/2025,10:10:00 AM,0,1.5128,16.911
12/20/2025,10:20:00 AM,0,1.5083,17.057
12/20/2025,10:30:00 AM,0,1.514,17.114
12/20/2025,10:40:00 AM,0,1.5071,17.27
12/20/2025,10:50:00 AM,0,1.5088,17.502
12/20/2025,11:00:00 AM,0,1.5121,17.681
12/20/2025,11:10:00 AM,0,1.5165,17.733
12/20/2025,11:20:00 AM,0,1.5051,17.865
12/20/2025,11:30:00 AM,0,1.5131,17.99
12/20/2025,11:40:00 AM,0,1.4974,18.13
12/20/2025,11:50:00 AM,0,1.5066,18.191
12/20/2025,12:00:00 PM,0,1.5146,18.257
12/20/2025,12:10:00 PM,0,1.4916,18.34
12/20/2025,12:20:00 PM,0,1.5128,18.357
12/20/2025,12:30:00 PM,0,1.513,18.378
12/20/2025,12:40:00 PM,0,1.5094,18.272
12/20/2025,12:50:00 PM,0,1.507,18.217
12/20/2025,1:00:00 PM,0,1.5116,18.174
12/20/2025,1:10:00 PM,0,1.5093,18.332
12/20/2025,1:20:00 PM,0,1.512,18.349
12/20/2025,1:30:00 PM,0,1.5154,18.454
12/20/2025,1:40:00 PM,0,1.5095,18.614
12/20/2025,1:50:00 PM,0,1.5083,18.503
12/20/2025,2:00:00 PM,0,1.5124,18.535
12/20/2025,2:10:00 PM,0,1.5212,18.554
12/20/2025,2:20:00 PM,0,1.5124,18.564
12/20/2025,2:30:00 PM,0,1.5134,18.527
12/20/2025,2:40:00 PM,0,1.5042,18.514
12/20/2025,2:50:00 PM,0,1.5127,18.436
12/20/2025,3:00:00 PM,0,1.514,18.44
12/20/2025,3:10:00 PM,0,1.515,18.421
12/20/2025,3:20:00 PM,0,1.5131,18.323
12/20/2025,3:30:00 PM,0,1.5126,18.229
12/20/2025,3:40:00 PM,0,1.5197,18.158
12/20/2025,3:50:00 PM,0,1.5157,18.112
12/20/2025,4:00:00 PM,0,1.5141,18.074
12/20/2025,4:10:00 PM,0,1.5176,18.002
12/20/2025,4:20:00 PM,0,1.5156,17.982
12/20/2025,4:30:00 PM,0,1.5132,17.875
12/20/2025,4:40:00 PM,0,1.5135,17.855
12/20/2025,4:50:00 PM,0,1.5197,17.753
12/20/2025,5:00:00 PM,0,1.5123,17.704
12/20/2025,5:10:00 PM,0,1.518,17.681
12/20/2025,5:20:00 PM,0,1.5143,17.654
12/20/2025,5:30:00 PM,0,1.5143,17.618
12/20/2025,5:40:00 PM,0,1.5174,17.596
12/20/2025,5:50:00 PM,0,1.5153,17.584
12/20/2025,6:00:00 PM,0,1.5152,17.552
12/20/2025,6:10:00 PM,0,1.5189,17.531
12/20/2025,6:20:00 PM,0,1.515,17.506
12/20/2025,6:30:00 PM,0,1.5132,17.488
12/20/2025,6:40:00 PM,0,1.5174,17.484
12/20/2025,6:50:00 PM,0,1.5143,17.492
12/20/2025,7:00:00 PM,0,1.5151,17.492
12/20/2025,7:10:00 PM,0,1.5194,17.485
12/20/2025,7:20:00 PM,0,1.5148,17.461
12/20/2025,7:30:00 PM,0,1.5138,17.444
12/20/2025,7:40:00 PM,0,1.5267,17.432
12/20/2025,7:50:00 PM,0,1.5174,17.399
12/20/2025,8:00:00 PM,0,1.5141,17.365
12/20/2025,8:10:00 PM,0,1.5166,17.349
12/20/2025,8:20:00 PM,0,1.5156,17.33
12/20/2025,8:30:00 PM,0,1.5157,17.302
12/20/2025,8:40:00 PM,0,1.5175,17.314
12/20/2025,8:50:00 PM,0,1.5164,17.304
12/20/2025,9:00:00 PM,0,1.5145,17.277
12/20/2025,9:10:00 PM,0,1.5131,17.245
12/20/2025,9:20:00 PM,0,1.5136,17.243
12/20/2025,9:30:00 PM,0,1.5138,17.25
12/20/2025,9:40:00 PM,0,1.5183,17.233
12/20/2025,9:50:00 PM,0,1.5158,17.211
12/20/2025,10:00:00 PM,0,1.5129,17.198
12/20/2025,10:10:00 PM,0,1.5173,17.197
12/20/2025,10:20:00 PM,0,1.5139,17.193
12/20/2025,10:30:00 PM,0,1.5126,17.195
12/20/2025,10:40:00 PM,0,1.509,17.119
12/20/2025,10:50:00 PM,0,1.5122,17.121
12/20/2025,11:00:00 PM,0,1.5148,17.107
12/20/2025,11:10:00 PM,0,1.5105,17.104
12/20/2025,11:20:00 PM,0,1.5128,17.113
12/20/2025,11:30:00 PM,0,1.5133,17.091
12/20/2025,11:40:00 PM,0,1.5135,17.083
12/20/2025,11:50:00 PM,0,1.5159,17.098
12/21/2025,12:00:00 AM,0,1.513,17.115
12/21/2025,12:10:00 AM,0,1.5151,17.125
12/21/2025,12:20:00 AM,0,1.5142,17.135
12/21/2025,12:30:00 AM,0,1.5141,17.109
12/21/2025,12:40:00 AM,0,1.5156,17.071
12/21/2025,12:50:00 AM,0,1.509,17.055
12/21/2025,1:00:00 AM,0,1.5138,17.064
12/21/2025,1:10:00 AM,0,1.5191,17.067
12/21/2025,1:20:00 AM,0,1.5089,17.045
12/21/2025,1:30:00 AM,0,1.5124,17.041
12/21/2025,1:40:00 AM,0,1.5158,17.04
12/21/2025,1:50:00 AM,0,1.5155,17.084
12/21/2025,2:00:00 AM,0,1.5129,17.074
12/21/2025,2:10:00 AM,0,1.5072,17.052
12/21/2025,2:20:00 AM,0,1.5097,17.049
12/21/2025,2:30:00 AM,0,1.5139,17.033
12/21/2025,2:40:00 AM,0,1.5068,17.042
12/21/2025,2:50:00 AM,0,1.5119,17.06
12/21/2025,3:00:00 AM,0,1.5133,17.065
12/21/2025,3:10:00 AM,0,1.5083,17.085
12/21/2025,3:20:00 AM,0,1.5166,17.082
12/21/2025,3:30:00 AM,0,1.5138,17.081
12/21/2025,3:40:00 AM,0,1.5115,17.101
12/21/2025,3:50:00 AM,0,1.5123,17.105
12/21/2025,4:00:00 AM,0,1.5127,17.103
12/21/2025,4:10:00 AM,0,1.5101,17.107
12/21/2025,4:20:00 AM,0,1.5107,17.062
12/21/2025,4:30:00 AM,0,1.5141,17.051
12/21/2025,4:40:00 AM,0,1.5079,17.059
12/21/2025,4:50:00 AM,0,1.5157,17.051
12/21/2025,5:00:00 AM,0,1.5156,17.053
12/21/2025,5:10:00 AM,0,1.5185,17.049
12/21/2025,5:20:00 AM,0,1.5137,17.054
12/21/2025,5:30:00 AM,0,1.5138,17.057
12/21/2025,5:40:00 AM,0,1.5207,17.062
12/21/2025,5:50:00 AM,0,1.5164,17.068
12/21/2025,6:00:00 AM,0,1.513,17.068
12/21/2025,6:10:00 AM,0,1.529,17.053
12/21/2025,6:20:00 AM,0,1.5164,17.016
12/21/2025,6:30:00 AM,0,1.5121,17.018
12/21/2025,6:40:00 AM,0,1.5115,17.04
12/21/2025,6:50:00 AM,0,1.509,17.038
12/21/2025,7:00:00 AM,0,1.5147,17.006
12/21/2025,7:10:00 AM,0,1.5152,16.925
12/21/2025,7:20:00 AM,0,1.5166,16.958
12/21/2025,7:30:00 AM,0,1.5138,16.959
12/21/2025,7:40:00 AM,0,1.5287,16.931
12/21/2025,7:50:00 AM,0,1.5193,16.925
12/21/2025,8:00:00 AM,0,1.5117,16.926
12/21/2025,8:10:00 AM,0,1.5205,16.942
12/21/2025,8:20:00 AM,0,1.5154,16.961
12/21/2025,8:30:00 AM,0,1.5145,16.978
12/21/2025,8:40:00 AM,0,1.5106,16.954
12/21/2025,8:50:00 AM,0,1.5184,17.007
12/21/2025,9:00:00 AM,0,1.5156,17.057
12/21/2025,9:10:00 AM,0,1.5178,17.101
12/21/2025,9:20:00 AM,0,1.5126,17.135
12/21/2025,9:30:00 AM,0,1.515,17.169
12/21/2025,9:40:00 AM,0,1.5173,17.192
12/21/2025,9:50:00 AM,0,1.5143,17.237
12/21/2025,10:00:00 AM,0,1.5145,17.231
12/21/2025,10:10:00 AM,0,1.5175,17.314
12/21/2025,10:20:00 AM,0,1.5121,17.29
12/21/2025,10:30:00 AM,0,1.5155,17.296
12/21/2025,10:40:00 AM,0,1.5108,17.28
12/21/2025,10:50:00 AM,0,1.5106,17.277
12/21/2025,11:00:00 AM,0,1.5173,17.306
12/21/2025,11:10:00 AM,0,1.5151,17.284
12/21/2025,11:20:00 AM,0,1.5136,17.294
12/21/2025,11:30:00 AM,0,1.5172,17.283
12/21/2025,11:40:00 AM,0,1.5085,17.32
12/21/2025,11:50:00 AM,0,1.5117,17.312
12/21/2025,12:00:00 PM,0,1.5179,17.359
12/21/2025,12:10:00 PM,0,1.5041,17.437
12/21/2025,12:20:00 PM,0,1.5106,17.523
12/21/2025,12:30:00 PM,0,1.5203,17.486
12/21/2025,12:40:00 PM,0,1.5065,17.496
12/21/2025,12:50:00 PM,0,1.5122,17.558
12/21/2025,1:00:00 PM,0,1.5204,17.682
12/21/2025,1:10:00 PM,0,1.5143,17.729
12/21/2025,1:20:00 PM,0,1.524,17.622
12/21/2025,1:30:00 PM,0,1.5174,17.678
12/21/2025,1:40:00 PM,0,1.5068,17.692
12/21/2025,1:50:00 PM,0,1.5154,17.777
12/21/2025,2:00:00 PM,0,1.5207,17.812
12/21/2025,2:10:00 PM,0,1.5203,17.771
12/21/2025,2:20:00 PM,0,1.5167,17.771
12/21/2025,2:30:00 PM,0,1.5172,17.796
12/21/2025,2:40:00 PM,0,1.518,17.783
12/21/2025,2:50:00 PM,0,1.5166,17.781
12/21/2025,3:00:00 PM,0,1.5202,17.791
12/21/2025,3:10:00 PM,0,1.5178,17.785
12/21/2025,3:20:00 PM,0,1.517,17.841
12/21/2025,3:30:00 PM,0,1.5206,17.82
12/21/2025,3:40:00 PM,0,1.5193,17.829
12/21/2025,3:50:00 PM,0,1.5217,17.832
12/21/2025,4:00:00 PM,0,1.5175,17.801
12/21/2025,4:10:00 PM,0,1.5192,17.684
12/21/2025,4:20:00 PM,0,1.521,17.662
12/21/2025,4:30:00 PM,0,1.5166,17.69
12/21/2025,4:40:00 PM,0,1.5074,17.674
12/21/2025,4:50:00 PM,0,1.5145,17.701
12/21/2025,5:00:00 PM,0,1.5154,17.686
12/21/2025,5:10:00 PM,0,1.5245,17.649
12/21/2025,5:20:00 PM,0,1.5174,17.666
12/21/2025,5:30:00 PM,0,1.517,17.658
12/21/2025,5:40:00 PM,0,1.5165,17.661
12/21/2025,5:50:00 PM,0,1.5226,17.649
12/21/2025,6:00:00 PM,0,1.5179,17.626
12/21/2025,6:10:00 PM,0,1.5227,17.611
12/21/2025,6:20:00 PM,0,1.518,17.593
12/21/2025,6:30:00 PM,0,1.5166,17.596
12/21/2025,6:40:00 PM,0,1.5249,17.604
12/21/2025,6:50:00 PM,0,1.5177,17.602
12/21/2025,7:00:00 PM,0,1.5146,17.604
12/21/2025,7:10:00 PM,0,1.5156,17.597
12/21/2025,7:20:00 PM,0,1.5107,17.601
12/21/2025,7:30:00 PM,0,1.5162,17.602
12/21/2025,7:40:00 PM,0,1.5157,17.582
12/21/2025,7:50:00 PM,0,1.517,17.585
12/21/2025,8:00:00 PM,0,1.5155,17.577
12/21/2025,8:10:00 PM,0,1.5194,17.573
12/21/2025,8:20:00 PM,0,1.5215,17.569
12/21/2025,8:30:00 PM,0,1.5176,17.572
12/21/2025,8:40:00 PM,0,1.5226,17.545
12/21/2025,8:50:00 PM,0,1.5157,17.551
12/21/2025,9:00:00 PM,0,1.5179,17.537
12/21/2025,9:10:00 PM,0,1.5166,17.546
12/21/2025,9:20:00 PM,0,1.515,17.537
12/21/2025,9:30:00 PM,0,1.5165,17.521
12/21/2025,9:40:00 PM,0,1.5138,17.513
12/21/2025,9:50:00 PM,0,1.5115,17.524
12/21/2025,10:00:00 PM,0,1.5146,17.529
12/21/2025,10:10:00 PM,0,1.5074,17.527
12/21/2025,10:20:00 PM,0,1.5129,17.501
12/21/2025,10:30:00 PM,0,1.515,17.503
12/21/2025,10:40:00 PM,0,1.5122,17.488
12/21/2025,10:50:00 PM,0,1.5139,17.478
12/21/2025,11:00:00 PM,0,1.516,17.475
12/21/2025,11:10:00 PM,0,1.5134,17.462
12/21/2025,11:20:00 PM,0,1.517,17.461
12/21/2025,11:30:00 PM,0,1.5168,17.449
12/21/2025,11:40:00 PM,0,1.5221,17.443
12/21/2025,11:50:00 PM,0,1.5175,17.421
12/22/2025,12:00:00 AM,0,1.515,17.413
12/22/2025,12:10:00 AM,0,1.5097,17.423
12/22/2025,12:20:00 AM,0,1.5114,17.408
12/22/2025,12:30:00 AM,0,1.5161,17.396
12/22/2025,12:40:00 AM,0,1.5172,17.384
12/22/2025,12:50:00 AM,0,1.5136,17.347
12/22/2025,1:00:00 AM,0,1.5145,17.324
12/22/2025,1:10:00 AM,0,1.508,17.304
12/22/2025,1:20:00 AM,0,1.5156,17.301
12/22/2025,1:30:00 AM,0,1.5168,17.285
12/22/2025,1:40:00 AM,0,1.5129,17.262
12/22/2025,1:50:00 AM,0,1.5155,17.243
12/22/2025,2:00:00 AM,0,1.5149,17.244
12/22/2025,2:10:00 AM,0,1.5148,17.24
12/22/2025,2:20:00 AM,0,1.5137,17.229
12/22/2025,2:30:00 AM,0,1.5144,17.214
12/22/2025,2:40:00 AM,0,1.5105,17.211
12/22/2025,2:50:00 AM,0,1.5119,17.199
12/22/2025,3:00:00 AM,0,1.513,17.196
12/22/2025,3:10:00 AM,0,1.5046,17.212
12/22/2025,3:20:00 AM,0,1.5133,17.201
12/22/2025,3:30:00 AM,0,1.5139,17.213
12/22/2025,3:40:00 AM,0,1.5122,17.188
12/22/2025,3:50:00 AM,0,1.5087,17.178
12/22/2025,4:00:00 AM,0,1.5135,17.174
12/22/2025,4:10:00 AM,0,1.5107,17.18
12/22/2025,4:20:00 AM,0,1.5129,17.164
12/22/2025,4:30:00 AM,0,1.5117,17.144
12/22/2025,4:40:00 AM,0,1.5057,17.132
12/22/2025,4:50:00 AM,0,1.5083,17.095
12/22/2025,5:00:00 AM,0,1.5145,17.094
12/22/2025,5:10:00 AM,0,1.5199,17.077
12/22/2025,5:20:00 AM,0,1.5174,17.08
12/22/2025,5:30:00 AM,0,1.5143,17.068
12/22/2025,5:40:00 AM,0,1.523,17.054
12/22/2025,5:50:00 AM,0,1.521,17.046
12/22/2025,6:00:00 AM,0,1.5142,17.043
12/22/2025,6:10:00 AM,0,1.5186,17.036
12/22/2025,6:20:00 AM,0,1.5153,17.027
12/22/2025,6:30:00 AM,0,1.5141,17.031
12/22/2025,6:40:00 AM,0,1.5166,17.017
12/22/2025,6:50:00 AM,0,1.5168,17.019
12/22/2025,7:00:00 AM,0,1.5159,17.034
12/22/2025,7:10:00 AM,0,1.5193,17.028
12/22/2025,7:20:00 AM,0,1.5137,16.969
12/22/2025,7:30:00 AM,0,1.5151,16.992
12/22/2025,7:40:00 AM,0,1.5142,16.937
12/22/2025,7:50:00 AM,0,1.5168,16.899
12/22/2025,8:00:00 AM,0,1.5146,16.928
12/22/2025,8:10:00 AM,0,1.5303,16.972
12/22/2025,8:20:00 AM,0,1.5212,16.999
12/22/2025,8:30:00 AM,0,1.5143,17.037
12/22/2025,8:40:00 AM,0,1.5129,17.05
12/22/2025,8:50:00 AM,0,1.5189,17.059
12/22/2025,9:00:00 AM,0,1.5156,17.087
12/22/2025,9:10:00 AM,0,1.5179,17.082
12/22/2025,9:20:00 AM,0,1.5215,17.14
12/22/2025,9:30:00 AM,0,1.5166,17.167
12/22/2025,9:40:00 AM,0,1.5209,17.249
12/22/2025,9:50:00 AM,0,1.5159,17.273
12/22/2025,10:00:00 AM,0,1.5174,17.302
12/22/2025,10:10:00 AM,0,1.5108,17.312
12/22/2025,10:20:00 AM,0,1.5179,17.392
12/22/2025,10:30:00 AM,0,1.5195,17.368
12/22/2025,10:40:00 AM,0,1.5082,17.439
12/22/2025,10:50:00 AM,0,1.5089,17.46
12/22/2025,11:00:00 AM,0,1.5202,17.483
12/22/2025,11:10:00 AM,0,1.5044,17.577
12/22/2025,11:20:00 AM,0,1.514,17.681
12/22/2025,11:30:00 AM,0,1.5139,17.874
12/22/2025,11:40:00 AM,0,1.4995,17.897
12/22/2025,11:50:00 AM,0,1.5174,17.83
12/22/2025,12:00:00 PM,0,1.5121,17.855
12/22/2025,12:10:00 PM,0,1.5021,17.897
12/22/2025,12:20:00 PM,0,1.5156,17.944
12/22/2025,12:30:00 PM,0,1.5148,17.985
12/22/2025,12:40:00 PM,0,1.493,18.043
12/22/2025,12:50:00 PM,0,1.5032,18.142
12/22/2025,1:00:00 PM,0,1.5184,18.248
12/22/2025,1:10:00 PM,0,1.5103,18.322
12/22/2025,1:20:00 PM,0,1.5019,18.433
12/22/2025,1:30:00 PM,0,1.5134,18.41
12/22/2025,1:40:00 PM,0,1.5101,18.497
12/22/2025,1:50:00 PM,0,1.499,18.468
12/22/2025,2:00:00 PM,0,1.5104,18.478
12/22/2025,2:10:00 PM,0,1.5051,18.41
12/22/2025,2:20:00 PM,0,1.5143,18.334
12/22/2025,2:30:00 PM,0,1.5156,18.352
12/22/2025,2:40:00 PM,0,1.5087,18.227
12/22/2025,2:50:00 PM,0,1.5149,18.251
12/22/2025,3:00:00 PM,0,1.5179,18.239
12/22/2025,3:10:00 PM,0,1.5238,18.156
12/22/2025,3:20:00 PM,0,1.5138,18.087
12/22/2025,3:30:00 PM,0,1.5167,18.048
12/22/2025,3:40:00 PM,0,1.5171,17.936
12/22/2025,3:50:00 PM,0,1.5164,17.94
12/22/2025,4:00:00 PM,0,1.5173,17.94
12/22/2025,4:10:00 PM,0,1.511,17.928
12/22/2025,4:20:00 PM,0,1.5157,17.963
12/22/2025,4:30:00 PM,0,1.5168,17.977
12/22/2025,4:40:00 PM,0,1.5073,17.972
12/22/2025,4:50:00 PM,0,1.5171,17.89
12/22/2025,5:00:00 PM,0,1.5134,17.882
12/22/2025,5:10:00 PM,0,1.5147,17.785
12/22/2025,5:20:00 PM,0,1.5122,17.664
12/22/2025,5:30:00 PM,0,1.5141,17.653
12/22/2025,5:40:00 PM,0,1.5278,17.593
12/22/2025,5:50:00 PM,0,1.5215,17.615
12/22/2025,6:00:00 PM,0,1.5175,17.639
12/22/2025,6:10:00 PM,0,1.5195,17.672
12/22/2025,6:20:00 PM,0,1.5245,17.677
12/22/2025,6:30:00 PM,0,1.5152,17.646
12/22/2025,6:40:00 PM,0,1.5016,17.632
12/22/2025,6:50:00 PM,0,1.5267,17.594
12/22/2025,7:00:00 PM,0,1.5165,17.562
12/22/2025,7:10:00 PM,0,1.4911,17.517
12/22/2025,7:20:00 PM,0,1.5206,17.46
12/22/2025,7:30:00 PM,0,1.5164,17.419
12/22/2025,7:40:00 PM,0,1.4953,17.401
12/22/2025,7:50:00 PM,0,1.5171,17.374
12/22/2025,8:00:00 PM,0,1.5156,17.365
12/22/2025,8:10:00 PM,0,1.526,17.345
12/22/2025,8:20:00 PM,0,1.517,17.313
12/22/2025,8:30:00 PM,0,1.5144,17.333
12/22/2025,8:40:00 PM,0,1.521,17.257
12/22/2025,8:50:00 PM,0,1.5068,17.242
12/22/2025,9:00:00 PM,0,1.5165,17.266
12/22/2025,9:10:00 PM,0,1.522,17.252
12/22/2025,9:20:00 PM,0,1.521,17.234
12/22/2025,9:30:00 PM,0,1.5163,17.19
12/22/2025,9:40:00 PM,0,1.5267,17.268
12/22/2025,9:50:00 PM,0,1.5145,17.233
12/22/2025,10:00:00 PM,0,1.5109,17.206
12/22/2025,10:10:00 PM,0,1.5255,17.189
12/22/2025,10:20:00 PM,0,1.5127,17.18
12/22/2025,10:30:00 PM,0,1.5142,17.168
12/22/2025,10:40:00 PM,0,1.5023,17.135
12/22/2025,10:50:00 PM,0,1.5086,17.124
12/22/2025,11:00:00 PM,0,1.5145,17.143
12/22/2025,11:10:00 PM,0,1.5058,17.152
12/22/2025,11:20:00 PM,0,1.5264,17.134
12/22/2025,11:30:00 PM,0,1.5135,17.116
12/22/2025,11:40:00 PM,0,1.4729,17.125
12/22/2025,11:50:00 PM,0,1.5372,17.106
12/23/2025,12:00:00 AM,0,1.5163,17.09
12/23/2025,12:10:00 AM,0,1.521,17.111
12/23/2025,12:20:00 AM,0,1.517,17.102
12/23/2025,12:30:00 AM,0,1.5157,17.093
12/23/2025,12:40:00 AM,0,1.5019,17.102
12/23/2025,12:50:00 AM,0,1.5237,17.108
12/23/2025,1:00:00 AM,0,1.5125,17.088
12/23/2025,1:10:00 AM,0,1.5281,17.061
12/23/2025,1:20:00 AM,0,1.5187,17.056
12/23/2025,1:30:00 AM,0,1.5168,17.04
12/23/2025,1:40:00 AM,0,1.5112,17.037
12/23/2025,1:50:00 AM,0,1.5261,17.048
12/23/2025,2:00:00 AM,0,1.5164,17.051
12/23/2025,2:10:00 AM,0,1.5186,17.058
12/23/2025,2:20:00 AM,0,1.491,17.043
12/23/2025,2:30:00 AM,0,1.5162,17.071
12/23/2025,2:40:00 AM,0,1.5042,17.073
12/23/2025,2:50:00 AM,0,1.517,17.106
12/23/2025,3:00:00 AM,0,1.5112,17.103
12/23/2025,3:10:00 AM,0,1.5073,17.088
12/23/2025,3:20:00 AM,0,1.5107,17.077
12/23/2025,3:30:00 AM,0,1.5141,17.066
12/23/2025,3:40:00 AM,0,1.5173,17.05
12/23/2025,3:50:00 AM,0,1.5122,17.016
12/23/2025,4:00:00 AM,0,1.5111,16.998
12/23/2025,4:10:00 AM,0,1.4689,16.993
12/23/2025,4:20:00 AM,0,1.5265,16.988
12/23/2025,4:30:00 AM,0,1.5165,16.993
12/23/2025,4:40:00 AM,0,1.518,16.983
12/23/2025,4:50:00 AM,0,1.5145,16.998
12/23/2025,5:00:00 AM,0,1.5152,17.016
12/23/2025,5:10:00 AM,0,1.5273,17.035
12/23/2025,5:20:00 AM,0,1.5299,17.046
12/23/2025,5:30:00 AM,0,1.5134,17.064
12/23/2025,5:40:00 AM,0,1.4927,17.063
12/23/2025,5:50:00 AM,0,1.5019,17.053
12/23/2025,6:00:00 AM,0,1.5071,17.027
12/23/2025,6:10:00 AM,0,1.5067,17.052
12/23/2025,6:20:00 AM,0,1.5079,17.022
12/23/2025,6:30:00 AM,0,1.5078,17.066
12/23/2025,6:40:00 AM,0,1.5086,17.061
12/23/2025,6:50:00 AM,0,1.5166,17.048
12/23/2025,7:00:00 AM,0,1.5077,16.989
12/23/2025,7:10:00 AM,0,1.533,17.027
12/23/2025,7:20:00 AM,0,1.5101,17.029
12/23/2025,7:30:00 AM,0,1.5037,16.937
12/23/2025,7:40:00 AM,0,1.5046,16.927
12/23/2025,7:50:00 AM,0,1.4985,16.893
12/23/2025,8:00:00 AM,0,1.5079,16.887
12/23/2025,8:10:00 AM,0,1.5016,16.914
12/23/2025,8:20:00 AM,0,1.5122,16.949
12/23/2025,8:30:00 AM,0,1.5107,16.943
12/23/2025,8:40:00 AM,0,1.5387,16.97
12/23/2025,8:50:00 AM,0,1.5244,16.974
12/23/2025,9:00:00 AM,0,1.5152,16.925
12/23/2025,9:10:00 AM,0,1.5053,16.898
12/23/2025,9:20:00 AM,0,1.5284,16.933
12/23/2025,9:30:00 AM,0,1.5128,16.882
12/23/2025,9:40:00 AM,0,1.5209,16.869
12/23/2025,9:50:00 AM,0,1.5081,16.866
12/23/2025,10:00:00 AM,0,1.5134,16.883
12/23/2025,10:10:00 AM,0,1.5133,16.943
12/23/2025,10:20:00 AM,0,1.5045,17.046
12/23/2025,10:30:00 AM,0,1.5104,17.047
12/23/2025,10:40:00 AM,0,1.485,17.081
12/23/2025,10:50:00 AM,0,1.5023,17.092
12/23/2025,11:00:00 AM,0,1.4961,17.094
12/23/2025,11:10:00 AM,0,1.5022,17.083
