datetime,comp_level_ft,temperature
2025-09-24T08:50:00Z,1.5594755061713101,23.384
2025-09-24T09:00:00Z,1.561575506171316,23.428
2025-09-24T09:10:00Z,1.572675506171315,23.586
2025-09-24T09:20:00Z,1.5768477742996367,23.827
2025-09-24T09:30:00Z,1.5844477742996403,24.011
2025-09-24T09:40:00Z,1.5692477742996402,23.718
2025-09-24T09:50:00Z,1.555620042427968,23.753
2025-09-24T10:00:00Z,1.5506200424279655,23.692
2025-09-24T10:10:00Z,1.527520042427966,23.409
2025-09-24T10:20:00Z,1.5355923105562965,23.777
2025-09-24T10:30:00Z,1.5587923105562993,24.208
2025-09-24T10:40:00Z,1.568920042427962,24.221
2025-09-24T10:50:00Z,1.5638200424279631,24.269
2025-09-24T11:00:00Z,1.564520042427965,24.411
2025-09-24T11:10:00Z,1.561520042427965,24.545
2025-09-24T11:20:00Z,1.5603200424279677,24.638
2025-09-24T11:30:00Z,1.5613200424279654,24.765
2025-09-24T11:40:00Z,1.556020042427967,24.696
2025-09-24T11:50:00Z,1.5656477742996415,24.747
2025-09-24T12:00:00Z,1.56174777429964,24.814
2025-09-24T12:10:00Z,1.5642477742996377,24.951
2025-09-24T12:20:00Z,1.573075506171314,25.392
2025-09-24T12:30:00Z,1.5702755061713134,25.311
2025-09-24T12:40:00Z,1.5498755061713112,25.727
2025-09-24T12:50:00Z,1.5420755061713152,25.36
2025-09-24T13:00:00Z,1.5516755061713141,25.538
2025-09-24T13:10:00Z,1.54427550617131,25.456
2025-09-24T13:20:00Z,1.5570755061713157,25.606
2025-09-24T13:30:00Z,1.5569755061713124,25.668
2025-09-24T13:40:00Z,1.5621032380429867,25.658
2025-09-24T13:50:00Z,1.5625032380429857,25.764
2025-09-24T14:00:00Z,1.5612032380429852,25.843
2025-09-24T14:10:00Z,1.5631032380429843,25.908
2025-09-24T14:20:00Z,1.5625032380429857,26.051
2025-09-24T14:30:00Z,1.553003238042983,25.939
2025-09-24T14:40:00Z,1.55150323804299,25.908
2025-09-24T14:50:00Z,1.5491032380429886,25.882
2025-09-24T15:00:00Z,1.561330969914657,25.757
2025-09-24T15:10:00Z,1.5498032380429834,25.813
2025-09-24T15:20:00Z,1.5507309699146532,25.828
2025-09-24T15:30:00Z,1.5530309699146514,25.924
2025-09-24T15:40:00Z,1.5626309699146503,25.992
2025-09-24T15:50:00Z,1.5590309699146516,25.961
2025-09-24T16:00:00Z,1.5519309699146504,25.939
2025-09-24T16:10:00Z,1.5492309699146531,25.922
2025-09-24T16:20:00Z,1.5514587017863306,25.809
2025-09-24T16:30:00Z,1.5457587017863261,25.789
2025-09-24T16:40:00Z,1.5186309699146534,25.483
2025-09-24T16:50:00Z,1.510330969914655,25.442
2025-09-24T17:00:00Z,1.4975309699146564,24.847
2025-09-24T17:10:00Z,1.4960309699146563,24.527
2025-09-24T17:20:00Z,1.4995309699146517,23.708
2025-09-24T17:30:00Z,1.5134587017863268,22.809
2025-09-24T17:40:00Z,1.5127587017863249,22.69
2025-09-24T17:50:00Z,1.5114587017863244,22.705
2025-09-24T18:00:00Z,1.51055870178633,22.706
2025-09-24T18:10:00Z,1.5149587017863269,22.831
2025-09-24T18:20:00Z,1.5182587017863298,22.754
2025-09-24T18:30:00Z,1.5214587017863295,22.771
2025-09-24T18:40:00Z,1.5308587017863289,22.717
2025-09-24T18:50:00Z,1.5143587017863283,22.527
2025-09-24T19:00:00Z,1.5137587017863297,22.491
2025-09-24T19:10:00Z,1.5207587017863275,22.392
2025-09-24T19:20:00Z,1.5412864336579943,22.443
2025-09-24T19:30:00Z,1.546386433657993,22.541
2025-09-24T19:40:00Z,1.537486433657996,22.408
2025-09-24T19:50:00Z,1.5337587017863257,22.348
2025-09-24T20:00:00Z,1.52425870178633,22.006
2025-09-24T20:10:00Z,1.5163309699146552,22.121
2025-09-24T20:20:00Z,1.524030969914655,22.298
2025-09-24T20:30:00Z,1.5217309699146568,22.281
2025-09-24T20:40:00Z,1.5220309699146526,22.272
2025-09-24T20:50:00Z,1.5227309699146545,22.291
2025-09-24T21:00:00Z,1.532530969914653,22.502
2025-09-24T21:10:00Z,1.5416309699146566,22.676
2025-09-24T21:20:00Z,1.5420309699146557,22.703
2025-09-24T21:30:00Z,1.5295309699146529,22.581
2025-09-24T21:40:00Z,1.5142032380429882,22.601
2025-09-24T21:50:00Z,1.5137032380429858,22.674
2025-09-24T22:00:00Z,1.5653032380429863,23.784
2025-09-24T22:10:00Z,1.5194032380429832,23.518
2025-09-24T22:20:00Z,1.5174032380429878,23.583
2025-09-24T22:30:00Z,1.506003238042986,23
2025-09-24T22:40:00Z,1.5078032380429889,22.671
2025-09-24T22:50:00Z,1.5257309699146546,22.767
2025-09-24T23:00:00Z,1.5202309699146568,22.51
2025-09-24T23:10:00Z,1.5275309699146504,22.577
2025-09-24T23:20:00Z,1.5165309699146547,22.397
2025-09-24T23:30:00Z,1.5226309699146512,22.438
2025-09-24T23:40:00Z,1.5195309699146549,22.056
2025-09-24T23:50:00Z,1.5217309699146568,21.938
2025-09-25T00:00:00Z,1.5139032380429853,22.096
2025-09-25T00:10:00Z,1.507503238042986,22.015
2025-09-25T00:20:00Z,1.530330969914651,22.22
2025-09-25T00:30:00Z,1.522130969914656,22.061
2025-09-25T00:40:00Z,1.5241309699146512,22.061
2025-09-25T00:50:00Z,1.521030969914655,21.991
2025-09-25T01:00:00Z,1.5241309699146512,22.022
2025-09-25T01:10:00Z,1.5224309699146517,22.063
2025-09-25T01:20:00Z,1.5139309699146537,21.586
2025-09-25T01:30:00Z,1.505303238042984,21.565
2025-09-25T01:40:00Z,1.5168032380429892,21.957
2025-09-25T01:50:00Z,1.5105032380429861,21.759
2025-09-25T02:00:00Z,1.507103238042987,21.622
2025-09-25T02:10:00Z,1.5129032380429877,21.736
2025-09-25T02:20:00Z,1.506803238042984,21.501
2025-09-25T02:30:00Z,1.5118032380429867,21.515
2025-09-25T02:40:00Z,1.5168032380429892,21.628
2025-09-25T02:50:00Z,1.5198032380429893,21.63
2025-09-25T03:00:00Z,1.52560323804299,21.744
2025-09-25T03:10:00Z,1.52710323804299,21.721
2025-09-25T03:20:00Z,1.5294032380429883,21.78
2025-09-25T03:30:00Z,1.51687550617131,21.925
2025-09-25T03:40:00Z,1.5270032380429868,21.954
2025-09-25T03:50:00Z,1.522475506171311,22.201
2025-09-25T04:00:00Z,1.517275506171309,22.155
2025-09-25T04:10:00Z,1.5110755061713093,21.945
2025-09-25T04:20:00Z,1.4926477742996411,21.797
2025-09-25T04:30:00Z,1.502075506171316,21.846
2025-09-25T04:40:00Z,1.495075506171311,21.763
2025-09-25T04:50:00Z,1.496875506171314,21.766
2025-09-25T05:00:00Z,1.5174755061713157,21.891
2025-09-25T05:10:00Z,1.5160755061713118,21.634
2025-09-25T05:20:00Z,1.5211755061713106,21.784
2025-09-25T05:30:00Z,1.5193755061713148,21.578
2025-09-25T05:40:00Z,1.5317032380429865,21.622
2025-09-25T05:50:00Z,1.5203755061713125,21.576
2025-09-25T06:00:00Z,1.5433755061713157,22.021
2025-09-25T06:10:00Z,1.5181755061713105,21.645
2025-09-25T06:20:00Z,1.5276755061713132,21.76
2025-09-25T06:30:00Z,1.5176477742996397,21.791
2025-09-25T06:40:00Z,1.5237477742996361,22.051
2025-09-25T06:50:00Z,1.5209477742996356,21.735
2025-09-25T07:00:00Z,1.5295755061713123,21.345
2025-09-25T07:10:00Z,1.5297477742996364,21.398
2025-09-25T07:20:00Z,1.5309477742996407,21.505
2025-09-25T07:30:00Z,1.5207200424279677,21.351
2025-09-25T07:40:00Z,1.534520042427964,21.395
2025-09-25T07:50:00Z,1.5223923105562989,21.404
2025-09-25T08:00:00Z,1.5252923105562957,21.476
2025-09-25T08:10:00Z,1.523892310556299,21.383
2025-09-25T08:20:00Z,1.5255923105562985,21.455
2025-09-25T08:30:00Z,1.5195923105562983,21.437
2025-09-25T08:40:00Z,1.5052645786846242,21.441
2025-09-25T08:50:00Z,1.5121645786846258,21.62
2025-09-25T09:00:00Z,1.5390645786846235,22.131
2025-09-25T09:10:00Z,1.550364578684622,22.257
2025-09-25T09:20:00Z,1.5391645786846269,22.223
2025-09-25T09:30:00Z,1.5442645786846256,22.337
2025-09-25T09:40:00Z,1.5172645786846246,22.063
2025-09-25T09:50:00Z,1.523364578684621,22.282
2025-09-25T10:00:00Z,1.5211645786846262,22.335
2025-09-25T10:10:00Z,1.5294645786846246,22.592
2025-09-25T10:20:00Z,1.5196645786846261,22.497
2025-09-25T10:30:00Z,1.524864578684621,22.658
2025-09-25T10:40:00Z,1.5077645786846219,22.478
2025-09-25T10:50:00Z,NA,22.833
2025-09-25T11:00:00Z,1.5337645786846252,23.01
2025-09-25T11:10:00Z,1.554364578684627,23.393
2025-09-25T11:20:00Z,1.5689923105562968,23.633
2025-09-25T11:30:00Z,1.5400645786846212,23.396
2025-09-25T11:40:00Z,1.5196645786846261,23.192
2025-09-25T11:50:00Z,1.5337645786846252,23.652
2025-09-25T12:00:00Z,1.5350645786846258,23.998
2025-09-25T12:10:00Z,1.5343645786846238,24.171
2025-09-25T12:20:00Z,1.5424923105562982,24.242
2025-09-25T12:30:00Z,1.553420042427966,24.292
2025-09-25T12:40:00Z,1.5480200424279644,24.309
2025-09-25T12:50:00Z,1.555847774299636,24.33
2025-09-25T13:00:00Z,1.549147774299641,24.361
2025-09-25T13:10:00Z,1.5442477742996417,24.427
2025-09-25T13:20:00Z,1.5418477742996402,24.423
2025-09-25T13:30:00Z,1.542547774299635,24.482
2025-09-25T13:40:00Z,1.5407477742996392,24.496
2025-09-25T13:50:00Z,1.4958755061713092,23.229
2025-09-25T14:00:00Z,1.4873755061713112,23.075
2025-09-25T14:10:00Z,1.4947032380429874,22.717
2025-09-25T14:20:00Z,1.4803755061713133,22.178
2025-09-25T14:30:00Z,1.491203238042985,21.97
2025-09-25T14:40:00Z,1.4970032380429856,22.258
2025-09-25T14:50:00Z,1.5354032380429885,23.065
2025-09-25T15:00:00Z,1.5460032380429851,23.524
2025-09-25T15:10:00Z,1.5277032380429887,23.172
2025-09-25T15:20:00Z,1.4832309699146506,22.194
2025-09-25T15:30:00Z,1.482930969914655,22.102
2025-09-25T15:40:00Z,1.4797309699146552,22.075
2025-09-25T15:50:00Z,1.4923587017863298,21.99
2025-09-25T16:00:00Z,1.4922587017863265,22.327
2025-09-25T16:10:00Z,1.4774587017863254,21.644
2025-09-25T16:20:00Z,1.4994864336579923,21.671
2025-09-25T16:30:00Z,1.508586433657996,21.854
2025-09-25T16:40:00Z,1.5397141655296736,22.244
2025-09-25T16:50:00Z,1.5001864336579942,21.918
2025-09-25T17:00:00Z,1.4846864336579912,21.671
2025-09-25T17:10:00Z,1.5054141655296789,21.971
2025-09-25T17:20:00Z,1.4943141655296728,21.663
2025-09-25T17:30:00Z,1.4964141655296785,21.146
2025-09-25T17:40:00Z,1.5131141655296787,21.373
2025-09-25T17:50:00Z,1.5525141655296721,22.08
2025-09-25T18:00:00Z,1.5625418974013456,22.139
2025-09-25T18:10:00Z,1.524241897401339,21.643
2025-09-25T18:20:00Z,1.51614189740134,21.613
2025-09-25T18:30:00Z,1.503141897401342,21.264
2025-09-25T18:40:00Z,1.5029418974013424,21.158
2025-09-25T18:50:00Z,1.5074418974013426,21.352
2025-09-25T19:00:00Z,1.5474418974013417,22.086
2025-09-25T19:10:00Z,1.5588418974013436,22.385
2025-09-25T19:20:00Z,1.5271418974013429,21.803
2025-09-25T19:30:00Z,1.5070418974013435,21.377
2025-09-25T19:40:00Z,1.5058418974013392,21.239
2025-09-25T19:50:00Z,1.507541897401346,21.272
2025-09-25T20:00:00Z,1.50244189740134,21.169
2025-09-25T20:10:00Z,1.5097418974013408,21.227
2025-09-25T20:20:00Z,1.5113418974013442,21.267
2025-09-25T20:30:00Z,1.5387418974013443,21.703
2025-09-25T20:40:00Z,1.5437418974013397,21.783
2025-09-25T20:50:00Z,1.530141897401343,21.652
2025-09-25T21:00:00Z,1.5339418974013412,21.818
2025-09-25T21:10:00Z,1.5674418974013449,22.5
2025-09-25T21:20:00Z,1.5663418974013439,23.211
2025-09-25T21:30:00Z,1.5448418974013407,23.267
2025-09-25T21:40:00Z,1.4997141655296744,21.905
2025-09-25T21:50:00Z,1.486214165529674,21.91
2025-09-25T22:00:00Z,1.495341897401346,21.978
2025-09-25T22:10:00Z,1.4990418974013409,22.129
2025-09-25T22:20:00Z,1.5162418974013434,22.484
2025-09-25T22:30:00Z,1.5180418974013392,22.542
2025-09-25T22:40:00Z,1.5253696292730154,22.532
2025-09-25T22:50:00Z,1.5132696292730188,22.461
2025-09-25T23:00:00Z,1.5028696292730146,22.453
2025-09-25T23:10:00Z,1.5212973611446898,22.682
2025-09-25T23:20:00Z,1.5129973611446914,22.63
2025-09-25T23:30:00Z,1.5064973611446888,22.613
2025-09-25T23:40:00Z,1.5093973611446927,22.739
2025-09-25T23:50:00Z,1.4905973611446939,22.532
2025-09-26T00:00:00Z,1.514625093016356,22.76
2025-09-26T00:10:00Z,1.5106250930163583,22.75
2025-09-26T00:20:00Z,1.5072528248880346,22.553
2025-09-26T00:30:00Z,1.5021528248880287,22.419
2025-09-26T00:40:00Z,1.5083528248880285,22.378
2025-09-26T00:50:00Z,1.5139528248880296,22.419
2025-09-26T01:00:00Z,1.5029250930163585,22.535
2025-09-26T01:10:00Z,1.5056528248880312,22.484
2025-09-26T01:20:00Z,1.4955250930163544,22.501
2025-09-26T01:30:00Z,1.5067528248880322,22.628
2025-09-26T01:40:00Z,1.4978250930163597,22.771
2025-09-26T01:50:00Z,1.5010250930163593,22.888
2025-09-26T02:00:00Z,1.5134528248880343,22.948
2025-09-26T02:10:00Z,1.5124528248880296,22.999
2025-09-26T02:20:00Z,1.4955528248880299,22.776
2025-09-26T02:30:00Z,1.510680556759695,22.915
2025-09-26T02:40:00Z,1.5026805567596995,22.611
2025-09-26T02:50:00Z,1.5090805567596988,22.629
2025-09-26T03:00:00Z,1.5300805567596996,23.1
2025-09-26T03:10:00Z,1.527052824888031,23.258
2025-09-26T03:20:00Z,1.5186528248880293,23.195
2025-09-26T03:30:00Z,1.4906528248880306,22.887
2025-09-26T03:40:00Z,1.4891528248880306,22.946
2025-09-26T03:50:00Z,1.4839528248880285,22.944
2025-09-26T04:00:00Z,1.483752824888029,22.851
2025-09-26T04:10:00Z,1.4940528248880298,23.04
2025-09-26T04:20:00Z,1.501080556759696,22.921
2025-09-26T04:30:00Z,1.515480556759698,23.267
2025-09-26T04:40:00Z,1.5260805567597018,23.412
2025-09-26T04:50:00Z,1.5088805567596992,23.055
2025-09-26T05:00:00Z,1.513280556759696,22.915
2025-09-26T05:10:00Z,1.5226805567596955,23.147
2025-09-26T05:20:00Z,1.5119528248880343,22.706
2025-09-26T05:30:00Z,1.5205528248880285,22.802
2025-09-26T05:40:00Z,1.515952824888032,22.538
2025-09-26T05:50:00Z,1.5234528248880324,22.63
2025-09-26T06:00:00Z,1.5154250930163542,22.751
2025-09-26T06:10:00Z,1.5176250930163562,22.766
2025-09-26T06:20:00Z,1.52052509301636,22.865
2025-09-26T06:30:00Z,1.5229250930163545,22.965
2025-09-26T06:40:00Z,1.5170973611446925,23.1
2025-09-26T06:50:00Z,1.5232973611446923,23.17
2025-09-26T07:00:00Z,1.5202973611446922,23.017
2025-09-26T07:10:00Z,1.5207973611446874,22.955
2025-09-26T07:20:00Z,1.52429736114469,22.95
2025-09-26T07:30:00Z,1.5125696292730169,22.969
2025-09-26T07:40:00Z,1.513769629273014,23.02
2025-09-26T07:50:00Z,1.5023418974013438,23.07
2025-09-26T08:00:00Z,1.5056418974013397,23.124
2025-09-26T08:10:00Z,1.5077418974013455,23.213
2025-09-26T08:20:00Z,1.510541897401339,23.335
2025-09-26T08:30:00Z,1.513841897401342,23.435
2025-09-26T08:40:00Z,1.51314189740134,23.463
2025-09-26T08:50:00Z,1.51164189740134,23.493
2025-09-26T09:00:00Z,1.514241897401341,23.596
2025-09-26T09:10:00Z,1.5139418974013452,23.637
2025-09-26T09:20:00Z,1.5147418974013434,23.689
2025-09-26T09:30:00Z,1.5181418974013425,23.78
2025-09-26T09:40:00Z,1.5163418974013396,23.835
2025-09-26T09:50:00Z,1.5156418974013448,23.877
2025-09-26T10:00:00Z,1.5140418974013414,23.92
2025-09-26T10:10:00Z,1.5132418974013433,23.934
2025-09-26T10:20:00Z,1.5114418974013404,23.972
2025-09-26T10:30:00Z,1.499214165529672,24.028
2025-09-26T10:40:00Z,1.5060418974013459,24.069
2025-09-26T10:50:00Z,1.5051418974013444,24.124
2025-09-26T11:00:00Z,1.5034418974013448,24.186
2025-09-26T11:10:00Z,1.499841897401339,24.207
2025-09-26T11:20:00Z,1.4968418974013389,24.243
2025-09-26T11:30:00Z,1.492441897401342,24.271
2025-09-26T11:40:00Z,1.4988696292730168,24.264
2025-09-26T11:50:00Z,1.493769629273018,24.245
2025-09-26T12:00:00Z,1.487869629273014,24.174
2025-09-26T12:10:00Z,1.488269629273013,24.171
2025-09-26T12:20:00Z,1.4879696292730173,24.215
2025-09-26T12:30:00Z,1.5021973611446882,24.339
2025-09-26T12:40:00Z,1.4959973611446884,24.337
2025-09-26T12:50:00Z,1.488097361144689,24.315
2025-09-26T13:00:00Z,1.4835973611446889,24.291
2025-09-26T13:10:00Z,1.4878250930163546,24.247
2025-09-26T13:20:00Z,1.4908250930163547,24.294
2025-09-26T13:30:00Z,1.4897250930163608,24.366
2025-09-26T13:40:00Z,1.50005282488803,24.405
2025-09-26T13:50:00Z,1.4975528248880323,24.461
2025-09-26T14:00:00Z,1.4927528248880293,24.489
2025-09-26T14:10:00Z,1.501080556759696,24.532
2025-09-26T14:20:00Z,1.4790528248880292,24.465
2025-09-26T14:30:00Z,1.4983805567596988,24.642
2025-09-26T14:40:00Z,1.4890805567596956,24.606
2025-09-26T14:50:00Z,1.4911082886313736,24.506
2025-09-26T15:00:00Z,1.4992082886313725,24.697
2025-09-26T15:10:00Z,1.4870082886313725,24.608
2025-09-26T15:20:00Z,1.4975360205030483,24.267
2025-09-26T15:30:00Z,1.5084360205030478,24.527
2025-09-26T15:40:00Z,1.5026360205030471,24.514
2025-09-26T15:50:00Z,1.4934360205030472,24.429
2025-09-26T16:00:00Z,1.4846360205030464,23.343
2025-09-26T16:10:00Z,1.5021637523747131,22.918
2025-09-26T16:20:00Z,1.5019637523747136,23.114
2025-09-26T16:30:00Z,1.500663752374713,23.155
2025-09-26T16:40:00Z,1.510663752374711,23.394
2025-09-26T16:50:00Z,1.5156637523747136,23.577
2025-09-26T17:00:00Z,1.5110637523747101,23.626
2025-09-26T17:10:00Z,1.5016637523747107,23.547
2025-09-26T17:20:00Z,1.5038637523747127,23.404
2025-09-26T17:30:00Z,1.5138637523747107,23.577
2025-09-26T17:40:00Z,1.5127637523747097,23.646
2025-09-26T17:50:00Z,1.5048637523747104,23.579
2025-09-26T18:00:00Z,1.5036637523747132,23.385
2025-09-26T18:10:00Z,1.5084637523747162,22.981
2025-09-26T18:20:00Z,1.5237637523747125,23.156
2025-09-26T18:30:00Z,1.5311637523747166,23.331
2025-09-26T18:40:00Z,1.5035360205030486,23.172
2025-09-26T18:50:00Z,1.520963752374712,23.162
2025-09-26T19:00:00Z,1.5214637523747143,23.032
2025-09-26T19:10:00Z,1.5116360205030475,22.959
2025-09-26T19:20:00Z,1.5109360205030455,22.641
2025-09-26T19:30:00Z,1.5189360205030482,22.641
2025-09-26T19:40:00Z,1.527036020503047,22.764
2025-09-26T19:50:00Z,1.5222082886313757,22.839
2025-09-26T20:00:00Z,1.5181082886313746,22.627
2025-09-26T20:10:00Z,1.5225082886313714,22.443
2025-09-26T20:20:00Z,1.5313082886313722,22.488
2025-09-26T20:30:00Z,1.523580556759697,22.587
2025-09-26T20:40:00Z,1.5230528248880333,22.842
2025-09-26T20:50:00Z,1.5298528248880316,22.991
2025-09-26T21:00:00Z,1.5223528248880314,22.949
2025-09-26T21:10:00Z,1.5190528248880284,22.943
2025-09-26T21:20:00Z,1.5164528248880345,22.792
2025-09-26T21:30:00Z,1.5051250930163604,22.49
2025-09-26T21:40:00Z,1.5058250930163553,22.47
2025-09-26T21:50:00Z,1.5133250930163555,22.488
2025-09-26T22:00:00Z,1.5161250930163561,22.536
2025-09-26T22:10:00Z,1.5062973611446893,22.638
2025-09-26T22:20:00Z,1.5080973611446922,22.69
2025-09-26T22:30:00Z,1.521625093016354,22.753
2025-09-26T22:40:00Z,1.5112973611446918,22.84
2025-09-26T22:50:00Z,1.5127973611446919,22.93
2025-09-26T23:00:00Z,1.5064973611446888,22.951
2025-09-26T23:10:00Z,1.4995973611446871,22.921
2025-09-26T23:20:00Z,1.4944973611446883,22.918
2025-09-26T23:30:00Z,1.4885973611446914,22.886
2025-09-26T23:40:00Z,1.4845973611446937,22.868
2025-09-26T23:50:00Z,1.4847973611446932,22.82
2025-09-27T00:00:00Z,1.4896973611446924,22.795
2025-09-27T00:10:00Z,1.4866973611446923,22.762
2025-09-27T00:20:00Z,1.4958250930163572,22.745
2025-09-27T00:30:00Z,1.489125093016355,22.697
2025-09-27T00:40:00Z,1.4921250930163552,22.681
2025-09-27T00:50:00Z,1.4954250930163582,22.809
2025-09-27T01:00:00Z,1.4812250930163557,22.64
2025-09-27T01:10:00Z,1.4851250930163573,22.368
2025-09-27T01:20:00Z,1.4984528248880338,22.254
2025-09-27T01:30:00Z,1.50005282488803,22.385
2025-09-27T01:40:00Z,1.4946528248880284,22.404
2025-09-27T01:50:00Z,1.4949528248880313,22.34
2025-09-27T02:00:00Z,1.50155282488803,22.533
2025-09-27T02:10:00Z,1.4993528248880281,22.587
2025-09-27T02:20:00Z,1.4945528248880322,22.589
2025-09-27T02:30:00Z,1.4966528248880309,22.57
2025-09-27T02:40:00Z,1.4942528248880294,22.605
2025-09-27T02:50:00Z,1.4931528248880284,22.55
2025-09-27T03:00:00Z,1.504380556759699,22.481
2025-09-27T03:10:00Z,1.4990805567597008,22.491
2025-09-27T03:20:00Z,1.4831528248880304,22.316
2025-09-27T03:30:00Z,1.4952805567596954,22.371
2025-09-27T03:40:00Z,1.4962805567597002,22.413
2025-09-27T03:50:00Z,1.4985805567596984,22.345
2025-09-27T04:00:00Z,1.500680556759697,22.426
2025-09-27T04:10:00Z,1.499580556759696,22.283
2025-09-27T04:20:00Z,1.501080556759696,22.314
2025-09-27T04:30:00Z,1.501080556759696,22.327
2025-09-27T04:40:00Z,1.5024805567597,22.308
2025-09-27T04:50:00Z,1.5062805567596982,22.34
2025-09-27T05:00:00Z,1.508780556759696,22.319
2025-09-27T05:10:00Z,1.510680556759695,22.289
2025-09-27T05:20:00Z,1.5120805567596989,22.299
2025-09-27T05:30:00Z,1.5155805567597014,22.265
2025-09-27T05:40:00Z,1.5167805567596986,22.288
2025-09-27T05:50:00Z,1.5200805567597016,22.317
2025-09-27T06:00:00Z,1.509652824888029,22.278
2025-09-27T06:10:00Z,1.514052824888033,22.289
2025-09-27T06:20:00Z,1.5169528248880297,22.314
2025-09-27T06:30:00Z,1.5213528248880337,22.311
2025-09-27T06:40:00Z,1.524052824888031,22.331
2025-09-27T06:50:00Z,1.5110250930163573,22.277
2025-09-27T07:00:00Z,1.5099250930163564,22.275
2025-09-27T07:10:00Z,1.5139250930163541,22.281
2025-09-27T07:20:00Z,1.5152250930163547,22.279
2025-09-27T07:30:00Z,1.5032973611446891,22.325
2025-09-27T07:40:00Z,1.5049973611446887,22.308
2025-09-27T07:50:00Z,1.507297361144687,22.279
2025-09-27T08:00:00Z,1.5129973611446914,22.294
2025-09-27T08:10:00Z,1.5132973611446872,22.284
2025-09-27T08:20:00Z,1.517297361144692,22.305
2025-09-27T08:30:00Z,1.5276973611446891,22.365
2025-09-27T08:40:00Z,1.5251973611446914,22.379
2025-09-27T08:50:00Z,1.5223973611446908,22.339
2025-09-27T09:00:00Z,1.512969629273016,22.351
2025-09-27T09:10:00Z,1.5150696292730146,22.293
2025-09-27T09:20:00Z,1.5205696292730195,22.454
2025-09-27T09:30:00Z,1.5090696292730144,22.301
2025-09-27T09:40:00Z,1.5018418974013414,22.316
2025-09-27T09:50:00Z,1.5111418974013446,22.512
2025-09-27T10:00:00Z,1.5187418974013411,22.681
2025-09-27T10:10:00Z,1.52384189740134,22.796
2025-09-27T10:20:00Z,1.529741897401344,22.93
2025-09-27T10:30:00Z,1.5310418974013444,22.979
2025-09-27T10:40:00Z,1.5285418974013396,23.015
2025-09-27T10:50:00Z,1.5246418974013451,23.042
2025-09-27T11:00:00Z,1.5217418974013412,23.062
2025-09-27T11:10:00Z,1.5202418974013412,23.114
2025-09-27T11:20:00Z,1.5132418974013433,23.112
2025-09-27T11:30:00Z,1.5089418974013427,23.141
2025-09-27T11:40:00Z,1.5112418974013409,23.22
2025-09-27T11:50:00Z,1.5086418974013398,23.25
2025-09-27T12:00:00Z,1.5041418974013396,23.259
2025-09-27T12:10:00Z,1.5040418974013434,23.331
2025-09-27T12:20:00Z,1.5066418974013445,23.437
2025-09-27T12:30:00Z,1.506141897401342,23.511
2025-09-27T12:40:00Z,1.5049418974013449,23.58
2025-09-27T12:50:00Z,1.5018418974013414,23.614
2025-09-27T13:00:00Z,1.4897418974013448,23.501
2025-09-27T13:10:00Z,1.4843418974013431,23.443
2025-09-27T13:20:00Z,1.4792418974013444,23.447
2025-09-27T13:30:00Z,1.4827418974013398,23.557
2025-09-27T13:40:00Z,1.4869696292730197,23.554
2025-09-27T13:50:00Z,1.4812696292730152,23.567
2025-09-27T14:00:00Z,1.4805696292730133,23.57
2025-09-27T14:10:00Z,1.474569629273013,23.485
2025-09-27T14:20:00Z,1.4751696292730188,23.396
2025-09-27T14:30:00Z,1.476369629273016,23.397
2025-09-27T14:40:00Z,1.4911973611446925,23.39
2025-09-27T14:50:00Z,1.4879973611446928,23.27
2025-09-27T15:00:00Z,1.4886973611446876,23.157
2025-09-27T15:10:00Z,1.488397361144692,23.134
2025-09-27T15:20:00Z,1.49612509301636,22.982
2025-09-27T15:30:00Z,1.4988250930163574,23.091
2025-09-27T15:40:00Z,1.4922973611446935,23.112
2025-09-27T15:50:00Z,1.4919973611446906,23.14
2025-09-27T16:00:00Z,1.484397361144687,23.083
2025-09-27T16:10:00Z,1.485097361144689,22.98
2025-09-27T16:20:00Z,1.5023250930163599,22.994
2025-09-27T16:30:00Z,1.5084250930163563,23.096
2025-09-27T16:40:00Z,1.506125093016358,23.154
2025-09-27T16:50:00Z,1.4960250930163568,23.077
2025-09-27T17:00:00Z,1.495025093016359,23.146
2025-09-27T17:10:00Z,1.4930250930163567,23.175
2025-09-27T17:20:00Z,1.4938250930163548,23.203
2025-09-27T17:30:00Z,1.4934250930163557,23.235
2025-09-27T17:40:00Z,1.495025093016359,23.235
2025-09-27T17:50:00Z,1.5091528248880337,23.214
2025-09-27T18:00:00Z,1.5132528248880348,23.174
2025-09-27T18:10:00Z,1.5163528248880311,23.177
2025-09-27T18:20:00Z,1.5050250930163571,23.151
2025-09-27T18:30:00Z,1.5055250930163595,23.022
2025-09-27T18:40:00Z,1.5071250930163558,22.982
2025-09-27T18:50:00Z,1.5115250930163597,22.988
2025-09-27T19:00:00Z,1.5147250930163594,23.032
2025-09-27T19:10:00Z,1.5048973611446925,23.103
2025-09-27T19:20:00Z,1.5156250930163608,23.1
2025-09-27T19:30:00Z,1.503997361144691,23.016
2025-09-27T19:40:00Z,1.5096973611446884,22.983
2025-09-27T19:50:00Z,1.515397361144693,22.979
2025-09-27T20:00:00Z,1.521697361144689,22.99
2025-09-27T20:10:00Z,1.5214973611446894,22.931
2025-09-27T20:20:00Z,1.516369629273015,22.886
2025-09-27T20:30:00Z,1.523369629273013,22.887
2025-09-27T20:40:00Z,1.526269629273017,22.871
2025-09-27T20:50:00Z,1.5297696292730194,22.878
2025-09-27T21:00:00Z,1.522041897401344,22.953
2025-09-27T21:10:00Z,1.5239418974013432,23.018
2025-09-27T21:20:00Z,1.5209418974013431,22.997
2025-09-27T21:30:00Z,1.5124141655296768,23.016
2025-09-27T21:40:00Z,1.512114165529674,23.002
2025-09-27T21:50:00Z,1.5108141655296734,22.96
2025-09-27T22:00:00Z,1.5164141655296746,22.999
2025-09-27T22:10:00Z,1.507886433657994,23.013
2025-09-27T22:20:00Z,1.504586433657991,23.003
2025-09-27T22:30:00Z,1.5009864336579923,23.016
2025-09-27T22:40:00Z,1.5033864336579938,22.991
2025-09-27T22:50:00Z,1.5017864336579976,22.956
2025-09-27T23:00:00Z,1.5042864336579953,22.842
2025-09-27T23:10:00Z,1.5032864336579976,22.857
2025-09-27T23:20:00Z,1.5013864336579914,22.853
2025-09-27T23:30:00Z,1.503786433657993,22.901
2025-09-27T23:40:00Z,1.5006864336579966,22.884
2025-09-27T23:50:00Z,1.494986433657992,22.886
2025-09-28T00:00:00Z,1.4977864336579927,22.835
2025-09-28T00:10:00Z,1.5012864336579952,22.85
2025-09-28T00:20:00Z,1.5040864336579958,22.855
2025-09-28T00:30:00Z,1.5029864336579948,22.803
2025-09-28T00:40:00Z,1.5107141655296772,22.791
2025-09-28T00:50:00Z,1.5141141655296764,22.778
2025-09-28T01:00:00Z,1.5145141655296754,22.737
2025-09-28T01:10:00Z,1.5081864336579969,22.725
2025-09-28T01:20:00Z,1.508586433657996,22.687
2025-09-28T01:30:00Z,1.509686433657997,22.668
2025-09-28T01:40:00Z,1.5125864336579937,22.656
2025-09-28T01:50:00Z,1.5166864336579948,22.608
2025-09-28T02:00:00Z,1.5120864336579913,22.604
2025-09-28T02:10:00Z,1.496458701786331,22.605
2025-09-28T02:20:00Z,1.510486433657995,22.606
2025-09-28T02:30:00Z,1.5025587017863273,22.62
2025-09-28T02:40:00Z,1.4977587017863243,22.615
2025-09-28T02:50:00Z,1.5002587017863291,22.618
2025-09-28T03:00:00Z,1.4938587017863298,22.569
2025-09-28T03:10:00Z,1.509686433657997,22.498
2025-09-28T03:20:00Z,1.5139864336579976,22.461
2025-09-28T03:30:00Z,1.517486433657993,22.461
2025-09-28T03:40:00Z,1.5205864336579964,22.498
2025-09-28T03:50:00Z,1.5177587017863274,22.506
2025-09-28T04:00:00Z,1.5331864336579955,22.522
2025-09-28T04:10:00Z,1.5210587017863304,22.479
2025-09-28T04:20:00Z,1.5237587017863277,22.479
2025-09-28T04:30:00Z,1.5239587017863272,22.45
2025-09-28T04:40:00Z,1.5154309699146538,22.501
2025-09-28T04:50:00Z,1.509930969914656,22.475
2025-09-28T05:00:00Z,1.5238309699146555,22.495
2025-09-28T05:10:00Z,1.5313309699146558,22.501
2025-09-28T05:20:00Z,1.5335309699146507,22.487
2025-09-28T05:30:00Z,1.5386309699146565,22.454
2025-09-28T05:40:00Z,1.5413309699146538,22.446
2025-09-28T05:50:00Z,1.5439309699146548,22.433
2025-09-28T06:00:00Z,1.5380032380429896,22.412
2025-09-28T06:10:00Z,1.5315755061713148,22.408
2025-09-28T06:20:00Z,1.5270755061713146,22.422
2025-09-28T06:30:00Z,1.533875506171313,22.423
2025-09-28T06:40:00Z,1.5272477742996386,22.406
2025-09-28T06:50:00Z,1.531847774299635,22.391
2025-09-28T07:00:00Z,1.53584777429964,22.376
2025-09-28T07:10:00Z,1.529720042427968,22.353
2025-09-28T07:20:00Z,1.5308200424279619,22.383
2025-09-28T07:30:00Z,1.5306200424279623,22.377
2025-09-28T07:40:00Z,1.521392310556294,22.398
2025-09-28T07:50:00Z,1.5214923105562974,22.409
2025-09-28T08:00:00Z,1.5267923105562957,22.412
2025-09-28T08:10:00Z,1.5152645786846222,22.447
2025-09-28T08:20:00Z,1.5178645786846232,22.497
2025-09-28T08:30:00Z,1.5210645786846229,22.528
2025-09-28T08:40:00Z,1.5243645786846258,22.517
2025-09-28T08:50:00Z,1.5297645786846203,22.521
2025-09-28T09:00:00Z,1.5350645786846258,22.523
2025-09-28T09:10:00Z,1.534064578684621,22.506
2025-09-28T09:20:00Z,1.528236846812952,22.505
2025-09-28T09:30:00Z,1.5265368468129523,22.609
2025-09-28T09:40:00Z,1.531236846812952,22.684
2025-09-28T09:50:00Z,1.5293091149412845,22.732
2025-09-28T10:00:00Z,1.5292091149412812,22.784
2025-09-28T10:10:00Z,1.5238091149412796,22.793
2025-09-28T10:20:00Z,1.521709114941281,22.81
2025-09-28T10:30:00Z,1.5178091149412793,22.845
2025-09-28T10:40:00Z,1.514709114941283,22.881
2025-09-28T10:50:00Z,1.501581383069599,22.933
2025-09-28T11:00:00Z,1.5101091149412795,22.968
2025-09-28T11:10:00Z,1.5007091149412801,22.997
2025-09-28T11:20:00Z,1.5094091149412847,22.996
2025-09-28T11:30:00Z,1.5034091149412845,23.014
2025-09-28T11:40:00Z,1.501809114941281,23.019
2025-09-28T11:50:00Z,1.504009114941283,23.055
2025-09-28T12:00:00Z,1.5057091149412827,23.074
2025-09-28T12:10:00Z,1.5024091149412797,23.114
2025-09-28T12:20:00Z,1.4974091149412843,23.142
2025-09-28T12:30:00Z,1.494009114941285,23.155
2025-09-28T12:40:00Z,1.493609114941286,23.14
2025-09-28T12:50:00Z,1.4909091149412816,23.14
2025-09-28T13:00:00Z,1.4955091149412851,23.162
2025-09-28T13:10:00Z,1.488409114941284,23.205
2025-09-28T13:20:00Z,1.4966368468129474,23.231
2025-09-28T13:30:00Z,1.491336846812949,23.18
2025-09-28T13:40:00Z,1.4959368468129526,23.152
2025-09-28T13:50:00Z,1.494236846812953,23.132
2025-09-28T14:00:00Z,1.4882368468129528,23.189
2025-09-28T14:10:00Z,1.4864368468129499,23.236
2025-09-28T14:20:00Z,1.4932645786846237,23.275
2025-09-28T14:30:00Z,1.4952645786846261,23.283
2025-09-28T14:40:00Z,1.492664578684625,23.274
2025-09-28T14:50:00Z,1.4888645786846268,23.294
2025-09-28T15:00:00Z,1.4941645786846252,23.317
2025-09-28T15:10:00Z,1.499492310556299,23.351
2025-09-28T15:20:00Z,1.4982923105562946,23.375
2025-09-28T15:30:00Z,1.4966923105562984,23.383
2025-09-28T15:40:00Z,1.4907923105562944,23.369
2025-09-28T15:50:00Z,1.4860923105562946,23.392
2025-09-28T16:00:00Z,1.4986200424279659,23.454
2025-09-28T16:10:00Z,1.4984200424279663,23.474
2025-09-28T16:20:00Z,1.4877200424279664,23.488
2025-09-28T16:30:00Z,1.4871200424279678,23.507
2025-09-28T16:40:00Z,1.4949477742996393,23.515
2025-09-28T16:50:00Z,1.5040477742996359,23.519
2025-09-28T17:00:00Z,1.5035477742996406,23.513
2025-09-28T17:10:00Z,1.5117755061713112,23.513
2025-09-28T17:20:00Z,1.509475506171313,23.46
2025-09-28T17:30:00Z,1.5140755061713094,23.442
2025-09-28T17:40:00Z,1.5100755061713116,23.421
2025-09-28T17:50:00Z,1.5071755061713148,23.374
2025-09-28T18:00:00Z,1.5155755061713094,23.359
2025-09-28T18:10:00Z,1.5085755061713115,23.328
2025-09-28T18:20:00Z,1.5054755061713152,23.247
2025-09-28T18:30:00Z,1.5058755061713143,23.198
2025-09-28T18:40:00Z,1.5039755061713151,23.119
2025-09-28T18:50:00Z,1.508775506171311,23.083
2025-09-28T19:00:00Z,1.510975506171313,23.058
2025-09-28T19:10:00Z,1.5125755061713093,23.013
2025-09-28T19:20:00Z,1.520975506171311,22.984
2025-09-28T19:30:00Z,1.5226755061713106,22.955
2025-09-28T19:40:00Z,1.52907550617131,22.911
2025-09-28T19:50:00Z,1.5120477742996385,22.863
2025-09-28T20:00:00Z,1.509247774299638,22.781
2025-09-28T20:10:00Z,1.5156477742996373,22.738
2025-09-28T20:20:00Z,1.5134477742996353,22.717
2025-09-28T20:30:00Z,1.5002200424279621,22.683
2025-09-28T20:40:00Z,1.5032200424279623,22.665
2025-09-28T20:50:00Z,1.506420042427962,22.628
2025-09-28T21:00:00Z,1.5036200424279613,22.598
2025-09-28T21:10:00Z,1.508320042427961,22.623
2025-09-28T21:20:00Z,1.5080200424279653,22.593
2025-09-28T21:30:00Z,1.508320042427961,22.556
2025-09-28T21:40:00Z,1.5111200424279616,22.572
2025-09-28T21:50:00Z,1.508320042427961,22.554
2025-09-28T22:00:00Z,1.5144200424279646,22.513
2025-09-28T22:10:00Z,1.5187200424279652,22.511
2025-09-28T22:20:00Z,1.5181200424279666,22.507
2025-09-28T22:30:00Z,1.513420042427967,22.499
2025-09-28T22:40:00Z,1.4995923105562952,22.473
2025-09-28T22:50:00Z,1.5010923105562952,22.465
2025-09-28T23:00:00Z,1.4971923105563008,22.457
2025-09-28T23:10:00Z,1.4949923105562988,22.452
2025-09-28T23:20:00Z,1.4898923105563,22.412
2025-09-28T23:30:00Z,1.4921923105562982,22.369
2025-09-28T23:40:00Z,1.4918923105562953,22.395
2025-09-28T23:50:00Z,1.4928923105563001,22.406
2025-09-29T00:00:00Z,1.4949923105562988,22.383
2025-09-29T00:10:00Z,1.5107200424279625,22.305
2025-09-29T00:20:00Z,1.5121200424279664,22.244
2025-09-29T00:30:00Z,1.510520042427963,22.213
2025-09-29T00:40:00Z,1.5087200424279672,22.073
2025-09-29T00:50:00Z,1.5073200424279634,22.021
2025-09-29T01:00:00Z,1.505320042427968,22.034
2025-09-29T01:10:00Z,1.502720042427967,22.037
2025-09-29T01:20:00Z,1.5078200424279657,22.058
2025-09-29T01:30:00Z,1.5039200424279642,22.104
2025-09-29T01:40:00Z,1.5044200424279666,22.131
2025-09-29T01:50:00Z,1.4981200424279635,22.088
2025-09-29T02:00:00Z,1.496820042427963,22.072
2025-09-29T02:10:00Z,1.499420042427964,22.052
2025-09-29T02:20:00Z,1.4951200424279634,22.036
2025-09-29T02:30:00Z,1.4965200424279672,21.991
2025-09-29T02:40:00Z,1.496120042427961,21.968
2025-09-29T02:50:00Z,1.505547774299636,21.932
2025-09-29T03:00:00Z,1.5034477742996373,21.954
2025-09-29T03:10:00Z,1.505547774299636,21.952
2025-09-29T03:20:00Z,1.5108477742996413,21.981
2025-09-29T03:30:00Z,1.5082477742996403,22.012
2025-09-29T03:40:00Z,1.5035477742996406,21.958
2025-09-29T03:50:00Z,1.508147774299637,21.822
2025-09-29T04:00:00Z,1.5030477742996382,21.647
2025-09-29T04:10:00Z,1.5073477742996388,21.576
2025-09-29T04:20:00Z,1.5098477742996366,21.669
2025-09-29T04:30:00Z,1.515147774299642,21.731
2025-09-29T04:40:00Z,1.5156477742996373,21.722
2025-09-29T04:50:00Z,1.5187477742996407,21.704
2025-09-29T05:00:00Z,1.5182477742996383,21.706
2025-09-29T05:10:00Z,1.5175477742996364,21.741
2025-09-29T05:20:00Z,1.5074200424279667,21.778
2025-09-29T05:30:00Z,1.504220042427967,21.775
2025-09-29T05:40:00Z,1.507920042427962,21.797
2025-09-29T05:50:00Z,1.5065200424279652,21.787
2025-09-29T06:00:00Z,1.5088200424279634,21.703
2025-09-29T06:10:00Z,1.5117200424279673,21.583
2025-09-29T06:20:00Z,1.516420042427967,21.573
2025-09-29T06:30:00Z,1.5259200424279626,21.645
2025-09-29T06:40:00Z,1.5331200424279672,21.648
2025-09-29T06:50:00Z,1.5326200424279648,21.617
2025-09-29T07:00:00Z,1.5348200424279668,21.713
2025-09-29T07:10:00Z,1.5204923105562997,21.77
2025-09-29T07:20:00Z,1.5159923105562996,21.781
2025-09-29T07:30:00Z,1.5028645786846226,21.77
2025-09-29T07:40:00Z,1.508164578684621,21.821
2025-09-29T07:50:00Z,1.5106645786846258,21.877
2025-09-29T08:00:00Z,1.5167645786846222,21.958
2025-09-29T08:10:00Z,1.5189645786846242,22.037
2025-09-29T08:20:00Z,1.5198645786846257,22.078
2025-09-29T08:30:00Z,1.520364578684621,22.094
2025-09-29T08:40:00Z,1.5226645786846262,22.117
2025-09-29T08:50:00Z,1.5072368468129511,22.128
2025-09-29T09:00:00Z,1.5058368468129473,22.134
2025-09-29T09:10:00Z,1.506436846812953,22.192
2025-09-29T09:20:00Z,1.5054368468129482,22.233
2025-09-29T09:30:00Z,1.5085368468129516,22.272
2025-09-29T09:40:00Z,1.5048368468129496,22.261
2025-09-29T09:50:00Z,1.4929368468129525,22.335
2025-09-29T10:00:00Z,1.5000368468129466,22.376
2025-09-29T10:10:00Z,1.5017368468129462,22.413
2025-09-29T10:20:00Z,1.5055368468129515,22.457
2025-09-29T10:30:00Z,1.5088368468129474,22.492
2025-09-29T10:40:00Z,1.50013684681295,22.543
2025-09-29T10:50:00Z,1.5115645786846201,22.604
2025-09-29T11:00:00Z,1.5115645786846201,22.58
2025-09-29T11:10:00Z,1.512964578684624,22.509
2025-09-29T11:20:00Z,1.5098645786846205,22.469
2025-09-29T11:30:00Z,1.5015645786846221,22.536
2025-09-29T11:40:00Z,1.500364578684625,22.613
2025-09-29T11:50:00Z,1.5010645786846268,22.609
2025-09-29T12:00:00Z,1.4962645786846238,22.625
2025-09-29T12:10:00Z,1.4840368468129483,22.617
2025-09-29T12:20:00Z,1.4901645786846203,22.689
2025-09-29T12:30:00Z,1.488564578684624,22.746
2025-09-29T12:40:00Z,1.4993923105562956,22.848
2025-09-29T12:50:00Z,1.5199200424279624,23.031
2025-09-29T13:00:00Z,1.511620042427964,23.142
2025-09-29T13:10:00Z,1.4779923105562958,23.034
2025-09-29T13:20:00Z,1.4881200424279655,23.03
2025-09-29T13:30:00Z,1.4968477742996384,23.063
2025-09-29T13:40:00Z,1.5035477742996406,23.104
2025-09-29T13:50:00Z,1.495547774299638,23.043
2025-09-29T14:00:00Z,1.5099032380429875,22.951
2025-09-29T14:10:00Z,1.527330969914651,22.886
2025-09-29T14:20:00Z,1.528830969914651,22.937
2025-09-29T14:30:00Z,1.5169032380429854,22.891
2025-09-29T14:40:00Z,1.5183032380429893,22.987
2025-09-29T14:50:00Z,1.504275506171311,22.958
2025-09-29T15:00:00Z,1.516403238042983,23.006
2025-09-29T15:10:00Z,1.5113032380429843,23.044
2025-09-29T15:20:00Z,1.5063032380429888,23.091
2025-09-29T15:30:00Z,1.496403238042987,23.019
2025-09-29T15:40:00Z,1.4948032380429837,23.009
2025-09-29T15:50:00Z,1.5035032380429882,23.045
2025-09-29T16:00:00Z,1.5100032380429838,23.117
2025-09-29T16:10:00Z,1.5025032380429835,23.184
2025-09-29T16:20:00Z,1.5149309699146514,23.181
2025-09-29T16:30:00Z,1.5158309699146528,23.156
2025-09-29T16:40:00Z,1.518830969914653,23.112
2025-09-29T16:50:00Z,1.5165309699146547,23.076
2025-09-29T17:00:00Z,1.505130969914653,23.039
2025-09-29T17:10:00Z,1.5019309699146532,23.054
2025-09-29T17:20:00Z,1.4975309699146564,22.963
2025-09-29T17:30:00Z,1.4999309699146508,22.951
2025-09-29T17:40:00Z,1.484603238042986,22.925
2025-09-29T17:50:00Z,1.4951309699146549,22.901
2025-09-29T18:00:00Z,1.499230969914656,22.89
2025-09-29T18:10:00Z,1.505058701786325,22.891
2025-09-29T18:20:00Z,1.5062587017863294,22.831
2025-09-29T18:30:00Z,1.5084587017863242,22.772
2025-09-29T18:40:00Z,1.506858701786328,22.758
2025-09-29T18:50:00Z,1.5114587017863244,22.759
2025-09-29T19:00:00Z,1.5107587017863295,22.798
2025-09-29T19:10:00Z,1.5099587017863243,22.777
2025-09-29T19:20:00Z,1.510158701786331,22.772
2025-09-29T19:30:00Z,1.5047587017863293,22.759
2025-09-29T19:40:00Z,1.5017587017863292,22.727
2025-09-29T19:50:00Z,1.4978587017863276,22.683
2025-09-29T20:00:00Z,1.4989587017863286,22.665
2025-09-29T20:10:00Z,1.4995587017863272,22.65
2025-09-29T20:20:00Z,1.5103587017863305,22.682
2025-09-29T20:30:00Z,1.5077587017863294,22.706
2025-09-29T20:40:00Z,1.5139587017863292,22.718
2025-09-29T20:50:00Z,1.5147587017863273,22.733
2025-09-29T21:00:00Z,1.5151587017863264,22.725
2025-09-29T21:10:00Z,1.5005587017863249,22.666
2025-09-29T21:20:00Z,1.5044587017863265,22.546
2025-09-29T21:30:00Z,1.5052587017863246,22.37
2025-09-29T21:40:00Z,1.492230969914651,22.244
2025-09-29T21:50:00Z,1.4899309699146528,22.176
2025-09-29T22:00:00Z,1.4879309699146503,22.1
2025-09-29T22:10:00Z,1.5018587017863254,22.085
2025-09-29T22:20:00Z,1.5033587017863255,22.06
2025-09-29T22:30:00Z,1.5124587017863291,22.042
2025-09-29T22:40:00Z,1.51205870178633,22.042
2025-09-29T22:50:00Z,1.5114587017863244,22.034
2025-09-29T23:00:00Z,1.5137587017863297,21.998
2025-09-29T23:10:00Z,1.5174587017863246,21.973
2025-09-29T23:20:00Z,1.5167587017863298,21.961
2025-09-29T23:30:00Z,1.5050309699146567,21.934
2025-09-29T23:40:00Z,1.5061309699146506,21.925
2025-09-29T23:50:00Z,1.5112309699146564,21.997
2025-09-30T00:00:00Z,1.5126309699146532,22.014
2025-09-30T00:10:00Z,1.514430969914656,22.038
2025-09-30T00:20:00Z,1.5139309699146537,22.071
2025-09-30T00:30:00Z,1.5160309699146524,22.052
2025-09-30T00:40:00Z,1.5139309699146537,22.013
2025-09-30T00:50:00Z,1.5046032380429892,21.961
2025-09-30T01:00:00Z,1.5074032380429898,21.931
2025-09-30T01:10:00Z,1.5063032380429888,21.826
2025-09-30T01:20:00Z,1.506703238042988,21.755
2025-09-30T01:30:00Z,1.509003238042986,21.776
2025-09-30T01:40:00Z,1.51040323804299,21.829
2025-09-30T01:50:00Z,1.5098032380429842,21.834
2025-09-30T02:00:00Z,1.5084032380429875,21.784
2025-09-30T02:10:00Z,1.509003238042986,21.819
2025-09-30T02:20:00Z,1.508603238042987,21.821
2025-09-30T02:30:00Z,1.49397550617131,21.844
2025-09-30T02:40:00Z,1.489875506171316,21.836
2025-09-30T02:50:00Z,1.487275506171315,21.818
2025-09-30T03:00:00Z,1.4904755061713146,21.807
2025-09-30T03:10:00Z,1.4951755061713143,21.778
2025-09-30T03:20:00Z,1.5039032380429873,21.711
2025-09-30T03:30:00Z,1.5080032380429884,21.615
2025-09-30T03:40:00Z,1.5133032380429867,21.552
2025-09-30T03:50:00Z,1.5163032380429868,21.6
2025-09-30T04:00:00Z,1.505075506171309,21.601
2025-09-30T04:10:00Z,1.5041755061713147,21.34
2025-09-30T04:20:00Z,1.5236032380429876,21.376
2025-09-30T04:30:00Z,1.5133755061713146,21.418
2025-09-30T04:40:00Z,1.512075506171314,21.43
2025-09-30T04:50:00Z,1.5145755061713118,21.426
2025-09-30T05:00:00Z,1.5176755061713152,21.502
2025-09-30T05:10:00Z,1.508147774299637,21.525
2025-09-30T05:20:00Z,1.508147774299637,21.537
2025-09-30T05:30:00Z,1.5098477742996366,21.542
2025-09-30T05:40:00Z,1.513347774299639,21.583
2025-09-30T05:50:00Z,1.502720042427967,21.576
2025-09-30T06:00:00Z,1.5045200424279628,21.56
2025-09-30T06:10:00Z,1.5076200424279662,21.571
2025-09-30T06:20:00Z,1.5103200424279635,21.572
2025-09-30T06:30:00Z,1.5121200424279664,21.6
2025-09-30T06:40:00Z,1.5151200424279665,21.585
2025-09-30T06:50:00Z,1.506192310556301,21.591
2025-09-30T07:00:00Z,1.5065923105563002,21.597
2025-09-30T07:10:00Z,1.510592310556298,21.608
2025-09-30T07:20:00Z,1.5021645786846207,21.607
2025-09-30T07:30:00Z,1.504864578684625,21.601
2025-09-30T07:40:00Z,1.5082645786846243,21.637
2025-09-30T07:50:00Z,1.5134645786846264,21.622
2025-09-30T08:00:00Z,1.5135645786846226,21.492
2025-09-30T08:10:00Z,1.5061368468129501,21.388
2025-09-30T08:20:00Z,1.5097368468129488,21.425
2025-09-30T08:30:00Z,1.512736846812949,21.395
2025-09-30T08:40:00Z,1.516036846812952,21.397
2025-09-30T08:50:00Z,1.51140911494128,21.568
2025-09-30T09:00:00Z,1.5186091149412846,21.667
2025-09-30T09:10:00Z,1.5107813830695989,21.732
2025-09-30T09:20:00Z,1.515681383069598,21.793
2025-09-30T09:30:00Z,1.518181383069603,21.816
2025-09-30T09:40:00Z,1.529281383069602,21.988
2025-09-30T09:50:00Z,1.5419813830696043,22.191
2025-09-30T10:00:00Z,1.5357536511979433,22.232
2025-09-30T10:10:00Z,1.534553651197939,22.227
2025-09-30T10:20:00Z,1.5398536511979444,22.35
2025-09-30T10:30:00Z,1.5383536511979443,22.329
2025-09-30T10:40:00Z,1.5289259193262623,22.367
2025-09-30T10:50:00Z,1.528125919326257,22.383
2025-09-30T11:00:00Z,1.5275259193262585,22.403
2025-09-30T11:10:00Z,1.52992591932626,22.462
2025-09-30T11:20:00Z,1.5447536511979436,22.605
2025-09-30T11:30:00Z,1.549753651197939,22.803
2025-09-30T11:40:00Z,1.549753651197939,22.953
2025-09-30T11:50:00Z,1.5499536511979386,23.105
2025-09-30T12:00:00Z,1.5458536511979446,23.22
2025-09-30T12:10:00Z,1.5585813830696011,23.365
2025-09-30T12:20:00Z,1.5500813830696032,23.501
2025-09-30T12:30:00Z,1.5401813830696014,23.41
2025-09-30T12:40:00Z,1.5212813830695993,23.249
2025-09-30T12:50:00Z,1.5206813830696007,23.222
2025-09-30T13:00:00Z,1.5299091149412831,23.306
2025-09-30T13:10:00Z,1.526509114941284,23.423
2025-09-30T13:20:00Z,1.5313091149412799,23.549
2025-09-30T13:30:00Z,1.5421368468129515,23.596
2025-09-30T13:40:00Z,1.5389368468129518,23.688
2025-09-30T13:50:00Z,1.5357368468129522,23.778
2025-09-30T14:00:00Z,1.5456645786846224,23.802
2025-09-30T14:10:00Z,1.5301645786846265,23.806
2025-09-30T14:20:00Z,1.528164578684624,23.806
2025-09-30T14:30:00Z,1.5265645786846207,23.854
2025-09-30T14:40:00Z,1.5283645786846236,23.922
2025-09-30T14:50:00Z,1.525164578684624,23.958
2025-09-30T15:00:00Z,1.5211645786846262,23.933
2025-09-30T15:10:00Z,1.5167645786846222,23.976
2025-09-30T15:20:00Z,1.5277923105563005,23.925
2025-09-30T15:30:00Z,1.5328923105562993,24.009
2025-09-30T15:40:00Z,1.5324923105563002,24.014
2025-09-30T15:50:00Z,1.533192310556295,24.103
2025-09-30T16:00:00Z,1.5424200424279633,24.166
2025-09-30T16:10:00Z,1.5308200424279619,24.167
2025-09-30T16:20:00Z,1.537520042427964,24.137
2025-09-30T16:30:00Z,1.5410200424279665,24.202
2025-09-30T16:40:00Z,1.5299200424279675,24.06
2025-09-30T16:50:00Z,1.5225200424279635,23.974
2025-09-30T17:00:00Z,1.5163200424279637,23.93
2025-09-30T17:10:00Z,1.5290477742996416,23.939
2025-09-30T17:20:00Z,1.5228477742996418,23.876
2025-09-30T17:30:00Z,1.5311755061713157,23.838
2025-09-30T17:40:00Z,1.531275506171312,23.819
2025-09-30T17:50:00Z,1.5377755061713145,23.739
2025-09-30T18:00:00Z,1.5287755061713142,23.681
2025-09-30T18:10:00Z,1.543403238042984,23.672
2025-09-30T18:20:00Z,1.5442032380429893,23.624
2025-09-30T18:30:00Z,1.53930323804299,23.591
2025-09-30T18:40:00Z,1.5343032380429875,23.56
2025-09-30T18:50:00Z,1.5336755061713134,23.563
2025-09-30T19:00:00Z,1.55000323804299,23.571
2025-09-30T19:10:00Z,1.536075506171315,23.57
2025-09-30T19:20:00Z,1.5373755061713155,23.562
2025-09-30T19:30:00Z,1.5394755061713141,23.54
2025-09-30T19:40:00Z,1.5421755061713114,23.517
2025-09-30T19:50:00Z,1.5420755061713152,23.481
2025-09-30T20:00:00Z,1.5296477742996402,23.474
2025-09-30T20:10:00Z,1.5287477742996387,23.463
2025-09-30T20:20:00Z,1.5265477742996367,23.385
2025-09-30T20:30:00Z,1.5261477742996377,23.344
2025-09-30T20:40:00Z,1.5289477742996382,23.375
2025-09-30T20:50:00Z,1.5191200424279643,23.373
2025-09-30T21:00:00Z,1.5293477742996373,23.19
2025-09-30T21:10:00Z,1.524747774299641,22.989
2025-09-30T21:20:00Z,1.5265477742996367,23.015
2025-09-30T21:30:00Z,1.527747774299641,22.996
2025-09-30T21:40:00Z,1.5173200424279614,22.95
2025-09-30T21:50:00Z,1.5181200424279666,22.858
2025-09-30T22:00:00Z,1.523120042427962,22.924
2025-09-30T22:10:00Z,1.5237200424279678,22.951
2025-09-30T22:20:00Z,1.5217200424279653,22.908
2025-09-30T22:30:00Z,1.5197200424279629,22.867
2025-09-30T22:40:00Z,1.5194200424279671,22.809
2025-09-30T22:50:00Z,1.5197200424279629,22.805
2025-09-30T23:00:00Z,1.5184200424279624,22.772
2025-09-30T23:10:00Z,1.5050923105563,22.753
2025-09-30T23:20:00Z,1.5151200424279665,22.736
2025-09-30T23:30:00Z,1.511220042427965,22.664
2025-09-30T23:40:00Z,1.5095200424279653,22.575
2025-09-30T23:50:00Z,1.503820042427968,22.46
2025-10-01T00:00:00Z,1.4984200424279663,22.415
2025-10-01T00:10:00Z,1.4960200424279648,22.381
2025-10-01T00:20:00Z,1.493520042427967,22.364
2025-10-01T00:30:00Z,1.4925200424279623,22.373
2025-10-01T00:40:00Z,1.4912200424279618,22.333
2025-10-01T00:50:00Z,1.4921200424279633,22.357
2025-10-01T01:00:00Z,1.4948200424279676,22.386
2025-10-01T01:10:00Z,1.495720042427962,22.397
2025-10-01T01:20:00Z,1.4950200424279672,22.363
2025-10-01T01:30:00Z,1.4903200424279675,22.298
2025-10-01T01:40:00Z,1.4911200424279656,22.335
2025-10-01T01:50:00Z,1.4900200424279646,22.33
2025-10-01T02:00:00Z,1.4912200424279618,22.342
2025-10-01T02:10:00Z,1.490520042427967,22.311
2025-10-01T02:20:00Z,1.4785923105562944,22.304
2025-10-01T02:30:00Z,1.4878200424279626,22.265
2025-10-01T02:40:00Z,1.487920042427966,22.248
2025-10-01T02:50:00Z,1.4884200424279612,22.235
2025-10-01T03:00:00Z,1.4849200424279658,22.152
2025-10-01T03:10:00Z,1.485720042427964,22.178
2025-10-01T03:20:00Z,1.4870200424279645,22.186
2025-10-01T03:30:00Z,1.4875200424279669,22.155
2025-10-01T03:40:00Z,1.4921200424279633,22.14
2025-10-01T03:50:00Z,1.496420042427964,22.17
2025-10-01T04:00:00Z,1.5011200424279636,22.156
2025-10-01T04:10:00Z,1.5032200424279623,22.156
2025-10-01T04:20:00Z,1.5051200424279614,22.14
2025-10-01T04:30:00Z,1.5078200424279657,22.188
2025-10-01T04:40:00Z,1.498092310556295,22.213
2025-10-01T04:50:00Z,1.4973923105563003,22.178
2025-10-01T05:00:00Z,1.4956923105563007,22.11
2025-10-01T05:10:00Z,1.495792310556297,22.084
2025-10-01T05:20:00Z,1.4967923105562946,22.054
2025-10-01T05:30:00Z,1.4999923105562942,22.056
2025-10-01T05:40:00Z,1.4993923105562956,22
2025-10-01T05:50:00Z,1.4996923105562985,21.948
2025-10-01T06:00:00Z,1.500292310556297,21.93
2025-10-01T06:10:00Z,1.493764578684626,22.021
2025-10-01T06:20:00Z,1.498564578684622,22.079
2025-10-01T06:30:00Z,1.499264578684624,22.078
2025-10-01T06:40:00Z,1.5002645786846216,22.067
2025-10-01T06:50:00Z,1.503364578684625,22.058
2025-10-01T07:00:00Z,1.5046645786846256,22.046
2025-10-01T07:10:00Z,1.5046645786846256,22.006
2025-10-01T07:20:00Z,1.5086645786846233,22.012
2025-10-01T07:30:00Z,1.5110645786846248,21.949
2025-10-01T07:40:00Z,1.5076368468129502,21.96
2025-10-01T07:50:00Z,1.5117368468129513,22.017
2025-10-01T08:00:00Z,1.5144368468129485,22.056
2025-10-01T08:10:00Z,1.512436846812946,22.03
2025-10-01T08:20:00Z,1.5008091149412834,22.019
2025-10-01T08:30:00Z,1.4982091149412824,21.972
2025-10-01T08:40:00Z,1.4956091149412813,21.859
2025-10-01T08:50:00Z,1.5046091149412817,21.999
2025-10-01T09:00:00Z,1.511709114941283,22.097
2025-10-01T09:10:00Z,1.5081091149412842,22.038
2025-10-01T09:20:00Z,1.5118091149412791,22.116
2025-10-01T09:30:00Z,1.506381383069602,22.225
2025-10-01T09:40:00Z,1.516781383069599,22.398
2025-10-01T09:50:00Z,1.5260813830696023,22.549
2025-10-01T10:00:00Z,1.5405813830696005,22.782
2025-10-01T10:10:00Z,1.5421813830696038,22.832
2025-10-01T10:20:00Z,1.5392813830696,22.8
2025-10-01T10:30:00Z,1.538581383069598,22.858
2025-10-01T10:40:00Z,1.5406813830696038,22.943
2025-10-01T10:50:00Z,1.5417813830696048,23.003
2025-10-01T11:00:00Z,1.541881383069601,23.117
2025-10-01T11:10:00Z,1.5420813830696005,23.167
2025-10-01T11:20:00Z,1.549109114941281,23.22
2025-10-01T11:30:00Z,1.54500911494128,23.313
2025-10-01T11:40:00Z,1.5429091149412812,23.38
2025-10-01T11:50:00Z,1.5401091149412807,23.44
2025-10-01T12:00:00Z,1.5360091149412796,23.429
2025-10-01T12:10:00Z,1.5298091149412798,23.426
2025-10-01T12:20:00Z,1.5367368468129499,23.467
2025-10-01T12:30:00Z,1.5335368468129502,23.489
2025-10-01T12:40:00Z,1.515736846812949,23.466
2025-10-01T12:50:00Z,1.5198645786846257,23.297
2025-10-01T13:00:00Z,1.5197645786846223,23.342
2025-10-01T13:10:00Z,1.5163645786846232,23.435
2025-10-01T13:20:00Z,1.5276923105562972,23.489
2025-10-01T13:30:00Z,1.5252923105562957,23.662
2025-10-01T13:40:00Z,1.5393923105562948,24.094
2025-10-01T13:50:00Z,1.5417200424279613,24.025
2025-10-01T14:00:00Z,1.543420042427968,24.008
2025-10-01T14:10:00Z,1.540820042427967,24.082
2025-10-01T14:20:00Z,1.5520477742996377,24.032
2025-10-01T14:30:00Z,1.5498477742996357,24.104
2025-10-01T14:40:00Z,1.5433477742996402,23.971
2025-10-01T14:50:00Z,1.5450477742996398,24.032
2025-10-01T15:00:00Z,1.5424477742996388,24.022
2025-10-01T15:10:00Z,1.537747774299639,24.466
2025-10-01T15:20:00Z,1.5361477742996357,24.498
2025-10-01T15:30:00Z,1.5269477742996358,24.299
2025-10-01T15:40:00Z,1.525847774299642,24.427
2025-10-01T15:50:00Z,1.5280477742996368,24.392
2025-10-01T16:00:00Z,1.5212477742996384,24.262
2025-10-01T16:10:00Z,1.522547774299639,24.246
2025-10-01T16:20:00Z,1.5306755061713133,24.06
2025-10-01T16:30:00Z,1.5271755061713108,23.973
2025-10-01T16:40:00Z,1.5222755061713116,23.855
2025-10-01T16:50:00Z,1.520575506171312,23.863
2025-10-01T17:00:00Z,1.5191755061713152,23.855
2025-10-01T17:10:00Z,1.5185755061713095,23.842
2025-10-01T17:20:00Z,1.505947774299635,23.822
2025-10-01T17:30:00Z,1.5128755061713122,23.787
2025-10-01T17:40:00Z,1.5066755061713124,23.733
2025-10-01T17:50:00Z,1.50317550617131,23.694
2025-10-01T18:00:00Z,1.5006755061713122,23.659
2025-10-01T18:10:00Z,1.4952755061713106,23.576
2025-10-01T18:20:00Z,1.4930755061713157,23.533
2025-10-01T18:30:00Z,1.4847755061713102,23.255
2025-10-01T18:40:00Z,1.4870755061713155,23.12
2025-10-01T18:50:00Z,1.4833755061713134,22.642
2025-10-01T19:00:00Z,1.5004755061713126,22.851
2025-10-01T19:10:00Z,1.5067755061713157,22.968
2025-10-01T19:20:00Z,1.5053755061713119,22.95
2025-10-01T19:30:00Z,1.4981755061713145,22.83
2025-10-01T19:40:00Z,1.4887477742996396,22.831
2025-10-01T19:50:00Z,1.501375506171314,22.76
2025-10-01T20:00:00Z,1.5085755061713115,22.847
2025-10-01T20:10:00Z,1.508775506171311,22.804
2025-10-01T20:20:00Z,1.5048477742996411,22.826
2025-10-01T20:30:00Z,1.5065477742996407,22.824
2025-10-01T20:40:00Z,1.5043477742996387,22.717
2025-10-01T20:50:00Z,1.5084477742996398,22.768
2025-10-01T21:00:00Z,1.5006200424279612,22.824
2025-10-01T21:10:00Z,1.497920042427964,22.758
2025-10-01T21:20:00Z,1.4963200424279677,22.722
2025-10-01T21:30:00Z,1.497920042427964,22.763
2025-10-01T21:40:00Z,1.5004200424279617,22.799
2025-10-01T21:50:00Z,1.4985200424279626,22.782
2025-10-01T22:00:00Z,1.500120042427966,22.807
2025-10-01T22:10:00Z,1.4973200424279653,22.75
2025-10-01T22:20:00Z,1.4997200424279669,22.744
2025-10-01T22:30:00Z,1.4986200424279659,22.714
2025-10-01T22:40:00Z,1.4991200424279612,22.693
2025-10-01T22:50:00Z,1.494620042427961,22.642
2025-10-01T23:00:00Z,1.4944200424279614,22.608
2025-10-01T23:10:00Z,1.4965200424279672,22.629
2025-10-01T23:20:00Z,1.483292310556294,22.632
2025-10-01T23:30:00Z,1.4818923105562973,22.564
2025-10-01T23:40:00Z,1.4811923105562954,22.512
2025-10-01T23:50:00Z,1.476992310556298,22.446
2025-10-02T00:00:00Z,1.4891200424279631,22.511
2025-10-02T00:10:00Z,1.4719923105562955,22.422
2025-10-02T00:20:00Z,1.4860200424279668,22.458
2025-10-02T00:30:00Z,1.4891200424279631,22.521
2025-10-02T00:40:00Z,1.487920042427966,22.516
2025-10-02T00:50:00Z,1.4793200424279647,22.449
2025-10-02T01:00:00Z,1.485420042427961,22.543
2025-10-02T01:10:00Z,1.4845200424279668,22.568
2025-10-02T01:20:00Z,1.479420042427968,22.504
2025-10-02T01:30:00Z,1.4792200424279613,22.501
2025-10-02T01:40:00Z,1.487447774299639,22.491
2025-10-02T01:50:00Z,1.4840477742996399,22.46
2025-10-02T02:00:00Z,1.4792477742996368,22.424
2025-10-02T02:10:00Z,1.4816477742996383,22.451
2025-10-02T02:20:00Z,1.480047774299635,22.453
2025-10-02T02:30:00Z,1.4821477742996407,22.492
2025-10-02T02:40:00Z,1.4901755061713118,22.47
2025-10-02T02:50:00Z,1.4917755061713152,22.448
2025-10-02T03:00:00Z,1.4903755061713113,22.41
2025-10-02T03:10:00Z,1.4889755061713146,22.401
2025-10-02T03:20:00Z,1.4885755061713155,22.382
2025-10-02T03:30:00Z,1.500103238042989,22.343
2025-10-02T03:40:00Z,1.4884755061713122,22.35
2025-10-02T03:50:00Z,1.4893755061713136,22.334
2025-10-02T04:00:00Z,1.4873755061713112,22.269
2025-10-02T04:10:00Z,1.4923755061713138,22.258
2025-10-02T04:20:00Z,1.496175506171312,22.217
2025-10-02T04:30:00Z,1.4967755061713106,22.155
2025-10-02T04:40:00Z,1.502075506171316,22.15
2025-10-02T04:50:00Z,1.5016755061713098,22.102
2025-10-02T05:00:00Z,1.5049755061713128,22.055
2025-10-02T05:10:00Z,1.5119755061713107,22.052
2025-10-02T05:20:00Z,1.5165755061713142,22.033
2025-10-02T05:30:00Z,1.510347774299639,21.988
2025-10-02T05:40:00Z,1.5137477742996381,21.971
2025-10-02T05:50:00Z,1.5182477742996383,21.948
2025-10-02T06:00:00Z,1.520747774299636,21.934
2025-10-02T06:10:00Z,1.5119200424279668,21.919
2025-10-02T06:20:00Z,1.5151200424279665,21.878
2025-10-02T06:30:00Z,1.508392310556296,21.923
2025-10-02T06:40:00Z,1.5158923105562963,21.986
2025-10-02T06:50:00Z,1.5192923105562954,22.01
2025-10-02T07:00:00Z,1.5101645786846234,21.995
2025-10-02T07:10:00Z,1.5108645786846253,21.977
2025-10-02T07:20:00Z,1.5108645786846253,21.95
2025-10-02T07:30:00Z,1.516264578684627,22.01
2025-10-02T07:40:00Z,1.5044368468129505,22.001
2025-10-02T07:50:00Z,1.5051368468129525,21.942
2025-10-02T08:00:00Z,1.5089368468129507,22.002
2025-10-02T08:10:00Z,1.497309114941281,22.027
2025-10-02T08:20:00Z,1.4953091149412856,21.929
2025-10-02T08:30:00Z,1.4957091149412847,21.833
2025-10-02T08:40:00Z,1.4975091149412805,21.857
2025-10-02T08:50:00Z,1.5012091149412825,21.913
2025-10-02T09:00:00Z,1.5030091149412854,21.977
2025-10-02T09:10:00Z,1.5090091149412856,22.101
2025-10-02T09:20:00Z,1.5006813830696046,22.145
2025-10-02T09:30:00Z,1.5050813830696015,22.246
2025-10-02T09:40:00Z,1.5213091149412818,22.372
2025-10-02T09:50:00Z,1.5225091149412862,22.451
2025-10-02T10:00:00Z,1.5299091149412831,22.574
2025-10-02T10:10:00Z,1.536209114941279,22.725
2025-10-02T10:20:00Z,1.5427091149412817,22.827
2025-10-02T10:30:00Z,1.5434091149412836,22.905
2025-10-02T10:40:00Z,1.5437091149412794,22.923
2025-10-02T10:50:00Z,1.543209114941284,22.935
2025-10-02T11:00:00Z,1.5572368468129483,23.105
2025-10-02T11:10:00Z,1.5539368468129524,23.249
2025-10-02T11:20:00Z,1.551536846812951,23.024
2025-10-02T11:30:00Z,1.5478368468129489,23.079
2025-10-02T11:40:00Z,1.5466368468129517,23.162
2025-10-02T11:50:00Z,1.5450368468129483,23.247
2025-10-02T12:00:00Z,1.5431368468129492,23.334
2025-10-02T12:10:00Z,1.541936846812952,23.409
2025-10-02T12:20:00Z,1.5359368468129517,23.478
2025-10-02T12:30:00Z,1.5320368468129502,23.519
2025-10-02T12:40:00Z,1.527936846812949,23.589
2025-10-02T12:50:00Z,1.5363645786846263,23.665
2025-10-02T13:00:00Z,1.5271645786846264,23.696
2025-10-02T13:10:00Z,1.5211645786846262,23.76
2025-10-02T13:20:00Z,1.5314923105562954,23.839
2025-10-02T13:30:00Z,1.5330923105562988,23.902
2025-10-02T13:40:00Z,1.5430200424279619,23.894
2025-10-02T13:50:00Z,1.5370200424279616,24.119
2025-10-02T14:00:00Z,NA,24.14
2025-10-02T14:10:00Z,1.5449477742996365,24.241
2025-10-02T14:20:00Z,1.5456477742996384,24.288
2025-10-02T14:30:00Z,1.5483477742996357,24.489
2025-10-02T14:40:00Z,1.5460477742996375,24.628
2025-10-02T14:50:00Z,1.5437477742996393,24.669
2025-10-02T15:00:00Z,1.5528755061713113,24.611
2025-10-02T15:10:00Z,1.5360477742996395,24.53
2025-10-02T15:20:00Z,1.5357477742996366,24.438
2025-10-02T15:30:00Z,1.5301477742996354,24.445
2025-10-02T15:40:00Z,1.5484755061713145,24.57
2025-10-02T15:50:00Z,1.53207550617131,24.156
2025-10-02T16:00:00Z,1.5306755061713133,24.373
2025-10-02T16:10:00Z,1.5280755061713123,24.408
2025-10-02T16:20:00Z,1.5241755061713107,24.441
2025-10-02T16:30:00Z,1.5193755061713148,24.415
2025-10-02T16:40:00Z,1.5141755061713127,24.4
2025-10-02T16:50:00Z,1.523003238042989,24.366
2025-10-02T17:00:00Z,1.5266032380429877,24.299
2025-10-02T17:10:00Z,1.5280032380429844,24.244
2025-10-02T17:20:00Z,1.5413309699146538,24.166
2025-10-02T17:30:00Z,1.5428309699146538,24.141
2025-10-02T17:40:00Z,1.5413309699146538,24.134
2025-10-02T17:50:00Z,1.5380309699146508,24.132
2025-10-02T18:00:00Z,1.5356309699146564,24.127
2025-10-02T18:10:00Z,1.5378309699146513,24.119
2025-10-02T18:20:00Z,1.5255032380429867,24.08
2025-10-02T18:30:00Z,1.5202032380429884,23.891
2025-10-02T18:40:00Z,1.5225032380429866,23.83
2025-10-02T18:50:00Z,1.523403238042988,23.775
2025-10-02T19:00:00Z,1.5222032380429837,23.73
2025-10-02T19:10:00Z,1.516003238042984,23.66
2025-10-02T19:20:00Z,1.512775506171316,23.631
2025-10-02T19:30:00Z,1.5264032380429882,23.505
2025-10-02T19:40:00Z,1.5177755061713114,23.503
2025-10-02T19:50:00Z,1.5123755061713098,23.487
2025-10-02T20:00:00Z,1.506875506171312,23.504
2025-10-02T20:10:00Z,1.5196032380429898,23.6
2025-10-02T20:20:00Z,1.4997755061713107,23.507
2025-10-02T20:30:00Z,1.5025755061713113,23.528
2025-10-02T20:40:00Z,1.5029755061713104,23.296
2025-10-02T20:50:00Z,1.5108755061713097,23.367
2025-10-02T21:00:00Z,1.5192032380429836,23.381
2025-10-02T21:10:00Z,1.5148755061713146,23.396
2025-10-02T21:20:00Z,1.5269032380429834,23.411
2025-10-02T21:30:00Z,1.5166755061713104,23.391
2025-10-02T21:40:00Z,1.5163755061713147,23.423
2025-10-02T21:50:00Z,1.5129755061713155,23.43
2025-10-02T22:00:00Z,1.512075506171314,23.393
2025-10-02T22:10:00Z,1.499647774299639,23.399
2025-10-02T22:20:00Z,1.4947477742996398,23.349
2025-10-02T22:30:00Z,1.491147774299641,23.294
2025-10-02T22:40:00Z,1.4903477742996358,23.254
2025-10-02T22:50:00Z,1.4887477742996396,23.263
2025-10-02T23:00:00Z,1.4861477742996385,23.187
2025-10-02T23:10:00Z,1.4888477742996358,23.214
2025-10-02T23:20:00Z,1.4967477742996351,23.38
2025-10-02T23:30:00Z,1.5016477742996415,23.463
2025-10-02T23:40:00Z,1.5019477742996372,23.494
2025-10-02T23:50:00Z,1.5037755061713156,23.389
2025-10-03T00:00:00Z,1.486875506171316,23.126
2025-10-03T00:10:00Z,1.4912755061713128,23.125
2025-10-03T00:20:00Z,1.496575506171311,23.236
2025-10-03T00:30:00Z,1.500975506171315,23.266
2025-10-03T00:40:00Z,1.4985755061713135,23.246
2025-10-03T00:50:00Z,1.5006755061713122,23.265
2025-10-03T01:00:00Z,1.4953755061713139,23.215
2025-10-03T01:10:00Z,1.498375506171314,23.254
2025-10-03T01:20:00Z,1.4936755061713143,23.152
2025-10-03T01:30:00Z,1.488775506171315,22.971
2025-10-03T01:40:00Z,1.4962755061713153,22.99
2025-10-03T01:50:00Z,1.4956755061713096,23.004
2025-10-03T02:00:00Z,1.5059032380429898,22.943
2025-10-03T02:10:00Z,1.4900755061713156,22.861
2025-10-03T02:20:00Z,1.4904755061713146,22.885
2025-10-03T02:30:00Z,1.4911755061713095,22.897
2025-10-03T02:40:00Z,1.494375506171309,22.915
2025-10-03T02:50:00Z,1.4904755061713146,22.824
2025-10-03T03:00:00Z,1.4879755061713098,22.798
2025-10-03T03:10:00Z,1.4970032380429856,22.794
2025-10-03T03:20:00Z,1.492703238042985,22.771
2025-10-03T03:30:00Z,1.4939032380429893,22.803
2025-10-03T03:40:00Z,1.483575506171313,22.789
2025-10-03T03:50:00Z,1.4799755061713142,22.666
2025-10-03T04:00:00Z,1.4973032380429885,22.69
2025-10-03T04:10:00Z,1.4985032380429857,22.715
2025-10-03T04:20:00Z,1.5014032380429896,22.685
2025-10-03T04:30:00Z,1.5007032380429877,22.643
2025-10-03T04:40:00Z,1.5014032380429896,22.559
2025-10-03T04:50:00Z,1.5061032380429893,22.55
2025-10-03T05:00:00Z,1.512303238042989,22.627
2025-10-03T05:10:00Z,1.514503238042984,22.62
2025-10-03T05:20:00Z,1.5028755061713142,22.585
2025-10-03T05:30:00Z,1.5059755061713105,22.624
2025-10-03T05:40:00Z,1.506575506171309,22.573
2025-10-03T05:50:00Z,1.5095755061713092,22.577
2025-10-03T06:00:00Z,1.5088755061713144,22.548
2025-10-03T06:10:00Z,1.500347774299641,22.52
2025-10-03T06:20:00Z,1.5046477742996416,22.519
2025-10-03T06:30:00Z,1.5017477742996377,22.485
2025-10-03T06:40:00Z,1.5064477742996374,22.48
2025-10-03T06:50:00Z,1.5008200424279678,22.455
2025-10-03T07:00:00Z,1.509020042427963,22.513
2025-10-03T07:10:00Z,1.5049200424279618,22.461
2025-10-03T07:20:00Z,1.5013200424279631,22.377
2025-10-03T07:30:00Z,1.5077200424279624,22.427
2025-10-03T07:40:00Z,1.5129200424279645,22.509
2025-10-03T07:50:00Z,1.4963923105562955,22.401
2025-10-03T08:00:00Z,1.4986923105563008,22.355
2025-10-03T08:10:00Z,1.500292310556297,22.415
2025-10-03T08:20:00Z,1.500292310556297,22.443
2025-10-03T08:30:00Z,1.4941923105563006,22.335
2025-10-03T08:40:00Z,1.4933923105562954,22.324
2025-10-03T08:50:00Z,1.4943923105563002,22.318
2025-10-03T09:00:00Z,1.4943923105563002,22.339
2025-10-03T09:10:00Z,1.4999923105562942,22.422
2025-10-03T09:20:00Z,1.5026923105562986,22.468
2025-10-03T09:30:00Z,1.5123923105563009,22.633
2025-10-03T09:40:00Z,1.5158923105562963,22.714
2025-10-03T09:50:00Z,1.5262923105563004,22.899
2025-10-03T10:00:00Z,1.5348923105562946,23.093
2025-10-03T10:10:00Z,1.5373923105562994,23.056
2025-10-03T10:20:00Z,1.5441923105562978,23.313
2025-10-03T10:30:00Z,1.5566200424279657,23.425
2025-10-03T10:40:00Z,1.5544200424279637,23.464
2025-10-03T10:50:00Z,1.5535200424279623,23.599
2025-10-03T11:00:00Z,1.5444200424279657,23.652
2025-10-03T11:10:00Z,1.5426200424279628,23.656
2025-10-03T11:20:00Z,1.55104777429964,23.777
2025-10-03T11:30:00Z,1.5343477742996399,23.528
2025-10-03T11:40:00Z,1.521147774299635,23.272
2025-10-03T11:50:00Z,1.5295477742996368,23.642
2025-10-03T12:00:00Z,1.5031477742996415,23.872
2025-10-03T12:10:00Z,1.5269755061713113,24.048
2025-10-03T12:20:00Z,1.53057550617131,23.794
2025-10-03T12:30:00Z,1.5283032380429873,23.929
2025-10-03T12:40:00Z,1.518203238042986,23.978
2025-10-03T12:50:00Z,1.5294309699146567,24.27
2025-10-03T13:00:00Z,1.5372309699146527,24.47
2025-10-03T13:10:00Z,1.534558701786331,24.44
2025-10-03T13:20:00Z,1.5062587017863294,23.957
2025-10-03T13:30:00Z,1.4801587017863298,23.442
2025-10-03T13:40:00Z,1.4906864336579915,23.532
2025-10-03T13:50:00Z,1.519386433657992,24.026
2025-10-03T14:00:00Z,1.5457141655296738,24.239
2025-10-03T14:10:00Z,1.5238141655296786,24.069
2025-10-03T14:20:00Z,1.4988418974013413,23.538
2025-10-03T14:30:00Z,1.5303418974013425,24.128
2025-10-03T14:40:00Z,1.525741897401339,24.199
2025-10-03T14:50:00Z,1.5561696292730147,24.298
2025-10-03T15:00:00Z,1.542569629273018,24.365
2025-10-03T15:10:00Z,1.5383696292730136,23.967
2025-10-03T15:20:00Z,1.5279696292730165,24.045
2025-10-03T15:30:00Z,1.5249696292730164,24.013
2025-10-03T15:40:00Z,1.5231696292730135,23.896
2025-10-03T15:50:00Z,1.5345696292730153,24.076
2025-10-03T16:00:00Z,1.5367696292730173,24.156
2025-10-03T16:10:00Z,1.5498696292730187,24.323
2025-10-03T16:20:00Z,1.5635973611446872,24.399
2025-10-03T16:30:00Z,1.5491973611446923,24.331
2025-10-03T16:40:00Z,1.5378973611446938,24.236
2025-10-03T16:50:00Z,1.538397361144689,24.034
2025-10-03T17:00:00Z,1.5370973611446885,24.058
2025-10-03T17:10:00Z,1.52579736114469,23.98
2025-10-03T17:20:00Z,1.51509736114469,23.76
2025-10-03T17:30:00Z,1.5138973611446929,23.723
2025-10-03T17:40:00Z,1.512497361144689,23.709
2025-10-03T17:50:00Z,1.5156973611446887,23.594
2025-10-03T18:00:00Z,1.5141973611446886,23.428
2025-10-03T18:10:00Z,1.5188973611446883,23.257
2025-10-03T18:20:00Z,1.5160973611446877,23.02
2025-10-03T18:30:00Z,1.5201696292730134,22.831
2025-10-03T18:40:00Z,1.5275696292730174,22.802
2025-10-03T18:50:00Z,1.534469629273019,22.939
2025-10-03T19:00:00Z,1.5250418974013442,23.01
2025-10-03T19:10:00Z,1.5263418974013447,22.942
2025-10-03T19:20:00Z,1.5094141655296767,22.761
2025-10-03T19:30:00Z,1.518814165529676,22.68
2025-10-03T19:40:00Z,1.5163141655296783,22.705
2025-10-03T19:50:00Z,1.5146864336579924,22.683
2025-10-03T20:00:00Z,1.5086587017863309,22.654
2025-10-03T20:10:00Z,1.5031309699146504,22.631
2025-10-03T20:20:00Z,1.504030969914652,22.608
2025-10-03T20:30:00Z,1.5094309699146535,22.521
2025-10-03T20:40:00Z,1.5120309699146546,22.453
2025-10-03T20:50:00Z,1.4953309699146544,22.44
2025-10-03T21:00:00Z,1.4914032380429845,22.393
2025-10-03T21:10:00Z,1.4848032380429856,22.362
2025-10-03T21:20:00Z,1.4839032380429842,22.144
2025-10-03T21:30:00Z,1.497503238042988,22.227
2025-10-03T21:40:00Z,1.4973032380429885,22.144
2025-10-03T21:50:00Z,1.5000032380429857,22.207
2025-10-03T22:00:00Z,1.4978032380429838,22.213
2025-10-03T22:10:00Z,1.474603238042988,21.884
2025-10-03T22:20:00Z,1.4659755061713113,21.429
2025-10-03T22:30:00Z,1.464375506171315,21.528
2025-10-03T22:40:00Z,1.4730755061713126,21.678
2025-10-03T22:50:00Z,1.4633755061713103,21.548
2025-10-03T23:00:00Z,1.4744032380429886,21.343
2025-10-03T23:10:00Z,1.5016032380429891,21.805
2025-10-03T23:20:00Z,1.4887032380429872,21.634
2025-10-03T23:30:00Z,1.4994032380429871,21.783
2025-10-03T23:40:00Z,1.5121309699146508,21.819
2025-10-03T23:50:00Z,1.4886309699146523,21.495
2025-10-04T00:00:00Z,1.5133587017863306,21.692
2025-10-04T00:10:00Z,1.516386433657992,21.617
2025-10-04T00:20:00Z,1.5174587017863246,21.826
2025-10-04T00:30:00Z,1.4995309699146517,21.77
2025-10-04T00:40:00Z,1.5053309699146524,21.836
2025-10-04T00:50:00Z,1.4762309699146527,21.278
2025-10-04T01:00:00Z,1.4890309699146513,21.446
2025-10-04T01:10:00Z,1.5013309699146546,21.733
2025-10-04T01:20:00Z,1.498530969914654,21.732
2025-10-04T01:30:00Z,1.5095587017863252,21.788
2025-10-04T01:40:00Z,1.4970587017863295,21.625
2025-10-04T01:50:00Z,1.4732587017863281,21.282
2025-10-04T02:00:00Z,1.4532309699146566,21.139
2025-10-04T02:10:00Z,1.445230969914654,21.026
2025-10-04T02:20:00Z,1.4484309699146536,21.112
2025-10-04T02:30:00Z,1.4660587017863307,21.251
2025-10-04T02:40:00Z,1.4670864336579967,21.079
2025-10-04T02:50:00Z,1.4583864336579921,20.979
2025-10-04T03:00:00Z,1.4448864336579916,20.829
2025-10-04T03:10:00Z,1.4650141655296736,20.948
2025-10-04T03:20:00Z,1.4778141655296722,21.054
2025-10-04T03:30:00Z,1.4758141655296768,21.055
2025-10-04T03:40:00Z,1.4593141655296762,20.849
2025-10-04T03:50:00Z,1.4804418974013416,21.017
2025-10-04T04:00:00Z,1.480541897401345,21
2025-10-04T04:10:00Z,1.4829418974013393,21.034
2025-10-04T04:20:00Z,1.4936696292730147,21.044
2025-10-04T04:30:00Z,1.4845696292730182,20.896
2025-10-04T04:40:00Z,1.4803696292730137,20.488
2025-10-04T04:50:00Z,1.4891696292730146,20.497
2025-10-04T05:00:00Z,1.4927696292730133,20.402
2025-10-04T05:10:00Z,1.4936696292730147,20.308
2025-10-04T05:20:00Z,1.5088973611446903,20.328
2025-10-04T05:30:00Z,1.4995696292730187,20.313
2025-10-04T05:40:00Z,1.501169629273015,20.274
2025-10-04T05:50:00Z,1.5043696292730147,20.284
2025-10-04T06:00:00Z,1.4978418974013437,20.309
2025-10-04T06:10:00Z,1.4973418974013413,20.325
2025-10-04T06:20:00Z,1.4999418974013423,20.334
2025-10-04T06:30:00Z,1.5001418974013419,20.355
2025-10-04T06:40:00Z,1.5047418974013453,20.365
2025-10-04T06:50:00Z,1.509041897401346,20.368
2025-10-04T07:00:00Z,1.5009141655296787,20.379
2025-10-04T07:10:00Z,1.500314165529673,20.365
2025-10-04T07:20:00Z,1.4976141655296757,20.23
2025-10-04T07:30:00Z,1.5019141655296764,20.215
2025-10-04T07:40:00Z,1.5027141655296745,20.184
2025-10-04T07:50:00Z,1.4954864336579945,20.185
2025-10-04T08:00:00Z,1.4944864336579968,20.146
2025-10-04T08:10:00Z,1.4994864336579923,20.218
2025-10-04T08:20:00Z,1.501586433657991,20.192
2025-10-04T08:30:00Z,1.5022864336579929,20.198
2025-10-04T08:40:00Z,1.504186433657992,20.193
2025-10-04T08:50:00Z,1.5076864336579945,20.193
2025-10-04T09:00:00Z,1.497958701786331,20.187
2025-10-04T09:10:00Z,1.5026587017863307,20.231
2025-10-04T09:20:00Z,1.499458701786331,20.135
2025-10-04T09:30:00Z,1.5069587017863242,20.268
2025-10-04T09:40:00Z,1.5016587017863259,20.204
2025-10-04T09:50:00Z,1.514258701786325,20.419
2025-10-04T10:00:00Z,1.5137309699146542,20.617
2025-10-04T10:10:00Z,1.5215309699146502,20.753
2025-10-04T10:20:00Z,1.5379309699146546,21.117
2025-10-04T10:30:00Z,1.537330969914656,21.406
2025-10-04T10:40:00Z,1.5457587017863261,21.531
2025-10-04T10:50:00Z,1.5477587017863286,21.586
2025-10-04T11:00:00Z,1.5446587017863251,21.71
2025-10-04T11:10:00Z,1.544558701786329,21.816
2025-10-04T11:20:00Z,1.5424587017863303,21.909
2025-10-04T11:30:00Z,1.550786433657997,22
2025-10-04T11:40:00Z,1.5320864336579945,22.094
2025-10-04T11:50:00Z,1.5321864336579978,22.129
2025-10-04T12:00:00Z,1.5293864336579972,22.156
2025-10-04T12:10:00Z,1.5279864336579934,22.236
2025-10-04T12:20:00Z,1.5208864336579921,22.289
2025-10-04T12:30:00Z,1.5171864336579972,22.339
2025-10-04T12:40:00Z,1.5248141655296763,22.418
2025-10-04T12:50:00Z,1.520614165529679,22.446
2025-10-04T13:00:00Z,1.5131141655296787,22.514
2025-10-04T13:10:00Z,1.5221418974013403,22.612
2025-10-04T13:20:00Z,1.529269629273017,22.736
2025-10-04T13:30:00Z,1.5156696292730132,22.961
2025-10-04T13:40:00Z,1.530597361144693,23.09
2025-10-04T13:50:00Z,1.5269973611446872,23.142
2025-10-04T14:00:00Z,1.5361250930163592,23.223
2025-10-04T14:10:00Z,1.5311250930163567,23.293
2025-10-04T14:20:00Z,1.5255250930163555,23.327
2025-10-04T14:30:00Z,1.5313528248880317,23.353
2025-10-04T14:40:00Z,1.5257528248880305,23.295
2025-10-04T14:50:00Z,1.5228528248880338,23.313
2025-10-04T15:00:00Z,1.5315805567596996,23.369
2025-10-04T15:10:00Z,1.525780556759699,23.328
2025-10-04T15:20:00Z,1.5326082886313728,23.334
2025-10-04T15:30:00Z,1.527908288631373,23.28
2025-10-04T15:40:00Z,1.5255082886313716,23.301
2025-10-04T15:50:00Z,1.5327360205030445,23.292
2025-10-04T16:00:00Z,1.5265360205030447,23.118
2025-10-04T16:10:00Z,1.5337637523747105,23.049
2025-10-04T16:20:00Z,1.5306637523747142,22.926
2025-10-04T16:30:00Z,1.5286637523747117,22.964
2025-10-04T16:40:00Z,1.5279637523747098,22.975
2025-10-04T16:50:00Z,1.5403914842463848,22.972
2025-10-04T17:00:00Z,1.5377914842463838,22.902
2025-10-04T17:10:00Z,1.534891484246387,22.832
2025-10-04T17:20:00Z,1.5283914842463844,22.763
2025-10-04T17:30:00Z,1.524191484246387,22.717
2025-10-04T17:40:00Z,1.5323192161180543,22.678
2025-10-04T17:50:00Z,1.5180914842463906,22.654
2025-10-04T18:00:00Z,1.5173914842463887,22.65
2025-10-04T18:10:00Z,1.5250192161180536,22.531
2025-10-04T18:20:00Z,1.521119216118052,22.3
2025-10-04T18:30:00Z,1.5155192161180508,22.238
2025-10-04T18:40:00Z,1.523546947989729,22.137
2025-10-04T18:50:00Z,1.52614694798973,22.174
2025-10-04T19:00:00Z,1.5249469479897257,22.14
2025-10-04T19:10:00Z,1.5232469479897262,22.119
2025-10-04T19:20:00Z,1.5182469479897307,22.049
2025-10-04T19:30:00Z,1.5099469479897252,21.94
2025-10-04T19:40:00Z,1.5049469479897297,21.87
2025-10-04T19:50:00Z,1.4992469479897252,21.795
2025-10-04T20:00:00Z,1.4957469479897298,21.738
2025-10-04T20:10:00Z,1.4942469479897298,21.683
2025-10-04T20:20:00Z,1.5015469479897305,21.825
2025-10-04T20:30:00Z,1.5042469479897278,21.844
2025-10-04T20:40:00Z,1.4905192161180523,21.812
2025-10-04T20:50:00Z,1.497419216118054,21.956
2025-10-04T21:00:00Z,1.522846947989727,22.131
2025-10-04T21:10:00Z,1.5203469479897294,22.108
2025-10-04T21:20:00Z,1.517246947989726,22.113
2025-10-04T21:30:00Z,1.5138469479897267,22.062
2025-10-04T21:40:00Z,1.520546947989729,22.162
2025-10-04T21:50:00Z,1.5091192161180516,22.17
2025-10-04T22:00:00Z,1.5025192161180527,22.113
2025-10-04T22:10:00Z,1.5131469479897248,22.131
2025-10-04T22:20:00Z,1.5160469479897287,22.197
2025-10-04T22:30:00Z,1.5177469479897283,22.24
2025-10-04T22:40:00Z,1.5083192161180534,22.294
2025-10-04T22:50:00Z,1.5193469479897317,22.285
2025-10-04T23:00:00Z,1.5144469479897253,22.201
2025-10-04T23:10:00Z,1.5149469479897277,22.205
2025-10-04T23:20:00Z,1.5119469479897276,22.207
2025-10-04T23:30:00Z,1.5253746798614003,22.247
2025-10-04T23:40:00Z,1.5178469479897316,22.294
2025-10-04T23:50:00Z,1.5156469479897297,22.281
2025-10-05T00:00:00Z,1.5132469479897281,22.225
2025-10-05T00:10:00Z,1.5100469479897285,22.168
2025-10-05T00:20:00Z,1.5063469479897265,22.114
2025-10-05T00:30:00Z,1.5056469479897316,22.091
2025-10-05T00:40:00Z,1.5053469479897288,22.069
2025-10-05T00:50:00Z,1.5118746798613998,22.004
2025-10-05T01:00:00Z,1.4964469479897247,21.947
2025-10-05T01:10:00Z,1.4900469479897254,21.88
2025-10-05T01:20:00Z,1.4822469479897293,21.728
2025-10-05T01:30:00Z,1.4787469479897268,21.612
2025-10-05T01:40:00Z,1.4716469479897256,21.248
2025-10-05T01:50:00Z,1.4765469479897249,21.263
2025-10-05T02:00:00Z,1.4745469479897295,21.107
2025-10-05T02:10:00Z,1.4753469479897277,20.969
2025-10-05T02:20:00Z,1.4772469479897268,20.865
2025-10-05T02:30:00Z,1.493074679861401,20.931
2025-10-05T02:40:00Z,1.4937746798614029,20.942
2025-10-05T02:50:00Z,1.4966746798613997,20.951
2025-10-05T03:00:00Z,1.495274679861403,20.948
2025-10-05T03:10:00Z,1.5007746798614008,21.061
2025-10-05T03:20:00Z,1.4995746798614036,21.061
2025-10-05T03:30:00Z,1.493874679861399,20.975
2025-10-05T03:40:00Z,1.4931746798614043,21.001
2025-10-05T03:50:00Z,1.5026746798614,21.142
2025-10-05T04:00:00Z,1.5014746798614027,21.117
2025-10-05T04:10:00Z,1.4909746798614023,20.927
2025-10-05T04:20:00Z,1.492674679861402,20.92
2025-10-05T04:30:00Z,1.4991746798614045,21.002
2025-10-05T04:40:00Z,1.5071746798614,21.123
2025-10-05T04:50:00Z,1.504574679861399,21.064
2025-10-05T05:00:00Z,1.5159746798614009,21.227
2025-10-05T05:10:00Z,1.5228746798614026,21.324
2025-10-05T05:20:00Z,1.515274679861399,21.203
2025-10-05T05:30:00Z,1.5065746798614015,21.025
2025-10-05T05:40:00Z,1.5109746798614054,21.06
2025-10-05T05:50:00Z,1.5127746798614012,21.064
2025-10-05T06:00:00Z,1.5108469479897266,21.198
2025-10-05T06:10:00Z,1.5164469479897278,21.282
2025-10-05T06:20:00Z,1.5203469479897294,21.322
2025-10-05T06:30:00Z,1.5185469479897264,21.269
2025-10-05T06:40:00Z,1.520246947989726,21.27
2025-10-05T06:50:00Z,1.52314694798973,21.304
2025-10-05T07:00:00Z,1.5290469479897268,21.347
2025-10-05T07:10:00Z,1.5192192161180529,21.321
2025-10-05T07:20:00Z,1.5194192161180524,21.209
2025-10-05T07:30:00Z,1.5206192161180567,21.173
2025-10-05T07:40:00Z,1.526319216118054,21.217
2025-10-05T07:50:00Z,1.5157914842463853,21.167
2025-10-05T08:00:00Z,1.5144914842463848,20.969
2025-10-05T08:10:00Z,1.5051637523747132,20.869
2025-10-05T08:20:00Z,1.5070637523747124,20.82
2025-10-05T08:30:00Z,1.5130637523747126,20.896
2025-10-05T08:40:00Z,1.516163752374716,20.979
2025-10-05T08:50:00Z,1.510336020503047,21.054
2025-10-05T09:00:00Z,1.501836020503049,20.947
2025-10-05T09:10:00Z,1.5088360205030469,21.069
2025-10-05T09:20:00Z,1.5128360205030447,21.132
2025-10-05T09:30:00Z,1.5063360205030492,21.045
2025-10-05T09:40:00Z,1.510736020503046,21.125
2025-10-05T09:50:00Z,1.528136020503048,21.382
2025-10-05T10:00:00Z,1.5396360205030462,21.572
2025-10-05T10:10:00Z,1.5476360205030488,21.716
2025-10-05T10:20:00Z,1.5519360205030495,21.992
2025-10-05T10:30:00Z,1.5535360205030457,22.178
2025-10-05T10:40:00Z,1.5516360205030466,22.351
2025-10-05T10:50:00Z,1.548836020503046,22.494
2025-10-05T11:00:00Z,1.5479360205030446,22.612
2025-10-05T11:10:00Z,1.546236020503045,22.672
2025-10-05T11:20:00Z,1.5500637523747116,22.727
2025-10-05T11:30:00Z,1.5481637523747125,22.8
2025-10-05T11:40:00Z,1.5463637523747167,22.863
2025-10-05T11:50:00Z,1.5441637523747147,22.938
2025-10-05T12:00:00Z,1.5407637523747155,22.967
2025-10-05T12:10:00Z,1.5465914842463846,22.998
2025-10-05T12:20:00Z,1.5417914842463887,23.023
2025-10-05T12:30:00Z,1.523791484246388,23.115
2025-10-05T12:40:00Z,1.5256914842463871,23.215
2025-10-05T12:50:00Z,1.5345192161180563,23.337
2025-10-05T13:00:00Z,1.534819216118052,23.393
2025-10-05T13:10:00Z,1.5444469479897265,23.485
2025-10-05T13:20:00Z,1.5404469479897287,23.426
2025-10-05T13:30:00Z,1.5362469479897314,23.351
2025-10-05T13:40:00Z,1.5512746798614003,23.716
2025-10-05T13:50:00Z,1.5472746798614025,23.661
2025-10-05T14:00:00Z,1.545574679861403,23.674
2025-10-05T14:10:00Z,1.556902411733077,23.622
2025-10-05T14:20:00Z,1.5487024117330748,23.42
2025-10-05T14:30:00Z,1.5438024117330755,23.217
2025-10-05T14:40:00Z,1.5415024117330773,23.233
2025-10-05T14:50:00Z,1.546202411733077,23.436
2025-10-05T15:00:00Z,1.5554301436047453,23.317
2025-10-05T15:10:00Z,1.5518301436047466,23.288
2025-10-05T15:20:00Z,1.5508301436047418,23.336
2025-10-05T15:30:00Z,1.5543301436047443,23.384
2025-10-05T15:40:00Z,1.5488301436047465,23.376
2025-10-05T15:50:00Z,1.546130143604742,23.36
2025-10-05T16:00:00Z,1.5480301436047412,23.398
2025-10-05T16:10:00Z,1.5493301436047417,23.434
2025-10-05T16:20:00Z,1.5485301436047436,23.457
2025-10-05T16:30:00Z,1.547230143604743,23.45
2025-10-05T16:40:00Z,1.5561578754764227,23.45
2025-10-05T16:50:00Z,1.554057875476424,23.428
2025-10-05T17:00:00Z,1.5534578754764254,23.406
2025-10-05T17:10:00Z,1.5509578754764277,23.323
2025-10-05T17:20:00Z,1.5465578754764238,23.193
2025-10-05T17:30:00Z,1.5480578754764238,23.114
2025-10-05T17:40:00Z,1.5478578754764243,23.12
2025-10-05T17:50:00Z,1.549957875476423,23.118
2025-10-05T18:00:00Z,1.5487578754764257,23.111
2025-10-05T18:10:00Z,1.5478578754764243,23.065
2025-10-05T18:20:00Z,1.5469578754764228,23.055
2025-10-05T18:30:00Z,1.5472578754764257,22.993
2025-10-05T18:40:00Z,1.5494578754764277,22.982
2025-10-05T18:50:00Z,1.5443578754764218,22.882
2025-10-05T19:00:00Z,1.5449578754764275,22.835
2025-10-05T19:10:00Z,1.5460578754764214,22.797
2025-10-05T19:20:00Z,1.5438578754764265,22.738
2025-10-05T19:30:00Z,1.5433578754764241,22.652
2025-10-05T19:40:00Z,1.5412578754764255,22.565
2025-10-05T19:50:00Z,1.5431578754764246,22.534
2025-10-05T20:00:00Z,1.5426578754764222,22.521
2025-10-05T20:10:00Z,1.5319301436047397,22.498
2025-10-05T20:20:00Z,1.533530143604743,22.495
2025-10-05T20:30:00Z,1.5332301436047402,22.478
2025-10-05T20:40:00Z,1.52873014360474,22.403
2025-10-05T20:50:00Z,1.5248301436047456,22.322
2025-10-05T21:00:00Z,1.5116024117330795,22.263
2025-10-05T21:10:00Z,1.5109024117330776,22.243
2025-10-05T21:20:00Z,1.5123024117330743,22.23
2025-10-05T21:30:00Z,1.5147024117330758,22.222
2025-10-05T21:40:00Z,1.5128024117330767,22.106
2025-10-05T21:50:00Z,1.5042746798614033,22.023
2025-10-05T22:00:00Z,1.5073746798613996,21.969
2025-10-05T22:10:00Z,1.508574679861404,21.877
2025-10-05T22:20:00Z,1.5107746798613988,21.782
2025-10-05T22:30:00Z,1.5032469479897301,21.774
2025-10-05T22:40:00Z,1.5084469479897251,21.778
2025-10-05T22:50:00Z,1.5089469479897275,21.696
2025-10-05T23:00:00Z,1.5085469479897284,21.604
2025-10-05T23:10:00Z,1.5226469479897276,21.793
2025-10-05T23:20:00Z,1.528746947989731,21.903
2025-10-05T23:30:00Z,1.5140192161180508,21.863
2025-10-05T23:40:00Z,1.5069192161180567,21.777
2025-10-05T23:50:00Z,1.5066192161180538,21.783
2025-10-06T00:00:00Z,1.510419216118052,21.866
2025-10-06T00:10:00Z,1.5083192161180534,21.834
2025-10-06T00:20:00Z,1.4965192161180525,21.614
2025-10-06T00:30:00Z,1.495919216118054,21.559
2025-10-06T00:40:00Z,1.487119216118053,21.21
2025-10-06T00:50:00Z,1.4954192161180515,21.264
2025-10-06T01:00:00Z,1.5130192161180531,21.589
2025-10-06T01:10:00Z,1.5206192161180567,21.697
2025-10-06T01:20:00Z,1.5205192161180534,21.698
2025-10-06T01:30:00Z,1.5186192161180543,21.69
2025-10-06T01:40:00Z,1.5180192161180557,21.722
2025-10-06T01:50:00Z,1.5138192161180513,21.692
2025-10-06T02:00:00Z,1.5109192161180545,21.683
2025-10-06T02:10:00Z,1.5071192161180562,21.649
2025-10-06T02:20:00Z,1.508519216118053,21.682
2025-10-06T02:30:00Z,1.5045192161180552,21.66
2025-10-06T02:40:00Z,1.5067192161180571,21.722
2025-10-06T02:50:00Z,1.509846947989729,21.63
2025-10-06T03:00:00Z,1.5068469479897288,21.618
2025-10-06T03:10:00Z,1.5056469479897316,21.637
2025-10-06T03:20:00Z,1.505046947989726,21.642
2025-10-06T03:30:00Z,1.5062469479897302,21.673
2025-10-06T03:40:00Z,1.5143746798614046,21.641
2025-10-06T03:50:00Z,1.5147746798614037,21.631
2025-10-06T04:00:00Z,1.5101746798614002,21.542
2025-10-06T04:10:00Z,1.5157746798614014,21.608
2025-10-06T04:20:00Z,1.5180746798613995,21.622
2025-10-06T04:30:00Z,1.5187746798614015,21.604
2025-10-06T04:40:00Z,1.5209746798614034,21.617
2025-10-06T04:50:00Z,1.5249746798614012,21.618
2025-10-06T05:00:00Z,1.5153469479897268,21.599
2025-10-06T05:10:00Z,1.520246947989726,21.6
2025-10-06T05:20:00Z,1.5247469479897262,21.619
2025-10-06T05:30:00Z,1.5266469479897253,21.552
2025-10-06T05:40:00Z,1.5183192161180514,21.588
2025-10-06T05:50:00Z,1.520719216118053,21.562
2025-10-06T06:00:00Z,1.5205192161180534,21.501
2025-10-06T06:10:00Z,1.5117914842463875,21.492
2025-10-06T06:20:00Z,1.5144914842463848,21.499
2025-10-06T06:30:00Z,1.519391484246384,21.542
2025-10-06T06:40:00Z,1.527891484246389,21.653
2025-10-06T06:50:00Z,1.510663752374711,21.513
2025-10-06T07:00:00Z,1.5126637523747135,21.467
2025-10-06T07:10:00Z,1.520963752374712,21.554
2025-10-06T07:20:00Z,1.5200637523747105,21.439
2025-10-06T07:30:00Z,1.5238637523747158,21.464
2025-10-06T07:40:00Z,1.5147360205030438,21.465
2025-10-06T07:50:00Z,1.5187360205030487,21.476
2025-10-06T08:00:00Z,1.519636020503043,21.48
2025-10-06T08:10:00Z,1.5239360205030437,21.499
2025-10-06T08:20:00Z,1.5170082886313736,21.58
2025-10-06T08:30:00Z,1.5237082886313758,21.687
2025-10-06T08:40:00Z,1.52460828863137,21.676
2025-10-06T08:50:00Z,1.5277082886313735,21.72
2025-10-06T09:00:00Z,1.5306082886313703,21.738
2025-10-06T09:10:00Z,1.5221805567597002,21.788
2025-10-06T09:20:00Z,1.5252805567596965,21.831
2025-10-06T09:30:00Z,1.5268805567597,21.863
2025-10-06T09:40:00Z,1.5273805567596952,21.876
2025-10-06T09:50:00Z,1.527680556759698,21.89
2025-10-06T10:00:00Z,1.5271805567596957,21.913
2025-10-06T10:10:00Z,1.5304805567596986,21.943
2025-10-06T10:20:00Z,1.5322805567597015,21.978
2025-10-06T10:30:00Z,1.5363805567596955,22.058
2025-10-06T10:40:00Z,1.5384805567597013,22.104
2025-10-06T10:50:00Z,1.542480556759699,22.188
2025-10-06T11:00:00Z,1.5438805567596958,22.227
2025-10-06T11:10:00Z,1.546880556759696,22.312
2025-10-06T11:20:00Z,1.5484805567596993,22.391
2025-10-06T11:30:00Z,1.5482805567596998,22.447
2025-10-06T11:40:00Z,1.5486805567596988,22.532
2025-10-06T11:50:00Z,1.5478805567597007,22.53
2025-10-06T12:00:00Z,1.558608288631369,22.622
2025-10-06T12:10:00Z,1.5583082886313733,22.695
2025-10-06T12:20:00Z,1.55670828863137,22.746
2025-10-06T12:30:00Z,1.5585082886313728,22.804
2025-10-06T12:40:00Z,1.5575082886313751,22.852
2025-10-06T12:50:00Z,1.549708288631372,22.872
2025-10-06T13:00:00Z,1.5496082886313758,22.932
2025-10-06T13:10:00Z,1.559236020503043,23.16
2025-10-06T13:20:00Z,1.5501360205030466,23.016
2025-10-06T13:30:00Z,1.5537360205030453,23.112
2025-10-06T13:40:00Z,1.5478360205030484,23.213
2025-10-06T13:50:00Z,1.548136020503044,23.141
2025-10-06T14:00:00Z,1.5593637523747148,23.227
2025-10-06T14:10:00Z,1.5514637523747155,23.139
2025-10-06T14:20:00Z,1.5518637523747145,23.237
2025-10-06T14:30:00Z,1.5545637523747118,23.27
2025-10-06T14:40:00Z,1.5586914842463884,23.231
2025-10-06T14:50:00Z,1.5610914842463899,23.25
2025-10-06T15:00:00Z,1.5557914842463845,23.308
2025-10-06T15:10:00Z,1.5525914842463848,23.334
2025-10-06T15:20:00Z,1.5535914842463896,23.393
2025-10-06T15:30:00Z,1.5510914842463848,23.394
2025-10-06T15:40:00Z,1.5493914842463852,23.429
2025-10-06T15:50:00Z,1.548591484246387,23.425
2025-10-06T16:00:00Z,1.563619216118056,23.451
2025-10-06T16:10:00Z,1.5631192161180536,23.463
2025-10-06T16:20:00Z,1.563219216118057,23.485
2025-10-06T16:30:00Z,1.5627192161180545,23.406
2025-10-06T16:40:00Z,1.5608192161180554,23.317
2025-10-06T16:50:00Z,1.5656192161180513,23.238
2025-10-06T17:00:00Z,1.559619216118051,23.173
2025-10-06T17:10:00Z,1.5671192161180514,23.146
2025-10-06T17:20:00Z,1.5624192161180517,23.143
2025-10-06T17:30:00Z,1.5552192161180542,23.142
2025-10-06T17:40:00Z,1.5589192161180563,23.086
2025-10-06T17:50:00Z,1.5565192161180548,23.028
2025-10-06T18:00:00Z,1.5589192161180563,23.022
2025-10-06T18:10:00Z,1.5464914842463884,23.067
2025-10-06T18:20:00Z,1.550091484246387,23.07
2025-10-06T18:30:00Z,1.5509914842463886,23.037
2025-10-06T18:40:00Z,1.5487914842463866,22.997
2025-10-06T18:50:00Z,1.5484914842463908,22.852
2025-10-06T19:00:00Z,1.5542914842463844,22.906
2025-10-06T19:10:00Z,1.5579914842463864,22.988
2025-10-06T19:20:00Z,1.5468914842463874,22.557
2025-10-06T19:30:00Z,1.5393914842463872,22.304
2025-10-06T19:40:00Z,1.5384914842463857,22.218
2025-10-06T19:50:00Z,1.538991484246388,22.232
2025-10-06T20:00:00Z,1.5236637523747163,22.129
2025-10-06T20:10:00Z,1.527263752374715,22.18
2025-10-06T20:20:00Z,1.5340637523747134,22.285
2025-10-06T20:30:00Z,1.5319637523747147,22.257
2025-10-06T20:40:00Z,1.5193360205030473,22.215
2025-10-06T20:50:00Z,1.5183360205030496,22.197
2025-10-06T21:00:00Z,1.5088082886313714,22.198
2025-10-06T21:10:00Z,1.5041082886313717,22.133
2025-10-06T21:20:00Z,1.5029082886313745,22.099
2025-10-06T21:30:00Z,1.504208288631375,22.105
2025-10-06T21:40:00Z,1.4951805567596992,22.045
2025-10-06T21:50:00Z,1.4996805567596994,22.074
2025-10-06T22:00:00Z,1.498080556759696,21.973
2025-10-06T22:10:00Z,1.503280556759698,21.989
2025-10-06T22:20:00Z,1.5054805567597,21.983
2025-10-06T22:30:00Z,1.5063805567597015,21.966
2025-10-06T22:40:00Z,1.5099805567597002,22.001
2025-10-06T22:50:00Z,1.510680556759695,21.961
2025-10-06T23:00:00Z,1.5118805567596993,21.986
2025-10-06T23:10:00Z,1.5021528248880287,21.969
2025-10-06T23:20:00Z,1.5152528248880301,22.185
2025-10-06T23:30:00Z,1.5351805567596983,22.307
2025-10-06T23:40:00Z,1.52145282488803,22.247
2025-10-06T23:50:00Z,1.5201528248880294,22.233
2025-10-07T00:00:00Z,1.5164528248880345,22.185
2025-10-07T00:10:00Z,1.5184528248880298,22.242
2025-10-07T00:20:00Z,1.5132528248880348,22.165
2025-10-07T00:30:00Z,1.5147528248880349,22.217
2025-10-07T00:40:00Z,1.5109528248880295,22.161
2025-10-07T00:50:00Z,1.5108528248880333,22.147
2025-10-07T01:00:00Z,1.5062528248880298,22.088
2025-10-07T01:10:00Z,1.5112528248880324,22.217
2025-10-07T01:20:00Z,1.5041528248880311,22.099
2025-10-07T01:30:00Z,1.4967528248880342,22.013
2025-10-07T01:40:00Z,1.5016528248880334,22.103
2025-10-07T01:50:00Z,1.502952824888034,22.156
2025-10-07T02:00:00Z,1.5105528248880304,22.303
2025-10-07T02:10:00Z,1.5105528248880304,22.324
2025-10-07T02:20:00Z,1.4949528248880313,22.106
2025-10-07T02:30:00Z,1.5014805567596952,22.064
2025-10-07T02:40:00Z,1.4963805567596964,21.946
2025-10-07T02:50:00Z,1.4977805567597002,22.007
2025-10-07T03:00:00Z,1.4971805567597016,22.003
2025-10-07T03:10:00Z,1.491080556759698,21.83
2025-10-07T03:20:00Z,1.499180556759697,21.951
2025-10-07T03:30:00Z,1.5044805567596953,22.05
2025-10-07T03:40:00Z,1.4955805567596983,21.863
2025-10-07T03:50:00Z,1.4996805567596994,21.938
2025-10-07T04:00:00Z,1.5133082886313716,21.94
2025-10-07T04:10:00Z,1.514908288631375,21.982
2025-10-07T04:20:00Z,1.501080556759696,21.937
2025-10-07T04:30:00Z,1.5074082886313747,21.797
2025-10-07T04:40:00Z,1.512008288631371,21.849
2025-10-07T04:50:00Z,1.5003805567597013,21.779
2025-10-07T05:00:00Z,1.503280556759698,21.803
2025-10-07T05:10:00Z,1.5045805567596986,21.789
2025-10-07T05:20:00Z,1.5054805567597,21.749
2025-10-07T05:30:00Z,1.5040805567596962,21.683
2025-10-07T05:40:00Z,1.5101805567596998,21.818
2025-10-07T05:50:00Z,1.5177805567596963,21.934
2025-10-07T06:00:00Z,1.5136805567596952,21.647
2025-10-07T06:10:00Z,1.5082805567597006,21.656
2025-10-07T06:20:00Z,1.5137805567596985,21.718
2025-10-07T06:30:00Z,1.5043528248880307,21.704
2025-10-07T06:40:00Z,1.5197805567596987,21.703
2025-10-07T06:50:00Z,1.5219805567597007,21.662
2025-10-07T07:00:00Z,1.527280556759699,21.695
2025-10-07T07:10:00Z,1.5351805567596983,21.772
2025-10-07T07:20:00Z,1.5404805567596966,21.815
2025-10-07T07:30:00Z,1.5316528248880346,21.81
2025-10-07T07:40:00Z,1.528152824888032,21.611
2025-10-07T07:50:00Z,1.514225093016357,21.389
2025-10-07T08:00:00Z,1.5214250930163544,21.438
2025-10-07T08:10:00Z,1.527125093016359,21.481
2025-10-07T08:20:00Z,1.526497361144692,21.631
2025-10-07T08:30:00Z,1.530597361144693,21.671
2025-10-07T08:40:00Z,1.523369629273013,21.715
2025-10-07T08:50:00Z,1.5261696292730136,21.751
2025-10-07T09:00:00Z,1.5290696292730175,21.774
2025-10-07T09:10:00Z,1.5205696292730195,21.573
2025-10-07T09:20:00Z,1.5119418974013428,21.618
2025-10-07T09:30:00Z,1.5171418974013449,21.714
2025-10-07T09:40:00Z,1.5113418974013442,21.591
2025-10-07T09:50:00Z,1.5124418974013452,21.575
2025-10-07T10:00:00Z,1.512741897401341,21.574
2025-10-07T10:10:00Z,1.5052141655296722,21.666
2025-10-07T10:20:00Z,1.5108141655296734,21.734
2025-10-07T10:30:00Z,1.5279141655296726,22.006
2025-10-07T10:40:00Z,1.5348141655296743,22.114
2025-10-07T10:50:00Z,1.538414165529673,22.2
2025-10-07T11:00:00Z,1.543514165529679,22.313
2025-10-07T11:10:00Z,1.5415141655296765,22.356
2025-10-07T11:20:00Z,1.5340141655296762,22.255
2025-10-07T11:30:00Z,1.5367418974013418,22.144
2025-10-07T11:40:00Z,1.5374418974013437,22.165
2025-10-07T11:50:00Z,1.5392418974013395,22.226
2025-10-07T12:00:00Z,1.5439418974013392,22.335
2025-10-07T12:10:00Z,1.5480418974013403,22.554
2025-10-07T12:20:00Z,1.549569629273016,22.454
2025-10-07T12:30:00Z,1.5498696292730187,22.497
2025-10-07T12:40:00Z,1.5502696292730178,22.509
2025-10-07T12:50:00Z,1.549969629273015,22.625
2025-10-07T13:00:00Z,1.549969629273015,22.706
2025-10-07T13:10:00Z,1.5577973611446936,22.744
2025-10-07T13:20:00Z,1.5583973611446922,22.793
2025-10-07T13:30:00Z,1.5580973611446893,22.859
2025-10-07T13:40:00Z,1.559097361144687,22.954
2025-10-07T13:50:00Z,1.5596973611446927,23.05
2025-10-07T14:00:00Z,1.5700250930163548,23.115
2025-10-07T14:10:00Z,1.5689250930163539,23.21
2025-10-07T14:20:00Z,1.5642250930163542,23.256
2025-10-07T14:30:00Z,1.5640250930163546,23.255
2025-10-07T14:40:00Z,1.560825093016355,23.232
2025-10-07T14:50:00Z,1.5566250930163577,23.273
2025-10-07T15:00:00Z,1.5431250930163571,23.269
2025-10-07T15:10:00Z,1.5534528248880335,23.358
2025-10-07T15:20:00Z,1.5531528248880306,23.303
2025-10-07T15:30:00Z,1.554352824888035,23.377
2025-10-07T15:40:00Z,1.5469528248880309,23.269
2025-10-07T15:50:00Z,1.5375528248880315,23.167
2025-10-07T16:00:00Z,1.540652824888035,23.167
2025-10-07T16:10:00Z,1.5415528248880292,23.112
2025-10-07T16:20:00Z,1.5342528248880285,23.03
2025-10-07T16:30:00Z,1.5418805567597005,22.942
2025-10-07T16:40:00Z,1.5308805567596977,22.856
2025-10-07T16:50:00Z,1.5312805567596968,22.808
2025-10-07T17:00:00Z,1.5332805567596992,22.814
2025-10-07T17:10:00Z,1.5359805567596965,22.916
2025-10-07T17:20:00Z,1.525780556759699,22.757
2025-10-07T17:30:00Z,1.5196805567596954,22.692
2025-10-07T17:40:00Z,1.5181805567596953,22.706
2025-10-07T17:50:00Z,1.515780556759701,22.707
2025-10-07T18:00:00Z,1.5108805567597017,22.659
2025-10-07T18:10:00Z,1.5081805567596973,22.631
2025-10-07T18:20:00Z,1.5053805567596967,22.621
2025-10-07T18:30:00Z,1.5103805567596993,22.631
2025-10-07T18:40:00Z,1.5120805567596989,22.646
2025-10-07T18:50:00Z,1.5240082886313715,22.665
2025-10-07T19:00:00Z,1.5252082886313758,22.662
2025-10-07T19:10:00Z,1.5261082886313702,22.656
2025-10-07T19:20:00Z,1.527908288631373,22.622
2025-10-07T19:30:00Z,1.5184805567596982,22.567
2025-10-07T19:40:00Z,1.5204805567597006,22.52
2025-10-07T19:50:00Z,1.5168805567596948,22.4
2025-10-07T20:00:00Z,1.5163805567596995,22.274
2025-10-07T20:10:00Z,1.5098528248880285,22.181
2025-10-07T20:20:00Z,1.5106528248880338,22.2
2025-10-07T20:30:00Z,1.5010250930163593,22.143
2025-10-07T20:40:00Z,1.5033250930163575,22.075
2025-10-07T20:50:00Z,1.4962973611446913,22.058
2025-10-07T21:00:00Z,1.4960973611446917,22.037
2025-10-07T21:10:00Z,1.4955973611446893,21.996
2025-10-07T21:20:00Z,1.492097361144694,21.92
2025-10-07T21:30:00Z,1.4929973611446883,21.842
2025-10-07T21:40:00Z,1.4964973611446908,21.739
2025-10-07T21:50:00Z,1.485969629273015,21.627
2025-10-07T22:00:00Z,1.500997361144691,21.534
2025-10-07T22:10:00Z,1.5025973611446872,21.486
2025-10-07T22:20:00Z,1.5011973611446905,21.482
2025-10-07T22:30:00Z,1.4992973611446914,21.456
2025-10-07T22:40:00Z,1.4969973611446932,21.425
2025-10-07T22:50:00Z,1.49989736114469,21.517
2025-10-07T23:00:00Z,1.4916696292730194,21.56
2025-10-07T23:10:00Z,1.4923696292730142,21.449
2025-10-07T23:20:00Z,1.4923696292730142,21.145
2025-10-07T23:30:00Z,1.4919696292730151,21.32
2025-10-07T23:40:00Z,1.5064973611446888,21.542
2025-10-07T23:50:00Z,1.493369629273019,21.096
2025-10-08T00:00:00Z,1.4969696292730177,21.325
2025-10-08T00:10:00Z,1.499669629273015,21.386
2025-10-08T00:20:00Z,1.5023696292730193,21.392
2025-10-08T00:30:00Z,1.5034696292730132,21.47
2025-10-08T00:40:00Z,1.5006696292730197,21.548
2025-10-08T00:50:00Z,1.5024696292730155,21.411
2025-10-08T01:00:00Z,1.504469629273018,21.497
2025-10-08T01:10:00Z,1.504869629273017,21.4
2025-10-08T01:20:00Z,1.5057696292730185,21.499
2025-10-08T01:30:00Z,1.5027696292730184,21.482
2025-10-08T01:40:00Z,1.4979696292730154,21.346
2025-10-08T01:50:00Z,1.496369629273019,21.439
2025-10-08T02:00:00Z,1.491169629273017,21.399
2025-10-08T02:10:00Z,1.4920696292730184,21.434
2025-10-08T02:20:00Z,1.4909696292730175,21.383
2025-10-08T02:30:00Z,1.4968696292730144,21.443
2025-10-08T02:40:00Z,1.4950696292730186,21.374
2025-10-08T02:50:00Z,1.5104973611446937,21.452
2025-10-08T03:00:00Z,1.5108973611446928,21.346
2025-10-08T03:10:00Z,1.5140973611446924,21.357
2025-10-08T03:20:00Z,1.5141973611446886,21.386
2025-10-08T03:30:00Z,1.5178973611446906,21.479
2025-10-08T03:40:00Z,1.5126973611446886,21.358
2025-10-08T03:50:00Z,1.5070973611446874,21.101
2025-10-08T04:00:00Z,1.5088973611446903,21.074
2025-10-08T04:10:00Z,1.5166973611446934,21.175
2025-10-08T04:20:00Z,1.5169973611446892,21.186
2025-10-08T04:30:00Z,1.5132973611446872,21.128
2025-10-08T04:40:00Z,1.5112973611446918,21.115
2025-10-08T04:50:00Z,1.5182973611446897,21.216
2025-10-08T05:00:00Z,1.5237973611446876,21.274
2025-10-08T05:10:00Z,1.5221973611446913,21.23
2025-10-08T05:20:00Z,1.5260973611446929,21.255
2025-10-08T05:30:00Z,1.5276973611446891,21.215
2025-10-08T05:40:00Z,1.5285973611446906,21.152
2025-10-08T05:50:00Z,1.5322973611446926,21.126
2025-10-08T06:00:00Z,1.5191696292730157,21.075
2025-10-08T06:10:00Z,1.5212696292730143,21.076
2025-10-08T06:20:00Z,1.5290696292730175,21.211
2025-10-08T06:30:00Z,1.53256962927302,21.223
2025-10-08T06:40:00Z,1.520541897401344,21.214
2025-10-08T06:50:00Z,1.522741897401339,21.228
2025-10-08T07:00:00Z,1.5228418974013422,21.208
2025-10-08T07:10:00Z,1.524241897401339,21.209
2025-10-08T07:20:00Z,1.524941897401341,21.219
2025-10-08T07:30:00Z,1.5288418974013425,21.273
2025-10-08T07:40:00Z,1.5330418974013398,21.33
2025-10-08T07:50:00Z,1.5231141655296767,21.349
2025-10-08T08:00:00Z,1.5234141655296725,21.381
2025-10-08T08:10:00Z,1.526514165529676,21.415
2025-10-08T08:20:00Z,1.5211141655296743,21.361
2025-10-08T08:30:00Z,1.5229141655296772,21.329
2025-10-08T08:40:00Z,1.5248141655296763,21.342
2025-10-08T08:50:00Z,1.5224141655296748,21.303
2025-10-08T09:00:00Z,1.5205141655296757,21.244
2025-10-08T09:10:00Z,1.5292141655296732,21.331
2025-10-08T09:20:00Z,1.5382141655296735,21.419
2025-10-08T09:30:00Z,1.5467141655296786,21.471
2025-10-08T09:40:00Z,1.5309864336579935,21.401
2025-10-08T09:50:00Z,1.5428864336579977,21.591
2025-10-08T10:00:00Z,1.5490864336579975,21.684
2025-10-08T10:10:00Z,1.554086433657993,21.803
2025-10-08T10:20:00Z,1.5465587017863243,21.836
2025-10-08T10:30:00Z,1.5546587017863303,21.971
2025-10-08T10:40:00Z,1.5574587017863308,22.089
2025-10-08T10:50:00Z,1.557158701786328,22.134
2025-10-08T11:00:00Z,1.5551587017863255,22.225
2025-10-08T11:10:00Z,1.556758701786329,22.278
2025-10-08T11:20:00Z,1.5533587017863297,22.331
2025-10-08T11:30:00Z,1.5515587017863268,22.433
2025-10-08T11:40:00Z,1.5514587017863306,22.515
2025-10-08T11:50:00Z,1.559986433657997,22.52
2025-10-08T12:00:00Z,1.5595864336579979,22.621
2025-10-08T12:10:00Z,1.559286433657995,22.723
2025-10-08T12:20:00Z,1.5536864336579939,22.721
2025-10-08T12:30:00Z,1.5544141655296784,22.565
2025-10-08T12:40:00Z,1.5529141655296783,22.646
2025-10-08T12:50:00Z,1.5489141655296734,22.664
2025-10-08T13:00:00Z,1.5456141655296776,22.69
2025-10-08T13:10:00Z,1.5531418974013391,22.735
2025-10-08T13:20:00Z,1.556441897401342,22.824
2025-10-08T13:30:00Z,1.54476962927302,22.874
2025-10-08T13:40:00Z,1.552169629273017,22.993
2025-10-08T13:50:00Z,1.5565696292730138,23.136
2025-10-08T14:00:00Z,1.5611973611446928,23.139
2025-10-08T14:10:00Z,1.56239736114469,23.217
2025-10-08T14:20:00Z,1.56089736114469,23.159
2025-10-08T14:30:00Z,1.5636973611446905,23.187
2025-10-08T14:40:00Z,1.5687973611446893,23.391
2025-10-08T14:50:00Z,1.566497361144691,23.392
2025-10-08T15:00:00Z,1.5593973611446899,23.506
2025-10-08T15:10:00Z,1.5695250930163596,23.605
2025-10-08T15:20:00Z,1.5698250930163553,23.53
2025-10-08T15:30:00Z,1.5672250930163543,23.499
2025-10-08T15:40:00Z,1.5675250930163571,23.54
2025-10-08T15:50:00Z,1.5723250930163601,23.463
2025-10-08T16:00:00Z,1.5718250930163578,23.438
2025-10-08T16:10:00Z,1.5648250930163599,23.462
2025-10-08T16:20:00Z,1.563825093016355,23.386
2025-10-08T16:30:00Z,1.5606250930163554,23.224
2025-10-08T16:40:00Z,1.5572250930163563,23.231
2025-10-08T16:50:00Z,1.5532250930163585,22.986
2025-10-08T17:00:00Z,1.5484250930163554,22.9
2025-10-08T17:10:00Z,1.5514250930163556,22.866
2025-10-08T17:20:00Z,1.5387250930163603,22.702
2025-10-08T17:30:00Z,1.5339250930163573,22.581
2025-10-08T17:40:00Z,1.5328250930163563,22.531
2025-10-08T17:50:00Z,1.52972509301636,22.5
2025-10-08T18:00:00Z,1.5313250930163562,22.49
2025-10-08T18:10:00Z,1.532325093016354,22.472
2025-10-08T18:20:00Z,1.5332250930163553,22.484
2025-10-08T18:30:00Z,1.5336250930163544,22.488
2025-10-08T18:40:00Z,1.5395250930163584,22.497
2025-10-08T18:50:00Z,1.5370250930163607,22.498
2025-10-08T19:00:00Z,1.5378250930163588,22.502
2025-10-08T19:10:00Z,1.5325250930163605,22.383
2025-10-08T19:20:00Z,1.5366250930163545,22.429
2025-10-08T19:30:00Z,1.5228973611446932,22.354
2025-10-08T19:40:00Z,1.5093973611446927,22.077
2025-10-08T19:50:00Z,1.5084973611446912,21.987
2025-10-08T20:00:00Z,1.5084973611446912,21.689
2025-10-08T20:10:00Z,1.5099973611446913,21.658
2025-10-08T20:20:00Z,1.4978696292730191,21.63
2025-10-08T20:30:00Z,1.498969629273013,21.549
2025-10-08T20:40:00Z,1.5012696292730183,21.633
2025-10-08T20:50:00Z,1.5036696292730198,21.421
2025-10-08T21:00:00Z,1.504869629273017,21.356
2025-10-08T21:10:00Z,1.5068696292730195,21.456
2025-10-08T21:20:00Z,1.512669629273013,21.515
2025-10-08T21:30:00Z,1.5165696292730146,21.56
2025-10-08T21:40:00Z,1.519269629273019,21.588
2025-10-08T21:50:00Z,1.5128418974013442,21.616
2025-10-08T22:00:00Z,1.5148418974013396,21.575
2025-10-08T22:10:00Z,1.5136418974013424,21.585
2025-10-08T22:20:00Z,1.5141418974013447,21.594
2025-10-08T22:30:00Z,1.5015141655296773,21.568
2025-10-08T22:40:00Z,1.5030141655296774,21.666
2025-10-08T22:50:00Z,1.5009141655296787,21.53
2025-10-08T23:00:00Z,1.4876864336579914,21.515
2025-10-08T23:10:00Z,1.4970141655296771,21.632
2025-10-08T23:20:00Z,1.484986433657994,21.705
2025-10-08T23:30:00Z,1.4993141655296753,21.789
2025-10-08T23:40:00Z,1.4990141655296725,21.817
2025-10-08T23:50:00Z,1.4963141655296752,21.719
2025-10-09T00:00:00Z,1.4965141655296748,21.607
2025-10-09T00:10:00Z,1.4930141655296723,21.468
2025-10-09T00:20:00Z,1.4934141655296784,21.512
2025-10-09T00:30:00Z,1.4924141655296737,21.463
2025-10-09T00:40:00Z,1.4934141655296784,21.428
2025-10-09T00:50:00Z,1.4923141655296774,21.336
2025-10-09T01:00:00Z,1.4942141655296766,21.248
2025-10-09T01:10:00Z,1.4961141655296757,21.282
2025-10-09T01:20:00Z,1.4971141655296734,21.331
2025-10-09T01:30:00Z,1.4982141655296743,21.333
2025-10-09T01:40:00Z,1.4942141655296766,21.479
2025-10-09T01:50:00Z,1.491414165529676,21.368
2025-10-09T02:00:00Z,1.489914165529676,21.208
2025-10-09T02:10:00Z,1.4894141655296735,21.225
2025-10-09T02:20:00Z,1.489214165529674,21.206
2025-10-09T02:30:00Z,1.487714165529674,21.248
2025-10-09T02:40:00Z,1.488814165529675,21.267
2025-10-09T02:50:00Z,1.4873141655296749,21.206
2025-10-09T03:00:00Z,1.4893141655296773,21.117
2025-10-09T03:10:00Z,1.4897141655296764,20.933
2025-10-09T03:20:00Z,1.4873141655296749,21.163
2025-10-09T03:30:00Z,1.4986418974013418,21.134
2025-10-09T03:40:00Z,1.5010418974013433,21.023
2025-10-09T03:50:00Z,1.5014418974013424,21.123
2025-10-09T04:00:00Z,1.4938141655296775,21.186
2025-10-09T04:10:00Z,1.4954141655296738,21.271
2025-10-09T04:20:00Z,1.5085418974013436,21.159
2025-10-09T04:30:00Z,1.5124418974013452,21.136
2025-10-09T04:40:00Z,1.5024141655296788,21.079
2025-10-09T04:50:00Z,1.5035141655296727,20.981
2025-10-09T05:00:00Z,1.5031141655296736,20.999
2025-10-09T05:10:00Z,1.5039141655296788,20.927
2025-10-09T05:20:00Z,1.505814165529678,20.889
2025-10-09T05:30:00Z,1.5180864336579916,20.841
2025-10-09T05:40:00Z,1.5180864336579916,20.676
2025-10-09T05:50:00Z,1.519386433657992,20.563
2025-10-09T06:00:00Z,1.5205864336579964,20.587
2025-10-09T06:10:00Z,1.5230864336579941,20.61
2025-10-09T06:20:00Z,1.5221864336579927,20.677
2025-10-09T06:30:00Z,1.524186433657995,20.709
2025-10-09T06:40:00Z,1.5262864336579938,20.678
2025-10-09T06:50:00Z,1.5303864336579949,20.718
2025-10-09T07:00:00Z,1.5290864336579943,20.783
2025-10-09T07:10:00Z,1.519058701786328,20.776
2025-10-09T07:20:00Z,1.519458701786327,20.713
2025-10-09T07:30:00Z,1.5213587017863262,20.747
2025-10-09T07:40:00Z,1.5229587017863295,20.77
2025-10-09T07:50:00Z,1.5247587017863253,20.714
2025-10-09T08:00:00Z,1.526858701786324,20.685
2025-10-09T08:10:00Z,1.5282587017863278,20.71
2025-10-09T08:20:00Z,1.5302587017863303,20.791
2025-10-09T08:30:00Z,1.532358701786329,20.775
2025-10-09T08:40:00Z,1.5234309699146564,20.701
2025-10-09T08:50:00Z,1.525130969914656,20.617
2025-10-09T09:00:00Z,1.524430969914654,20.683
2025-10-09T09:10:00Z,1.5234309699146564,20.754
2025-10-09T09:20:00Z,1.5263309699146532,20.854
2025-10-09T09:30:00Z,1.5241309699146512,21.009
2025-10-09T09:40:00Z,1.5213309699146507,21.181
2025-10-09T09:50:00Z,1.5220309699146526,21.231
2025-10-09T10:00:00Z,1.5179309699146515,21.377
2025-10-09T10:10:00Z,1.516230969914652,21.436
2025-10-09T10:20:00Z,1.5154309699146538,21.476
2025-10-09T10:30:00Z,1.514430969914656,21.54
2025-10-09T10:40:00Z,1.5126309699146532,21.602
2025-10-09T10:50:00Z,1.5084309699146559,21.609
2025-10-09T11:00:00Z,1.517558701786328,21.697
2025-10-09T11:10:00Z,1.518358701786326,21.742
2025-10-09T11:20:00Z,1.515358701786326,21.789
2025-10-09T11:30:00Z,1.5148587017863306,21.84
2025-10-09T11:40:00Z,1.5151587017863264,22.024
2025-10-09T11:50:00Z,1.5154587017863292,22.161
2025-10-09T12:00:00Z,1.5305864336579944,22.289
2025-10-09T12:10:00Z,1.5328864336579926,22.381
2025-10-09T12:20:00Z,1.5258864336579947,22.416
2025-10-09T12:30:00Z,1.5312864336579963,22.536
2025-10-09T12:40:00Z,1.5333141655296743,22.479
2025-10-09T12:50:00Z,1.5190141655296756,22.569
2025-10-09T13:00:00Z,1.5152141655296774,22.593
2025-10-09T13:10:00Z,1.5124141655296768,22.668
2025-10-09T13:20:00Z,1.5263418974013447,22.696
2025-10-09T13:30:00Z,1.5251418974013404,22.748
2025-10-09T13:40:00Z,1.5353696292730135,22.783
2025-10-09T13:50:00Z,1.5353696292730135,22.875
2025-10-09T14:00:00Z,1.5359696292730192,22.826
2025-10-09T14:10:00Z,1.5436973611446874,22.829
2025-10-09T14:20:00Z,1.5548973611446897,23.052
2025-10-09T14:30:00Z,1.5491973611446923,23.006
2025-10-09T14:40:00Z,1.5499973611446904,23.081
2025-10-09T14:50:00Z,1.551625093016355,23.058
2025-10-09T15:00:00Z,1.5558250930163595,23.053
2025-10-09T15:10:00Z,1.556025093016359,23.102
2025-10-09T15:20:00Z,1.5562250930163586,23.128
2025-10-09T15:30:00Z,1.5550250930163543,23.066
2025-10-09T15:40:00Z,1.548225093016356,23.021
2025-10-09T15:50:00Z,1.5534528248880335,22.978
2025-10-09T16:00:00Z,1.5445250930163539,23.051
2025-10-09T16:10:00Z,1.5484250930163554,23.127
2025-10-09T16:20:00Z,1.553825093016357,23.178
2025-10-09T16:30:00Z,1.5655528248880302,23.218
2025-10-09T16:40:00Z,1.5641528248880334,23.231
2025-10-09T16:50:00Z,1.5581528248880332,23.193
2025-10-09T17:00:00Z,1.5574528248880313,23.172
2025-10-09T17:10:00Z,1.547752824888029,23.078
2025-10-09T17:20:00Z,1.5284250930163594,22.987
2025-10-09T17:30:00Z,1.527525093016358,23.023
2025-10-09T17:40:00Z,1.5233250930163607,23.018
2025-10-09T17:50:00Z,1.5207250930163596,23.001
2025-10-09T18:00:00Z,1.517125093016361,22.963
2025-10-09T18:10:00Z,1.5110250930163573,22.849
2025-10-09T18:20:00Z,1.5108250930163578,22.759
2025-10-09T18:30:00Z,1.5245528248880333,22.546
2025-10-09T18:40:00Z,1.5276528248880297,22.504
2025-10-09T18:50:00Z,1.531452824888028,22.472
2025-10-09T19:00:00Z,1.5267250930163598,22.449
2025-10-09T19:10:00Z,1.5400528248880292,22.428
2025-10-09T19:20:00Z,1.5441528248880303,22.417
2025-10-09T19:30:00Z,1.5343250930163563,22.384
2025-10-09T19:40:00Z,1.5369250930163574,22.356
2025-10-09T19:50:00Z,1.5384250930163574,22.289
2025-10-09T20:00:00Z,1.5303973611446935,22.226
2025-10-09T20:10:00Z,1.5323973611446888,22.14
2025-10-09T20:20:00Z,1.537297361144688,22.03
2025-10-09T20:30:00Z,1.529969629273019,21.957
2025-10-09T20:40:00Z,1.5368696292730135,21.87
2025-10-09T20:50:00Z,1.5426696292730142,21.841
2025-10-09T21:00:00Z,1.5336418974013455,21.764
2025-10-09T21:10:00Z,1.5339418974013412,21.721
2025-10-09T21:20:00Z,1.539741897401342,21.765
2025-10-09T21:30:00Z,1.541941897401344,21.794
2025-10-09T21:40:00Z,1.531014165529676,21.805
2025-10-09T21:50:00Z,1.535414165529673,21.847
2025-10-09T22:00:00Z,1.5280864336579967,21.946
2025-10-09T22:10:00Z,1.5219864336579931,21.906
2025-10-09T22:20:00Z,1.521186433657995,21.915
2025-10-09T22:30:00Z,1.5214864336579978,21.926
2025-10-09T22:40:00Z,1.5197864336579912,21.873
2025-10-09T22:50:00Z,1.5191864336579926,21.846
2025-10-09T23:00:00Z,1.515986433657993,21.799
2025-10-09T23:10:00Z,1.510486433657995,21.609
2025-10-09T23:20:00Z,1.5160864336579962,21.402
2025-10-09T23:30:00Z,1.5197864336579912,21.375
2025-10-09T23:40:00Z,1.5328864336579926,21.613
2025-10-09T23:50:00Z,1.5354864336579936,21.677
2025-10-10T00:00:00Z,1.5239864336579956,21.638
2025-10-10T00:10:00Z,1.5187864336579935,21.641
2025-10-10T00:20:00Z,1.5186864336579973,21.589
2025-10-10T00:30:00Z,1.5162864336579958,21.598
2025-10-10T00:40:00Z,1.516386433657992,21.657
2025-10-10T00:50:00Z,1.5091864336579945,21.542
2025-10-10T01:00:00Z,1.5124864336579975,21.56
2025-10-10T01:10:00Z,1.5144864336579928,21.754
2025-10-10T01:20:00Z,1.5061864336579944,21.637
2025-10-10T01:30:00Z,1.5113864336579965,21.866
2025-10-10T01:40:00Z,1.5174141655296722,21.903
2025-10-10T01:50:00Z,1.5097141655296724,21.917
2025-10-10T02:00:00Z,1.5054141655296789,21.886
2025-10-10T02:10:00Z,1.500714165529672,21.89
2025-10-10T02:20:00Z,1.4964141655296785,21.896
2025-10-10T02:30:00Z,1.4938141655296775,21.853
2025-10-10T02:40:00Z,1.4915141655296722,21.824
2025-10-10T02:50:00Z,1.5043418974013392,21.753
2025-10-10T03:00:00Z,1.5011418974013395,21.746
2025-10-10T03:10:00Z,1.507469629273018,21.631
2025-10-10T03:20:00Z,1.508569629273019,21.489
2025-10-10T03:30:00Z,1.5103696292730149,21.265
2025-10-10T03:40:00Z,1.5114696292730159,21.52
2025-10-10T03:50:00Z,1.5104696292730182,21.426
2025-10-10T04:00:00Z,1.521697361144689,21.315
2025-10-10T04:10:00Z,1.5260973611446929,21.464
2025-10-10T04:20:00Z,1.5259973611446895,21.535
2025-10-10T04:30:00Z,1.5208973611446908,21.53
2025-10-10T04:40:00Z,1.5195973611446902,21.435
2025-10-10T04:50:00Z,1.5210973611446903,21.386
2025-10-10T05:00:00Z,1.5238973611446909,21.374
2025-10-10T05:10:00Z,1.5219973611446918,21.369
2025-10-10T05:20:00Z,1.522097361144688,21.326
2025-10-10T05:30:00Z,1.5252973611446876,21.251
2025-10-10T05:40:00Z,1.5240973611446904,21.241
2025-10-10T05:50:00Z,1.5227973611446899,21.168
2025-10-10T06:00:00Z,1.5103696292730149,21.022
2025-10-10T06:10:00Z,1.5217973611446922,21.053
2025-10-10T06:20:00Z,1.5213973611446931,21.022
2025-10-10T06:30:00Z,1.5086696292730153,20.935
2025-10-10T06:40:00Z,1.5088696292730148,20.844
2025-10-10T06:50:00Z,1.5180696292730147,20.963
2025-10-10T07:00:00Z,1.5206696292730157,21.034
2025-10-10T07:10:00Z,1.532097361144693,21.04
2025-10-10T07:20:00Z,1.5349973611446899,21.077
2025-10-10T07:30:00Z,1.5355973611446885,21.076
2025-10-10T07:40:00Z,1.5373973611446914,21.117
2025-10-10T07:50:00Z,1.5284696292730189,21.164
2025-10-10T08:00:00Z,1.525169629273016,21.15
2025-10-10T08:10:00Z,1.5280696292730198,21.172
2025-10-10T08:20:00Z,1.5256696292730183,21.145
2025-10-10T08:30:00Z,1.5238696292730154,21.092
2025-10-10T08:40:00Z,1.5226696292730182,21.029
2025-10-10T08:50:00Z,1.528169629273016,21.147
2025-10-10T09:00:00Z,1.5291696292730137,21.201
2025-10-10T09:10:00Z,1.5317696292730147,21.28
2025-10-10T09:20:00Z,1.5391696292730188,21.393
2025-10-10T09:30:00Z,1.5505696292730136,21.558
2025-10-10T09:40:00Z,1.554069629273016,21.655
2025-10-10T09:50:00Z,1.557769629273018,21.74
2025-10-10T10:00:00Z,1.5528696292730189,21.718
2025-10-10T10:10:00Z,1.553669629273017,21.771
2025-10-10T10:20:00Z,1.5571696292730195,21.85
2025-10-10T10:30:00Z,1.557369629273019,21.877
2025-10-10T10:40:00Z,1.5555696292730161,21.871
2025-10-10T10:50:00Z,1.5544696292730151,21.887
2025-10-10T11:00:00Z,1.5639973611446933,21.965
2025-10-10T11:10:00Z,1.5695973611446874,22.177
2025-10-10T11:20:00Z,1.5690973611446921,22.308
2025-10-10T11:30:00Z,1.5659973611446887,22.376
2025-10-10T11:40:00Z,1.5666973611446906,22.532
2025-10-10T11:50:00Z,1.5625973611446895,22.653
2025-10-10T12:00:00Z,1.57082509301636,22.802
2025-10-10T12:10:00Z,1.5691250930163605,22.916
2025-10-10T12:20:00Z,1.560825093016355,22.954
2025-10-10T12:30:00Z,1.5690528248880327,23.134
2025-10-10T12:40:00Z,1.5608528248880305,23.153
2025-10-10T12:50:00Z,1.5561528248880308,23.249
2025-10-10T13:00:00Z,1.5489528248880333,23.149
2025-10-10T13:10:00Z,1.5549805567596948,23.232
2025-10-10T13:20:00Z,1.5510805567597004,23.328
2025-10-10T13:30:00Z,1.543408288631369,23.476
2025-10-10T13:40:00Z,1.5435082886313722,23.56
2025-10-10T13:50:00Z,1.5556360205030444,23.638
2025-10-10T14:00:00Z,1.555836020503044,23.786
2025-10-10T14:10:00Z,1.565363752374715,23.848
2025-10-10T14:20:00Z,1.559463752374711,23.824
2025-10-10T14:30:00Z,1.5684914842463868,23.893
2025-10-10T14:40:00Z,1.5624914842463866,23.908
2025-10-10T14:50:00Z,1.5549914842463863,23.779
2025-10-10T15:00:00Z,1.5494914842463885,23.678
2025-10-10T15:10:00Z,1.5498192161180526,23.395
2025-10-10T15:20:00Z,1.5472192161180516,23.338
2025-10-10T15:30:00Z,1.5606469479897314,23.435
2025-10-10T15:40:00Z,1.553146947989731,23.331
2025-10-10T15:50:00Z,1.5510469479897253,23.284
2025-10-10T16:00:00Z,1.5584746798614049,23.193
2025-10-10T16:10:00Z,1.5571746798614043,23.192
2025-10-10T16:20:00Z,1.553374679861399,23.095
2025-10-10T16:30:00Z,1.5519746798614023,23.089
2025-10-10T16:40:00Z,1.5504746798614022,23.092
2025-10-10T16:50:00Z,1.5479746798614045,23.082
2025-10-10T17:00:00Z,1.559102411733079,23.075
2025-10-10T17:10:00Z,1.5589024117330794,23.057
2025-10-10T17:20:00Z,1.5570024117330732,23.052
2025-10-10T17:30:00Z,1.5572024117330727,23.106
2025-10-10T17:40:00Z,1.5590024117330756,23.1
2025-10-10T17:50:00Z,1.5612024117330776,23.046
2025-10-10T18:00:00Z,1.5627024117330777,23.026
2025-10-10T18:10:00Z,1.554002411733073,22.723
2025-10-10T18:20:00Z,1.5557024117330798,22.786
2025-10-10T18:30:00Z,1.5602024117330728,22.79
2025-10-10T18:40:00Z,1.561702411733073,22.815
2025-10-10T18:50:00Z,1.563202411733073,22.828
2025-10-10T19:00:00Z,1.554074679861401,22.863
2025-10-10T19:10:00Z,1.5420746798614005,22.671
2025-10-10T19:20:00Z,1.5417746798614047,22.639
2025-10-10T19:30:00Z,1.5480746798614007,22.742
2025-10-10T19:40:00Z,1.5471746798613992,22.728
2025-10-10T19:50:00Z,1.5352469479897266,22.695
2025-10-10T20:00:00Z,1.5314469479897284,22.629
2025-10-10T20:10:00Z,1.5245469479897267,22.501
2025-10-10T20:20:00Z,1.5180469479897312,22.41
2025-10-10T20:30:00Z,1.5178469479897316,22.359
2025-10-10T20:40:00Z,1.5192469479897284,22.32
2025-10-10T20:50:00Z,1.5208469479897317,22.272
2025-10-10T21:00:00Z,1.5256469479897277,22.292
2025-10-10T21:10:00Z,1.5293469479897297,22.317
2025-10-10T21:20:00Z,1.5301469479897278,22.349
2025-10-10T21:30:00Z,1.5271469479897277,22.34
2025-10-10T21:40:00Z,1.5245469479897267,22.316
2025-10-10T21:50:00Z,1.519146947989725,22.107
2025-10-10T22:00:00Z,1.5098192161180535,22.072
2025-10-10T22:10:00Z,1.5113192161180535,22.031
2025-10-10T22:20:00Z,1.514419216118057,22.033
2025-10-10T22:30:00Z,1.5260469479897267,22.053
2025-10-10T22:40:00Z,1.5284469479897282,22.079
2025-10-10T22:50:00Z,1.5271469479897277,22.082
2025-10-10T23:00:00Z,1.5274469479897306,22.065
2025-10-10T23:10:00Z,1.5265469479897291,22.015
2025-10-10T23:20:00Z,1.5114192161180569,21.933
2025-10-10T23:30:00Z,1.5139192161180546,21.836
2025-10-10T23:40:00Z,1.5210192161180558,21.989
2025-10-10T23:50:00Z,1.5173192161180538,21.96
2025-10-11T00:00:00Z,1.5151192161180518,21.935
2025-10-11T00:10:00Z,1.5101192161180563,21.901
2025-10-11T00:20:00Z,1.5099192161180568,21.944
2025-10-11T00:30:00Z,1.504119216118056,21.915
2025-10-11T00:40:00Z,1.5151469479897273,21.937
2025-10-11T00:50:00Z,1.5136469479897272,21.911
2025-10-11T01:00:00Z,1.5144469479897253,21.936
2025-10-11T01:10:00Z,1.516146947989725,21.991
2025-10-11T01:20:00Z,1.5148469479897315,22.017
2025-10-11T01:30:00Z,1.522274679861404,21.987
2025-10-11T01:40:00Z,1.5181746798614029,21.976
2025-10-11T01:50:00Z,1.506146947989727,21.999
2025-10-11T02:00:00Z,1.5084746798614006,21.886
2025-10-11T02:10:00Z,1.5013746798613994,21.722
2025-10-11T02:20:00Z,1.5035746798614014,21.596
2025-10-11T02:30:00Z,1.5073746798613996,21.504
2025-10-11T02:40:00Z,1.5169024117330778,21.526
2025-10-11T02:50:00Z,1.5125024117330739,21.419
2025-10-11T03:00:00Z,1.5171024117330774,21.5
2025-10-11T03:10:00Z,1.5227024117330785,21.572
2025-10-11T03:20:00Z,1.528402411733076,21.673
2025-10-11T03:30:00Z,NA,21.633
2025-10-11T03:40:00Z,1.5095024117330738,21.449
2025-10-11T03:50:00Z,1.5061024117330746,21.293
2025-10-11T04:00:00Z,1.5146024117330796,21.339
2025-10-11T04:10:00Z,1.521402411733078,21.466
2025-10-11T04:20:00Z,1.5213024117330747,21.509
2025-10-11T04:30:00Z,1.5190024117330765,21.503
2025-10-11T04:40:00Z,1.5238301436047408,21.447
2025-10-11T04:50:00Z,1.5199301436047463,21.361
2025-10-11T05:00:00Z,1.5204301436047416,21.319
2025-10-11T05:10:00Z,1.5236301436047412,21.344
2025-10-11T05:20:00Z,1.5240301436047403,21.097
2025-10-11T05:30:00Z,1.5321301436047463,21.115
2025-10-11T05:40:00Z,1.5328301436047411,21.04
2025-10-11T05:50:00Z,1.5332301436047402,21.062
2025-10-11T06:00:00Z,1.5398301436047461,21.187
2025-10-11T06:10:00Z,1.5411301436047466,21.209
2025-10-11T06:20:00Z,1.5319024117330784,21.263
2025-10-11T06:30:00Z,1.5302024117330788,21.208
2025-10-11T06:40:00Z,1.5368024117330776,21.285
2025-10-11T06:50:00Z,1.5374024117330762,21.282
2025-10-11T07:00:00Z,1.5380024117330748,21.271
2025-10-11T07:10:00Z,1.5380024117330748,21.26
2025-10-11T07:20:00Z,1.5294746798614014,21.268
2025-10-11T07:30:00Z,1.5317746798613996,21.275
2025-10-11T07:40:00Z,1.5325746798614048,21.064
2025-10-11T07:50:00Z,1.5390746798614003,21.147
2025-10-11T08:00:00Z,1.5379746798613994,21.051
2025-10-11T08:10:00Z,1.5393746798614032,21.037
2025-10-11T08:20:00Z,1.5306469479897302,21.034
2025-10-11T08:30:00Z,1.5399469479897263,21.134
2025-10-11T08:40:00Z,1.540946947989731,21.164
2025-10-11T08:50:00Z,1.5345469479897247,21.046
2025-10-11T09:00:00Z,1.5449469479897289,21.24
2025-10-11T09:10:00Z,1.546146947989726,21.254
2025-10-11T09:20:00Z,1.5365192161180516,21.298
2025-10-11T09:30:00Z,1.5373192161180569,21.371
2025-10-11T09:40:00Z,1.5417192161180537,21.492
2025-10-11T09:50:00Z,1.5490192161180545,21.656
2025-10-11T10:00:00Z,1.5550192161180547,21.762
2025-10-11T10:10:00Z,1.5576192161180558,21.827
2025-10-11T10:20:00Z,1.5606192161180559,21.841
2025-10-11T10:30:00Z,1.5655192161180551,22.007
2025-10-11T10:40:00Z,1.5747469479897305,22.011
2025-10-11T10:50:00Z,1.583274679861404,22.084
2025-10-11T11:00:00Z,1.586674679861403,22.24
2025-10-11T11:10:00Z,1.5715469479897308,22.309
2025-10-11T11:20:00Z,1.569746947989728,22.442
2025-10-11T11:30:00Z,1.5774746798614032,22.411
2025-10-11T11:40:00Z,1.5711746798614001,22.47
2025-10-11T11:50:00Z,1.5676746798614047,22.549
2025-10-11T12:00:00Z,1.5660746798614014,22.59
2025-10-11T12:10:00Z,1.5613746798614017,22.582
2025-10-11T12:20:00Z,1.5675024117330736,22.62
2025-10-11T12:30:00Z,1.5651024117330792,22.722
2025-10-11T12:40:00Z,1.562102411733079,22.847
2025-10-11T12:50:00Z,1.5676301436047453,22.925
2025-10-11T13:00:00Z,1.5582301436047459,22.946
2025-10-11T13:10:00Z,1.5503301436047465,22.929
2025-10-11T13:20:00Z,1.5432301436047453,22.932
2025-10-11T13:30:00Z,1.542957875476425,22.98
2025-10-11T13:40:00Z,1.547757875476421,23.162
2025-10-11T13:50:00Z,1.5407856073480914,23.341
2025-10-11T14:00:00Z,1.5359856073480884,23.264
2025-10-11T14:10:00Z,1.551613339219763,23.25
2025-10-11T14:20:00Z,1.5605410710914356,23.284
2025-10-11T14:30:00Z,1.5643410710914338,23.356
2025-10-11T14:40:00Z,1.5643410710914338,23.411
2025-10-11T14:50:00Z,1.5958688029630963,23.63
2025-10-11T15:00:00Z,1.5752688029631017,23.626
2025-10-11T15:10:00Z,1.579468802963099,23.62
2025-10-11T15:20:00Z,1.5744688029630964,23.444
2025-10-11T15:30:00Z,1.5752688029631017,23.348
2025-10-11T15:40:00Z,1.573168802963096,23.296
2025-10-11T15:50:00Z,1.5716688029630959,23.254
2025-10-11T16:00:00Z,1.5737688029631016,23.254
2025-10-11T16:10:00Z,1.577268802963097,23.294
2025-10-11T16:20:00Z,1.5755688029630974,23.255
2025-10-11T16:30:00Z,1.5678688029630976,23.223
2025-10-11T16:40:00Z,1.5699688029630963,23.202
2025-10-11T16:50:00Z,1.5609410710914347,23.172
2025-10-11T17:00:00Z,1.5600410710914332,23.141
2025-10-11T17:10:00Z,1.5542410710914325,23.041
2025-10-11T17:20:00Z,1.5515410710914352,23.017
2025-10-11T17:30:00Z,1.5359133392197677,22.991
2025-10-11T17:40:00Z,1.5362133392197634,22.97
2025-10-11T17:50:00Z,1.5372133392197682,22.909
2025-10-11T18:00:00Z,1.5290856073480938,22.717
2025-10-11T18:10:00Z,1.536185607348088,22.585
2025-10-11T18:20:00Z,1.5308856073480896,22.259
2025-10-11T18:30:00Z,1.5348856073480945,22.286
2025-10-11T18:40:00Z,1.5365856073480941,22.288
2025-10-11T18:50:00Z,1.5223578754764233,22.105
2025-10-11T19:00:00Z,1.5228578754764257,22.143
2025-10-11T19:10:00Z,1.523357875476421,22.04
2025-10-11T19:20:00Z,1.5394578754764225,22.271
2025-10-11T19:30:00Z,1.531857875476426,22.223
2025-10-11T19:40:00Z,1.5319578754764223,22.234
2025-10-11T19:50:00Z,1.5360578754764234,22.083
2025-10-11T20:00:00Z,1.5288301436047433,22.166
2025-10-11T20:10:00Z,1.5278301436047457,22.142
2025-10-11T20:20:00Z,1.5389578754764273,22.105
2025-10-11T20:30:00Z,1.5353578754764214,22.004
2025-10-11T20:40:00Z,1.522030143604745,21.963
2025-10-11T20:50:00Z,1.5229301436047464,21.905
2025-10-11T21:00:00Z,1.5277301436047424,21.767
2025-10-11T21:10:00Z,1.525030143604745,21.712
2025-10-11T21:20:00Z,1.529830143604741,21.691
2025-10-11T21:30:00Z,1.5270301436047404,21.638
2025-10-11T21:40:00Z,1.5292301436047424,21.568
2025-10-11T21:50:00Z,1.5251301436047413,21.513
2025-10-11T22:00:00Z,1.5153024117330745,21.465
2025-10-11T22:10:00Z,1.5139024117330777,21.5
2025-10-11T22:20:00Z,1.5161024117330797,21.459
2025-10-11T22:30:00Z,1.5184024117330779,21.511
2025-10-11T22:40:00Z,1.5157024117330735,21.544
2025-10-11T22:50:00Z,1.524630143604746,21.555
2025-10-11T23:00:00Z,1.5262301436047423,21.468
2025-10-11T23:10:00Z,1.5255301436047404,21.482
2025-10-11T23:20:00Z,1.5233301436047455,21.455
2025-10-11T23:30:00Z,1.5227301436047398,21.434
2025-10-11T23:40:00Z,1.5245301436047427,21.351
2025-10-11T23:50:00Z,1.52723014360474,21.333
2025-10-12T00:00:00Z,1.5252301436047446,21.295
2025-10-12T00:10:00Z,1.5227301436047398,21.256
2025-10-12T00:20:00Z,1.521330143604743,21.224
2025-10-12T00:30:00Z,1.5228301436047431,21.169
2025-10-12T00:40:00Z,1.522430143604744,21.238
2025-10-12T00:50:00Z,1.525030143604745,21.253
2025-10-12T01:00:00Z,1.5248301436047456,21.151
2025-10-12T01:10:00Z,1.5266301436047414,21.144
2025-10-12T01:20:00Z,1.5273301436047433,21.15
2025-10-12T01:30:00Z,1.5262301436047423,21.144
2025-10-12T01:40:00Z,1.534457875476427,21.181
2025-10-12T01:50:00Z,1.5247301436047422,21.199
2025-10-12T02:00:00Z,1.5238301436047408,21.207
2025-10-12T02:10:00Z,1.525030143604745,21.026
2025-10-12T02:20:00Z,1.5229301436047464,20.87
2025-10-12T02:30:00Z,1.5232301436047422,20.863
2025-10-12T02:40:00Z,1.5203301436047454,20.873
2025-10-12T02:50:00Z,1.519430143604744,20.865
2025-10-12T03:00:00Z,1.5171301436047457,20.899
2025-10-12T03:10:00Z,1.515730143604742,20.84
2025-10-12T03:20:00Z,1.5138301436047428,20.683
2025-10-12T03:30:00Z,1.5138301436047428,20.714
2025-10-12T03:40:00Z,1.5105301436047398,20.729
2025-10-12T03:50:00Z,1.5236578754764238,20.65
2025-10-12T04:00:00Z,1.5224578754764266,20.605
2025-10-12T04:10:00Z,1.5243578754764258,20.708
2025-10-12T04:20:00Z,1.5261578754764216,20.774
2025-10-12T04:30:00Z,1.5322578754764251,20.722
2025-10-12T04:40:00Z,1.5319578754764223,20.734
2025-10-12T04:50:00Z,1.5360578754764234,20.757
2025-10-12T05:00:00Z,1.5405578754764235,20.655
2025-10-12T05:10:00Z,1.5397578754764254,20.619
2025-10-12T05:20:00Z,1.5424578754764227,20.605
2025-10-12T05:30:00Z,1.5457578754764256,20.608
2025-10-12T05:40:00Z,1.5449578754764275,20.572
2025-10-12T05:50:00Z,1.5347301436047402,20.528
2025-10-12T06:00:00Z,1.5326301436047416,20.553
2025-10-12T06:10:00Z,1.5304301436047396,20.543
2025-10-12T06:20:00Z,1.5175024117330764,20.521
2025-10-12T06:30:00Z,1.521002411733079,20.509
2025-10-12T06:40:00Z,1.5204024117330732,20.483
2025-10-12T06:50:00Z,1.5211024117330751,20.425
2025-10-12T07:00:00Z,1.5234024117330733,20.384
2025-10-12T07:10:00Z,1.538330143604746,20.408
2025-10-12T07:20:00Z,1.5380301436047432,20.409
2025-10-12T07:30:00Z,1.5305024117330746,20.394
2025-10-12T07:40:00Z,1.529602411733073,20.316
2025-10-12T07:50:00Z,1.5315024117330793,20.345
2025-10-12T08:00:00Z,1.5297024117330764,20.394
2025-10-12T08:10:00Z,1.5315024117330793,20.475
2025-10-12T08:20:00Z,1.530702411733074,20.556
2025-10-12T08:30:00Z,1.5274024117330782,20.529
2025-10-12T08:40:00Z,1.528102411733073,20.533
2025-10-12T08:50:00Z,1.5309024117330736,20.553
2025-10-12T09:00:00Z,1.531802411733075,20.55
2025-10-12T09:10:00Z,1.5335024117330747,20.63
2025-10-12T09:20:00Z,1.5361024117330757,20.803
2025-10-12T09:30:00Z,1.530702411733074,20.885
2025-10-12T09:40:00Z,1.5380024117330748,21.077
2025-10-12T09:50:00Z,1.5306024117330779,21.226
2025-10-12T10:00:00Z,1.537702411733079,21.342
2025-10-12T10:10:00Z,1.5413024117330778,21.43
2025-10-12T10:20:00Z,1.545402411733079,21.495
2025-10-12T10:30:00Z,1.5581301436047426,21.616
2025-10-12T10:40:00Z,1.5559301436047406,21.728
2025-10-12T10:50:00Z,1.5623301436047399,21.847
2025-10-12T11:00:00Z,1.5679578754764236,21.946
2025-10-12T11:10:00Z,1.5630578754764244,21.985
2025-10-12T11:20:00Z,1.5617578754764239,22.069
2025-10-12T11:30:00Z,1.5613578754764248,22.153
2025-10-12T11:40:00Z,1.5563578754764222,22.245
2025-10-12T11:50:00Z,1.555557875476424,22.303
2025-10-12T12:00:00Z,1.5655856073480905,22.387
2025-10-12T12:10:00Z,1.5626856073480937,22.447
2025-10-12T12:20:00Z,1.5575856073480878,22.555
2025-10-12T12:30:00Z,1.564513339219765,22.694
2025-10-12T12:40:00Z,1.5718410710914341,22.736
2025-10-12T12:50:00Z,1.566241071091433,22.786
2025-10-12T13:00:00Z,1.5622410710914352,22.755
2025-10-12T13:10:00Z,1.5714688029630963,22.755
2025-10-12T13:20:00Z,1.5693688029630977,22.85
2025-10-12T13:30:00Z,1.579696534834774,22.927
2025-10-12T13:40:00Z,1.5761965348347715,23.011
2025-10-12T13:50:00Z,1.5846242667064416,23.093
2025-10-12T14:00:00Z,1.5827242667064425,23.112
2025-10-12T14:10:00Z,1.5797242667064424,23.148
2025-10-12T14:20:00Z,1.557024266706442,23.194
2025-10-12T14:30:00Z,1.5606242667064407,23.27
2025-10-12T14:40:00Z,1.5613242667064426,23.287
2025-10-12T14:50:00Z,1.5695519985781203,23.27
2025-10-12T15:00:00Z,1.5678519985781207,23.262
2025-10-12T15:10:00Z,1.5644519985781216,23.246
2025-10-12T15:20:00Z,1.5643519985781182,23.296
2025-10-12T15:30:00Z,1.561251998578122,23.328
2025-10-12T15:40:00Z,1.5664797304497853,23.252
2025-10-12T15:50:00Z,1.5584797304497897,23.136
2025-10-12T16:00:00Z,1.5545797304497881,23.05
2025-10-12T16:10:00Z,1.5488797304497908,22.923
2025-10-12T16:20:00Z,1.54157973044979,22.819
2025-10-12T16:30:00Z,1.5497074623214715,22.722
2025-10-12T16:40:00Z,1.5498074623214677,22.69
2025-10-12T16:50:00Z,1.5465074623214718,22.65
2025-10-12T17:00:00Z,1.5427074623214665,22.627
2025-10-12T17:10:00Z,1.5525351941931405,22.62
2025-10-12T17:20:00Z,1.547135194193146,22.601
2025-10-12T17:30:00Z,1.5326074623214723,22.579
2025-10-12T17:40:00Z,1.5289074623214702,22.565
2025-10-12T17:50:00Z,1.5388351941931404,22.562
2025-10-12T18:00:00Z,1.5340351941931445,22.486
2025-10-12T18:10:00Z,1.527935194193141,22.383
2025-10-12T18:20:00Z,1.5195351941931463,22.264
2025-10-12T18:30:00Z,1.5283629260648084,22.237
2025-10-12T18:40:00Z,1.5242629260648073,22.148
2025-10-12T18:50:00Z,1.5220629260648124,22.119
2025-10-12T19:00:00Z,1.5221629260648086,22.083
2025-10-12T19:10:00Z,1.521962926064809,22.065
2025-10-12T19:20:00Z,1.5195629260648076,21.999
2025-10-12T19:30:00Z,1.5212629260648072,21.904
2025-10-12T19:40:00Z,1.5240629260648078,21.819
2025-10-12T19:50:00Z,1.5276629260648136,21.849
2025-10-12T20:00:00Z,1.530062926064808,21.846
2025-10-12T20:10:00Z,1.5387629260648126,21.927
2025-10-12T20:20:00Z,1.5388629260648088,21.849
2025-10-12T20:30:00Z,1.5402629260648126,21.781
2025-10-12T20:40:00Z,1.5438629260648113,21.739
2025-10-12T20:50:00Z,1.5473629260648067,21.752
2025-10-12T21:00:00Z,1.5490629260648134,21.787
2025-10-12T21:10:00Z,1.5365351941931422,21.71
2025-10-12T21:20:00Z,1.5411351941931457,21.753
2025-10-12T21:30:00Z,1.5435351941931401,21.791
2025-10-12T21:40:00Z,1.5376351941931432,21.732
2025-10-12T21:50:00Z,1.527707462321466,21.753
2025-10-12T22:00:00Z,1.5302074623214708,21.77
2025-10-12T22:10:00Z,1.5332074623214709,21.745
2025-10-12T22:20:00Z,1.5368074623214696,21.701
2025-10-12T22:30:00Z,1.5380074623214668,21.664
2025-10-12T22:40:00Z,1.5387074623214687,21.683
2025-10-12T22:50:00Z,1.5390074623214716,21.689
2025-10-12T23:00:00Z,1.5408074623214674,21.709
2025-10-12T23:10:00Z,1.5279797304497862,21.729
2025-10-12T23:20:00Z,1.5292797304497867,21.735
2025-10-12T23:30:00Z,1.5270797304497847,21.673
2025-10-12T23:40:00Z,1.530479730449791,21.654
2025-10-12T23:50:00Z,1.5300797304497848,21.508
2025-10-13T00:00:00Z,1.5325797304497897,21.507
2025-10-13T00:10:00Z,1.5355797304497898,21.54
2025-10-13T00:20:00Z,1.5381797304497908,21.543
2025-10-13T00:30:00Z,1.5414797304497867,21.571
2025-10-13T00:40:00Z,1.5462797304497897,21.388
2025-10-13T00:50:00Z,1.5513797304497885,21.446
2025-10-13T01:00:00Z,1.5506797304497866,21.475
2025-10-13T01:10:00Z,1.5520797304497904,21.393
2025-10-13T01:20:00Z,1.54685199857812,21.445
2025-10-13T01:30:00Z,1.550151998578123,21.341
2025-10-13T01:40:00Z,1.545924266706443,21.479
2025-10-13T01:50:00Z,1.5405242667064414,21.414
2025-10-13T02:00:00Z,1.541524266706439,21.431
2025-10-13T02:10:00Z,1.5449242667064382,21.503
2025-10-13T02:20:00Z,1.5274965348347749,21.421
2025-10-13T02:30:00Z,1.5266965348347696,21.262
2025-10-13T02:40:00Z,1.5273965348347716,21.113
2025-10-13T02:50:00Z,1.5276965348347744,21.055
2025-10-13T03:00:00Z,1.5316965348347722,21.161
2025-10-13T03:10:00Z,1.5444965348347708,21.346
2025-10-13T03:20:00Z,1.5438965348347722,21.323
2025-10-13T03:30:00Z,1.5316965348347722,21.156
2025-10-13T03:40:00Z,1.5307965348347707,21.173
2025-10-13T03:50:00Z,1.5326965348347699,21.191
2025-10-13T04:00:00Z,1.5331965348347723,21.141
2025-10-13T04:10:00Z,1.536796534834771,21.144
2025-10-13T04:20:00Z,1.5372965348347734,21.11
2025-10-13T04:30:00Z,1.5398965348347744,21.077
2025-10-13T04:40:00Z,1.5458965348347746,21.057
2025-10-13T04:50:00Z,1.5475965348347742,21.043
2025-10-13T05:00:00Z,1.548996534834771,21.033
2025-10-13T05:10:00Z,1.542168802963097,21.106
2025-10-13T05:20:00Z,1.5415688029630985,21.039
2025-10-13T05:30:00Z,1.544668802963102,20.921
2025-10-13T05:40:00Z,1.5499688029631002,20.975
2025-10-13T05:50:00Z,1.5402410710914296,20.985
2025-10-13T06:00:00Z,1.5424410710914316,21.016
2025-10-13T06:10:00Z,1.539241071091432,20.981
2025-10-13T06:20:00Z,1.5394410710914315,21.004
2025-10-13T06:30:00Z,1.5473410710914308,21.082
2025-10-13T06:40:00Z,1.534913339219763,21.061
2025-10-13T06:50:00Z,1.5354133392197653,21.006
2025-10-13T07:00:00Z,1.5374133392197677,20.998
2025-10-13T07:10:00Z,1.547113339219763,21.126
2025-10-13T07:20:00Z,1.543413339219768,21.074
2025-10-13T07:30:00Z,1.5446133392197652,20.961
2025-10-13T07:40:00Z,1.5522133392197617,21.044
2025-10-13T07:50:00Z,1.5510133392197645,21.033
2025-10-13T08:00:00Z,1.5447856073480892,21.04
2025-10-13T08:10:00Z,1.5482856073480917,21.082
2025-10-13T08:20:00Z,1.552485607348089,21.101
2025-10-13T08:30:00Z,1.5523856073480928,21.041
2025-10-13T08:40:00Z,1.5406578754764269,21.031
2025-10-13T08:50:00Z,1.5411578754764221,20.977
2025-10-13T09:00:00Z,1.5454578754764228,21.025
2025-10-13T09:10:00Z,1.535730143604745,21.071
2025-10-13T09:20:00Z,1.5356301436047417,21.1
2025-10-13T09:30:00Z,1.5398301436047461,21.171
2025-10-13T09:40:00Z,1.546430143604745,21.272
2025-10-13T09:50:00Z,1.5637301436047437,21.47
2025-10-13T10:00:00Z,1.5789301436047438,21.692
2025-10-13T10:10:00Z,1.5828301436047454,21.753
2025-10-13T10:20:00Z,1.5817301436047444,21.786
2025-10-13T10:30:00Z,1.5804301436047439,21.808
2025-10-13T10:40:00Z,1.583030143604745,21.836
2025-10-13T10:50:00Z,1.5829301436047416,21.929
2025-10-13T11:00:00Z,1.576502411733074,22.079
2025-10-13T11:10:00Z,1.5770024117330763,22.169
2025-10-13T11:20:00Z,1.5822301436047397,22.205
2025-10-13T11:30:00Z,1.580130143604741,22.185
2025-10-13T11:40:00Z,1.5821301436047435,22.318
2025-10-13T11:50:00Z,1.5806301436047434,22.265
2025-10-13T12:00:00Z,1.5815301436047449,22.282
2025-10-13T12:10:00Z,1.5829301436047416,22.271
2025-10-13T12:20:00Z,1.5841578754764214,22.171
2025-10-13T12:30:00Z,1.5759578754764263,22.095
2025-10-13T12:40:00Z,1.5724578754764238,22.171
2025-10-13T12:50:00Z,1.5683578754764227,22.149
2025-10-13T13:00:00Z,1.5670578754764222,22.171
2025-10-13T13:10:00Z,1.564057875476422,22.192
2025-10-13T13:20:00Z,1.5589578754764233,22.207
2025-10-13T13:30:00Z,1.5696856073480916,22.219
2025-10-13T13:40:00Z,1.5678856073480887,22.161
2025-10-13T13:50:00Z,1.5772133392197674,22.164
2025-10-13T14:00:00Z,1.5781133392197617,22.178
2025-10-13T14:10:00Z,1.5775133392197631,22.191
2025-10-13T14:20:00Z,1.5919410710914335,22.232
2025-10-13T14:30:00Z,1.5959410710914312,22.321
2025-10-13T14:40:00Z,1.6001410710914357,22.503
2025-10-13T14:50:00Z,1.5977410710914342,22.536
2025-10-13T15:00:00Z,1.589241071091429,22.404
2025-10-13T15:10:00Z,1.586941071091431,22.34
2025-10-13T15:20:00Z,1.5863410710914323,22.304
2025-10-13T15:30:00Z,1.5872410710914338,22.269
2025-10-13T15:40:00Z,1.5828410710914298,22.183
2025-10-13T15:50:00Z,1.5776410710914348,22.098
2025-10-13T16:00:00Z,1.5793410710914344,22.08
2025-10-13T16:10:00Z,1.5785410710914292,22.084
2025-10-13T16:20:00Z,1.5783410710914296,22.079
2025-10-13T16:30:00Z,1.5816410710914326,22.058
2025-10-13T16:40:00Z,1.5848410710914322,22.019
2025-10-13T16:50:00Z,1.5775410710914315,22.012
2025-10-13T17:00:00Z,1.579241071091431,22.024
2025-10-13T17:10:00Z,1.577741071091431,21.984
2025-10-13T17:20:00Z,1.5801410710914325,21.973
2025-10-13T17:30:00Z,1.5824410710914307,21.965
2025-10-13T17:40:00Z,1.5754133392197645,21.958
2025-10-13T17:50:00Z,1.5854410710914308,21.924
2025-10-13T18:00:00Z,1.5820410710914317,21.852
2025-10-13T18:10:00Z,1.5726133392197639,21.831
2025-10-13T18:20:00Z,1.5716133392197662,21.816
2025-10-13T18:30:00Z,1.5698133392197633,21.805
2025-10-13T18:40:00Z,1.5562856073480944,21.793
2025-10-13T18:50:00Z,1.5576856073480911,21.775
2025-10-13T19:00:00Z,1.555385607348093,21.778
2025-10-13T19:10:00Z,1.5431578754764246,21.801
2025-10-13T19:20:00Z,1.5490578754764215,21.827
2025-10-13T19:30:00Z,1.547357875476422,21.835
2025-10-13T19:40:00Z,1.5467578754764233,21.827
2025-10-13T19:50:00Z,1.544057875476426,21.814
2025-10-13T20:00:00Z,1.5446578754764246,21.798
2025-10-13T20:10:00Z,1.5479856073480889,21.722
2025-10-13T20:20:00Z,1.5397578754764254,21.668
2025-10-13T20:30:00Z,1.543657875476427,21.622
2025-10-13T20:40:00Z,1.539257875476423,21.538
2025-10-13T20:50:00Z,1.5389578754764273,21.513
2025-10-13T21:00:00Z,1.5291301436047462,21.518
2025-10-13T21:10:00Z,1.5411578754764221,21.523
2025-10-13T21:20:00Z,1.5348301436047436,21.536
2025-10-13T21:30:00Z,1.5325301436047454,21.446
2025-10-13T21:40:00Z,1.5310301436047453,21.458
2025-10-13T21:50:00Z,1.5411578754764221,21.439
2025-10-13T22:00:00Z,1.5367578754764253,21.379
2025-10-13T22:10:00Z,1.5368578754764215,21.364
2025-10-13T22:20:00Z,1.5317301436047401,21.207
2025-10-13T22:30:00Z,1.5339301436047421,21.221
2025-10-13T22:40:00Z,1.5397301436047428,21.298
2025-10-13T22:50:00Z,1.5445301436047458,21.301
2025-10-13T23:00:00Z,1.564757875476424,21.459
2025-10-13T23:10:00Z,1.5972578754764228,21.878
2025-10-13T23:20:00Z,1.5904301436047419,21.93
2025-10-13T23:30:00Z,1.5896578754764263,21.651
2025-10-13T23:40:00Z,1.595857875476426,21.523
2025-10-13T23:50:00Z,1.6179578754764208,21.503
2025-10-14T00:00:00Z,1.6312856073480901,21.523
2025-10-14T00:10:00Z,1.6152578754764235,21.494
2025-10-14T00:20:00Z,1.6264856073480942,21.215
2025-10-14T00:30:00Z,1.630085607348093,21.111
2025-10-14T00:40:00Z,1.624585607348088,21.046
2025-10-14T00:50:00Z,1.623085607348088,20.984
2025-10-14T01:00:00Z,1.6264856073480942,20.802
2025-10-14T01:10:00Z,1.6259856073480918,20.651
2025-10-14T01:20:00Z,1.6205856073480902,20.552
2025-10-14T01:30:00Z,1.6132856073480895,20.497
2025-10-14T01:40:00Z,1.6095856073480945,20.488
2025-10-14T01:50:00Z,1.6112856073480941,20.512
2025-10-14T02:00:00Z,1.6112856073480941,20.555
2025-10-14T02:10:00Z,1.6102856073480893,20.618
2025-10-14T02:20:00Z,1.6221133392197657,20.664
2025-10-14T02:30:00Z,1.6312133392197623,20.841
2025-10-14T02:40:00Z,1.6405133392197655,21.075
2025-10-14T02:50:00Z,1.6305410710914288,20.779
2025-10-14T03:00:00Z,1.593713339219768,20.501
2025-10-14T03:10:00Z,1.6138410710914286,20.659
2025-10-14T03:20:00Z,1.6333410710914293,20.423
2025-10-14T03:30:00Z,1.7014688029630989,20.741
2025-10-14T03:40:00Z,1.702268802963097,20.836
2025-10-14T03:50:00Z,1.7073688029630958,20.807
2025-10-14T04:00:00Z,1.7192965348347755,20.716
2025-10-14T04:10:00Z,1.7292965348347735,20.399
2025-10-14T04:20:00Z,1.7347688029630959,20.241
2025-10-14T04:30:00Z,1.731941071091434,20.524
2025-10-14T04:40:00Z,1.7205410710914322,20.324
2025-10-14T04:50:00Z,1.7276410710914334,20.431
2025-10-14T05:00:00Z,1.733441071091434,20.294
2025-10-14T05:10:00Z,1.7392133392197664,20.236
2025-10-14T05:20:00Z,1.7255133392197664,19.884
2025-10-14T05:30:00Z,1.7677410710914288,20.036
2025-10-14T05:40:00Z,1.784441071091429,20.248
2025-10-14T05:50:00Z,1.7706133392197643,20.199
2025-10-14T06:00:00Z,1.7715856073480936,20.352
2025-10-14T06:10:00Z,1.7720578754764276,20.47
2025-10-14T06:20:00Z,1.8040133392197646,20.552
2025-10-14T06:30:00Z,1.79288560734809,20.572
2025-10-14T06:40:00Z,1.7706578754764237,20.437
2025-10-14T06:50:00Z,1.7776578754764216,20.505
2025-10-14T07:00:00Z,1.7846578754764266,20.436
2025-10-14T07:10:00Z,1.7703301436047454,20.457
2025-10-14T07:20:00Z,1.775502411733079,20.511
2025-10-14T07:30:00Z,1.7863301436047436,20.539
2025-10-14T07:40:00Z,1.7837301436047426,20.565
2025-10-14T07:50:00Z,1.781630143604744,20.615
2025-10-14T08:00:00Z,1.7745024117330743,20.585
2025-10-14T08:10:00Z,1.7795024117330769,20.601
2025-10-14T08:20:00Z,1.7632469479897281,20.631
2025-10-14T08:30:00Z,1.7736469479897252,20.712
2025-10-14T08:40:00Z,1.7856746798614012,20.809
2025-10-14T08:50:00Z,1.7858746798614007,20.895
2025-10-14T09:00:00Z,1.7752469479897286,20.924
2025-10-14T09:10:00Z,1.7752469479897286,20.946
2025-10-14T09:20:00Z,1.7724192161180525,20.932
2025-10-14T09:30:00Z,1.7614914842463847,20.914
2025-10-14T09:40:00Z,1.7598914842463884,20.903
2025-10-14T09:50:00Z,1.7607914842463899,20.903
2025-10-14T10:00:00Z,1.7623914842463861,20.841
2025-10-14T10:10:00Z,1.7646914842463843,20.908
2025-10-14T10:20:00Z,1.759863752374713,21.008
2025-10-14T10:30:00Z,1.7637637523747145,21.128
2025-10-14T10:40:00Z,1.7612637523747168,21.121
2025-10-14T10:50:00Z,1.7637637523747145,21.181
2025-10-14T11:00:00Z,1.7652637523747146,21.256
2025-10-14T11:10:00Z,1.777663752374714,21.427
2025-10-14T11:20:00Z,1.7730360205030493,21.553
2025-10-14T11:30:00Z,1.7771360205030433,21.602
2025-10-14T11:40:00Z,1.784436020503044,21.702
2025-10-14T11:50:00Z,1.7893360205030433,21.765
2025-10-14T12:00:00Z,1.7809082886313732,21.799
2025-10-14T12:10:00Z,1.7858082886313724,21.871
2025-10-14T12:20:00Z,1.7773082886313745,21.794
2025-10-14T12:30:00Z,1.7787082886313712,21.83
2025-10-14T12:40:00Z,1.7705805567596968,21.902
2025-10-14T12:50:00Z,1.7689805567597006,21.894
2025-10-14T13:00:00Z,1.774380556759695,21.95
2025-10-14T13:10:00Z,1.7711805567596954,21.919
2025-10-14T13:20:00Z,1.768780556759701,21.919
2025-10-14T13:30:00Z,1.7756805567596956,21.966
2025-10-14T13:40:00Z,1.7729805567596983,21.949
2025-10-14T13:50:00Z,1.7762805567597013,21.981
2025-10-14T14:00:00Z,1.782080556759695,22.019
2025-10-14T14:10:00Z,1.7875805567596998,22.059
2025-10-14T14:20:00Z,1.789480556759699,22.088
2025-10-14T14:30:00Z,1.777752824888033,22.086
2025-10-14T14:40:00Z,1.7763528248880291,22.058
2025-10-14T14:50:00Z,1.7700528248880332,21.997
2025-10-14T15:00:00Z,1.7678528248880312,21.994
2025-10-14T15:10:00Z,1.7603250930163554,21.973
2025-10-14T15:20:00Z,1.7599250930163564,21.982
2025-10-14T15:30:00Z,1.7617250930163593,21.997
2025-10-14T15:40:00Z,1.7525250930163594,21.886
2025-10-14T15:50:00Z,1.7407973611446934,21.893
2025-10-14T16:00:00Z,1.7419973611446906,21.91
2025-10-14T16:10:00Z,1.7462973611446913,21.93
2025-10-14T16:20:00Z,1.7418973611446873,21.918
2025-10-14T16:30:00Z,1.7415973611446915,21.923
2025-10-14T16:40:00Z,1.7261696292730164,21.415
2025-10-14T16:50:00Z,1.728969629273017,21.307
2025-10-14T17:00:00Z,1.741169629273017,21.548
2025-10-14T17:10:00Z,1.7490696292730163,21.653
2025-10-14T17:20:00Z,1.7560696292730142,21.735
2025-10-14T17:30:00Z,1.7554696292730156,21.757
2025-10-14T17:40:00Z,1.7542696292730184,21.738
2025-10-14T17:50:00Z,1.7466696292730148,21.612
2025-10-14T18:00:00Z,1.74024189740134,21.666
2025-10-14T18:10:00Z,1.739841897401341,21.611
2025-10-14T18:20:00Z,1.7342141655296786,21.096
2025-10-14T18:30:00Z,1.7551418974013444,20.904
2025-10-14T18:40:00Z,1.747314165529673,20.991
2025-10-14T18:50:00Z,1.7524141655296788,21.06
2025-10-14T19:00:00Z,1.7655864336579938,21.406
2025-10-14T19:10:00Z,1.7598864336579965,21.357
2025-10-14T19:20:00Z,1.7481587017863305,21.388
2025-10-14T19:30:00Z,1.7332587017863261,21.174
2025-10-14T19:40:00Z,1.7217309699146526,21.125
2025-10-14T19:50:00Z,1.7281309699146519,21.254
2025-10-14T20:00:00Z,1.7266309699146518,21.236
2025-10-14T20:10:00Z,1.719330969914651,21.101
2025-10-14T20:20:00Z,1.7229309699146569,20.235
2025-10-14T20:30:00Z,1.7483309699146545,19.994
2025-10-14T20:40:00Z,1.719003238042987,19.882
2025-10-14T20:50:00Z,1.7215032380429847,19.938
2025-10-14T21:00:00Z,1.7269032380429863,20.029
2025-10-14T21:10:00Z,1.7244032380429886,19.989
2025-10-14T21:20:00Z,1.7310755061713152,20.34
2025-10-14T21:30:00Z,1.7338755061713158,20.413
2025-10-14T21:40:00Z,1.7325755061713153,20.41
2025-10-14T21:50:00Z,1.720447774299636,20.403
2025-10-14T22:00:00Z,1.7250477742996395,20.483
2025-10-14T22:10:00Z,1.7367477742996371,20.704
2025-10-14T22:20:00Z,1.7469477742996418,20.804
2025-10-14T22:30:00Z,1.7420477742996354,20.756
2025-10-14T22:40:00Z,1.7390477742996353,20.683
2025-10-14T22:50:00Z,1.7364477742996414,20.723
2025-10-14T23:00:00Z,1.7338477742996403,20.666
2025-10-14T23:10:00Z,1.6987477742996404,19.5
2025-10-14T23:20:00Z,1.7121200424279621,19.619
2025-10-14T23:30:00Z,1.6937200424279624,18.578
2025-10-14T23:40:00Z,1.7227200424279658,18.963
2025-10-14T23:50:00Z,1.752320042427968,19.851
2025-10-15T00:00:00Z,1.7482200424279668,19.774
2025-10-15T00:10:00Z,1.7436200424279633,19.742
2025-10-15T00:20:00Z,1.753820042427968,20.172
2025-10-15T00:30:00Z,1.7510200424279674,20.16
2025-10-15T00:40:00Z,1.7550200424279652,20.459
2025-10-15T00:50:00Z,1.7613200424279611,20.702
2025-10-15T01:00:00Z,1.7592200424279625,20.723
2025-10-15T01:10:00Z,1.7507200424279645,20.375
2025-10-15T01:20:00Z,1.748320042427963,20.242
2025-10-15T01:30:00Z,1.7506200424279612,20.433
2025-10-15T01:40:00Z,1.7454200424279662,20.299
2025-10-15T01:50:00Z,1.7229200424279654,19.607
2025-10-15T02:00:00Z,1.715720042427968,19.425
2025-10-15T02:10:00Z,1.7103923105562941,19.65
2025-10-15T02:20:00Z,1.7138923105562966,19.763
2025-10-15T02:30:00Z,1.6959923105562993,19.428
2025-10-15T02:40:00Z,1.7077923105563002,19.665
2025-10-15T02:50:00Z,1.6639923105562957,19.182
2025-10-15T03:00:00Z,1.6650923105562967,18.913
2025-10-15T03:10:00Z,1.6720200424279668,18.445
2025-10-15T03:20:00Z,1.6811200424279633,18.852
2025-10-15T03:30:00Z,1.6789200424279613,18.621
2025-10-15T03:40:00Z,1.6767200424279665,18.359
2025-10-15T03:50:00Z,1.681720042427962,17.256
2025-10-15T04:00:00Z,1.6811200424279633,17.456
2025-10-15T04:10:00Z,1.6864200424279616,17.23
2025-10-15T04:20:00Z,1.6923200424279656,18.23
2025-10-15T04:30:00Z,1.6933200424279633,18.144
2025-10-15T04:40:00Z,1.6819923105562964,18.594
2025-10-15T04:50:00Z,1.6972200424279649,18.731
2025-10-15T05:00:00Z,1.6934923105562945,18.873
2025-10-15T05:10:00Z,1.6979923105562946,18.842
2025-10-15T05:20:00Z,1.697392310556296,18.905
2025-10-15T05:30:00Z,1.6916645786846232,19.776
2025-10-15T05:40:00Z,1.6944645786846237,20.034
2025-10-15T05:50:00Z,1.6935645786846223,19.996
2025-10-15T06:00:00Z,1.693064578684627,19.956
2025-10-15T06:10:00Z,1.67993684681295,19.906
2025-10-15T06:20:00Z,1.6815368468129464,19.582
2025-10-15T06:30:00Z,1.6842368468129507,19.656
2025-10-15T06:40:00Z,1.6850368468129489,19.672
2025-10-15T06:50:00Z,1.6834368468129526,19.354
2025-10-15T07:00:00Z,1.6864368468129527,18.786
2025-10-15T07:10:00Z,1.6857368468129508,18.897
2025-10-15T07:20:00Z,1.678109114941286,19.154
2025-10-15T07:30:00Z,1.681509114941285,19.655
2025-10-15T07:40:00Z,1.6821091149412837,19.678
2025-10-15T07:50:00Z,1.6819091149412841,19.582
2025-10-15T08:00:00Z,1.6829091149412818,19.698
2025-10-15T08:10:00Z,1.6838091149412833,19.799
2025-10-15T08:20:00Z,1.6681813830696015,19.516
2025-10-15T08:30:00Z,1.6703813830696035,19.187
2025-10-15T08:40:00Z,1.669081383069603,19.075
2025-10-15T08:50:00Z,1.6676813830695991,18.749
2025-10-15T09:00:00Z,1.6680813830695982,18.616
2025-10-15T09:10:00Z,1.6673813830696034,18.566
2025-10-15T09:20:00Z,1.666181383069599,18.7
2025-10-15T09:30:00Z,1.6634813830696018,18.558
2025-10-15T09:40:00Z,1.660981383069604,18.23
2025-10-15T09:50:00Z,1.6652813830696047,19.002
2025-10-15T10:00:00Z,1.6665813830695981,18.719
2025-10-15T10:10:00Z,1.663181383069599,18.444
2025-10-15T10:20:00Z,1.6613813830696031,18.229
2025-10-15T10:30:00Z,1.6680813830695982,18.388
2025-10-15T10:40:00Z,1.669081383069603,18.585
2025-10-15T10:50:00Z,1.6673813830696034,18.714
2025-10-15T11:00:00Z,1.6645813830696028,18.815
2025-10-15T11:10:00Z,1.6882813830696008,19.298
2025-10-15T11:20:00Z,1.696081383069604,19.504
2025-10-15T11:30:00Z,1.6939813830695982,19.459
2025-10-15T11:40:00Z,1.6862813830695984,19.442
2025-10-15T11:50:00Z,1.7041091149412821,19.578
2025-10-15T12:00:00Z,1.6949091149412823,19.53
2025-10-15T12:10:00Z,1.6928091149412836,19.615
2025-10-15T12:20:00Z,1.7033368468129524,19.778
2025-10-15T12:30:00Z,1.7005368468129518,19.808
2025-10-15T12:40:00Z,1.6960368468129516,19.908
2025-10-15T12:50:00Z,1.7032645786846246,20.031
2025-10-15T13:00:00Z,1.6990645786846201,20.189
2025-10-15T13:10:00Z,1.6968645786846253,20.327
2025-10-15T13:20:00Z,1.7046923105562968,20.528
2025-10-15T13:30:00Z,1.6735923105562946,20.667
2025-10-15T13:40:00Z,1.6742200424279616,20.666
2025-10-15T13:50:00Z,1.6741200424279654,20.74
2025-10-15T14:00:00Z,1.6877477742996376,20.856
2025-10-15T14:10:00Z,1.6831477742996412,20.969
2025-10-15T14:20:00Z,1.6832477742996375,21.011
2025-10-15T14:30:00Z,1.6919755061713104,20.911
2025-10-15T14:40:00Z,1.6857755061713107,20.83
2025-10-15T14:50:00Z,1.6919032380429897,20.833
2025-10-15T15:00:00Z,1.689803238042984,20.881
2025-10-15T15:10:00Z,1.691703238042983,20.909
2025-10-15T15:20:00Z,1.6986309699146531,20.84
2025-10-15T15:30:00Z,1.7020309699146523,20.902
2025-10-15T15:40:00Z,1.7003309699146527,20.931
2025-10-15T15:50:00Z,1.7062309699146567,21.111
2025-10-15T16:00:00Z,1.7006309699146556,21.175
2025-10-15T16:10:00Z,1.70453096991465,21.173
2025-10-15T16:20:00Z,1.696730969914654,20.985
2025-10-15T16:30:00Z,1.688230969914656,20.865
2025-10-15T16:40:00Z,1.6886309699146551,20.831
2025-10-15T16:50:00Z,1.6865309699146565,20.749
2025-10-15T17:00:00Z,1.6785309699146538,20.641
2025-10-15T17:10:00Z,1.6764309699146551,20.633
2025-10-15T17:20:00Z,1.6759309699146527,20.619
2025-10-15T17:30:00Z,1.6625309699146555,20.389
2025-10-15T17:40:00Z,1.670130969914652,20.472
2025-10-15T17:50:00Z,1.6698309699146563,20.479
2025-10-15T18:00:00Z,1.6609309699146522,20.126
2025-10-15T18:10:00Z,1.6665309699146533,20.05
2025-10-15T18:20:00Z,1.6765309699146513,20.203
2025-10-15T18:30:00Z,1.6813309699146544,20.385
2025-10-15T18:40:00Z,1.6696032380429884,20.501
2025-10-15T18:50:00Z,1.6749032380429867,20.781
2025-10-15T19:00:00Z,1.6467032380429885,20.179
2025-10-15T19:10:00Z,1.6365755061713116,19.975
2025-10-15T19:20:00Z,1.6363755061713121,19.883
2025-10-15T19:30:00Z,1.6382755061713112,19.815
2025-10-15T19:40:00Z,1.6548032380429873,19.843
2025-10-15T19:50:00Z,1.65980323804299,19.867
2025-10-15T20:00:00Z,1.6604032380429885,19.856
2025-10-15T20:10:00Z,1.6641032380429834,19.859
2025-10-15T20:20:00Z,1.6605032380429847,19.824
2025-10-15T20:30:00Z,1.6647032380429891,19.816
2025-10-15T20:40:00Z,1.6505755061713145,19.757
2025-10-15T20:50:00Z,1.6508755061713103,19.752
2025-10-15T21:00:00Z,1.6486755061713154,19.679
2025-10-15T21:10:00Z,1.6482755061713092,19.624
2025-10-15T21:20:00Z,1.6411477742996397,19.583
2025-10-15T21:30:00Z,1.6423477742996369,19.621
2025-10-15T21:40:00Z,1.6432477742996383,19.554
2025-10-15T21:50:00Z,1.6428477742996392,19.515
2025-10-15T22:00:00Z,1.643147774299635,19.499
2025-10-15T22:10:00Z,1.6435477742996412,19.45
2025-10-15T22:20:00Z,1.646847774299637,19.412
2025-10-15T22:30:00Z,1.6487477742996361,19.343
2025-10-15T22:40:00Z,1.65014777429964,19.32
2025-10-15T22:50:00Z,1.6390200424279655,19.301
2025-10-15T23:00:00Z,1.6498477742996371,19.279
2025-10-15T23:10:00Z,1.6379200424279645,19.275
2025-10-15T23:20:00Z,1.6360200424279654,19.221
2025-10-15T23:30:00Z,1.6379200424279645,19.254
2025-10-15T23:40:00Z,1.6386200424279664,19.256
2025-10-15T23:50:00Z,1.639620042427964,19.251
2025-10-16T00:00:00Z,1.6402200424279627,19.288
2025-10-16T00:10:00Z,1.639220042427965,19.295
2025-10-16T00:20:00Z,1.635920042427962,19.213
2025-10-16T00:30:00Z,1.6390200424279655,19.257
2025-10-16T00:40:00Z,1.6349200424279644,19.189
2025-10-16T00:50:00Z,1.635520042427963,19.238
2025-10-16T01:00:00Z,1.629220042427967,19.127
2025-10-16T01:10:00Z,1.625920042427964,19.038
2025-10-16T01:20:00Z,1.6260200424279674,19.033
2025-10-16T01:30:00Z,1.6305200424279676,19.127
2025-10-16T01:40:00Z,1.6299200424279618,19.16
2025-10-16T01:50:00Z,1.6146200424279655,18.924
2025-10-16T02:00:00Z,1.611820042427965,18.736
2025-10-16T02:10:00Z,1.6186200424279633,18.806
2025-10-16T02:20:00Z,1.6142200424279665,18.756
2025-10-16T02:30:00Z,1.6084200424279658,18.652
2025-10-16T02:40:00Z,1.6184477742996393,18.63
2025-10-16T02:50:00Z,1.6126477742996386,18.731
2025-10-16T03:00:00Z,1.612847774299638,18.8
2025-10-16T03:10:00Z,1.6137477742996396,18.703
2025-10-16T03:20:00Z,1.6219755061713101,18.63
2025-10-16T03:30:00Z,1.6166755061713118,18.724
2025-10-16T03:40:00Z,1.6117755061713126,18.898
2025-10-16T03:50:00Z,1.617703238042985,18.918
2025-10-16T04:00:00Z,1.6143032380429858,18.701
2025-10-16T04:10:00Z,1.6113032380429857,18.934
2025-10-16T04:20:00Z,1.6083032380429856,18.849
2025-10-16T04:30:00Z,1.6057032380429845,18.898
2025-10-16T04:40:00Z,1.6175309699146538,18.88
2025-10-16T04:50:00Z,1.6175309699146538,18.855
2025-10-16T05:00:00Z,1.619830969914652,18.835
2025-10-16T05:10:00Z,1.6315587017863251,18.822
2025-10-16T05:20:00Z,1.6327587017863294,18.826
2025-10-16T05:30:00Z,1.6360587017863253,18.784
2025-10-16T05:40:00Z,1.6375587017863253,18.785
2025-10-16T05:50:00Z,1.639658701786324,18.75
2025-10-16T06:00:00Z,1.6398587017863306,18.724
2025-10-16T06:10:00Z,1.640358701786326,18.733
2025-10-16T06:20:00Z,1.641158701786324,18.743
2025-10-16T06:30:00Z,1.6302309699146562,18.701
2025-10-16T06:40:00Z,1.6315309699146567,18.678
2025-10-16T06:50:00Z,1.6363309699146527,18.679
2025-10-16T07:00:00Z,1.6381309699146556,18.65
2025-10-16T07:10:00Z,1.6409309699146561,18.659
2025-10-16T07:20:00Z,1.6400309699146547,18.664
2025-10-16T07:30:00Z,1.639430969914656,18.643
2025-10-16T07:40:00Z,1.6374309699146536,18.617
2025-10-16T07:50:00Z,1.62620323804299,18.631
2025-10-16T08:00:00Z,1.6245032380429834,18.79
2025-10-16T08:10:00Z,1.623603238042989,18.809
2025-10-16T08:20:00Z,1.6263032380429863,18.758
2025-10-16T08:30:00Z,1.6269032380429849,18.815
2025-10-16T08:40:00Z,1.627703238042983,18.879
2025-10-16T08:50:00Z,1.6283032380429887,18.708
2025-10-16T09:00:00Z,1.629503238042986,18.686
2025-10-16T09:10:00Z,1.6290032380429835,18.75
2025-10-16T09:20:00Z,1.6309032380429898,18.753
2025-10-16T09:30:00Z,1.6297032380429854,18.834
2025-10-16T09:40:00Z,1.6305032380429836,18.902
2025-10-16T09:50:00Z,1.6400032380429863,19.069
2025-10-16T10:00:00Z,1.6264032380429896,19.185
2025-10-16T10:10:00Z,1.6239032380429848,19.269
2025-10-16T10:20:00Z,1.621003238042988,19.416
2025-10-16T10:30:00Z,1.6175032380429855,19.623
2025-10-16T10:40:00Z,1.6121032380429838,19.776
2025-10-16T10:50:00Z,1.6083032380429856,20.567
2025-10-16T11:00:00Z,1.608103238042986,21.18
2025-10-16T11:10:00Z,1.6072032380429846,20.847
2025-10-16T11:20:00Z,1.6056032380429883,20.646
2025-10-16T11:30:00Z,1.6143309699146542,20.611
2025-10-16T11:40:00Z,1.6111309699146545,20.693
2025-10-16T11:50:00Z,1.609430969914655,20.761
2025-10-16T12:00:00Z,1.6171587017863303,20.825
2025-10-16T12:10:00Z,1.6125587017863268,21.058
2025-10-16T12:20:00Z,1.603758701786326,21.163
2025-10-16T12:30:00Z,1.601158701786325,21.283
2025-10-16T12:40:00Z,1.5979587017863253,21.376
2025-10-16T12:50:00Z,1.6057864336579968,21.45
2025-10-16T13:00:00Z,1.6092864336579922,21.494
2025-10-16T13:10:00Z,1.6117141655296763,21.58
2025-10-16T13:20:00Z,1.6085141655296766,21.775
2025-10-16T13:30:00Z,1.6029141655296755,21.781
2025-10-16T13:40:00Z,1.6134418974013442,21.782
2025-10-16T13:50:00Z,1.608141897401346,21.864
2025-10-16T14:00:00Z,1.6032418974013396,21.94
2025-10-16T14:10:00Z,1.5999418974013437,22.035
2025-10-16T14:20:00Z,1.6086696292730167,22.068
2025-10-16T14:30:00Z,1.603569629273018,22.11
2025-10-16T14:40:00Z,1.6020696292730179,22.196
2025-10-16T14:50:00Z,1.5990696292730178,22.245
2025-10-16T15:00:00Z,1.613097361144689,22.274
2025-10-16T15:10:00Z,1.6091973611446875,22.272
2025-10-16T15:20:00Z,1.6189250930163581,22.236
2025-10-16T15:30:00Z,1.6179250930163604,22.191
2025-10-16T15:40:00Z,1.6140250930163589,22.146
2025-10-16T15:50:00Z,1.6138250930163593,22.137
2025-10-16T16:00:00Z,1.6121250930163598,22.129
2025-10-16T16:10:00Z,1.6117250930163607,22.119
2025-10-16T16:20:00Z,1.623152824888031,22.054
2025-10-16T16:30:00Z,1.6208528248880327,22.01
2025-10-16T16:40:00Z,1.6210528248880323,21.956
2025-10-16T16:50:00Z,1.6182528248880317,21.904
2025-10-16T17:00:00Z,1.6175528248880298,21.685
2025-10-16T17:10:00Z,1.6205528248880299,21.614
2025-10-16T17:20:00Z,1.6178528248880326,21.585
2025-10-16T17:30:00Z,1.6188528248880303,21.557
2025-10-16T17:40:00Z,1.6205528248880299,21.395
2025-10-16T17:50:00Z,1.6197528248880317,21.195
2025-10-16T18:00:00Z,1.6163528248880326,21.267
2025-10-16T18:10:00Z,1.6181528248880284,21.252
2025-10-16T18:20:00Z,1.6178528248880326,21.245
2025-10-16T18:30:00Z,1.6225528248880323,20.981
2025-10-16T18:40:00Z,1.6236528248880333,20.899
2025-10-16T18:50:00Z,1.6266528248880334,20.998
2025-10-16T19:00:00Z,1.6260528248880348,20.901
2025-10-16T19:10:00Z,1.6282528248880297,20.827
2025-10-16T19:20:00Z,1.6296528248880335,20.927
2025-10-16T19:30:00Z,1.6225250930163568,20.982
2025-10-16T19:40:00Z,1.623325093016355,20.984
2025-10-16T19:50:00Z,1.6245250930163593,20.948
2025-10-16T20:00:00Z,1.6260250930163593,20.922
2025-10-16T20:10:00Z,1.6284250930163608,20.726
2025-10-16T20:20:00Z,1.6155973611446939,20.624
2025-10-16T20:30:00Z,1.6218973611446899,20.723
2025-10-16T20:40:00Z,1.6169973611446906,20.724
2025-10-16T20:50:00Z,1.6129973611446928,20.807
2025-10-16T21:00:00Z,1.6188973611446897,20.864
2025-10-16T21:10:00Z,1.6181973611446878,20.886
2025-10-16T21:20:00Z,1.6132973611446886,20.613
2025-10-16T21:30:00Z,1.5971696292730186,20.553
2025-10-16T21:40:00Z,1.6045696292730156,20.588
2025-10-16T21:50:00Z,1.617097361144694,20.631
2025-10-16T22:00:00Z,1.614897361144692,20.578
2025-10-16T22:10:00Z,1.6071696292730167,20.484
2025-10-16T22:20:00Z,1.6135973611446914,20.413
2025-10-16T22:30:00Z,1.6114973611446928,20.457
2025-10-16T22:40:00Z,1.5963696292730134,20.494
2025-10-16T22:50:00Z,1.5925696292730152,20.288
2025-10-16T23:00:00Z,1.5867696292730145,20.342
2025-10-16T23:10:00Z,1.5938696292730157,20.453
2025-10-16T23:20:00Z,1.6051973611446897,20.469
2025-10-16T23:30:00Z,1.6065973611446935,20.496
2025-10-16T23:40:00Z,1.6033973611446939,20.417
2025-10-16T23:50:00Z,1.6001973611446871,20.456
2025-10-17T00:00:00Z,1.6101250930163573,20.398
2025-10-17T00:10:00Z,1.6043250930163566,20.345
2025-10-17T00:20:00Z,1.603025093016356,20.387
2025-10-17T00:30:00Z,1.5960973611446931,20.315
2025-10-17T00:40:00Z,1.6088250930163568,20.351
2025-10-17T00:50:00Z,1.6077250930163558,20.339
2025-10-17T01:00:00Z,1.6076250930163596,20.305
2025-10-17T01:10:00Z,1.6114250930163578,20.285
2025-10-17T01:20:00Z,1.6173250930163547,20.247
2025-10-17T01:30:00Z,1.6213250930163596,20.223
2025-10-17T01:40:00Z,1.6206250930163577,20.165
2025-10-17T01:50:00Z,1.6231250930163554,20.162
2025-10-17T02:00:00Z,1.62112509301636,19.968
2025-10-17T02:10:00Z,1.6017973611446905,19.924
2025-10-17T02:20:00Z,1.60199736114469,19.884
2025-10-17T02:30:00Z,1.5978696292730135,19.841
2025-10-17T02:40:00Z,1.59506962927302,19.875
2025-10-17T02:50:00Z,1.5942696292730147,19.864
2025-10-17T03:00:00Z,1.6061973611446874,19.792
2025-10-17T03:10:00Z,1.609397361144687,19.873
2025-10-17T03:20:00Z,1.614597361144689,19.8
2025-10-17T03:30:00Z,1.6176973611446925,19.82
2025-10-17T03:40:00Z,1.613397361144692,19.852
2025-10-17T03:50:00Z,1.6081973611446898,19.847
2025-10-17T04:00:00Z,1.609397361144687,19.862
2025-10-17T04:10:00Z,1.612297361144691,19.896
2025-10-17T04:20:00Z,1.6005696292730178,19.881
2025-10-17T04:30:00Z,1.6037696292730175,19.944
2025-10-17T04:40:00Z,1.606569629273018,19.893
2025-10-17T04:50:00Z,1.610269629273013,19.906
2025-10-17T05:00:00Z,1.6189696292730176,19.976
2025-10-17T05:10:00Z,1.6270696292730165,19.898
2025-10-17T05:20:00Z,1.625069629273014,19.922
2025-10-17T05:30:00Z,1.6281696292730174,19.906
2025-10-17T05:40:00Z,1.6142418974013424,19.871
2025-10-17T05:50:00Z,1.6160418974013453,19.845
2025-10-17T06:00:00Z,1.6204418974013421,19.912
2025-10-17T06:10:00Z,1.6078141655296747,19.916
2025-10-17T06:20:00Z,1.6114141655296734,19.912
2025-10-17T06:30:00Z,1.6106141655296753,19.903
2025-10-17T06:40:00Z,1.6125141655296744,19.863
2025-10-17T06:50:00Z,1.613814165529675,19.974
2025-10-17T07:00:00Z,1.6060864336579925,19.904
2025-10-17T07:10:00Z,1.6041864336579934,19.86
2025-10-17T07:20:00Z,1.6063864336579954,19.847
2025-10-17T07:30:00Z,1.6103864336579932,19.805
2025-10-17T07:40:00Z,1.6127864336579947,19.869
2025-10-17T07:50:00Z,1.618786433657995,19.873
2025-10-17T08:00:00Z,1.6216864336579917,19.853
2025-10-17T08:10:00Z,1.6219864336579946,19.93
2025-10-17T08:20:00Z,1.6101587017863253,19.947
2025-10-17T08:30:00Z,1.6108587017863272,19.993
2025-10-17T08:40:00Z,1.614458701786326,20.042
2025-10-17T08:50:00Z,1.608030969914651,20.026
2025-10-17T09:00:00Z,1.6052309699146505,20.143
2025-10-17T09:10:00Z,1.6043309699146562,20.163
2025-10-17T09:20:00Z,1.6041309699146566,20.157
2025-10-17T09:30:00Z,1.6063309699146515,20.259
2025-10-17T09:40:00Z,1.5983032380429876,20.35
2025-10-17T09:50:00Z,1.5963032380429851,20.487
2025-10-17T10:00:00Z,1.595103238042988,20.546
2025-10-17T10:10:00Z,1.59880323804299,20.698
2025-10-17T10:20:00Z,1.6024032380429887,20.646
2025-10-17T10:30:00Z,1.604403238042984,20.715
2025-10-17T10:40:00Z,1.5965032380429847,20.89
2025-10-17T10:50:00Z,1.5932032380429888,20.956
2025-10-17T11:00:00Z,1.599130969914654,21.071
2025-10-17T11:10:00Z,1.5838032380429894,21.162
2025-10-17T11:20:00Z,1.5948309699146535,21.213
2025-10-17T11:30:00Z,1.593530969914653,21.322
2025-10-17T11:40:00Z,1.5906309699146561,21.51
2025-10-17T11:50:00Z,1.587630969914656,21.639
2025-10-17T12:00:00Z,1.5816309699146558,21.669
2025-10-17T12:10:00Z,1.5766309699146532,21.76
2025-10-17T12:20:00Z,1.583458701786327,21.839
2025-10-17T12:30:00Z,1.5784587017863245,21.934
2025-10-17T12:40:00Z,1.5724587017863243,22.016
2025-10-17T12:50:00Z,1.567558701786325,22.087
2025-10-17T13:00:00Z,1.577386433657992,22.074
2025-10-17T13:10:00Z,1.5764864336579976,22.15
2025-10-17T13:20:00Z,1.5862141655296753,22.226
2025-10-17T13:30:00Z,1.5806141655296742,22.243
2025-10-17T13:40:00Z,1.5797141655296727,22.327
2025-10-17T13:50:00Z,1.5942418974013393,22.374
2025-10-17T14:00:00Z,1.5906418974013405,22.56
2025-10-17T14:10:00Z,1.5836418974013426,22.59
2025-10-17T14:20:00Z,1.5801418974013401,22.558
2025-10-17T14:30:00Z,1.5989696292730144,22.637
2025-10-17T14:40:00Z,1.5961696292730139,22.764
2025-10-17T14:50:00Z,1.5971696292730186,22.811
2025-10-17T15:00:00Z,1.6000696292730154,22.769
2025-10-17T15:10:00Z,1.606797361144693,22.718
2025-10-17T15:20:00Z,1.6080973611446936,22.638
2025-10-17T15:30:00Z,1.6080973611446936,22.653
2025-10-17T15:40:00Z,1.6071973611446921,22.615
2025-10-17T15:50:00Z,1.6036973611446896,22.618
2025-10-17T16:00:00Z,1.592869629273018,22.58
2025-10-17T16:10:00Z,1.6032973611446906,22.551
2025-10-17T16:20:00Z,1.6050973611446935,22.584
2025-10-17T16:30:00Z,1.6057973611446883,22.576
2025-10-17T16:40:00Z,1.6005973611446933,22.568
2025-10-17T16:50:00Z,1.6003973611446938,22.517
2025-10-17T17:00:00Z,1.606397361144694,22.468
2025-10-17T17:10:00Z,1.5914696292730142,22.429
2025-10-17T17:20:00Z,1.6053973611446892,22.395
2025-10-17T17:30:00Z,1.589969629273014,22.342
2025-10-17T17:40:00Z,1.6068973611446893,22.256
2025-10-17T17:50:00Z,1.60349736114469,22.184
2025-10-17T18:00:00Z,1.5962696292730172,22.1
2025-10-17T18:10:00Z,1.5972696292730149,21.687
2025-10-17T18:20:00Z,1.5983696292730158,21.64
2025-10-17T18:30:00Z,1.599869629273016,21.648
2025-10-17T18:40:00Z,1.601769629273015,21.743
2025-10-17T18:50:00Z,1.6056696292730166,21.793
2025-10-17T19:00:00Z,1.6000696292730154,21.762
2025-10-17T19:10:00Z,1.6036696292730142,21.759
2025-10-17T19:20:00Z,1.593341897401345,21.752
2025-10-17T19:30:00Z,1.6064696292730147,21.671
2025-10-17T19:40:00Z,1.5983418974013404,21.653
2025-10-17T19:50:00Z,1.5984418974013437,21.618
2025-10-17T20:00:00Z,1.5955418974013398,21.573
2025-10-17T20:10:00Z,1.5992418974013418,21.522
2025-10-17T20:20:00Z,1.588714165529673,21.388
2025-10-17T20:30:00Z,1.6005418974013423,21.387
2025-10-17T20:40:00Z,1.5896141655296745,21.393
2025-10-17T20:50:00Z,1.5900141655296736,21.376
2025-10-17T21:00:00Z,1.587614165529672,21.316
2025-10-17T21:10:00Z,1.5922141655296755,21.285
2025-10-17T21:20:00Z,1.5930141655296737,21.253
2025-10-17T21:30:00Z,1.5940141655296785,21.191
2025-10-17T21:40:00Z,1.590914165529675,21.232
2025-10-17T21:50:00Z,1.5910141655296783,21.176
2025-10-17T22:00:00Z,1.591614165529677,21.114
2025-10-17T22:10:00Z,1.591314165529674,21.086
2025-10-17T22:20:00Z,1.5878141655296787,21.097
2025-10-17T22:30:00Z,1.5933141655296765,21.019
2025-10-17T22:40:00Z,1.5933141655296765,21.031
2025-10-17T22:50:00Z,1.5899141655296773,20.964
2025-10-17T23:00:00Z,1.595314165529679,20.876
2025-10-17T23:10:00Z,1.5945141655296737,20.946
2025-10-17T23:20:00Z,1.5952141655296757,20.904
2025-10-17T23:30:00Z,1.6007141655296735,20.852
2025-10-17T23:40:00Z,1.5896864336579952,20.827
2025-10-17T23:50:00Z,1.5861864336579927,20.811
2025-10-18T00:00:00Z,1.5880864336579918,20.791
2025-10-18T00:10:00Z,1.5913864336579948,20.743
2025-10-18T00:20:00Z,1.589986433657991,20.712
2025-10-18T00:30:00Z,1.595186433657993,20.634
2025-10-18T00:40:00Z,1.5964864336579936,20.611
2025-10-18T00:50:00Z,1.5956864336579955,20.588
2025-10-18T01:00:00Z,1.5950864336579968,20.523
2025-10-18T01:10:00Z,1.5876587017863244,20.527
2025-10-18T01:20:00Z,1.594386433657995,20.448
2025-10-18T01:30:00Z,1.58525870178633,20.439
2025-10-18T01:40:00Z,1.58375870178633,20.589
2025-10-18T01:50:00Z,1.581158701786329,20.763
2025-10-18T02:00:00Z,1.5816587017863242,20.789
2025-10-18T02:10:00Z,1.583058701786328,20.568
2025-10-18T02:20:00Z,1.581958701786327,20.489
2025-10-18T02:30:00Z,1.5846587017863243,20.406
2025-10-18T02:40:00Z,1.5820587017863303,20.406
2025-10-18T02:50:00Z,1.5832587017863275,20.318
2025-10-18T03:00:00Z,1.5839587017863295,20.338
2025-10-18T03:10:00Z,1.584558701786328,20.362
2025-10-18T03:20:00Z,1.5850587017863305,20.318
2025-10-18T03:30:00Z,1.5836587017863266,20.408
2025-10-18T03:40:00Z,1.58525870178633,20.44
2025-10-18T03:50:00Z,1.5847587017863276,20.431
2025-10-18T04:00:00Z,1.5864587017863272,20.404
2025-10-18T04:10:00Z,1.5894587017863273,20.356
2025-10-18T04:20:00Z,1.593058701786326,20.31
2025-10-18T04:30:00Z,1.595658701786327,20.328
2025-10-18T04:40:00Z,1.597858701786329,20.325
2025-10-18T04:50:00Z,1.598558701786331,20.313
2025-10-18T05:00:00Z,1.6010587017863287,20.274
2025-10-18T05:10:00Z,1.6031587017863274,20.277
2025-10-18T05:20:00Z,1.597630969914654,20.254
2025-10-18T05:30:00Z,1.5993309699146536,20.259
2025-10-18T05:40:00Z,1.6044309699146524,20.293
2025-10-18T05:50:00Z,1.5920032380429845,20.178
2025-10-18T06:00:00Z,1.595503238042987,20.087
2025-10-18T06:10:00Z,1.595103238042988,20.097
2025-10-18T06:20:00Z,1.5969032380429837,20.049
2025-10-18T06:30:00Z,1.5899755061713137,20.018
2025-10-18T06:40:00Z,1.594175506171311,19.98
2025-10-18T06:50:00Z,1.598975506171314,19.803
2025-10-18T07:00:00Z,1.601575506171315,19.856
2025-10-18T07:10:00Z,1.6060755061713152,19.877
2025-10-18T07:20:00Z,1.613375506171316,19.947
2025-10-18T07:30:00Z,1.6062477742996393,20.005
2025-10-18T07:40:00Z,1.6092477742996394,19.896
2025-10-18T07:50:00Z,1.6003200424279669,19.987
2025-10-18T08:00:00Z,1.601820042427967,20.074
2025-10-18T08:10:00Z,1.6040200424279618,20.164
2025-10-18T08:20:00Z,1.5905923105562962,20.28
2025-10-18T08:30:00Z,1.5951923105562997,20.364
2025-10-18T08:40:00Z,1.5886645786846216,20.366
2025-10-18T08:50:00Z,1.5916645786846217,20.388
2025-10-18T09:00:00Z,1.5963645786846214,20.474
2025-10-18T09:10:00Z,1.596164578684622,20.519
2025-10-18T09:20:00Z,1.601764578684623,20.518
2025-10-18T09:30:00Z,1.6048645786846265,20.689
2025-10-18T09:40:00Z,1.6043645786846241,20.77
2025-10-18T09:50:00Z,1.594136846812951,20.892
2025-10-18T10:00:00Z,1.591836846812953,20.998
2025-10-18T10:10:00Z,1.5910368468129477,21.038
2025-10-18T10:20:00Z,1.5818091149412794,21.084
2025-10-18T10:30:00Z,1.5785091149412835,21.155
2025-10-18T10:40:00Z,1.5748091149412815,21.211
2025-10-18T10:50:00Z,1.57390911494128,21.282
2025-10-18T11:00:00Z,1.5736091149412843,21.37
2025-10-18T11:10:00Z,1.5722091149412805,21.407
2025-10-18T11:20:00Z,1.5693091149412837,21.448
2025-10-18T11:30:00Z,1.5670091149412855,21.447
2025-10-18T11:40:00Z,1.5740368468129518,21.465
2025-10-18T11:50:00Z,1.5702368468129464,21.497
2025-10-18T12:00:00Z,1.5681368468129477,21.54
2025-10-18T12:10:00Z,1.5650368468129514,21.639
2025-10-18T12:20:00Z,1.5611368468129498,21.748
2025-10-18T12:30:00Z,1.5722645786846243,21.841
2025-10-18T12:40:00Z,1.5703645786846252,21.888
2025-10-18T12:50:00Z,1.5666645786846232,21.929
2025-10-18T13:00:00Z,1.5630645786846245,22.019
2025-10-18T13:10:00Z,1.5735923105563003,22.125
2025-10-18T13:20:00Z,1.571292310556295,22.179
2025-10-18T13:30:00Z,1.5683923105562982,22.28
2025-10-18T13:40:00Z,1.5660923105563,22.342
2025-10-18T13:50:00Z,1.5757200424279674,22.381
2025-10-18T14:00:00Z,1.5755200424279678,22.449
2025-10-18T14:10:00Z,1.573020042427963,22.48
2025-10-18T14:20:00Z,1.5754200424279645,22.557
2025-10-18T14:30:00Z,1.5871477742996376,22.639
2025-10-18T14:40:00Z,1.5868477742996419,22.71
2025-10-18T14:50:00Z,1.5851477742996352,22.802
2025-10-18T15:00:00Z,1.5848477742996394,22.852
2025-10-18T15:10:00Z,1.5814477742996402,22.908
2025-10-18T15:20:00Z,1.5807477742996383,22.94
2025-10-18T15:30:00Z,1.5781477742996373,22.948
2025-10-18T15:40:00Z,1.5756477742996395,22.942
2025-10-18T15:50:00Z,1.5760477742996386,22.839
2025-10-18T16:00:00Z,1.5740477742996362,22.801
2025-10-18T16:10:00Z,1.5876755061713155,22.793
2025-10-18T16:20:00Z,1.588275506171314,22.766
2025-10-18T16:30:00Z,1.587175506171313,22.766
2025-10-18T16:40:00Z,1.5844755061713158,22.773
2025-10-18T16:50:00Z,1.5854755061713135,22.556
2025-10-18T17:00:00Z,1.585275506171314,22.489
2025-10-18T17:10:00Z,1.581275506171309,22.553
2025-10-18T17:20:00Z,1.5858755061713126,22.56
2025-10-18T17:30:00Z,1.5859755061713159,22.546
2025-10-18T17:40:00Z,1.5886755061713131,22.519
2025-10-18T17:50:00Z,1.59607550617131,22.477
2025-10-18T18:00:00Z,1.5998755061713155,22.35
2025-10-18T18:10:00Z,1.60527550617131,22.174
2025-10-18T18:20:00Z,1.6043755061713156,22.169
2025-10-18T18:30:00Z,1.60827550617131,22.121
2025-10-18T18:40:00Z,1.6103755061713159,22.102
2025-10-18T18:50:00Z,1.5959477742996384,22.037
2025-10-18T19:00:00Z,1.598047774299637,22.052
2025-10-18T19:10:00Z,1.5897200424279632,22.037
2025-10-18T19:20:00Z,1.5894200424279674,21.977
2025-10-18T19:30:00Z,1.5924200424279675,21.931
2025-10-18T19:40:00Z,1.5910200424279637,21.908
2025-10-18T19:50:00Z,1.5932200424279657,21.843
2025-10-18T20:00:00Z,1.5986200424279673,21.807
2025-10-18T20:10:00Z,1.5934923105563001,21.766
2025-10-18T20:20:00Z,1.5907923105562958,21.714
2025-10-18T20:30:00Z,1.5936923105562997,21.636
2025-10-18T20:40:00Z,1.5931923105562973,21.597
2025-10-18T20:50:00Z,1.5984923105562956,21.554
2025-10-18T21:00:00Z,1.5966923105562998,21.54
2025-10-18T21:10:00Z,1.5809645786846218,21.504
2025-10-18T21:20:00Z,1.5815645786846204,21.479
2025-10-18T21:30:00Z,1.5789645786846265,21.444
2025-10-18T21:40:00Z,1.579164578684626,21.38
2025-10-18T21:50:00Z,1.5790645786846227,21.355
2025-10-18T22:00:00Z,1.5749645786846216,21.371
2025-10-18T22:10:00Z,1.5788645786846232,21.344
2025-10-18T22:20:00Z,1.5781645786846212,21.267
2025-10-18T22:30:00Z,1.578464578684624,21.304
2025-10-18T22:40:00Z,1.578064578684625,21.277
2025-10-18T22:50:00Z,1.5792645786846222,21.274
2025-10-18T23:00:00Z,1.5789645786846265,21.264
2025-10-18T23:10:00Z,1.574364578684623,21.235
2025-10-18T23:20:00Z,1.5768645786846207,21.175
2025-10-18T23:30:00Z,1.5726645786846234,21.155
2025-10-18T23:40:00Z,1.5702645786846219,21.11
2025-10-18T23:50:00Z,1.5681645786846232,21.075
2025-10-19T00:00:00Z,1.5649645786846236,21.049
2025-10-19T00:10:00Z,1.5789923105562949,21.018
2025-10-19T00:20:00Z,1.5790923105562982,20.994
2025-10-19T00:30:00Z,1.5802923105562954,20.967
2025-10-19T00:40:00Z,1.5805923105562982,20.958
2025-10-19T00:50:00Z,1.5850923105562984,20.917
2025-10-19T01:00:00Z,1.584992310556295,20.9
2025-10-19T01:10:00Z,1.5826923105562969,20.818
2025-10-19T01:20:00Z,1.5769923105562995,20.685
2025-10-19T01:30:00Z,1.5803923105562987,20.671
2025-10-19T01:40:00Z,1.576392310556301,20.68
2025-10-19T01:50:00Z,1.574192310556299,20.743
2025-10-19T02:00:00Z,1.5702923105562974,20.701
2025-10-19T02:10:00Z,1.5737923105562999,20.581
2025-10-19T02:20:00Z,1.5728923105562984,20.642
2025-10-19T02:30:00Z,1.573492310556297,20.724
2025-10-19T02:40:00Z,1.5692923105562997,20.741
2025-10-19T02:50:00Z,1.5796200424279618,20.677
2025-10-19T03:00:00Z,1.5776200424279665,20.591
2025-10-19T03:10:00Z,1.5777200424279627,20.58
2025-10-19T03:20:00Z,1.5749200424279621,20.569
2025-10-19T03:30:00Z,1.572320042427961,20.523
2025-10-19T03:40:00Z,1.573720042427965,20.577
2025-10-19T03:50:00Z,1.5783200424279613,20.539
2025-10-19T04:00:00Z,1.5776200424279665,20.51
2025-10-19T04:10:00Z,1.5843200424279615,20.533
2025-10-19T04:20:00Z,1.588220042427963,20.491
2025-10-19T04:30:00Z,1.5891200424279646,20.575
2025-10-19T04:40:00Z,1.588220042427963,20.582
2025-10-19T04:50:00Z,1.5965200424279615,20.56
2025-10-19T05:00:00Z,1.5953200424279643,20.215
2025-10-19T05:10:00Z,1.5941200424279671,20.299
2025-10-19T05:20:00Z,1.5960200424279662,20.34
2025-10-19T05:30:00Z,1.5864923105562951,20.486
2025-10-19T05:40:00Z,1.5881923105562947,20.427
2025-10-19T05:50:00Z,1.5927923105562982,20.329
2025-10-19T06:00:00Z,1.5969923105562955,20.268
2025-10-19T06:10:00Z,1.5988923105562947,20.217
2025-10-19T06:20:00Z,1.6040923105562968,20.211
2025-10-19T06:30:00Z,1.6047923105562987,20.232
2025-10-19T06:40:00Z,1.59696457868462,20.284
2025-10-19T06:50:00Z,1.5993645786846216,20.274
2025-10-19T07:00:00Z,1.602464578684625,20.299
2025-10-19T07:10:00Z,1.5943368468129506,20.322
2025-10-19T07:20:00Z,1.599336846812946,20.327
2025-10-19T07:30:00Z,1.6006368468129466,20.253
2025-10-19T07:40:00Z,1.607436846812952,20.179
2025-10-19T07:50:00Z,1.5948091149412846,20.074
2025-10-19T08:00:00Z,1.6035091149412821,20.216
2025-10-19T08:10:00Z,1.6060091149412798,20.288
2025-10-19T08:20:00Z,1.591781383069602,20.317
2025-10-19T08:30:00Z,1.6000813830696003,20.432
2025-10-19T08:40:00Z,1.5988813830696031,20.321
2025-10-19T08:50:00Z,1.6018813830696033,20.447
2025-10-19T09:00:00Z,1.5973536511979418,20.55
2025-10-19T09:10:00Z,1.5995536511979438,20.415
2025-10-19T09:20:00Z,1.5972536511979385,20.418
2025-10-19T09:30:00Z,1.5832259193262601,20.531
2025-10-19T09:40:00Z,1.581325919326261,20.756
2025-10-19T09:50:00Z,1.5811259193262615,20.792
2025-10-19T10:00:00Z,1.5793259193262585,21.016
2025-10-19T10:10:00Z,1.578425919326257,21.185
2025-10-19T10:20:00Z,1.5747259193262622,21.283
2025-10-19T10:30:00Z,1.5759259193262594,21.351
2025-10-19T10:40:00Z,1.5742259193262598,21.394
2025-10-19T10:50:00Z,1.5773259193262632,21.415
2025-10-19T11:00:00Z,1.5733259193262583,21.44
2025-10-19T11:10:00Z,1.5798536511979435,21.47
2025-10-19T11:20:00Z,1.5740536511979428,21.54
2025-10-19T11:30:00Z,1.5730536511979452,21.67
2025-10-19T11:40:00Z,1.5655536511979449,21.743
2025-10-19T11:50:00Z,1.5608536511979452,21.82
2025-10-19T12:00:00Z,1.5588536511979427,21.959
2025-10-19T12:10:00Z,1.5669813830696029,22.109
2025-10-19T12:20:00Z,1.5630813830696013,22.252
2025-10-19T12:30:00Z,1.559981383069605,22.362
2025-10-19T12:40:00Z,1.5682091149412827,22.431
2025-10-19T12:50:00Z,1.5666091149412793,22.481
2025-10-19T13:00:00Z,1.5769368468129485,22.547
2025-10-19T13:10:00Z,1.5731368468129503,22.628
2025-10-19T13:20:00Z,1.5697368468129511,22.754
2025-10-19T13:30:00Z,1.5811645786846213,22.749
2025-10-19T13:40:00Z,1.575064578684625,22.776
2025-10-19T13:50:00Z,1.5777645786846222,22.797
2025-10-19T14:00:00Z,1.5805645786846227,22.691
2025-10-19T14:10:00Z,1.5796645786846213,22.881
2025-10-19T14:20:00Z,1.5835923105562983,22.935
2025-10-19T14:30:00Z,1.584992310556295,22.906
2025-10-19T14:40:00Z,1.5844923105562998,22.959
2025-10-19T14:50:00Z,1.5812923105563002,22.923
2025-10-19T15:00:00Z,1.5779923105562972,22.943
2025-10-19T15:10:00Z,1.576392310556301,22.913
2025-10-19T15:20:00Z,1.5752923105563,22.887
2025-10-19T15:30:00Z,1.5743923105562985,22.894
2025-10-19T15:40:00Z,1.5728923105562984,22.935
2025-10-19T15:50:00Z,1.5821200424279667,22.954
2025-10-19T16:00:00Z,1.5803200424279638,22.903
2025-10-19T16:10:00Z,1.5776200424279665,22.944
2025-10-19T16:20:00Z,1.5807200424279628,22.972
2025-10-19T16:30:00Z,1.5777200424279627,22.882
2025-10-19T16:40:00Z,1.575920042427967,22.801
2025-10-19T16:50:00Z,1.580647774299635,22.761
2025-10-19T17:00:00Z,1.5794477742996378,22.721
2025-10-19T17:10:00Z,1.5790477742996387,22.707
2025-10-19T17:20:00Z,1.5827477742996408,22.701
2025-10-19T17:30:00Z,1.5862477742996361,22.676
2025-10-19T17:40:00Z,1.5859477742996404,22.638
2025-10-19T17:50:00Z,1.5844477742996403,22.546
2025-10-19T18:00:00Z,1.5864477742996357,22.358
2025-10-19T18:10:00Z,1.5911477742996354,22.312
2025-10-19T18:20:00Z,1.5933477742996374,22.277
2025-10-19T18:30:00Z,1.597647774299638,22.239
2025-10-19T18:40:00Z,1.5971477742996356,22.182
2025-10-19T18:50:00Z,1.6010477742996372,22.093
2025-10-19T19:00:00Z,1.6001477742996357,22.171
2025-10-19T19:10:00Z,1.5942200424279633,22.174
2025-10-19T19:20:00Z,1.5964200424279653,22.118
2025-10-19T19:30:00Z,1.597420042427963,22.092
2025-10-19T19:40:00Z,1.6014200424279679,22.016
2025-10-19T19:50:00Z,1.5988200424279668,21.974
2025-10-19T20:00:00Z,1.5855923105563008,21.932
2025-10-19T20:10:00Z,1.586792310556298,21.877
2025-10-19T20:20:00Z,1.5879923105562952,21.839
2025-10-19T20:30:00Z,1.5891923105562995,21.786
2025-10-19T20:40:00Z,1.5774645786846264,21.76
2025-10-19T20:50:00Z,1.5936923105562997,21.695
2025-10-19T21:00:00Z,1.5943923105562945,21.692
2025-10-19T21:10:00Z,1.5970923105562989,21.614
2025-10-19T21:20:00Z,1.5973923105562946,21.552
2025-10-19T21:30:00Z,1.5892645786846202,21.569
2025-10-19T21:40:00Z,1.5927645786846227,21.529
2025-10-19T21:50:00Z,1.5932645786846251,21.508
2025-10-19T22:00:00Z,1.5926645786846265,21.481
2025-10-19T22:10:00Z,1.5933645786846213,21.429
2025-10-19T22:20:00Z,1.5910645786846231,21.423
2025-10-19T22:30:00Z,1.579636846812953,21.375
2025-10-19T22:40:00Z,1.581136846812953,21.336
2025-10-19T22:50:00Z,1.5813368468129525,21.35
2025-10-19T23:00:00Z,1.577436846812951,21.361
2025-10-19T23:10:00Z,1.5754368468129485,21.343
2025-10-19T23:20:00Z,1.5755368468129518,21.184
2025-10-19T23:30:00Z,1.5750368468129494,21.251
2025-10-19T23:40:00Z,1.5723368468129522,21.317
2025-10-19T23:50:00Z,1.5681368468129477,21.343
2025-10-20T00:00:00Z,1.5657368468129462,21.335
2025-10-20T00:10:00Z,1.577364578684623,21.237
2025-10-20T00:20:00Z,1.5749645786846216,21.223
2025-10-20T00:30:00Z,1.5786645786846236,21.124
2025-10-20T00:40:00Z,1.5805645786846227,21.097
2025-10-20T00:50:00Z,1.5816645786846237,21.09
2025-10-20T01:00:00Z,1.5954923105562955,21.039
2025-10-20T01:10:00Z,1.5833645786846233,21.18
2025-10-20T01:20:00Z,1.5955923105562988,21.225
2025-10-20T01:30:00Z,1.5820645786846228,21.19
2025-10-20T01:40:00Z,1.5813645786846209,21.197
2025-10-20T01:50:00Z,1.5799645786846241,21.201
2025-10-20T02:00:00Z,1.575064578684625,21.26
2025-10-20T02:10:00Z,1.5714645786846262,21.204
2025-10-20T02:20:00Z,1.570664578684621,21.156
2025-10-20T02:30:00Z,1.573264578684622,21.161
2025-10-20T02:40:00Z,1.5708645786846205,21.209
2025-10-20T02:50:00Z,1.575064578684625,21.224
2025-10-20T03:00:00Z,1.5869923105562975,21.219
2025-10-20T03:10:00Z,1.5861923105562994,21.137
2025-10-20T03:20:00Z,1.588592310556301,21.156
2025-10-20T03:30:00Z,1.5886923105562971,21.228
2025-10-20T03:40:00Z,1.5892923105562957,21.309
2025-10-20T03:50:00Z,1.5913923105562944,21.264
2025-10-20T04:00:00Z,1.5819645786846266,21.212
2025-10-20T04:10:00Z,1.5964923105563003,21.123
2025-10-20T04:20:00Z,1.5998923105562994,21.082
2025-10-20T04:30:00Z,1.5935645786846209,20.991
2025-10-20T04:40:00Z,1.596564578684621,20.926
2025-10-20T04:50:00Z,1.5992645786846253,20.834
2025-10-20T05:00:00Z,1.6066645786846223,20.824
2025-10-20T05:10:00Z,1.6074645786846204,20.811
2025-10-20T05:20:00Z,1.5953368468129483,20.791
2025-10-20T05:30:00Z,1.5976368468129465,20.74
2025-10-20T05:40:00Z,1.60073684681295,20.779
2025-10-20T05:50:00Z,1.6002368468129475,20.715
2025-10-20T06:00:00Z,1.5902091149412811,20.695
2025-10-20T06:10:00Z,1.5928091149412822,20.588
2025-10-20T06:20:00Z,1.5922091149412836,20.632
2025-10-20T06:30:00Z,1.5956091149412828,20.606
2025-10-20T06:40:00Z,1.5958091149412823,20.593
2025-10-20T06:50:00Z,1.5995091149412843,20.621
2025-10-20T07:00:00Z,1.5981813830696012,20.554
2025-10-20T07:10:00Z,1.6018813830696033,20.444
2025-10-20T07:20:00Z,1.606981383069602,20.475
2025-10-20T07:30:00Z,1.6110813830696031,20.49
2025-10-20T07:40:00Z,1.6140813830696032,20.489
2025-10-20T07:50:00Z,1.6168813830696038,20.333
2025-10-20T08:00:00Z,1.6106536511979428,20.357
2025-10-20T08:10:00Z,1.61185365119794,20.462
2025-10-20T08:20:00Z,1.600925919326258,20.547
2025-10-20T08:30:00Z,1.6052259193262586,20.501
2025-10-20T08:40:00Z,1.5966981874545922,20.348
2025-10-20T08:50:00Z,1.5994981874545928,20.484
2025-10-20T09:00:00Z,1.602898187454592,20.546
2025-10-20T09:10:00Z,1.602498187454593,20.437
2025-10-20T09:20:00Z,1.6040981874545963,20.488
2025-10-20T09:30:00Z,1.5902704555829175,20.598
2025-10-20T09:40:00Z,1.5881704555829188,20.736
2025-10-20T09:50:00Z,1.5897704555829222,20.763
2025-10-20T10:00:00Z,1.5839704555829215,21.044
2025-10-20T10:10:00Z,1.580470455582919,21.273
2025-10-20T10:20:00Z,1.5809704555829214,21.391
2025-10-20T10:30:00Z,1.577870455582918,21.48
2025-10-20T10:40:00Z,1.5772704555829193,21.558
2025-10-20T10:50:00Z,1.5749704555829211,21.644
2025-10-20T11:00:00Z,1.5754704555829164,21.902
2025-10-20T11:10:00Z,1.5856981874545966,21.855
2025-10-20T11:20:00Z,1.5808981874545935,21.91
2025-10-20T11:30:00Z,1.5801981874545916,21.953
2025-10-20T11:40:00Z,1.5768981874545958,21.999
2025-10-20T11:50:00Z,1.5815259193262605,22.063
2025-10-20T12:00:00Z,1.5741259193262636,22.188
2025-10-20T12:10:00Z,1.5688259193262581,22.36
2025-10-20T12:20:00Z,1.5659259193262614,22.49
2025-10-20T12:30:00Z,1.5607259193262593,22.557
2025-10-20T12:40:00Z,1.570053651197945,22.648
2025-10-20T12:50:00Z,1.566753651197942,22.716
2025-10-20T13:00:00Z,1.5785813830696043,22.927
2025-10-20T13:10:00Z,1.5761813830696028,23.024
2025-10-20T13:20:00Z,1.58610911494128,23.154
2025-10-20T13:30:00Z,1.584209114941281,23.154
2025-10-20T13:40:00Z,1.5856091149412848,23.029
2025-10-20T13:50:00Z,1.596336846812953,22.741
2025-10-20T14:00:00Z,1.593336846812953,23.005
2025-10-20T14:10:00Z,1.592636846812951,22.876
2025-10-20T14:20:00Z,1.594836846812953,22.975
2025-10-20T14:30:00Z,1.5928368468129506,23.011
2025-10-20T14:40:00Z,1.5921368468129486,23.098
2025-10-20T14:50:00Z,1.591836846812953,23.122
2025-10-20T15:00:00Z,1.6079645786846228,23.117
2025-10-20T15:10:00Z,1.601764578684623,23.153
2025-10-20T15:20:00Z,1.6033645786846265,23.193
2025-10-20T15:30:00Z,1.6051645786846223,23.233
2025-10-20T15:40:00Z,1.5901368468129462,23.23
2025-10-20T15:50:00Z,1.5851368468129508,23.218
2025-10-20T16:00:00Z,1.5868368468129503,23.196
2025-10-20T16:10:00Z,1.589636846812951,23.166
2025-10-20T16:20:00Z,1.5957645786846228,23.117
2025-10-20T16:30:00Z,1.603964578684625,23.068
2025-10-20T16:40:00Z,1.600964578684625,23.009
2025-10-20T16:50:00Z,1.6037645786846255,22.898
2025-10-20T17:00:00Z,1.6012645786846207,22.83
2025-10-20T17:10:00Z,1.6051645786846223,22.814
2025-10-20T17:20:00Z,1.608364578684622,22.783
2025-10-20T17:30:00Z,1.6033645786846265,22.562
2025-10-20T17:40:00Z,1.608364578684622,22.536
2025-10-20T17:50:00Z,1.6081645786846224,22.415
2025-10-20T18:00:00Z,1.608764578684621,22.325
2025-10-20T18:10:00Z,1.5992368468129499,22.31
2025-10-20T18:20:00Z,1.6034368468129472,22.28
2025-10-20T18:30:00Z,1.6028368468129486,22.151
2025-10-20T18:40:00Z,1.6089368468129521,22.169
2025-10-20T18:50:00Z,1.6091368468129517,22.131
2025-10-20T19:00:00Z,1.6125368468129508,22.023
2025-10-20T19:10:00Z,1.6200368468129511,21.945
2025-10-20T19:20:00Z,1.6211368468129521,21.801
2025-10-20T19:30:00Z,1.6091091149412833,21.793
2025-10-20T19:40:00Z,1.6129091149412815,21.757
2025-10-20T19:50:00Z,1.613109114941281,21.816
2025-10-20T20:00:00Z,1.6038813830695986,21.811
2025-10-20T20:10:00Z,1.6019813830695995,21.745
2025-10-20T20:20:00Z,1.605481383069602,21.688
2025-10-20T20:30:00Z,1.6045813830696005,21.67
2025-10-20T20:40:00Z,1.602581383069598,21.692
2025-10-20T20:50:00Z,1.6034813830695995,21.624
2025-10-20T21:00:00Z,1.5963536511979441,21.63
2025-10-20T21:10:00Z,1.5980536511979437,21.578
2025-10-20T21:20:00Z,1.6001536511979424,21.629
2025-10-20T21:30:00Z,1.605553651197944,21.627
2025-10-20T21:40:00Z,1.605553651197944,21.587
2025-10-20T21:50:00Z,1.6095536511979418,21.534
2025-10-20T22:00:00Z,1.6120536511979395,21.543
2025-10-20T22:10:00Z,1.6121536511979428,21.495
2025-10-20T22:20:00Z,1.6161536511979406,21.511
2025-10-20T22:30:00Z,1.6051259193262624,21.543
2025-10-20T22:40:00Z,1.6032259193262632,21.498
2025-10-20T22:50:00Z,1.60612591932626,21.41
2025-10-20T23:00:00Z,1.5989259193262626,21.4
2025-10-20T23:10:00Z,1.5959259193262625,21.336
2025-10-20T23:20:00Z,1.5943259193262591,21.356
2025-10-20T23:30:00Z,1.581798187454595,21.353
2025-10-20T23:40:00Z,1.580298187454595,21.289
2025-10-20T23:50:00Z,1.5753981874545957,21.398
2025-10-21T00:00:00Z,1.5868259193262588,21.579
2025-10-21T00:10:00Z,1.589825919326259,21.539
2025-10-21T00:20:00Z,1.5915259193262585,21.345
2025-10-21T00:30:00Z,1.6087536511979437,21.27
2025-10-21T00:40:00Z,1.5977259193262583,21.177
2025-10-21T00:50:00Z,1.6111536511979452,21.185
2025-10-21T01:00:00Z,1.615553651197942,21.109
2025-10-21T01:10:00Z,1.612953651197941,21.065
2025-10-21T01:20:00Z,1.61035365119794,21.084
2025-10-21T01:30:00Z,1.5955259193262634,21.165
2025-10-21T01:40:00Z,1.5933259193262614,21.197
2025-10-21T01:50:00Z,1.59092591932626,21.159
2025-10-21T02:00:00Z,1.576598187454593,21.186
2025-10-21T02:10:00Z,1.5868259193262588,21.171
2025-10-21T02:20:00Z,1.5866259193262593,21.162
2025-10-21T02:30:00Z,1.5867259193262626,21.143
2025-10-21T02:40:00Z,1.5946536511979446,21.105
2025-10-21T02:50:00Z,1.5930536511979412,21.108
2025-10-21T03:00:00Z,1.5920536511979435,21.067
2025-10-21T03:10:00Z,1.5910536511979387,21.07
2025-10-21T03:20:00Z,1.5884536511979448,21.059
2025-10-21T03:30:00Z,1.5887536511979405,21.032
2025-10-21T03:40:00Z,1.5902536511979406,20.992
2025-10-21T03:50:00Z,1.6005813830696027,20.991
2025-10-21T04:00:00Z,1.599581383069598,21.002
2025-10-21T04:10:00Z,1.6022813830696023,21.041
2025-10-21T04:20:00Z,1.6037813830696024,20.833
2025-10-21T04:30:00Z,1.6067813830696025,20.81
2025-10-21T04:40:00Z,1.608481383069602,20.741
2025-10-21T04:50:00Z,1.6079813830695997,20.532
2025-10-21T05:00:00Z,1.608481383069602,20.525
2025-10-21T05:10:00Z,1.6105813830696007,20.473
2025-10-21T05:20:00Z,1.6085813830695983,20.457
2025-10-21T05:30:00Z,1.5974536511979451,20.368
2025-10-21T05:40:00Z,1.5946536511979446,20.287
2025-10-21T05:50:00Z,1.595953651197945,20.618
2025-10-21T06:00:00Z,1.595953651197945,20.491
2025-10-21T06:10:00Z,1.5954536511979427,20.464
2025-10-21T06:20:00Z,1.5961536511979446,20.472
2025-10-21T06:30:00Z,1.5972536511979385,20.528
2025-10-21T06:40:00Z,1.6085813830695983,20.484
2025-10-21T06:50:00Z,1.6107813830696003,20.473
2025-10-21T07:00:00Z,1.613281383069598,20.725
2025-10-21T07:10:00Z,1.6154813830696,20.779
2025-10-21T07:20:00Z,1.6085536511979441,20.789
2025-10-21T07:30:00Z,1.6112536511979414,20.807
2025-10-21T07:40:00Z,1.61335365119794,20.764
2025-10-21T07:50:00Z,1.6152536511979392,20.771
2025-10-21T08:00:00Z,1.6167536511979392,20.828
2025-10-21T08:10:00Z,1.6175536511979445,20.882
2025-10-21T08:20:00Z,1.6100259193262616,20.77
2025-10-21T08:30:00Z,1.613525919326264,20.812
2025-10-21T08:40:00Z,1.619025919326262,20.823
2025-10-21T08:50:00Z,1.6196259193262605,20.757
2025-10-21T09:00:00Z,1.620525919326262,20.704
2025-10-21T09:10:00Z,1.617625919326258,20.711
2025-10-21T09:20:00Z,1.6041981874545925,20.79
2025-10-21T09:30:00Z,1.6070981874545964,20.882
2025-10-21T09:40:00Z,1.604398187454592,20.962
2025-10-21T09:50:00Z,1.5986704555829192,21.072
2025-10-21T10:00:00Z,1.604398187454592,21.206
2025-10-21T10:10:00Z,1.6022981874545934,21.346
2025-10-21T10:20:00Z,1.6015981874545915,21.444
2025-10-21T10:30:00Z,1.6006981874545971,21.527
2025-10-21T10:40:00Z,1.6025981874545963,21.597
2025-10-21T10:50:00Z,1.5940981874545912,21.645
2025-10-21T11:00:00Z,1.5956981874545946,21.708
2025-10-21T11:10:00Z,1.5934981874545926,21.728
2025-10-21T11:20:00Z,1.5978259193262616,21.775
2025-10-21T11:30:00Z,1.5925259193262633,21.813
2025-10-21T11:40:00Z,1.5964259193262578,21.707
2025-10-21T11:50:00Z,1.5797259193262576,21.879
2025-10-21T12:00:00Z,1.5723259193262606,21.812
2025-10-21T12:10:00Z,1.57675365119794,21.866
2025-10-21T12:20:00Z,1.5868536511979414,22.018
2025-10-21T12:30:00Z,1.593681383069601,22.154
2025-10-21T12:40:00Z,1.5829813830696011,22.173
2025-10-21T12:50:00Z,1.585709114941281,22.206
2025-10-21T13:00:00Z,1.5791091149412821,22.291
2025-10-21T13:10:00Z,1.587836846812948,22.256
2025-10-21T13:20:00Z,1.5956368468129511,22.293
2025-10-21T13:30:00Z,1.5831368468129483,22.377
2025-10-21T13:40:00Z,1.580436846812951,22.419
2025-10-21T13:50:00Z,1.586564578684623,22.413
2025-10-21T14:00:00Z,1.5840645786846252,22.4
2025-10-21T14:10:00Z,1.5938923105562992,22.447
2025-10-21T14:20:00Z,1.5998923105562994,22.6
2025-10-21T14:30:00Z,1.603720042427966,22.633
2025-10-21T14:40:00Z,1.5953200424279643,22.73
2025-10-21T14:50:00Z,1.5932200424279657,22.52
2025-10-21T15:00:00Z,1.6035200424279665,22.651
2025-10-21T15:10:00Z,1.6008477742996376,22.337
2025-10-21T15:20:00Z,1.6001477742996357,22.457
2025-10-21T15:30:00Z,1.6075477742996398,22.379
2025-10-21T15:40:00Z,1.607647774299636,22.478
2025-10-21T15:50:00Z,1.603947774299641,22.377
2025-10-21T16:00:00Z,1.598047774299637,22.237
2025-10-21T16:10:00Z,1.596147774299638,22.145
2025-10-21T16:20:00Z,1.5881477742996353,22.015
2025-10-21T16:30:00Z,1.5956477742996356,21.959
2025-10-21T16:40:00Z,1.597247774299639,21.919
2025-10-21T16:50:00Z,1.5770477742996363,21.911
2025-10-21T17:00:00Z,1.6055755061713128,21.737
2025-10-21T17:10:00Z,1.6030755061713151,21.655
2025-10-21T17:20:00Z,1.609603238042986,21.482
2025-10-21T17:30:00Z,1.5880755061713145,21.113
2025-10-21T17:40:00Z,1.6088755061713158,21.294
2025-10-21T17:50:00Z,1.6102032380429847,21.148
2025-10-21T18:00:00Z,1.606375506171311,21.139
2025-10-21T18:10:00Z,1.611575506171313,21.184
2025-10-21T18:20:00Z,1.6176755061713095,21.158
2025-10-21T18:30:00Z,1.6266032380429891,21.055
2025-10-21T18:40:00Z,1.6052477742996416,21.045
2025-10-21T18:50:00Z,1.6238755061713093,20.979
2025-10-21T19:00:00Z,1.6338755061713144,21.017
2025-10-21T19:10:00Z,1.62274777429964,21.052
2025-10-21T19:20:00Z,1.6174477742996416,21.04
2025-10-21T19:30:00Z,1.6218477742996384,21.041
2025-10-21T19:40:00Z,1.610720042427964,21.135
2025-10-21T19:50:00Z,1.611820042427965,21.205
2025-10-21T20:00:00Z,1.6056200424279652,21.249
2025-10-21T20:10:00Z,1.6088200424279648,21.311
2025-10-21T20:20:00Z,1.6071200424279652,21.306
2025-10-21T20:30:00Z,1.606320042427967,21.136
2025-10-21T20:40:00Z,1.606320042427967,21.02
2025-10-21T20:50:00Z,1.6088200424279648,21.094
2025-10-21T21:00:00Z,1.6054200424279657,21.078
2025-10-21T21:10:00Z,1.6108200424279673,21.165
2025-10-21T21:20:00Z,1.614020042427967,21.165
2025-10-21T21:30:00Z,1.6204200424279662,21.224
2025-10-21T21:40:00Z,1.619220042427962,21.084
2025-10-21T21:50:00Z,1.623320042427963,21.014
2025-10-21T22:00:00Z,1.6242200424279645,20.948
2025-10-21T22:10:00Z,1.6120923105562994,20.843
2025-10-21T22:20:00Z,1.609692310556298,20.803
2025-10-21T22:30:00Z,1.6147923105562967,20.824
2025-10-21T22:40:00Z,1.612292310556299,20.757
2025-10-21T22:50:00Z,1.6073923105562997,20.725
2025-10-21T23:00:00Z,1.606392310556295,20.781
2025-10-21T23:10:00Z,1.6129923105563009,20.682
2025-10-21T23:20:00Z,1.611992310556296,20.664
2025-10-21T23:30:00Z,1.6097923105562941,20.723
2025-10-21T23:40:00Z,1.6110923105562946,20.713
2025-10-21T23:50:00Z,1.6129923105563009,20.792
2025-10-22T00:00:00Z,1.6099923105563008,20.787
2025-10-22T00:10:00Z,1.609392310556295,20.618
2025-10-22T00:20:00Z,1.6076923105562955,20.484
2025-10-22T00:30:00Z,1.6097923105562941,20.484
2025-10-22T00:40:00Z,1.5989645786846225,20.499
2025-10-22T00:50:00Z,1.6004645786846226,20.662
2025-10-22T01:00:00Z,1.6110923105562946,20.728
2025-10-22T01:10:00Z,1.6108923105562951,20.674
2025-10-22T01:20:00Z,1.6113923105562975,20.618
2025-10-22T01:30:00Z,1.605292310556301,20.627
2025-10-22T01:40:00Z,1.6051923105562977,20.581
2025-10-22T01:50:00Z,1.6062923105562987,20.564
2025-10-22T02:00:00Z,1.6057923105562963,20.577
2025-10-22T02:10:00Z,1.6024923105563005,20.524
2025-10-22T02:20:00Z,1.5966923105562998,20.501
2025-10-22T02:30:00Z,1.597492310556298,20.466
2025-10-22T02:40:00Z,1.5872923105563004,20.54
2025-10-22T02:50:00Z,1.594192310556295,20.45
2025-10-22T03:00:00Z,1.599392310556297,20.368
2025-10-22T03:10:00Z,1.5953923105562993,20.269
2025-10-22T03:20:00Z,1.615920042427966,20.266
2025-10-22T03:30:00Z,1.6250200424279626,20.222
2025-10-22T03:40:00Z,1.6455477742996365,20.226
2025-10-22T03:50:00Z,1.6455477742996365,19.861
2025-10-22T04:00:00Z,1.6358200424279659,19.882
2025-10-22T04:10:00Z,1.6331200424279615,19.83
2025-10-22T04:20:00Z,1.618992310556301,19.899
2025-10-22T04:30:00Z,1.6201923105562983,19.918
2025-10-22T04:40:00Z,1.6042645786846208,19.663
2025-10-22T04:50:00Z,1.6064645786846228,19.563
2025-10-22T05:00:00Z,1.615064578684624,19.602
2025-10-22T05:10:00Z,1.6202645786846261,19.753
2025-10-22T05:20:00Z,1.6274645786846236,19.807
2025-10-22T05:30:00Z,1.6302645786846242,19.841
2025-10-22T05:40:00Z,1.6312645786846218,20.007
2025-10-22T05:50:00Z,1.6348645786846205,19.911
2025-10-22T06:00:00Z,1.622936846812948,19.917
2025-10-22T06:10:00Z,1.6258368468129518,19.952
2025-10-22T06:20:00Z,1.6206091149412813,19.921
2025-10-22T06:30:00Z,1.6220091149412852,19.851
2025-10-22T06:40:00Z,1.6294091149412822,19.865
2025-10-22T06:50:00Z,1.6318091149412837,19.838
2025-10-22T07:00:00Z,1.6255091149412806,19.801
2025-10-22T07:10:00Z,1.6166813830696043,19.768
2025-10-22T07:20:00Z,1.6194813830696049,19.695
2025-10-22T07:30:00Z,1.621781383069603,19.729
2025-10-22T07:40:00Z,1.6198536511979427,19.833
2025-10-22T07:50:00Z,1.623653651197941,19.904
2025-10-22T08:00:00Z,1.6248536511979452,19.927
2025-10-22T08:10:00Z,1.624453651197939,19.814
2025-10-22T08:20:00Z,1.6248536511979452,19.712
2025-10-22T08:30:00Z,1.634053651197945,19.774
2025-10-22T08:40:00Z,1.602425919326258,19.668
2025-10-22T08:50:00Z,1.6055259193262614,19.899
2025-10-22T09:00:00Z,1.6082259193262587,19.916
2025-10-22T09:10:00Z,1.609425919326263,19.877
2025-10-22T09:20:00Z,1.6093259193262597,19.852
2025-10-22T09:30:00Z,1.5940981874545912,19.971
2025-10-22T09:40:00Z,1.593298187454593,20.158
2025-10-22T09:50:00Z,1.5911981874545944,20.324
2025-10-22T10:00:00Z,1.5940981874545912,20.465
2025-10-22T10:10:00Z,1.5927981874545907,20.632
2025-10-22T10:20:00Z,1.5879981874545948,20.769
2025-10-22T10:30:00Z,1.5852981874545904,20.603
2025-10-22T10:40:00Z,1.5860981874545956,20.421
2025-10-22T10:50:00Z,1.5826981874545965,20.509
2025-10-22T11:00:00Z,1.579998187454592,20.826
2025-10-22T11:10:00Z,1.582198187454594,20.96
2025-10-22T11:20:00Z,1.5922259193262605,21.043
2025-10-22T11:30:00Z,1.589825919326259,21.125
2025-10-22T11:40:00Z,1.581325919326261,21.295
2025-10-22T11:50:00Z,1.5858259193262612,21.386
2025-10-22T12:00:00Z,1.592953651197945,21.454
2025-10-22T12:10:00Z,1.5856536511979442,21.548
2025-10-22T12:20:00Z,1.5803536511979388,21.651
2025-10-22T12:30:00Z,1.5810536511979407,21.755
2025-10-22T12:40:00Z,1.5836536511979418,21.914
2025-10-22T12:50:00Z,1.5845813830696045,21.987
2025-10-22T13:00:00Z,1.5696813830696001,22.059
2025-10-22T13:10:00Z,1.5801813830696005,22.143
2025-10-22T13:20:00Z,1.5803091149412793,22.102
2025-10-22T13:30:00Z,1.5680091149412831,22.162
2025-10-22T13:40:00Z,1.5686091149412817,22.135
2025-10-22T13:50:00Z,1.5817368468129516,22.222
2025-10-22T14:00:00Z,1.590964578684627,22.264
2025-10-22T14:10:00Z,1.590264578684625,22.201
2025-10-22T14:20:00Z,1.603964578684625,22.253
2025-10-22T14:30:00Z,1.605292310556301,22.372
2025-10-22T14:40:00Z,1.5720923105563003,22.255
2025-10-22T14:50:00Z,1.597492310556298,22.1
2025-10-22T15:00:00Z,1.6050200424279666,22.045
2025-10-22T15:10:00Z,1.5957200424279634,22.043
2025-10-22T15:20:00Z,1.6012200424279612,22.053
2025-10-22T15:30:00Z,1.6028200424279646,22.031
2025-10-22T15:40:00Z,1.585620042427962,21.896
2025-10-22T15:50:00Z,1.5912477742996387,21.785
2025-10-22T16:00:00Z,1.6017200424279636,21.805
2025-10-22T16:10:00Z,1.6058477742996402,21.929
2025-10-22T16:20:00Z,1.6027477742996368,21.845
2025-10-22T16:30:00Z,1.5946477742996379,21.914
2025-10-22T16:40:00Z,1.6114755061713097,21.484
2025-10-22T16:50:00Z,1.6141755061713141,21.582
2025-10-22T17:00:00Z,1.612275506171315,21.562
2025-10-22T17:10:00Z,1.6011477742996405,21.526
2025-10-22T17:20:00Z,1.6108755061713111,21.425
2025-10-22T17:30:00Z,1.6167755061713152,21.303
2025-10-22T17:40:00Z,1.6153755061713113,21.268
2025-10-22T17:50:00Z,1.6060477742996397,21.413
2025-10-22T18:00:00Z,1.6056477742996407,21.331
2025-10-22T18:10:00Z,1.6164477742996368,21.389
2025-10-22T18:20:00Z,1.6136477742996362,21.131
2025-10-22T18:30:00Z,1.6180477742996402,21.066
2025-10-22T18:40:00Z,1.6182477742996397,21.094
2025-10-22T18:50:00Z,1.6195477742996403,21.058
2025-10-22T19:00:00Z,1.6197477742996398,20.867
2025-10-22T19:10:00Z,1.6123200424279673,20.958
2025-10-22T19:20:00Z,1.608920042427961,21.148
2025-10-22T19:30:00Z,1.6052200424279661,21.161
2025-10-22T19:40:00Z,1.610020042427962,21.169
2025-10-22T19:50:00Z,1.6114200424279659,21.201
2025-10-22T20:00:00Z,1.6064923105562983,21.078
2025-10-22T20:10:00Z,1.622620042427961,21.025
2025-10-22T20:20:00Z,1.6077923105562988,21.055
2025-10-22T20:30:00Z,1.6280200424279627,20.912
2025-10-22T20:40:00Z,1.6221923105563008,20.908
2025-10-22T20:50:00Z,1.6294923105562944,20.785
2025-10-22T21:00:00Z,1.633792310556295,20.754
2025-10-22T21:10:00Z,1.6232645786846263,20.778
2025-10-22T21:20:00Z,1.6346923105562965,20.763
2025-10-22T21:30:00Z,1.625764578684624,20.763
2025-10-22T21:40:00Z,1.6165368468129486,20.704
2025-10-22T21:50:00Z,1.6156368468129472,20.638
2025-10-22T22:00:00Z,1.601209114941284,20.645
2025-10-22T22:10:00Z,1.6047091149412793,20.629
2025-10-22T22:20:00Z,1.6030091149412797,20.521
2025-10-22T22:30:00Z,1.6080091149412823,20.44
2025-10-22T22:40:00Z,1.6065091149412822,20.467
2025-10-22T22:50:00Z,1.6048091149412826,20.456
2025-10-22T23:00:00Z,1.604909114941286,20.558
2025-10-22T23:10:00Z,1.6043091149412803,20.54
2025-10-22T23:20:00Z,1.6043091149412803,20.587
2025-10-22T23:30:00Z,1.603809114941285,20.529
2025-10-22T23:40:00Z,1.605709114941284,20.501
2025-10-22T23:50:00Z,1.6039091149412812,20.46
2025-10-23T00:00:00Z,1.6032091149412793,20.458
2025-10-23T00:10:00Z,1.6037091149412817,20.46
2025-10-23T00:20:00Z,1.6025091149412845,20.469
2025-10-23T00:30:00Z,1.5929091149412855,20.472
2025-10-23T00:40:00Z,1.5816091149412799,20.449
2025-10-23T00:50:00Z,1.5834091149412828,20.462
2025-10-23T01:00:00Z,1.5786091149412798,20.463
2025-10-23T01:10:00Z,1.5747091149412853,20.482
2025-10-23T01:20:00Z,1.5769091149412802,20.496
2025-10-23T01:30:00Z,1.5942368468129473,20.498
2025-10-23T01:40:00Z,1.6057645786846209,20.473
2025-10-23T01:50:00Z,1.6137645786846235,20.455
2025-10-23T02:00:00Z,1.6149645786846207,20.255
2025-10-23T02:10:00Z,1.6278923105562981,20.23
2025-10-23T02:20:00Z,1.6137645786846235,20.315
2025-10-23T02:30:00Z,1.6122645786846235,20.331
2025-10-23T02:40:00Z,1.6169645786846232,20.153
2025-10-23T02:50:00Z,1.6097368468129503,20.091
2025-10-23T03:00:00Z,1.6119368468129522,20.125
2025-10-23T03:10:00Z,1.6065368468129506,20.133
2025-10-23T03:20:00Z,1.6089368468129521,20.202
2025-10-23T03:30:00Z,1.6032368468129476,20.242
2025-10-23T03:40:00Z,1.603336846812951,20.184
2025-10-23T03:50:00Z,1.6032368468129476,20.185
2025-10-23T04:00:00Z,1.5991368468129465,20.13
2025-10-23T04:10:00Z,1.596336846812953,20.094
2025-10-23T04:20:00Z,1.5987368468129475,20.071
2025-10-23T04:30:00Z,1.6034368468129472,20.094
2025-10-23T04:40:00Z,1.6064368468129473,19.999
2025-10-23T04:50:00Z,1.6120368468129485,19.994
2025-10-23T05:00:00Z,1.6066368468129468,19.964
2025-10-23T05:10:00Z,1.6207645786846214,19.895
2025-10-23T05:20:00Z,1.617036846812951,19.822
2025-10-23T05:30:00Z,1.6212368468129483,19.833
2025-10-23T05:40:00Z,1.6069091149412813,19.763
2025-10-23T05:50:00Z,1.6106091149412833,19.786
2025-10-23T06:00:00Z,1.6129091149412815,19.775
2025-10-23T06:10:00Z,1.613409114941284,19.774
2025-10-23T06:20:00Z,1.6180091149412803,19.776
2025-10-23T06:30:00Z,1.625309114941281,19.664
2025-10-23T06:40:00Z,1.6222091149412847,19.599
2025-10-23T06:50:00Z,1.6280091149412854,19.539
2025-10-23T07:00:00Z,1.622481383069605,19.551
2025-10-23T07:10:00Z,1.6225813830696012,19.519
2025-10-23T07:20:00Z,1.6263813830695995,19.479
2025-10-23T07:30:00Z,1.6168536511979426,19.375
2025-10-23T07:40:00Z,1.6230536511979423,19.359
2025-10-23T07:50:00Z,1.6256536511979434,19.356
2025-10-23T08:00:00Z,1.6300536511979402,19.413
2025-10-23T08:10:00Z,1.623125919326263,19.536
2025-10-23T08:20:00Z,1.6261259193262632,19.455
2025-10-23T08:30:00Z,1.631225919326262,19.665
2025-10-23T08:40:00Z,1.6181981874545954,19.719
2025-10-23T08:50:00Z,1.6223981874545927,19.752
2025-10-23T09:00:00Z,1.6225981874545923,19.817
2025-10-23T09:10:00Z,1.6256981874545957,19.883
2025-10-23T09:20:00Z,1.6135704555829165,19.953
2025-10-23T09:30:00Z,1.6156704555829222,20.053
2025-10-23T09:40:00Z,1.6124704555829226,20.135
2025-10-23T09:50:00Z,1.6118704555829169,20.316
2025-10-23T10:00:00Z,1.5988427237112504,20.458
2025-10-23T10:10:00Z,1.599442723711256,20.477
2025-10-23T10:20:00Z,1.5992427237112494,20.478
2025-10-23T10:30:00Z,1.598342723711255,20.546
2025-10-23T10:40:00Z,1.6009427237112561,20.637
2025-10-23T10:50:00Z,1.6109704555829225,20.913
2025-10-23T11:00:00Z,1.608570455582921,21.058
2025-10-23T11:10:00Z,1.6098704555829215,21.097
2025-10-23T11:20:00Z,1.6066704555829219,21.135
2025-10-23T11:30:00Z,1.6025704555829208,21.18
2025-10-23T11:40:00Z,1.5954704555829196,21.171
2025-10-23T11:50:00Z,1.5870704555829178,21.164
2025-10-23T12:00:00Z,1.5836704555829186,21.204
2025-10-23T12:10:00Z,1.5783704555829203,21.23
2025-10-23T12:20:00Z,1.575270455582917,21.315
2025-10-23T12:30:00Z,1.581798187454595,21.415
2025-10-23T12:40:00Z,1.5801981874545916,21.467
2025-10-23T12:50:00Z,1.5888259193262613,21.53
2025-10-23T13:00:00Z,1.5973536511979418,21.573
2025-10-23T13:10:00Z,1.594453651197945,21.597
2025-10-23T13:20:00Z,1.5936536511979398,21.632
2025-10-23T13:30:00Z,1.5993813830695984,21.721
2025-10-23T13:40:00Z,1.592881383069603,21.793
2025-10-23T13:50:00Z,1.5913813830696029,21.846
2025-10-23T14:00:00Z,1.5891813830696009,21.909
2025-10-23T14:10:00Z,1.5967091149412838,21.995
2025-10-23T14:20:00Z,1.5991091149412853,22.11
2025-10-23T14:30:00Z,1.5943091149412822,22.018
2025-10-23T14:40:00Z,1.6006368468129466,22.063
2025-10-23T14:50:00Z,1.595936846812947,22.264
2025-10-23T15:00:00Z,1.5940368468129478,22.324
2025-10-23T15:10:00Z,1.5953368468129483,21.793
2025-10-23T15:20:00Z,1.5912368468129472,21.784
2025-10-23T15:30:00Z,1.6007645786846254,22.036
2025-10-23T15:40:00Z,1.5964645786846248,22.106
2025-10-23T15:50:00Z,1.5938645786846237,22.131
2025-10-23T16:00:00Z,1.6023923105562972,22.108
2025-10-23T16:10:00Z,1.6010923105562966,22.035
2025-10-23T16:20:00Z,1.596392310556297,21.925
2025-10-23T16:30:00Z,1.5957923105562983,21.888
2025-10-23T16:40:00Z,1.5888923105562966,21.704
2025-10-23T16:50:00Z,1.5902923105563005,21.705
2025-10-23T17:00:00Z,1.5983200424279644,21.644
2025-10-23T17:10:00Z,1.595920042427963,21.495
2025-10-23T17:20:00Z,1.594820042427962,21.077
2025-10-23T17:30:00Z,1.5929200424279628,20.814
2025-10-23T17:40:00Z,1.6082477742996417,20.815
2025-10-23T17:50:00Z,1.6125477742996353,20.754
2025-10-23T18:00:00Z,1.6111477742996385,20.77
2025-10-23T18:10:00Z,1.612747774299642,20.685
2025-10-23T18:20:00Z,1.611347774299638,20.762
2025-10-23T18:30:00Z,1.6129477742996414,20.821
2025-10-23T18:40:00Z,1.615747774299642,20.872
2025-10-23T18:50:00Z,1.6088477742996403,20.84
2025-10-23T19:00:00Z,1.614647774299641,20.78
2025-10-23T19:10:00Z,1.6192477742996374,20.777
2025-10-23T19:20:00Z,1.606320042427967,20.701
2025-10-23T19:30:00Z,1.6076200424279676,20.702
2025-10-23T19:40:00Z,1.6185477742996355,20.729
2025-10-23T19:50:00Z,1.6190477742996379,20.703
2025-10-23T20:00:00Z,1.620247774299635,20.733
2025-10-23T20:10:00Z,1.6120200424279645,20.605
2025-10-23T20:20:00Z,1.6228477742996361,20.449
2025-10-23T20:30:00Z,1.610020042427962,20.347
2025-10-23T20:40:00Z,1.6099200424279658,20.214
2025-10-23T20:50:00Z,1.6121200424279678,20.302
2025-10-23T21:00:00Z,1.6125200424279669,20.382
2025-10-23T21:10:00Z,1.6116200424279654,20.358
2025-10-23T21:20:00Z,1.6121200424279678,20.434
2025-10-23T21:30:00Z,1.6095200424279668,20.419
2025-10-23T21:40:00Z,1.6056200424279652,20.448
2025-10-23T21:50:00Z,1.6078200424279672,20.289
2025-10-23T22:00:00Z,1.6154200424279637,20.313
2025-10-23T22:10:00Z,1.6178200424279652,20.257
2025-10-23T22:20:00Z,1.6036923105562977,20.277
2025-10-23T22:30:00Z,1.6145200424279622,20.266
2025-10-23T22:40:00Z,1.6163200424279651,20.278
2025-10-23T22:50:00Z,1.6141200424279631,20.263
2025-10-23T23:00:00Z,1.5968923105562993,20.269
2025-10-23T23:10:00Z,1.6069200424279657,20.2
2025-10-23T23:20:00Z,1.592692310556295,20.237
2025-10-23T23:30:00Z,1.600720042427966,20.245
2025-10-23T23:40:00Z,1.5892923105562957,20.442
2025-10-23T23:50:00Z,1.5987200424279635,20.554
2025-10-24T00:00:00Z,1.5961200424279625,20.481
2025-10-24T00:10:00Z,1.594820042427962,20.35
2025-10-24T00:20:00Z,1.5991200424279626,20.207
2025-10-24T00:30:00Z,1.6114477742996414,20.289
2025-10-24T00:40:00Z,1.6121477742996362,20.244
2025-10-24T00:50:00Z,1.6173477742996383,20.297
2025-10-24T01:00:00Z,1.6195477742996403,20.244
2025-10-24T01:10:00Z,1.6153477742996358,20.168
2025-10-24T01:20:00Z,1.6179477742996369,20.023
2025-10-24T01:30:00Z,1.6170477742996354,19.846
2025-10-24T01:40:00Z,1.6158477742996382,19.513
2025-10-24T01:50:00Z,1.608520042427962,19.572
2025-10-24T02:00:00Z,1.6079200424279634,19.552
2025-10-24T02:10:00Z,1.6080200424279667,19.653
2025-10-24T02:20:00Z,1.603720042427966,19.697
2025-10-24T02:30:00Z,1.601820042427967,19.733
2025-10-24T02:40:00Z,1.6028200424279646,19.943
2025-10-24T02:50:00Z,1.6009200424279655,20.012
2025-10-24T03:00:00Z,1.5995200424279616,20.008
2025-10-24T03:10:00Z,1.6023200424279622,19.959
2025-10-24T03:20:00Z,1.6013200424279646,19.949
2025-10-24T03:30:00Z,1.6047200424279637,19.952
2025-10-24T03:40:00Z,1.6166477742996364,19.915
2025-10-24T03:50:00Z,1.6149477742996368,19.893
2025-10-24T04:00:00Z,1.6189477742996417,19.789
2025-10-24T04:10:00Z,1.6169477742996392,19.886
2025-10-24T04:20:00Z,1.6218477742996384,19.81
2025-10-24T04:30:00Z,1.6130200424279622,19.814
2025-10-24T04:40:00Z,1.6177200424279619,19.774
2025-10-24T04:50:00Z,1.6172200424279666,19.687
2025-10-24T05:00:00Z,1.6208200424279653,19.603
2025-10-24T05:10:00Z,1.6238200424279654,19.564
2025-10-24T05:20:00Z,1.622920042427964,19.53
2025-10-24T05:30:00Z,1.610792310556299,19.488
2025-10-24T05:40:00Z,1.6097923105562941,19.46
2025-10-24T05:50:00Z,1.6061923105562954,19.381
2025-10-24T06:00:00Z,1.6071923105563002,19.473
2025-10-24T06:10:00Z,1.611592310556297,19.44
2025-10-24T06:20:00Z,1.610792310556299,19.359
2025-10-24T06:30:00Z,1.6140923105562948,19.192
2025-10-24T06:40:00Z,1.6198923105562955,19.2
2025-10-24T06:50:00Z,1.6192923105562969,19.272
2025-10-24T07:00:00Z,1.6245923105562952,19.309
2025-10-24T07:10:00Z,1.6309923105562945,19.095
2025-10-24T07:20:00Z,1.636392310556296,19.225
2025-10-24T07:30:00Z,1.6288645786846203,19.319
2025-10-24T07:40:00Z,1.6308645786846228,19.227
2025-10-24T07:50:00Z,1.6360645786846248,19.255
2025-10-24T08:00:00Z,1.6404645786846217,19.096
2025-10-24T08:10:00Z,1.6321368468129478,19.279
2025-10-24T08:20:00Z,1.634436846812953,19.401
2025-10-24T08:30:00Z,1.6266091149412816,19.389
2025-10-24T08:40:00Z,1.6272091149412802,19.415
2025-10-24T08:50:00Z,1.627109114941284,19.374
2025-10-24T09:00:00Z,1.6270091149412806,19.185
2025-10-24T09:10:00Z,1.616581383069601,19.218
2025-10-24T09:20:00Z,1.6160813830695986,19.35
2025-10-24T09:30:00Z,1.6181813830696044,19.393
2025-10-24T09:40:00Z,1.6193813830696016,19.533
2025-10-24T09:50:00Z,1.6210813830696011,19.526
2025-10-24T10:00:00Z,1.6248813830695994,19.865
2025-10-24T10:10:00Z,1.6257813830696008,20.274
2025-10-24T10:20:00Z,1.6256813830696046,20.385
2025-10-24T10:30:00Z,1.6274813830696004,20.438
2025-10-24T10:40:00Z,1.6256813830696046,20.492
2025-10-24T10:50:00Z,1.628081383069599,20.56
2025-10-24T11:00:00Z,1.6276813830696,20.594
2025-10-24T11:10:00Z,1.614053651197942,20.63
2025-10-24T11:20:00Z,1.6084536511979408,20.675
2025-10-24T11:30:00Z,1.6087536511979437,20.758
2025-10-24T11:40:00Z,1.6034536511979383,20.847
2025-10-24T11:50:00Z,1.5976536511979447,20.865
2025-10-24T12:00:00Z,1.5977536511979409,20.89
2025-10-24T12:10:00Z,1.6033813830696033,21.04
2025-10-24T12:20:00Z,1.5972813830695998,21.045
2025-10-24T12:30:00Z,1.5912813830695995,21.07
2025-10-24T12:40:00Z,1.5995091149412843,21.029
2025-10-24T12:50:00Z,1.5917091149412812,21.01
2025-10-24T13:00:00Z,1.5977368468129498,21.046
2025-10-24T13:10:00Z,1.5957368468129474,21.151
2025-10-24T13:20:00Z,1.5873368468129527,21.204
2025-10-24T13:30:00Z,1.597664578684622,21.251
2025-10-24T13:40:00Z,1.6099923105563008,21.328
2025-10-24T13:50:00Z,1.6002923105562985,21.42
2025-10-24T14:00:00Z,1.5970923105562989,21.597
2025-10-24T14:10:00Z,1.599220042427966,21.626
2025-10-24T14:20:00Z,1.5995200424279616,21.632
2025-10-24T14:30:00Z,1.5918200424279618,21.627
2025-10-24T14:40:00Z,1.600547774299642,21.609
2025-10-24T14:50:00Z,1.600247774299639,21.574
2025-10-24T15:00:00Z,1.6027477742996368,21.789
2025-10-24T15:10:00Z,1.61597550617131,21.895
2025-10-24T15:20:00Z,1.6160755061713132,21.915
2025-10-24T15:30:00Z,1.6255032380429881,21.922
2025-10-24T15:40:00Z,1.6269032380429849,21.911
2025-10-24T15:50:00Z,1.6231032380429866,21.871
2025-10-24T16:00:00Z,1.6208032380429884,21.866
2025-10-24T16:10:00Z,1.6209032380429846,21.797
2025-10-24T16:20:00Z,1.615503238042983,21.726
2025-10-24T16:30:00Z,1.6116032380429886,21.676
2025-10-24T16:40:00Z,1.6071032380429884,21.645
2025-10-24T16:50:00Z,1.605903238042984,21.617
2025-10-24T17:00:00Z,1.606603238042986,21.592
2025-10-24T17:10:00Z,1.6061032380429836,21.576
2025-10-24T17:20:00Z,1.6186309699146548,21.563
2025-10-24T17:30:00Z,1.621330969914652,21.51
2025-10-24T17:40:00Z,1.6275309699146518,21.451
2025-10-24T17:50:00Z,1.6311309699146506,21.373
2025-10-24T18:00:00Z,1.6273309699146523,21.336
2025-10-24T18:10:00Z,1.6239309699146531,21.291
2025-10-24T18:20:00Z,1.6282309699146538,21.229
2025-10-24T18:30:00Z,1.6350309699146521,21.194
2025-10-24T18:40:00Z,1.6230032380429833,21.126
2025-10-24T18:50:00Z,1.6256032380429843,21.008
2025-10-24T19:00:00Z,1.6319032380429874,21.01
2025-10-24T19:10:00Z,1.643830969914653,20.947
2025-10-24T19:20:00Z,1.6371309699146508,20.915
2025-10-24T19:30:00Z,1.627703238042983,20.79
2025-10-24T19:40:00Z,1.6280032380429859,20.764
2025-10-24T19:50:00Z,1.6228032380429838,20.765
2025-10-24T20:00:00Z,1.6294032380429897,20.782
2025-10-24T20:10:00Z,1.632903238042985,20.787
2025-10-24T20:20:00Z,1.6338032380429865,20.781
2025-10-24T20:30:00Z,1.6356032380429895,20.825
2025-10-24T20:40:00Z,1.6366032380429871,20.772
2025-10-24T20:50:00Z,1.63540323804299,20.743
2025-10-24T21:00:00Z,1.6258755061713117,20.735
2025-10-24T21:10:00Z,1.6275755061713113,20.845
2025-10-24T21:20:00Z,1.6310755061713138,20.817
2025-10-24T21:30:00Z,1.6334755061713153,20.836
2025-10-24T21:40:00Z,1.6364755061713154,20.805
2025-10-24T21:50:00Z,1.6313755061713096,20.846
2025-10-24T22:00:00Z,1.6306755061713147,20.837
2025-10-24T22:10:00Z,1.6339755061713106,20.859
2025-10-24T22:20:00Z,1.6228477742996361,20.861
2025-10-24T22:30:00Z,1.6232477742996352,20.862
2025-10-24T22:40:00Z,1.6179477742996369,20.794
2025-10-24T22:50:00Z,1.6155477742996354,20.726
2025-10-24T23:00:00Z,1.6107477742996394,20.659
2025-10-24T23:10:00Z,1.6110477742996352,20.569
2025-10-24T23:20:00Z,1.6060477742996397,20.526
2025-10-24T23:30:00Z,1.6104477742996366,20.491
2025-10-24T23:40:00Z,1.6063477742996355,20.554
2025-10-24T23:50:00Z,1.6192755061713129,20.534
2025-10-25T00:00:00Z,1.62817550617131,20.514
2025-10-25T00:10:00Z,1.64187550617131,20.535
2025-10-25T00:20:00Z,1.6386755061713103,20.518
2025-10-25T00:30:00Z,1.6463755061713101,20.438
2025-10-25T00:40:00Z,1.644075506171312,20.422
2025-10-25T00:50:00Z,1.6438755061713124,20.438
2025-10-25T01:00:00Z,1.6537755061713142,20.524
2025-10-25T01:10:00Z,1.6452477742996408,20.536
2025-10-25T01:20:00Z,1.6470477742996366,20.512
2025-10-25T01:30:00Z,1.6299200424279618,20.523
2025-10-25T01:40:00Z,1.6452477742996408,20.498
2025-10-25T01:50:00Z,1.6338200424279634,20.466
2025-10-25T02:00:00Z,1.6337200424279672,20.47
2025-10-25T02:10:00Z,1.6339200424279667,20.453
2025-10-25T02:20:00Z,1.6138923105562952,20.475
2025-10-25T02:30:00Z,1.622220042427962,20.455
2025-10-25T02:40:00Z,1.6186200424279633,20.468
2025-10-25T02:50:00Z,1.607892310556295,20.456
2025-10-25T03:00:00Z,1.6057923105562963,20.459
2025-10-25T03:10:00Z,1.6099923105563008,20.436
2025-10-25T03:20:00Z,1.628120042427966,20.389
2025-10-25T03:30:00Z,1.6272200424279646,20.398
2025-10-25T03:40:00Z,1.641647774299642,20.409
2025-10-25T03:50:00Z,1.6509477742996381,20.475
2025-10-25T04:00:00Z,1.6506477742996353,20.439
2025-10-25T04:10:00Z,1.6481477742996375,20.449
2025-10-25T04:20:00Z,1.6364200424279645,20.483
2025-10-25T04:30:00Z,1.6409200424279646,20.392
2025-10-25T04:40:00Z,1.649220042427963,20.378
2025-10-25T04:50:00Z,1.6349923105562993,20.491
2025-10-25T05:00:00Z,1.6420923105563006,20.501
2025-10-25T05:10:00Z,1.6469923105562998,20.477
2025-10-25T05:20:00Z,1.6634200424279655,20.315
2025-10-25T05:30:00Z,1.6543923105562968,20.329
2025-10-25T05:40:00Z,1.6454645786846243,20.338
2025-10-25T05:50:00Z,1.647564578684623,20.199
2025-10-25T06:00:00Z,1.6457645786846271,20.267
2025-10-25T06:10:00Z,1.6332368468129488,20.228
2025-10-25T06:20:00Z,1.6365368468129518,20.346
2025-10-25T06:30:00Z,1.642136846812953,20.355
2025-10-25T06:40:00Z,1.6453368468129526,20.353
2025-10-25T06:50:00Z,1.6313091149412813,20.346
2025-10-25T07:00:00Z,1.6548368468129482,20.357
2025-10-25T07:10:00Z,1.6568368468129506,20.37
2025-10-25T07:20:00Z,1.6617368468129499,20.372
2025-10-25T07:30:00Z,1.6506091149412825,20.363
2025-10-25T07:40:00Z,1.651209114941281,20.381
2025-10-25T07:50:00Z,1.6609091149412833,20.385
2025-10-25T08:00:00Z,1.6527813830696019,20.39
2025-10-25T08:10:00Z,1.6555813830696025,20.392
2025-10-25T08:20:00Z,1.6456536511979394,20.414
2025-10-25T08:30:00Z,1.6482536511979404,20.424
2025-10-25T08:40:00Z,1.6489536511979423,20.425
2025-10-25T08:50:00Z,1.6411259193262637,20.443
2025-10-25T09:00:00Z,1.6358259193262583,20.436
2025-10-25T09:10:00Z,1.6336259193262634,20.45
2025-10-25T09:20:00Z,1.6333259193262606,20.435
2025-10-25T09:30:00Z,1.6363259193262607,20.435
2025-10-25T09:40:00Z,1.6297981874545968,20.42
2025-10-25T09:50:00Z,1.629498187454594,20.408
2025-10-25T10:00:00Z,1.645325919326261,20.407
2025-10-25T10:10:00Z,1.6351259193262635,20.394
2025-10-25T10:20:00Z,1.6332259193262573,20.412
2025-10-25T10:30:00Z,1.628325919326258,20.454
2025-10-25T10:40:00Z,1.613998187454591,20.553
2025-10-25T10:50:00Z,1.6263259193262627,20.575
2025-10-25T11:00:00Z,1.6077981874545912,20.605
2025-10-25T11:10:00Z,1.6218259193262625,20.635
2025-10-25T11:20:00Z,1.6213259193262601,20.695
2025-10-25T11:30:00Z,1.6323536511979384,20.739
2025-10-25T11:40:00Z,1.6269536511979439,20.81
2025-10-25T11:50:00Z,1.6167536511979392,20.866
2025-10-25T12:00:00Z,1.6230813830696036,20.901
2025-10-25T12:10:00Z,1.5991536511979447,20.964
2025-10-25T12:20:00Z,1.6114813830696022,21.046
2025-10-25T12:30:00Z,1.5953536511979394,21.048
2025-10-25T12:40:00Z,1.6115813830695984,21.087
2025-10-25T12:50:00Z,1.6236091149412815,21.113
2025-10-25T13:00:00Z,1.6185091149412827,21.173
2025-10-25T13:10:00Z,1.632936846812953,21.201
2025-10-25T13:20:00Z,1.6287368468129486,21.227
2025-10-25T13:30:00Z,1.6203368468129469,21.257
2025-10-25T13:40:00Z,1.6264368468129504,21.274
2025-10-25T13:50:00Z,1.6243368468129518,21.267
2025-10-25T14:00:00Z,1.6191368468129497,21.274
2025-10-25T14:10:00Z,1.61593684681295,21.276
2025-10-25T14:20:00Z,1.6202645786846261,21.298
2025-10-25T14:30:00Z,1.622064578684622,21.327
2025-10-25T14:40:00Z,NA,21.358
2025-10-25T14:50:00Z,1.6238645786846249,21.392
2025-10-25T15:00:00Z,1.622064578684622,21.429
2025-10-25T15:10:00Z,1.6320923105562954,21.457
2025-10-25T15:20:00Z,1.6327923105562974,21.482
2025-10-25T15:30:00Z,1.6316923105562964,21.483
2025-10-25T15:40:00Z,1.625992310556299,21.489
2025-10-25T15:50:00Z,1.623792310556297,21.499
2025-10-25T16:00:00Z,1.6238923105563003,21.434
2025-10-25T16:10:00Z,1.6331200424279615,21.361
2025-10-25T16:20:00Z,1.6338200424279634,21.348
2025-10-25T16:30:00Z,1.6320200424279676,21.324
2025-10-25T16:40:00Z,1.6327200424279624,21.311
2025-10-25T16:50:00Z,1.630320042427968,21.297
2025-10-25T17:00:00Z,1.6309200424279666,21.281
2025-10-25T17:10:00Z,1.636147774299637,21.249
2025-10-25T17:20:00Z,1.624020042427965,21.219
2025-10-25T17:30:00Z,1.6253200424279655,21.187
2025-10-25T17:40:00Z,1.630720042427967,21.123
2025-10-25T17:50:00Z,1.628820042427968,21.097
2025-10-25T18:00:00Z,1.645347774299637,21.057
2025-10-25T18:10:00Z,NA,21.045
2025-10-25T18:20:00Z,1.650547774299639,21.012
2025-10-25T18:30:00Z,1.6545477742996368,20.964
2025-10-25T18:40:00Z,1.6419200424279623,20.913
2025-10-25T18:50:00Z,1.6315200424279652,20.836
2025-10-25T19:00:00Z,NA,20.677
2025-10-25T19:10:00Z,1.6324200424279667,20.602
2025-10-25T19:20:00Z,NA,20.628
2025-10-25T19:30:00Z,1.6287923105562996,20.642
2025-10-25T19:40:00Z,1.640320042427966,20.616
2025-10-25T19:50:00Z,1.6452200424279653,20.588
2025-10-25T20:00:00Z,1.6533477742996396,20.519
2025-10-25T20:10:00Z,1.6401200424279665,20.437
2025-10-25T20:20:00Z,1.6546477742996402,20.403
2025-10-25T20:30:00Z,1.6408200424279613,20.324
2025-10-25T20:40:00Z,1.6323923105562983,20.228
2025-10-25T20:50:00Z,1.6331923105562964,20.366
2025-10-25T21:00:00Z,1.634492310556297,20.462
2025-10-25T21:10:00Z,NA,20.466
2025-10-25T21:20:00Z,1.6426923105562992,20.455
2025-10-25T21:30:00Z,1.6505200424279636,20.491
2025-10-25T21:40:00Z,1.6373923105563009,20.504
2025-10-25T21:50:00Z,1.6473923105562989,20.518
2025-10-25T22:00:00Z,1.6498923105562966,20.382
2025-10-25T22:10:00Z,1.652292310556298,20.101
2025-10-25T22:20:00Z,1.6473645786846234,20.205
2025-10-25T22:30:00Z,1.6608923105562994,20.113
2025-10-25T22:40:00Z,1.6569923105562978,20.12
2025-10-25T22:50:00Z,1.6469645786846243,20.153
2025-10-25T23:00:00Z,1.6446645786846261,20.237
2025-10-25T23:10:00Z,1.6440645786846204,20.253
2025-10-25T23:20:00Z,1.6310368468129468,20.248
2025-10-25T23:30:00Z,1.6350368468129517,20.028
2025-10-25T23:40:00Z,1.6289368468129481,20.016
2025-10-25T23:50:00Z,1.631436846812953,20.112
2025-10-26T00:00:00Z,1.6275368468129514,20.271
2025-10-26T00:10:00Z,1.6354645786846262,20.362
2025-10-26T00:20:00Z,1.6337645786846267,20.368
2025-10-26T00:30:00Z,1.624036846812949,20.264
2025-10-26T00:40:00Z,1.6340645786846224,20.277
2025-10-26T00:50:00Z,1.6384645786846264,20.236
2025-10-26T01:00:00Z,1.6373645786846254,20.231
2025-10-26T01:10:00Z,1.6349645786846239,20.236
2025-10-26T01:20:00Z,1.63356457868462,20.182
2025-10-26T01:30:00Z,1.6267645786846217,20.178
2025-10-26T01:40:00Z,1.629064578684627,20.186
2025-10-26T01:50:00Z,1.6274645786846236,20.188
2025-10-26T02:00:00Z,1.6301645786846208,20.201
2025-10-26T02:10:00Z,1.6292645786846265,20.197
2025-10-26T02:20:00Z,NA,20.171
2025-10-26T02:30:00Z,1.628192310556301,20.163
2025-10-26T02:40:00Z,1.6267923105562971,20.119
2025-10-26T02:50:00Z,1.6232923105562946,20.049
2025-10-26T03:00:00Z,1.6242923105562994,19.964
2025-10-26T03:10:00Z,1.6308923105562982,19.848
2025-10-26T03:20:00Z,1.6321923105562988,19.773
2025-10-26T03:30:00Z,1.6415200424279632,19.771
2025-10-26T03:40:00Z,1.638120042427964,19.824
2025-10-26T03:50:00Z,1.6389200424279622,19.766
2025-10-26T04:00:00Z,1.637720042427965,19.767
2025-10-26T04:10:00Z,1.635520042427963,19.689
2025-10-26T04:20:00Z,1.6352200424279673,19.644
2025-10-26T04:30:00Z,1.6391200424279617,19.672
2025-10-26T04:40:00Z,1.6382200424279674,19.577
2025-10-26T04:50:00Z,1.6358200424279659,19.577
2025-10-26T05:00:00Z,1.6433200424279661,19.654
2025-10-26T05:10:00Z,1.6487200424279678,19.643
2025-10-26T05:20:00Z,1.6531200424279646,19.643
2025-10-26T05:30:00Z,1.6627200424279636,19.686
2025-10-26T05:40:00Z,1.6607200424279611,19.714
2025-10-26T05:50:00Z,1.6567200424279633,19.768
2025-10-26T06:00:00Z,1.6535200424279637,19.783
2025-10-26T06:10:00Z,1.6489923105562951,19.775
2025-10-26T06:20:00Z,1.6500923105562961,19.757
2025-10-26T06:30:00Z,1.6428645786846232,19.701
2025-10-26T06:40:00Z,1.6470645786846205,19.652
2025-10-26T06:50:00Z,1.6594923105562955,19.595
2025-10-26T07:00:00Z,1.6673923105562949,19.588
2025-10-26T07:10:00Z,1.6591645786846243,19.593
2025-10-26T07:20:00Z,1.6610645786846234,19.59
2025-10-26T07:30:00Z,1.6624645786846202,19.599
2025-10-26T07:40:00Z,1.6593368468129484,19.609
2025-10-26T07:50:00Z,1.6619368468129494,19.618
2025-10-26T08:00:00Z,1.6671368468129515,19.62
2025-10-26T08:10:00Z,1.6643091149412825,19.65
2025-10-26T08:20:00Z,1.665909114941286,19.668
2025-10-26T08:30:00Z,1.6695091149412846,19.671
2025-10-26T08:40:00Z,1.6728091149412805,19.693
2025-10-26T08:50:00Z,1.6649813830696019,19.712
2025-10-26T09:00:00Z,1.666181383069599,19.804
2025-10-26T09:10:00Z,1.6518536511979391,19.866
2025-10-26T09:20:00Z,1.6511536511979443,19.903
2025-10-26T09:30:00Z,1.6486536511979395,19.942
2025-10-26T09:40:00Z,1.6388259193262584,19.919
2025-10-26T09:50:00Z,1.639025919326258,19.917
2025-10-26T10:00:00Z,1.6362259193262574,19.912
2025-10-26T10:10:00Z,1.6345259193262578,19.903
2025-10-26T10:20:00Z,1.6356259193262588,19.914
2025-10-26T10:30:00Z,1.6332259193262573,19.968
2025-10-26T10:40:00Z,1.6330259193262577,19.979
2025-10-26T10:50:00Z,1.6297259193262619,19.993
2025-10-26T11:00:00Z,1.6393536511979434,20.027
2025-10-26T11:10:00Z,1.6355536511979452,20.109
2025-10-26T11:20:00Z,1.6355536511979452,20.204
2025-10-26T11:30:00Z,1.63625365119794,20.244
2025-10-26T11:40:00Z,1.6318536511979431,20.286
2025-10-26T11:50:00Z,1.6242536511979395,20.364
2025-10-26T12:00:00Z,1.6358813830696022,20.447
2025-10-26T12:10:00Z,1.633181383069605,20.559
2025-10-26T12:20:00Z,1.631781383069601,20.588
2025-10-26T12:30:00Z,1.6296813830696024,20.643
2025-10-26T12:40:00Z,1.6252813830695985,20.664
2025-10-26T12:50:00Z,1.6335091149412833,20.714
2025-10-26T13:00:00Z,1.627909114941282,20.791
2025-10-26T13:10:00Z,1.6211091149412837,20.87
2025-10-26T13:20:00Z,1.6189091149412818,20.917
2025-10-26T13:30:00Z,1.6258368468129518,20.933
2025-10-26T13:40:00Z,1.6211368468129521,21.007
2025-10-26T13:50:00Z,1.6220368468129465,21.02
2025-10-26T14:00:00Z,1.6315645786846247,21.027
2025-10-26T14:10:00Z,1.630964578684626,21.079
2025-10-26T14:20:00Z,1.6308645786846228,21.104
2025-10-26T14:30:00Z,1.6394923105562995,21.134
2025-10-26T14:40:00Z,1.638592310556298,21.144
2025-10-26T14:50:00Z,1.634192310556294,21.135
2025-10-26T15:00:00Z,1.6321923105562988,21.166
2025-10-26T15:10:00Z,1.629692310556301,21.14
2025-10-26T15:20:00Z,1.6276923105562986,21.163
2025-10-26T15:30:00Z,1.6267923105562971,21.128
2025-10-26T15:40:00Z,1.6326200424279662,21.159
2025-10-26T15:50:00Z,1.6291200424279637,21.146
2025-10-26T16:00:00Z,1.6245200424279673,21.133
2025-10-26T16:10:00Z,1.621420042427964,21.105
2025-10-26T16:20:00Z,1.6292477742996354,21.052
2025-10-26T16:30:00Z,1.6223477742996408,20.987
2025-10-26T16:40:00Z,1.6188477742996383,20.972
2025-10-26T16:50:00Z,1.6173477742996383,20.909
2025-10-26T17:00:00Z,1.6159477742996415,20.882
2025-10-26T17:10:00Z,1.6235755061713135,20.936
2025-10-26T17:20:00Z,1.6232755061713107,20.931
2025-10-26T17:30:00Z,1.6216755061713144,20.952
2025-10-26T17:40:00Z,1.6308032380429864,20.927
2025-10-26T17:50:00Z,1.6367032380429833,20.881
2025-10-26T18:00:00Z,1.6405032380429887,20.835
2025-10-26T18:10:00Z,1.6512032380429886,20.791
2025-10-26T18:20:00Z,1.653603238042983,20.737
2025-10-26T18:30:00Z,1.6588032380429851,20.667
2025-10-26T18:40:00Z,1.6568032380429898,20.594
2025-10-26T18:50:00Z,1.660603238042988,20.57
2025-10-26T19:00:00Z,1.667603238042986,20.516
2025-10-26T19:10:00Z,1.6546755061713156,20.487
2025-10-26T19:20:00Z,1.6539755061713137,20.42
2025-10-26T19:30:00Z,1.6435477742996412,20.331
2025-10-26T19:40:00Z,1.656675506171311,20.313
2025-10-26T19:50:00Z,1.6469477742996403,20.404
2025-10-26T20:00:00Z,1.6503477742996395,20.335
2025-10-26T20:10:00Z,1.6514477742996405,20.289
2025-10-26T20:20:00Z,1.6492477742996385,20.214
2025-10-26T20:30:00Z,1.6300200424279652,20.255
2025-10-26T20:40:00Z,1.6276200424279637,20.319
2025-10-26T20:50:00Z,1.6271200424279613,20.379
2025-10-26T21:00:00Z,1.635520042427963,20.243
2025-10-26T21:10:00Z,1.6437200424279652,20.075
2025-10-26T21:20:00Z,1.6376200424279617,20.23
2025-10-26T21:30:00Z,1.6457200424279677,20.065
2025-10-26T21:40:00Z,1.6430200424279633,20.063
2025-10-26T21:50:00Z,1.65314777429964,20.226
2025-10-26T22:00:00Z,1.6428200424279638,20.303
2025-10-26T22:10:00Z,1.6262923105562948,20.113
2025-10-26T22:20:00Z,1.6278923105562981,20.133
2025-10-26T22:30:00Z,1.6212923105562993,20.095
2025-10-26T22:40:00Z,1.6337200424279672,20.027
2025-10-26T22:50:00Z,1.6198923105562955,20.141
2025-10-26T23:00:00Z,1.6169923105562987,20.073
2025-10-26T23:10:00Z,1.6278200424279632,20.088
2025-10-26T23:20:00Z,1.6276200424279637,20.148
2025-10-26T23:30:00Z,1.6252200424279621,20.04
2025-10-26T23:40:00Z,1.6279200424279665,20.057
2025-10-26T23:50:00Z,1.6278200424279632,20.002
2025-10-27T00:00:00Z,1.629220042427967,20.013
2025-10-27T00:10:00Z,1.6291200424279637,20
2025-10-27T00:20:00Z,1.6365477742996362,19.911
2025-10-27T00:30:00Z,1.6256200424279612,19.936
2025-10-27T00:40:00Z,1.633147774299637,19.876
2025-10-27T00:50:00Z,1.6307477742996355,19.918
2025-10-27T01:00:00Z,1.6336477742996394,19.911
2025-10-27T01:10:00Z,1.6332477742996403,19.908
2025-10-27T01:20:00Z,1.633847774299639,19.869
2025-10-27T01:30:00Z,1.6337477742996356,19.858
2025-10-27T01:40:00Z,1.634247774299638,19.874
2025-10-27T01:50:00Z,1.6328477742996412,19.897
2025-10-27T02:00:00Z,1.6308477742996388,19.831
2025-10-27T02:10:00Z,1.6312477742996379,19.857
2025-10-27T02:20:00Z,1.6276477742996391,19.799
2025-10-27T02:30:00Z,1.623847774299641,19.72
2025-10-27T02:40:00Z,1.6249477742996419,19.72
2025-10-27T02:50:00Z,1.6199477742996393,19.801
2025-10-27T03:00:00Z,1.6203477742996384,19.818
2025-10-27T03:10:00Z,1.6173477742996383,19.792
2025-10-27T03:20:00Z,1.621347774299636,19.714
2025-10-27T03:30:00Z,1.6363755061713121,19.623
2025-10-27T03:40:00Z,1.636275506171316,19.683
2025-10-27T03:50:00Z,1.6384755061713108,19.637
2025-10-27T04:00:00Z,1.6414755061713109,19.653
2025-10-27T04:10:00Z,1.6490755061713145,19.653
2025-10-27T04:20:00Z,1.6531755061713156,19.66
2025-10-27T04:30:00Z,1.6545755061713123,19.631
2025-10-27T04:40:00Z,1.6583755061713106,19.609
2025-10-27T04:50:00Z,1.65857550617131,19.561
2025-10-27T05:00:00Z,1.6485477742996366,19.553
2025-10-27T05:10:00Z,1.6520477742996391,19.491
2025-10-27T05:20:00Z,1.6367200424279673,19.339
2025-10-27T05:30:00Z,1.6346200424279616,19.239
2025-10-27T05:40:00Z,1.6346200424279616,19.045
2025-10-27T05:50:00Z,1.6332200424279648,19.045
2025-10-27T06:00:00Z,1.6378200424279612,19.008
2025-10-27T06:10:00Z,1.6242923105562994,19.031
2025-10-27T06:20:00Z,1.638420042427967,19.087
2025-10-27T06:30:00Z,1.624192310556296,19.053
2025-10-27T06:40:00Z,1.634820042427961,19.086
2025-10-27T06:50:00Z,1.640320042427966,19.205
2025-10-27T07:00:00Z,1.6345923105563003,19.295
2025-10-27T07:10:00Z,1.641892310556301,19.259
2025-10-27T07:20:00Z,1.6379923105562995,19.286
2025-10-27T07:30:00Z,1.6382923105562952,19.363
2025-10-27T07:40:00Z,1.6432923105562978,19.419
2025-10-27T07:50:00Z,1.649292310556298,19.375
2025-10-27T08:00:00Z,1.6439645786846242,19.463
2025-10-27T08:10:00Z,1.6419645786846218,19.361
2025-10-27T08:20:00Z,1.6429645786846265,19.387
2025-10-27T08:30:00Z,1.647564578684623,19.392
2025-10-27T08:40:00Z,1.6422645786846246,19.523
2025-10-27T08:50:00Z,1.6258368468129518,19.565
2025-10-27T09:00:00Z,1.6219368468129503,19.501
2025-10-27T09:10:00Z,1.6156368468129472,19.425
2025-10-27T09:20:00Z,1.6157368468129505,19.554
2025-10-27T09:30:00Z,1.6211368468129521,19.766
2025-10-27T09:40:00Z,1.62663684681295,19.946
2025-10-27T09:50:00Z,1.6408645786846208,20.033
2025-10-27T10:00:00Z,1.641264578684627,20.085
2025-10-27T10:10:00Z,1.636864578684623,20.119
2025-10-27T10:20:00Z,1.6360645786846248,20.209
2025-10-27T10:30:00Z,1.6299645786846213,20.307
2025-10-27T10:40:00Z,1.6176368468129496,20.417
2025-10-27T10:50:00Z,1.6160368468129462,20.455
2025-10-27T11:00:00Z,1.6146368468129495,20.469
2025-10-27T11:10:00Z,1.623564578684622,20.539
2025-10-27T11:20:00Z,1.6167645786846236,20.605
2025-10-27T11:30:00Z,1.616564578684624,20.68
2025-10-27T11:40:00Z,1.6105645786846239,20.683
2025-10-27T11:50:00Z,1.6127923105562942,20.733
2025-10-27T12:00:00Z,1.607492310556296,20.789
2025-10-27T12:10:00Z,1.6057923105562963,20.829
2025-10-27T12:20:00Z,1.5979923105563003,20.944
2025-10-27T12:30:00Z,NA,20.953
2025-10-27T12:40:00Z,1.6047200424279637,20.945
2025-10-27T12:50:00Z,1.6180477742996402,20.978
2025-10-27T13:00:00Z,1.6121477742996362,21.023
2025-10-27T13:10:00Z,1.6142755061713103,21.035
2025-10-27T13:20:00Z,1.6154755061713146,21.099
2025-10-27T13:30:00Z,1.608575506171313,21.268
2025-10-27T13:40:00Z,1.6005755061713103,21.291
2025-10-27T13:50:00Z,1.5975755061713102,21.386
2025-10-27T14:00:00Z,1.6122032380429872,21.374
2025-10-27T14:10:00Z,1.6200309699146516,21.122
2025-10-27T14:20:00Z,1.6185309699146515,21.04
2025-10-27T14:30:00Z,1.6174309699146505,21.051
2025-10-27T14:40:00Z,1.6263587017863301,21.098
2025-10-27T14:50:00Z,1.6241587017863282,21.09
2025-10-27T15:00:00Z,1.618558701786327,21.081
2025-10-27T15:10:00Z,1.6141587017863301,21.083
2025-10-27T15:20:00Z,1.6099587017863257,21.09
2025-10-27T15:30:00Z,1.6066587017863299,21.056
2025-10-27T15:40:00Z,1.6133864336579933,21.123
2025-10-27T15:50:00Z,1.6122864336579923,21.107
2025-10-27T16:00:00Z,1.6135864336579928,21.081
2025-10-27T16:10:00Z,1.6134864336579966,21.021
2025-10-27T16:20:00Z,1.6221141655296734,20.988
2025-10-27T16:30:00Z,1.619014165529677,20.909
2025-10-27T16:40:00Z,1.6202141655296742,20.793
2025-10-27T16:50:00Z,1.6267418974013452,20.733
2025-10-27T17:00:00Z,1.617114165529678,20.717
2025-10-27T17:10:00Z,1.6133141655296726,20.727
2025-10-27T17:20:00Z,1.6267418974013452,20.72
2025-10-27T17:30:00Z,1.6201418974013393,20.753
2025-10-27T17:40:00Z,1.6167418974013401,20.675
2025-10-27T17:50:00Z,1.6202418974013426,20.611
2025-10-27T18:00:00Z,1.6215418974013431,20.612
2025-10-27T18:10:00Z,1.6227418974013403,20.57
2025-10-27T18:20:00Z,1.6254418974013447,20.441
2025-10-27T18:30:00Z,1.635769629273014,20.442
2025-10-27T18:40:00Z,1.6464696292730139,20.421
2025-10-27T18:50:00Z,1.6502696292730192,20.433
2025-10-27T19:00:00Z,1.6446418974013426,20.391
2025-10-27T19:10:00Z,1.6498418974013447,20.322
2025-10-27T19:20:00Z,1.6472418974013436,20.172
2025-10-27T19:30:00Z,1.6484418974013408,20.166
2025-10-27T19:40:00Z,1.6351141655296786,20.168
2025-10-27T19:50:00Z,1.6339141655296743,20.119
2025-10-27T20:00:00Z,1.6356141655296739,20.14
2025-10-27T20:10:00Z,1.6281864336579943,20.139
2025-10-27T20:20:00Z,1.6363141655296758,20.078
2025-10-27T20:30:00Z,1.6373141655296735,20.051
2025-10-27T20:40:00Z,1.6367141655296749,20.019
2025-10-27T20:50:00Z,1.6420141655296732,19.925
2025-10-27T21:00:00Z,1.629886433657994,19.755
2025-10-27T21:10:00Z,1.6336864336579922,19.862
2025-10-27T21:20:00Z,1.6344864336579974,19.785
2025-10-27T21:30:00Z,1.6364864336579927,19.678
2025-10-27T21:40:00Z,1.6342864336579979,19.594
2025-10-27T21:50:00Z,1.6263587017863301,19.46
2025-10-27T22:00:00Z,1.62335870178633,19.433
2025-10-27T22:10:00Z,1.6234587017863262,19.716
2025-10-27T22:20:00Z,1.6253587017863254,19.477
2025-10-27T22:30:00Z,1.619658701786328,19.506
2025-10-27T22:40:00Z,1.6180587017863246,19.595
2025-10-27T22:50:00Z,1.617058701786327,19.698
2025-10-27T23:00:00Z,1.6182587017863241,19.576
2025-10-27T23:10:00Z,1.6201587017863304,19.563
2025-10-27T23:20:00Z,1.6191587017863256,19.472
2025-10-27T23:30:00Z,1.627686433657992,19.583
2025-10-27T23:40:00Z,1.6250864336579909,19.495
2025-10-27T23:50:00Z,1.6261864336579919,19.719
2025-10-28T00:00:00Z,1.625486433657997,19.723
2025-10-28T00:10:00Z,1.6132587017863287,19.395
2025-10-28T00:20:00Z,1.6275864336579957,19.482
2025-10-28T00:30:00Z,1.6270864336579933,19.473
2025-10-28T00:40:00Z,1.6266864336579943,19.626
2025-10-28T00:50:00Z,1.626586433657991,19.716
2025-10-28T01:00:00Z,1.626586433657991,19.776
2025-10-28T01:10:00Z,1.6286864336579967,19.747
2025-10-28T01:20:00Z,1.632186433657992,19.79
2025-10-28T01:30:00Z,1.6342864336579979,19.714
2025-10-28T01:40:00Z,1.6355864336579913,19.676
2025-10-28T01:50:00Z,1.6358864336579941,19.7
2025-10-28T02:00:00Z,1.6379864336579928,19.693
2025-10-28T02:10:00Z,1.6392864336579933,19.641
2025-10-28T02:20:00Z,1.6286587017863283,19.552
2025-10-28T02:30:00Z,1.6313587017863256,19.582
2025-10-28T02:40:00Z,1.6341587017863262,19.537
2025-10-28T02:50:00Z,1.6345587017863252,19.486
2025-10-28T03:00:00Z,1.6293587017863302,19.47
2025-10-28T03:10:00Z,1.6149309699146528,19.62
2025-10-28T03:20:00Z,1.6298587017863255,19.565
2025-10-28T03:30:00Z,1.6192309699146534,19.388
2025-10-28T03:40:00Z,1.6247309699146513,19.494
2025-10-28T03:50:00Z,1.6211309699146526,19.57
2025-10-28T04:00:00Z,1.6363587017863281,19.58
2025-10-28T04:10:00Z,1.6374587017863291,19.589
2025-10-28T04:20:00Z,1.6292309699146514,19.475
2025-10-28T04:30:00Z,1.62983096991465,19.443
2025-10-28T04:40:00Z,1.6315309699146567,19.505
2025-10-28T04:50:00Z,1.6325309699146544,19.497
2025-10-28T05:00:00Z,1.630930969914651,19.548
2025-10-28T05:10:00Z,1.6311309699146506,19.545
2025-10-28T05:20:00Z,1.6200032380429832,19.506
2025-10-28T05:30:00Z,1.628403238042985,19.515
2025-10-28T05:40:00Z,1.6300032380429883,19.534
2025-10-28T05:50:00Z,1.6345032380429885,19.5
2025-10-28T06:00:00Z,1.63540323804299,19.517
2025-10-28T06:10:00Z,1.6383032380429867,19.438
2025-10-28T06:20:00Z,1.637303238042989,19.269
2025-10-28T06:30:00Z,1.6390032380429886,19.257
2025-10-28T06:40:00Z,1.63117550617131,19.193
2025-10-28T06:50:00Z,1.6349755061713154,19.15
2025-10-28T07:00:00Z,1.6405755061713094,19.226
2025-10-28T07:10:00Z,1.6441755061713152,19.203
2025-10-28T07:20:00Z,1.6498755061713126,19.26
2025-10-28T07:30:00Z,1.6520755061713146,19.191
2025-10-28T07:40:00Z,1.6447477742996384,19.235
2025-10-28T07:50:00Z,1.6460477742996389,19.303
2025-10-28T08:00:00Z,1.6471477742996399,19.339
2025-10-28T08:10:00Z,1.6334200424279643,19.398
2025-10-28T08:20:00Z,1.6387200424279627,19.419
2025-10-28T08:30:00Z,1.6290923105562953,19.408
2025-10-28T08:40:00Z,1.6331923105562964,19.399
2025-10-28T08:50:00Z,1.6342923105562974,19.371
2025-10-28T09:00:00Z,1.6335923105562955,19.326
2025-10-28T09:10:00Z,1.6347923105562998,19.33
2025-10-28T09:20:00Z,1.6349923105562993,19.414
2025-10-28T09:30:00Z,1.6342923105562974,19.606
2025-10-28T09:40:00Z,1.6214645786846233,19.669
2025-10-28T09:50:00Z,1.6188645786846223,19.794
2025-10-28T10:00:00Z,1.6169645786846232,19.853
2025-10-28T10:10:00Z,1.6184645786846232,19.994
2025-10-28T10:20:00Z,1.6181645786846204,20.052
2025-10-28T10:30:00Z,1.6171645786846227,20.118
2025-10-28T10:40:00Z,1.6292923105562949,20.18
2025-10-28T10:50:00Z,1.6300923105563,20.296
2025-10-28T11:00:00Z,1.6247923105562947,20.348
2025-10-28T11:10:00Z,1.6205923105562974,20.559
2025-10-28T11:20:00Z,1.620792310556297,20.658
2025-10-28T11:30:00Z,1.6156923105562981,20.84
2025-10-28T11:40:00Z,1.6113923105562975,21.01
2025-10-28T11:50:00Z,1.6027923105562962,21.048
2025-10-28T12:00:00Z,1.6145200424279622,21.041
2025-10-28T12:10:00Z,1.611820042427965,21.144
2025-10-28T12:20:00Z,1.6051200424279628,21.173
2025-10-28T12:30:00Z,1.5999200424279678,21.214
2025-10-28T12:40:00Z,1.6112477742996418,21.338
2025-10-28T12:50:00Z,1.6056477742996407,21.482
2025-10-28T13:00:00Z,1.612675506171314,21.634
2025-10-28T13:10:00Z,1.6113755061713135,21.706
2025-10-28T13:20:00Z,1.610475506171312,21.762
2025-10-28T13:30:00Z,1.622503238042988,22.017
2025-10-28T13:40:00Z,1.6205032380429856,22.164
2025-10-28T13:50:00Z,1.6193032380429884,22.117
2025-10-28T14:00:00Z,1.6358309699146503,21.84
2025-10-28T14:10:00Z,1.636430969914656,22.04
2025-10-28T14:20:00Z,1.641230969914652,22.192
2025-10-28T14:30:00Z,1.637930969914656,22.135
2025-10-28T14:40:00Z,1.6391309699146532,21.689
2025-10-28T14:50:00Z,1.642730969914652,21.744
2025-10-28T15:00:00Z,1.6402309699146542,21.839
2025-10-28T15:10:00Z,1.6454309699146563,21.921
2025-10-28T15:20:00Z,1.6441309699146558,21.884
2025-10-28T15:30:00Z,1.6481309699146536,21.862
2025-10-28T15:40:00Z,1.6409309699146561,21.821
2025-10-28T15:50:00Z,1.6304032380429874,21.793
2025-10-28T16:00:00Z,1.6268032380429887,21.773
2025-10-28T16:10:00Z,1.6242032380429876,21.731
2025-10-28T16:20:00Z,1.6245032380429834,21.815
2025-10-28T16:30:00Z,1.62620323804299,21.615
2025-10-28T16:40:00Z,1.6243032380429838,21.631
2025-10-28T16:50:00Z,1.6244032380429871,21.709
2025-10-28T17:00:00Z,1.6281032380429892,21.608
2025-10-28T17:10:00Z,1.6315032380429884,21.188
2025-10-28T17:20:00Z,1.631703238042988,20.972
2025-10-28T17:30:00Z,1.6324032380429898,20.879
2025-10-28T17:40:00Z,1.6339032380429899,20.997
2025-10-28T17:50:00Z,1.6401032380429896,20.915
2025-10-28T18:00:00Z,1.645403238042988,21.085
2025-10-28T18:10:00Z,1.65060323804299,21.155
2025-10-28T18:20:00Z,1.656203238042984,21.149
2025-10-28T18:30:00Z,1.6443755061713148,21.131
2025-10-28T18:40:00Z,1.6469755061713158,21.01
2025-10-28T18:50:00Z,1.6479755061713135,20.966
2025-10-28T19:00:00Z,1.63944777429964,20.928
2025-10-28T19:10:00Z,1.639047774299641,20.867
2025-10-28T19:20:00Z,1.6415477742996387,20.812
2025-10-28T19:30:00Z,1.6295200424279628,20.812
2025-10-28T19:40:00Z,1.6343200424279658,20.848
2025-10-28T19:50:00Z,1.6360200424279654,20.85
2025-10-28T20:00:00Z,1.6350200424279677,20.712
2025-10-28T20:10:00Z,1.6383200424279636,20.737
2025-10-28T20:20:00Z,1.6260923105562952,20.693
2025-10-28T20:30:00Z,1.6321923105562988,20.636
2025-10-28T20:40:00Z,1.634892310556296,20.617
2025-10-28T20:50:00Z,1.6357923105562975,20.594
2025-10-28T21:00:00Z,1.6390923105563004,20.55
2025-10-28T21:10:00Z,1.6399923105562948,20.495
2025-10-28T21:20:00Z,1.6386923105562943,20.297
2025-10-28T21:30:00Z,1.6391923105562967,20.19
2025-10-28T21:40:00Z,1.6281645786846255,20.273
2025-10-28T21:50:00Z,1.6288645786846203,20.131
2025-10-28T22:00:00Z,1.6321645786846233,20.143
2025-10-28T22:10:00Z,1.635764578684622,20.185
2025-10-28T22:20:00Z,1.6317645786846242,20.225
2025-10-28T22:30:00Z,1.6281645786846255,20.126
2025-10-28T22:40:00Z,1.6314645786846214,20.224
2025-10-28T22:50:00Z,1.631664578684621,20.295
2025-10-28T23:00:00Z,1.6190368468129464,20.255
2025-10-28T23:10:00Z,1.6195368468129487,19.939
2025-10-28T23:20:00Z,1.6187368468129506,19.846
2025-10-28T23:30:00Z,1.6332645786846243,20.041
2025-10-28T23:40:00Z,1.6325645786846223,19.671
2025-10-28T23:50:00Z,1.6214368468129479,19.856
2025-10-29T00:00:00Z,1.633164578684621,19.696
2025-10-29T00:10:00Z,1.632064578684627,19.981
2025-10-29T00:20:00Z,1.6206368468129497,20.013
2025-10-29T00:30:00Z,1.6204368468129502,20.061
2025-10-29T00:40:00Z,1.6198368468129516,19.942
2025-10-29T00:50:00Z,1.6216368468129474,20.004
2025-10-29T01:00:00Z,1.6204368468129502,20.11
2025-10-29T01:10:00Z,1.6197368468129483,20.045
2025-10-29T01:20:00Z,1.6203368468129469,19.973
2025-10-29T01:30:00Z,1.6178368468129491,19.796
2025-10-29T01:40:00Z,1.6149368468129524,19.543
2025-10-29T01:50:00Z,1.6136368468129518,19.559
2025-10-29T02:00:00Z,1.6106368468129517,19.654
2025-10-29T02:10:00Z,1.617664578684625,19.641
2025-10-29T02:20:00Z,1.6060368468129482,19.59
2025-10-29T02:30:00Z,1.6149645786846207,19.813
2025-10-29T02:40:00Z,1.6115645786846216,19.822
2025-10-29T02:50:00Z,1.6115645786846216,19.802
2025-10-29T03:00:00Z,1.6086645786846248,19.699
2025-10-29T03:10:00Z,1.6199923105562988,19.845
2025-10-29T03:20:00Z,1.6221923105563008,19.839
2025-10-29T03:30:00Z,1.625992310556299,19.761
2025-10-29T03:40:00Z,1.6250923105562975,19.788
2025-10-29T03:50:00Z,1.624892310556298,19.716
2025-10-29T04:00:00Z,1.6236923105563008,19.754
2025-10-29T04:10:00Z,1.624192310556296,19.761
2025-10-29T04:20:00Z,1.6231923105562984,19.633
2025-10-29T04:30:00Z,1.622692310556296,19.597
2025-10-29T04:40:00Z,1.6250923105562975,19.623
2025-10-29T04:50:00Z,1.6265923105562976,19.527
2025-10-29T05:00:00Z,1.6288923105562958,19.649
2025-10-29T05:10:00Z,1.6280923105562977,19.553
2025-10-29T05:20:00Z,1.6278923105562981,19.425
2025-10-29T05:30:00Z,1.6298923105563006,19.353
2025-10-29T05:40:00Z,1.6316923105562964,19.342
2025-10-29T05:50:00Z,1.6328923105563007,19.296
2025-10-29T06:00:00Z,1.6313923105563006,19.272
2025-10-29T06:10:00Z,1.630792310556295,19.303
2025-10-29T06:20:00Z,1.6191645786846252,19.235
2025-10-29T06:30:00Z,1.6190645786846218,19.272
2025-10-29T06:40:00Z,1.62286457868462,19.278
2025-10-29T06:50:00Z,1.6262645786846264,19.272
2025-10-29T07:00:00Z,1.63356457868462,19.111
2025-10-29T07:10:00Z,1.6363645786846206,19.248
2025-10-29T07:20:00Z,1.6358645786846253,19.231
2025-10-29T07:30:00Z,1.6441645786846237,19.37
2025-10-29T07:40:00Z,1.6465645786846252,19.376
2025-10-29T07:50:00Z,1.6530645786846208,19.455
2025-10-29T08:00:00Z,1.6453368468129526,19.501
2025-10-29T08:10:00Z,1.6461368468129507,19.439
2025-10-29T08:20:00Z,1.6467368468129493,19.412
2025-10-29T08:30:00Z,1.6344091149412847,19.279
2025-10-29T08:40:00Z,1.6351091149412795,19.394
2025-10-29T08:50:00Z,1.6342091149412852,19.494
2025-10-29T09:00:00Z,1.6196813830696044,19.558
2025-10-29T09:10:00Z,1.619181383069602,19.655
2025-10-29T09:20:00Z,1.6194813830696049,19.835
2025-10-29T09:30:00Z,1.6145813830695985,20.006
2025-10-29T09:40:00Z,1.6141813830695995,20.087
2025-10-29T09:50:00Z,1.616581383069601,20.08
2025-10-29T10:00:00Z,1.62420911494128,20.104
2025-10-29T10:10:00Z,1.626809114941281,20.238
2025-10-29T10:20:00Z,1.6248091149412858,20.318
2025-10-29T10:30:00Z,1.6213091149412833,20.347
2025-10-29T10:40:00Z,1.6176091149412812,20.331
2025-10-29T10:50:00Z,1.6148091149412807,20.472
2025-10-29T11:00:00Z,1.6104091149412838,20.433
2025-10-29T11:10:00Z,1.607909114941286,20.694
2025-10-29T11:20:00Z,1.6022091149412816,20.776
2025-10-29T11:30:00Z,1.6112368468129503,20.853
2025-10-29T11:40:00Z,1.6087368468129526,20.929
2025-10-29T11:50:00Z,1.602936846812952,21.026
2025-10-29T12:00:00Z,1.6088645786846243,21.292
2025-10-29T12:10:00Z,1.6021645786846221,21.333
2025-10-29T12:20:00Z,1.600664578684622,21.43
2025-10-29T12:30:00Z,1.6011923105563,21.524
2025-10-29T12:40:00Z,1.595292310556296,21.622
2025-10-29T12:50:00Z,1.601120042427965,21.672
2025-10-29T13:00:00Z,1.5990200424279664,21.606
2025-10-29T13:10:00Z,1.6031477742996358,21.668
2025-10-29T13:20:00Z,1.6026477742996406,21.723
2025-10-29T13:30:00Z,1.6092755061713149,21.886
2025-10-29T13:40:00Z,1.6072755061713124,21.957
2025-10-29T13:50:00Z,1.6156032380429863,22.006
2025-10-29T14:00:00Z,1.6097032380429894,22.091
2025-10-29T14:10:00Z,1.6212309699146559,22.045
2025-10-29T14:20:00Z,1.6158309699146542,22.015
2025-10-29T14:30:00Z,1.6152309699146556,22.013
2025-10-29T14:40:00Z,1.6136309699146523,21.973
2025-10-29T14:50:00Z,1.6246587017863305,21.946
2025-10-29T15:00:00Z,1.6223587017863252,21.962
2025-10-29T15:10:00Z,1.6253587017863254,21.919
2025-10-29T15:20:00Z,1.6236587017863258,21.938
2025-10-29T15:30:00Z,1.6358864336579941,21.895
2025-10-29T15:40:00Z,1.636586433657996,21.868
2025-10-29T15:50:00Z,1.6352864336579955,21.894
2025-10-29T16:00:00Z,1.6349864336579927,21.988
2025-10-29T16:10:00Z,1.6234587017863262,22.024
2025-10-29T16:20:00Z,1.6225587017863248,21.977
2025-10-29T16:30:00Z,1.634386433657994,21.911
2025-10-29T16:40:00Z,1.622658701786328,21.853
2025-10-29T16:50:00Z,1.6353864336579917,21.817
2025-10-29T17:00:00Z,1.6337864336579955,21.77
2025-10-29T17:10:00Z,1.633286433657993,21.754
2025-10-29T17:20:00Z,1.630986433657995,21.71
2025-10-29T17:30:00Z,1.6274864336579924,21.693
2025-10-29T17:40:00Z,1.620058701786327,21.68
2025-10-29T17:50:00Z,1.6224587017863286,21.676
2025-10-29T18:00:00Z,1.6212587017863243,21.67
2025-10-29T18:10:00Z,1.6329864336579973,21.309
2025-10-29T18:20:00Z,1.630986433657995,20.759
2025-10-29T18:30:00Z,1.6323864336579916,20.892
2025-10-29T18:40:00Z,1.6366864336579923,20.901
2025-10-29T18:50:00Z,1.6347864336579931,20.993
2025-10-29T19:00:00Z,1.6249587017863263,21.242
2025-10-29T19:10:00Z,1.6261587017863306,21.266
2025-10-29T19:20:00Z,1.6254587017863287,21.164
2025-10-29T19:30:00Z,1.6261587017863306,21.118
2025-10-29T19:40:00Z,1.6291587017863307,21.139
2025-10-29T19:50:00Z,1.6310587017863298,20.91
2025-10-29T20:00:00Z,1.6301587017863284,20.874
2025-10-29T20:10:00Z,1.6312587017863294,20.933
2025-10-29T20:20:00Z,1.63405870178633,20.848
2025-10-29T20:30:00Z,1.6357587017863295,20.836
2025-10-29T20:40:00Z,1.6365587017863277,20.839
2025-10-29T20:50:00Z,1.6296309699146505,20.815
2025-10-29T21:00:00Z,1.6285309699146566,20.818
2025-10-29T21:10:00Z,1.6310309699146543,20.732
2025-10-29T21:20:00Z,1.632430969914651,20.694
2025-10-29T21:30:00Z,1.6362309699146564,20.669
2025-10-29T21:40:00Z,1.6334309699146559,20.582
2025-10-29T21:50:00Z,1.6319309699146558,20.604
2025-10-29T22:00:00Z,1.6302309699146562,20.69
2025-10-29T22:10:00Z,1.6176032380429888,20.396
2025-10-29T22:20:00Z,1.6160032380429854,20.379
2025-10-29T22:30:00Z,1.6135032380429877,20.39
2025-10-29T22:40:00Z,1.6127032380429895,20.432
2025-10-29T22:50:00Z,1.608403238042989,20.56
2025-10-29T23:00:00Z,1.6076032380429837,20.614
2025-10-29T23:10:00Z,1.6053032380429855,20.592
2025-10-29T23:20:00Z,1.603303238042983,20.453
2025-10-29T23:30:00Z,1.6132309699146532,20.44
2025-10-29T23:40:00Z,1.6112309699146508,20.413
2025-10-29T23:50:00Z,1.6075309699146558,20.075
2025-10-30T00:00:00Z,1.6044309699146524,20.284
2025-10-30T00:10:00Z,1.6135587017863244,20.367
2025-10-30T00:20:00Z,1.6128587017863296,20.403
2025-10-30T00:30:00Z,1.6124587017863306,20.423
2025-10-30T00:40:00Z,1.6117587017863286,20.411
2025-10-30T00:50:00Z,1.6124587017863306,20.397
2025-10-30T01:00:00Z,1.6256864336579966,20.302
2025-10-30T01:10:00Z,1.6251864336579942,20.291
2025-10-30T01:20:00Z,1.623986433657997,20.364
2025-10-30T01:30:00Z,1.6214864336579922,20.341
2025-10-30T01:40:00Z,1.6207864336579973,20.313
2025-10-30T01:50:00Z,1.620686433657994,20.255
2025-10-30T02:00:00Z,1.618486433657992,20.161
2025-10-30T02:10:00Z,1.6174864336579944,20.252
2025-10-30T02:20:00Z,1.6133864336579933,20.174
2025-10-30T02:30:00Z,1.6147864336579971,20.254
2025-10-30T02:40:00Z,1.6112864336579946,20.21
2025-10-30T02:50:00Z,1.6133864336579933,20.235
2025-10-30T03:00:00Z,1.612186433657996,20.194
2025-10-30T03:10:00Z,1.6221141655296734,19.907
2025-10-30T03:20:00Z,1.6226141655296757,19.908
2025-10-30T03:30:00Z,1.6218141655296776,19.922
2025-10-30T03:40:00Z,1.6222141655296767,19.69
2025-10-30T03:50:00Z,1.6255141655296725,19.663
2025-10-30T04:00:00Z,1.6251141655296735,19.808
2025-10-30T04:10:00Z,1.6255141655296725,19.861
2025-10-30T04:20:00Z,1.627514165529675,19.885
2025-10-30T04:30:00Z,1.630814165529678,19.855
2025-10-30T04:40:00Z,1.6298141655296732,19.898
2025-10-30T04:50:00Z,1.6320141655296752,19.91
2025-10-30T05:00:00Z,1.6329141655296766,19.911
2025-10-30T05:10:00Z,1.634914165529679,19.799
2025-10-30T05:20:00Z,1.6354141655296743,19.857
2025-10-30T05:30:00Z,1.6251864336579942,19.728
2025-10-30T05:40:00Z,1.6219864336579946,19.71
2025-10-30T05:50:00Z,1.6226864336579965,19.506
2025-10-30T06:00:00Z,1.6250864336579909,19.582
2025-10-30T06:10:00Z,1.6266864336579943,19.67
2025-10-30T06:20:00Z,1.6259864336579923,19.669
2025-10-30T06:30:00Z,1.6286864336579967,19.589
2025-10-30T06:40:00Z,1.633586433657996,19.583
2025-10-30T06:50:00Z,1.6342864336579979,19.652
2025-10-30T07:00:00Z,1.6369864336579951,19.617
2025-10-30T07:10:00Z,1.629258701786327,19.635
2025-10-30T07:20:00Z,1.6312587017863294,19.639
2025-10-30T07:30:00Z,1.6363587017863281,19.501
2025-10-30T07:40:00Z,1.6383587017863306,19.511
2025-10-30T07:50:00Z,1.6401587017863264,19.636
2025-10-30T08:00:00Z,1.632030969914652,19.577
2025-10-30T08:10:00Z,1.6361309699146531,19.43
2025-10-30T08:20:00Z,1.6369309699146513,19.606
2025-10-30T08:30:00Z,1.6409309699146561,19.539
2025-10-30T08:40:00Z,1.6298032380429888,19.469
2025-10-30T08:50:00Z,1.6309032380429898,19.476
2025-10-30T09:00:00Z,1.6305032380429836,19.445
2025-10-30T09:10:00Z,1.6305032380429836,19.665
2025-10-30T09:20:00Z,1.630603238042987,19.709
2025-10-30T09:30:00Z,1.6209755061713125,19.668
2025-10-30T09:40:00Z,1.6197755061713153,19.615
2025-10-30T09:50:00Z,1.621575506171311,19.601
2025-10-30T10:00:00Z,1.6265755061713136,19.976
2025-10-30T10:10:00Z,1.6232755061713107,20.298
2025-10-30T10:20:00Z,1.6249755061713103,20.377
2025-10-30T10:30:00Z,1.6273755061713118,20.414
2025-10-30T10:40:00Z,1.6239755061713126,20.527
2025-10-30T10:50:00Z,1.619375506171309,20.659
2025-10-30T11:00:00Z,1.6172755061713104,20.749
2025-10-30T11:10:00Z,1.6117755061713126,20.843
2025-10-30T11:20:00Z,1.6106755061713116,20.911
2025-10-30T11:30:00Z,1.6049755061713142,20.95
2025-10-30T11:40:00Z,1.6002755061713145,21.034
2025-10-30T11:50:00Z,1.6069032380429888,21.047
2025-10-30T12:00:00Z,1.6035032380429897,21.107
2025-10-30T12:10:00Z,1.6005032380429896,21.148
2025-10-30T12:20:00Z,1.59880323804299,21.208
2025-10-30T12:30:00Z,1.6070309699146534,21.311
2025-10-30T12:40:00Z,1.6044309699146524,21.428
2025-10-30T12:50:00Z,1.6121587017863277,21.54
2025-10-30T13:00:00Z,1.6105587017863243,21.637
2025-10-30T13:10:00Z,1.606358701786327,21.7
2025-10-30T13:20:00Z,1.6129864336579942,21.774
2025-10-30T13:30:00Z,1.608786433657997,21.838
2025-10-30T13:40:00Z,1.6064864336579916,21.853
2025-10-30T13:50:00Z,1.6038864336579977,21.844
2025-10-30T14:00:00Z,1.6133141655296726,21.884
2025-10-30T14:10:00Z,1.6091141655296752,21.953
2025-10-30T14:20:00Z,1.6102141655296762,22.129
2025-10-30T14:30:00Z,1.6226418974013441,22.179
2025-10-30T14:40:00Z,1.6223418974013413,22.281
2025-10-30T14:50:00Z,1.6219418974013422,22.339
2025-10-30T15:00:00Z,1.6199418974013398,22.299
2025-10-30T15:10:00Z,1.6297696292730137,22.111
2025-10-30T15:20:00Z,1.6277696292730184,22.027
2025-10-30T15:30:00Z,1.626869629273017,22.002
2025-10-30T15:40:00Z,1.61374189740134,22.008
2025-10-30T15:50:00Z,1.623969629273013,22.006
2025-10-30T16:00:00Z,1.6218696292730144,21.983
2025-10-30T16:10:00Z,1.6217696292730182,21.969
2025-10-30T16:20:00Z,1.622469629273013,21.69
2025-10-30T16:30:00Z,1.6192696292730133,21.469
2025-10-30T16:40:00Z,1.6171696292730147,21.069
2025-10-30T16:50:00Z,1.6155696292730184,20.933
2025-10-30T17:00:00Z,1.6163696292730165,20.752
2025-10-30T17:10:00Z,1.6153696292730189,20.438
2025-10-30T17:20:00Z,1.6151696292730193,20.374
2025-10-30T17:30:00Z,1.6152696292730155,20.541
2025-10-30T17:40:00Z,1.6163696292730165,20.841
2025-10-30T17:50:00Z,1.616569629273016,21.009
2025-10-30T18:00:00Z,1.6158696292730141,21.053
2025-10-30T18:10:00Z,1.6158696292730141,20.985
2025-10-30T18:20:00Z,1.6145696292730136,21.015
2025-10-30T18:30:00Z,1.6175696292730137,20.965
2025-10-30T18:40:00Z,1.6215696292730186,20.938
2025-10-30T18:50:00Z,1.6238696292730168,20.871
2025-10-30T19:00:00Z,1.623169629273015,20.894
2025-10-30T19:10:00Z,1.6223696292730168,20.857
2025-10-30T19:20:00Z,1.6216696292730148,20.786
2025-10-30T19:30:00Z,1.6233696292730144,20.819
2025-10-30T19:40:00Z,1.6196696292730195,20.768
2025-10-30T19:50:00Z,1.605941897401344,20.678
2025-10-30T20:00:00Z,1.6188696292730143,20.785
2025-10-30T20:10:00Z,1.6196696292730195,20.755
2025-10-30T20:20:00Z,1.6248696292730145,20.593
2025-10-30T20:30:00Z,1.6238696292730168,20.572
2025-10-30T20:40:00Z,1.6260696292730188,20.557
2025-10-30T20:50:00Z,1.6271696292730198,20.408
2025-10-30T21:00:00Z,1.6308696292730147,20.522
2025-10-30T21:10:00Z,1.6349696292730158,20.466
2025-10-30T21:20:00Z,1.636169629273013,20.528
2025-10-30T21:30:00Z,1.6386696292730178,20.507
2025-10-30T21:40:00Z,1.6258418974013438,20.339
2025-10-30T21:50:00Z,1.6252418974013452,20.037
2025-10-30T22:00:00Z,1.6262418974013428,19.962
2025-10-30T22:10:00Z,1.62894189740134,20.036
2025-10-30T22:20:00Z,1.6249418974013423,19.912
2025-10-30T22:30:00Z,1.616814165529675,19.931
2025-10-30T22:40:00Z,1.6185141655296746,20.014
2025-10-30T22:50:00Z,1.618614165529678,19.875
2025-10-30T23:00:00Z,1.6184141655296784,19.968
2025-10-30T23:10:00Z,1.6098141655296772,20.049
2025-10-30T23:20:00Z,1.6082141655296738,19.725
2025-10-30T23:30:00Z,1.6081141655296776,19.861
2025-10-30T23:40:00Z,1.6133141655296726,19.824
2025-10-30T23:50:00Z,1.619714165529679,19.798
2025-10-31T00:00:00Z,1.6204141655296738,19.853
2025-10-31T00:10:00Z,1.631141897401342,20.123
2025-10-31T00:20:00Z,1.6321418974013397,20.139
2025-10-31T00:30:00Z,1.6328418974013417,20.1
2025-10-31T00:40:00Z,1.6299418974013449,20.21
2025-10-31T00:50:00Z,1.6169141655296784,20.144
2025-10-31T01:00:00Z,1.6215141655296748,20.072
2025-10-31T01:10:00Z,1.6225141655296724,20
2025-10-31T01:20:00Z,1.6241141655296758,20.035
2025-10-31T01:30:00Z,1.6246141655296782,20.17
2025-10-31T01:40:00Z,1.6233141655296777,20.252
2025-10-31T01:50:00Z,1.6218141655296776,20.177
2025-10-31T02:00:00Z,1.6181141655296756,20.094
2025-10-31T02:10:00Z,1.6173141655296774,20.097
2025-10-31T02:20:00Z,1.6133141655296726,20.196
2025-10-31T02:30:00Z,1.605886433657993,20.227
2025-10-31T02:40:00Z,1.6107864336579922,20.321
2025-10-31T02:50:00Z,1.611786433657997,20.301
2025-10-31T03:00:00Z,1.6243141655296753,20.166
2025-10-31T03:10:00Z,1.6276141655296783,20.015
2025-10-31T03:20:00Z,1.627514165529675,19.822
2025-10-31T03:30:00Z,1.6236141655296734,19.721
2025-10-31T03:40:00Z,1.6284141655296764,20.064
2025-10-31T03:50:00Z,1.6396141655296788,20.216
2025-10-31T04:00:00Z,1.6225864336579932,20.235
2025-10-31T04:10:00Z,1.6238864336579937,20.21
2025-10-31T04:20:00Z,1.6303864336579963,20.109
2025-10-31T04:30:00Z,1.6341864336579945,20.017
2025-10-31T04:40:00Z,1.6403864336579943,19.924
2025-10-31T04:50:00Z,1.6304587017863241,20.007
2025-10-31T05:00:00Z,1.6323587017863304,20.001
2025-10-31T05:10:00Z,1.63255870178633,20.029
2025-10-31T05:20:00Z,1.6345587017863252,20.011
2025-10-31T05:30:00Z,1.6474587017863271,20.001
2025-10-31T05:40:00Z,1.6404309699146538,20.018
2025-10-31T05:50:00Z,1.637530969914657,19.937
2025-10-31T06:00:00Z,1.6305032380429836,20.076
2025-10-31T06:10:00Z,1.6467309699146568,19.807
2025-10-31T06:20:00Z,1.6296032380429892,19.751
2025-10-31T06:30:00Z,1.6151755061713118,19.774
2025-10-31T06:40:00Z,1.6254755061713126,19.92
2025-10-31T06:50:00Z,1.628575506171316,19.884
2025-10-31T07:00:00Z,1.6353755061713144,19.823
2025-10-31T07:10:00Z,1.636675506171315,19.657
2025-10-31T07:20:00Z,1.6442755061713115,19.87
2025-10-31T07:30:00Z,1.6486755061713154,19.93
2025-10-31T07:40:00Z,1.644647774299635,19.987
2025-10-31T07:50:00Z,1.65164777429964,20.068
2025-10-31T08:00:00Z,1.6431200424279666,20.12
2025-10-31T08:10:00Z,1.6464200424279625,20.168
2025-10-31T08:20:00Z,1.6494200424279626,20.234
2025-10-31T08:30:00Z,1.6425923105562958,20.307
2025-10-31T08:40:00Z,1.6432923105562978,20.37
2025-10-31T08:50:00Z,1.6369645786846263,20.367
2025-10-31T09:00:00Z,1.63506457868462,20.341
2025-10-31T09:10:00Z,1.6275368468129514,20.298
2025-10-31T09:20:00Z,1.6282368468129462,20.245
2025-10-31T09:30:00Z,1.6290368468129515,20.247
2025-10-31T09:40:00Z,1.6287368468129486,20.308
2025-10-31T09:50:00Z,1.619009114941285,20.394
2025-10-31T10:00:00Z,1.616409114941284,20.623
2025-10-31T10:10:00Z,1.6163091149412807,20.714
2025-10-31T10:20:00Z,1.6180091149412803,20.764
2025-10-31T10:30:00Z,1.6141091149412858,20.801
2025-10-31T10:40:00Z,1.615709114941282,20.842
2025-10-31T10:50:00Z,1.6158091149412854,20.873
2025-10-31T11:00:00Z,1.6147091149412844,20.924
2025-10-31T11:10:00Z,1.615609114941286,20.984
2025-10-31T11:20:00Z,1.6132091149412844,21.034
2025-10-31T11:30:00Z,1.6201368468129473,21.081
2025-10-31T11:40:00Z,1.605309114941285,21.2
2025-10-31T11:50:00Z,1.6054091149412812,21.296
2025-10-31T12:00:00Z,1.6117368468129527,21.305
2025-10-31T12:10:00Z,1.6060368468129482,21.347
2025-10-31T12:20:00Z,1.599636846812949,21.413
2025-10-31T12:30:00Z,1.5953368468129483,21.317
2025-10-31T12:40:00Z,1.5998368468129485,21.197
2025-10-31T12:50:00Z,1.6104645786846206,21.055
2025-10-31T13:00:00Z,1.601764578684623,21.117
2025-10-31T13:10:00Z,1.6128923105562976,21.141
2025-10-31T13:20:00Z,1.6025923105562967,21.19
2025-10-31T13:30:00Z,1.603792310556301,21.491
2025-10-31T13:40:00Z,1.5922923105562958,21.529
2025-10-31T13:50:00Z,1.5911923105562948,21.518
2025-10-31T14:00:00Z,1.6031200424279675,21.489
2025-10-31T14:10:00Z,1.6014200424279679,21.507
2025-10-31T14:20:00Z,1.6123477742996357,21.434
2025-10-31T14:30:00Z,1.6115477742996376,21.405
2025-10-31T14:40:00Z,1.6107477742996394,21.291
2025-10-31T14:50:00Z,1.6172755061713104,21.324
2025-10-31T15:00:00Z,1.62047550617131,21.374
2025-10-31T15:10:00Z,1.6199755061713148,21.421
2025-10-31T15:20:00Z,1.6187755061713105,21.584
2025-10-31T15:30:00Z,1.6180755061713157,21.718
2025-10-31T15:40:00Z,1.6154755061713146,21.554
2025-10-31T15:50:00Z,1.61897550617131,21.535
2025-10-31T16:00:00Z,1.6136755061713117,21.471
2025-10-31T16:10:00Z,1.6130755061713131,21.472
2025-10-31T16:20:00Z,1.6102755061713125,21.542
2025-10-31T16:30:00Z,1.620303238042986,21.569
2025-10-31T16:40:00Z,1.6189032380429893,21.457
2025-10-31T16:50:00Z,1.619203238042985,21.335
2025-10-31T17:00:00Z,1.6189032380429893,21.273
2025-10-31T17:10:00Z,1.6185032380429831,21.232
2025-10-31T17:20:00Z,1.621403238042987,21.208
2025-10-31T17:30:00Z,1.62320323804299,21.165
2025-10-31T17:40:00Z,1.622903238042987,21.135
2025-10-31T17:50:00Z,1.6254032380429848,21.151
2025-10-31T18:00:00Z,1.628803238042984,21.143
2025-10-31T18:10:00Z,1.6294032380429897,21.131
2025-10-31T18:20:00Z,1.6313032380429888,21.133
2025-10-31T18:30:00Z,1.6348032380429842,21.133
2025-10-31T18:40:00Z,1.6352032380429833,21.097
2025-10-31T18:50:00Z,1.6241755061713121,20.933
2025-10-31T19:00:00Z,1.6267755061713132,20.838
2025-10-31T19:10:00Z,1.627475506171315,20.811
2025-10-31T19:20:00Z,1.6290755061713114,20.8
2025-10-31T19:30:00Z,1.631575506171309,20.78
2025-10-31T19:40:00Z,1.6221477742996413,20.746
2025-10-31T19:50:00Z,1.6234477742996418,20.74
2025-10-31T20:00:00Z,1.6254477742996372,20.723
2025-10-31T20:10:00Z,1.6281477742996415,20.698
2025-10-31T20:20:00Z,1.6306477742996393,20.674
2025-10-31T20:30:00Z,1.6333477742996365,20.636
2025-10-31T20:40:00Z,1.624020042427965,20.568
2025-10-31T20:50:00Z,1.6265200424279627,20.511
2025-10-31T21:00:00Z,1.6274200424279641,20.483
2025-10-31T21:10:00Z,1.628820042427968,20.493
2025-10-31T21:20:00Z,1.6306200424279638,20.395
2025-10-31T21:30:00Z,1.620092310556295,20.376
2025-10-31T21:40:00Z,1.6217923105562946,20.307
2025-10-31T21:50:00Z,1.622292310556297,20.288
2025-10-31T22:00:00Z,1.6221923105563008,20.202
2025-10-31T22:10:00Z,1.6199923105562988,20.143
2025-10-31T22:20:00Z,1.620092310556295,20.183
2025-10-31T22:30:00Z,1.6100645786846215,20.244
2025-10-31T22:40:00Z,1.6110645786846263,20.263
2025-10-31T22:50:00Z,1.610264578684621,20.227
2025-10-31T23:00:00Z,1.6114645786846253,20.168
2025-10-31T23:10:00Z,1.6115645786846216,20.12
2025-10-31T23:20:00Z,1.6231923105562984,20.053
2025-10-31T23:30:00Z,1.615764578684626,20.106
2025-10-31T23:40:00Z,1.6162645786846213,20.084
2025-10-31T23:50:00Z,1.6173645786846222,20.034
2025-11-01T00:00:00Z,1.6171645786846227,20.073
2025-11-01T00:10:00Z,1.618364578684627,20.066
2025-11-01T00:20:00Z,1.6189645786846256,20.107
2025-11-01T00:30:00Z,1.6192645786846214,20.134
2025-11-01T00:40:00Z,1.6189645786846256,20.211
2025-11-01T00:50:00Z,1.6201645786846228,20.22
2025-11-01T01:00:00Z,1.6192645786846214,20.195
2025-11-01T01:10:00Z,1.6195645786846242,20.192
2025-11-01T01:20:00Z,1.619864578684627,20.201
2025-11-01T01:30:00Z,1.6197645786846238,20.227
2025-11-01T01:40:00Z,1.6202645786846261,20.213
2025-11-01T01:50:00Z,1.609636846812947,20.182
2025-11-01T02:00:00Z,1.6188645786846223,20.141
2025-11-01T02:10:00Z,1.6046368468129515,20.153
2025-11-01T02:20:00Z,1.6036368468129467,20.147
2025-11-01T02:30:00Z,1.60073684681295,20.087
2025-11-01T02:40:00Z,1.5984368468129517,20.127
2025-11-01T02:50:00Z,1.597836846812946,20.142
2025-11-01T03:00:00Z,1.6125645786846263,20.126
2025-11-01T03:10:00Z,1.6133645786846245,20.072
2025-11-01T03:20:00Z,1.6155645786846264,20.089
2025-11-01T03:30:00Z,1.6171645786846227,20.089
2025-11-01T03:40:00Z,1.617664578684625,20.073
2025-11-01T03:50:00Z,1.630792310556295,20.017
2025-11-01T04:00:00Z,1.62136457868462,19.898
2025-11-01T04:10:00Z,1.6248645786846225,19.899
2025-11-01T04:20:00Z,1.628764578684624,19.81
2025-11-01T04:30:00Z,1.6306645786846232,19.772
2025-11-01T04:40:00Z,1.632064578684627,19.77
2025-11-01T04:50:00Z,1.6366645786846235,19.685
2025-11-01T05:00:00Z,1.630336846812952,19.713
2025-11-01T05:10:00Z,1.6332368468129488,19.657
2025-11-01T05:20:00Z,1.638136846812948,19.636
2025-11-01T05:30:00Z,1.6404368468129462,19.622
2025-11-01T05:40:00Z,1.6318091149412837,19.6
2025-11-01T05:50:00Z,1.6343091149412814,19.478
2025-11-01T06:00:00Z,1.6376091149412844,19.583
2025-11-01T06:10:00Z,1.628481383069598,19.638
2025-11-01T06:20:00Z,1.628081383069599,19.704
2025-11-01T06:30:00Z,1.6292813830696034,19.744
2025-11-01T06:40:00Z,1.6191536511979407,19.732
2025-11-01T06:50:00Z,1.62255365119794,19.73
2025-11-01T07:00:00Z,1.6257536511979396,19.643
2025-11-01T07:10:00Z,1.6294536511979416,19.617
2025-11-01T07:20:00Z,1.6331536511979436,19.502
2025-11-01T07:30:00Z,1.6357536511979447,19.467
2025-11-01T07:40:00Z,1.6401536511979415,19.47
2025-11-01T07:50:00Z,1.632325919326263,19.498
2025-11-01T08:00:00Z,1.6350259193262602,19.522
2025-11-01T08:10:00Z,1.6403259193262585,19.483
2025-11-01T08:20:00Z,1.6296981874545935,19.48
2025-11-01T08:30:00Z,1.6321981874545912,19.529
2025-11-01T08:40:00Z,1.632498187454594,19.657
2025-11-01T08:50:00Z,1.6198704555829195,19.67
2025-11-01T09:00:00Z,1.6226704555829201,19.667
2025-11-01T09:10:00Z,1.6235704555829216,19.674
2025-11-01T09:20:00Z,1.6245704555829192,19.706
2025-11-01T09:30:00Z,1.6102427237112522,19.698
2025-11-01T09:40:00Z,1.6125427237112504,19.737
2025-11-01T09:50:00Z,1.6158427237112534,19.764
2025-11-01T10:00:00Z,1.615342723711251,19.77
2025-11-01T10:10:00Z,1.6169427237112544,19.771
2025-11-01T10:20:00Z,1.617542723711253,19.797
2025-11-01T10:30:00Z,1.6151427237112514,19.81
2025-11-01T10:40:00Z,1.61274272371125,19.818
2025-11-01T10:50:00Z,1.6136427237112514,19.848
2025-11-01T11:00:00Z,1.6118427237112556,19.875
2025-11-01T11:10:00Z,1.6107427237112546,19.891
2025-11-01T11:20:00Z,1.6071427237112559,19.908
2025-11-01T11:30:00Z,1.6009427237112561,19.926
2025-11-01T11:40:00Z,1.5960427237112498,19.968
2025-11-01T11:50:00Z,1.5892427237112514,20.01
2025-11-01T12:00:00Z,1.595970455582922,20.045
2025-11-01T12:10:00Z,1.591570455582918,20.07
2025-11-01T12:20:00Z,1.5879704555829193,20.091
2025-11-01T12:30:00Z,1.5971981874545946,20.128
2025-11-01T12:40:00Z,1.5922981874545954,20.138
2025-11-01T12:50:00Z,1.5993259193262617,20.163
2025-11-01T13:00:00Z,1.5964259193262578,20.166
2025-11-01T13:10:00Z,1.5893259193262637,20.175
2025-11-01T13:20:00Z,1.5961536511979446,20.19
2025-11-01T13:30:00Z,1.5942536511979384,20.199
2025-11-01T13:40:00Z,1.5890536511979434,20.202
2025-11-01T13:50:00Z,1.5996813830696013,20.233
2025-11-01T14:00:00Z,1.5986813830696036,20.247
2025-11-01T14:10:00Z,1.6077091149412794,19.964
2025-11-01T14:20:00Z,1.6072091149412842,20.093
2025-11-01T14:30:00Z,1.605309114941285,20.2
2025-11-01T14:40:00Z,1.6043091149412803,20.208
2025-11-01T14:50:00Z,1.613409114941284,20.212
2025-11-01T15:00:00Z,1.6051091149412855,20.256
2025-11-01T15:10:00Z,1.6157368468129505,20.275
2025-11-01T15:20:00Z,1.6154368468129476,20.282
2025-11-01T15:30:00Z,1.6123368468129513,20.282
2025-11-01T15:40:00Z,1.6054368468129496,20.275
2025-11-01T15:50:00Z,1.6076368468129516,20.261
2025-11-01T16:00:00Z,1.6109368468129475,20.27
2025-11-01T16:10:00Z,1.6082368468129502,20.252
2025-11-01T16:20:00Z,1.6097368468129503,20.019
2025-11-01T16:30:00Z,1.6214645786846233,19.834
2025-11-01T16:40:00Z,1.6199645786846233,19.791
2025-11-01T16:50:00Z,1.6178645786846246,19.738
2025-11-01T17:00:00Z,1.6181645786846204,19.673
2025-11-01T17:10:00Z,1.6169645786846232,19.634
2025-11-01T17:20:00Z,1.6200645786846266,19.646
2025-11-01T17:30:00Z,1.618364578684627,19.688
2025-11-01T17:40:00Z,1.6177645786846213,19.592
2025-11-01T17:50:00Z,1.6174645786846256,19.598
2025-11-01T18:00:00Z,1.6222645786846215,19.713
2025-11-01T18:10:00Z,1.6251645786846254,19.773
2025-11-01T18:20:00Z,1.6176368468129496,19.792
2025-11-01T18:30:00Z,1.6312645786846218,19.791
2025-11-01T18:40:00Z,1.6347645786846243,19.834
2025-11-01T18:50:00Z,1.6339645786846262,19.868
2025-11-01T19:00:00Z,1.6249368468129504,19.89
2025-11-01T19:10:00Z,1.6212368468129483,19.642
2025-11-01T19:20:00Z,1.6246368468129475,19.514
2025-11-01T19:30:00Z,1.6133091149412806,19.521
2025-11-01T19:40:00Z,1.614209114941282,19.487
2025-11-01T19:50:00Z,1.6133091149412806,19.523
2025-11-01T20:00:00Z,1.616009114941285,19.546
2025-11-01T20:10:00Z,1.6152091149412797,19.523
2025-11-01T20:20:00Z,1.617909114941284,19.537
2025-11-01T20:30:00Z,1.6208091149412809,19.584
2025-11-01T20:40:00Z,1.624509114941283,19.583
2025-11-01T20:50:00Z,1.6283091149412812,19.553
2025-11-01T21:00:00Z,1.629709114941285,19.508
2025-11-01T21:10:00Z,1.6311091149412817,19.456
2025-11-01T21:20:00Z,1.6305091149412831,19.53
2025-11-01T21:30:00Z,1.619581383069601,19.522
2025-11-01T21:40:00Z,1.6177813830695982,19.471
2025-11-01T21:50:00Z,1.6164813830696048,19.386
2025-11-01T22:00:00Z,1.6093536511979423,19.328
2025-11-01T22:10:00Z,1.6130536511979443,19.332
2025-11-01T22:20:00Z,1.615553651197942,19.34
2025-11-01T22:30:00Z,1.6286813830696047,19.338
2025-11-01T22:40:00Z,1.630981383069603,19.397
2025-11-01T22:50:00Z,1.6312813830695987,19.393
2025-11-01T23:00:00Z,1.6238536511979405,19.37
2025-11-01T23:10:00Z,1.6224536511979437,19.361
2025-11-01T23:20:00Z,1.6220536511979446,19.286
2025-11-01T23:30:00Z,1.6111259193262626,19.179
2025-11-01T23:40:00Z,1.6117259193262612,19.119
2025-11-01T23:50:00Z,1.6111259193262626,19.234
2025-11-02T00:00:00Z,1.6185259193262596,19.326
2025-11-02T00:10:00Z,1.6196259193262605,19.501
2025-11-02T00:20:00Z,1.6224259193262611,19.484
2025-11-02T00:30:00Z,1.623125919326263,19.44
2025-11-02T00:40:00Z,1.623125919326263,19.424
2025-11-02T00:50:00Z,1.6250259193262622,19.413
2025-11-02T01:00:00Z,1.6074981874545955,19.528
2025-11-02T01:00:00Z,1.6188259193262624,19.528
2025-11-02T01:10:00Z,1.6003981874545943,19.501
2025-11-02T01:10:00Z,1.6117259193262612,19.501
2025-11-02T01:20:00Z,1.597698187454597,19.194
2025-11-02T01:20:00Z,1.609025919326264,19.194
2025-11-02T01:30:00Z,1.5973981874545942,19.339
2025-11-02T01:30:00Z,1.608725919326261,19.339
2025-11-02T01:40:00Z,1.5989981874545904,19.446
2025-11-02T01:40:00Z,1.6103259193262573,19.446
2025-11-02T01:50:00Z,1.6025981874545963,19.397
2025-11-02T01:50:00Z,1.6139259193262632,19.397
2025-11-02T02:00:00Z,1.6144259193262585,19.436
2025-11-02T02:10:00Z,1.6103259193262573,19.475
2025-11-02T02:20:00Z,1.6063259193262596,19.519
2025-11-02T02:30:00Z,1.6171536511979383,19.469
2025-11-02T02:40:00Z,1.612553651197942,19.45
2025-11-02T02:50:00Z,1.6089536511979432,19.415
2025-11-02T03:00:00Z,1.6106536511979428,19.422
2025-11-02T03:10:00Z,1.6179813830696048,19.41
2025-11-02T03:20:00Z,1.6177813830695982,19.352
2025-11-02T03:30:00Z,1.6178813830696015,19.344
2025-11-02T03:40:00Z,1.6061536511979426,19.326
2025-11-02T03:50:00Z,1.616581383069601,19.303
2025-11-02T04:00:00Z,1.613281383069598,19.318
2025-11-02T04:10:00Z,1.6096813830695993,19.381
2025-11-02T04:20:00Z,1.606981383069602,19.442
2025-11-02T04:30:00Z,1.6074813830696044,19.446
2025-11-02T04:40:00Z,1.6089813830696045,19.421
2025-11-02T04:50:00Z,1.6109813830695998,19.397
2025-11-02T05:00:00Z,1.6101813830696017,19.372
2025-11-02T05:10:00Z,1.611781383069605,19.366
2025-11-02T05:20:00Z,1.6120813830696008,19.283
2025-11-02T05:30:00Z,1.609581383069603,19.303
2025-11-02T05:40:00Z,1.6066813830695992,19.31
2025-11-02T05:50:00Z,1.6159091149412816,19.32
2025-11-02T06:00:00Z,1.6146091149412811,19.31
2025-11-02T06:10:00Z,1.613109114941281,19.286
2025-11-02T06:20:00Z,1.61200911494128,19.289
2025-11-02T06:30:00Z,1.6141091149412858,19.256
2025-11-02T06:40:00Z,1.616809114941283,19.265
2025-11-02T06:50:00Z,1.6078813830696035,19.222
2025-11-02T07:00:00Z,1.6094813830695998,19.2
2025-11-02T07:10:00Z,1.6115813830695984,19.189
2025-11-02T07:20:00Z,1.6138813830696037,19.181
2025-11-02T07:30:00Z,1.6046536511979426,19.18
2025-11-02T07:40:00Z,1.610753651197939,19.193
2025-11-02T07:50:00Z,1.6137259193262636,19.225
2025-11-02T08:00:00Z,1.6066704555829219,19.219
2025-11-02T08:10:00Z,1.6098704555829215,19.265
2025-11-02T08:20:00Z,1.6093427237112508,19.297
2025-11-02T08:30:00Z,1.6100427237112527,19.354
2025-11-02T08:40:00Z,1.605514991839577,19.383
2025-11-02T08:50:00Z,1.6128149918395778,19.401
2025-11-02T09:00:00Z,1.6086872599679012,19.401
2025-11-02T09:10:00Z,1.611587259967905,19.427
2025-11-02T09:20:00Z,1.6150872599679076,19.443
2025-11-02T09:30:00Z,1.6083872599679054,19.453
2025-11-02T09:40:00Z,1.6143149918395778,19.467
2025-11-02T09:50:00Z,1.6113149918395777,19.481
2025-11-02T10:00:00Z,1.612914991839581,19.48
2025-11-02T10:10:00Z,1.6133149918395802,19.499
2025-11-02T10:20:00Z,1.6154149918395788,19.526
2025-11-02T10:30:00Z,1.6145149918395774,19.538
2025-11-02T10:40:00Z,1.614014991839582,19.583
2025-11-02T10:50:00Z,1.6126149918395782,19.608
2025-11-02T11:00:00Z,1.6131149918395806,19.66
2025-11-02T11:10:00Z,1.6102149918395767,19.698
2025-11-02T11:20:00Z,1.6122427237112547,19.687
2025-11-02T11:30:00Z,1.616370455582917,19.703
2025-11-02T11:40:00Z,1.6101704555829173,19.818
2025-11-02T11:50:00Z,1.6155981874545944,19.917
2025-11-02T12:00:00Z,1.6101981874545928,19.951
2025-11-02T12:10:00Z,1.6169259193262633,19.956
2025-11-02T12:20:00Z,1.6107259193262635,19.964
2025-11-02T12:30:00Z,1.6169536511979388,19.967
2025-11-02T12:40:00Z,1.613653651197943,19.97
2025-11-02T12:50:00Z,1.6097536511979413,20.015
2025-11-02T13:00:00Z,1.6118813830696013,20.069
2025-11-02T13:10:00Z,1.617909114941284,20.147
2025-11-02T13:20:00Z,1.6124091149412791,20.196
2025-11-02T13:30:00Z,1.616636846812952,20.229
2025-11-02T13:40:00Z,1.6116368468129494,20.277
2025-11-02T13:50:00Z,1.6179645786846208,20.313
2025-11-02T14:00:00Z,1.6082645786846257,20.35
2025-11-02T14:10:00Z,1.6160923105562972,20.388
2025-11-02T14:20:00Z,1.6133923105563,20.418
2025-11-02T14:30:00Z,1.614192310556298,20.439
2025-11-02T14:40:00Z,1.614192310556298,20.436
2025-11-02T14:50:00Z,1.6121923105562956,20.442
2025-11-02T15:00:00Z,1.6202923105562945,20.434
2025-11-02T15:10:00Z,1.614192310556298,20.415
2025-11-02T15:20:00Z,1.6220923105562974,20.404
2025-11-02T15:30:00Z,1.615292310556299,20.422
2025-11-02T15:40:00Z,1.6188923105562978,20.431
2025-11-02T15:50:00Z,1.6074645786846204,20.414
2025-11-02T16:00:00Z,1.6067645786846256,20.412
2025-11-02T16:10:00Z,1.6158923105562977,20.404
2025-11-02T16:20:00Z,1.610792310556299,20.395
2025-11-02T16:30:00Z,1.6184200424279638,20.386
2025-11-02T16:40:00Z,1.6160200424279623,20.349
2025-11-02T16:50:00Z,1.6169200424279637,20.313
2025-11-02T17:00:00Z,1.6186200424279633,20.281
2025-11-02T17:10:00Z,1.6086923105563002,20.269
2025-11-02T17:20:00Z,1.6102923105562965,20.035
2025-11-02T17:30:00Z,1.6136923105562957,19.907
2025-11-02T17:40:00Z,1.6163923105563,19.854
2025-11-02T17:50:00Z,1.6161923105563005,19.855
2025-11-02T18:00:00Z,1.608364578684622,19.862
2025-11-02T18:10:00Z,1.61066457868462,19.884
2025-11-02T18:20:00Z,1.6111645786846225,19.856
2025-11-02T18:30:00Z,1.6133645786846245,19.824
2025-11-02T18:40:00Z,1.615764578684626,19.755
2025-11-02T18:50:00Z,1.6089368468129521,19.765
2025-11-02T19:00:00Z,1.6103368468129489,19.762
2025-11-02T19:10:00Z,1.6071368468129492,19.71
2025-11-02T19:20:00Z,1.6082368468129502,19.733
2025-11-02T19:30:00Z,1.6149645786846207,19.585
2025-11-02T19:40:00Z,1.6140645786846264,19.527
2025-11-02T19:50:00Z,1.6210645786846243,19.429
2025-11-02T20:00:00Z,1.6090368468129483,19.423
2025-11-02T20:10:00Z,1.6120368468129485,19.502
2025-11-02T20:20:00Z,1.6099091149412814,19.583
2025-11-02T20:30:00Z,1.6122091149412796,19.454
2025-11-02T20:40:00Z,1.609181383069604,19.396
2025-11-02T20:50:00Z,1.6115813830695984,19.421
2025-11-02T21:00:00Z,1.611781383069605,19.44
2025-11-02T21:10:00Z,1.6118813830696013,19.382
2025-11-02T21:20:00Z,1.6133813830696013,19.367
2025-11-02T21:30:00Z,1.6154813830696,19.428
2025-11-02T21:40:00Z,1.615081383069601,19.462
2025-11-02T21:50:00Z,1.6169813830696,19.5
2025-11-02T22:00:00Z,1.6170813830696034,19.621
2025-11-02T22:10:00Z,1.6171813830695996,19.663
2025-11-02T22:20:00Z,1.6084536511979408,19.635
2025-11-02T22:30:00Z,1.6115536511979442,19.642
2025-11-02T22:40:00Z,1.614753651197944,19.651
2025-11-02T22:50:00Z,1.6128536511979448,19.621
2025-11-02T23:00:00Z,1.607053651197944,19.6
2025-11-02T23:10:00Z,1.6146813830696018,19.553
2025-11-02T23:20:00Z,1.608481383069602,19.561
2025-11-02T23:30:00Z,1.6188091149412855,19.56
2025-11-02T23:40:00Z,1.6184091149412794,19.517
2025-11-02T23:50:00Z,1.6068813830695987,19.505
2025-11-03T00:00:00Z,1.6060813830696006,19.426
2025-11-03T00:10:00Z,1.605481383069602,19.403
2025-11-03T00:20:00Z,1.6154091149412793,19.412
2025-11-03T00:30:00Z,1.615709114941282,19.419
2025-11-03T00:40:00Z,1.605481383069602,19.312
2025-11-03T00:50:00Z,1.6056813830696015,19.24
2025-11-03T01:00:00Z,1.6032813830696,19.196
2025-11-03T01:10:00Z,1.6052813830696024,19.137
2025-11-03T01:20:00Z,1.6042813830696048,19.095
2025-11-03T01:30:00Z,1.613809114941283,19.052
2025-11-03T01:40:00Z,1.6115091149412848,19.029
2025-11-03T01:50:00Z,1.6047091149412793,18.978
2025-11-03T02:00:00Z,1.6063091149412827,18.949
2025-11-03T02:10:00Z,1.6039091149412812,18.934
2025-11-03T02:20:00Z,1.6130368468129461,18.919
2025-11-03T02:30:00Z,1.6143368468129466,18.937
2025-11-03T02:40:00Z,1.6056091149412808,18.942
2025-11-03T02:50:00Z,1.6045091149412798,19.003
2025-11-03T03:00:00Z,1.6044091149412836,19.11
2025-11-03T03:10:00Z,1.6069091149412813,19.151
2025-11-03T03:20:00Z,1.6083091149412851,19.159
2025-11-03T03:30:00Z,1.6115091149412848,19.138
2025-11-03T03:40:00Z,1.6151091149412835,19.127
2025-11-03T03:50:00Z,1.607381383069601,19.126
2025-11-03T04:00:00Z,1.6101813830696017,19.142
2025-11-03T04:10:00Z,1.6130813830695985,19.136
2025-11-03T04:20:00Z,1.6072536511979436,19.119
2025-11-03T04:30:00Z,1.6084536511979408,19.08
2025-11-03T04:40:00Z,1.6127536511979415,19.056
2025-11-03T04:50:00Z,1.6117536511979438,19.035
2025-11-03T05:00:00Z,1.6143536511979448,18.977
2025-11-03T05:10:00Z,1.6075259193262639,19.016
2025-11-03T05:20:00Z,1.607925919326263,18.993
2025-11-03T05:30:00Z,1.6071259193262577,19.012
2025-11-03T05:40:00Z,1.6067259193262586,19.002
2025-11-03T05:50:00Z,1.6108259193262597,19.023
2025-11-03T06:00:00Z,1.6128259193262622,19.028
2025-11-03T06:10:00Z,1.6111259193262626,19.075
2025-11-03T06:20:00Z,1.6147259193262613,19.109
2025-11-03T06:30:00Z,1.604398187454592,19.129
2025-11-03T06:40:00Z,1.6077981874545912,19.108
2025-11-03T06:50:00Z,1.609898187454597,19.089
2025-11-03T07:00:00Z,1.6112981874545937,19.137
2025-11-03T07:10:00Z,1.610998187454591,19.135
2025-11-03T07:20:00Z,1.6103981874545923,19.107
2025-11-03T07:30:00Z,1.6110981874545942,19.111
2025-11-03T07:40:00Z,1.6127981874545938,19.074
2025-11-03T07:50:00Z,1.6068704555829214,19.064
2025-11-03T08:00:00Z,1.609670455582922,19.055
2025-11-03T08:10:00Z,1.6106704555829197,19.021
2025-11-03T08:20:00Z,1.6142704555829184,19.024
2025-11-03T08:30:00Z,1.6156704555829222,19.037
2025-11-03T08:40:00Z,1.6149704555829203,19.089
2025-11-03T08:50:00Z,1.6123704555829192,19.104
2025-11-03T09:00:00Z,1.612270455582923,19.131
2025-11-03T09:10:00Z,1.6120704555829164,19.152
2025-11-03T09:20:00Z,1.6135704555829165,19.161
2025-11-03T09:30:00Z,1.6108704555829192,19.162
2025-11-03T09:40:00Z,1.6141704555829222,19.173
2025-11-03T09:50:00Z,1.6149704555829203,19.186
2025-11-03T10:00:00Z,1.607242723711252,19.218
2025-11-03T10:10:00Z,1.608342723711253,19.24
2025-11-03T10:20:00Z,1.6052427237112497,19.259
2025-11-03T10:30:00Z,1.6157704555829184,19.289
2025-11-03T10:40:00Z,1.6152704555829231,19.33
2025-11-03T10:50:00Z,1.6136704555829198,19.385
2025-11-03T11:00:00Z,1.6171704555829223,19.543
2025-11-03T11:10:00Z,1.6149704555829203,19.701
2025-11-03T11:20:00Z,1.6118704555829169,19.621
2025-11-03T11:30:00Z,1.6093704555829191,19.651
2025-11-03T11:40:00Z,1.6144981874545934,19.705
2025-11-03T11:50:00Z,1.6090981874545918,19.771
2025-11-03T12:00:00Z,1.6156259193262628,19.855
2025-11-03T12:10:00Z,1.6113259193262621,19.858
2025-11-03T12:20:00Z,1.6054259193262581,19.893
2025-11-03T12:30:00Z,1.6139536511979387,19.944
2025-11-03T12:40:00Z,1.6109536511979385,20.015
2025-11-03T12:50:00Z,1.6084536511979408,20.031
2025-11-03T13:00:00Z,1.6089536511979432,20.038
2025-11-03T13:10:00Z,1.6178813830696015,20.071
2025-11-03T13:20:00Z,1.6168813830696038,20.1
2025-11-03T13:30:00Z,1.617681383069602,20.129
2025-11-03T13:40:00Z,1.616581383069601,20.18
2025-11-03T13:50:00Z,1.6144813830696023,20.228
2025-11-03T14:00:00Z,1.611781383069605,20.237
2025-11-03T14:10:00Z,1.6161091149412812,20.276
2025-11-03T14:20:00Z,1.6170091149412826,20.31
2025-11-03T14:30:00Z,1.6122091149412796,20.324
2025-11-03T14:40:00Z,1.60900911494128,20.348
2025-11-03T14:50:00Z,1.6088091149412804,20.354
2025-11-03T15:00:00Z,1.6200368468129511,20.356
2025-11-03T15:10:00Z,1.618136846812952,20.363
2025-11-03T15:20:00Z,1.6127368468129504,20.382
2025-11-03T15:30:00Z,1.6109368468129475,20.353
2025-11-03T15:40:00Z,1.6098368468129465,20.311
2025-11-03T15:50:00Z,1.6125368468129508,20.307
2025-11-03T16:00:00Z,1.6198368468129516,20.291
2025-11-03T16:10:00Z,1.6147368468129528,20.32
2025-11-03T16:20:00Z,1.6117091149412843,20.281
2025-11-03T16:30:00Z,1.6104091149412838,20.207
2025-11-03T16:40:00Z,1.6107091149412796,20.178
2025-11-03T16:50:00Z,1.61200911494128,20.164
2025-11-03T17:00:00Z,1.6180091149412803,20.125
2025-11-03T17:10:00Z,1.6170091149412826,20.08
2025-11-03T17:20:00Z,1.615309114941283,20.06
2025-11-03T17:30:00Z,1.6143091149412854,20.116
2025-11-03T17:40:00Z,1.6098091149412852,20.101
2025-11-03T17:50:00Z,1.615309114941283,20.081
2025-11-03T18:00:00Z,1.6094813830695998,20.01
2025-11-03T18:10:00Z,1.613281383069598,20
2025-11-03T18:20:00Z,1.610281383069605,19.958
2025-11-03T18:30:00Z,1.6098813830695988,19.895
2025-11-03T18:40:00Z,1.6070813830695982,19.854
2025-11-03T18:50:00Z,1.6052813830696024,19.75
2025-11-03T19:00:00Z,1.615309114941283,19.705
2025-11-03T19:10:00Z,1.6144091149412816,19.738
2025-11-03T19:20:00Z,1.6082813830696026,19.668
2025-11-03T19:30:00Z,1.6092813830696002,19.652
2025-11-03T19:40:00Z,1.604053651197944,19.554
2025-11-03T19:50:00Z,1.6089536511979432,19.617
2025-11-03T20:00:00Z,1.6153536511979425,19.635
2025-11-03T20:10:00Z,1.6088259193262573,19.671
2025-11-03T20:20:00Z,1.608725919326261,19.7
2025-11-03T20:30:00Z,1.6085259193262615,19.711
2025-11-03T20:40:00Z,1.6077259193262634,19.729
2025-11-03T20:50:00Z,1.6099259193262583,19.725
2025-11-03T21:00:00Z,1.6084259193262582,19.385
2025-11-03T21:10:00Z,1.6089259193262606,19.332
2025-11-03T21:20:00Z,1.6103259193262573,19.347
2025-11-03T21:30:00Z,1.6103259193262573,19.324
2025-11-03T21:40:00Z,1.6006981874545971,19.267
2025-11-03T21:50:00Z,1.6063981874545945,19.237
2025-11-03T22:00:00Z,1.604698187454595,19.193
2025-11-03T22:10:00Z,1.606998187454593,19.236
2025-11-03T22:20:00Z,1.6066981874545903,19.188
2025-11-03T22:30:00Z,1.606198187454595,19.15
2025-11-03T22:40:00Z,1.6058981874545921,19.086
2025-11-03T22:50:00Z,1.6066981874545903,19.155
2025-11-03T23:00:00Z,1.6099981874545932,19.11
2025-11-03T23:10:00Z,1.6119981874545957,19.121
2025-11-03T23:20:00Z,1.6147981874545962,19.087
2025-11-03T23:30:00Z,1.615098187454592,19.064
2025-11-03T23:40:00Z,1.6058704555829166,19.047
2025-11-03T23:50:00Z,1.6057704555829204,19.029
2025-11-04T00:00:00Z,1.606770455582918,19.018
2025-11-04T00:10:00Z,1.6076704555829195,19.132
2025-11-04T00:20:00Z,1.6123704555829192,19.111
2025-11-04T00:30:00Z,1.6118704555829169,18.97
2025-11-04T00:40:00Z,1.6030427237112548,18.905
2025-11-04T00:50:00Z,1.6136704555829198,18.871
2025-11-04T01:00:00Z,1.6058427237112554,18.935
2025-11-04T01:10:00Z,1.604942723711254,19.017
2025-11-04T01:20:00Z,1.6040427237112524,19.003
2025-11-04T01:30:00Z,1.6140704555829188,18.976
2025-11-04T01:40:00Z,1.6033427237112505,18.855
2025-11-04T01:50:00Z,1.604242723711252,18.811
2025-11-04T02:00:00Z,1.6070427237112526,18.862
2025-11-04T02:10:00Z,1.6071427237112559,18.879
2025-11-04T02:20:00Z,1.6045427237112548,18.896
2025-11-04T02:30:00Z,1.6114704555829178,18.887
2025-11-04T02:40:00Z,1.6095704555829187,19.013
2025-11-04T02:50:00Z,1.6077704555829229,19
2025-11-04T03:00:00Z,1.6065704555829186,18.83
2025-11-04T03:10:00Z,1.6061704555829195,18.77
2025-11-04T03:20:00Z,1.6045704555829161,18.75
2025-11-04T03:30:00Z,1.6043704555829166,18.718
2025-11-04T03:40:00Z,1.6038704555829213,18.694
2025-11-04T03:50:00Z,1.6130981874545967,18.708
2025-11-04T04:00:00Z,1.6106981874545951,18.747
2025-11-04T04:10:00Z,1.6133981874545924,18.741
2025-11-04T04:20:00Z,1.6054704555829176,18.71
2025-11-04T04:30:00Z,1.610070455582921,18.687
2025-11-04T04:40:00Z,1.6136704555829198,18.694
2025-11-04T04:50:00Z,1.6029427237112515,18.709
2025-11-04T05:00:00Z,1.606042723711255,18.711
2025-11-04T05:10:00Z,1.6067427237112497,18.688
2025-11-04T05:20:00Z,1.6078427237112507,18.673
2025-11-04T05:30:00Z,1.6078427237112507,18.852
2025-11-04T05:40:00Z,1.6055427237112525,18.698
2025-11-04T05:50:00Z,1.607942723711254,18.729
2025-11-04T06:00:00Z,1.6063427237112506,18.675
2025-11-04T06:10:00Z,1.6087427237112522,18.793
2025-11-04T06:20:00Z,1.6099427237112494,18.851
2025-11-04T06:30:00Z,1.61274272371125,18.935
2025-11-04T06:40:00Z,1.6056149918395803,18.903
2025-11-04T06:50:00Z,1.6068149918395775,18.722
2025-11-04T07:00:00Z,1.6112149918395815,18.672
2025-11-04T07:10:00Z,1.6139149918395788,18.597
2025-11-04T07:20:00Z,1.6072872599679044,18.718
2025-11-04T07:30:00Z,1.6110872599679027,18.811
2025-11-04T07:40:00Z,1.6135872599679075,18.838
2025-11-04T07:50:00Z,1.605059528096234,18.862
2025-11-04T08:00:00Z,1.6070595280962294,18.921
2025-11-04T08:10:00Z,1.607259528096229,18.96
2025-11-04T08:20:00Z,1.606159528096228,18.913
2025-11-04T08:30:00Z,1.607259528096229,18.994
2025-11-04T08:40:00Z,1.6085595280962295,19.021
2025-11-04T08:50:00Z,1.6110595280962272,18.988
2025-11-04T09:00:00Z,1.6111595280962305,19.024
2025-11-04T09:10:00Z,1.6024317962245647,19.082
2025-11-04T09:20:00Z,1.6126595280962306,19.113
2025-11-04T09:30:00Z,1.6130595280962297,19.136
2025-11-04T09:40:00Z,1.612759528096234,19.149
2025-11-04T09:50:00Z,1.6139595280962311,19.163
2025-11-04T10:00:00Z,1.6167595280962317,19.174
2025-11-04T10:10:00Z,1.6132595280962292,19.183
2025-11-04T10:20:00Z,1.6123595280962277,19.207
2025-11-04T10:30:00Z,1.6147595280962292,19.272
2025-11-04T10:40:00Z,1.6162595280962293,19.355
2025-11-04T10:50:00Z,1.605531796224561,19.418
2025-11-04T11:00:00Z,1.6057317962245605,19.464
2025-11-04T11:10:00Z,1.6027317962245604,19.53
2025-11-04T11:20:00Z,1.5980317962245607,19.583
2025-11-04T11:30:00Z,1.6074595280962285,19.642
2025-11-04T11:40:00Z,1.6082595280962337,19.728
2025-11-04T11:50:00Z,1.6067595280962337,19.806
2025-11-04T12:00:00Z,1.6056595280962327,19.86
2025-11-04T12:10:00Z,1.6109872599679065,19.916
2025-11-04T12:20:00Z,1.605987259967904,19.983
2025-11-04T12:30:00Z,1.6098149918395777,20.02
2025-11-04T12:40:00Z,1.6042149918395765,20.07
2025-11-04T12:50:00Z,1.6038149918395774,20.119
2025-11-04T13:00:00Z,1.6126427237112537,20.184
2025-11-04T13:10:00Z,1.607942723711254,20.239
2025-11-04T13:20:00Z,1.6054427237112492,20.306
2025-11-04T13:30:00Z,1.609270455582923,20.367
2025-11-04T13:40:00Z,1.6035704555829184,20.417
2025-11-04T13:50:00Z,1.6020704555829184,20.492
2025-11-04T14:00:00Z,1.6024704555829175,20.533
2025-11-04T14:10:00Z,1.603770455582918,20.571
2025-11-04T14:20:00Z,1.612498187454591,20.595
2025-11-04T14:30:00Z,1.6097981874545937,20.621
2025-11-04T14:40:00Z,1.609898187454597,20.623
2025-11-04T14:50:00Z,1.6079981874545908,20.635
2025-11-04T15:00:00Z,1.604698187454595,20.645
2025-11-04T15:10:00Z,1.6066981874545903,20.662
2025-11-04T15:20:00Z,1.606598187454594,20.644
2025-11-04T15:30:00Z,1.6058981874545921,20.602
2025-11-04T15:40:00Z,1.6137259193262636,20.551
2025-11-04T15:50:00Z,1.6112259193262588,20.523
2025-11-04T16:00:00Z,1.6034981874545906,20.505
2025-11-04T16:10:00Z,1.6014981874545953,20.553
2025-11-04T16:20:00Z,1.6119259193262607,20.506
2025-11-04T16:30:00Z,1.6103259193262573,20.46
2025-11-04T16:40:00Z,1.6075259193262639,20.431
2025-11-04T16:50:00Z,1.607225919326261,20.397
2025-11-04T17:00:00Z,1.60612591932626,20.387
2025-11-04T17:10:00Z,1.6099259193262583,20.372
2025-11-04T17:20:00Z,1.6095259193262592,20.327
2025-11-04T17:30:00Z,1.6062259193262634,20.203
2025-11-04T17:40:00Z,1.6108259193262597,20.064
2025-11-04T17:50:00Z,1.6106259193262602,19.938
2025-11-04T18:00:00Z,1.6114259193262583,19.957
2025-11-04T18:10:00Z,1.601398187454592,19.972
2025-11-04T18:20:00Z,1.6018981874545943,19.967
2025-11-04T18:30:00Z,1.601798187454591,19.938
2025-11-04T18:40:00Z,1.605498187454593,20.035
2025-11-04T18:50:00Z,1.6089981874545956,20.052
2025-11-04T19:00:00Z,1.6071981874545926,20.026
2025-11-04T19:10:00Z,1.6120981874545919,19.996
2025-11-04T19:20:00Z,1.610998187454591,19.883
2025-11-04T19:30:00Z,1.6058704555829166,19.766
2025-11-04T19:40:00Z,1.6039704555829175,19.732
2025-11-04T19:50:00Z,1.6071704555829172,19.718
2025-11-04T20:00:00Z,1.607242723711252,19.734
2025-11-04T20:10:00Z,1.6054149918395808,19.591
2025-11-04T20:20:00Z,1.6031872599679033,19.561
2025-11-04T20:30:00Z,1.606387259967903,19.516
2025-11-04T20:40:00Z,1.6051872599679058,19.508
2025-11-04T20:50:00Z,1.6099872599679017,19.545
2025-11-04T21:00:00Z,1.6052595280962336,19.552
2025-11-04T21:10:00Z,1.6063595280962275,19.566
2025-11-04T21:20:00Z,1.6069595280962332,19.594
2025-11-04T21:30:00Z,1.6108595280962277,19.609
2025-11-04T21:40:00Z,1.613559528096232,19.585
2025-11-04T21:50:00Z,1.6052317962245652,19.623
2025-11-04T22:00:00Z,1.608531796224561,19.606
2025-11-04T22:10:00Z,1.6091317962245668,19.596
2025-11-04T22:20:00Z,1.612459528096231,19.608
2025-11-04T22:30:00Z,1.6097317962245654,19.629
2025-11-04T22:40:00Z,1.606231796224563,19.614
2025-11-04T22:50:00Z,1.6059595280962284,19.561
2025-11-04T23:00:00Z,1.6123872599679032,19.488
2025-11-04T23:10:00Z,1.6087872599679045,19.465
2025-11-04T23:20:00Z,1.6020872599679024,19.401
2025-11-04T23:30:00Z,1.6012872599679042,19.35
2025-11-04T23:40:00Z,1.6060595280962318,19.334
2025-11-04T23:50:00Z,1.6119595280962287,19.503
2025-11-05T00:00:00Z,1.6083317962245616,19.483
2025-11-05T00:10:00Z,1.609631796224562,19.43
2025-11-05T00:20:00Z,1.6041040643528888,19.469
2025-11-05T00:30:00Z,1.6074040643528917,19.491
2025-11-05T00:40:00Z,1.6082317962245654,19.548
2025-11-05T00:50:00Z,1.6098317962245616,19.533
2025-11-05T01:00:00Z,1.6104317962245602,19.532
2025-11-05T01:10:00Z,1.6069317962245648,19.501
2025-11-05T01:20:00Z,1.6073040643528884,19.477
2025-11-05T01:30:00Z,1.6047040643528874,19.432
2025-11-05T01:40:00Z,1.607731796224563,19.424
2025-11-05T01:50:00Z,1.6054317962245648,19.373
2025-11-05T02:00:00Z,1.6092595280962314,19.267
2025-11-05T02:10:00Z,1.604431796224567,19.175
2025-11-05T02:20:00Z,1.60835952809623,19.257
2025-11-05T02:30:00Z,1.6094317962245626,19.28
2025-11-05T02:40:00Z,1.6051040643528864,19.188
2025-11-05T02:50:00Z,1.6047040643528874,19.225
2025-11-05T03:00:00Z,1.6111763324812145,19.235
2025-11-05T03:10:00Z,1.6054763324812171,19.241
2025-11-05T03:20:00Z,1.6011486006095481,19.285
2025-11-05T03:30:00Z,1.6072486006095517,19.262
2025-11-05T03:40:00Z,1.6092208687378644,19.265
2025-11-05T03:50:00Z,1.6019208687378708,19.285
2025-11-05T04:00:00Z,1.6100486006095522,19.256
2025-11-05T04:10:00Z,1.6113486006095457,19.233
2025-11-05T04:20:00Z,1.6077208687378644,19.254
2025-11-05T04:30:00Z,1.6080931368662021,19.286
2025-11-05T04:40:00Z,1.603593136866202,19.3
2025-11-05T04:50:00Z,1.602093136866202,19.3
2025-11-05T05:00:00Z,1.6129208687378664,19.307
2025-11-05T05:10:00Z,1.6086208687378658,19.309
2025-11-05T05:20:00Z,1.6021208687378703,19.316
2025-11-05T05:30:00Z,1.6073486006095479,19.218
2025-11-05T05:40:00Z,1.6049486006095464,19.174
2025-11-05T05:50:00Z,1.605548600609552,19.076
2025-11-05T06:00:00Z,1.602948600609551,18.933
2025-11-05T06:10:00Z,1.601320868737865,18.842
2025-11-05T06:20:00Z,1.6071208687378657,18.94
2025-11-05T06:30:00Z,1.612720868737867,18.88
2025-11-05T06:40:00Z,1.605093136866202,18.944
2025-11-05T06:50:00Z,1.6123931368662028,18.935
2025-11-05T07:00:00Z,1.6073654049945247,18.793
2025-11-05T07:10:00Z,1.604637673122852,18.745
2025-11-05T07:20:00Z,1.6056376731228497,18.759
2025-11-05T07:30:00Z,1.6082376731228507,18.795
2025-11-05T07:40:00Z,1.6110376731228513,18.928
2025-11-05T07:50:00Z,1.6127376731228509,18.979
2025-11-05T08:00:00Z,1.6149099412511845,18.993
2025-11-05T08:10:00Z,1.6101099412511886,19.018
2025-11-05T08:20:00Z,1.6100822093795202,19.039
2025-11-05T08:30:00Z,1.6139822093795217,19.087
2025-11-05T08:40:00Z,1.604954477507846,19.024
2025-11-05T08:50:00Z,1.6089544775078437,19.108
2025-11-05T09:00:00Z,1.6082267456361805,19.143
2025-11-05T09:10:00Z,1.6043990137645068,19.111
2025-11-05T09:20:00Z,1.6050990137645016,19.077
2025-11-05T09:30:00Z,1.6072990137645036,19.093
2025-11-05T09:40:00Z,1.6016990137645024,19.114
2025-11-05T09:50:00Z,1.6077267456361781,19.124
2025-11-05T10:00:00Z,1.602999013764503,19.167
2025-11-05T10:10:00Z,1.6063990137645021,19.241
2025-11-05T10:20:00Z,1.6025990137645039,19.268
2025-11-05T10:30:00Z,1.6127267456361807,19.351
2025-11-05T10:40:00Z,1.607499013764503,19.447
2025-11-05T10:50:00Z,1.608899013764507,19.463
2025-11-05T11:00:00Z,1.6080990137645017,19.486
2025-11-05T11:10:00Z,1.6008990137645043,19.529
2025-11-05T11:20:00Z,1.6007267456361802,19.606
2025-11-05T11:30:00Z,1.6065544775078422,19.672
2025-11-05T11:40:00Z,1.6003544775078424,19.727
2025-11-05T11:50:00Z,1.600554477507842,19.803
2025-11-05T12:00:00Z,1.6013822093795156,19.878
2025-11-05T12:10:00Z,1.6009822093795165,19.874
2025-11-05T12:20:00Z,1.6075099412511875,19.928
2025-11-05T12:30:00Z,1.6004099412511863,19.994
2025-11-05T12:40:00Z,1.6036376731228543,20.082
2025-11-05T12:50:00Z,1.6090654049945243,20.186
2025-11-05T13:00:00Z,1.6042654049945284,20.232
2025-11-05T13:10:00Z,1.6012654049945283,20.296
2025-11-05T13:20:00Z,1.5973654049945267,20.273
2025-11-05T13:30:00Z,1.6090931368661998,20.319
2025-11-05T13:40:00Z,1.6022931368662015,20.321
2025-11-05T13:50:00Z,1.6007931368662014,20.323
2025-11-05T14:00:00Z,1.6004931368661985,20.341
2025-11-05T14:10:00Z,1.5985931368661994,20.33
2025-11-05T14:20:00Z,1.603193136866203,20.328
2025-11-05T14:30:00Z,1.6021931368661981,20.304
2025-11-05T14:40:00Z,1.6029931368662034,20.262
2025-11-05T14:50:00Z,1.5995931368662042,20.259
2025-11-05T15:00:00Z,1.6066208687378705,20.235
2025-11-05T15:10:00Z,1.60682086873787,20.219
2025-11-05T15:20:00Z,1.6032208687378642,20.202
2025-11-05T15:30:00Z,1.6006208687378702,20.192
2025-11-05T15:40:00Z,1.5991208687378702,20.168
2025-11-05T15:50:00Z,1.6071486006095483,20.151
2025-11-05T16:00:00Z,1.6003208687378674,20.126
2025-11-05T16:10:00Z,1.6037208687378666,20.13
2025-11-05T16:20:00Z,1.6071208687378657,20.1
2025-11-05T16:30:00Z,1.5988931368662023,20.078
2025-11-05T16:40:00Z,1.6011931368662005,20.054
2025-11-05T16:50:00Z,1.6016931368662028,20.048
2025-11-05T17:00:00Z,1.5988931368662023,20.024
2025-11-05T17:10:00Z,1.5992931368662013,19.984
2025-11-05T17:20:00Z,1.6048931368662025,19.938
2025-11-05T17:30:00Z,1.6075931368661998,19.914
2025-11-05T17:40:00Z,1.605493136866201,19.871
2025-11-05T17:50:00Z,1.5991654049945296,19.818
2025-11-05T18:00:00Z,1.6038654049945293,19.79
2025-11-05T18:10:00Z,1.6061654049945275,19.716
2025-11-05T18:20:00Z,1.607065404994529,19.672
2025-11-05T18:30:00Z,1.6076654049945276,19.651
2025-11-05T18:40:00Z,1.6084654049945257,19.655
2025-11-05T18:50:00Z,1.6020654049945264,19.619
2025-11-05T19:00:00Z,1.599665404994525,19.572
2025-11-05T19:10:00Z,1.5993654049945292,19.523
2025-11-05T19:20:00Z,1.6075931368661998,19.526
2025-11-05T19:30:00Z,1.5995654049945287,19.537
2025-11-05T19:40:00Z,1.6025654049945288,19.519
2025-11-05T19:50:00Z,1.602265404994526,19.514
2025-11-05T20:00:00Z,1.606365404994527,19.52
2025-11-05T20:10:00Z,1.603537673122851,19.535
2025-11-05T20:20:00Z,1.6104376731228527,19.532
2025-11-05T20:30:00Z,1.6069376731228502,19.521
2025-11-05T20:40:00Z,1.607637673122852,19.557
2025-11-05T20:50:00Z,1.6037376731228505,19.555
2025-11-05T21:00:00Z,1.6030376731228557,19.566
2025-11-05T21:10:00Z,1.6000376731228556,19.5
2025-11-05T21:20:00Z,1.5982376731228527,19.4
2025-11-05T21:30:00Z,1.6017376731228552,19.393
2025-11-05T21:40:00Z,1.5981376731228494,19.354
2025-11-05T21:50:00Z,1.5990376731228508,19.281
2025-11-05T22:00:00Z,1.5990376731228508,19.244
2025-11-05T22:10:00Z,1.6027376731228529,19.25
2025-11-05T22:20:00Z,1.6038376731228539,19.251
2025-11-05T22:30:00Z,1.604637673122852,19.251
2025-11-05T22:40:00Z,1.5992376731228504,19.258
2025-11-05T22:50:00Z,1.600537673122851,19.26
2025-11-05T23:00:00Z,1.6003376731228514,19.253
2025-11-05T23:10:00Z,1.5978376731228536,19.232
2025-11-05T23:20:00Z,1.6042654049945284,19.173
2025-11-05T23:30:00Z,1.601165404994525,19.145
2025-11-05T23:40:00Z,1.6028654049945246,19.111
2025-11-05T23:50:00Z,1.5992654049945259,19.092
2025-11-06T00:00:00Z,1.598565404994524,19.061
2025-11-06T00:10:00Z,1.5987654049945235,19.038
2025-11-06T00:20:00Z,1.605793136866204,19.008
2025-11-06T00:30:00Z,1.6034931368661987,19.004
2025-11-06T00:40:00Z,1.6021931368661981,19.038
2025-11-06T00:50:00Z,1.5974931368661984,19.057
2025-11-06T01:00:00Z,1.5956931368662026,19.032
2025-11-06T01:10:00Z,1.6069208687378662,19.019
2025-11-06T01:20:00Z,1.6032208687378642,19.036
2025-11-06T01:30:00Z,1.5967208687378687,19.018
2025-11-06T01:40:00Z,1.6009486006095486,19.031
2025-11-06T01:50:00Z,1.6017486006095467,18.963
2025-11-06T02:00:00Z,1.598148600609548,18.821
2025-11-06T02:10:00Z,1.59114860060955,18.873
2025-11-06T02:20:00Z,1.6023763324812137,18.886
2025-11-06T02:30:00Z,1.6034763324812147,18.85
2025-11-06T02:40:00Z,1.6040763324812133,18.83
2025-11-06T02:50:00Z,1.6025763324812132,18.662
2025-11-06T03:00:00Z,1.6034763324812147,18.653
2025-11-06T03:10:00Z,1.601776332481215,18.649
2025-11-06T03:20:00Z,1.5966763324812163,18.625
2025-11-06T03:30:00Z,1.6050040643528902,18.606
2025-11-06T03:40:00Z,1.6056040643528888,18.605
2025-11-06T03:50:00Z,1.6022040643528896,18.59
2025-11-06T04:00:00Z,1.5973040643528904,18.58
2025-11-06T04:10:00Z,1.6043317962245638,18.529
2025-11-06T04:20:00Z,1.6010317962245608,18.489
2025-11-06T04:30:00Z,1.597731796224565,18.482
2025-11-06T04:40:00Z,1.607259528096229,18.567
2025-11-06T04:50:00Z,1.6048595280962275,18.672
2025-11-06T05:00:00Z,1.6055595280962294,18.756
2025-11-06T05:10:00Z,1.6030595280962316,18.784
2025-11-06T05:20:00Z,1.6017595280962311,18.792
2025-11-06T05:30:00Z,1.598359528096232,18.796
2025-11-06T05:40:00Z,1.5981595280962324,18.768
2025-11-06T05:50:00Z,1.5955595280962314,18.763
2025-11-06T06:00:00Z,1.600959528096233,18.751
2025-11-06T06:10:00Z,1.595531796224563,18.731
2025-11-06T06:20:00Z,1.5978317962245612,18.664
2025-11-06T06:30:00Z,1.6026317962245642,18.644
2025-11-06T06:40:00Z,1.6054317962245648,18.614
2025-11-06T06:50:00Z,1.606231796224563,18.647
2025-11-06T07:00:00Z,1.59750406435289,18.646
2025-11-06T07:10:00Z,1.6003040643528905,18.654
2025-11-06T07:20:00Z,1.6003040643528905,18.672
2025-11-06T07:30:00Z,1.6034040643528868,18.673
2025-11-06T07:40:00Z,1.6069040643528893,18.675
2025-11-06T07:50:00Z,1.5988763324812183,18.673
2025-11-06T08:00:00Z,1.5999763324812122,18.658
2025-11-06T08:10:00Z,1.5996763324812164,18.625
2025-11-06T08:20:00Z,1.5956763324812187,18.608
2025-11-06T08:30:00Z,1.601376332481216,18.581
2025-11-06T08:40:00Z,1.601776332481215,18.642
2025-11-06T08:50:00Z,1.600576332481218,18.694
2025-11-06T09:00:00Z,1.5979763324812168,18.697
2025-11-06T09:10:00Z,1.6089040643528918,18.745
2025-11-06T09:20:00Z,1.599476332481217,18.812
2025-11-06T09:30:00Z,1.6083040643528932,18.959
2025-11-06T09:40:00Z,1.60970406435289,19.03
2025-11-06T09:50:00Z,1.6068040643528931,19.122
2025-11-06T10:00:00Z,1.6041040643528888,19.174
2025-11-06T10:10:00Z,1.6065040643528903,19.232
2025-11-06T10:20:00Z,1.6057040643528921,19.309
2025-11-06T10:30:00Z,1.604431796224567,19.372
2025-11-06T10:40:00Z,1.6035317962245657,19.347
2025-11-06T10:50:00Z,1.602931796224567,19.37
2025-11-06T11:00:00Z,1.5989317962245622,19.483
2025-11-06T11:10:00Z,1.6077595280962313,19.608
2025-11-06T11:20:00Z,1.6078595280962276,19.685
2025-11-06T11:30:00Z,1.6023595280962297,19.773
2025-11-06T11:40:00Z,1.6072872599679044,19.865
2025-11-06T11:50:00Z,1.6086149918395805,19.955
2025-11-06T12:00:00Z,1.6030149918395793,20.009
2025-11-06T12:10:00Z,1.610142723711256,20.065
2025-11-06T12:20:00Z,1.605342723711253,20.083
2025-11-06T12:30:00Z,1.6059427237112516,20.186
2025-11-06T12:40:00Z,1.6069704555829176,20.158
2025-11-06T12:50:00Z,1.6045704555829161,20.156
2025-11-06T13:00:00Z,1.6031704555829194,20.237
2025-11-06T13:10:00Z,1.6103981874545923,20.231
2025-11-06T13:20:00Z,1.6020981874545939,20.281
2025-11-06T13:30:00Z,1.6080259193262592,20.275
2025-11-06T13:40:00Z,1.6029259193262604,20.361
2025-11-06T13:50:00Z,1.5967259193262606,20.347
2025-11-06T14:00:00Z,1.6027536511979434,20.402
2025-11-06T14:10:00Z,1.6001536511979424,20.414
2025-11-06T14:20:00Z,1.595553651197939,20.407
2025-11-06T14:30:00Z,1.606181383069604,20.439
2025-11-06T14:40:00Z,1.6035813830696029,20.44
2025-11-06T14:50:00Z,1.6002813830695999,20.44
2025-11-06T15:00:00Z,1.5998813830696008,20.457
2025-11-06T15:10:00Z,1.6070091149412846,20.413
2025-11-06T15:20:00Z,1.6032091149412793,20.419
2025-11-06T15:30:00Z,1.6021091149412854,20.417
2025-11-06T15:40:00Z,1.606336846812951,20.409
2025-11-06T15:50:00Z,1.6071368468129492,20.391
2025-11-06T16:00:00Z,1.6058368468129487,20.346
2025-11-06T16:10:00Z,1.604836846812951,20.32
2025-11-06T16:20:00Z,1.6034368468129472,20.305
2025-11-06T16:30:00Z,1.6076368468129516,20.236
2025-11-06T16:40:00Z,1.6042368468129524,20.218
2025-11-06T16:50:00Z,1.6023368468129462,20.197
2025-11-06T17:00:00Z,1.6009368468129495,20.174
2025-11-06T17:10:00Z,1.608364578684622,20.147
2025-11-06T17:20:00Z,1.5986368468129513,20.144
2025-11-06T17:30:00Z,1.6044645786846203,20.143
2025-11-06T17:40:00Z,1.6057645786846209,20.104
2025-11-06T17:50:00Z,1.6069645786846252,20.053
2025-11-06T18:00:00Z,1.6084645786846252,20.006
2025-11-06T18:10:00Z,1.5979368468129493,19.969
2025-11-06T18:20:00Z,1.6066645786846223,19.937
2025-11-06T18:30:00Z,1.6038645786846217,19.921
2025-11-06T18:40:00Z,1.6023645786846217,19.878
2025-11-06T18:50:00Z,1.602464578684625,19.845
2025-11-06T19:00:00Z,1.6034645786846227,19.809
2025-11-06T19:10:00Z,1.6042645786846208,19.822
2025-11-06T19:20:00Z,1.6088645786846243,19.809
2025-11-06T19:30:00Z,1.6071645786846247,19.801
2025-11-06T19:40:00Z,1.6055645786846213,19.757
2025-11-06T19:50:00Z,1.607664578684627,19.74
2025-11-06T20:00:00Z,1.603964578684625,19.724
2025-11-06T20:10:00Z,1.6064645786846228,19.678
2025-11-06T20:20:00Z,1.6060645786846237,19.634
2025-11-06T20:30:00Z,1.603964578684625,19.599
2025-11-06T20:40:00Z,1.6027645786846207,19.585
2025-11-06T20:50:00Z,1.5961368468129464,19.608
2025-11-06T21:00:00Z,1.6111645786846225,19.612
2025-11-06T21:10:00Z,1.6008368468129461,19.616
2025-11-06T21:20:00Z,1.6006368468129466,19.643
2025-11-06T21:30:00Z,1.60073684681295,19.643
2025-11-06T21:40:00Z,1.602936846812952,19.613
2025-11-06T21:50:00Z,1.6051368468129468,19.612
2025-11-06T22:00:00Z,1.6017368468129476,19.586
2025-11-06T22:10:00Z,1.6023368468129462,19.557
2025-11-06T22:20:00Z,1.5987368468129475,19.562
2025-11-06T22:30:00Z,1.600036846812948,19.573
2025-11-06T22:40:00Z,1.5970368468129479,19.473
2025-11-06T22:50:00Z,1.595236846812952,19.427
2025-11-06T23:00:00Z,1.5986368468129513,19.434
2025-11-06T23:10:00Z,1.5981368468129489,19.384
2025-11-06T23:20:00Z,1.6074645786846204,19.41
2025-11-06T23:30:00Z,1.6051645786846223,19.419
2025-11-06T23:40:00Z,1.602464578684625,19.408
2025-11-06T23:50:00Z,1.5990645786846258,19.403
2025-11-07T00:00:00Z,1.6008645786846216,19.417
2025-11-07T00:10:00Z,1.6075923105562993,19.416
2025-11-07T00:20:00Z,1.6047923105562987,19.418
2025-11-07T00:30:00Z,1.599392310556297,19.409
2025-11-07T00:40:00Z,1.6018923105562948,19.359
2025-11-07T00:50:00Z,1.6086200424279653,19.365
2025-11-07T01:00:00Z,1.6053200424279623,19.346
2025-11-07T01:10:00Z,1.6019200424279632,19.372
2025-11-07T01:20:00Z,1.6023200424279622,19.339
2025-11-07T01:30:00Z,1.6071477742996407,19.291
2025-11-07T01:40:00Z,1.6027477742996368,19.293
2025-11-07T01:50:00Z,1.6027477742996368,19.288
2025-11-07T02:00:00Z,1.6006477742996381,19.252
2025-11-07T02:10:00Z,1.5978477742996375,19.228
2025-11-07T02:20:00Z,1.6079755061713144,19.257
2025-11-07T02:30:00Z,1.60377550617131,19.253
2025-11-07T02:40:00Z,1.607075506171313,19.225
2025-11-07T02:50:00Z,1.605975506171312,19.217
2025-11-07T03:00:00Z,1.6046755061713114,19.186
2025-11-07T03:10:00Z,1.609603238042986,19.171
2025-11-07T03:20:00Z,1.603303238042983,19.103
2025-11-07T03:30:00Z,1.601403238042984,19.089
2025-11-07T03:40:00Z,1.6089309699146526,19.033
2025-11-07T03:50:00Z,1.6106309699146522,19.008
2025-11-07T04:00:00Z,1.6084309699146502,18.952
2025-11-07T04:10:00Z,1.6055309699146534,18.915
2025-11-07T04:20:00Z,1.609830969914654,18.883
2025-11-07T04:30:00Z,1.6071309699146568,18.836
2025-11-07T04:40:00Z,1.602503238042985,18.819
2025-11-07T04:50:00Z,1.599603238042988,18.812
2025-11-07T05:00:00Z,1.6001032380429834,18.81
2025-11-07T05:10:00Z,1.6085032380429851,18.794
2025-11-07T05:20:00Z,1.6032032380429868,18.789
2025-11-07T05:30:00Z,1.6057032380429845,18.796
2025-11-07T05:40:00Z,1.6057032380429845,18.781
2025-11-07T05:50:00Z,1.6069032380429888,18.756
2025-11-07T06:00:00Z,1.6094032380429866,18.708
2025-11-07T06:10:00Z,1.5987755061713145,18.703
2025-11-07T06:20:00Z,1.6028755061713156,18.623
2025-11-07T06:30:00Z,1.6094755061713144,18.626
2025-11-07T06:40:00Z,1.6076755061713115,18.652
2025-11-07T06:50:00Z,1.603547774299642,18.598
2025-11-07T07:00:00Z,1.6014477742996363,18.603
2025-11-07T07:10:00Z,1.6059477742996364,18.643
2025-11-07T07:20:00Z,1.6077477742996393,18.69
2025-11-07T07:30:00Z,1.6100477742996375,18.742
2025-11-07T07:40:00Z,1.6130477742996376,18.725
2025-11-07T07:50:00Z,1.61354777429964,18.719
2025-11-07T08:00:00Z,1.6032200424279637,18.723
2025-11-07T08:10:00Z,1.6085477742996375,18.76
2025-11-07T08:20:00Z,1.611647774299641,18.777
2025-11-07T08:30:00Z,1.614247774299642,18.775
2025-11-07T08:40:00Z,1.6012200424279612,18.797
2025-11-07T08:50:00Z,1.6145477742996377,18.685
2025-11-07T09:00:00Z,1.614647774299641,18.665
2025-11-07T09:10:00Z,1.6057200424279614,18.742
2025-11-07T09:20:00Z,1.6109200424279635,18.81
2025-11-07T09:30:00Z,1.6121200424279678,19.057
2025-11-07T09:40:00Z,1.610720042427964,19.165
2025-11-07T09:50:00Z,1.6120200424279645,19.254
2025-11-07T10:00:00Z,1.6088200424279648,19.263
2025-11-07T10:10:00Z,1.6079200424279634,19.265
2025-11-07T10:20:00Z,1.6103477742996404,19.28
2025-11-07T10:30:00Z,1.6089477742996365,19.38
2025-11-07T10:40:00Z,1.6036477742996382,19.395
2025-11-07T10:50:00Z,1.612675506171314,19.417
2025-11-07T11:00:00Z,1.616603238042984,19.492
2025-11-07T11:10:00Z,1.6101032380429885,19.582
2025-11-07T11:20:00Z,1.6155309699146514,19.667
2025-11-07T11:30:00Z,1.6093309699146516,19.748
2025-11-07T11:40:00Z,1.6191587017863256,19.807
2025-11-07T11:50:00Z,1.6129587017863258,19.894
2025-11-07T12:00:00Z,1.617386433657991,19.961
2025-11-07T12:10:00Z,1.6097864336579946,19.998
2025-11-07T12:20:00Z,1.6130141655296768,20.121
2025-11-07T12:30:00Z,1.6076141655296752,20.205
2025-11-07T12:40:00Z,1.6114418974013418,20.225
2025-11-07T12:50:00Z,1.613569629273016,20.3
2025-11-07T13:00:00Z,1.6162973611446887,20.404
2025-11-07T13:10:00Z,1.6087973611446884,20.488
2025-11-07T13:20:00Z,1.6066973611446898,20.656
2025-11-07T13:30:00Z,1.615525093016359,20.756
2025-11-07T13:40:00Z,1.6084250930163577,20.653
2025-11-07T13:50:00Z,1.6080250930163587,20.791
2025-11-07T14:00:00Z,1.616552824888032,20.862
2025-11-07T14:10:00Z,1.6127528248880338,20.787
2025-11-07T14:20:00Z,1.6096528248880304,20.653
2025-11-07T14:30:00Z,1.6070528248880294,20.579
2025-11-07T14:40:00Z,1.6157805567596952,20.491
2025-11-07T14:50:00Z,1.6127805567596951,20.442
2025-11-07T15:00:00Z,1.6094805567596993,20.427
2025-11-07T15:10:00Z,1.6065805567596954,20.421
2025-11-07T15:20:00Z,1.6060805567597,20.418
2025-11-07T15:30:00Z,1.6058805567597005,20.477
2025-11-07T15:40:00Z,1.602380556759698,20.372
2025-11-07T15:50:00Z,1.6116082886313734,20.356
2025-11-07T16:00:00Z,1.610708288631372,20.315
2025-11-07T16:10:00Z,1.6072082886313694,20.364
2025-11-07T16:20:00Z,1.6068082886313704,20.265
2025-11-07T16:30:00Z,1.6055082886313699,20.332
2025-11-07T16:40:00Z,1.608108288631371,20.261
2025-11-07T16:50:00Z,1.6097082886313743,20.248
2025-11-07T17:00:00Z,1.6065082886313746,20.218
2025-11-07T17:10:00Z,1.6056082886313732,20.225
2025-11-07T17:20:00Z,1.6067082886313742,20.164
2025-11-07T17:30:00Z,1.6061082886313756,20.155
2025-11-07T17:40:00Z,1.6080082886313747,20.154
2025-11-07T17:50:00Z,1.612908288631374,20.139
2025-11-07T18:00:00Z,1.6123082886313753,20.135
2025-11-07T18:10:00Z,1.6119082886313691,20.108
2025-11-07T18:20:00Z,1.600880556759698,20.074
2025-11-07T18:30:00Z,1.6110082886313748,20.041
2025-11-07T18:40:00Z,1.61000828863137,20.03
2025-11-07T18:50:00Z,1.6091082886313757,20.016
2025-11-07T19:00:00Z,1.6181360205030444,20.012
2025-11-07T19:10:00Z,1.6095360205030431,20
2025-11-07T19:20:00Z,1.611736020503045,19.956
2025-11-07T19:30:00Z,1.609136020503044,19.97
2025-11-07T19:40:00Z,1.614636020503049,19.986
2025-11-07T19:50:00Z,1.6121082886313758,19.984
2025-11-07T20:00:00Z,1.612208288631372,19.963
2025-11-07T20:10:00Z,1.6136082886313758,19.836
2025-11-07T20:20:00Z,1.604180556759701,19.795
2025-11-07T20:30:00Z,1.6028805567597004,19.783
2025-11-07T20:40:00Z,1.6046805567596962,19.763
2025-11-07T20:50:00Z,1.609780556759695,19.761
2025-11-07T21:00:00Z,1.6111805567596988,19.758
2025-11-07T21:10:00Z,1.6052528248880336,19.729
2025-11-07T21:20:00Z,1.6107528248880314,19.705
2025-11-07T21:30:00Z,1.6105528248880319,19.688
2025-11-07T21:40:00Z,1.6123528248880348,19.672
2025-11-07T21:50:00Z,1.610952824888031,19.656
2025-11-07T22:00:00Z,1.614652824888033,19.688
2025-11-07T22:10:00Z,1.6053250930163543,19.687
2025-11-07T22:20:00Z,1.6151528248880282,19.668
2025-11-07T22:30:00Z,1.605225093016358,19.635
2025-11-07T22:40:00Z,1.6072250930163605,19.585
2025-11-07T22:50:00Z,1.6078250930163591,19.564
2025-11-07T23:00:00Z,1.6078250930163591,19.529
2025-11-07T23:10:00Z,1.6066250930163548,19.512
2025-11-07T23:20:00Z,1.6087250930163606,19.5
2025-11-07T23:30:00Z,1.6117250930163607,19.473
2025-11-07T23:40:00Z,1.6054973611446925,19.452
2025-11-07T23:50:00Z,1.6066973611446898,19.414
2025-11-08T00:00:00Z,1.6083973611446893,19.343
2025-11-08T00:10:00Z,1.609397361144687,19.385
2025-11-08T00:20:00Z,1.6123973611446871,19.442
2025-11-08T00:30:00Z,1.6118973611446918,19.478
2025-11-08T00:40:00Z,1.6105973611446913,19.486
2025-11-08T00:50:00Z,1.6083973611446893,19.506
2025-11-08T01:00:00Z,1.6057973611446883,19.501
2025-11-08T01:10:00Z,1.6031973611446872,19.497
2025-11-08T01:20:00Z,1.6077973611446907,19.473
2025-11-08T01:30:00Z,1.6084973611446927,19.445
2025-11-08T01:40:00Z,1.606797361144693,19.449
2025-11-08T01:50:00Z,1.6066973611446898,19.427
2025-11-08T02:00:00Z,1.6083973611446893,19.42
2025-11-08T02:10:00Z,1.6060973611446911,19.393
2025-11-08T02:20:00Z,1.6057973611446883,19.349
2025-11-08T02:30:00Z,1.6140250930163589,19.308
2025-11-08T02:40:00Z,1.6131250930163574,19.304
2025-11-08T02:50:00Z,1.6099250930163578,19.329
2025-11-08T03:00:00Z,1.6067250930163581,19.35
2025-11-08T03:10:00Z,1.6079250930163553,19.357
2025-11-08T03:20:00Z,1.606325093016359,19.346
2025-11-08T03:30:00Z,1.6073250930163567,19.33
2025-11-08T03:40:00Z,1.6062250930163557,19.32
2025-11-08T03:50:00Z,1.608525093016354,19.298
2025-11-08T04:00:00Z,1.6110250930163588,19.264
2025-11-08T04:10:00Z,1.604597361144691,19.243
2025-11-08T04:20:00Z,1.6049973611446902,19.206
2025-11-08T04:30:00Z,1.6046973611446873,19.189
2025-11-08T04:40:00Z,1.614825093016357,19.179
2025-11-08T04:50:00Z,1.6053973611446892,19.173
2025-11-08T05:00:00Z,1.6099973611446927,19.15
2025-11-08T05:10:00Z,1.6147973611446886,19.134
2025-11-08T05:20:00Z,1.6047696292730151,19.126
2025-11-08T05:30:00Z,1.6068696292730138,19.12
2025-11-08T05:40:00Z,1.6063696292730185,19.13
2025-11-08T05:50:00Z,1.6088696292730162,19.138
2025-11-08T06:00:00Z,1.6096696292730144,19.162
2025-11-08T06:10:00Z,1.6051418974013458,19.186
2025-11-08T06:20:00Z,1.608941897401344,19.213
2025-11-08T06:30:00Z,1.6139418974013395,19.234
2025-11-08T06:40:00Z,1.6043141655296722,19.216
2025-11-08T06:50:00Z,1.6111141655296777,19.188
2025-11-08T07:00:00Z,1.6109141655296781,19.188
2025-11-08T07:10:00Z,1.6137141655296787,19.156
2025-11-08T07:20:00Z,1.6139141655296783,19.128
2025-11-08T07:30:00Z,1.6063864336579954,19.117
2025-11-08T07:40:00Z,1.6108864336579956,19.092
2025-11-08T07:50:00Z,1.614386433657991,19.104
2025-11-08T08:00:00Z,1.6141864336579914,19.108
2025-11-08T08:10:00Z,1.6083587017863294,19.106
2025-11-08T08:20:00Z,1.6108587017863272,19.143
2025-11-08T08:30:00Z,1.6139587017863306,19.155
2025-11-08T08:40:00Z,1.6142587017863264,19.153
2025-11-08T08:50:00Z,1.6140587017863268,19.185
2025-11-08T09:00:00Z,1.6071309699146568,19.222
2025-11-08T09:10:00Z,1.6097309699146507,19.263
2025-11-08T09:20:00Z,1.6095309699146512,19.298
2025-11-08T09:30:00Z,1.6089309699146526,19.353
2025-11-08T09:40:00Z,1.6117309699146531,19.424
2025-11-08T09:50:00Z,1.6145309699146537,19.471
2025-11-08T10:00:00Z,1.6180309699146562,19.515
2025-11-08T10:10:00Z,1.6162309699146533,19.558
2025-11-08T10:20:00Z,1.6142309699146509,19.626
2025-11-08T10:30:00Z,1.6067032380429893,19.615
2025-11-08T10:40:00Z,1.6164309699146528,19.637
2025-11-08T10:50:00Z,1.61463096991465,19.73
2025-11-08T11:00:00Z,1.612430969914655,19.761
2025-11-08T11:10:00Z,1.6159309699146505,19.797
2025-11-08T11:20:00Z,1.6156309699146547,19.846
2025-11-08T11:30:00Z,1.612430969914655,19.858
2025-11-08T11:40:00Z,1.6117309699146531,19.894
2025-11-08T11:50:00Z,1.611630969914657,19.976
2025-11-08T12:00:00Z,1.6130309699146537,20.007
2025-11-08T12:10:00Z,1.6154309699146552,19.988
2025-11-08T12:20:00Z,1.6132309699146532,20.185
2025-11-08T12:30:00Z,1.6101309699146569,20.05
2025-11-08T12:40:00Z,1.6092309699146554,20.076
2025-11-08T12:50:00Z,1.6176587017863255,20.084
2025-11-08T13:00:00Z,1.614458701786326,20.127
2025-11-08T13:10:00Z,1.6108587017863272,20.269
2025-11-08T13:20:00Z,1.6172864336579948,20.317
2025-11-08T13:30:00Z,1.6151864336579962,20.309
2025-11-08T13:40:00Z,1.6163864336579934,20.311
2025-11-08T13:50:00Z,1.6122864336579923,20.309
2025-11-08T14:00:00Z,1.611086433657995,20.377
2025-11-08T14:10:00Z,1.609986433657994,20.427
2025-11-08T14:20:00Z,1.6097864336579946,20.435
2025-11-08T14:30:00Z,1.608086433657995,20.463
2025-11-08T14:40:00Z,1.6170141655296746,20.548
2025-11-08T14:50:00Z,1.6156141655296778,20.504
2025-11-08T15:00:00Z,1.6133141655296726,20.501
2025-11-08T15:10:00Z,1.6132141655296763,20.501
2025-11-08T15:20:00Z,1.6141141655296778,20.505
2025-11-08T15:30:00Z,1.613114165529673,20.497
2025-11-08T15:40:00Z,1.6124141655296782,20.461
2025-11-08T15:50:00Z,1.6126141655296777,20.419
2025-11-08T16:00:00Z,1.6110141655296744,20.382
2025-11-08T16:10:00Z,1.6087141655296762,20.378
2025-11-08T16:20:00Z,1.6115141655296767,20.375
2025-11-08T16:30:00Z,1.6113141655296772,20.329
2025-11-08T16:40:00Z,1.6128141655296773,20.31
2025-11-08T16:50:00Z,1.6150141655296721,20.288
2025-11-08T17:00:00Z,1.6159141655296736,20.27
2025-11-08T17:10:00Z,1.6090864336579926,20.252
2025-11-08T17:20:00Z,1.6142864336579947,20.23
2025-11-08T17:30:00Z,1.6083587017863294,20.191
2025-11-08T17:40:00Z,1.6110587017863267,20.17
2025-11-08T17:50:00Z,1.6138587017863273,20.126
2025-11-08T18:00:00Z,1.6074309699146525,20.066
2025-11-08T18:10:00Z,1.6107309699146555,20.022
2025-11-08T18:20:00Z,1.6148309699146566,19.982
2025-11-08T18:30:00Z,1.608103238042986,19.938
2025-11-08T18:40:00Z,1.6085032380429851,19.957
2025-11-08T18:50:00Z,1.6143032380429858,19.975
2025-11-08T19:00:00Z,1.60527550617131,19.94
2025-11-08T19:10:00Z,1.6103755061713159,19.902
2025-11-08T19:20:00Z,1.6147755061713127,19.887
2025-11-08T19:30:00Z,1.6049477742996388,19.855
2025-11-08T19:40:00Z,1.607247774299637,19.807
2025-11-08T19:50:00Z,1.608347774299638,19.779
2025-11-08T20:00:00Z,1.613947774299639,19.75
2025-11-08T20:10:00Z,1.6160477742996378,19.739
2025-11-08T20:20:00Z,1.6040200424279618,19.707
2025-11-08T20:30:00Z,1.617247774299642,19.712
2025-11-08T20:40:00Z,1.6167477742996397,19.705
2025-11-08T20:50:00Z,1.608920042427961,19.734
2025-11-08T21:00:00Z,1.6173200424279628,19.735
2025-11-08T21:10:00Z,1.6136923105562957,19.735
2025-11-08T21:20:00Z,1.6062645786846232,19.724
2025-11-08T21:30:00Z,1.6056645786846246,19.706
2025-11-08T21:40:00Z,1.6092645786846234,19.706
2025-11-08T21:50:00Z,1.6125645786846263,19.721
2025-11-08T22:00:00Z,1.6156645786846227,19.722
2025-11-08T22:10:00Z,1.6102368468129526,19.744
2025-11-08T22:20:00Z,1.6153368468129514,19.728
2025-11-08T22:30:00Z,1.618136846812952,19.706
2025-11-08T22:40:00Z,1.6074091149412837,19.711
2025-11-08T22:50:00Z,1.6096091149412857,19.719
2025-11-08T23:00:00Z,1.6108091149412829,19.703
2025-11-08T23:10:00Z,1.614909114941284,19.723
2025-11-08T23:20:00Z,1.608081383069603,19.755
2025-11-08T23:30:00Z,1.6098813830695988,19.723
2025-11-08T23:40:00Z,1.6111813830695993,19.679
2025-11-08T23:50:00Z,1.6100813830695984,19.67
2025-11-09T00:00:00Z,1.6063813830696034,19.653
2025-11-09T00:10:00Z,1.614509114941285,19.652
2025-11-09T00:20:00Z,1.6158091149412854,19.642
2025-11-09T00:30:00Z,1.6167091149412798,19.679
2025-11-09T00:40:00Z,1.6064813830695996,19.673
2025-11-09T00:50:00Z,1.6167091149412798,19.679
2025-11-09T01:00:00Z,1.609181383069604,19.662
2025-11-09T01:10:00Z,1.6096813830695993,19.653
2025-11-09T01:20:00Z,1.6129813830696023,19.628
2025-11-09T01:30:00Z,1.6160813830695986,19.572
2025-11-09T01:40:00Z,1.6138813830696037,19.54
2025-11-09T01:50:00Z,1.6123813830696037,19.523
2025-11-09T02:00:00Z,1.6100813830695984,19.527
2025-11-09T02:10:00Z,1.6090813830696007,19.576
2025-11-09T02:20:00Z,1.607381383069601,19.576
2025-11-09T02:30:00Z,1.6166091149412836,19.62
2025-11-09T02:40:00Z,1.6122091149412796,19.677
2025-11-09T02:50:00Z,1.6144091149412816,19.737
2025-11-09T03:00:00Z,1.6108091149412829,19.775
2025-11-09T03:10:00Z,1.6108091149412829,19.792
2025-11-09T03:20:00Z,1.60900911494128,19.779
2025-11-09T03:30:00Z,1.6067091149412818,19.776
2025-11-09T03:40:00Z,1.60900911494128,19.77
2025-11-09T03:50:00Z,1.6070091149412846,19.762
2025-11-09T04:00:00Z,1.6130091149412848,19.763
2025-11-09T04:10:00Z,1.614209114941282,19.754
2025-11-09T04:20:00Z,1.606981383069602,19.744
2025-11-09T04:30:00Z,1.610681383069604,19.752
2025-11-09T04:40:00Z,1.6206091149412813,19.758
2025-11-09T04:50:00Z,1.6125813830696032,19.762
2025-11-09T05:00:00Z,1.6125813830696032,19.748
2025-11-09T05:10:00Z,1.6148813830696014,19.722
2025-11-09T05:20:00Z,1.6133813830696013,19.705
2025-11-09T05:30:00Z,1.6148813830696014,19.687
2025-11-09T05:40:00Z,1.6168813830696038,19.683
2025-11-09T05:50:00Z,1.6106536511979428,19.68
2025-11-09T06:00:00Z,1.610753651197939,19.67
2025-11-09T06:10:00Z,1.6074536511979431,19.644
2025-11-09T06:20:00Z,1.6163536511979402,19.607
2025-11-09T06:30:00Z,1.6110536511979419,19.572
2025-11-09T06:40:00Z,1.6084259193262582,19.547
2025-11-09T06:50:00Z,1.6104259193262607,19.534
2025-11-09T07:00:00Z,1.6085981874545965,19.541
2025-11-09T07:10:00Z,1.6141981874545905,19.545
2025-11-09T07:20:00Z,1.6091704555829196,19.582
2025-11-09T07:30:00Z,1.6114704555829178,19.596
2025-11-09T07:40:00Z,1.6187704555829185,19.588
2025-11-09T07:50:00Z,1.6077427237112545,19.548
2025-11-09T08:00:00Z,1.607942723711254,19.551
2025-11-09T08:10:00Z,1.6109427237112541,19.527
2025-11-09T08:20:00Z,1.6091427237112512,19.541
2025-11-09T08:30:00Z,1.6115427237112527,19.546
2025-11-09T08:40:00Z,1.6125427237112504,19.564
2025-11-09T08:50:00Z,1.6132427237112523,19.579
2025-11-09T09:00:00Z,1.6145427237112528,19.6
2025-11-09T09:10:00Z,1.6067149918395813,19.605
2025-11-09T09:20:00Z,1.6068149918395775,19.605
2025-11-09T09:30:00Z,1.6086149918395805,19.669
2025-11-09T09:40:00Z,1.609914991839581,19.691
2025-11-09T09:50:00Z,1.6104149918395763,19.705
2025-11-09T10:00:00Z,1.6069149918395809,19.741
2025-11-09T10:10:00Z,1.617942723711252,19.801
2025-11-09T10:20:00Z,1.6158427237112534,19.866
2025-11-09T10:30:00Z,1.6120427237112551,19.907
2025-11-09T10:40:00Z,1.6190704555829214,19.964
2025-11-09T10:50:00Z,1.618970455582918,20.025
2025-11-09T11:00:00Z,1.6175704555829213,20.085
2025-11-09T11:10:00Z,1.6171704555829223,20.162
2025-11-09T11:20:00Z,1.6140704555829188,20.255
2025-11-09T11:30:00Z,1.6203981874545903,20.337
2025-11-09T11:40:00Z,1.6192981874545964,20.365
2025-11-09T11:50:00Z,1.619498187454596,20.352
2025-11-09T12:00:00Z,1.6071981874545926,20.446
2025-11-09T12:10:00Z,1.6160259193262618,20.44
2025-11-09T12:20:00Z,1.6108259193262597,20.534
2025-11-09T12:30:00Z,1.6196536511979431,20.583
2025-11-09T12:40:00Z,1.6187536511979417,20.625
2025-11-09T12:50:00Z,1.6180536511979398,20.618
2025-11-09T13:00:00Z,1.6233536511979452,20.533
2025-11-09T13:10:00Z,1.6145536511979444,20.559
2025-11-09T13:20:00Z,1.6219813830696026,20.621
2025-11-09T13:30:00Z,1.6234813830696027,20.695
2025-11-09T13:40:00Z,1.6199813830696002,20.6
2025-11-09T13:50:00Z,1.6151813830696042,20.551
2025-11-09T14:00:00Z,1.6227813830696007,20.523
2025-11-09T14:10:00Z,1.6162813830695981,20.486
2025-11-09T14:20:00Z,1.6177813830695982,20.452
2025-11-09T14:30:00Z,1.6175813830695986,20.44
2025-11-09T14:40:00Z,1.6098536511979447,20.399
2025-11-09T14:50:00Z,1.617753651197944,20.409
2025-11-09T15:00:00Z,1.622953651197939,20.392
2025-11-09T15:10:00Z,1.6204536511979413,20.349
2025-11-09T15:20:00Z,1.6234536511979414,20.353
2025-11-09T15:30:00Z,1.6221536511979409,20.344
2025-11-09T15:40:00Z,1.6231536511979385,20.327
2025-11-09T15:50:00Z,1.6082259193262587,20.351
2025-11-09T16:00:00Z,1.6101259193262578,20.373
2025-11-09T16:10:00Z,1.6185259193262596,20.354
2025-11-09T16:20:00Z,1.6160259193262618,20.32
2025-11-09T16:30:00Z,1.6116981874545928,20.293
2025-11-09T16:40:00Z,1.6132981874545962,20.284
2025-11-09T16:50:00Z,1.6114981874545933,20.278
2025-11-09T17:00:00Z,1.6152981874545915,20.272
2025-11-09T17:10:00Z,1.6188981874545902,20.269
2025-11-09T17:20:00Z,1.6068704555829214,20.258
2025-11-09T17:30:00Z,1.6182981874545916,20.24
2025-11-09T17:40:00Z,1.6121704555829197,20.24
2025-11-09T17:50:00Z,1.6179704555829204,20.214
2025-11-09T18:00:00Z,1.610542723711255,20.243
2025-11-09T18:10:00Z,1.6096427237112536,20.238
2025-11-09T18:20:00Z,1.6099427237112494,20.247
2025-11-09T18:30:00Z,1.6110427237112503,20.247
2025-11-09T18:40:00Z,1.605114991839578,20.271
2025-11-09T18:50:00Z,1.6063149918395823,20.269
2025-11-09T19:00:00Z,1.6111149918395782,20.253
2025-11-09T19:10:00Z,1.6135149918395797,20.238
2025-11-09T19:20:00Z,1.6109149918395786,20.234
2025-11-09T19:30:00Z,1.6061149918395756,20.23
2025-11-09T19:40:00Z,1.6052149918395813,20.229
2025-11-09T19:50:00Z,1.6124427237112542,20.218
2025-11-09T20:00:00Z,1.6128427237112533,20.212
2025-11-09T20:10:00Z,1.6150427237112552,20.206
2025-11-09T20:20:00Z,1.6141427237112538,20.199
2025-11-09T20:30:00Z,1.6155427237112505,20.182
2025-11-09T20:40:00Z,1.609914991839581,20.16
2025-11-09T20:50:00Z,1.6119149918395763,20.12
2025-11-09T21:00:00Z,1.6043872599679077,20.074
2025-11-09T21:10:00Z,1.6073872599679078,20.07
2025-11-09T21:20:00Z,1.6073872599679078,20.065
2025-11-09T21:30:00Z,1.6113872599679055,20.069
2025-11-09T21:40:00Z,1.6069872599679016,20.045
2025-11-09T21:50:00Z,1.6080872599679026,20.036
2025-11-09T22:00:00Z,1.606387259967903,20.042
2025-11-09T22:10:00Z,1.6050872599679025,20.026
2025-11-09T22:20:00Z,1.6137149918395792,19.973
2025-11-09T22:30:00Z,1.6149149918395764,19.91
2025-11-09T22:40:00Z,1.6051872599679058,19.876
2025-11-09T22:50:00Z,1.6038872599679053,19.827
2025-11-09T23:00:00Z,1.612914991839581,19.757
2025-11-09T23:10:00Z,1.6161149918395807,19.7
2025-11-09T23:20:00Z,1.6137149918395792,19.707
2025-11-09T23:30:00Z,1.6141149918395783,19.693
2025-11-09T23:40:00Z,1.6082872599679021,19.727
2025-11-09T23:50:00Z,1.6082872599679021,19.739
2025-11-10T00:00:00Z,1.6150872599679076,19.745
2025-11-10T00:10:00Z,1.6112595280962339,19.728
2025-11-10T00:20:00Z,1.61135952809623,19.672
2025-11-10T00:30:00Z,1.610959528096231,19.649
2025-11-10T00:40:00Z,1.612459528096231,19.608
2025-11-10T00:50:00Z,1.6145595280962297,19.567
2025-11-10T01:00:00Z,1.602931796224567,19.509
2025-11-10T01:10:00Z,1.6063317962245662,19.473
2025-11-10T01:20:00Z,1.6086317962245644,19.452
2025-11-10T01:30:00Z,1.6095317962245659,19.416
2025-11-10T01:40:00Z,1.610731796224563,19.404
2025-11-10T01:50:00Z,1.6112317962245655,19.367
2025-11-10T02:00:00Z,1.6102317962245607,19.338
2025-11-10T02:10:00Z,1.6086317962245644,19.324
2025-11-10T02:20:00Z,1.6087317962245606,19.319
2025-11-10T02:30:00Z,1.6109317962245626,19.333
2025-11-10T02:40:00Z,1.6061317962245667,19.179
2025-11-10T02:50:00Z,1.6141595280962306,19.189
2025-11-10T03:00:00Z,1.6136595280962283,19.183
2025-11-10T03:10:00Z,1.6153595280962278,19.136
2025-11-10T03:20:00Z,1.6143595280962302,19.161
2025-11-10T03:30:00Z,1.6068317962245615,19.153
2025-11-10T03:40:00Z,1.608531796224561,19.287
2025-11-10T03:50:00Z,1.6065317962245658,19.273
2025-11-10T04:00:00Z,1.6092595280962314,19.259
2025-11-10T04:10:00Z,1.610259528096229,19.236
2025-11-10T04:20:00Z,1.6097595280962338,19.184
2025-11-10T04:30:00Z,1.6079595280962309,19.1
2025-11-10T04:40:00Z,1.6092595280962314,19.105
2025-11-10T04:50:00Z,1.6149595280962288,19.083
2025-11-10T05:00:00Z,1.605531796224561,19.057
2025-11-10T05:10:00Z,1.6036317962245619,19.076
2025-11-10T05:20:00Z,1.6141595280962306,19.083
2025-11-10T05:30:00Z,1.6112595280962339,19.068
2025-11-10T05:40:00Z,1.610959528096231,19.055
2025-11-10T05:50:00Z,1.6141595280962306,19.073
2025-11-10T06:00:00Z,1.6130595280962297,19.096
2025-11-10T06:10:00Z,1.6023317962245613,19.14
2025-11-10T06:20:00Z,1.6052317962245652,19.163
2025-11-10T06:30:00Z,1.6132317962245608,19.2
2025-11-10T06:40:00Z,1.6067040643528898,19.212
2025-11-10T06:50:00Z,1.6106040643528914,19.257
2025-11-10T07:00:00Z,1.6082763324812177,19.299
2025-11-10T07:10:00Z,1.6103763324812164,19.238
2025-11-10T07:20:00Z,1.6092763324812154,19.236
2025-11-10T07:30:00Z,1.6095763324812182,19.243
2025-11-10T07:40:00Z,1.6088763324812163,19.205
2025-11-10T07:50:00Z,1.6082763324812177,19.187
2025-11-10T08:00:00Z,1.6182763324812157,19.191
2025-11-10T08:10:00Z,1.6063486006095502,19.235
2025-11-10T08:20:00Z,1.609648600609546,19.244
2025-11-10T08:30:00Z,1.6083486006095455,19.245
2025-11-10T08:40:00Z,1.6102486006095518,19.306
2025-11-10T08:50:00Z,1.6093486006095503,19.316
2025-11-10T09:00:00Z,1.6105486006095475,19.367
2025-11-10T09:10:00Z,1.6135486006095476,19.425
2025-11-10T09:20:00Z,1.6113486006095457,19.451
2025-11-10T09:30:00Z,1.6063486006095502,19.552
2025-11-10T09:40:00Z,1.6165763324812161,19.606
2025-11-10T09:50:00Z,1.6149763324812128,19.696
2025-11-10T10:00:00Z,1.6133763324812165,19.786
2025-11-10T10:10:00Z,1.6104763324812126,19.819
2025-11-10T10:20:00Z,1.6100763324812135,19.908
2025-11-10T10:30:00Z,1.6188040643528865,19.932
2025-11-10T10:40:00Z,1.6158040643528864,20.017
2025-11-10T10:50:00Z,1.6135040643528882,20.079
2025-11-10T11:00:00Z,1.6163040643528888,20.151
2025-11-10T11:10:00Z,1.6250317962245617,20.188
2025-11-10T11:20:00Z,1.6146317962245647,20.229
2025-11-10T11:30:00Z,1.6223595280962329,20.274
2025-11-10T11:40:00Z,1.612931796224565,20.264
2025-11-10T11:50:00Z,1.6212595280962319,20.248
2025-11-10T12:00:00Z,1.621659528096231,20.192
2025-11-10T12:10:00Z,1.6095595280962272,20.181
2025-11-10T12:20:00Z,1.612759528096234,20.226
2025-11-10T12:30:00Z,1.6175872599679053,20.308
2025-11-10T12:40:00Z,1.6061872599679035,20.366
2025-11-10T12:50:00Z,1.6117149918395768,20.411
2025-11-10T13:00:00Z,1.6158149918395779,20.509
2025-11-10T13:10:00Z,1.6110427237112503,20.539
2025-11-10T13:20:00Z,1.6117427237112523,20.569
2025-11-10T13:30:00Z,1.6184704555829228,20.605
2025-11-10T13:40:00Z,1.6077704555829229,20.593
2025-11-10T13:50:00Z,1.6192981874545964,20.595
2025-11-10T14:00:00Z,1.6237981874545966,20.608
2025-11-10T14:10:00Z,1.6117981874545961,20.665
2025-11-10T14:20:00Z,1.6245981874545947,20.638
2025-11-10T14:30:00Z,1.6176704555829176,20.521
2025-11-10T14:40:00Z,1.6213704555829196,20.492
2025-11-10T14:50:00Z,1.6137427237112547,20.489
2025-11-10T15:00:00Z,1.6114427237112494,20.544
2025-11-10T15:10:00Z,1.608342723711253,20.705
2025-11-10T15:20:00Z,1.6076427237112512,20.808
2025-11-10T15:30:00Z,1.6184704555829228,20.732
2025-11-10T15:40:00Z,1.615970455582918,20.732
2025-11-10T15:50:00Z,1.6130704555829212,20.743
2025-11-10T16:00:00Z,1.613370455582917,20.538
2025-11-10T16:10:00Z,1.607870455582919,20.17
2025-11-10T16:20:00Z,1.6101704555829173,20.174
2025-11-10T16:30:00Z,1.6097704555829182,20.29
2025-11-10T16:40:00Z,1.608570455582921,20.291
2025-11-10T16:50:00Z,1.6118704555829169,20.27
2025-11-10T17:00:00Z,1.612270455582923,20.235
2025-11-10T17:10:00Z,1.6099704555829177,20.193
2025-11-10T17:20:00Z,1.6084704555829177,20.19
2025-11-10T17:30:00Z,1.6119704555829202,20.162
2025-11-10T17:40:00Z,1.6141704555829222,20.146
2025-11-10T17:50:00Z,1.6140704555829188,20.14
2025-11-10T18:00:00Z,1.6154704555829227,20.13
2025-11-10T18:10:00Z,1.6063427237112506,20.125
2025-11-10T18:20:00Z,1.6132427237112523,20.12
2025-11-10T18:30:00Z,1.6104149918395763,20.117
2025-11-10T18:40:00Z,1.6065149918395818,20.109
2025-11-10T18:50:00Z,1.6098149918395777,20.099
2025-11-10T19:00:00Z,1.6096149918395781,20.088
2025-11-10T19:10:00Z,1.6038872599679053,20.054
2025-11-10T19:20:00Z,1.6106872599679036,19.962
2025-11-10T19:30:00Z,1.6079872599679064,19.923
2025-11-10T19:40:00Z,1.6063595280962275,19.792
2025-11-10T19:50:00Z,1.6018595280962273,19.564
2025-11-10T20:00:00Z,1.6068872599679054,19.573
2025-11-10T20:10:00Z,1.6062872599679068,19.556
2025-11-10T20:20:00Z,1.6084872599679017,19.49
2025-11-10T20:30:00Z,1.603787259967902,19.491
2025-11-10T20:40:00Z,1.6102872599679046,19.421
2025-11-10T20:50:00Z,1.600559528096234,19.381
2025-11-10T21:00:00Z,1.6007595280962335,19.404
2025-11-10T21:10:00Z,1.6012595280962287,19.392
2025-11-10T21:20:00Z,1.6112872599679022,19.351
2025-11-10T21:30:00Z,1.6113872599679055,19.347
2025-11-10T21:40:00Z,1.610087259967905,19.393
2025-11-10T21:50:00Z,1.6106872599679036,19.466
2025-11-10T22:00:00Z,1.6108872599679032,19.464
2025-11-10T22:10:00Z,1.6069872599679016,19.588
2025-11-10T22:20:00Z,1.6051872599679058,19.616
2025-11-10T22:30:00Z,1.6113149918395777,19.599
2025-11-10T22:40:00Z,1.61181499183958,19.618
2025-11-10T22:50:00Z,1.6063149918395823,19.648
2025-11-10T23:00:00Z,1.602514991839577,19.686
2025-11-10T23:10:00Z,1.602514991839577,19.702
2025-11-10T23:20:00Z,1.6005149918395816,19.692
2025-11-10T23:30:00Z,1.6020149918395816,19.664
2025-11-10T23:40:00Z,1.6045149918395794,19.63
2025-11-10T23:50:00Z,1.6079149918395785,19.606
2025-11-11T00:00:00Z,1.6061149918395756,19.561
2025-11-11T00:10:00Z,1.6112427237112499,19.463
2025-11-11T00:20:00Z,1.6109427237112541,19.424
2025-11-11T00:30:00Z,1.6070427237112526,19.409
2025-11-11T00:40:00Z,1.605342723711253,19.394
2025-11-11T00:50:00Z,1.603842723711253,19.35
2025-11-11T01:00:00Z,1.6034427237112538,19.315
2025-11-11T01:10:00Z,1.6096427237112536,19.313
2025-11-11T01:20:00Z,1.6010427237112523,19.302
2025-11-11T01:30:00Z,1.6069427237112492,19.283
2025-11-11T01:40:00Z,1.6050704555829185,19.311
2025-11-11T01:50:00Z,1.6065704555829186,19.301
2025-11-11T02:00:00Z,1.605670455582917,19.287
2025-11-11T02:10:00Z,1.608170455582922,19.251
2025-11-11T02:20:00Z,1.6047704555829228,19.228
2025-11-11T02:30:00Z,1.6038704555829213,19.258
2025-11-11T02:40:00Z,1.601570455582923,19.26
2025-11-11T02:50:00Z,1.6120981874545919,19.314
2025-11-11T03:00:00Z,1.6064981874545907,19.386
2025-11-11T03:10:00Z,1.6038981874545968,19.402
2025-11-11T03:20:00Z,1.6107259193262635,19.452
2025-11-11T03:30:00Z,1.6125259193262593,19.462
2025-11-11T03:40:00Z,1.6000981874545914,19.478
2025-11-11T03:50:00Z,1.6088259193262573,19.415
2025-11-11T04:00:00Z,1.6110259193262593,19.368
2025-11-11T04:10:00Z,1.610525919326264,19.291
2025-11-11T04:20:00Z,1.608725919326261,19.258
2025-11-11T04:30:00Z,1.6078259193262596,19.251
2025-11-11T04:40:00Z,1.60762591932626,19.216
2025-11-11T04:50:00Z,1.6059259193262605,19.179
2025-11-11T05:00:00Z,1.6080259193262592,19.084
2025-11-11T05:10:00Z,1.6089259193262606,19.049
2025-11-11T05:20:00Z,1.6075981874545917,18.985
2025-11-11T05:30:00Z,1.6115981874545966,18.953
2025-11-11T05:40:00Z,1.5993704555829211,18.843
2025-11-11T05:50:00Z,1.6088981874545922,18.876
2025-11-11T06:00:00Z,1.609898187454597,19
2025-11-11T06:10:00Z,1.601170455582917,19.195
2025-11-11T06:20:00Z,1.6027704555829203,19.202
2025-11-11T06:30:00Z,1.605670455582917,19.294
2025-11-11T06:40:00Z,1.6109704555829225,19.352
2025-11-11T06:50:00Z,1.601642723711251,19.379
2025-11-11T07:00:00Z,1.60354272371125,19.386
2025-11-11T07:10:00Z,1.605742723711252,19.365
2025-11-11T07:20:00Z,1.610142723711256,19.371
2025-11-11T07:30:00Z,1.6049149918395784,19.398
2025-11-11T07:40:00Z,1.6032872599679067,19.425
2025-11-11T07:50:00Z,1.6055872599679049,19.48
2025-11-11T08:00:00Z,1.606387259967903,19.428
2025-11-11T08:10:00Z,1.608987259967904,19.422
2025-11-11T08:20:00Z,1.6097872599679022,19.485
2025-11-11T08:30:00Z,1.611659528096233,19.565
2025-11-11T08:40:00Z,1.6044595280962284,19.463
2025-11-11T08:50:00Z,1.6080595280962342,19.44
2025-11-11T09:00:00Z,1.6028595280962321,19.506
2025-11-11T09:10:00Z,1.611587259967905,19.59
2025-11-11T09:20:00Z,1.6136872599679037,19.675
2025-11-11T09:30:00Z,1.6021595280962302,19.758
2025-11-11T09:40:00Z,1.6056595280962327,19.839
2025-11-11T09:50:00Z,1.6034595280962307,19.911
2025-11-11T10:00:00Z,1.6060595280962318,19.938
2025-11-11T10:10:00Z,1.6149872599679043,19.991
2025-11-11T10:20:00Z,1.6095872599679026,20.025
2025-11-11T10:30:00Z,1.611014991839582,20.022
2025-11-11T10:40:00Z,1.6080149918395819,20.036
2025-11-11T10:50:00Z,1.6089149918395762,20.03
2025-11-11T11:00:00Z,1.6139149918395788,20.054
2025-11-11T11:10:00Z,1.6099872599679017,20.108
2025-11-11T11:20:00Z,1.609387259967903,20.11
2025-11-11T11:30:00Z,1.6099872599679017,20.103
2025-11-11T11:40:00Z,1.6057149918395766,20.096
2025-11-11T11:50:00Z,1.615570455582919,20.135
2025-11-11T12:00:00Z,1.6112704555829183,20.139
2025-11-11T12:10:00Z,1.605270455582918,20.13
2025-11-11T12:20:00Z,1.609898187454597,20.181
2025-11-11T12:30:00Z,1.6145259193262618,20.158
2025-11-11T12:40:00Z,1.6176536511979407,20.167
2025-11-11T12:50:00Z,1.6110536511979419,20.16
2025-11-11T13:00:00Z,1.6196536511979431,20.185
2025-11-11T13:10:00Z,1.6093259193262597,20.238
2025-11-11T13:20:00Z,1.6060259193262638,20.267
2025-11-11T13:30:00Z,1.6075259193262639,20.257
2025-11-11T13:40:00Z,1.6128536511979448,20.291
2025-11-11T13:50:00Z,1.6071536511979403,20.334
2025-11-11T14:00:00Z,1.6056536511979402,20.396
2025-11-11T14:10:00Z,1.6116813830696017,20.392
2025-11-11T14:20:00Z,1.6115091149412848,20.423
2025-11-11T14:30:00Z,1.613409114941284,20.446
2025-11-11T14:40:00Z,1.613109114941281,20.477
2025-11-11T14:50:00Z,1.6081813830695992,20.508
2025-11-11T15:00:00Z,1.6053536511979445,20.479
2025-11-11T15:10:00Z,1.6146536511979406,20.441
2025-11-11T15:20:00Z,1.6064536511979384,20.422
2025-11-11T15:30:00Z,1.6013536511979396,20.389
2025-11-11T15:40:00Z,1.6063813830696034,20.375
2025-11-11T15:50:00Z,1.6106091149412833,20.337
2025-11-11T16:00:00Z,1.6151091149412835,20.341
2025-11-11T16:10:00Z,1.6109813830695998,20.338
2025-11-11T16:20:00Z,1.6094536511979385,20.327
2025-11-11T16:30:00Z,1.6086536511979403,20.317
2025-11-11T16:40:00Z,1.6118813830696013,20.29
2025-11-11T16:50:00Z,1.6107813830696003,20.209
2025-11-11T17:00:00Z,1.608481383069602,20.191
2025-11-11T17:10:00Z,1.6133813830696013,20.201
2025-11-11T17:20:00Z,1.6069536511979408,20.199
2025-11-11T17:30:00Z,1.600753651197941,20.193
2025-11-11T17:40:00Z,1.6082536511979413,20.088
2025-11-11T17:50:00Z,1.6061536511979426,19.981
2025-11-11T18:00:00Z,1.6030536511979392,19.921
2025-11-11T18:10:00Z,1.6118813830696013,19.897
2025-11-11T18:20:00Z,1.59965365119794,19.831
2025-11-11T18:30:00Z,1.6071813830696016,19.836
2025-11-11T18:40:00Z,1.608081383069603,19.858
2025-11-11T18:50:00Z,1.607681383069604,19.882
2025-11-11T19:00:00Z,1.6051813830695991,19.852
2025-11-11T19:10:00Z,1.6107813830696003,19.828
2025-11-11T19:20:00Z,1.6049813830695996,19.815
2025-11-11T19:30:00Z,1.5985813830696003,19.807
2025-11-11T19:40:00Z,1.5989813830695994,19.796
2025-11-11T19:50:00Z,1.6013813830696009,19.786
2025-11-11T20:00:00Z,1.6071813830696016,19.772
2025-11-11T20:10:00Z,1.6071813830696016,19.764
2025-11-11T20:20:00Z,1.608481383069602,19.741
2025-11-11T20:30:00Z,1.6013536511979396,19.711
2025-11-11T20:40:00Z,1.6010536511979439,19.671
2025-11-11T20:50:00Z,1.601081383069598,19.644
2025-11-11T21:00:00Z,1.6048813830696034,19.635
2025-11-11T21:10:00Z,1.6017536511979387,19.578
2025-11-11T21:20:00Z,1.6057536511979436,19.5
2025-11-11T21:30:00Z,1.604453651197943,19.434
2025-11-11T21:40:00Z,1.6076536511979427,19.454
2025-11-11T21:50:00Z,1.6031536511979425,19.43
2025-11-11T22:00:00Z,1.6034536511979383,19.407
2025-11-11T22:10:00Z,1.5977536511979409,19.363
2025-11-11T22:20:00Z,1.605081383069603,19.344
2025-11-11T22:30:00Z,1.6045813830696005,19.308
2025-11-11T22:40:00Z,1.6013813830696009,19.273
2025-11-11T22:50:00Z,1.602181383069599,19.255
2025-11-11T23:00:00Z,1.6045813830696005,19.212
2025-11-11T23:10:00Z,1.6097813830696026,19.209
2025-11-11T23:20:00Z,1.6081813830695992,19.191
2025-11-11T23:30:00Z,1.6098813830695988,19.175
2025-11-11T23:40:00Z,1.5991536511979447,19.156
2025-11-11T23:50:00Z,1.6031536511979425,19.147
2025-11-12T00:00:00Z,1.5979536511979404,19.139
2025-11-12T00:10:00Z,1.609181383069604,19.091
2025-11-12T00:20:00Z,1.6083813830695988,19.054
2025-11-12T00:30:00Z,1.606181383069604,19.044
2025-11-12T00:40:00Z,1.5990813830696027,19.002
2025-11-12T00:50:00Z,1.6062091149412794,18.982
2025-11-12T01:00:00Z,1.6004813830695994,18.971
2025-11-12T01:10:00Z,1.6038813830695986,18.967
2025-11-12T01:20:00Z,1.5974536511979451,18.933
2025-11-12T01:30:00Z,1.6010536511979439,18.884
2025-11-12T01:40:00Z,1.6001536511979424,18.97
2025-11-12T01:50:00Z,1.5976536511979447,19.009
2025-11-12T02:00:00Z,1.5981813830696012,19.036
2025-11-12T02:10:00Z,1.6081091149412856,18.985
2025-11-12T02:20:00Z,1.6082091149412818,18.973
2025-11-12T02:30:00Z,1.6083091149412851,18.95
2025-11-12T02:40:00Z,1.6048813830696034,19.014
2025-11-12T02:50:00Z,1.6023536511979444,19.083
2025-11-12T03:00:00Z,1.5987536511979386,19.093
2025-11-12T03:10:00Z,1.6030536511979392,19.041
2025-11-12T03:20:00Z,1.5994536511979405,19.007
2025-11-12T03:30:00Z,1.6071813830696016,18.954
2025-11-12T03:40:00Z,1.6078813830696035,18.945
2025-11-12T03:50:00Z,1.6049813830695996,18.942
2025-11-12T04:00:00Z,1.6042813830696048,18.914
2025-11-12T04:10:00Z,1.6014813830696042,18.856
2025-11-12T04:20:00Z,1.6063813830696034,18.821
2025-11-12T04:30:00Z,1.5974536511979451,18.823
2025-11-12T04:40:00Z,1.6002536511979386,18.848
2025-11-12T04:50:00Z,1.6047536511979388,18.882
2025-11-12T05:00:00Z,1.5985259193262635,18.908
2025-11-12T05:10:00Z,1.6043536511979397,18.921
2025-11-12T05:20:00Z,1.5974536511979451,18.911
2025-11-12T05:30:00Z,1.5989536511979452,18.91
2025-11-12T05:40:00Z,1.6096813830695993,18.887
2025-11-12T05:50:00Z,1.6002536511979386,18.846
2025-11-12T06:00:00Z,1.594453651197945,18.85
2025-11-12T06:10:00Z,1.5957536511979384,18.854
2025-11-12T06:20:00Z,1.6006536511979448,18.843
2025-11-12T06:30:00Z,1.6056536511979402,18.856
2025-11-12T06:40:00Z,1.6044813830696043,18.822
2025-11-12T06:50:00Z,1.594625919326262,18.834
2025-11-12T07:00:00Z,1.5953536511979394,18.883
2025-11-12T07:10:00Z,1.6031536511979425,18.908
2025-11-12T07:20:00Z,1.5918259193262614,18.919
2025-11-12T07:30:00Z,1.6041981874545925,18.965
2025-11-12T07:40:00Z,1.5953704555829162,18.941
2025-11-12T07:50:00Z,1.5989427237112537,18.899
2025-11-12T08:00:00Z,1.5998149918395796,18.846
2025-11-12T08:10:00Z,1.6020149918395816,18.836
2025-11-12T08:20:00Z,1.5991427237112532,18.832
2025-11-12T08:30:00Z,1.5963427237112526,18.865
2025-11-12T08:40:00Z,1.5944427237112535,18.91
2025-11-12T08:50:00Z,1.5951427237112554,18.975
2025-11-12T09:00:00Z,1.594642723711253,19.013
2025-11-12T09:10:00Z,1.5991427237112532,19.081
2025-11-12T09:20:00Z,1.5912149918395784,19.131
2025-11-12T09:30:00Z,1.6008427237112528,19.16
2025-11-12T09:40:00Z,1.6040427237112524,19.173
2025-11-12T09:50:00Z,1.6037149918395812,19.167
2025-11-12T10:00:00Z,1.5969149918395757,19.159
2025-11-12T10:10:00Z,1.591187259967903,19.117
2025-11-12T10:20:00Z,1.592914991839578,19.151
2025-11-12T10:30:00Z,1.5966427237112555,19.193
2025-11-12T10:40:00Z,1.5985427237112546,19.246
2025-11-12T10:50:00Z,1.6012704555829202,19.299
2025-11-12T11:00:00Z,1.5947427237112493,19.346
2025-11-12T11:10:00Z,1.591642723711253,19.386
2025-11-12T11:20:00Z,1.6023427237112529,19.417
2025-11-12T11:30:00Z,1.5968149918395795,19.439
2025-11-12T11:40:00Z,1.5929427237112534,19.454
2025-11-12T11:50:00Z,1.5935704555829204,19.456
2025-11-12T12:00:00Z,1.5949981874545927,19.515
2025-11-12T12:10:00Z,1.6010259193262613,19.541
2025-11-12T12:20:00Z,1.6034536511979383,19.564
2025-11-12T12:30:00Z,1.6018813830696033,19.598
2025-11-12T12:40:00Z,1.6019091149412858,19.623
2025-11-12T12:50:00Z,1.5933091149412846,19.651
2025-11-12T13:00:00Z,1.593681383069601,19.677
2025-11-12T13:10:00Z,1.5970091149412795,19.724
2025-11-12T13:20:00Z,1.6045091149412798,19.77
2025-11-12T13:30:00Z,1.5997813830696046,19.844
2025-11-12T13:40:00Z,1.5908813830696005,19.901
2025-11-12T13:50:00Z,1.603409114941286,19.935
2025-11-12T14:00:00Z,1.6008091149412849,19.921
2025-11-12T14:10:00Z,1.5924813830696039,19.858
2025-11-12T14:20:00Z,1.5980091149412843,19.897
2025-11-12T14:30:00Z,1.604136846812949,19.909
2025-11-12T14:40:00Z,1.597836846812946,19.927
2025-11-12T14:50:00Z,1.601536846812948,19.913
2025-11-12T15:00:00Z,1.6006368468129466,19.964
2025-11-12T15:10:00Z,1.5965368468129526,19.994
2025-11-12T15:20:00Z,1.5982368468129522,19.953
2025-11-12T15:30:00Z,1.5975368468129503,19.887
2025-11-12T15:40:00Z,1.5991368468129465,19.877
2025-11-12T15:50:00Z,1.5939368468129516,19.947
2025-11-12T16:00:00Z,1.6003645786846263,19.92
2025-11-12T16:10:00Z,1.6030645786846236,19.885
2025-11-12T16:20:00Z,1.597436846812947,19.872
2025-11-12T16:30:00Z,1.601836846812951,19.861
2025-11-12T16:40:00Z,1.6030368468129481,19.847
2025-11-12T16:50:00Z,1.5994368468129494,19.809
2025-11-12T17:00:00Z,1.596336846812953,19.758
2025-11-12T17:10:00Z,1.5967368468129521,19.731
2025-11-12T17:20:00Z,1.5929368468129468,19.695
2025-11-12T17:30:00Z,1.6056645786846246,19.674
2025-11-12T17:40:00Z,1.5970368468129479,19.628
2025-11-12T17:50:00Z,1.6034368468129472,19.613
2025-11-12T18:00:00Z,1.6017091149412792,19.653
2025-11-12T18:10:00Z,1.6050091149412822,19.64
2025-11-12T18:20:00Z,1.5955813830696002,19.64
2025-11-12T18:30:00Z,1.5929813830695991,19.639
2025-11-12T18:40:00Z,1.6065091149412822,19.661
2025-11-12T18:50:00Z,1.605309114941285,19.668
2025-11-12T19:00:00Z,1.603109114941283,19.604
2025-11-12T19:10:00Z,1.5952813830696044,19.592
2025-11-12T19:20:00Z,1.6043091149412803,19.589
2025-11-12T19:30:00Z,1.598081383069605,19.583
2025-11-12T19:40:00Z,1.5996813830696013,19.573
2025-11-12T19:50:00Z,1.6003813830696032,19.558
2025-11-12T20:00:00Z,1.6017813830696,19.529
2025-11-12T20:10:00Z,1.5938536511979393,19.502
2025-11-12T20:20:00Z,1.5994536511979405,19.466
2025-11-12T20:30:00Z,1.5968536511979394,19.43
2025-11-12T20:40:00Z,1.5958536511979418,19.4
2025-11-12T20:50:00Z,1.6032536511979387,19.369
2025-11-12T21:00:00Z,1.6049536511979383,19.335
2025-11-12T21:10:00Z,1.5918259193262614,19.297
2025-11-12T21:20:00Z,1.5951259193262572,19.272
2025-11-12T21:30:00Z,1.5949259193262577,19.229
2025-11-12T21:40:00Z,1.5998536511979395,19.216
2025-11-12T21:50:00Z,1.5957536511979384,19.208
2025-11-12T22:00:00Z,1.5974536511979451,19.16
2025-11-12T22:10:00Z,1.5962536511979408,19.133
2025-11-12T22:20:00Z,1.598553651197939,19.146
2025-11-12T22:30:00Z,1.5971536511979423,19.131
2025-11-12T22:40:00Z,1.5939536511979426,19.126
2025-11-12T22:50:00Z,1.5925536511979388,19.099
2025-11-12T23:00:00Z,1.602581383069598,19.111
2025-11-12T23:10:00Z,1.5939536511979426,19.133
2025-11-12T23:20:00Z,1.6017813830696,19.144
2025-11-12T23:30:00Z,1.595881383069603,19.155
2025-11-12T23:40:00Z,1.5957813830695997,19.143
2025-11-12T23:50:00Z,1.5956813830696035,19.138
2025-11-13T00:00:00Z,1.5956813830696035,19.112
2025-11-13T00:10:00Z,1.5953813830696006,19.097
2025-11-13T00:20:00Z,1.5930813830696025,19.111
2025-11-13T00:30:00Z,1.5966813830696012,19.091
2025-11-13T00:40:00Z,1.602309114941285,19.067
2025-11-13T00:50:00Z,1.5925813830696,19.027
2025-11-13T01:00:00Z,1.600109114941283,18.992
2025-11-13T01:10:00Z,1.602009114941282,18.945
2025-11-13T01:20:00Z,1.5976091149412852,18.883
2025-11-13T01:30:00Z,1.5935091149412841,18.885
2025-11-13T01:40:00Z,1.5999368468129518,18.848
2025-11-13T01:50:00Z,1.5920368468129524,18.812
2025-11-13T02:00:00Z,1.6021645786846221,18.791
2025-11-13T02:10:00Z,1.5997645786846206,18.784
2025-11-13T02:20:00Z,1.5977645786846253,18.742
2025-11-13T02:30:00Z,1.6000645786846235,18.704
2025-11-13T02:40:00Z,1.5963645786846214,18.661
2025-11-13T02:50:00Z,1.5973645786846262,18.636
2025-11-13T03:00:00Z,1.594364578684626,18.611
2025-11-13T03:10:00Z,1.5944645786846223,18.595
2025-11-13T03:20:00Z,1.5922645786846203,18.573
2025-11-13T03:30:00Z,1.6026923105563,18.557
2025-11-13T03:40:00Z,1.5990645786846258,18.544
2025-11-13T03:50:00Z,1.5923645786846237,18.536
2025-11-13T04:00:00Z,1.598592310556299,18.491
2025-11-13T04:10:00Z,1.5997923105562961,18.497
2025-11-13T04:20:00Z,1.597192310556295,18.499
2025-11-13T04:30:00Z,1.5996923105563,18.48
2025-11-13T04:40:00Z,1.6018923105562948,18.46
2025-11-13T04:50:00Z,1.5997923105562961,18.446
2025-11-13T05:00:00Z,1.6035923105562944,18.463
2025-11-13T05:10:00Z,1.6027645786846207,18.479
2025-11-13T05:20:00Z,1.591136846812951,18.457
2025-11-13T05:30:00Z,1.594836846812953,18.466
2025-11-13T05:40:00Z,1.597836846812946,18.479
2025-11-13T05:50:00Z,1.5921091149412803,18.482
2025-11-13T06:00:00Z,1.5949091149412808,18.479
2025-11-13T06:10:00Z,1.5978091149412847,18.488
2025-11-13T06:20:00Z,1.5965091149412842,18.497
2025-11-13T06:30:00Z,1.6024091149412811,18.51
2025-11-13T06:40:00Z,1.595481383069604,18.543
2025-11-13T06:50:00Z,1.6010091149412844,18.537
2025-11-13T07:00:00Z,1.5970813830696002,18.561
2025-11-13T07:10:00Z,1.5934813830696015,18.582
2025-11-13T07:20:00Z,1.5994813830696017,18.577
2025-11-13T07:30:00Z,1.5922813830696043,18.593
2025-11-13T07:40:00Z,1.5963536511979441,18.627
2025-11-13T07:50:00Z,1.5986536511979423,18.663
2025-11-13T08:00:00Z,1.5940536511979388,18.678
2025-11-13T08:10:00Z,1.594853651197944,18.698
2025-11-13T08:20:00Z,1.5958536511979418,18.72
2025-11-13T08:30:00Z,1.5947536511979408,18.724
2025-11-13T08:40:00Z,1.5910536511979387,18.753
2025-11-13T08:50:00Z,1.6014813830696042,18.803
2025-11-13T09:00:00Z,1.6031813830696038,18.79
2025-11-13T09:10:00Z,1.605081383069603,18.868
2025-11-13T09:20:00Z,1.5987813830695998,18.939
2025-11-13T09:30:00Z,1.5923813830696005,18.99
2025-11-13T09:40:00Z,1.6014813830696042,19.071
2025-11-13T09:50:00Z,1.592253651197943,19.019
2025-11-13T10:00:00Z,1.5931536511979445,19.113
2025-11-13T10:10:00Z,1.5930536511979412,19.221
2025-11-13T10:20:00Z,1.5942536511979384,19.246
2025-11-13T10:30:00Z,1.5972536511979385,19.261
2025-11-13T10:40:00Z,1.5945536511979412,19.29
2025-11-13T10:50:00Z,1.6042813830696048,19.322
2025-11-13T11:00:00Z,1.5975813830696026,19.326
2025-11-13T11:10:00Z,1.598481383069604,19.356
2025-11-13T11:20:00Z,1.5893813830696004,19.38
2025-11-13T11:30:00Z,1.5926091149412827,19.46
2025-11-13T11:40:00Z,1.601136846812949,19.482
2025-11-13T11:50:00Z,1.5892368468129519,19.475
2025-11-13T12:00:00Z,1.5915645786846255,19.462
2025-11-13T12:10:00Z,1.6049923105562982,19.445
2025-11-13T12:20:00Z,1.587664578684624,19.376
2025-11-13T12:30:00Z,1.5949923105563002,19.368
2025-11-13T12:40:00Z,1.5914923105562977,19.377
2025-11-13T12:50:00Z,1.5980200424279616,19.415
2025-11-13T13:00:00Z,1.5896923105562948,19.416
2025-11-13T13:10:00Z,1.5943200424279667,19.394
2025-11-13T13:20:00Z,1.5955200424279639,19.372
2025-11-13T13:30:00Z,1.584520042427961,19.348
2025-11-13T13:40:00Z,1.5936477742996402,19.393
2025-11-13T13:50:00Z,1.5955755061713148,19.372
2025-11-13T14:00:00Z,1.595975506171314,19.423
2025-11-13T14:10:00Z,1.590475506171316,19.477
2025-11-13T14:20:00Z,1.594003238042987,19.483
2025-11-13T14:30:00Z,1.6047755061713147,19.474
2025-11-13T14:40:00Z,1.598747774299639,19.453
2025-11-13T14:50:00Z,1.5873477742996371,19.431
2025-11-13T15:00:00Z,1.595447774299636,19.411
2025-11-13T15:10:00Z,1.588047774299639,19.373
2025-11-13T15:20:00Z,1.5905755061713123,19.323
2025-11-13T15:30:00Z,1.5885755061713098,19.349
2025-11-13T15:40:00Z,1.5909755061713113,19.311
2025-11-13T15:50:00Z,1.6010032380429848,19.285
2025-11-13T16:00:00Z,1.6033755061713109,19.261
2025-11-13T16:10:00Z,1.5902200424279656,19.219
2025-11-13T16:20:00Z,1.616375506171309,19.242
2025-11-13T16:30:00Z,1.6257755061713155,19.225
2025-11-13T16:40:00Z,1.6339477742996351,19.239
2025-11-13T16:50:00Z,1.646847774299637,19.238
2025-11-13T17:00:00Z,1.6378923105562961,19.227
2025-11-13T17:10:00Z,1.6561477742996402,19.184
2025-11-13T17:20:00Z,1.6573477742996374,19.192
2025-11-13T17:30:00Z,1.6708032380429856,19.199
2025-11-13T17:40:00Z,1.675403238042989,19.191
2025-11-13T17:50:00Z,1.6689755061713143,19.197
2025-11-13T18:00:00Z,1.6621477742996404,19.077
2025-11-13T18:10:00Z,1.6666477742996406,19.054
2025-11-13T18:20:00Z,1.6702477742996393,19.011
2025-11-13T18:30:00Z,1.6637477742996367,18.978
2025-11-13T18:40:00Z,1.6635477742996372,18.975
2025-11-13T18:50:00Z,1.6621477742996404,18.974
2025-11-13T19:00:00Z,1.6639477742996363,18.953
2025-11-13T19:10:00Z,1.6620477742996371,18.948
2025-11-13T19:20:00Z,1.6643477742996353,18.952
2025-11-13T19:30:00Z,1.6620477742996371,18.951
2025-11-13T19:40:00Z,1.6670477742996397,18.917
2025-11-13T19:50:00Z,1.6661477742996382,18.936
2025-11-13T20:00:00Z,1.6632477742996414,18.942
2025-11-13T20:10:00Z,1.6628477742996353,19.054
2025-11-13T20:20:00Z,1.6676477742996383,19.04
2025-11-13T20:30:00Z,1.664547774299642,19.038
2025-11-13T20:40:00Z,1.6558477742996374,19.015
2025-11-13T20:50:00Z,1.6602755061713097,19.016
2025-11-13T21:00:00Z,1.661075506171315,19.024
2025-11-13T21:10:00Z,1.655175506171311,19.028
2025-11-13T21:20:00Z,1.65707550617131,19.02
2025-11-13T21:30:00Z,1.657775506171312,19.002
2025-11-13T21:40:00Z,1.6622755061713121,18.974
2025-11-13T21:50:00Z,1.6624755061713117,18.97
2025-11-13T22:00:00Z,1.6623032380429876,18.931
2025-11-13T22:10:00Z,1.6605032380429847,18.908
2025-11-13T22:20:00Z,1.6533032380429873,18.894
2025-11-13T22:30:00Z,1.6518032380429872,18.909
2025-11-13T22:40:00Z,1.6589309699146568,18.904
2025-11-13T22:50:00Z,1.6537309699146547,18.884
2025-11-13T23:00:00Z,1.659503238042987,18.874
2025-11-13T23:10:00Z,1.6639755061713117,18.867
2025-11-13T23:20:00Z,1.6647755061713099,18.888
2025-11-13T23:30:00Z,1.6783032380429859,18.874
2025-11-13T23:40:00Z,1.672403238042989,18.847
2025-11-13T23:50:00Z,1.6907309699146538,18.86
2025-11-14T00:00:00Z,1.699330969914655,18.879
2025-11-14T00:10:00Z,1.6990309699146522,18.881
2025-11-14T00:20:00Z,1.729630969914652,18.903
2025-11-14T00:30:00Z,1.7536587017863283,18.903
2025-11-14T00:40:00Z,1.7654587017863292,18.892
2025-11-14T00:50:00Z,1.7778864336579971,18.877
2025-11-14T01:00:00Z,1.7845864336579922,18.856
2025-11-14T01:10:00Z,1.7901864336579933,18.831
2025-11-14T01:20:00Z,1.798586433657995,18.809
2025-11-14T01:30:00Z,1.8137141655296745,18.801
2025-11-14T01:40:00Z,1.8230141655296777,18.8
2025-11-14T01:50:00Z,1.8419141655296727,18.798
2025-11-14T02:00:00Z,1.857214165529676,18.799
2025-11-14T02:10:00Z,1.8902141655296774,18.795
2025-11-14T02:20:00Z,1.9201141655296752,18.796
2025-11-14T02:30:00Z,1.9409141655296764,18.785
2025-11-14T02:40:00Z,1.960714165529673,18.759
2025-11-14T02:50:00Z,1.9775141655296764,18.723
2025-11-14T03:00:00Z,1.990314165529675,18.682
2025-11-14T03:10:00Z,2.0141418974013447,18.628
2025-11-14T03:20:00Z,2.0285418974013396,18.665
2025-11-14T03:30:00Z,2.054541897401343,18.682
2025-11-14T03:40:00Z,2.062114165529678,18.606
2025-11-14T03:50:00Z,2.117341897401346,18.723
2025-11-14T04:00:00Z,2.1624418974013437,18.764
2025-11-14T04:10:00Z,2.193241897401343,18.752
2025-11-14T04:20:00Z,2.1968141655296733,18.759
2025-11-14T04:30:00Z,2.204114165529674,18.754
2025-11-14T04:40:00Z,2.213241897401339,18.737
2025-11-14T04:50:00Z,2.2083141655296785,18.559
2025-11-14T05:00:00Z,2.2135141655296735,18.636
2025-11-14T05:10:00Z,2.230941897401344,18.653
2025-11-14T05:20:00Z,2.248041897401343,18.565
2025-11-14T05:30:00Z,2.2674418974013406,18.544
2025-11-14T05:40:00Z,2.274314165529674,18.597
2025-11-14T05:50:00Z,2.2668141655296736,18.611
2025-11-14T06:00:00Z,2.2857141655296758,18.643
2025-11-14T06:10:00Z,2.299914165529678,18.596
2025-11-14T06:20:00Z,2.3125141655296773,18.565
2025-11-14T06:30:00Z,2.3106864336579918,18.534
2025-11-14T06:40:00Z,2.326286433657991,18.526
2025-11-14T06:50:00Z,2.3298587017863284,18.511
2025-11-14T07:00:00Z,2.3361587017863243,18.491
2025-11-14T07:10:00Z,2.3505587017863263,18.556
2025-11-14T07:20:00Z,2.3559309699146525,18.589
2025-11-14T07:30:00Z,2.354803238042983,18.572
2025-11-14T07:40:00Z,2.3552032380429893,18.564
2025-11-14T07:50:00Z,2.358503238042985,18.534
2025-11-14T08:00:00Z,2.351175506171316,18.568
2025-11-14T08:10:00Z,2.353075506171315,18.563
2025-11-14T08:20:00Z,2.3460477742996417,18.567
2025-11-14T08:30:00Z,2.3445477742996417,18.572
2025-11-14T08:40:00Z,2.3362200424279678,18.587
2025-11-14T08:50:00Z,2.336647774299635,18.61
2025-11-14T09:00:00Z,2.338047774299639,18.631
2025-11-14T09:10:00Z,2.331120042427962,18.635
2025-11-14T09:20:00Z,2.3352477742996385,18.624
2025-11-14T09:30:00Z,2.3290477742996387,18.636
2025-11-14T09:40:00Z,2.3296477742996373,18.663
2025-11-14T09:50:00Z,2.3177200424279647,18.666
2025-11-14T10:00:00Z,2.3147200424279646,18.683
2025-11-14T10:10:00Z,2.311520042427965,18.717
2025-11-14T10:20:00Z,2.3047200424279666,18.737
2025-11-14T10:30:00Z,2.3038477742996406,18.741
2025-11-14T10:40:00Z,2.3022477742996372,18.75
2025-11-14T10:50:00Z,2.29654777429964,18.771
2025-11-14T11:00:00Z,2.2930477742996374,18.785
2025-11-14T11:10:00Z,2.287047774299637,18.783
2025-11-14T11:20:00Z,2.2835477742996417,18.79
2025-11-14T11:30:00Z,2.2874755061713117,18.712
2025-11-14T11:40:00Z,2.2825755061713124,18.709
2025-11-14T11:50:00Z,2.277175506171311,18.717
2025-11-14T12:00:00Z,2.273175506171313,18.729
2025-11-14T12:10:00Z,2.279603238042988,18.74
2025-11-14T12:20:00Z,2.271903238042988,18.759
2025-11-14T12:30:00Z,2.26340323804299,18.776
2025-11-14T12:40:00Z,2.26703096991465,18.779
2025-11-14T12:50:00Z,2.25933096991465,18.794
2025-11-14T13:00:00Z,2.2542309699146514,18.797
2025-11-14T13:10:00Z,2.2510587017863273,18.803
2025-11-14T13:20:00Z,2.2456587017863257,18.817
2025-11-14T13:30:00Z,2.242458701786326,18.841
2025-11-14T13:40:00Z,2.24065870178633,18.858
2025-11-14T13:50:00Z,2.244886433657996,18.864
2025-11-14T14:00:00Z,2.2424864336579944,18.866
2025-11-14T14:10:00Z,2.237586433657995,18.85
2025-11-14T14:20:00Z,2.238586433657993,18.847
2025-11-14T14:30:00Z,2.234586433657995,18.853
2025-11-14T14:40:00Z,2.227886433657993,18.858
2025-11-14T14:50:00Z,2.229086433657997,18.87
2025-11-14T15:00:00Z,2.229086433657997,18.878
2025-11-14T15:10:00Z,NA,18.871
2025-11-14T15:20:00Z,2.2262864336579966,18.874
2025-11-14T15:30:00Z,2.2126587017863244,18.86
2025-11-14T15:40:00Z,2.212558701786328,18.87
2025-11-14T15:50:00Z,2.2105587017863257,18.848
2025-11-14T16:00:00Z,2.2071587017863266,18.818
2025-11-14T16:10:00Z,2.2038587017863307,18.825
2025-11-14T16:20:00Z,2.2114864336579956,18.814
2025-11-14T16:30:00Z,2.2061864336579973,18.802
2025-11-14T16:40:00Z,2.201986433657993,18.687
2025-11-14T16:50:00Z,2.200586433657996,18.711
2025-11-14T17:00:00Z,2.2010864336579914,18.7
2025-11-14T17:10:00Z,2.192558701786325,18.701
2025-11-14T17:20:00Z,2.1981864336579946,18.662
2025-11-14T17:30:00Z,2.199386433657992,18.637
2025-11-14T17:40:00Z,2.196086433657996,18.659
2025-11-14T17:50:00Z,2.1889864336579947,18.641
2025-11-14T18:00:00Z,2.1896864336579966,18.637
2025-11-14T18:10:00Z,2.185086433657993,18.623
2025-11-14T18:20:00Z,2.1911864336579967,18.635
2025-11-14T18:30:00Z,2.1902864336579952,18.619
2025-11-14T18:40:00Z,2.1870864336579956,18.612
2025-11-14T18:50:00Z,2.176958701786326,18.644
2025-11-14T19:00:00Z,2.184586433657998,18.698
2025-11-14T19:10:00Z,2.182486433657992,18.694
2025-11-14T19:20:00Z,2.1785864336579976,18.69
2025-11-14T19:30:00Z,2.1778864336579957,18.693
2025-11-14T19:40:00Z,2.1807864336579925,18.701
2025-11-14T19:50:00Z,2.173258701786331,18.714
2025-11-14T20:00:00Z,2.174358701786325,18.721
2025-11-14T20:10:00Z,2.1716587017863276,18.719
2025-11-14T20:20:00Z,2.1748587017863272,18.729
2025-11-14T20:30:00Z,2.1748587017863272,18.736
2025-11-14T20:40:00Z,2.1763587017863273,18.743
2025-11-14T20:50:00Z,2.1778587017863273,18.722
2025-11-14T21:00:00Z,2.182458701786331,18.716
2025-11-14T21:10:00Z,2.190658701786326,18.714
2025-11-14T21:20:00Z,2.1937587017863294,18.697
2025-11-14T21:30:00Z,2.2016587017863287,18.691
2025-11-14T21:40:00Z,2.2150864336579943,18.694
2025-11-14T21:50:00Z,2.2228864336579974,18.681
2025-11-14T22:00:00Z,2.223186433657993,18.689
2025-11-14T22:10:00Z,2.2225864336579946,18.701
2025-11-14T22:20:00Z,2.2240864336579946,18.697
2025-11-14T22:30:00Z,2.227886433657993,18.703
2025-11-14T22:40:00Z,2.235114165529673,18.722
2025-11-14T22:50:00Z,2.239914165529676,18.71
2025-11-14T23:00:00Z,2.244714165529679,18.712
2025-11-14T23:10:00Z,2.239914165529676,18.733
2025-11-14T23:20:00Z,2.2387141655296787,18.753
2025-11-14T23:30:00Z,2.2375141655296744,18.761
2025-11-14T23:40:00Z,2.2440418974013454,18.71
2025-11-14T23:50:00Z,2.2478418974013437,18.707
2025-11-15T00:00:00Z,2.245041897401343,18.713
2025-11-15T00:10:00Z,2.2434418974013397,18.639
2025-11-15T00:20:00Z,2.2473696292730168,18.612
2025-11-15T00:30:00Z,2.2475696292730163,18.606
2025-11-15T00:40:00Z,2.2585973611446875,18.61
2025-11-15T00:50:00Z,2.2560973611446897,18.622
2025-11-15T01:00:00Z,2.2559973611446935,18.631
2025-11-15T01:10:00Z,2.252797361144694,18.637
2025-11-15T01:20:00Z,2.24989736114469,18.642
2025-11-15T01:30:00Z,2.251325093016355,18.654
2025-11-15T01:40:00Z,2.2557528248880345,18.679
2025-11-15T01:50:00Z,2.2482528248880342,18.68
2025-11-15T02:00:00Z,2.245152824888031,18.639
2025-11-15T02:10:00Z,2.244380556759701,18.643
2025-11-15T02:20:00Z,2.2529082886313745,18.66
2025-11-15T02:30:00Z,2.2473082886313733,18.644
2025-11-15T02:40:00Z,2.251936020503045,18.653
2025-11-15T02:50:00Z,2.2506360205030447,18.701
2025-11-15T03:00:00Z,2.2430082886313727,18.704
2025-11-15T03:10:00Z,2.2448082886313756,18.705
2025-11-15T03:20:00Z,2.246508288631375,18.706
2025-11-15T03:30:00Z,2.2503082886313734,18.728
2025-11-15T03:40:00Z,2.258380556759697,18.629
2025-11-15T03:50:00Z,2.2781805567597004,18.616
2025-11-15T04:00:00Z,2.2904805567596966,18.633
2025-11-15T04:10:00Z,2.302708288631372,18.607
2025-11-15T04:20:00Z,2.3022082886313697,18.591
2025-11-15T04:30:00Z,2.3185637523747147,18.567
2025-11-15T04:40:00Z,2.3180637523747123,18.501
2025-11-15T04:50:00Z,2.3209914842463846,18.465
2025-11-15T05:00:00Z,2.3342192161180577,18.516
2025-11-15T05:10:00Z,2.330391484246384,18.557
2025-11-15T05:20:00Z,2.3304914842463873,18.516
2025-11-15T05:30:00Z,2.3383914842463867,18.614
2025-11-15T05:40:00Z,2.3415914842463863,18.643
2025-11-15T05:50:00Z,2.3400914842463862,18.479
2025-11-15T06:00:00Z,2.3533914842463872,18.545
2025-11-15T06:10:00Z,2.35989148424639,18.567
2025-11-15T06:20:00Z,2.3641914842463905,18.591
2025-11-15T06:30:00Z,2.3825914842463902,18.644
2025-11-15T06:40:00Z,2.3886914842463867,18.644
2025-11-15T06:50:00Z,2.403819216118052,18.569
2025-11-15T07:00:00Z,2.4151192161180575,18.449
2025-11-15T07:10:00Z,2.4284192161180513,18.515
2025-11-15T07:20:00Z,2.4390637523747145,18.578
2025-11-15T07:30:00Z,2.4436360205030496,18.573
2025-11-15T07:40:00Z,2.4532360205030486,18.726
2025-11-15T07:50:00Z,2.4758914842463895,18.704
2025-11-15T08:00:00Z,2.486091484246387,18.641
2025-11-15T08:10:00Z,2.492163752374715,18.617
2025-11-15T08:20:00Z,2.496563752374712,18.686
2025-11-15T08:30:00Z,2.498763752374714,18.717
2025-11-15T08:40:00Z,2.4946360205030444,18.695
2025-11-15T08:50:00Z,2.49993602050305,18.615
2025-11-15T09:00:00Z,2.495408288631374,18.591
2025-11-15T09:10:00Z,2.504608288631374,18.581
2025-11-15T09:20:00Z,2.50640828863137,18.598
2025-11-15T09:30:00Z,2.509480556759698,18.582
2025-11-15T09:40:00Z,2.5108805567597017,18.584
2025-11-15T09:50:00Z,2.513408288631375,18.598
2025-11-15T10:00:00Z,2.517736020503044,18.597
2025-11-15T10:10:00Z,2.5193637523747157,18.619
2025-11-15T10:20:00Z,2.5272914842463905,18.603
2025-11-15T10:30:00Z,2.519291484246388,18.592
2025-11-15T10:40:00Z,2.525619216118052,18.619
2025-11-15T10:50:00Z,2.5286469479897278,18.606
2025-11-15T11:00:00Z,2.5358746798614007,18.597
2025-11-15T11:10:00Z,2.5273469479897273,18.616
2025-11-15T11:20:00Z,2.535674679861401,18.635
2025-11-15T11:30:00Z,2.528746947989731,18.616
2025-11-15T11:40:00Z,2.5295469479897292,18.599
2025-11-15T11:50:00Z,2.5223192161180563,18.609
2025-11-15T12:00:00Z,2.5153192161180513,18.669
2025-11-15T12:10:00Z,2.5186192161180543,18.732
2025-11-15T12:20:00Z,2.5068192161180534,18.674
2025-11-15T12:30:00Z,2.510646947989727,18.735
2025-11-15T12:40:00Z,2.5037469479897254,18.696
2025-11-15T12:50:00Z,2.5054746798614005,18.66
2025-11-15T13:00:00Z,2.4995746798614036,18.654
2025-11-15T13:10:00Z,2.496874679861399,18.661
2025-11-15T13:20:00Z,2.4998746798613993,18.559
2025-11-15T13:30:00Z,2.4934746798614,18.54
2025-11-15T13:40:00Z,2.4938024117330784,18.617
2025-11-15T13:50:00Z,2.488802411733076,18.632
2025-11-15T14:00:00Z,2.4836024117330737,18.511
2025-11-15T14:10:00Z,2.482202411733077,18.623
2025-11-15T14:20:00Z,2.48613014360474,18.597
2025-11-15T14:30:00Z,2.4848301436047464,18.595
2025-11-15T14:40:00Z,2.474402411733074,18.554
2025-11-15T14:50:00Z,2.4732024117330766,18.607
2025-11-15T15:00:00Z,2.467002411733077,18.594
2025-11-15T15:10:00Z,2.464802411733075,18.639
2025-11-15T15:20:00Z,2.463702411733074,18.622
2025-11-15T15:30:00Z,2.458502411733079,18.637
2025-11-15T15:40:00Z,2.4554024117330755,18.667
2025-11-15T15:50:00Z,2.4595024117330766,18.705
2025-11-15T16:00:00Z,2.459302411733077,18.746
2025-11-15T16:10:00Z,2.4514746798614055,18.76
2025-11-15T16:20:00Z,2.4496746798614026,18.804
2025-11-15T16:30:00Z,2.454974679861401,18.864
2025-11-15T16:40:00Z,2.4463469479897313,18.793
2025-11-15T16:50:00Z,2.4479469479897276,18.753
2025-11-15T17:00:00Z,2.4475469479897285,18.731
2025-11-15T17:10:00Z,2.447446947989725,18.726
2025-11-15T17:20:00Z,2.4472469479897256,18.638
2025-11-15T17:30:00Z,2.4486469479897295,18.553
2025-11-15T17:40:00Z,2.4369192161180564,18.479
2025-11-15T17:50:00Z,2.4366192161180535,18.436
2025-11-15T18:00:00Z,2.437919216118054,18.42
2025-11-15T18:10:00Z,2.4389192161180517,18.451
2025-11-15T18:20:00Z,2.443819216118051,18.578
2025-11-15T18:30:00Z,2.4507192161180527,18.56
2025-11-15T18:40:00Z,2.4462914842463874,18.507
2025-11-15T18:50:00Z,2.4709914842463903,18.444
2025-11-15T19:00:00Z,2.4987914842463894,18.455
2025-11-15T19:10:00Z,2.540091484246389,18.632
2025-11-15T19:20:00Z,2.564891484246388,18.57
2025-11-15T19:30:00Z,2.575591484246388,18.503
2025-11-15T19:40:00Z,2.5721637523747134,18.459
2025-11-15T19:50:00Z,2.580863752374711,18.445
2025-11-15T20:00:00Z,2.5955360205030473,18.635
2025-11-15T20:10:00Z,2.609436020503047,18.564
2025-11-15T20:20:00Z,2.6188360205030463,18.404
2025-11-15T20:30:00Z,2.6226360205030446,18.322
2025-11-15T20:40:00Z,2.618108288631369,18.326
2025-11-15T20:50:00Z,2.6239082886313696,18.377
2025-11-15T21:00:00Z,2.6181805567596967,18.477
2025-11-15T21:10:00Z,2.619380556759701,18.414
2025-11-15T21:20:00Z,2.609552824888034,18.383
2025-11-15T21:30:00Z,2.6125528248880343,18.669
2025-11-15T21:40:00Z,2.6129528248880334,18.773
2025-11-15T21:50:00Z,2.613552824888032,18.653
2025-11-15T22:00:00Z,2.604025093016361,18.616
2025-11-15T22:10:00Z,2.6021250930163546,18.47
2025-11-15T22:20:00Z,2.6013250930163565,18.431
2025-11-15T22:30:00Z,2.5944973611446898,18.432
2025-11-15T22:40:00Z,2.594197361144694,18.46
2025-11-15T22:50:00Z,2.593797361144688,18.498
2025-11-15T23:00:00Z,2.5910973611446906,18.514
2025-11-15T23:10:00Z,2.5857973611446923,18.506
2025-11-15T23:20:00Z,2.5817973611446874,18.535
2025-11-15T23:30:00Z,2.577197361144691,18.5
2025-11-15T23:40:00Z,2.5831973611446912,18.507
2025-11-15T23:50:00Z,2.582797361144692,18.542
2025-11-16T00:00:00Z,2.5824973611446893,18.528
2025-11-16T00:10:00Z,2.5788973611446906,18.575
2025-11-16T00:20:00Z,2.5721973611446884,18.542
2025-11-16T00:30:00Z,2.568997361144689,18.563
2025-11-16T00:40:00Z,2.5729973611446937,18.589
2025-11-16T00:50:00Z,2.571297361144687,18.596
2025-11-16T01:00:00Z,2.5674973611446887,18.551
2025-11-16T01:10:00Z,2.558169629273017,18.521
2025-11-16T01:20:00Z,2.553369629273014,18.524
2025-11-16T01:30:00Z,2.554869629273014,18.551
2025-11-16T01:40:00Z,2.549269629273013,18.541
2025-11-16T01:50:00Z,2.5525973611446915,18.509
2025-11-16T02:00:00Z,2.552097361144689,18.519
2025-11-16T02:10:00Z,2.549897361144687,18.548
2025-11-16T02:20:00Z,2.545397361144687,18.486
2025-11-16T02:30:00Z,2.5441973611446898,18.495
2025-11-16T02:40:00Z,2.539797361144693,18.528
2025-11-16T02:50:00Z,2.539797361144693,18.477
2025-11-16T03:00:00Z,2.526969629273019,18.486
2025-11-16T03:10:00Z,2.5293696292730132,18.537
2025-11-16T03:20:00Z,2.524469629273014,18.542
2025-11-16T03:30:00Z,2.5253696292730154,18.497
2025-11-16T03:40:00Z,2.5256696292730183,18.417
2025-11-16T03:50:00Z,2.515041897401339,18.392
2025-11-16T04:00:00Z,2.526969629273019,18.254
2025-11-16T04:10:00Z,2.5200141655296733,18.242
2025-11-16T04:20:00Z,2.525114165529672,18.239
2025-11-16T04:30:00Z,2.5309141655296727,18.109
2025-11-16T04:40:00Z,2.5341141655296724,18.195
2025-11-16T04:50:00Z,2.523486433657993,18.316
2025-11-16T05:00:00Z,2.5253864336579923,18.343
2025-11-16T05:10:00Z,2.522986433657998,18.307
2025-11-16T05:20:00Z,2.5210864336579917,18.225
2025-11-16T05:30:00Z,2.518186433657995,18.209
2025-11-16T05:40:00Z,2.5175864336579963,18.176
2025-11-16T05:50:00Z,2.521586433657994,18.257
2025-11-16T06:00:00Z,2.5122587017863296,18.275
2025-11-16T06:10:00Z,2.526686433657993,18.28
2025-11-16T06:20:00Z,2.5221587017863243,18.371
2025-11-16T06:30:00Z,2.5292587017863255,18.471
2025-11-16T06:40:00Z,2.5323309699146535,18.539
2025-11-16T06:50:00Z,2.585430969914654,18.76
2025-11-16T07:00:00Z,2.6167032380429873,18.59
2025-11-16T07:10:00Z,2.6383032380429867,18.554
2025-11-16T07:20:00Z,2.645803238042987,18.6
2025-11-16T07:30:00Z,2.651403238042988,18.606
2025-11-16T07:40:00Z,2.65210323804299,18.285
2025-11-16T07:50:00Z,2.664003238042987,18.325
2025-11-16T08:00:00Z,2.6615032380429895,18.221
2025-11-16T08:10:00Z,2.655175506171311,18.112
2025-11-16T08:20:00Z,2.6623032380429876,18.335
2025-11-16T08:30:00Z,2.6601755061713135,18.177
2025-11-16T08:40:00Z,2.66777550617131,18.199
2025-11-16T08:50:00Z,2.684775506171313,18.212
2025-11-16T09:00:00Z,2.6862477742996376,18.168
2025-11-16T09:10:00Z,2.6898477742996363,18.138
2025-11-16T09:20:00Z,2.6947477742996355,18.201
2025-11-16T09:30:00Z,2.6886200424279636,18.262
2025-11-16T09:40:00Z,2.6915200424279675,18.332
2025-11-16T09:50:00Z,2.688720042427967,18.357
2025-11-16T10:00:00Z,2.6853200424279677,18.409
2025-11-16T10:10:00Z,2.676620042427963,18.461
2025-11-16T10:20:00Z,2.668020042427962,18.45
2025-11-16T10:30:00Z,2.663320042427962,18.455
2025-11-16T10:40:00Z,2.652520042427966,18.503
2025-11-16T10:50:00Z,2.6468200424279615,18.474
2025-11-16T11:00:00Z,2.638420042427967,18.503
2025-11-16T11:10:00Z,2.632220042427967,18.491
2025-11-16T11:20:00Z,2.6228200424279677,18.469
2025-11-16T11:30:00Z,2.6128200424279626,18.418
2025-11-16T11:40:00Z,2.5994200424279654,18.419
2025-11-16T11:50:00Z,2.5992477742996414,18.369
2025-11-16T12:00:00Z,2.5907477742996363,18.31
2025-11-16T12:10:00Z,2.5748477742996414,18.359
2025-11-16T12:20:00Z,2.5761755061713103,18.3
2025-11-16T12:30:00Z,2.570475506171313,18.361
2025-11-16T12:40:00Z,2.559375506171314,18.388
2025-11-16T12:50:00Z,2.555603238042984,18.412
2025-11-16T13:00:00Z,2.5469032380429866,18.394
2025-11-16T13:10:00Z,2.5369032380429886,18.487
2025-11-16T13:20:00Z,2.5277032380429887,18.554
2025-11-16T13:30:00Z,2.521603238042985,18.561
2025-11-16T13:40:00Z,2.511203238042988,18.561
2025-11-16T13:50:00Z,2.499303238042984,18.616
2025-11-16T14:00:00Z,2.4911032380429887,18.59
2025-11-16T14:10:00Z,2.485303238042988,18.46
2025-11-16T14:20:00Z,2.47530323804299,18.44
2025-11-16T14:30:00Z,2.4651032380429854,18.487
2025-11-16T14:40:00Z,2.4641032380429877,18.45
2025-11-16T14:50:00Z,2.4582032380429837,18.351
2025-11-16T15:00:00Z,2.449803238042989,18.361
2025-11-16T15:10:00Z,2.444303238042984,18.366
2025-11-16T15:20:00Z,2.429403238042987,18.301
2025-11-16T15:30:00Z,2.421003238042985,18.27
2025-11-16T15:40:00Z,2.4116032380429857,18.283
2025-11-16T15:50:00Z,2.405803238042985,18.351
2025-11-16T16:00:00Z,2.4050309699146553,18.345
2025-11-16T16:10:00Z,2.3988309699146555,18.379
2025-11-16T16:20:00Z,2.3917309699146543,18.371
2025-11-16T16:30:00Z,2.3774032380429873,18.326
2025-11-16T16:40:00Z,2.3778032380429863,18.301
2025-11-16T16:50:00Z,2.371003238042988,18.311
2025-11-16T17:00:00Z,2.356675506171314,18.344
2025-11-16T17:10:00Z,2.35800323804299,18.319
2025-11-16T17:20:00Z,2.3442032380429865,18.308
2025-11-16T17:30:00Z,2.347330969914651,18.305
2025-11-16T17:40:00Z,2.3390309699146528,18.295
2025-11-16T17:50:00Z,2.3353309699146507,18.227
2025-11-16T18:00:00Z,2.3227032380429833,18.209
2025-11-16T18:10:00Z,2.31990323804299,18.224
2025-11-16T18:20:00Z,2.312903238042985,18.227
2025-11-16T18:30:00Z,2.3091032380429866,18.234
2025-11-16T18:40:00Z,2.3028032380429835,18.244
2025-11-16T18:50:00Z,2.3035032380429854,18.266
2025-11-16T19:00:00Z,2.2990032380429852,18.263
2025-11-16T19:10:00Z,2.2862755061713145,18.262
2025-11-16T19:20:00Z,2.2850032380429894,18.264
2025-11-16T19:30:00Z,2.282603238042988,18.263
2025-11-16T19:40:00Z,2.280003238042987,18.229
2025-11-16T19:50:00Z,2.2758032380429896,18.205
2025-11-16T20:00:00Z,2.259875506171312,18.237
2025-11-16T20:10:00Z,2.267103238042985,18.257
2025-11-16T20:20:00Z,2.2540755061713114,18.247
2025-11-16T20:30:00Z,2.2532755061713132,18.259
2025-11-16T20:40:00Z,2.2485755061713135,18.23
2025-11-16T20:50:00Z,2.246575506171311,18.203
2025-11-16T21:00:00Z,2.247575506171316,18.204
2025-11-16T21:10:00Z,2.234147774299636,18.198
2025-11-16T21:20:00Z,2.23404777429964,18.179
2025-11-16T21:30:00Z,2.2327477742996393,18.151
2025-11-16T21:40:00Z,2.231947774299641,18.18
2025-11-16T21:50:00Z,2.226047774299637,18.18
2025-11-16T22:00:00Z,2.2212477742996413,18.235
2025-11-16T22:10:00Z,2.2177477742996388,18.274
2025-11-16T22:20:00Z,2.2188477742996398,18.231
2025-11-16T22:30:00Z,2.2118200424279664,18.235
2025-11-16T22:40:00Z,2.217620042427967,18.189
2025-11-16T22:50:00Z,2.2211200424279625,18.2
2025-11-16T23:00:00Z,2.221620042427965,18.227
2025-11-16T23:10:00Z,2.220620042427967,18.279
2025-11-16T23:20:00Z,2.225947774299641,18.29
2025-11-16T23:30:00Z,2.2198477742996374,18.295
2025-11-16T23:40:00Z,2.2238755061713107,18.233
2025-11-16T23:50:00Z,2.220275506171312,18.205
2025-11-17T00:00:00Z,2.2152755061713094,18.211
2025-11-17T00:10:00Z,2.2096755061713154,18.167
2025-11-17T00:20:00Z,2.2147032380429863,18.121
2025-11-17T00:30:00Z,2.2104032380429857,18.174
2025-11-17T00:40:00Z,2.2074032380429855,18.204
2025-11-17T00:50:00Z,2.202803238042989,18.195
2025-11-17T01:00:00Z,2.1996032380429895,18.184
2025-11-17T01:10:00Z,2.1951032380429893,18.221
2025-11-17T01:20:00Z,2.198230969914654,18.183
2025-11-17T01:30:00Z,2.1961309699146554,18.169
2025-11-17T01:40:00Z,2.1883309699146523,18.119
2025-11-17T01:50:00Z,2.1843309699146545,18.166
2025-11-17T02:00:00Z,2.1889587017863263,18.203
2025-11-17T02:10:00Z,2.1852587017863243,18.19
2025-11-17T02:20:00Z,2.182158701786328,18.197
2025-11-17T02:30:00Z,2.1761587017863278,18.259
2025-11-17T02:40:00Z,2.17215870178633,18.212
2025-11-17T02:50:00Z,2.1678587017863293,18.214
2025-11-17T03:00:00Z,2.1730864336579927,18.212
2025-11-17T03:10:00Z,2.1685864336579925,18.296
2025-11-17T03:20:00Z,2.158086433657992,18.206
2025-11-17T03:30:00Z,2.1635141655296763,18.169
2025-11-17T03:40:00Z,2.1550141655296784,18.163
2025-11-17T03:50:00Z,2.1513141655296764,18.139
2025-11-17T04:00:00Z,2.1594418974013436,18.125
2025-11-17T04:10:00Z,2.153114165529672,18.131
2025-11-17T04:20:00Z,2.1494418974013456,18.136
2025-11-17T04:30:00Z,2.146241897401346,18.123
2025-11-17T04:40:00Z,2.14264189740134,18.15
2025-11-17T04:50:00Z,2.1492696292730145,18.22
2025-11-17T05:00:00Z,2.1504696292730188,18.268
2025-11-17T05:10:00Z,2.1436696292730133,18.333
2025-11-17T05:20:00Z,2.1400696292730146,18.31
2025-11-17T05:30:00Z,2.1404696292730137,18.372
2025-11-17T05:40:00Z,2.1367696292730187,18.382
2025-11-17T05:50:00Z,2.1359696292730135,18.39
2025-11-17T06:00:00Z,2.1333696292730195,18.355
2025-11-17T06:10:00Z,2.137269629273014,18.301
2025-11-17T06:20:00Z,2.1381696292730155,18.267
2025-11-17T06:30:00Z,2.121541897401343,18.273
2025-11-17T06:40:00Z,2.129541897401346,18.418
2025-11-17T06:50:00Z,2.1327418974013455,18.346
2025-11-17T07:00:00Z,2.142141897401345,18.382
2025-11-17T07:10:00Z,2.1386418974013424,18.416
2025-11-17T07:20:00Z,2.1331418974013445,18.622
2025-11-17T07:30:00Z,2.1387418974013457,18.736
2025-11-17T07:40:00Z,2.1274141655296788,18.319
2025-11-17T07:50:00Z,2.1377141655296725,18.785
2025-11-17T08:00:00Z,2.155141897401343,18.857
2025-11-17T08:10:00Z,2.152841897401345,18.869
2025-11-17T08:20:00Z,2.162141897401341,18.833
2025-11-17T08:30:00Z,2.159941897401339,18.66
2025-11-17T08:40:00Z,2.151741897401344,18.244
2025-11-17T08:50:00Z,2.1711696292730167,18.587
2025-11-17T09:00:00Z,2.1675418974013425,18.386
2025-11-17T09:10:00Z,NA,18.658
2025-11-17T09:20:00Z,2.2018418974013443,18.575
2025-11-17T09:30:00Z,2.212441897401341,18.428
2025-11-17T09:40:00Z,2.223941897401339,18.056
2025-11-17T09:50:00Z,2.229441897401344,17.846
2025-11-17T10:00:00Z,2.2550696292730166,18.252
2025-11-17T10:10:00Z,2.2812696292730195,18.172
2025-11-17T10:20:00Z,2.297069629273018,18.109
2025-11-17T10:30:00Z,2.3189696292730133,17.747
2025-11-17T10:40:00Z,2.339397361144691,17.651
2025-11-17T10:50:00Z,2.3358973611446885,17.88
2025-11-17T11:00:00Z,2.3494250930163574,17.755
2025-11-17T11:10:00Z,2.3464250930163573,17.81
2025-11-17T11:20:00Z,2.3368250930163583,17.64
2025-11-17T11:30:00Z,2.340352824888029,17.674
2025-11-17T11:40:00Z,2.3381805567596956,17.633
2025-11-17T11:50:00Z,2.3358805567596974,17.57
2025-11-17T12:00:00Z,2.3370805567597017,17.486
2025-11-17T12:10:00Z,2.3301528248880317,17.336
2025-11-17T12:20:00Z,2.3273805567596995,16.577
2025-11-17T12:30:00Z,2.3401528248880297,16.25
2025-11-17T12:40:00Z,2.3229528248880342,16.325
2025-11-17T12:50:00Z,2.3241805567597,16.299
2025-11-17T13:00:00Z,2.334808288631372,17.042
2025-11-17T13:10:00Z,2.337808288631372,16.778
2025-11-17T13:20:00Z,2.3327082886313733,17.262
2025-11-17T13:30:00Z,2.330108288631372,17.291
2025-11-17T13:40:00Z,2.331508288631369,17.322
2025-11-17T13:50:00Z,2.328508288631369,17.246
2025-11-17T14:00:00Z,2.3146082886313692,17.16
2025-11-17T14:10:00Z,2.3192360205030482,17.207
2025-11-17T14:20:00Z,2.309236020503043,17.393
2025-11-17T14:30:00Z,2.3086360205030445,17.537
2025-11-17T14:40:00Z,2.3035360205030457,17.611
2025-11-17T14:50:00Z,2.3031360205030467,17.754
2025-11-17T15:00:00Z,2.2920360205030477,17.98
2025-11-17T15:10:00Z,2.285836020503048,17.904
2025-11-17T15:20:00Z,2.2809360205030487,17.816
2025-11-17T15:30:00Z,2.278536020503047,17.73
2025-11-17T15:40:00Z,2.275136020503048,17.606
2025-11-17T15:50:00Z,2.2697360205030463,17.659
2025-11-17T16:00:00Z,2.264136020503045,17.71
2025-11-17T16:10:00Z,2.261936020503043,17.696
2025-11-17T16:20:00Z,2.2572360205030435,17.659
2025-11-17T16:30:00Z,2.2572360205030435,17.547
2025-11-17T16:40:00Z,2.2557360205030434,17.559
2025-11-17T16:50:00Z,2.2513360205030466,17.542
2025-11-17T17:00:00Z,2.2512360205030433,17.514
2025-11-17T17:10:00Z,2.2389082886313716,17.517
2025-11-17T17:20:00Z,2.237108288631376,17.6
2025-11-17T17:30:00Z,2.236408288631374,17.64
2025-11-17T17:40:00Z,2.23650828863137,17.617
2025-11-17T17:50:00Z,2.2352082886313696,17.661
2025-11-17T18:00:00Z,2.2341082886313757,17.659
2025-11-17T18:10:00Z,2.220780556759699,17.68
2025-11-17T18:20:00Z,2.2176805567596958,17.685
2025-11-17T18:30:00Z,2.211080556759697,17.661
2025-11-17T18:40:00Z,2.2182805567597015,17.698
2025-11-17T18:50:00Z,2.2145805567596994,17.691
2025-11-17T19:00:00Z,2.2127805567596965,17.708
2025-11-17T19:10:00Z,2.201652824888029,17.732
2025-11-17T19:20:00Z,2.1994528248880343,17.728
2025-11-17T19:30:00Z,2.199352824888031,17.649
2025-11-17T19:40:00Z,2.1981528248880338,17.63
2025-11-17T19:50:00Z,2.1976528248880314,17.612
2025-11-17T20:00:00Z,2.18662509301636,17.603
2025-11-17T20:10:00Z,2.1842250930163587,17.573
2025-11-17T20:20:00Z,2.1846250930163578,17.507
2025-11-17T20:30:00Z,2.1789250930163604,17.524
2025-11-17T20:40:00Z,2.1774250930163603,17.445
2025-11-17T20:50:00Z,2.1763250930163593,17.441
2025-11-17T21:00:00Z,2.1734250930163554,17.49
2025-11-17T21:10:00Z,2.1752250930163584,17.535
2025-11-17T21:20:00Z,2.1709250930163577,17.514
2025-11-17T21:30:00Z,2.1612973611446904,17.512
2025-11-17T21:40:00Z,2.1613973611446937,17.542
2025-11-17T21:50:00Z,2.1700250930163563,17.554
2025-11-17T22:00:00Z,2.158897361144689,17.57
2025-11-17T22:10:00Z,2.155997361144692,17.6
2025-11-17T22:20:00Z,2.157497361144692,17.627
2025-11-17T22:30:00Z,2.154197361144689,17.553
2025-11-17T22:40:00Z,2.151497361144692,17.502
2025-11-17T22:50:00Z,2.153097361144688,17.464
2025-11-17T23:00:00Z,2.151597361144688,17.473
2025-11-17T23:10:00Z,2.1378696292730197,17.389
2025-11-17T23:20:00Z,2.1363696292730197,17.405
2025-11-17T23:30:00Z,2.1374696292730135,17.365
2025-11-17T23:40:00Z,2.137669629273013,17.295
2025-11-17T23:50:00Z,2.1321696292730152,17.314
2025-11-18T00:00:00Z,2.129469629273018,17.354
2025-11-18T00:10:00Z,2.124969629273018,17.393
2025-11-18T00:20:00Z,2.1226696292730196,17.386
2025-11-18T00:30:00Z,2.1313973611446926,17.451
2025-11-18T00:40:00Z,2.1196696292730195,17.435
2025-11-18T00:50:00Z,2.1159696292730175,17.431
2025-11-18T01:00:00Z,2.1129696292730173,17.429
2025-11-18T01:10:00Z,2.1118696292730164,17.428
2025-11-18T01:20:00Z,2.109169629273019,17.404
2025-11-18T01:30:00Z,2.1097696292730177,17.442
2025-11-18T01:40:00Z,2.1064696292730147,17.444
2025-11-18T01:50:00Z,2.1070696292730133,17.459
2025-11-18T02:00:00Z,2.1052696292730175,17.461
2025-11-18T02:10:00Z,2.1033696292730184,17.445
2025-11-18T02:20:00Z,2.108997361144688,17.42
2025-11-18T02:30:00Z,2.104197361144692,17.372
2025-11-18T02:40:00Z,2.104597361144691,17.391
2025-11-18T02:50:00Z,2.0988973611446937,17.346
2025-11-18T03:00:00Z,2.095697361144687,17.292
2025-11-18T03:10:00Z,2.0913973611446934,17.258
2025-11-18T03:20:00Z,2.098925093016355,17.279
2025-11-18T03:30:00Z,2.09672509301636,17.321
2025-11-18T03:40:00Z,2.0851973611446937,17.392
2025-11-18T03:50:00Z,2.0858973611446885,17.363
2025-11-18T04:00:00Z,2.094925093016357,17.308
2025-11-18T04:10:00Z,2.0942250930163553,17.267
2025-11-18T04:20:00Z,2.090025093016358,17.258
2025-11-18T04:30:00Z,2.0809973611446893,17.291
2025-11-18T04:40:00Z,2.0810973611446926,17.349
2025-11-18T04:50:00Z,2.0824973611446893,17.358
2025-11-18T05:00:00Z,2.0785973611446877,17.207
2025-11-18T05:10:00Z,2.078997361144694,17.177
2025-11-18T05:20:00Z,2.06916962927302,17.198
2025-11-18T05:30:00Z,2.0727696292730187,17.242
2025-11-18T05:40:00Z,2.073569629273017,17.22
2025-11-18T05:50:00Z,2.0738696292730197,17.222
2025-11-18T06:00:00Z,2.075869629273015,17.235
