datetime,comp_level_ft,temperature,conductivity
2025-08-29T10:45:00Z,0.4680719156347166,24.743,24998.9
2025-08-29T11:00:00Z,0.44510603636963,25.586,25784.1
2025-08-29T11:15:00Z,0.43723202062160027,25.954,26034.9
2025-08-29T11:30:00Z,0.44396657664024275,26.194,26218.1
2025-08-29T11:45:00Z,0.43346788897620314,26.373,26315.7
2025-08-29T12:00:00Z,0.5870111960628179,26.527,26422.4
2025-08-29T12:15:00Z,0.41443901758512425,26.659,26500.6
2025-08-29T12:30:00Z,0.40754925380560536,26.789,26589.5
2025-08-29T12:45:00Z,0.41428380982425494,26.928,26656.4
2025-08-29T13:00:00Z,0.4070659620552277,27.081,26759.3
2025-08-29T13:15:00Z,0.4085511742418646,27.211,26770.2
2025-08-29T13:30:00Z,0.39870865455682036,27.353,26832.4
2025-08-29T13:45:00Z,0.39181889077729437,27.5,26913.4
2025-08-29T14:00:00Z,0.3956006908904328,27.632,26946.7
2025-08-29T14:15:00Z,0.3887109271108997,27.738,26970.8
2025-08-29T14:30:00Z,0.39249272722404527,27.832,26987.3
2025-08-29T14:45:00Z,0.38527487945502514,27.922,27009.2
2025-08-29T15:00:00Z,0.3890566795681636,27.999,27021.3
2025-08-29T15:15:00Z,0.38511967169414874,28.066,26996.3
2025-08-29T15:30:00Z,0.37757373993562027,28.13,26948.9
2025-08-29T15:45:00Z,0.38529254792277357,28.179,26938.9
2025-08-29T16:00:00Z,0.3797151201012525,28.225,26880
2025-08-29T16:15:00Z,0.3871058440989046,28.265,26862.3
2025-08-29T16:30:00Z,0.38316883622488973,28.291,26807.6
2025-08-29T16:45:00Z,0.37529482047686,28.306,26759.3
2025-08-29T17:00:00Z,0.3733263165398526,28.311,26725.7
2025-08-29T17:15:00Z,0.38137320851651424,28.303,26692.2
2025-08-29T17:30:00Z,0.3800608725585022,28.28,26628.2
2025-08-29T17:45:00Z,0.38646734458765053,28.249,26567
2025-08-29T18:00:00Z,0.38220225272414154,28.211,26493.7
2025-08-29T18:15:00Z,0.3812180007556307,28.174,26432.8
2025-08-29T18:30:00Z,0.3825303367136357,28.132,26346.4
2025-08-29T18:45:00Z,0.3974669924698304,28.086,26283.9
2025-08-29T19:00:00Z,0.402388252312349,28.038,26215.5
2025-08-29T19:15:00Z,0.40894993210238084,27.993,26180.5
2025-08-29T19:30:00Z,0.41518352790290436,27.948,26094.4
2025-08-29T19:45:00Z,0.41846436779791674,27.904,26041.6
2025-08-29T20:00:00Z,0.41074555981074923,27.861,25997.2
2025-08-29T20:15:00Z,0.4130421477372579,27.815,25957.4
2025-08-29T20:30:00Z,0.401714415865591,27.772,25895.3
2025-08-29T20:45:00Z,0.40401100379209964,27.73,25875.7
2025-08-29T21:00:00Z,0.4036829198025984,27.689,25801.2
2025-08-29T21:15:00Z,0.40499525576060336,27.642,25770.8
2025-08-29T21:30:00Z,0.4053233397501046,27.591,25706
2025-08-29T21:45:00Z,0.401714415865591,27.538,25673.6
2025-08-29T22:00:00Z,0.4059795077291142,27.478,25604.7
2025-08-29T22:15:00Z,0.40761992767661326,27.425,25551.1
2025-08-29T22:30:00Z,0.411228851561134,27.371,25517.6
2025-08-29T22:45:00Z,0.41286927150863306,27.317,25468.8
2025-08-29T23:00:00Z,0.4131973554981414,27.262,25420.9
2025-08-29T23:15:00Z,0.41877478331966245,27.204,25374.1
2025-08-29T23:30:00Z,0.41877478331966245,27.147,25329.4
2025-08-29T23:45:00Z,0.4217275392251736,27.083,25288.7
2025-08-30T00:00:00Z,0.4207432872566699,27.016,25243.8
2025-08-30T00:15:00Z,0.4071189674584872,26.96,25201.8
2025-08-30T00:30:00Z,0.4194309512986649,26.904,25188.3
2025-08-30T00:45:00Z,0.4200871192776674,26.847,25144.8
2025-08-30T01:00:00Z,0.4220556232146748,26.812,25123.2
2025-08-30T01:15:00Z,0.4227117911936773,26.775,25094.3
2025-08-30T01:30:00Z,0.42402412715168225,26.728,25076.5
2025-08-30T01:45:00Z,0.42139945523567235,26.678,25037.1
2025-08-30T02:00:00Z,0.4246802951306847,26.622,25001.2
2025-08-30T02:15:00Z,0.4269768830571934,26.577,24975
2025-08-30T02:30:00Z,0.4259926310886897,26.531,24951.1
2025-08-30T02:45:00Z,0.42566454709918844,26.486,24939.8
2025-08-30T03:00:00Z,0.4220556232146748,26.432,25091.5
2025-08-30T03:15:00Z,0.41975903528816616,26.386,24923
2025-08-30T03:30:00Z,0.4340395230653442,26.337,24931.8
2025-08-30T03:45:00Z,0.43338335508634174,26.295,24975.1
2025-08-30T04:00:00Z,0.4340395230653442,26.252,24996.9
2025-08-30T04:15:00Z,0.43961695088686525,26.2,24855.4
2025-08-30T04:30:00Z,0.44585054668738877,26.145,24764.1
2025-08-30T04:45:00Z,0.44913138658240115,26.095,24718.5
2025-08-30T05:00:00Z,0.4547088144039293,26.037,24667.3
2025-08-30T05:15:00Z,0.4635670821204627,25.983,24642.1
2025-08-30T05:30:00Z,0.46816025797348004,25.932,24603.6
2025-08-30T05:45:00Z,0.46142570195483046,25.886,24575.1
2025-08-30T06:00:00Z,0.45978528200732427,25.839,24553.4
2025-08-30T06:15:00Z,0.45206647402017097,25.793,24517.2
2025-08-30T06:30:00Z,0.45173839003066973,25.755,24504
2025-08-30T06:45:00Z,0.4540349779571713,25.715,24487.3
2025-08-30T07:00:00Z,0.45895623779968986,25.678,24465.4
2025-08-30T07:15:00Z,0.46486174961071924,25.648,24467.2
2025-08-30T07:30:00Z,0.4635494136527072,25.622,24475
2025-08-30T07:45:00Z,0.4665021695582183,25.606,24477.6
2025-08-30T08:00:00Z,0.4541901857180548,25.592,24495.2
2025-08-30T08:15:00Z,0.45615868965506223,25.579,24478.8
2025-08-30T08:30:00Z,0.45615868965506223,25.562,24473
2025-08-30T08:45:00Z,0.4548463536970502,25.572,24500.8
2025-08-30T09:00:00Z,0.4541901857180548,25.615,24541.7
2025-08-30T09:15:00Z,0.4515655138020449,25.69,24593.9
2025-08-30T09:30:00Z,0.4505812618335412,25.772,24657.6
2025-08-30T09:45:00Z,0.4495970098650304,25.807,24718.2
2025-08-30T10:00:00Z,0.44697233794902047,25.865,24804.6
2025-08-30T10:15:00Z,0.44237916209600314,26.034,24982.9
2025-08-30T10:30:00Z,0.4377859862429858,26.192,25138
2025-08-30T10:45:00Z,0.4299119704949561,26.329,25308.7
2025-08-30T11:00:00Z,0.4213817867679239,26.439,25398
2025-08-30T11:15:00Z,0.413179687030393,26.594,25553
2025-08-30T11:30:00Z,0.4169614871435243,26.742,25671.1
2025-08-30T11:45:00Z,0.4044942955424773,26.862,25792
2025-08-30T12:00:00Z,0.5573814346500896,26.987,25922.6
2025-08-30T12:15:00Z,0.39613698804406994,27.106,26032.3
2025-08-30T12:30:00Z,0.39121572820155137,27.231,26144.1
2025-08-30T12:45:00Z,0.3949975283146898,27.344,26259.7
2025-08-30T13:00:00Z,0.3974669924698304,27.455,26329.8
2025-08-30T13:15:00Z,0.39254573262731185,27.576,26407
2025-08-30T13:30:00Z,0.3876244727847933,27.696,26498.3
2025-08-30T13:45:00Z,0.3956713647614478,27.8,26559.6
2025-08-30T14:00:00Z,0.38714118103441564,27.889,26600.4
2025-08-30T14:15:00Z,0.3805795012443909,27.983,26622
2025-08-30T14:30:00Z,0.3720493175173587,28.086,26685.6
2025-08-30T14:45:00Z,0.37583111763049715,28.186,26744.2
2025-08-30T15:00:00Z,0.36795710188246034,28.266,26787.9
2025-08-30T15:15:00Z,0.36977039805860556,28.334,26829.9
2025-08-30T15:30:00Z,0.36255255028957123,28.378,26866.9
2025-08-30T15:45:00Z,0.36863093832921834,28.415,26872.9
2025-08-30T16:00:00Z,0.36600626641320844,28.449,26871.3
2025-08-30T16:15:00Z,0.37306890642136636,28.473,26841.4
2025-08-30T16:30:00Z,0.3717565704633614,28.477,27215.7
2025-08-30T16:45:00Z,0.3817719663770234,28.479,26821.2
2025-08-30T17:00:00Z,0.3804596304190113,28.475,26828.1
2025-08-30T17:15:00Z,0.38242813435602585,28.461,26804.8
2025-08-30T17:30:00Z,0.38406855430353204,28.427,26730.1
2025-08-30T17:45:00Z,0.385380890261537,28.389,26649.1
2025-08-30T18:00:00Z,0.38341238632452246,28.351,26550.4
2025-08-30T18:15:00Z,0.3837404703140308,28.311,26528.3
2025-08-30T18:30:00Z,0.3817719663770234,28.27,26451.6
2025-08-30T18:45:00Z,0.3821000503665246,28.223,26390.1
2025-08-30T19:00:00Z,0.38406855430353204,28.177,26339.2
2025-08-30T19:15:00Z,0.38570897425103823,28.132,26295.4
2025-08-30T19:30:00Z,0.385380890261537,28.086,26245
2025-08-30T19:45:00Z,0.39030215010405556,28.045,26207.3
2025-08-30T20:00:00Z,0.3942391579780704,28.006,26158
2025-08-30T20:15:00Z,0.3994885018100902,27.974,26140.3
2025-08-30T20:30:00Z,0.407362517558127,27.935,26105.1
2025-08-30T20:45:00Z,0.41261186139014683,27.891,26086.8
2025-08-30T21:00:00Z,0.4071896413295022,27.844,26044.8
2025-08-30T21:15:00Z,0.4071896413295022,27.798,26007
2025-08-30T21:30:00Z,0.39914274935284055,27.756,26117.4
2025-08-30T21:45:00Z,0.40078316930034674,27.717,26155
2025-08-30T22:00:00Z,0.40439209318486036,27.682,25969.2
2025-08-30T22:15:00Z,0.40176742126885046,27.645,25928
2025-08-30T22:30:00Z,0.40012700132134427,27.604,25908.9
2025-08-30T22:45:00Z,0.3884711854601761,27.554,25970.2
2025-08-30T23:00:00Z,0.3868307655126699,27.497,25830.5
2025-08-30T23:15:00Z,0.39815849738433684,27.429,25790.4
2025-08-30T23:30:00Z,0.4020955052583517,27.357,25758
2025-08-30T23:45:00Z,0.40603251313237365,27.286,25696.6
2025-08-31T00:00:00Z,0.40964143701688016,27.228,25649.6
2025-08-31T00:15:00Z,0.4142346128699046,27.175,25594.6
2025-08-31T00:30:00Z,0.4211243766494306,27.129,25577.5
2025-08-31T00:45:00Z,0.4257175525024479,27.083,25535.1
2025-08-31T01:00:00Z,0.43129498032396896,27.031,25481.5
2025-08-31T01:15:00Z,0.4232480883473144,26.979,25450.8
2025-08-31T01:30:00Z,0.4248885082948277,26.93,25415.8
2025-08-31T01:45:00Z,0.41323269243364535,26.89,25390.7
2025-08-31T02:00:00Z,0.41487311238115154,26.844,25365.2
2025-08-31T02:15:00Z,0.4161854483391636,26.793,25318.2
2025-08-31T02:30:00Z,0.41388886041264783,26.745,25285.1
2025-08-31T02:45:00Z,0.415529280360154,26.695,25243.1
2025-08-31T03:00:00Z,0.4125765244546429,26.647,25215.2
2025-08-31T03:15:00Z,0.4135607764231537,26.6,25164.6
2025-08-31T03:30:00Z,0.4207786241921738,26.553,25137.1
2025-08-31T03:45:00Z,0.42537180004519115,26.505,25099.5
2025-08-31T04:00:00Z,0.4283245559507094,26.46,25068
2025-08-31T04:15:00Z,0.4283245559507094,26.414,25022.4
2025-08-31T04:30:00Z,0.42602796802420073,26.367,25004.3
2025-08-31T04:45:00Z,0.4256998840346924,26.328,24964.6
2025-08-31T05:00:00Z,0.4179810760475391,26.292,25511.2
2025-08-31T05:15:00Z,0.4251989238165663,26.25,25323.7
2025-08-31T05:30:00Z,0.44636917537327747,26.204,25451.3
2025-08-31T05:45:00Z,0.4519466031947985,26.156,25591.9
2025-08-31T06:00:00Z,0.4588363669743316,26.106,25206
2025-08-31T06:15:00Z,0.4484928870711613,26.061,25114.7
2025-08-31T06:30:00Z,0.4397898271155043,26.014,25062.9
2025-08-31T06:45:00Z,0.4424144990315142,25.971,25019.9
2025-08-31T07:00:00Z,0.42911826322281854,25.936,24984.9
2025-08-31T07:15:00Z,0.4304305991808306,25.898,24974.3
2025-08-31T07:30:00Z,0.4314148511493343,25.866,24941.5
2025-08-31T07:45:00Z,0.43699227897085535,25.842,24926
2025-08-31T08:00:00Z,0.43764844694985783,25.822,24915.7
2025-08-31T08:15:00Z,0.4383046149288603,25.803,24913.9
2025-08-31T08:30:00Z,0.4389607829078628,25.788,24897.9
2025-08-31T08:45:00Z,0.43961695088686525,25.779,24897.1
2025-08-31T09:00:00Z,0.4389607829078628,25.809,24902.7
2025-08-31T09:15:00Z,0.43338335508634174,25.883,24958.1
2025-08-31T09:30:00Z,0.43338335508634174,25.941,25035.6
2025-08-31T09:45:00Z,0.43338335508634174,26.013,25101.2
2025-08-31T10:00:00Z,0.4320710191283368,26.113,25181.8
2025-08-31T10:15:00Z,0.4294463472123269,26.223,25286.5
2025-08-31T10:30:00Z,0.4235408354012975,26.36,25380
2025-08-31T10:45:00Z,0.4182914915692777,26.513,25486.9
2025-08-31T11:00:00Z,0.4081208878947393,26.697,25613.8
2025-08-31T11:15:00Z,0.40123112411521333,26.857,25742.1
2025-08-31T11:30:00Z,0.3907324364511666,27.002,25842.8
2025-08-31T11:45:00Z,0.38417075666114187,27.154,25949.1
2025-08-31T12:00:00Z,0.5539630554619634,27.309,26074.3
2025-08-31T12:15:00Z,0.38303129693177596,27.471,26173.4
2025-08-31T12:30:00Z,0.3774538691102549,27.669,26323.9
2025-08-31T12:45:00Z,0.3841884251288974,27.85,26453
2025-08-31T13:00:00Z,0.3746739894333686,28.031,26571.6
2025-08-31T13:15:00Z,0.36647188969583055,28.226,26768.2
2025-08-31T13:30:00Z,0.35859787394780085,28.4,26926.6
2025-08-31T13:45:00Z,0.34809918628375414,28.573,27046
2025-08-31T14:00:00Z,0.34892823049138855,28.727,27141.3
2025-08-31T14:15:00Z,0.34105421474335884,28.862,27221.8
2025-08-31T14:30:00Z,0.337117206869344,28.995,27367.5
2025-08-31T14:45:00Z,0.3468045187935047,29.094,27465.5
2025-08-31T15:00:00Z,0.3568199147071738,29.173,27492.3
2025-08-31T15:15:00Z,0.35386715880166264,29.249,27481
2025-08-31T15:30:00Z,0.3456650590641246,29.317,27498.2
2025-08-31T15:45:00Z,0.342056135179611,29.369,27558.6
2025-08-31T16:00:00Z,0.34435272310611964,29.387,27545
2025-08-31T16:15:00Z,0.34172805119010974,29.386,27460.3
2025-08-31T16:30:00Z,0.3501030271562726,29.37,27418.7
2025-08-31T16:45:00Z,0.35141536311427757,29.319,27338
2025-08-31T17:00:00Z,0.35305578306178376,29.239,27255.4
2025-08-31T17:15:00Z,0.35469620300928995,29.145,27127.8
2025-08-31T17:30:00Z,0.35666470694629737,29.044,27045.1
2025-08-31T17:45:00Z,0.3569927909357986,28.942,26913.9
2025-08-31T18:00:00Z,0.3592893788623073,28.853,26790.1
2025-08-31T18:15:00Z,0.3612578827993147,28.767,26676.1
2025-08-31T18:30:00Z,0.36092979880981346,28.701,26558.5
2025-08-31T18:45:00Z,0.36257021875732676,28.63,26447.2
2025-08-31T19:00:00Z,0.3688038145578503,28.559,26382.9
2025-08-31T19:15:00Z,0.3707723184948577,28.478,26305.5
2025-08-31T19:30:00Z,0.37470932636886545,28.411,26281
2025-08-31T19:45:00Z,0.37995867020089236,28.352,26208.8
2025-08-31T20:00:00Z,0.3838956780749072,28.286,26140
2025-08-31T20:15:00Z,0.38783268594892206,28.224,26034
2025-08-31T20:30:00Z,0.39111352584393444,28.167,25957.3
2025-08-31T20:45:00Z,0.3824104658882703,28.111,25897.5
2025-08-31T21:00:00Z,0.37814537402475423,28.061,25865.3
2025-08-31T21:15:00Z,0.3638648862475762,28.003,25844.4
2025-08-31T21:30:00Z,0.3668176421530873,27.954,25775.4
2025-08-31T21:45:00Z,0.36780189412159814,27.89,25728.7
2025-08-31T22:00:00Z,0.37748920604575176,27.828,25659.2
2025-08-31T22:15:00Z,0.3794577099827592,27.774,25606.5
2025-08-31T22:30:00Z,0.3745364501402406,27.734,25570.8
2025-08-31T22:45:00Z,0.38011387796176166,27.71,25539.1
2025-08-31T23:00:00Z,0.37912962599326505,27.69,25530.7
2025-08-31T23:15:00Z,0.3820823818987691,27.644,25497.8
2025-08-31T23:30:00Z,0.39898754159196415,27.603,25475.1
2025-08-31T23:45:00Z,0.38962831365730466,27.565,25454
2025-09-01T00:00:00Z,0.3909406496153096,27.516,25421.5
2025-09-01T00:15:00Z,0.39126873360481085,27.464,25375.7
2025-09-01T00:30:00Z,0.3945495734998232,27.416,25331.5
2025-09-01T00:45:00Z,0.3802690857226452,27.371,25302.6
2025-09-01T01:00:00Z,0.3828937576386551,27.316,25260.9
2025-09-01T01:15:00Z,0.3968461614263319,27.245,25211.1
2025-09-01T01:30:00Z,0.3865026815231687,27.174,25151
2025-09-01T01:45:00Z,0.39979891733184303,27.115,25119.2
2025-09-01T02:00:00Z,0.3994708333423418,27.057,25070.2
2025-09-01T02:15:00Z,0.391095857376186,27.009,25018
2025-09-01T02:30:00Z,0.39667328519770706,26.964,24985
2025-09-01T02:45:00Z,0.4116099409538947,26.917,24963.7
2025-09-01T03:00:00Z,0.4194839567019244,26.877,24921.1
2025-09-01T03:15:00Z,0.41143706472526986,26.834,24897.1
2025-09-01T03:30:00Z,0.41406173664127977,26.797,24868.6
2025-09-01T03:45:00Z,0.4186549124942971,26.75,24834
2025-09-01T04:00:00Z,0.41126418849663793,26.703,24799
2025-09-01T04:15:00Z,0.41585736434966236,26.661,24768.7
2025-09-01T04:30:00Z,0.41749778429716145,26.62,24729.8
2025-09-01T04:45:00Z,0.41651353232865773,26.576,24694.7
2025-09-01T05:00:00Z,0.4101070602995094,26.533,24646.3
2025-09-01T05:15:00Z,0.4084666403519961,26.486,24608.7
2025-09-01T05:30:00Z,0.4094508923204998,26.443,24570.3
2025-09-01T05:45:00Z,0.4137159841840159,26.407,24549.3
2025-09-01T06:00:00Z,0.4179810760475391,26.364,24506.8
2025-09-01T06:15:00Z,0.4232304198795589,26.313,24471.3
2025-09-01T06:30:00Z,0.42651125977457127,26.272,24437
2025-09-01T06:45:00Z,0.42979209966958365,26.238,24410.3
2025-09-01T07:00:00Z,0.4201047877454229,26.201,24394.5
2025-09-01T07:15:00Z,0.4224013756719316,26.172,24385.1
2025-09-01T07:30:00Z,0.42469796359844025,26.157,24377.5
2025-09-01T07:45:00Z,0.41632298763227027,26.146,24376.3
2025-09-01T08:00:00Z,0.41435448369526995,26.139,24372.1
2025-09-01T08:15:00Z,0.4173072396007811,26.129,24365.1
2025-09-01T08:30:00Z,0.41697915561127985,26.118,24346.5
2025-09-01T08:45:00Z,0.4146825676847712,26.103,24337.4
2025-09-01T09:00:00Z,0.42058807949578636,26.107,24348.1
2025-09-01T09:15:00Z,0.4235408354012975,26.13,24345.1
2025-09-01T09:30:00Z,0.4287901792333244,26.179,24375.9
2025-09-01T09:45:00Z,0.43075868317033184,26.277,24433.4
2025-09-01T10:00:00Z,0.4219004154537984,26.394,24527.4
2025-09-01T10:15:00Z,0.40302675182360304,26.484,24574.3
2025-09-01T10:30:00Z,0.3958089040545687,26.595,24656.7
2025-09-01T10:45:00Z,0.3769352404243662,26.712,24757.4
2025-09-01T11:00:00Z,0.3836697964430229,26.812,24848.7
2025-09-01T11:15:00Z,0.3777642846319935,26.929,24962.9
2025-09-01T11:30:00Z,0.38318650469263815,27.091,25101.6
2025-09-01T11:45:00Z,0.3776090768711171,27.354,25302.7
2025-09-01T12:00:00Z,0.534105139863243,27.656,25515.8
2025-09-01T12:15:00Z,0.37351686123624006,27.912,25710.5
2025-09-01T12:30:00Z,0.36662709745670696,28.092,25857.5
2025-09-01T12:45:00Z,0.36203392160368963,28.222,25984.8
2025-09-01T13:00:00Z,0.358424997719176,28.318,26091.6
2025-09-01T13:15:00Z,0.3512071499501488,28.422,26169.9
2025-09-01T13:30:00Z,0.339068042338603,28.573,26273.8
2025-09-01T13:45:00Z,0.3341467824960773,28.704,26397.6
2025-09-01T14:00:00Z,0.3348029504750798,28.804,26512.7
2025-09-01T14:15:00Z,0.34580259835724547,28.89,26600.1
2025-09-01T14:30:00Z,0.3548337423024108,28.942,26640.9
2025-09-01T14:45:00Z,0.35581799427092164,28.994,26633.3
2025-09-01T15:00:00Z,0.3548337423024108,29.047,26645.1
2025-09-01T15:15:00Z,0.35155290240739845,29.07,26641.9
2025-09-01T15:30:00Z,0.33858475058821824,29.098,26682.6
2025-09-01T15:45:00Z,0.33005456686118606,29.119,26675.8
2025-09-01T16:00:00Z,0.32578947499766997,29.142,26589.8
2025-09-01T16:15:00Z,0.3172592912706378,29.171,26597.3
2025-09-01T16:30:00Z,0.33252403101631955,29.172,26608.2
2025-09-01T16:45:00Z,0.3285870231423118,29.147,26561.3
2025-09-01T17:00:00Z,0.33761816708747716,29.102,26453.3
2025-09-01T17:15:00Z,0.33400924320295644,29.039,26405.6
2025-09-01T17:30:00Z,0.33138457128694654,28.968,26338
2025-09-01T17:45:00Z,0.332040739265949,28.886,26250.2
2025-09-01T18:00:00Z,0.3377910433160949,28.801,26123.8
2025-09-01T18:15:00Z,0.3423842191691122,28.714,26060.7
2025-09-01T18:30:00Z,0.3568199147071738,28.633,26049.5
2025-09-01T18:45:00Z,0.3607569225811815,28.549,25962.3
2025-09-01T19:00:00Z,0.38750460195942793,28.476,25830.4
2025-09-01T19:15:00Z,0.3829114261064035,28.428,25786.3
2025-09-01T19:30:00Z,0.37650495407724804,28.368,25730.9
2025-09-01T19:45:00Z,0.3710827340166034,28.297,25670.9
2025-09-01T20:00:00Z,0.3613954220924427,28.218,25570.6
2025-09-01T20:15:00Z,0.3694423140690972,28.159,25539.4
2025-09-01T20:30:00Z,0.36205159007144516,28.096,25518.5
2025-09-01T20:45:00Z,0.3676290178929662,28.028,25480.2
2025-09-01T21:00:00Z,0.3745187816724922,27.961,25375.3
2025-09-01T21:15:00Z,0.39667328519770706,27.908,25335
2025-09-01T21:30:00Z,0.3823927974205219,27.837,25260.8
2025-09-01T21:45:00Z,0.37747153757800334,27.755,25161.8
2025-09-01T22:00:00Z,0.368440393632838,27.68,25065.5
2025-09-01T22:15:00Z,0.3574407457506723,27.613,25005.5
2025-09-01T22:30:00Z,0.37270548549635407,27.535,24928.2
2025-09-01T22:45:00Z,0.3815637532128875,27.467,24868.8
2025-09-01T23:00:00Z,0.38451650911840574,27.418,24826.5
2025-09-01T23:15:00Z,0.3900939369399268,27.355,24786.6
2025-09-01T23:30:00Z,0.39501519678244534,27.295,24732
2025-09-01T23:45:00Z,0.40124879258296886,27.217,24677.3
2025-09-02T00:00:00Z,0.39352998459582267,27.139,24610.5
2025-09-02T00:15:00Z,0.3981231604488329,27.057,24519.5
2025-09-02T00:30:00Z,0.39943549640683784,26.986,24470.1
2025-09-02T00:45:00Z,0.38318650469263815,26.909,24406.5
2025-09-02T01:00:00Z,0.3861392605981493,26.85,24355.9
2025-09-02T01:15:00Z,0.3861392605981493,26.801,24300.6
2025-09-02T01:30:00Z,0.3854830926191468,26.747,24261.9
2025-09-02T01:45:00Z,0.3913886044301691,26.699,24216.7
2025-09-02T02:00:00Z,0.3913886044301691,26.653,24141.9
2025-09-02T02:15:00Z,0.3861392605981493,26.616,24123.3
2025-09-02T02:30:00Z,0.38909201650366043,26.579,24113
2025-09-02T02:45:00Z,0.3871235125666601,26.533,24069.8
2025-09-02T03:00:00Z,0.38417075666114187,26.49,24039.2
2025-09-02T03:15:00Z,0.3945142365643193,26.456,24012.7
2025-09-02T03:30:00Z,0.3964827405013267,26.426,23974.7
2025-09-02T03:45:00Z,0.39681082449082794,26.391,23948.2
2025-09-02T04:00:00Z,0.39418615257481804,26.353,23933.4
2025-09-02T04:15:00Z,0.39517040454332175,26.319,23901.9
2025-09-02T04:30:00Z,0.3971389084803292,26.28,23849.6
2025-09-02T04:45:00Z,0.3991074124173437,26.25,23814.7
2025-09-02T05:00:00Z,0.4050129242283589,26.225,23780.7
2025-09-02T05:15:00Z,0.40468484023886475,26.203,23762.3
2025-09-02T05:30:00Z,0.4164958638609093,26.178,23712.4
2025-09-02T05:45:00Z,0.4260102995564523,26.153,23675.5
2025-09-02T06:00:00Z,0.42732263551445016,26.131,23659.6
2025-09-02T06:15:00Z,0.42058807949578636,26.102,23636.3
2025-09-02T06:30:00Z,0.41352543948764264,26.073,23621
2025-09-02T06:45:00Z,0.41615011140365255,26.046,23609.9
2025-09-02T07:00:00Z,0.416806279382655,26.019,23610.7
2025-09-02T07:15:00Z,0.4071189674584872,25.995,23585.8
2025-09-02T07:30:00Z,0.4149929832065169,25.965,23577.6
2025-09-02T07:45:00Z,0.41532106719601813,25.935,23537.7
2025-09-02T08:00:00Z,0.412368311290507,25.919,23520.5
2025-09-02T08:15:00Z,0.412368311290507,25.91,23519.4
2025-09-02T08:30:00Z,0.4030090833558475,25.915,23530.6
2025-09-02T08:45:00Z,0.4066180072403611,25.916,23560.3
2025-09-02T09:00:00Z,0.4125235190513834,25.92,23567
2025-09-02T09:15:00Z,0.4203975347994202,25.924,23572.6
2025-09-02T09:30:00Z,0.4213817867679239,25.925,23591.4
2025-09-02T09:45:00Z,0.4246626266629363,25.939,23600.3
2025-09-02T10:00:00Z,0.4153033987282697,25.982,23629.3
2025-09-02T10:15:00Z,0.42416166644480313,26.048,23680.4
2025-09-02T10:30:00Z,0.43400418612984026,26.153,23734.6
2025-09-02T10:45:00Z,0.4203798663316647,26.308,23820.1
2025-09-02T11:00:00Z,0.42464495819517367,26.456,23926
2025-09-02T11:15:00Z,0.41397339430250923,26.631,24062.2
2025-09-02T11:30:00Z,0.39772440258832376,26.805,24200.6
2025-09-02T11:45:00Z,0.375897983052603,26.969,24343.4
2025-09-02T12:00:00Z,0.5274727862022104,27.1,24455.4
2025-09-02T12:15:00Z,0.3429167078738473,27.248,24663.1
2025-09-02T12:30:00Z,0.33980874420745977,27.422,24853.3
2025-09-02T12:45:00Z,0.31979562084787716,27.527,25093.2
2025-09-02T13:00:00Z,0.3278425128245388,27.602,25126
2025-09-02T13:15:00Z,0.32473454915815125,27.63,25171.9
2025-09-02T13:30:00Z,0.3232670054392699,27.689,25214.3
2025-09-02T13:45:00Z,0.32803305752091916,27.725,25281.9
2025-09-02T14:00:00Z,0.33312719359206966,27.759,25242.7
2025-09-02T14:15:00Z,0.33559665774719605,27.795,25247.3
2025-09-02T14:30:00Z,0.3420031297763515,27.855,25198.4
2025-09-02T14:45:00Z,0.335769533975828,27.902,25151.4
2025-09-02T15:00:00Z,0.3408636700469714,27.927,25166
2025-09-02T15:15:00Z,0.3392232500994652,27.954,25211.8
2025-09-02T15:30:00Z,0.34497355414962527,27.99,25205.1
2025-09-02T15:45:00Z,0.34300505021261074,28.024,25175.8
2025-09-02T16:00:00Z,0.3444902623992476,28.063,25128.8
2025-09-02T16:15:00Z,0.34580259835724547,28.1,25104.3
2025-09-02T16:30:00Z,0.34481834638874886,28.119,25082.6
2025-09-02T16:45:00Z,0.34317792644123557,28.13,25057.5
2025-09-02T17:00:00Z,0.35417757432340835,28.113,25004.1
2025-09-02T17:15:00Z,0.3398970865462232,28.074,24992.9
2025-09-02T17:30:00Z,0.3508967344284031,28.017,24930.4
2025-09-02T17:45:00Z,0.3433508026698675,27.964,24851.1
2025-09-02T18:00:00Z,0.33941379479585265,27.9,24740.5
2025-09-02T18:15:00Z,0.34105421474335884,27.852,24684.9
2025-09-02T18:30:00Z,0.34302271868036627,27.813,24613.5
2025-09-02T18:45:00Z,0.34892823049138855,27.78,24573.3
2025-09-02T19:00:00Z,0.3589436264050576,27.75,24546.8
2025-09-02T19:15:00Z,NA,27.718,24538.4
2025-09-02T19:30:00Z,NA,27.689,24508.6
2025-09-02T19:45:00Z,NA,27.659,24505.6
2025-09-02T20:00:00Z,NA,27.628,24474.1
2025-09-02T20:15:00Z,NA,27.591,24461.7
2025-09-02T20:30:00Z,NA,27.554,24418
2025-09-02T20:45:00Z,NA,27.514,24406.2
2025-09-02T21:00:00Z,NA,27.474,24383
2025-09-02T21:15:00Z,NA,27.433,24349.8
2025-09-02T21:30:00Z,NA,27.392,24319.1
2025-09-02T21:45:00Z,NA,27.348,24293.6
2025-09-02T22:00:00Z,NA,27.297,24271
2025-09-02T22:15:00Z,NA,27.254,24224.8
2025-09-02T22:30:00Z,NA,27.215,24208.1
2025-09-02T22:45:00Z,NA,27.185,24188.9
2025-09-02T23:00:00Z,NA,27.149,24172.9
2025-09-02T23:15:00Z,NA,27.106,24128.7
2025-09-02T23:30:00Z,NA,27.062,24100.9
2025-09-02T23:45:00Z,NA,27.024,24072.9
2025-09-03T00:00:00Z,NA,26.992,24075.8
2025-09-03T00:15:00Z,NA,26.962,24037
2025-09-03T00:30:00Z,NA,26.943,24032.2
2025-09-03T00:45:00Z,NA,26.92,24019.3
2025-09-03T01:00:00Z,NA,26.891,23993.8
2025-09-03T01:15:00Z,NA,26.846,23960.4
2025-09-03T01:30:00Z,NA,26.785,23919.9
2025-09-03T01:45:00Z,NA,26.728,23869.3
2025-09-03T02:00:00Z,NA,26.68,23814.6
2025-09-03T02:15:00Z,NA,26.63,23775.5
2025-09-03T02:30:00Z,NA,26.578,23755.3
2025-09-03T02:45:00Z,NA,26.519,23694.9
2025-09-03T03:00:00Z,NA,26.458,23651.9
2025-09-03T03:15:00Z,NA,26.405,23614.8
2025-09-03T03:30:00Z,NA,26.354,23589.4
2025-09-03T03:45:00Z,NA,26.309,23549.7
2025-09-03T04:00:00Z,NA,26.272,23526.7
2025-09-03T04:15:00Z,NA,26.232,23508.5
2025-09-03T04:30:00Z,NA,26.198,23488.3
2025-09-03T04:45:00Z,NA,26.165,23460.3
2025-09-03T05:00:00Z,NA,26.132,23448.1
2025-09-03T05:15:00Z,NA,26.103,23418.4
2025-09-03T05:30:00Z,NA,26.077,23408.9
2025-09-03T05:45:00Z,NA,26.053,23392.5
2025-09-03T06:00:00Z,NA,26.031,23378
2025-09-03T06:15:00Z,NA,26.012,23383.9
2025-09-03T06:30:00Z,NA,26.003,23380.2
2025-09-03T06:45:00Z,NA,25.988,23373.2
2025-09-03T07:00:00Z,NA,25.97,23375.2
2025-09-03T07:15:00Z,NA,25.947,23362
2025-09-03T07:30:00Z,NA,25.915,23351.9
2025-09-03T07:45:00Z,NA,25.892,23323.3
2025-09-03T08:00:00Z,NA,25.866,23321
2025-09-03T08:15:00Z,NA,25.833,23307.3
2025-09-03T08:30:00Z,NA,25.806,23289.7
2025-09-03T08:45:00Z,NA,25.803,23289.1
2025-09-03T09:00:00Z,NA,25.821,23305.2
2025-09-03T09:15:00Z,NA,25.867,23343.5
2025-09-03T09:30:00Z,NA,25.954,23420
2025-09-03T09:45:00Z,NA,26.056,23524.5
2025-09-03T10:00:00Z,NA,26.104,23581.6
2025-09-03T10:15:00Z,NA,26.197,23671.5
2025-09-03T10:30:00Z,NA,26.315,23793.8
2025-09-03T10:45:00Z,NA,26.51,23995.9
2025-09-03T11:00:00Z,NA,26.774,24230.7
2025-09-03T11:15:00Z,NA,27.031,24496.6
2025-09-03T11:30:00Z,NA,27.254,24711.3
2025-09-03T11:45:00Z,NA,27.421,24866.6
2025-09-03T12:00:00Z,NA,27.6,24991.4
2025-09-03T12:15:00Z,NA,27.799,25183.6
2025-09-03T12:30:00Z,NA,28.027,25429.8
2025-09-03T12:45:00Z,NA,28.16,25594.9
2025-09-03T13:00:00Z,NA,28.252,25703
2025-09-03T13:15:00Z,NA,28.358,25821.9
2025-09-03T13:30:00Z,NA,28.454,25902.4
2025-09-03T13:45:00Z,NA,28.544,25957.3
2025-09-03T14:00:00Z,NA,28.635,26047.4
2025-09-03T14:15:00Z,NA,28.717,26185.9
2025-09-03T14:30:00Z,NA,28.783,26228
2025-09-03T14:45:00Z,NA,28.841,26212.7
2025-09-03T15:00:00Z,NA,28.904,26222.5
2025-09-03T15:15:00Z,NA,28.97,26242.1
2025-09-03T15:30:00Z,NA,29.019,26248.4
2025-09-03T15:45:00Z,NA,29.053,26280.3
2025-09-03T16:00:00Z,NA,29.053,26285.8
2025-09-03T16:15:00Z,NA,29.027,26258.4
2025-09-03T16:30:00Z,NA,29.002,26212.8
2025-09-03T16:45:00Z,NA,28.991,26153.2
2025-09-03T17:00:00Z,NA,28.98,26124.6
2025-09-03T17:15:00Z,NA,28.95,26093
2025-09-03T17:30:00Z,NA,28.895,26003.7
2025-09-03T17:45:00Z,NA,28.833,25951
2025-09-03T18:00:00Z,NA,28.776,25865
2025-09-03T18:15:00Z,NA,28.721,25792.1
2025-09-03T18:30:00Z,NA,28.671,25721.3
2025-09-03T18:45:00Z,NA,28.622,25663.5
2025-09-03T19:00:00Z,NA,28.577,25626.4
2025-09-03T19:15:00Z,NA,28.537,25592.3
2025-09-03T19:30:00Z,NA,28.49,25555.1
2025-09-03T19:45:00Z,NA,28.441,25535.3
2025-09-03T20:00:00Z,NA,28.398,25481
2025-09-03T20:15:00Z,NA,28.356,25473.2
2025-09-03T20:30:00Z,NA,28.306,25414.5
2025-09-03T20:45:00Z,NA,28.25,25387
2025-09-03T21:00:00Z,NA,28.192,25336.5
2025-09-03T21:15:00Z,NA,28.141,25287.8
2025-09-03T21:30:00Z,NA,28.084,25278.1
2025-09-03T21:45:00Z,NA,28.026,25225.7
2025-09-03T22:00:00Z,NA,27.982,25209.7
2025-09-03T22:15:00Z,NA,27.928,25170.2
2025-09-03T22:30:00Z,NA,27.88,25132.8
2025-09-03T22:45:00Z,NA,27.834,25103.6
2025-09-03T23:00:00Z,NA,27.79,25106.5
2025-09-03T23:15:00Z,NA,27.733,25064.5
2025-09-03T23:30:00Z,NA,27.675,25023.9
2025-09-03T23:45:00Z,NA,27.622,24984.1
2025-09-04T00:00:00Z,NA,27.568,24972.3
2025-09-04T00:15:00Z,NA,27.509,24940.2
2025-09-04T00:30:00Z,NA,27.44,24891.2
2025-09-04T00:45:00Z,NA,27.371,24843.3
2025-09-04T01:00:00Z,NA,27.313,24813.7
2025-09-04T01:15:00Z,NA,27.255,24764.1
2025-09-04T01:30:00Z,NA,27.211,24741.1
2025-09-04T01:45:00Z,NA,27.173,24724.4
2025-09-04T02:00:00Z,NA,27.126,24703.4
2025-09-04T02:15:00Z,NA,27.082,24680.3
2025-09-04T02:30:00Z,NA,27.044,24671.1
2025-09-04T02:45:00Z,NA,27,24643.5
2025-09-04T03:00:00Z,NA,26.954,24619.8
2025-09-04T03:15:00Z,NA,26.911,24594
2025-09-04T03:30:00Z,NA,26.863,24567.5
2025-09-04T03:45:00Z,NA,26.817,24534.7
2025-09-04T04:00:00Z,NA,26.762,24502.2
2025-09-04T04:15:00Z,NA,26.713,24476.2
2025-09-04T04:30:00Z,NA,26.662,24456.9
2025-09-04T04:45:00Z,NA,26.615,24404.2
2025-09-04T05:00:00Z,NA,26.571,24394.1
2025-09-04T05:15:00Z,NA,26.526,24365.8
2025-09-04T05:30:00Z,NA,26.476,24333.4
2025-09-04T05:45:00Z,NA,26.429,24294.3
2025-09-04T06:00:00Z,NA,26.367,24249.8
2025-09-04T06:15:00Z,NA,26.316,24227.4
2025-09-04T06:30:00Z,NA,26.28,24219.4
2025-09-04T06:45:00Z,NA,26.25,24211.1
2025-09-04T07:00:00Z,NA,26.209,24196.3
2025-09-04T07:15:00Z,0.38272088141002314,26.171,24172.1
2025-09-04T07:30:00Z,0.3882983092315513,26.138,24172.5
2025-09-04T07:45:00Z,0.3825480051813983,26.11,24186.4
2025-09-04T08:00:00Z,0.3832041731604008,26.093,24171.9
2025-09-04T08:15:00Z,0.3835322571498949,26.076,24186.4
2025-09-04T08:30:00Z,0.3835322571498949,26.065,24217.3
2025-09-04T08:45:00Z,0.3695798533622181,26.061,24240.5
2025-09-04T09:00:00Z,0.3685956013937215,26.051,24213.4
2025-09-04T09:15:00Z,0.36925176937272397,26.091,24339.4
2025-09-04T09:30:00Z,0.375330157412364,26.194,24503.9
2025-09-04T09:45:00Z,0.3730335694858553,26.284,24715.1
2025-09-04T10:00:00Z,0.374017821454359,26.356,24875.7
2025-09-04T10:15:00Z,0.37500207342286984,26.397,24965.8
2025-09-04T10:30:00Z,0.3756582414018652,26.42,24984.9
2025-09-04T10:45:00Z,0.3713931495383491,26.473,25067.7
2025-09-04T11:00:00Z,0.3592540419267962,26.567,25199.5
2025-09-04T11:15:00Z,0.35334853011578105,26.685,25319.3
2025-09-04T11:30:00Z,0.34744301830475877,26.811,25482.3
2025-09-04T11:45:00Z,0.34383409442023805,26.941,25603.2
2025-09-04T12:00:00Z,0.5136263932210525,27.081,25760.1
2025-09-04T12:15:00Z,0.34564739059637617,27.221,25861.1
2025-09-04T12:30:00Z,0.34713260278301306,27.365,25995.7
2025-09-04T12:45:00Z,0.33860241905597377,27.507,26120.1
2025-09-04T13:00:00Z,0.32449480750742055,27.651,26195.2
2025-09-04T13:15:00Z,0.31432420383287507,27.794,26343.9
2025-09-04T13:30:00Z,0.3034974321793342,27.933,26458.1
2025-09-04T13:45:00Z,0.304982644365964,28.067,26544.2
2025-09-04T14:00:00Z,0.30515552059459594,28.197,26636.9
2025-09-04T14:15:00Z,0.2953130009095588,28.316,26653.1
2025-09-04T14:30:00Z,0.296142045117179,28.423,26701.9
2025-09-04T14:45:00Z,0.28761186139014683,28.514,26743.9
2025-09-04T15:00:00Z,0.2907374935242899,28.591,26798.5
2025-09-04T15:15:00Z,0.2958316295954333,28.659,26836.7
2025-09-04T15:30:00Z,0.28762952985790236,28.715,26854.9
2025-09-04T15:45:00Z,0.29173941396054204,28.763,26844.8
2025-09-04T16:00:00Z,0.3033952298217102,28.803,26900.4
2025-09-04T16:15:00Z,0.29880205396869286,28.802,26908.7
2025-09-04T16:30:00Z,0.29519313008417924,28.781,26894.8
2025-09-04T16:45:00Z,0.30028726615532975,28.757,26804.9
2025-09-04T17:00:00Z,0.2940536703547991,28.721,26719.1
2025-09-04T17:15:00Z,0.291100914449288,28.66,26649
2025-09-04T17:30:00Z,0.3050533182369719,28.582,26535.3
2025-09-04T17:45:00Z,0.3014443943524583,28.491,26397.9
2025-09-04T18:00:00Z,0.3117878742556286,28.422,26273.8
2025-09-04T18:15:00Z,0.3180214700561521,28.365,26204.7
2025-09-04T18:30:00Z,0.3190057220246558,28.311,26093.7
2025-09-04T18:45:00Z,0.32261464590916944,28.262,26045.8
2025-09-04T19:00:00Z,0.327535905751688,28.215,25985.6
2025-09-04T19:15:00Z,0.327535905751688,28.17,25930.5
2025-09-04T19:30:00Z,0.33048866165720625,28.125,25898.2
2025-09-04T19:45:00Z,0.3380345934157347,28.084,25855.4
2025-09-04T20:00:00Z,0.32801919750206565,28.05,25804
2025-09-04T20:15:00Z,0.3303157854285743,28.017,25779.3
2025-09-04T20:30:00Z,0.32900344947056226,27.968,25745.8
2025-09-04T20:45:00Z,0.3329404573445842,27.923,25675.9
2025-09-04T21:00:00Z,0.3372055492081003,27.878,25648.7
2025-09-04T21:15:00Z,0.3278463212734408,27.832,25618.2
2025-09-04T21:30:00Z,0.3404863891031127,27.783,25590.3
2025-09-04T21:45:00Z,0.32390931339941886,27.732,25529.3
2025-09-04T22:00:00Z,0.32686206930493,27.672,25484
2025-09-04T22:15:00Z,0.32653398531542877,27.61,25439.1
2025-09-04T22:30:00Z,0.33604842101097177,27.556,25415.8
2025-09-04T22:45:00Z,0.34293818479049776,27.473,25342.4
2025-09-04T23:00:00Z,0.3396573448954783,27.405,25295.2
2025-09-04T23:15:00Z,0.3399854288849795,27.345,25234.5
2025-09-04T23:30:00Z,0.34129776484299157,27.299,25207.5
2025-09-04T23:45:00Z,0.33325087286633703,27.248,25157.3
2025-09-05T00:00:00Z,0.3511402845280287,27.189,25132.2
2025-09-05T00:15:00Z,0.35146836851752994,27.123,25086.8
2025-09-05T00:30:00Z,0.3544211244230411,27.062,25037
2025-09-05T00:45:00Z,0.3476865684043915,26.999,25004
2025-09-05T01:00:00Z,0.35063932430990263,26.937,24950.7
2025-09-05T01:15:00Z,0.35260782824691006,26.881,24900.6
2025-09-05T01:30:00Z,0.3519516602679147,26.827,24882.3
2025-09-05T01:45:00Z,0.356544836120932,26.785,24854.7
2025-09-05T02:00:00Z,0.3478417761652679,26.756,24846.8
2025-09-05T02:15:00Z,0.36048184399493977,26.725,24837.5
2025-09-05T02:30:00Z,0.3660592718164608,26.688,24815.2
2025-09-05T02:45:00Z,0.3670435237849716,26.654,24802.1
2025-09-05T03:00:00Z,0.3599808837768137,26.616,24825.5
2025-09-05T03:15:00Z,0.3609651357453174,26.575,24778.9
2025-09-05T03:30:00Z,0.3540753719657914,26.541,24769.3
2025-09-05T03:45:00Z,0.35177878403928275,26.496,24744.1
2025-09-05T04:00:00Z,0.3573562118608038,26.45,24722.5
2025-09-05T04:15:00Z,0.35702812787130256,26.4,24698.5
2025-09-05T04:30:00Z,0.3616213037243199,26.358,24667.1
2025-09-05T04:45:00Z,0.37951071538601866,26.316,24657.7
2025-09-05T05:00:00Z,0.3740884953253669,26.268,24622.8
2025-09-05T05:15:00Z,0.37769741920988764,26.213,24575
2025-09-05T05:30:00Z,0.38753993889491767,26.158,24525.7
2025-09-05T05:45:00Z,0.39082077878993715,26.096,24501.5
2025-09-05T06:00:00Z,0.3850704747397913,26.046,24477.4
2025-09-05T06:15:00Z,0.39163215452982314,26.004,24445.1
2025-09-05T06:30:00Z,0.38227292659514944,25.966,24423.3
2025-09-05T06:45:00Z,0.3881784384061788,25.94,24420.1
2025-09-05T07:00:00Z,0.3804596304190113,25.911,24429.5
2025-09-05T07:15:00Z,0.385380890261537,25.884,24427.4
2025-09-05T07:30:00Z,0.3870213102090432,25.856,24415.7
2025-09-05T07:45:00Z,0.37667783030588,25.832,24416.2
2025-09-05T08:00:00Z,0.3793025022218899,25.818,24443.9
2025-09-05T08:15:00Z,0.3838956780749072,25.798,24496.8
2025-09-05T08:30:00Z,0.3898011898859366,25.774,24495.8
2025-09-05T08:45:00Z,0.3924258618019465,25.758,24489.4
2025-09-05T09:00:00Z,0.3950505337179564,25.756,24482.7
2025-09-05T09:15:00Z,0.3856913057832827,25.775,24514.4
2025-09-05T09:30:00Z,0.38601938977279104,25.808,24561.2
2025-09-05T09:45:00Z,0.3876598097202901,25.86,24629.5
2025-09-05T10:00:00Z,0.39028448163630713,25.908,24716.2
2025-09-05T10:15:00Z,0.36977039805860556,25.964,24778.9
2025-09-05T10:30:00Z,0.37042656603760804,26.053,24868.5
2025-09-05T10:45:00Z,0.3674738101320969,26.209,24993
2025-09-05T11:00:00Z,0.364849138216087,26.393,25198.3
2025-09-05T11:15:00Z,0.3612402143315663,26.597,25443.2
2025-09-05T11:30:00Z,0.3563189544890477,26.764,25624.3
2025-09-05T11:45:00Z,0.3422113429404945,26.908,25766
2025-09-05T12:00:00Z,0.4924738101320969,27.057,25943.1
2025-09-05T12:15:00Z,0.3179331277173958,27.18,26132.5
2025-09-05T12:30:00Z,0.30874677601135403,27.27,26256.5
2025-09-05T12:45:00Z,0.3144970800614999,27.366,26362.1
2025-09-05T13:00:00Z,0.30793540027147515,27.468,26478.5
2025-09-05T13:15:00Z,0.31138911639511946,27.548,26583.7
2025-09-05T13:30:00Z,0.31287432858174213,27.654,26674
2025-09-05T13:45:00Z,0.31221816060274676,27.794,26891.9
2025-09-05T14:00:00Z,0.3209212205584038,27.93,27101.3
2025-09-05T14:15:00Z,0.314359540768379,28.05,27239.7
2025-09-05T14:30:00Z,0.3168290049235196,28.151,27292.3
2025-09-05T14:45:00Z,0.3089549891754899,28.207,27263.1
2025-09-05T15:00:00Z,0.30862690518598157,28.28,27333.1
2025-09-05T15:15:00Z,0.30633031725948,28.34,27317.4
2025-09-05T15:30:00Z,0.3156895451941395,28.386,27256.3
2025-09-05T15:45:00Z,0.31437720923612744,28.423,27228.6
2025-09-05T16:00:00Z,0.3114244533306163,28.442,27171.6
2025-09-05T16:15:00Z,0.3061751094985965,28.443,27144
2025-09-05T16:30:00Z,0.30486277354059155,28.429,27046.1
2025-09-05T16:45:00Z,0.30158193364557917,28.401,27002.4
2025-09-05T17:00:00Z,0.3002695976875742,28.356,26899.8
2025-09-05T17:15:00Z,0.30733223769573215,28.281,26775.2
2025-09-05T17:30:00Z,0.3106130775907445,28.206,26665.8
2025-09-05T17:45:00Z,0.3076603216852334,28.13,26532.7
2025-09-05T18:00:00Z,0.3076603216852334,28.066,26446.9
2025-09-05T18:15:00Z,0.3050356497692235,28.01,26360.5
2025-09-05T18:30:00Z,0.3033952298217102,27.955,26298.3
2025-09-05T18:45:00Z,0.319972305525404,27.902,26250.8
2025-09-05T19:00:00Z,0.3216127254729102,27.852,26187.3
2025-09-05T19:15:00Z,0.3294867412209399,27.807,26132.9
2025-09-05T19:30:00Z,0.33243949712645104,27.764,26089.3
2025-09-05T19:45:00Z,0.33867309292698167,27.719,26053.6
2025-09-05T20:00:00Z,0.34293818479049776,27.675,26000
2025-09-05T20:15:00Z,0.33882830068785097,27.617,25948.5
2025-09-05T20:30:00Z,0.34210914058287045,27.553,25857.5
2025-09-05T20:45:00Z,0.34571806446738407,27.481,25804.3
2025-09-05T21:00:00Z,0.34029584440673943,27.422,25771
2025-09-05T21:15:00Z,0.3445609362702484,27.348,25701
2025-09-05T21:30:00Z,0.3374982962621047,27.275,25653.1
2025-09-05T21:45:00Z,0.33520170833558893,27.199,25587.3
2025-09-05T22:00:00Z,0.33979488418861337,27.13,25515.3
2025-09-05T22:15:00Z,0.34766889993664307,27.058,25472.7
2025-09-05T22:30:00Z,0.35193399180015916,26.996,25443.9
2025-09-05T22:45:00Z,0.3548867477056703,26.929,25380.4
2025-09-05T23:00:00Z,0.35110494759252475,26.863,25339
2025-09-05T23:15:00Z,0.35438578748753713,26.787,25314.7
2025-09-05T23:30:00Z,0.35733854339304827,26.717,25248.3
2025-09-05T23:45:00Z,0.36061938328806775,26.653,25206.3
2025-09-06T00:00:00Z,0.3548690792379148,26.594,25173
2025-09-06T00:15:00Z,0.36175884301744077,26.539,25142.3
2025-09-06T00:30:00Z,0.36668010285995933,26.489,25102.5
2025-09-06T00:45:00Z,0.36864860679697387,26.431,25075.6
2025-09-06T01:00:00Z,0.35830512689380356,26.361,25029.4
2025-09-06T01:15:00Z,0.36683531062083574,26.299,24989.3
2025-09-06T01:30:00Z,0.3750374103583738,26.238,24967.5
2025-09-06T01:45:00Z,0.3663343504027097,26.176,24928.2
2025-09-06T02:00:00Z,0.3673186023712134,26.113,24886.1
2025-09-06T02:15:00Z,0.37125561024522824,26.049,24844.6
2025-09-06T02:30:00Z,0.3632087182685737,25.998,24816.5
2025-09-06T02:45:00Z,0.36878614609009475,25.965,24803.2
2025-09-06T02:45:00Z,0.36878614609009475,25.965,24803.2
2025-09-06T03:00:00Z,0.369114230079596,25.944,24818.4
2025-09-06T03:15:00Z,0.37141081800610465,25.921,24839.3
2025-09-06T03:30:00Z,0.37567590986962784,25.905,24846.9
2025-09-06T03:45:00Z,0.3815814216806501,25.887,24848.8
2025-09-06T04:00:00Z,0.3907677733866848,25.862,24817.6
2025-09-06T04:15:00Z,0.38436130135752933,25.83,24819.9
2025-09-06T04:30:00Z,0.3919072331160649,25.79,24796.6
2025-09-06T04:30:00Z,0.3919072331160649,25.79,24796.6
2025-09-06T04:45:00Z,0.39846891290608966,25.75,24774.4
2025-09-06T05:00:00Z,0.3956713647614478,25.718,24755.5
2025-09-06T05:15:00Z,0.4005926246039664,25.678,24741.6
2025-09-06T05:30:00Z,0.3905772286903044,25.632,24748.6
2025-09-06T05:45:00Z,0.38417075666114187,25.59,24723.7
2025-09-06T06:00:00Z,0.38679542857715177,25.555,24688.2
2025-09-06T06:15:00Z,0.39434136033568734,25.508,24683.2
2025-09-06T06:30:00Z,0.3899033922435464,25.467,24672.5
2025-09-06T06:45:00Z,0.4020424998550922,25.43,24629.8
2025-09-06T07:00:00Z,0.4115569355506352,25.392,24632
2025-09-06T07:15:00Z,0.40515046352147976,25.36,24634
2025-09-06T07:30:00Z,0.40777513543748967,25.331,24603.6
2025-09-06T07:45:00Z,0.4039933353243512,25.303,24612.1
2025-09-06T08:00:00Z,0.39496219137918587,25.276,24634.1
2025-09-06T08:15:00Z,0.40021153521120567,25.26,24669.1
2025-09-06T08:30:00Z,0.39988345122170443,25.242,24661.9
2025-09-06T08:45:00Z,0.39478931515055393,25.237,24717.3
2025-09-06T09:00:00Z,0.40003865898257374,25.238,24768.9
2025-09-06T09:15:00Z,0.40463183483559817,25.218,24794.5
2025-09-06T09:30:00Z,0.409881178667618,25.215,24833.3
2025-09-06T09:45:00Z,0.3962568588694353,25.235,24883.2
2025-09-06T10:00:00Z,0.3913355990269096,25.28,24939.9
2025-09-06T10:15:00Z,0.38624146295577333,25.352,25031.6
2025-09-06T10:30:00Z,0.3842729590187659,25.453,25157.9
2025-09-06T10:45:00Z,0.38296062306076095,25.584,25326.8
2025-09-06T11:00:00Z,0.3806640351342523,25.74,25534.3
2025-09-06T11:15:00Z,0.37344618736522506,25.888,25686.6
2025-09-06T11:30:00Z,0.3685249275226994,26.045,25858
2025-09-06T11:45:00Z,0.3573700718796573,26.222,26039.7
2025-09-06T12:00:00Z,0.5151784708297882,26.378,26281.4
2025-09-06T12:15:00Z,0.3478556361841214,26.527,26471.8
2025-09-06T12:30:00Z,0.34227820836259326,26.676,26635.1
2025-09-06T12:45:00Z,0.33506036059357314,26.82,26757.2
2025-09-06T13:00:00Z,0.3391702446962057,26.957,26873.1
2025-09-06T13:15:00Z,0.33260856490618096,27.086,26935.9
2025-09-06T13:30:00Z,0.3217817932526401,27.242,27111.6
2025-09-06T13:45:00Z,0.3145639454836058,27.363,27184.5
2025-09-06T14:00:00Z,0.31408065373323524,27.495,27157.4
2025-09-06T14:15:00Z,0.3104717298487216,27.596,27273.6
2025-09-06T14:30:00Z,0.30456621803769224,27.703,27337.8
2025-09-06T14:45:00Z,0.31130077405634893,27.796,27359.6
2025-09-06T15:00:00Z,0.31901958204350933,27.877,27419.9
2025-09-06T15:15:00Z,0.3154106581590028,27.931,27407.4
2025-09-06T15:30:00Z,0.3111455662954796,27.985,27352
2025-09-06T15:45:00Z,0.30786472640046725,28.024,27294.9
2025-09-06T16:00:00Z,0.3065523904424623,28.036,27271
2025-09-06T16:15:00Z,0.30622430645296106,28.04,27230.6
2025-09-06T16:30:00Z,0.3142711984296156,28.039,27172.2
2025-09-06T16:45:00Z,0.316239702366623,28.022,27139.4
2025-09-06T17:00:00Z,0.31820820630363045,27.989,27065.2
2025-09-06T17:15:00Z,0.31820820630363045,27.919,26959.6
2025-09-06T17:30:00Z,0.31755203832462797,27.842,26805.5
2025-09-06T17:45:00Z,0.31820820630363045,27.759,26666.6
2025-09-06T18:00:00Z,0.31492736640861807,27.688,26552
2025-09-06T18:15:00Z,0.3132869464611119,27.63,26487.2
2025-09-06T18:30:00Z,0.316239702366623,27.579,26392.6
2025-09-06T18:45:00Z,0.3178801223141292,27.531,26311.8
2025-09-06T19:00:00Z,0.33445719801782303,27.488,26276.1
2025-09-06T19:15:00Z,0.342659297755354,27.44,26231
2025-09-06T19:30:00Z,0.350861397492892,27.391,26156.5
2025-09-06T19:45:00Z,0.3480638493482502,27.344,26102
2025-09-06T20:00:00Z,0.35200085722226504,27.293,26054.4
2025-09-06T20:15:00Z,0.3455943851931238,27.249,26005.3
2025-09-06T20:30:00Z,0.34887522508812907,27.207,25969.2
2025-09-06T20:45:00Z,0.3424687530589807,27.166,25934.9
2025-09-06T21:00:00Z,0.34378108901697857,27.116,25885.9
2025-09-06T21:15:00Z,0.34345300502747733,27.062,25840.9
2025-09-06T21:30:00Z,0.33409377709281074,26.998,25797.9
2025-09-06T21:45:00Z,0.3396712049143318,26.932,25747.5
2025-09-06T22:00:00Z,0.339999288903833,26.861,25682.9
2025-09-06T22:15:00Z,0.34196779284084755,26.797,25641.5
2025-09-06T22:30:00Z,0.343936296777855,26.735,25596.6
2025-09-06T22:45:00Z,0.3491856406098748,26.673,25521.4
2025-09-06T23:00:00Z,0.35312264848388963,26.629,25508.1
2025-09-06T23:15:00Z,0.35771582433691407,26.568,25443.9
2025-09-06T23:30:00Z,0.3573877403474057,26.504,25394.3
2025-09-06T23:45:00Z,0.3470442604442354,26.445,25357.1
2025-09-07T00:00:00Z,0.3496689323602524,26.388,25315.3
2025-09-07T00:15:00Z,0.3519655202867611,26.328,25273.5
2025-09-07T00:30:00Z,0.35491827619227223,26.265,25249.4
2025-09-07T00:45:00Z,0.35262168826575646,26.205,25182
2025-09-07T01:00:00Z,0.35787103209778337,26.139,25133.7
2025-09-07T01:15:00Z,0.3539340242237685,26.075,25103.1
2025-09-07T01:30:00Z,0.3562306121502701,26.015,25068.4
2025-09-07T01:45:00Z,0.36213612396129946,25.954,25025.2
2025-09-07T02:00:00Z,0.3631203759298032,25.896,24984
2025-09-07T02:15:00Z,0.36377654390879854,25.823,24935.9
2025-09-07T02:30:00Z,0.36476079587730936,25.754,24874.4
2025-09-07T02:45:00Z,0.3667292998143168,25.685,24836.8
2025-09-07T03:00:00Z,0.3719786436463366,25.619,24769.9
2025-09-07T03:15:00Z,0.37493139955184773,25.567,24750.8
2025-09-07T03:30:00Z,0.3805088273733688,25.508,24733.6
2025-09-07T03:45:00Z,0.3831334992893787,25.442,24669.9
2025-09-07T04:00:00Z,0.38707050716340063,25.378,24626.7
2025-09-07T04:15:00Z,0.3952726069009316,25.319,24580.6
2025-09-07T04:30:00Z,0.39247505875629685,25.267,24581.8
2025-09-07T04:45:00Z,0.3990367385463216,25.214,24575
2025-09-07T05:00:00Z,0.40362991439934603,25.177,24570.3
2025-09-07T05:15:00Z,0.39689535838068934,25.134,24514.4
2025-09-07T05:30:00Z,0.3998481142862005,25.081,24462.1
2025-09-07T05:45:00Z,0.3904888863515339,25.043,24406.6
2025-09-07T06:00:00Z,0.3950820622045512,25.001,24358.2
2025-09-07T06:15:00Z,0.4036122459315834,24.953,24325.8
2025-09-07T06:30:00Z,0.3958934379444301,24.91,24296.7
2025-09-07T06:45:00Z,0.39851810986044,24.871,24285.2
2025-09-07T07:00:00Z,0.401142781776457,24.832,24251.4
2025-09-07T07:15:00Z,0.39539247772629693,24.809,24258.7
2025-09-07T07:30:00Z,0.3993294856003118,24.793,24275.7
2025-09-07T07:45:00Z,0.40064182155831674,24.777,24296.9
2025-09-07T08:00:00Z,0.4029384094848254,24.77,24307.3
2025-09-07T08:15:00Z,0.39817235740319035,24.759,24305.4
2025-09-07T08:30:00Z,0.40243744926670644,24.746,24335
2025-09-07T08:45:00Z,0.4021093652772052,24.744,24350.4
2025-09-07T09:00:00Z,0.4089991290567383,24.775,24382
2025-09-07T09:15:00Z,0.3996399011220646,24.833,26354.4
2025-09-07T09:30:00Z,0.398983733143055,24.931,26672.5
2025-09-07T09:45:00Z,0.3960309772375439,25.022,26968.2
2025-09-07T10:00:00Z,0.38437516137637573,25.096,27064.5
2025-09-07T10:15:00Z,0.3807662374918692,25.173,27254.5
2025-09-07T10:30:00Z,0.3761730616388448,25.293,27429.7
2025-09-07T10:45:00Z,0.37059563381732374,25.445,27781.4
2025-09-07T11:00:00Z,0.36698670993281013,25.597,28063.6
2025-09-07T11:15:00Z,0.35845652620577795,25.778,28232.6
2025-09-07T11:30:00Z,0.354519518331756,25.986,28648.3
2025-09-07T11:45:00Z,0.3482859225312396,26.177,28999.8
2025-09-07T12:00:00Z,0.5021573136073485,26.353,29213
2025-09-07T12:15:00Z,0.34189711896982544,26.53,29455.5
2025-09-07T12:30:00Z,0.33402310322179574,26.718,29690
2025-09-07T12:45:00Z,0.32975801135828675,26.92,29954.7
2025-09-07T13:00:00Z,0.32352441555775613,27.098,30101.1
2025-09-07T13:15:00Z,0.31925932369424004,27.249,30169.8
2025-09-07T13:30:00Z,0.32107261987038527,27.391,30232.4
2025-09-07T13:45:00Z,0.31647944401736794,27.502,30285.2
2025-09-07T14:00:00Z,0.3076211763008274,27.617,30407.6
2025-09-07T14:15:00Z,0.2951539846997804,27.809,30617.7
2025-09-07T14:30:00Z,0.29762344885490677,27.986,30772.6
2025-09-07T14:45:00Z,0.2910617690648749,28.126,30859.3
2025-09-07T15:00:00Z,0.28515625725385263,28.219,30857.7
2025-09-07T15:15:00Z,0.2892661413565065,28.292,30847.4
2025-09-07T15:30:00Z,0.28007978965047187,28.366,30823.8
2025-09-07T15:45:00Z,0.28615817769011187,28.43,30833.3
2025-09-07T16:00:00Z,0.2818930858265958,28.485,30827.9
2025-09-07T16:15:00Z,0.27565949002607226,28.518,30766.2
2025-09-07T16:30:00Z,0.2846906339712376,28.521,30710.7
2025-09-07T16:45:00Z,0.28337829801323267,28.512,30641
2025-09-07T17:00:00Z,0.29109710600039307,28.479,30558.5
2025-09-07T17:15:00Z,0.28486351019986245,28.41,30416.3
2025-09-07T17:30:00Z,0.2828950062628621,28.346,30248
2025-09-07T17:45:00Z,0.2835511742418646,28.275,30089.6
2025-09-07T18:00:00Z,0.29684741005053894,28.205,29939.8
2025-09-07T18:15:00Z,0.2975035780295414,28.138,29837.5
2025-09-07T18:30:00Z,0.30209675388255874,28.07,29733.5
2025-09-07T18:45:00Z,0.30898651766208474,28.011,29653.2
2025-09-07T19:00:00Z,0.314892029473107,27.953,29638.9
2025-09-07T19:15:00Z,0.3191571213366302,27.898,29591.8
2025-09-07T19:30:00Z,0.3260468851161491,27.838,29483.9
2025-09-07T19:45:00Z,0.33424898485368715,27.779,29483
2025-09-07T20:00:00Z,0.3288267647930425,27.725,29424.1
2025-09-07T20:15:00Z,0.3321076046880549,27.679,29379.2
2025-09-07T20:30:00Z,0.33768503250958304,27.637,29343.4
2025-09-07T20:45:00Z,0.3316066444699288,27.588,29381.7
2025-09-07T21:00:00Z,0.3339032323964375,27.538,29294.2
2025-09-07T21:15:00Z,0.33784024027045234,27.49,29291.8
2025-09-07T21:30:00Z,0.3281529283462845,27.445,29226.2
2025-09-07T21:45:00Z,0.3314337682412969,27.388,29229.3
2025-09-07T22:00:00Z,0.33208993622029936,27.33,29133.4
2025-09-07T22:15:00Z,0.3230587922751411,27.259,29119.4
2025-09-07T22:30:00Z,0.32174645631713616,27.186,29075.5
2025-09-07T22:45:00Z,0.32338687626464235,27.123,29064.6
2025-09-07T23:00:00Z,0.3273238841386572,27.053,28983.7
2025-09-07T23:15:00Z,0.3306047240336696,26.984,28916.3
2025-09-07T23:30:00Z,0.33355747993918783,26.912,28837.1
2025-09-07T23:45:00Z,0.33716640382369434,26.836,28787.8
2025-09-08T00:00:00Z,0.3394629917502101,26.765,28722.4
2025-09-08T00:15:00Z,0.34077532770820795,26.69,28682.5
2025-09-08T00:30:00Z,0.34175957967671877,26.619,28646.2
2025-09-08T00:45:00Z,0.3404472437187067,26.54,28572.6
2025-09-08T01:00:00Z,0.34175957967671877,26.47,28531
2025-09-08T01:15:00Z,0.33815065579219805,26.397,28490.4
2025-09-08T01:30:00Z,0.33880682377120763,26.328,28423.5
2025-09-08T01:45:00Z,0.3384787397816993,26.262,28362.1
2025-09-08T02:00:00Z,0.33716640382369434,26.186,28297.6
2025-09-08T02:15:00Z,0.3498064716533662,26.125,28249.8
2025-09-08T02:30:00Z,0.35374347952738816,26.059,28227
2025-09-08T02:45:00Z,0.35636815144339806,25.984,28184.1
2025-09-08T03:00:00Z,0.357680487401403,25.92,28134.6
2025-09-08T03:15:00Z,0.3560400674538968,25.861,28092.7
2025-09-08T03:30:00Z,0.3557119834643956,25.808,28054.7
2025-09-08T03:45:00Z,0.35538389947489435,25.756,28007.1
2025-09-08T04:00:00Z,0.36128941128591663,25.699,27954.9
2025-09-08T04:15:00Z,0.36489833517043024,25.652,27970
2025-09-08T04:30:00Z,0.36588258713893396,25.6,27926.7
2025-09-08T04:45:00Z,0.3688353430444451,25.541,27882.6
2025-09-08T05:00:00Z,0.37178809894995624,25.489,27845
2025-09-08T05:15:00Z,0.3760531908134723,25.43,27811.9
2025-09-08T05:30:00Z,0.380974450655998,25.364,27766.3
2025-09-08T05:45:00Z,0.3862237944880178,25.29,27684.4
2025-09-08T06:00:00Z,0.3940978102360475,25.224,27664.6
2025-09-08T06:15:00Z,0.3880194221964004,25.168,27601.6
2025-09-08T06:30:00Z,0.3906440941124103,25.1,27489.3
2025-09-08T06:45:00Z,0.3922845140599165,25.038,27461.6
2025-09-08T07:00:00Z,0.38784654596776846,24.986,27421.3
2025-09-08T07:15:00Z,0.3907993018732796,24.941,27421.4
2025-09-08T07:30:00Z,0.3934239737892895,24.905,27457.9
2025-09-08T07:45:00Z,0.388001753728652,24.87,27494.6
2025-09-08T08:00:00Z,0.3909545096341631,24.833,27545.1
2025-09-08T08:15:00Z,0.400468945329699,24.798,27705.1
2025-09-08T08:30:00Z,0.4021093652772052,24.788,27801.2
2025-09-08T08:45:00Z,0.3911097173950253,24.806,27796.9
2025-09-08T09:00:00Z,0.393406305321534,24.803,27809.5
2025-09-08T09:15:00Z,0.39307822133203274,24.799,27750.9
2025-09-08T09:30:00Z,0.3814224054708717,24.822,27696.9
2025-09-08T09:45:00Z,0.377813481586351,24.987,27819
2025-09-08T10:00:00Z,0.3682990458908151,25.198,28033.5
2025-09-08T10:15:00Z,0.36304970205878817,25.392,28320.8
2025-09-08T10:30:00Z,0.3564880222687705,25.614,28649.2
2025-09-08T10:45:00Z,0.3528790983842498,25.736,28993.8
2025-09-08T11:00:00Z,0.3522229304052473,25.853,29238
2025-09-08T11:15:00Z,0.35305197461287463,26.011,29470.9
2025-09-08T11:30:00Z,0.34189711896982544,26.134,29590.4
2025-09-08T11:45:00Z,0.330086095347788,26.265,29659.3
2025-09-08T12:00:00Z,0.48166089849738825,26.424,29873.2
2025-09-08T12:15:00Z,0.3087606360301933,26.591,30001.2
2025-09-08T12:30:00Z,0.30598075635332833,26.768,30128.1
2025-09-08T12:45:00Z,0.3054974646029365,26.955,30305.3
2025-09-08T13:00:00Z,0.2946706929493885,27.16,30620.9
2025-09-08T13:15:00Z,0.2994367450310449,27.325,30847.3
2025-09-08T13:30:00Z,0.29534452939615363,27.478,30960.5
2025-09-08T13:45:00Z,0.28615817769011187,27.624,31138.1
2025-09-08T14:00:00Z,0.28501871796073885,27.752,31385.8
2025-09-08T14:15:00Z,0.27287961034919306,27.863,31389.6
2025-09-08T14:30:00Z,0.2783018304098448,27.969,31532
2025-09-08T14:45:00Z,0.2807712945649712,28.066,31593.1
2025-09-08T15:00:00Z,0.2825845907411093,28.152,31703.7
2025-09-08T15:15:00Z,0.28275746696974124,28.234,31706.7
2025-09-08T15:30:00Z,0.27422728324270906,28.29,31624.8
2025-09-08T15:45:00Z,0.2760405794188401,28.332,31602.8
2025-09-08T16:00:00Z,0.2707912355868203,28.375,31656.3
2025-09-08T16:15:00Z,0.2745730356999587,28.396,31479.5
2025-09-08T16:30:00Z,0.2809795077291142,28.404,31875
2025-09-08T16:45:00Z,0.27540207990758603,28.388,31960.8
2025-09-08T17:00:00Z,0.2827928039052381,28.333,30825
2025-09-08T17:15:00Z,0.2831208878947393,28.281,31127.2
2025-09-08T17:30:00Z,0.2941205357769192,28.218,30589.8
2025-09-08T17:45:00Z,0.2951047877454229,28.155,30384.2
2025-09-08T18:00:00Z,0.2947767037559217,28.108,30299.6
2025-09-08T18:15:00Z,0.2947767037559217,28.054,30115.3
2025-09-08T18:30:00Z,0.2964171237034279,28.001,29980.1
2025-09-08T18:45:00Z,0.299369879608939,27.946,29932.7
2025-09-08T19:00:00Z,0.30396305546196345,27.899,29910.5
2025-09-08T19:15:00Z,0.3115089872204919,27.857,29871.4
2025-09-08T19:30:00Z,0.3220076748845315,27.812,29842.6
2025-09-08T19:45:00Z,0.32725701871655133,27.761,29809.8
2025-09-08T20:00:00Z,0.3305378586115637,27.713,29750.6
2025-09-08T20:15:00Z,0.3338186985065832,27.657,29697.4
2025-09-08T20:30:00Z,0.32774031046692187,27.586,29564.6
2025-09-08T20:45:00Z,0.3343019902569466,27.518,29480.2
2025-09-08T21:00:00Z,0.32691126625929456,27.458,29402.2
2025-09-08T21:15:00Z,0.32953593817530447,27.4,29368.9
2025-09-08T21:30:00Z,0.33216061009131437,27.346,29336.1
2025-09-08T21:45:00Z,0.32247329816714654,27.297,29258.4
2025-09-08T22:00:00Z,0.3254260540726577,27.241,29211.8
2025-09-08T22:15:00Z,0.3306753979046775,27.169,29171.7
2025-09-08T22:30:00Z,0.3310034818941787,27.086,29098.4
2025-09-08T22:45:00Z,0.33133156588367996,27.012,29030
2025-09-08T23:00:00Z,0.3342843217891982,26.953,28985.9
2025-09-08T23:15:00Z,0.32000383401201304,26.893,28928.7
2025-09-08T23:30:00Z,0.31836341406451396,26.84,28853.7
2025-09-08T23:45:00Z,0.33133156588367996,26.789,28824.8
2025-09-09T00:00:00Z,0.3186914980540081,26.739,28803.2
2025-09-09T00:15:00Z,0.3323158178521908,26.689,28775
2025-09-09T00:30:00Z,0.3306753979046775,26.636,28769.4
2025-09-09T00:45:00Z,0.3273945580096651,26.588,28723.2
2025-09-09T01:00:00Z,0.3273945580096651,26.534,28717.1
2025-09-09T01:15:00Z,0.3254260540726577,26.48,28666.7
2025-09-09T01:30:00Z,0.32509797008315644,26.425,28609.7
2025-09-09T01:45:00Z,0.33544144998632675,26.37,28567.4
2025-09-09T02:00:00Z,0.3308482741333094,26.305,28492.5
2025-09-09T02:15:00Z,0.33445719801782303,26.237,28445.5
2025-09-09T02:30:00Z,0.33117635812281065,26.173,28401.4
2025-09-09T02:45:00Z,0.34053558605747014,26.11,28360.1
2025-09-09T03:00:00Z,0.33627049419395405,26.048,28323.6
2025-09-09T03:15:00Z,0.337582830151959,25.991,28304.1
2025-09-09T03:30:00Z,0.3385670821204627,25.926,28254.2
2025-09-09T03:45:00Z,0.34825439404463765,25.867,28190.2
2025-09-09T04:00:00Z,0.3462858901076302,25.811,28191
2025-09-09T04:15:00Z,0.3416927142546129,25.761,28144.3
2025-09-09T04:30:00Z,0.3462858901076302,25.711,28081.3
2025-09-09T04:45:00Z,0.36122254586381075,25.659,27993.7
2025-09-09T05:00:00Z,0.36450338575882313,25.606,27939.6
2025-09-09T05:15:00Z,0.3641753017693219,25.555,27910.9
2025-09-09T05:30:00Z,0.3720493175173587,25.506,27874.1
2025-09-09T05:45:00Z,0.3779548293283739,25.451,27787
2025-09-09T06:00:00Z,0.38025141725488965,25.393,27749
2025-09-09T06:15:00Z,0.3745011132047438,25.343,27667.7
2025-09-09T06:30:00Z,0.374829197194245,25.288,27609.3
2025-09-09T06:45:00Z,0.37942237304726234,25.238,27588.3
2025-09-09T07:00:00Z,0.3697350611230874,25.197,27574.9
2025-09-09T07:15:00Z,0.36842272516508245,25.168,27601.9
2025-09-09T07:30:00Z,0.37170356506009483,25.15,27643
2025-09-09T07:45:00Z,NA,25.137,27654.4
2025-09-09T08:00:00Z,0.37793716086061835,25.126,27680.9
2025-09-09T08:15:00Z,0.3808899167661295,25.115,27661.8
2025-09-09T08:30:00Z,0.38318650469263815,25.101,27659.2
2025-09-09T08:45:00Z,0.3861392605981493,25.086,27648.9
2025-09-09T09:00:00Z,0.3774362006424923,25.126,27715.8
2025-09-09T09:15:00Z,0.3748115287264824,25.202,27800
2025-09-09T09:30:00Z,0.37087452085247463,25.281,27881
2025-09-09T09:45:00Z,0.3741553607474799,25.38,28003.3
2025-09-09T10:00:00Z,0.35823445302278856,25.507,28174.1
2025-09-09T10:15:00Z,0.3526570252012675,25.613,28305.1
2025-09-09T10:30:00Z,0.3497042692957564,25.714,28422.3
2025-09-09T10:45:00Z,0.34445492546373657,25.853,28597.8
2025-09-09T11:00:00Z,0.3352685737577019,26.021,28805.7
2025-09-09T11:15:00Z,0.323129466146149,26.186,28981.8
2025-09-09T11:30:00Z,0.32953593817530447,26.316,29179.1
2025-09-09T11:45:00Z,0.32231809040627724,26.488,29386.3
2025-09-09T12:00:00Z,0.47258055759787254,26.733,29650.1
2025-09-09T12:15:00Z,0.31264844694985783,27.015,29951.5
2025-09-09T12:30:00Z,0.3047744312018281,27.298,30406.2
2025-09-09T12:45:00Z,0.3042911394514576,27.529,30752.2
2025-09-09T13:00:00Z,0.2921520318399118,27.695,30919.6
2025-09-09T13:15:00Z,0.27968484023886475,27.834,30995
2025-09-09T13:30:00Z,0.2662333966693069,27.984,31077
2025-09-09T13:45:00Z,0.26837477683493915,28.137,31166.1
2025-09-09T14:00:00Z,0.26920382104257357,28.29,31308.9
2025-09-09T14:15:00Z,0.25509620949401324,28.446,31514.9
2025-09-09T14:30:00Z,0.25330058178563775,28.605,31629.3
2025-09-09T14:45:00Z,0.2554419619512629,28.738,31792.2
2025-09-09T15:00:00Z,0.24559944226622576,28.874,31992.7
2025-09-09T15:15:00Z,0.24970932636886545,29.003,32150.8
2025-09-09T15:30:00Z,0.2525068745135073,29.067,32246
2025-09-09T15:45:00Z,0.2576010105846578,29.075,32201.3
2025-09-09T16:00:00Z,0.2523516667526309,29.059,32033.7
2025-09-09T16:15:00Z,0.2594143067607888,29.042,32085.1
2025-09-09T16:30:00Z,0.2681173667164458,28.972,31990.7
2025-09-09T16:45:00Z,0.2723824585799619,28.893,32005.9
2025-09-09T17:00:00Z,0.2723824585799619,28.799,31723.1
2025-09-09T17:15:00Z,0.28567869438864335,28.688,31837.6
2025-09-09T17:30:00Z,0.28567869438864335,28.587,31595.7
2025-09-09T17:45:00Z,0.2876471983256508,28.495,31293.2
2025-09-09T18:00:00Z,0.2860067783781446,28.418,31013.4
2025-09-09T18:15:00Z,0.2912561222101644,28.348,30824.3
2025-09-09T18:30:00Z,0.29158420619967274,28.28,30759.7
2025-09-09T18:45:00Z,0.2948650460946851,28.194,30693.8
2025-09-09T19:00:00Z,0.30306714583221606,28.103,30580.9
2025-09-09T19:15:00Z,0.3132377495067544,28.009,30503.1
2025-09-09T19:30:00Z,0.3197994292967792,27.918,30305.7
2025-09-09T19:45:00Z,0.3201275132862804,27.83,30197.8
2025-09-09T20:00:00Z,0.3227521852022903,27.736,30068.9
2025-09-09T20:15:00Z,0.315033377215137,27.636,29938.4
2025-09-09T20:30:00Z,0.3215950570051618,27.545,29814.6
2025-09-09T20:45:00Z,0.3245478129106729,27.466,29719.7
2025-09-09T21:00:00Z,0.3320937446692014,27.395,29703.6
2025-09-09T21:15:00Z,0.33176566067970015,27.326,29633.2
2025-09-09T21:30:00Z,0.3233906847135444,27.263,29629.5
2025-09-09T21:45:00Z,0.3227345167345419,27.189,29501.8
2025-09-09T22:00:00Z,0.32076601279753447,27.125,29344
2025-09-09T22:15:00Z,0.3247030206715493,27.07,29298.7
2025-09-09T22:30:00Z,0.3286400285455642,27.024,29257.6
2025-09-09T22:45:00Z,0.33520170833558893,26.98,29202.9
2025-09-09T23:00:00Z,0.34077913615711,26.946,29186.7
2025-09-09T23:15:00Z,0.3437318920626282,26.903,29145.5
2025-09-09T23:30:00Z,0.3496374038736505,26.858,29238.6
2025-09-09T23:45:00Z,0.33732542003347277,26.795,29104.9
2025-09-10T00:00:00Z,0.337653504022974,26.726,29015.2
2025-09-10T00:15:00Z,0.33371649614895915,26.657,28990.1
2025-09-10T00:30:00Z,0.33798158801247524,26.584,28907
2025-09-10T00:45:00Z,0.3419185958864901,26.505,28791.7
2025-09-10T01:00:00Z,0.33962200795998143,26.432,28721.8
2025-09-10T01:15:00Z,0.33699733604397153,26.369,28648.6
2025-09-10T01:30:00Z,0.33962200795998143,26.313,28596.6
2025-09-10T01:45:00Z,0.32960661204631236,26.254,28502.9
2025-09-10T02:00:00Z,0.33995009194948267,26.198,28487.7
2025-09-10T02:15:00Z,0.34421518381299876,26.146,28484.3
2025-09-10T02:30:00Z,0.3451994357815025,26.093,28481.5
2025-09-10T02:45:00Z,0.34749602370801824,26.028,28376.1
2025-09-10T03:00:00Z,0.36210459547469753,25.963,28314.3
2025-09-10T03:15:00Z,0.35372961950853465,25.902,28231
2025-09-10T03:30:00Z,0.35635429142454456,25.861,28226.5
2025-09-10T03:45:00Z,0.35471387147703837,25.818,28239.8
2025-09-10T04:00:00Z,0.3497926116345198,25.769,28177.5
2025-09-10T04:15:00Z,0.3491364436555173,25.717,28122.7
2025-09-10T04:30:00Z,0.34848027567651485,25.661,28054.1
2025-09-10T04:45:00Z,0.35701045940354703,25.62,28004.3
2025-09-10T05:00:00Z,0.3688214830255987,25.589,27999.1
2025-09-10T05:15:00Z,0.3903198185718111,25.552,27971.9
2025-09-10T05:30:00Z,0.4018027582043615,25.501,27941.8
2025-09-10T05:45:00Z,0.40392646990223824,25.458,27892.5
2025-09-10T06:00:00Z,0.39391107398856917,25.41,27836
2025-09-10T06:15:00Z,0.38323951009590473,25.366,27810.7
2025-09-10T06:30:00Z,0.3837228018462824,25.322,27783.2
2025-09-10T06:45:00Z,0.37403548992211455,25.278,27731.4
2025-09-10T07:00:00Z,0.37666016183812445,25.238,27701
2025-09-10T07:15:00Z,0.3760039938591291,25.207,27672.7
2025-09-10T07:30:00Z,0.36959752182997363,25.189,27667.9
2025-09-10T07:45:00Z,0.3814085454520182,25.171,27675.3
2025-09-10T08:00:00Z,0.38993872917905037,25.151,27681.9
2025-09-10T08:15:00Z,0.3902668131685516,25.135,27691.7
2025-09-10T08:30:00Z,0.3987969968955909,25.115,27657.6
2025-09-10T08:45:00Z,0.3930466928454379,25.113,27698.3
2025-09-10T09:00:00Z,0.38401554890027967,25.157,27783.4
2025-09-10T09:15:00Z,0.38729638879529205,25.192,27839
2025-09-10T09:30:00Z,0.3792494968186233,25.226,27915.4
2025-09-10T09:45:00Z,0.3772809928816159,25.225,28036.6
2025-09-10T10:00:00Z,0.38056183277662825,25.196,28064.1
2025-09-10T10:15:00Z,0.3689060169154601,25.169,28112.2
2025-09-10T10:30:00Z,0.3698902688839638,25.182,28185.7
2025-09-10T10:45:00Z,0.3610320011674304,25.299,28309.9
2025-09-10T11:00:00Z,0.357751161272418,25.419,28468.5
2025-09-10T11:15:00Z,0.3525018174403911,25.525,28593.1
2025-09-10T11:30:00Z,0.350861397492892,25.661,28866
2025-09-10T11:45:00Z,0.35282990142989235,25.802,29139.9
2025-09-10T12:00:00Z,0.5199975283146898,25.945,29235.1
2025-09-10T12:15:00Z,0.3559555335640283,26.092,29343.7
2025-09-10T12:30:00Z,0.3566117015430308,26.213,29494.7
2025-09-10T12:45:00Z,0.3530027776585172,26.315,29658.5
2025-09-10T13:00:00Z,0.3480815178159986,26.439,29682.6
2025-09-10T13:15:00Z,0.3382389981309615,26.571,29687.1
2025-09-10T13:30:00Z,0.3339739062674383,26.704,29623
2025-09-10T13:45:00Z,0.312475570721233,26.838,29609.8
2025-09-10T14:00:00Z,0.3139607829078628,26.974,29672.7
2025-09-10T14:15:00Z,0.3080552710968405,27.098,29684.1
2025-09-10T14:30:00Z,0.3028059272648207,27.19,29693.3
2025-09-10T14:45:00Z,0.3085562313149808,27.287,29765.3
2025-09-10T15:00:00Z,0.3016664675354477,27.372,29792.7
2025-09-10T15:15:00Z,0.3123380314281192,27.461,29813.4
2025-09-10T15:30:00Z,0.3044640156800824,27.524,29828.8
2025-09-10T15:45:00Z,0.3044640156800824,27.539,29751.2
2025-09-10T16:00:00Z,0.29855850386906013,27.55,29666.9
2025-09-10T16:15:00Z,0.31087048770923786,27.543,29611.2
2025-09-10T16:30:00Z,0.3075896478142255,27.54,29409.2
2025-09-10T16:45:00Z,0.30627731185622054,27.529,29279.1
2025-09-10T17:00:00Z,0.3059492278667193,27.497,29237.6
2025-09-10T17:15:00Z,0.3006998840346924,27.448,29019.3
2025-09-10T17:30:00Z,0.31071527994836856,27.384,28771.2
2025-09-10T17:45:00Z,0.3094029439903565,27.308,28640.4
2025-09-10T18:00:00Z,0.30874677601135403,27.252,28611.6
2025-09-10T18:15:00Z,0.30973102797986485,27.189,28571.1
2025-09-10T18:30:00Z,0.3220430118200355,27.12,28509.6
2025-09-10T18:45:00Z,0.32794852363105065,27.06,28458.1
2025-09-10T19:00:00Z,0.33319786746307756,27.008,28466.7
2025-09-10T19:15:00Z,0.3354944553895862,26.952,28463.8
2025-09-10T19:30:00Z,0.34271230315861345,26.9,28388.2
2025-09-10T19:45:00Z,0.33236882325545736,26.84,28261
2025-09-10T20:00:00Z,0.33663391511896634,26.781,28090.6
2025-09-10T20:15:00Z,0.3405709229929883,26.731,27947.3
2025-09-10T20:30:00Z,0.3335082829848304,26.691,27871.7
2025-09-10T20:45:00Z,0.34039804676435637,26.655,27807.3
2025-09-10T21:00:00Z,0.3449912226173737,26.617,27784.3
2025-09-10T21:15:00Z,0.35056865043889474,26.576,27732.9
2025-09-10T21:30:00Z,0.34120942250422814,26.526,27680.2
2025-09-10T21:45:00Z,0.3435060104307368,26.478,27640.3
2025-09-10T22:00:00Z,0.34481834638874886,26.431,27620.4
2025-09-10T22:15:00Z,0.3348029504750798,26.388,27563.8
2025-09-10T22:30:00Z,0.33611528643309185,26.344,27533.7
2025-09-10T22:45:00Z,0.33775570638059094,26.298,27481.7
2025-09-10T23:00:00Z,0.3384118743596005,26.251,27423.6
2025-09-10T23:15:00Z,0.33972421031759836,26.2,27381.4
2025-09-10T23:30:00Z,0.3436612181916203,26.153,27313.2
2025-09-10T23:45:00Z,0.34398930218112156,26.109,27277.8
2025-09-11T00:00:00Z,0.34727014207613394,26.065,27229.7
2025-09-11T00:15:00Z,0.3485824780341389,26.025,27179.5
2025-09-11T00:30:00Z,0.3538318218661587,25.974,27114.9
2025-09-11T00:45:00Z,0.3558003258031661,25.917,27061.6
2025-09-11T01:00:00Z,0.36137775362468716,25.863,26998.3
2025-09-11T01:15:00Z,0.3623620055931909,25.811,26964.9
2025-09-11T01:30:00Z,0.35693978553253913,25.763,26905.5
2025-09-11T01:45:00Z,0.358252121490537,25.715,26880.7
2025-09-11T02:00:00Z,0.3530027776585172,25.664,26839.2
2025-09-11T02:15:00Z,0.3556274495745271,25.612,26821.6
2025-09-11T02:30:00Z,0.3608767934065469,25.56,26749
2025-09-11T02:45:00Z,0.3488928935558846,25.502,26704.3
2025-09-11T03:00:00Z,0.35956445744854904,25.445,26665.9
2025-09-11T03:15:00Z,0.363829549312058,25.396,26645.6
2025-09-11T03:30:00Z,0.3547984053669069,25.35,26610.9
2025-09-11T03:45:00Z,0.36579805324907255,25.304,26574.7
2025-09-11T04:00:00Z,0.3687508091545837,25.25,26526.2
2025-09-11T04:15:00Z,0.357751161272418,25.206,26512.7
2025-09-11T04:30:00Z,0.37367206899710226,25.164,26473.3
2025-09-11T04:45:00Z,0.3652970930309465,25.106,26409.4
2025-09-11T05:00:00Z,0.3689060169154601,25.051,26361.8
2025-09-11T05:15:00Z,0.3725149407999737,25.001,26327.5
2025-09-11T05:30:00Z,0.3774362006424923,24.954,26299.1
2025-09-11T05:45:00Z,0.38137320851651424,24.909,26268.1
2025-09-11T06:00:00Z,0.3872787203275365,24.856,26185.7
2025-09-11T06:15:00Z,0.3905595602225489,24.803,26185.3
2025-09-11T06:30:00Z,0.3769352404243662,24.753,26144.7
2025-09-11T06:45:00Z,0.38152841627738354,24.715,26125.1
2025-09-11T07:00:00Z,0.3741376922797315,24.685,26098.7
2025-09-11T07:15:00Z,0.37479386025873396,24.667,26118.2
2025-09-11T07:30:00Z,0.3844811721828947,24.651,26163
2025-09-11T07:45:00Z,0.37380960829023024,24.619,26180.7
2025-09-11T08:00:00Z,0.38004320409075376,24.591,26154.3
2025-09-11T08:15:00Z,0.38594871590178315,24.565,26171.7
2025-09-11T08:30:00Z,0.3889014718072943,24.521,26191.9
2025-09-11T08:45:00Z,0.3931665636708104,24.466,26166.5
2025-09-11T09:00:00Z,0.3961193195763215,24.443,26185.3
2025-09-11T09:15:00Z,0.38610392366265245,24.453,26227.4
2025-09-11T09:30:00Z,0.3893847635576648,24.462,26264.5
2025-09-11T09:45:00Z,0.39200943547367473,24.466,26370.8
2025-09-11T10:00:00Z,0.39135326749467225,24.475,26455.3
2025-09-11T10:15:00Z,0.3867600916416549,24.509,26553.4
2025-09-11T10:30:00Z,0.36723026003244286,24.583,26580.4
2025-09-11T10:45:00Z,0.3613247482214206,24.687,26681.4
2025-09-11T11:00:00Z,0.3560754043894008,24.825,26791.9
2025-09-11T11:15:00Z,0.35410690045239335,24.985,26910.6
2025-09-11T11:30:00Z,0.35559211263903023,25.168,27130.1
2025-09-11T11:45:00Z,0.34640576093298847,25.348,27335.7
2025-09-11T12:00:00Z,0.4986367320615983,25.521,27552.6
2025-09-11T12:15:00Z,0.33754749321645505,25.687,27718.2
2025-09-11T12:30:00Z,0.33229814938443525,25.842,27909.8
2025-09-11T12:45:00Z,0.33476761353957585,26.022,28078.6
2025-09-11T13:00:00Z,0.330830605665561,26.196,28251.8
2025-09-11T13:15:00Z,0.31934766603301057,26.388,28446.1
2025-09-11T13:30:00Z,0.30622430645296106,26.57,28732
2025-09-11T13:45:00Z,0.29670987075742516,26.726,28926.7
2025-09-11T14:00:00Z,0.28883585500938835,26.855,29099.3
2025-09-11T14:15:00Z,0.29130531916452185,26.98,29212.2
2025-09-11T14:30:00Z,0.2957432872566699,27.095,29281.8
2025-09-11T14:45:00Z,0.2865569355506352,27.212,29287.2
2025-09-11T15:00:00Z,0.2900106516742653,27.32,29370
2025-09-11T15:15:00Z,0.278527712041722,27.416,29468.2
2025-09-11T15:30:00Z,0.2790286722598623,27.496,29522.5
2025-09-11T15:45:00Z,0.27181082449082794,27.551,29516.9
2025-09-11T16:00:00Z,0.26492106071130195,27.591,29506.6
2025-09-11T16:15:00Z,0.2713275327404503,27.619,29491.9
2025-09-11T16:30:00Z,0.2790463407276107,27.648,29511.7
2025-09-11T16:45:00Z,0.27674975280110203,27.667,29554.2
2025-09-11T17:00:00Z,0.2877494006832748,27.658,29523.2
2025-09-11T17:15:00Z,0.2877494006832748,27.616,29439.7
2025-09-11T17:30:00Z,0.2887336526517785,27.558,29412.6
2025-09-11T17:45:00Z,0.29743671260743554,27.503,29281.4
2025-09-11T18:00:00Z,0.29743671260743554,27.456,29203.5
2025-09-11T18:15:00Z,0.2980928805864309,27.417,29124.7
2025-09-11T18:30:00Z,0.2903740725992847,27.381,29056.9
2025-09-11T18:45:00Z,0.304982644365964,27.339,29014.3
2025-09-11T19:00:00Z,0.3102319881979838,27.291,28989.5
2025-09-11T19:15:00Z,0.321386843841033,27.239,28952.6
2025-09-11T19:30:00Z,0.3282766076205519,27.182,28898.5
2025-09-11T19:45:00Z,0.3318855315050726,27.119,28842.5
2025-09-11T20:00:00Z,0.32613522745492673,27.054,28769.7
2025-09-11T20:15:00Z,0.3317126552764478,26.986,28708.7
2025-09-11T20:30:00Z,0.3249780992577911,26.922,28595
2025-09-11T20:45:00Z,0.32465001526828985,26.869,28548.2
2025-09-11T21:00:00Z,0.31332228339661583,26.815,28503.5
2025-09-11T21:15:00Z,0.312009947438618,26.756,28453.1
2025-09-11T21:30:00Z,0.312009947438618,26.702,28377.1
2025-09-11T21:45:00Z,0.3097133595121093,26.659,28360.5
2025-09-11T22:00:00Z,0.3113537794596084,26.604,28309.1
2025-09-11T22:15:00Z,0.3156188713231245,26.552,28262.1
2025-09-11T22:30:00Z,0.327602771173801,26.502,28205.8
2025-09-11T22:45:00Z,0.327602771173801,26.454,28164.8
2025-09-11T23:00:00Z,0.3113537794596084,26.41,28117.1
2025-09-11T23:15:00Z,0.3139784513756183,26.369,28085
2025-09-11T23:30:00Z,0.3146346193546279,26.328,28047.3
2025-09-11T23:45:00Z,0.31529078733363036,26.289,28006.4
2025-09-12T00:00:00Z,0.3269466031947985,26.233,27965.1
2025-09-12T00:15:00Z,0.3249780992577911,26.178,27919.7
2025-09-12T00:30:00Z,0.32563426723679356,26.124,27859.7
2025-09-12T00:45:00Z,0.3239938472892874,26.076,27797.5
2025-09-12T01:00:00Z,0.3279308551633022,26.015,27730.4
2025-09-12T01:15:00Z,0.3318678630373242,25.957,27697.7
2025-09-12T01:30:00Z,0.33252403101631955,25.903,27641.9
2025-09-12T01:45:00Z,0.3335082829848304,25.86,27617
2025-09-12T02:00:00Z,0.33777337484834646,25.807,27555.8
2025-09-12T02:15:00Z,0.33678912287984275,25.752,27523.2
2025-09-12T02:30:00Z,0.3417103827223613,25.69,27479.2
2025-09-12T02:45:00Z,0.34269463469086503,25.63,27417.6
2025-09-12T03:00:00Z,0.3476158945333836,25.568,27389.8
2025-09-12T03:15:00Z,0.35056865043889474,25.514,27326.5
2025-09-12T03:30:00Z,0.35155290240739845,25.462,27278.2
2025-09-12T03:45:00Z,0.3415375064937294,25.412,27214.1
2025-09-12T04:00:00Z,0.34547451436774423,25.352,27197
2025-09-12T04:15:00Z,0.3484272702732554,25.287,27134
2025-09-12T04:30:00Z,0.34908343825225785,25.227,27117.8
2025-09-12T04:45:00Z,0.35433278208427765,25.167,27056.2
2025-09-12T05:00:00Z,0.35859787394780085,25.113,27027.9
2025-09-12T05:15:00Z,0.36122254586381075,25.056,26971.2
2025-09-12T05:30:00Z,0.37073698155934665,24.998,26894.6
2025-09-12T05:45:00Z,0.35875308170867726,24.96,26891.3
2025-09-12T06:00:00Z,0.365314761498702,24.923,26878
2025-09-12T06:15:00Z,0.3685956013937215,24.891,26854.9
2025-09-12T06:30:00Z,0.3680946411755812,24.848,26839.9
2025-09-12T06:45:00Z,0.3730159010180998,24.799,26817.1
2025-09-12T07:00:00Z,0.3792494968186233,24.753,26788.7
2025-09-12T07:15:00Z,0.3741553607474799,24.711,26786.9
2025-09-12T07:30:00Z,0.37809236862150186,24.685,26783.7
2025-09-12T07:45:00Z,0.3647961328128204,24.656,26798.1
2025-09-12T08:00:00Z,0.3664365527603195,24.642,26800.3
2025-09-12T08:15:00Z,0.3700454766448402,24.637,26797.9
2025-09-12T08:30:00Z,0.3639670886051931,24.625,26802.2
2025-09-12T08:45:00Z,0.3672479285002055,24.616,26812.2
2025-09-12T09:00:00Z,0.36527942456319096,24.648,26866.2
2025-09-12T09:15:00Z,0.3613424166891832,24.717,26961
2025-09-12T09:30:00Z,0.3567492408361588,24.787,27017.4
2025-09-12T09:45:00Z,0.34443725699598815,24.882,27142.6
2025-09-12T10:00:00Z,0.34082833311146743,24.975,27246.9
2025-09-12T10:15:00Z,0.34017216513246495,25.074,27378
2025-09-12T10:30:00Z,0.3475628891301241,25.181,27494.7
2025-09-12T10:45:00Z,0.3387046214135907,25.331,27700.1
2025-09-12T11:00:00Z,0.3324710256130601,25.483,27851.7
2025-09-12T11:15:00Z,0.3186914980540081,25.631,27982.9
2025-09-12T11:30:00Z,0.30688047443196353,25.813,28176
2025-09-12T11:45:00Z,0.2996626266629363,25.968,28365.7
2025-09-12T12:00:00Z,0.46486174961071924,26.156,28585.5
2025-09-12T12:15:00Z,0.29753891496504536,26.399,28866.9
2025-09-12T12:30:00Z,0.2983679591726798,26.652,29207.3
2025-09-12T12:45:00Z,0.2845884316136207,26.971,29630.2
2025-09-12T13:00:00Z,0.2724493240020749,27.234,30020.1
2025-09-12T13:15:00Z,0.26523147623304766,27.406,30280.2
2025-09-12T13:30:00Z,0.2654043524616725,27.543,30391.7
2025-09-12T13:45:00Z,0.27017040454332175,27.638,30487.4
2025-09-12T14:00:00Z,0.26328064076379576,27.708,30513.2
2025-09-12T14:15:00Z,0.2573751289527735,27.799,30578.1
2025-09-12T14:30:00Z,0.2608288450764107,27.892,30659.9
2025-09-12T14:45:00Z,0.2601726770974082,27.967,30743.2
2025-09-12T15:00:00Z,0.26657914912656366,28.021,30776.8
2025-09-12T15:15:00Z,0.26395447721055376,28.07,30813.5
2025-09-12T15:30:00Z,0.2573927974205219,28.127,30807.3
2025-09-12T15:45:00Z,0.26642394136568726,28.176,30812.7
2025-09-12T16:00:00Z,0.2631431014706749,28.223,30858.7
2025-09-12T16:15:00Z,0.2615026815231687,28.267,30892.5
2025-09-12T16:30:00Z,0.260518429554665,28.293,30897.6
2025-09-12T16:45:00Z,0.269221489510322,28.303,30909.8
2025-09-12T17:00:00Z,0.269221489510322,28.292,30889.5
2025-09-12T17:15:00Z,0.2738146653633393,28.261,30831.4
2025-09-12T17:30:00Z,0.2754550853108455,28.207,30764.2
2025-09-12T17:45:00Z,0.27676742126885046,28.142,30614.2
2025-09-12T18:00:00Z,0.28037634515336407,28.076,30536
2025-09-12T18:15:00Z,0.283001017069374,28.004,30463.4
2025-09-12T18:30:00Z,0.2859537729748922,27.927,30344.6
2025-09-12T18:45:00Z,0.29153120079641326,27.851,30268.7
2025-09-12T19:00:00Z,0.2841404767987541,27.784,30202.9
2025-09-12T19:15:00Z,NA,27.722,30166
2025-09-12T19:30:00Z,0.2887336526517785,27.649,30099.9
2025-09-12T19:45:00Z,0.2920144925467909,27.579,30044.1
2025-09-12T20:00:00Z,0.29660766839980823,27.502,29977.3
2025-09-12T20:15:00Z,0.2956234164313045,27.421,29906.1
2025-09-12T20:30:00Z,0.29923234031581813,27.352,29826.8
2025-09-12T20:45:00Z,0.30382551616883546,27.292,29775.1
2025-09-12T21:00:00Z,0.29873138009769207,27.229,29702.2
2025-09-12T21:15:00Z,0.2980752121186825,27.162,29641.5
2025-09-12T21:30:00Z,0.29774712812918125,27.108,29589.2
2025-09-12T21:45:00Z,0.2970909601501788,27.058,29573.4
2025-09-12T22:00:00Z,0.29873138009769207,27.009,29502.7
2025-09-12T22:15:00Z,0.2854351442890106,26.959,29452.4
2025-09-12T22:30:00Z,0.2928258682866627,26.905,29427.1
2025-09-12T22:45:00Z,0.29348203626567226,26.842,29364.7
2025-09-12T23:00:00Z,0.2911854483391636,26.779,29316.3
2025-09-12T23:15:00Z,0.2902011963706528,26.695,29258.6
2025-09-12T23:30:00Z,0.2982480883473144,26.613,29184.2
2025-09-12T23:45:00Z,0.29923234031581813,26.548,29124.3
2025-09-13T00:00:00Z,0.29857617233681566,26.49,29058
2025-09-13T00:15:00Z,0.2995604243053194,26.434,29019
2025-09-13T00:30:00Z,0.31220049213499124,26.374,28987.7
2025-09-13T00:45:00Z,0.31646558399851443,26.315,28928.6
2025-09-13T01:00:00Z,0.3177779199565123,26.264,28876.8
2025-09-13T01:15:00Z,0.3240115157570429,26.216,28838.4
2025-09-13T01:30:00Z,0.32433959974654414,26.162,28819.7
2025-09-13T01:45:00Z,0.32696427166255404,26.108,28752.6
2025-09-13T02:00:00Z,0.3345102034210825,26.057,28731.1
2025-09-13T02:15:00Z,0.3277756474024329,26.007,28686.3
2025-09-13T02:30:00Z,0.3284318153814354,25.942,28624.9
2025-09-13T02:45:00Z,0.332040739265949,25.864,28554.4
2025-09-13T03:00:00Z,0.3326969072449515,25.79,28484.4
2025-09-13T03:15:00Z,0.32366576329979324,25.712,28422.2
2025-09-13T03:30:00Z,0.32629043521580314,25.637,28370.6
2025-09-13T03:45:00Z,0.3285870231423118,25.572,28280.2
2025-09-13T04:00:00Z,0.33055552707931213,25.511,28247.8
2025-09-13T04:15:00Z,0.33842954282734894,25.447,28177.3
2025-09-13T04:30:00Z,0.3381014588378406,25.392,28125
2025-09-13T04:45:00Z,0.34302271868036627,25.344,28086.1
2025-09-13T05:00:00Z,0.35056865043889474,25.297,28066.3
2025-09-13T05:15:00Z,0.3571303302289195,25.255,28035.7
2025-09-13T05:30:00Z,0.35942691815542815,25.205,28003.9
2025-09-13T05:45:00Z,0.35334853011578105,25.143,27932.9
2025-09-13T06:00:00Z,0.354660866073786,25.079,27890.9
2025-09-13T06:15:00Z,0.35087906596064755,25.019,27841.4
2025-09-13T06:30:00Z,0.35612840979266736,24.966,27808.8
2025-09-13T06:45:00Z,0.3590811656981785,24.928,27774.9
2025-09-13T07:00:00Z,0.3600654176666822,24.896,27754.6
2025-09-13T07:15:00Z,0.34775343382649737,24.865,27733.9
2025-09-13T07:30:00Z,0.34840960180549985,24.846,27728.9
2025-09-13T07:45:00Z,0.3470972658474949,24.827,27725
2025-09-13T08:00:00Z,0.35005002175300604,24.81,27743.6
2025-09-13T08:00:00Z,0.35005002175300604,24.81,27743.6
2025-09-13T08:15:00Z,0.3559555335640283,24.794,27765.2
2025-09-13T08:30:00Z,0.36317338133306265,24.787,27751.2
2025-09-13T08:45:00Z,0.3697350611230874,24.815,27807.5
2025-09-13T09:00:00Z,0.37203164904959607,24.874,27858.8
2025-09-13T09:15:00Z,0.3610320011674304,24.957,27924.7
2025-09-13T09:30:00Z,0.3541422373879044,25.024,28003.7
2025-09-13T09:45:00Z,0.3388774976422084,25.063,28077.9
2025-09-13T10:00:00Z,0.3359247417366973,25.111,28147.3
2025-09-13T10:15:00Z,0.3316596498731883,25.149,28175.6
2025-09-13T10:30:00Z,0.33723707769470934,25.181,28228.2
2025-09-13T10:45:00Z,0.3411740855687171,25.193,28348.5
2025-09-13T11:00:00Z,0.35020522951388244,25.213,28489.9
2025-09-13T11:15:00Z,0.34758055759787254,25.255,28569.6
2025-09-13T11:30:00Z,0.3273945580096651,25.328,28673.1
2025-09-13T11:45:00Z,0.3257541380621589,25.409,28794
2025-09-13T12:00:00Z,0.47700085722226504,25.479,28901.4
2025-09-13T12:15:00Z,0.3142711984296156,25.535,28930.6
2025-09-13T12:30:00Z,0.31739683056375156,25.602,28989.2
2025-09-13T12:45:00Z,0.3114913187527293,25.681,29084.3
2025-09-13T13:00:00Z,0.30164879906769215,25.768,29253.7
2025-09-13T13:15:00Z,0.30313401125432193,25.854,29458
2025-09-13T13:30:00Z,0.2969004154537984,25.951,29633.1
2025-09-13T13:45:00Z,0.3000260475879415,26.055,29752.4
2025-09-13T14:00:00Z,0.30380784770107994,26.15,29907.1
2025-09-13T14:15:00Z,0.29954275583756385,26.247,30041.7
2025-09-13T14:30:00Z,0.3043088079192131,26.353,30137.6
2025-09-13T14:45:00Z,0.3033245559507094,26.449,30224.4
2025-09-13T15:00:00Z,0.3061221040953441,26.541,30254.4
2025-09-13T15:15:00Z,0.3005446762738231,26.624,30260.1
2025-09-13T15:30:00Z,0.29135832456778843,26.697,30296.5
2025-09-13T15:45:00Z,0.2874213166937736,26.758,30358.6
2025-09-13T16:00:00Z,0.2861089807357686,26.799,30435.4
2025-09-13T16:15:00Z,0.2847966447777637,26.829,30363.6
2025-09-13T16:30:00Z,0.28726610893289006,26.838,30312.3
2025-09-13T16:45:00Z,0.2869380249433888,26.834,30270.9
2025-09-13T17:00:00Z,0.28103251313237365,26.814,30168.5
2025-09-13T17:15:00Z,0.28514239723501333,26.777,30059.5
2025-09-13T17:30:00Z,0.2789088014344898,26.727,29917.1
2025-09-13T17:45:00Z,0.2759560455289787,26.691,29823.8
2025-09-13T18:00:00Z,0.2720190376549567,26.658,29754.3
2025-09-13T18:15:00Z,0.28269060154762116,26.62,29693.2
2025-09-13T18:30:00Z,0.2840029375056332,26.579,29657.2
2025-09-13T18:45:00Z,0.2995957612408162,26.531,29638.6
2025-09-13T19:00:00Z,0.3035327691148382,26.478,29561.5
2025-09-13T19:15:00Z,0.31009444890486293,26.42,29511.7
2025-09-13T19:30:00Z,0.31534379273688273,26.372,29468.5
2025-09-13T19:45:00Z,0.31304720481037407,26.32,29391.3
2025-09-13T20:00:00Z,0.3159999607158852,26.269,29353.5
2025-09-13T20:15:00Z,0.3013913889491988,26.216,29275
2025-09-13T20:30:00Z,0.30795306873922357,26.17,29219.7
2025-09-13T20:45:00Z,0.31648325246626285,26.13,29177.2
2025-09-13T21:00:00Z,0.3210764283192802,26.074,29113.4
2025-09-13T21:15:00Z,0.3324041601909542,26.005,29050
2025-09-13T21:30:00Z,0.32238876427728513,25.941,28994.9
2025-09-13T21:45:00Z,0.3256696041722975,25.876,28912
2025-09-13T22:00:00Z,0.31204528437412193,25.82,28836.5
2025-09-13T22:15:00Z,0.31663846022713926,25.769,28802.1
2025-09-13T22:30:00Z,0.333215535930826,25.718,28742.7
2025-09-13T22:45:00Z,0.3333707436917095,25.662,28672.2
2025-09-13T23:00:00Z,0.3437142235948727,25.603,28638.5
2025-09-13T23:15:00Z,0.3333707436917095,25.55,28558.7
2025-09-13T23:30:00Z,0.32943373581768753,25.491,28524.6
2025-09-13T23:45:00Z,0.3220430118200355,25.435,28449.8
2025-09-14T00:00:00Z,0.3220430118200355,25.385,28422.5
2025-09-14T00:15:00Z,0.3223710958095296,25.34,28364.7
2025-09-14T00:30:00Z,0.321386843841033,25.299,28323.4
2025-09-14T00:45:00Z,0.3379639195447268,25.263,28286.5
2025-09-14T01:00:00Z,0.33566733161821816,25.236,28274
2025-09-14T01:15:00Z,0.3343549956602061,25.217,28275.8
2025-09-14T01:30:00Z,0.32779331587018845,25.198,28257.8
2025-09-14T01:45:00Z,0.32680906390167763,25.172,28234.3
2025-09-14T02:00:00Z,0.32713714789117887,25.151,28209
2025-09-14T02:15:00Z,0.332714575712707,25.132,28204.8
2025-09-14T02:30:00Z,0.34863548343739126,25.109,28170
2025-09-14T02:45:00Z,0.3548690792379148,25.084,28150.7
2025-09-14T03:00:00Z,0.3515882393429024,25.046,28102
2025-09-14T03:15:00Z,0.336979667576216,25.007,28079.2
2025-09-14T03:30:00Z,0.33468307964970734,24.956,28047.4
2025-09-14T03:45:00Z,0.3379639195447268,24.905,27993.9
2025-09-14T04:00:00Z,0.33894817151323053,24.856,27964
2025-09-14T04:15:00Z,0.3438694313557491,24.812,27920.3
2025-09-14T04:30:00Z,0.34780643922976395,24.766,27841.9
2025-09-14T04:45:00Z,0.3491187751877689,24.722,27860.7
2025-09-14T05:00:00Z,0.35108727912477633,24.683,27812.9
2025-09-14T05:15:00Z,0.35666470694629737,24.648,27785.5
2025-09-14T05:30:00Z,0.35896129487280604,24.62,27791.1
2025-09-14T05:45:00Z,0.3602736308308181,24.589,27783.3
2025-09-14T06:00:00Z,0.3541952427911639,24.554,27766.7
2025-09-14T06:15:00Z,0.3607569225811815,24.517,27749.5
2025-09-14T06:30:00Z,0.3637096784866998,24.482,27718.5
2025-09-14T06:45:00Z,0.3666624343922109,24.447,27698.3
2025-09-14T07:00:00Z,0.3702713582767245,24.415,27686.4
2025-09-14T07:15:00Z,0.35927171039455885,24.383,27675.5
2025-09-14T07:30:00Z,0.36288063427907247,24.36,27668.1
2025-09-14T07:45:00Z,0.3658333901845836,24.346,27677.1
2025-09-14T08:00:00Z,0.36008308613443063,24.339,27691.7
2025-09-14T08:15:00Z,0.3613954220924427,24.338,27712.8
2025-09-14T08:30:00Z,0.3617235060819439,24.329,27724.9
2025-09-14T08:45:00Z,0.36533242996645043,24.323,27744.6
2025-09-14T09:00:00Z,0.3563012860212922,24.314,27762.1
2025-09-14T09:15:00Z,0.3572855379897959,24.3,27763.9
2025-09-14T09:30:00Z,0.3579417059687984,24.294,27773.9
2025-09-14T09:45:00Z,0.35531703405278847,24.299,27809.7
2025-09-14T10:00:00Z,0.35695745400029466,24.312,27850.6
2025-09-14T10:15:00Z,0.35695745400029466,24.324,27874.2
2025-09-14T10:30:00Z,0.35269236213677857,24.335,27909.6
2025-09-14T10:45:00Z,0.3503957742102699,24.338,27935.3
2025-09-14T11:00:00Z,0.34744301830475877,24.341,27974.2
2025-09-14T11:15:00Z,0.35072385819977114,24.28,27941.3
2025-09-14T11:30:00Z,0.35006769022076867,24.18,27869.3
2025-09-14T11:45:00Z,0.3484272702732554,24.163,27868.5
2025-09-14T12:00:00Z,0.5070647134310207,24.257,34828.5
2025-09-14T12:15:00Z,0.3433508026698675,24.463,39835.5
2025-09-14T12:30:00Z,0.3338363669743316,24.679,40467
2025-09-14T12:45:00Z,0.32104109138378334,24.911,40862
2025-09-14T13:00:00Z,0.30890198377223044,25.132,41335.4
2025-09-14T13:15:00Z,0.3057940201058429,25.346,41789.7
2025-09-14T13:30:00Z,0.29759192036831195,25.528,42103.3
2025-09-14T13:45:00Z,0.3033422244184578,25.675,42314
2025-09-14T14:00:00Z,0.295468208670421,25.822,42565.6
2025-09-14T14:15:00Z,0.3022027646890777,25.947,42753.6
2025-09-14T14:30:00Z,0.30532839682321367,26.061,42900.6
2025-09-14T14:45:00Z,0.2971262970856827,26.164,42994.8
2025-09-14T15:00:00Z,0.2918769532536629,26.244,43076.8
2025-09-14T15:15:00Z,0.2899084493166555,26.323,43073.1
2025-09-14T15:30:00Z,0.29467450139829765,26.383,42898
2025-09-14T15:45:00Z,0.29303408145079857,26.434,42844.3
2025-09-14T16:00:00Z,0.30075288943795186,26.466,42791.4
2025-09-14T16:15:00Z,0.293863125658433,26.493,42767.5
2025-09-14T16:30:00Z,0.29189462172141845,26.496,42618.7
2025-09-14T16:45:00Z,0.28500485794189245,26.496,42512.5
2025-09-14T17:00:00Z,0.2923955819395374,26.479,42184.4
2025-09-14T17:15:00Z,0.29009899401303585,26.444,42006.4
2025-09-14T17:30:00Z,0.30142672588470987,26.398,41743.9
2025-09-14T17:45:00Z,0.29945822194770244,26.34,41584
2025-09-14T18:00:00Z,0.2965054660421913,26.274,41281.1
2025-09-14T18:15:00Z,0.29420887811568264,26.2,41017.6
2025-09-14T18:30:00Z,0.29256845816816934,26.133,40688.9
2025-09-14T18:45:00Z,0.3025838540818313,26.061,40470.8
2025-09-14T19:00:00Z,0.30455235801883873,25.997,40278.8
2025-09-14T19:15:00Z,0.30717702993484863,25.937,40140.2
2025-09-14T19:30:00Z,0.31078595381936935,25.885,40034.6
2025-09-14T19:45:00Z,0.32375410563854246,25.841,39960
2025-09-14T20:00:00Z,0.3293315334600706,25.791,39896.7
2025-09-14T20:15:00Z,0.32456548137842134,25.743,39855.6
2025-09-14T20:30:00Z,0.3285024892524362,25.697,39815.3
2025-09-14T20:45:00Z,0.3278463212734408,25.645,39738.6
2025-09-14T21:00:00Z,0.32981482521044114,25.593,39703.9
2025-09-14T21:15:00Z,0.3224241012127891,25.549,39657.9
2025-09-14T21:30:00Z,0.32472068913930485,25.502,39616.9
2025-09-14T21:45:00Z,0.33095428493982126,25.451,39557.5
2025-09-14T22:00:00Z,0.3339070408453395,25.408,39505
2025-09-14T22:15:00Z,0.3398125526563618,25.362,39442.9
2025-09-14T22:30:00Z,0.340140636645863,25.312,39404.9
2025-09-14T22:45:00Z,0.3297971567426927,25.264,39337.1
2025-09-14T23:00:00Z,0.33701500451171995,25.224,39266.8
2025-09-14T23:15:00Z,0.34292051632274934,25.184,39251.4
2025-09-14T23:30:00Z,0.34751369217575956,25.14,39177.9
2025-09-14T23:45:00Z,0.3521068680287769,25.099,39098.6
2025-09-15T00:00:00Z,0.34241955610462327,25.053,39057.8
2025-09-15T00:15:00Z,0.3411072201466112,25.016,38976.3
2025-09-15T00:30:00Z,0.32518631242192697,24.986,38972.2
2025-09-15T00:45:00Z,0.3255143964114282,24.955,38906.1
2025-09-15T01:00:00Z,0.32748290034843563,24.919,38901.5
2025-09-15T01:15:00Z,0.32945140428543596,24.885,38820.6
2025-09-15T01:30:00Z,0.34209147211512203,24.848,38773.6
2025-09-15T01:45:00Z,0.3437318920626282,24.816,38706.7
2025-09-15T02:00:00Z,0.3287952363064406,24.785,38682.1
2025-09-15T02:15:00Z,0.33881063222010965,24.752,38625.8
2025-09-15T02:30:00Z,0.3287952363064406,24.724,38562.6
2025-09-15T02:45:00Z,0.33881063222010965,24.695,38534.5
2025-09-15T03:00:00Z,0.34077913615711,24.664,38491.8
2025-09-15T03:15:00Z,0.34209147211512203,24.637,38477
2025-09-15T03:30:00Z,0.34143530413611956,24.606,38410.3
2025-09-15T03:45:00Z,0.34405997605212946,24.576,38356.5
2025-09-15T04:00:00Z,0.3460284799891369,24.544,38327
2025-09-15T04:15:00Z,0.3486531519051468,24.515,38286.2
2025-09-15T04:30:00Z,0.35259015977916164,24.484,38231.9
2025-09-15T04:45:00Z,0.3548867477056703,24.458,38194
2025-09-15T05:00:00Z,0.35980800754818887,24.429,38178.7
2025-09-15T05:15:00Z,0.36571351935921115,24.404,38166.3
2025-09-15T05:30:00Z,0.3602912992985665,24.372,38099.2
2025-09-15T05:45:00Z,0.3671810630780925,24.339,38054.3
2025-09-15T06:00:00Z,0.37374274286811726,24.31,38022.9
2025-09-15T06:15:00Z,0.37192944669198624,24.283,37968.2
2025-09-15T06:30:00Z,0.3778349585030014,24.261,37968.1
2025-09-15T06:45:00Z,0.3740531583898701,24.242,37947.6
2025-09-15T07:00:00Z,0.37799016626388493,24.228,37932.7
2025-09-15T07:15:00Z,0.3715836942347295,24.212,37924.5
2025-09-15T07:30:00Z,0.37322411418223567,24.204,37922.6
2025-09-15T07:45:00Z,0.3622244663000771,24.198,37901.8
2025-09-15T08:00:00Z,0.3632087182685737,24.192,37906
2025-09-15T08:15:00Z,0.3518809863968997,24.187,37917.2
2025-09-15T08:30:00Z,0.3554899102814133,24.188,37942.6
2025-09-15T08:45:00Z,0.3607392541134331,24.194,37972.9
2025-09-15T09:00:00Z,0.3650043459769492,24.201,37994.2
2025-09-15T09:15:00Z,0.3686132698614699,24.204,38036.7
2025-09-15T09:30:00Z,0.3686132698614699,24.207,38067.1
2025-09-15T09:45:00Z,0.3599102099058058,24.216,38161
2025-09-15T10:00:00Z,0.3592540419267962,24.243,38303.6
2025-09-15T10:15:00Z,0.3582697899582996,24.288,38492.1
2025-09-15T10:30:00Z,0.35695745400029466,24.314,38596.2
2025-09-15T10:45:00Z,0.3436612181916203,24.399,38734.6
2025-09-15T11:00:00Z,0.3513800261787665,24.537,39001.4
2025-09-15T11:15:00Z,0.3357872024435906,24.697,39208.2
2025-09-15T11:30:00Z,0.3288974386640575,24.881,39452.5
2025-09-15T11:45:00Z,0.31774258302101543,25.103,39747.6
2025-09-15T12:00:00Z,0.4744115222417591,25.407,44618.5
2025-09-15T12:15:00Z,0.31069761148060593,25.506,45438.9
2025-09-15T12:30:00Z,0.3061044356275886,25.637,45652.4
2025-09-15T12:45:00Z,0.30118317578507003,25.761,45722.5
2025-09-15T13:00:00Z,0.30890198377223044,25.91,45832.8
2025-09-15T13:15:00Z,0.30201221999270444,26.035,45914.5
2025-09-15T13:30:00Z,0.30037180004519115,26.114,45923.9
2025-09-15T13:45:00Z,0.2947943722236701,26.184,45902.3
2025-09-15T14:00:00Z,0.2938101202551735,26.267,45928.8
2025-09-15T14:15:00Z,0.29923234031581813,26.351,45957.3
2025-09-15T14:30:00Z,0.2910302405782872,26.417,45975
2025-09-15T14:45:00Z,0.2808596369037488,26.477,45950.9
2025-09-15T15:00:00Z,0.27954730094573677,26.514,45890.3
2025-09-15T15:15:00Z,0.28956269685940583,26.54,45807.5
2025-09-15T15:30:00Z,0.28726610893289006,26.547,45712.7
2025-09-15T15:45:00Z,0.294328748941048,26.55,45636.4
2025-09-15T16:00:00Z,0.2907198250565344,26.543,45575.9
2025-09-15T16:15:00Z,0.2907198250565344,26.526,45437.7
2025-09-15T16:30:00Z,0.2880951531405245,26.509,45345.1
2025-09-15T16:45:00Z,0.29811054905418644,26.487,45259.5
2025-09-15T17:00:00Z,0.2951577931486753,26.462,45150.3
2025-09-15T17:15:00Z,0.296142045117179,26.431,45033
2025-09-15T17:30:00Z,0.29023653330615673,26.394,44886.3
2025-09-15T17:45:00Z,0.29023653330615673,26.357,44758.9
2025-09-15T18:00:00Z,0.3038608531043394,26.315,44643.4
2025-09-15T18:15:00Z,0.30156426517783075,26.27,44504.4
2025-09-15T18:30:00Z,0.30582935704134684,26.224,44380.8
2025-09-15T18:45:00Z,0.3091101969363592,26.178,44251.1
2025-09-15T19:00:00Z,0.3133752887998753,26.138,44138.5
2025-09-15T19:15:00Z,0.314359540768379,26.093,44027.7
2025-09-15T19:30:00Z,0.3202650525794084,26.05,43904.4
2025-09-15T19:45:00Z,0.3228897244954183,26.009,43769.7
2025-09-15T20:00:00Z,0.3261705643904307,25.967,43611
2025-09-15T20:15:00Z,0.3304356562539468,25.925,43526.1
2025-09-15T20:30:00Z,0.32271684826678637,25.883,43408.3
2025-09-15T20:45:00Z,0.32698194013030246,25.839,43276.3
2025-09-15T21:00:00Z,0.33223128396232227,25.79,43178.7
2025-09-15T21:00:00Z,0.33223128396232227,25.79,43178.7
2025-09-15T21:15:00Z,0.32877756783868506,25.745,43063.1
2025-09-15T21:30:00Z,0.3353392476287169,25.702,42962.6
2025-09-15T21:45:00Z,0.3419009274187417,25.663,42856.8
2025-09-15T22:00:00Z,0.34846260720876643,25.626,42753.1
2025-09-15T22:15:00Z,0.34172805119010974,25.591,42661.4
2025-09-15T22:30:00Z,0.3353215791609614,25.559,42571.2
2025-09-15T22:45:00Z,0.34188325895098615,25.523,42486.2
2025-09-15T23:00:00Z,0.3361329549008403,25.485,42386.5
2025-09-15T23:15:00Z,0.34039804676435637,25.455,42300.3
2025-09-15T23:30:00Z,0.3443350546383712,25.42,42205.5
2025-09-15T23:45:00Z,0.3303826508506873,25.384,42122.5
2025-09-16T00:00:00Z,0.33431965872470215,25.349,42025.7
2025-09-16T00:15:00Z,0.3216795908950303,25.317,41928.1
2025-09-16T00:30:00Z,0.32299192685303524,25.287,41838.1
2025-09-16T00:45:00Z,0.3356319946827071,25.261,41734
2025-09-16T01:00:00Z,0.32397617882153895,25.231,41664.2
2025-09-16T01:15:00Z,0.3246323468005414,25.198,41572.3
2025-09-16T01:15:00Z,0.3246323468005414,25.198,41572.3
2025-09-16T01:30:00Z,0.3246323468005414,25.165,41503
2025-09-16T01:45:00Z,0.3262727667480476,25.131,41441.6
2025-09-16T02:00:00Z,0.32561659876905225,25.099,41363.2
2025-09-16T02:15:00Z,0.3330073227666972,25.059,41277.4
2025-09-16T02:30:00Z,0.3287422309031811,25.031,41204.6
2025-09-16T02:45:00Z,0.32283671909215883,25.004,41159.9
2025-09-16T03:00:00Z,0.32054013116565017,24.972,41081.1
2025-09-16T03:15:00Z,0.31889971121813687,24.949,41002.3
2025-09-16T03:30:00Z,0.3225086351026576,24.927,40925.7
2025-09-16T03:45:00Z,0.3390857108063514,24.906,40887.8
2025-09-16T04:00:00Z,0.34269463469086503,24.883,40816.5
2025-09-16T04:15:00Z,0.3476158945333836,24.858,40762.5
2025-09-16T04:30:00Z,0.3512248184178972,24.83,40684.3
2025-09-16T04:45:00Z,0.3548337423024108,24.806,40643
2025-09-16T05:00:00Z,0.34809918628375414,24.773,40552
2025-09-16T05:15:00Z,0.35236427814727733,24.737,40480.6
2025-09-16T05:30:00Z,0.3566293700107863,24.701,40407.6
2025-09-16T05:45:00Z,0.3479263100551293,24.666,40368.3
2025-09-16T06:00:00Z,0.3558003258031661,24.632,40284.8
2025-09-16T06:15:00Z,0.36039350165618345,24.601,40230.7
2025-09-16T06:30:00Z,0.3575959535115416,24.56,40180
2025-09-16T06:45:00Z,0.3671103892070775,24.515,40116.7
2025-09-16T07:00:00Z,0.3680946411755812,24.473,40027.5
2025-09-16T07:15:00Z,0.355126489356401,24.422,39949.3
2025-09-16T07:30:00Z,0.35807924526191925,24.38,39898.7
2025-09-16T07:45:00Z,0.3474076813692477,24.338,39817.7
2025-09-16T08:00:00Z,0.3542974451487737,24.308,39791.9
2025-09-16T08:15:00Z,0.3638118808443096,24.284,39747.5
2025-09-16T08:30:00Z,0.37398248451884797,24.25,39691.9
2025-09-16T08:45:00Z,0.38251266824588726,24.214,39637
2025-09-16T09:00:00Z,0.38316883622488973,24.18,39604.7
2025-09-16T09:15:00Z,0.3761061962167389,24.051,39411.9
2025-09-16T09:30:00Z,0.3693716401980893,23.907,39193.9
2025-09-16T09:45:00Z,0.3560754043894008,23.821,39076.4
2025-09-16T10:00:00Z,0.3570596563579045,23.81,39035
2025-09-16T10:15:00Z,0.3501698925783785,23.843,39078.6
2025-09-16T10:30:00Z,0.3449205487463587,23.922,39174
2025-09-16T10:45:00Z,0.35756061657603766,24.009,39318.9
2025-09-16T11:00:00Z,0.3536236087020228,24.11,39454.2
2025-09-16T11:15:00Z,0.3500146848175092,24.214,39590
2025-09-16T11:30:00Z,0.3577334928046625,24.339,39778.2
2025-09-16T11:45:00Z,0.35051564503564236,24.472,39954.5
2025-09-16T12:00:00Z,0.4948726004162154,24.615,40151.4
2025-09-16T12:15:00Z,0.330830605665561,24.778,40474.2
2025-09-16T12:30:00Z,0.3255812618335412,24.954,40718.9
2025-09-16T12:45:00Z,0.3170510781065019,25.135,41000.5
2025-09-16T13:00:00Z,0.3214890461986428,25.331,41286.2
2025-09-16T13:15:00Z,0.31656778635612426,25.515,41537.4
2025-09-16T13:30:00Z,0.3132869464611119,25.701,41765.2
2025-09-16T13:45:00Z,0.31805299854276115,25.86,42009.6
2025-09-16T14:00:00Z,0.3013207150781909,26.008,42206.3
2025-09-16T14:15:00Z,0.2849165156031219,26.159,42395.3
2025-09-16T14:30:00Z,0.2717931560230724,26.297,42556.7
2025-09-16T14:45:00Z,0.27048082006506746,26.405,42763.3
2025-09-16T15:00:00Z,0.27721537608371705,26.475,42883.2
2025-09-16T15:15:00Z,0.28755885598689446,26.526,42911.5
2025-09-16T15:30:00Z,0.2982304198795589,26.561,42966.3
2025-09-16T15:45:00Z,0.29790233589005766,26.592,42939
2025-09-16T16:00:00Z,0.29166874008952703,26.617,42946.7
2025-09-16T16:15:00Z,0.2851070602995094,26.636,42955.9
2025-09-16T16:30:00Z,0.28051388444648495,26.664,42927.8
2025-09-16T16:45:00Z,0.28641939625750723,26.676,42907.4
2025-09-16T17:00:00Z,0.2895450283916503,26.649,42856.5
2025-09-16T17:15:00Z,0.2875765244546429,26.605,42743.8
2025-09-16T17:30:00Z,0.29857617233681566,26.55,42617.1
2025-09-16T17:45:00Z,0.28724844046514164,26.496,42481.7
2025-09-16T18:00:00Z,0.30021659228432185,26.441,42364.3
2025-09-16T18:15:00Z,0.2998885082948206,26.388,42269.1
2025-09-16T18:30:00Z,0.30448168414783794,26.335,42172.8
2025-09-16T18:45:00Z,0.3084186920218528,26.282,42043
2025-09-16T19:00:00Z,0.3120276159063664,26.224,41918.9
2025-09-16T19:15:00Z,0.32449480750742055,26.17,41787.5
2025-09-16T19:30:00Z,0.3326969072449515,26.113,41680.9
2025-09-16T19:45:00Z,0.32727468718429975,26.063,41566.7
2025-09-16T20:00:00Z,0.33153977904782295,26.019,41478
2025-09-16T20:15:00Z,0.32119629914464554,25.976,41384.7
2025-09-16T20:30:00Z,0.3098685672729786,25.932,41291.3
2025-09-16T20:45:00Z,0.31544599509449966,25.891,41186.9
2025-09-16T21:00:00Z,0.3216795908950303,25.84,41085.2
2025-09-16T21:15:00Z,0.3216795908950303,25.795,40979.5
2025-09-16T21:30:00Z,0.3200391709475241,25.757,40887.4
2025-09-16T21:45:00Z,0.31035185902334916,25.717,40795.4
2025-09-16T22:00:00Z,0.3106799430128504,25.681,40736.7
2025-09-16T22:15:00Z,0.3123203629603566,25.646,40631.7
2025-09-16T22:30:00Z,0.31461695088686525,25.606,40561.2
2025-09-16T22:45:00Z,0.31264844694985783,25.56,40460.9
2025-09-16T23:00:00Z,0.3142888668973711,25.515,40389.4
2025-09-16T23:15:00Z,0.3096956910443467,25.467,40269.3
2025-09-16T23:30:00Z,0.30772718710733926,25.434,40186.3
2025-09-16T23:45:00Z,0.3113361109918529,25.405,40079.7
2025-09-17T00:00:00Z,0.31822587477137887,25.374,40011.5
2025-09-17T00:15:00Z,0.32561659876905225,25.342,39971.6
2025-09-17T00:30:00Z,0.322663842863534,25.31,39903.2
2025-09-17T00:45:00Z,0.31183707120999316,25.273,39833.2
2025-09-17T01:00:00Z,0.28935448369526995,25.239,39788.8
2025-09-17T01:15:00Z,0.27984004799972695,25.218,39718.2
2025-09-17T01:30:00Z,0.2921520318399118,25.2,39675.2
2025-09-17T01:45:00Z,0.3044640156800824,25.179,39626
2025-09-17T02:00:00Z,0.31677599952026014,25.153,39580.6
2025-09-17T02:15:00Z,0.3363058311294651,25.12,39501
2025-09-17T02:30:00Z,0.3353215791609614,25.086,39435.9
2025-09-17T02:45:00Z,0.3422113429404945,25.048,39368.1
2025-09-17T03:00:00Z,0.3292431911213143,25.011,39295.3
2025-09-17T03:15:00Z,0.32727468718429975,24.978,39251.4
2025-09-17T03:30:00Z,0.3292431911213143,24.95,39176.2
2025-09-17T03:45:00Z,0.3164479155307589,24.918,39136.8
2025-09-17T04:00:00Z,0.32825893915281057,24.883,39079.8
2025-09-17T04:15:00Z,0.3223534273417812,24.856,39027.1
2025-09-17T04:30:00Z,0.3328521150058208,24.826,38950.6
2025-09-17T04:45:00Z,0.3559908704995465,24.807,38947.7
2025-09-17T05:00:00Z,0.3561460782604229,24.78,38879
2025-09-17T05:15:00Z,0.359098834165934,24.751,38836.5
2025-09-17T05:30:00Z,0.3512248184178972,24.715,38800.6
2025-09-17T05:45:00Z,0.32955360664306,24.681,38734.9
2025-09-17T06:00:00Z,0.3433331342021191,24.654,38711.4
2025-09-17T06:15:00Z,0.3426769662231095,24.63,38663.7
2025-09-17T06:30:00Z,0.3426769662231095,24.601,38630.4
2025-09-17T06:45:00Z,0.34234888223360826,24.569,38583.6
2025-09-17T07:00:00Z,0.3234752186033987,24.54,38534
2025-09-17T07:15:00Z,0.32675605849841105,24.515,38520.7
2025-09-17T07:30:00Z,0.3287245624354185,24.489,38464.3
2025-09-17T07:45:00Z,0.3343019902569466,24.469,38447.2
2025-09-17T08:00:00Z,0.3512071499501488,24.456,38432.2
2025-09-17T08:15:00Z,0.3554722418136649,24.436,38439.8
2025-09-17T08:30:00Z,0.3548160738346624,24.418,38453.5
2025-09-17T08:45:00Z,0.3505509819711463,24.42,38464.6
2025-09-17T09:00:00Z,0.33955133408896643,24.441,38501.8
2025-09-17T09:15:00Z,0.3385670821204627,24.457,38533.7
2025-09-17T09:30:00Z,0.3497219377635048,24.486,38559.7
2025-09-17T09:45:00Z,0.35628361755352955,24.548,38691.7
2025-09-17T10:00:00Z,0.3618610453750577,24.627,38775.4
2025-09-17T10:15:00Z,0.35103427372150975,24.716,38998.6
2025-09-17T10:30:00Z,0.3210057544482723,24.819,39136.8
2025-09-17T10:45:00Z,0.2926176551225268,24.939,39285.9
2025-09-17T11:00:00Z,0.28015046352147976,25.064,39454.5
2025-09-17T11:15:00Z,0.27540207990758603,25.202,39618.3
2025-09-17T11:30:00Z,0.27541974837534156,25.36,39849.1
2025-09-17T11:45:00Z,0.27099944875094906,25.478,39984.4
2025-09-17T12:00:00Z,0.43488623574073415,25.57,40088.3
2025-09-17T12:15:00Z,0.2779068809982377,25.651,40220
2025-09-17T12:30:00Z,0.2869380249433888,25.716,40310.4
2025-09-17T12:45:00Z,0.3005623447415786,25.787,40422.5
2025-09-17T13:00:00Z,0.2936725809620455,25.876,40536.7
2025-09-17T13:15:00Z,0.3010633049597047,25.977,40702.6
2025-09-17T13:30:00Z,0.29647012910668025,26.047,40803.1
2025-09-17T13:45:00Z,0.2941735411801716,26.09,40869.5
2025-09-17T14:00:00Z,0.30058001320932703,26.12,40875.7
2025-09-17T14:15:00Z,0.28597144144263353,26.137,40890.6
2025-09-17T14:30:00Z,0.2995957612408162,26.166,40923
2025-09-17T14:45:00Z,0.2918769532536629,26.204,40989.6
2025-09-17T15:00:00Z,0.30418893709384065,26.218,41049.6
2025-09-17T15:15:00Z,0.307469776988853,26.216,41172.5
2025-09-17T15:30:00Z,0.29992384523032456,26.212,41183.2
2025-09-17T15:45:00Z,0.2897532415557791,26.203,41120.1
2025-09-17T16:00:00Z,0.28516006570276886,26.183,41049.9
2025-09-17T16:15:00Z,0.2682549060095667,26.162,40979
2025-09-17T16:30:00Z,0.28089497383924567,26.138,40950
2025-09-17T16:45:00Z,0.2941912096479271,26.111,40864.6
2025-09-17T17:00:00Z,0.2974720495429395,26.074,40849.5
2025-09-17T17:15:00Z,0.3010809734274531,26.041,40778.4
2025-09-17T17:30:00Z,0.30125384965607793,26.008,40711.7
2025-09-17T17:45:00Z,0.2827082700153838,25.965,40622.2
2025-09-17T18:00:00Z,0.277458926183364,25.919,40550
2025-09-17T18:15:00Z,0.27450617027785285,25.876,40475.1
2025-09-17T18:30:00Z,0.2878024060865272,25.838,40372.5
2025-09-17T18:45:00Z,0.2984739699791916,25.798,40292.1
2025-09-17T19:00:00Z,0.3119254135487495,25.764,40224.5
2025-09-17T19:15:00Z,0.32209601722329495,25.733,40139.2
2025-09-17T19:30:00Z,0.3467023164358878,25.699,40091.6
2025-09-17T19:45:00Z,0.35276303600778647,25.674,40019.9
2025-09-17T20:00:00Z,0.35440345595529266,25.639,39976.5
2025-09-17T20:15:00Z,0.3470127319576406,25.599,39922.1
2025-09-17T20:30:00Z,0.32337301624578885,25.563,39850.2
2025-09-17T20:45:00Z,0.3094206124581049,25.519,39788.1
2025-09-17T21:00:00Z,0.30727923229247267,25.475,39699.8
2025-09-17T21:15:00Z,0.3125285761244925,25.444,39664.3
2025-09-17T21:30:00Z,0.32352822400666525,25.416,39623.4
2025-09-17T21:45:00Z,0.3153261242691343,25.385,39581
2025-09-17T22:00:00Z,0.2990771325549417,25.364,39549.7
2025-09-17T22:15:00Z,0.2971086286179343,25.339,39522.1
2025-09-17T22:30:00Z,0.29317162074391234,25.306,39464.7
2025-09-17T22:45:00Z,0.3022027646890777,25.275,39425.3
2025-09-17T23:00:00Z,0.30449935261558636,25.248,39369.9
2025-09-17T23:15:00Z,0.3210764283192802,25.221,39336.6
2025-09-17T23:30:00Z,0.32763810810930494,25.197,39300.6
2025-09-17T23:45:00Z,0.3358402078468359,25.176,39262.9
2025-09-18T00:00:00Z,0.3499478193953962,25.15,39216.2
2025-09-18T00:15:00Z,0.34699506348988507,25.125,39198.3
2025-09-18T00:30:00Z,0.3307460717756996,25.096,39142.9
2025-09-18T00:45:00Z,0.3207306758620234,25.072,39118.4
2025-09-18T01:00:00Z,0.2972638363788107,25.046,39068.1
2025-09-18T01:15:00Z,0.2345997943840601,25.014,39047.1
2025-09-18T01:30:00Z,0.2580666338672728,24.968,39004.8
2025-09-18T01:45:00Z,0.2675810695628158,24.931,38919.5
2025-09-18T02:00:00Z,0.2726752056339663,24.902,38854.5
2025-09-18T02:15:00Z,0.3390011769164829,24.874,38812.7
2025-09-18T02:30:00Z,0.347030400425389,24.849,38790.7
2025-09-18T02:45:00Z,0.34668464796813936,24.819,38768.8
2025-09-18T03:00:00Z,0.36752681553534217,24.793,38723.5
2025-09-18T03:15:00Z,0.3883689831025521,24.769,38656.3
2025-09-18T03:30:00Z,0.3653854353697099,24.746,38632.9
2025-09-18T03:45:00Z,0.32779331587018845,24.717,38593.1
2025-09-18T04:00:00Z,0.32418439198566773,24.691,38579.8
2025-09-18T04:15:00Z,0.3112162401664875,24.662,38534.5
2025-09-18T04:30:00Z,0.29842096457593925,24.638,38529.2
2025-09-18T04:30:00Z,0.29842096457593925,24.638,38529.2
2025-09-18T04:45:00Z,0.2962972528780554,24.605,38501.9
2025-09-18T05:00:00Z,0.28284580930850467,24.582,38472.3
2025-09-18T05:15:00Z,0.2872837774006456,24.549,38465.3
2025-09-18T05:30:00Z,0.295002585387806,24.522,38441.6
2025-09-18T05:45:00Z,0.313220081039006,24.495,38422.5
2025-09-18T06:00:00Z,0.33274991264820386,24.468,38404.7
2025-09-18T06:15:00Z,0.340140636645863,24.446,38387.2
2025-09-18T06:30:00Z,0.3434214765408754,24.426,38353.6
2025-09-18T06:45:00Z,0.340140636645863,24.407,38349.7
2025-09-18T07:00:00Z,0.328812904774189,24.394,38339.2
2025-09-18T07:15:00Z,0.335702668553715,24.38,38343
2025-09-18T07:30:00Z,0.3268444008371816,24.366,38324.5
2025-09-18T07:45:00Z,0.33062620095032,24.342,38333.5
2025-09-18T08:00:00Z,0.325048773128799,24.309,38315.5
2025-09-18T08:15:00Z,0.327673445044816,24.27,38272.5
2025-09-18T08:30:00Z,0.36638735580596915,24.23,38226.8
2025-09-18T08:45:00Z,0.3944473711421992,24.195,38160.5
2025-09-18T09:00:00Z,0.4162737906779128,24.113,38079.3
2025-09-18T09:15:00Z,0.40527414279574714,23.95,37846
2025-09-18T09:30:00Z,0.36750914706759374,23.764,37610.6
2025-09-18T09:45:00Z,0.35913417110143087,23.672,37521.4
2025-09-18T10:00:00Z,0.3611026750384383,23.642,37490.4
2025-09-18T10:15:00Z,0.3630711789754457,23.629,37474
2025-09-18T10:30:00Z,0.36503968291245315,23.632,37471.6
2025-09-18T10:45:00Z,0.3656958508914556,23.645,37507.9
2025-09-18T11:00:00Z,0.3611026750384383,23.672,37564
2025-09-18T11:15:00Z,0.34157284342924044,23.703,37610.8
2025-09-18T11:30:00Z,0.33730775156572435,23.733,37631.4
2025-09-18T11:45:00Z,0.3297618198071959,23.768,37679.7
2025-09-18T12:00:00Z,0.4887273469544553,23.79,37700.9
2025-09-18T12:15:00Z,0.3335436199203272,23.8,37719.4
2025-09-18T12:30:00Z,0.33995009194948267,23.801,37711.6
2025-09-18T12:45:00Z,0.3435590158339963,23.78,37706.8
2025-09-18T13:00:00Z,0.33798158801247524,23.717,37654.8
2025-09-18T13:15:00Z,0.350293571852653,23.649,37571.8
2025-09-18T13:30:00Z,0.3486531519051468,23.572,37551
2025-09-18T13:45:00Z,0.34471614403113193,23.508,37476
2025-09-18T14:00:00Z,0.3443880600416307,23.466,37457.1
2025-09-18T14:15:00Z,0.349482196112767,23.447,37450.5
2025-09-18T14:30:00Z,0.3409520123857348,23.459,37464
2025-09-18T14:45:00Z,0.3493269883518977,23.46,37449.6
2025-09-18T15:00:00Z,0.35424824819442335,23.472,37479
2025-09-18T15:15:00Z,0.3486708203728952,23.478,37525.6
2025-09-18T15:30:00Z,0.3544211244230411,23.49,37519.1
2025-09-18T15:45:00Z,0.36032663623407046,23.504,37531.2
2025-09-18T16:00:00Z,0.36968586416872995,23.515,37531.6
2025-09-18T16:15:00Z,0.3531087884650361,23.514,37521.7
2025-09-18T16:30:00Z,0.3517964525070312,23.521,37534.4
2025-09-18T16:45:00Z,0.35245262048603365,23.526,37520.4
2025-09-18T17:00:00Z,0.3563896283600485,23.514,37529.3
2025-09-18T17:15:00Z,0.37067011613723366,23.497,37502.1
2025-09-18T17:30:00Z,0.3700139481582312,23.482,37474.8
2025-09-18T17:45:00Z,0.3703420321477324,23.479,37440.3
2025-09-18T18:00:00Z,0.3573738803285522,23.474,37430.6
2025-09-18T18:15:00Z,0.36098280421306583,23.467,37422.6
2025-09-18T18:30:00Z,0.3659040640555915,23.457,37402.8
2025-09-18T18:45:00Z,0.3711534078876113,23.441,37360.6
2025-09-18T19:00:00Z,0.37344999581412,23.423,37352.7
2025-09-18T19:15:00Z,0.3773870036881277,23.402,37311.2
2025-09-18T19:30:00Z,0.3796835916146435,23.376,37293.7
2025-09-18T19:45:00Z,0.37787029543851247,23.354,37253.9
2025-09-18T20:00:00Z,0.3814792193230332,23.339,37227.5
2025-09-18T20:15:00Z,0.3757289152728802,23.315,37202.6
2025-09-18T20:30:00Z,0.375400831283379,23.291,37187.9
2025-09-18T20:45:00Z,0.3783535871888901,23.271,37168.3
2025-09-18T21:00:00Z,0.3696505272332331,23.25,37125.1
2025-09-18T21:15:00Z,0.36899435925423063,23.233,37088.2
2025-09-18T21:30:00Z,0.37785262697076405,23.213,37069
2025-09-18T21:45:00Z,0.3808053828762752,23.189,37042.5
2025-09-18T22:00:00Z,0.38474239075029004,23.169,37009.9
2025-09-18T22:15:00Z,0.374726994836621,23.144,36973.5
2025-09-18T22:30:00Z,0.3760393307946259,23.127,36961.5
2025-09-18T22:45:00Z,0.3803044226581491,23.11,36952.7
2025-09-18T23:00:00Z,0.3647115989229519,23.09,36925.3
2025-09-18T23:15:00Z,0.36503968291245315,23.075,36912.9
2025-09-18T23:30:00Z,0.36503968291245315,23.06,36906
2025-09-18T23:45:00Z,0.3627430949859445,23.049,36889
2025-09-19T00:00:00Z,0.3637273469544482,23.043,36902.5
2025-09-19T00:15:00Z,0.3630711789754457,23.042,36893.6
2025-09-19T00:30:00Z,0.3663520188704652,23.041,36931.5
2025-09-19T00:45:00Z,0.3793201706896383,23.036,36939.2
2025-09-19T01:00:00Z,0.37899208670013707,23.038,36923.8
2025-09-19T01:15:00Z,0.38063250664764325,23.05,36941.6
2025-09-19T01:30:00Z,0.371601362702485,23.056,36970.7
2025-09-19T01:45:00Z,0.3732417826499841,23.06,37012.6
2025-09-19T02:00:00Z,0.37389795062899367,23.052,36998.3
2025-09-19T02:15:00Z,0.3791472944610135,23.04,37015.3
2025-09-19T02:30:00Z,0.3837404703140308,23.031,37009.6
2025-09-19T02:45:00Z,0.385380890261537,23.027,37046.8
2025-09-19T03:00:00Z,0.3837404703140308,23.027,37070.2
2025-09-19T03:15:00Z,0.37634974631637874,23.028,37128.5
2025-09-19T03:30:00Z,0.3770059142953812,23.026,37125.9
2025-09-19T03:45:00Z,0.37831825025338617,23.02,37097.1
2025-09-19T04:00:00Z,0.38258334211690226,23.01,37089.2
2025-09-19T04:15:00Z,0.38323951009590473,23,37057.4
2025-09-19T04:30:00Z,0.3838956780749072,22.988,37063.1
2025-09-19T04:45:00Z,0.38750460195942793,22.968,37009.9
2025-09-19T05:00:00Z,0.37814537402475423,22.938,36961
2025-09-19T05:15:00Z,0.38273854987777156,22.909,36928.9
2025-09-19T05:30:00Z,0.3863474737622923,22.886,36881.6
2025-09-19T05:45:00Z,0.3919249015838133,22.874,36893.4
2025-09-19T06:00:00Z,0.394221489510322,22.873,36891.2
2025-09-19T06:15:00Z,0.3994708333423418,22.873,36881.6
2025-09-19T06:30:00Z,0.3907677733866848,22.881,36889.2
2025-09-19T06:45:00Z,0.39470478126070674,22.883,36899.2
2025-09-19T07:00:00Z,0.39568903322920335,22.88,36913.9
2025-09-19T07:15:00Z,0.38534555332603304,22.881,36908.1
2025-09-19T07:30:00Z,0.38468938534703057,22.886,36909.5
2025-09-19T07:45:00Z,0.38698597327353923,22.896,36915.2
2025-09-19T08:00:00Z,0.3799233332653884,22.912,36971.9
2025-09-19T08:15:00Z,0.38550076108690945,22.931,36990.5
2025-09-19T08:30:00Z,0.3920624408769342,22.955,37042.3
2025-09-19T08:45:00Z,0.390422020929428,22.989,37073
2025-09-19T09:00:00Z,0.39665561672995153,23.034,37135.8
2025-09-19T09:15:00Z,0.38893680874279823,23.08,37195.4
2025-09-19T09:30:00Z,0.3895929767218007,23.12,37244.5
2025-09-19T09:45:00Z,0.3895929767218007,23.164,37322.2
2025-09-19T10:00:00Z,0.3766248249026134,23.224,37402.2
2025-09-19T10:15:00Z,0.37793716086061835,23.291,37473.3
2025-09-19T10:30:00Z,0.3740001529866035,23.358,37557.8
2025-09-19T10:45:00Z,0.37104739708109236,23.431,37684
2025-09-19T11:00:00Z,0.36907889314408493,23.533,37782.5
2025-09-19T11:15:00Z,0.3531579854194007,23.67,37980.9
2025-09-19T11:30:00Z,0.35726786952204037,23.803,38138.9
2025-09-19T11:45:00Z,0.3539870296270209,23.96,38361.2
2025-09-19T12:00:00Z,0.4999844049551072,24.149,38574.6
2025-09-19T12:15:00Z,0.3418479220154751,24.366,38897.2
2025-09-19T12:30:00Z,0.3333177382884429,24.606,39201.3
2025-09-19T12:45:00Z,0.32774031046692187,24.779,39422
2025-09-19T13:00:00Z,0.3315221105800674,24.927,39597.6
2025-09-19T13:15:00Z,0.32561659876905225,25.121,39871
2025-09-19T13:30:00Z,0.3164302470630105,25.303,40127.1
2025-09-19T13:45:00Z,0.3079000633359712,25.512,40414.8
2025-09-19T14:00:00Z,0.30035413157744273,25.723,40668
2025-09-19T14:15:00Z,0.30151125977457127,26.001,41088.3
2025-09-19T14:30:00Z,0.29593383195305023,26.26,41445.3
2025-09-19T14:45:00Z,0.3043088079192131,26.458,41762.3
2025-09-19T15:00:00Z,0.2997156320661887,26.55,41864.5
2025-09-19T15:15:00Z,0.2954505402026726,26.63,41986.1
2025-09-19T15:30:00Z,0.2911854483391636,26.696,42104.8
2025-09-19T15:45:00Z,0.28888886041264783,26.739,42166.4
2025-09-19T16:00:00Z,0.2895450283916503,26.771,42217.4
2025-09-19T16:15:00Z,0.28921694440214907,26.773,42220.2
2025-09-19T16:30:00Z,0.3008727602633243,26.753,42162.6
2025-09-19T16:45:00Z,0.303169348189833,26.707,42111.8
2025-09-19T17:00:00Z,0.30382551616883546,26.642,42006.6
2025-09-19T17:15:00Z,0.3061221040953441,26.574,41963.8
2025-09-19T17:30:00Z,0.3074344400533562,26.498,41837.3
2025-09-19T17:45:00Z,0.3051378521268475,26.425,41719.7
2025-09-19T18:00:00Z,0.3074344400533562,26.354,41615.3
2025-09-19T18:15:00Z,0.2947943722236701,26.29,41502.3
2025-09-19T18:30:00Z,0.2954505402026726,26.221,41383.5
2025-09-19T18:45:00Z,0.3067782720743466,26.161,41284.8
2025-09-19T19:00:00Z,0.3103871959588673,26.102,41168.2
2025-09-19T19:15:00Z,0.31760504372789455,26.047,41083.9
2025-09-19T19:30:00Z,0.32449480750742055,26.001,41032.1
2025-09-19T19:45:00Z,0.3336811592134552,25.955,40945.7
2025-09-19T20:00:00Z,0.3369619991084676,25.906,40908
2025-09-19T20:15:00Z,0.3266185192053044,25.862,40813.4
2025-09-19T20:30:00Z,0.3266185192053044,25.812,40747.4
2025-09-19T20:45:00Z,0.3166031232916282,25.756,40681.4
2025-09-19T21:00:00Z,0.3072438953569687,25.701,40581.2
2025-09-19T21:15:00Z,0.3095404832834845,25.653,40511.5
2025-09-19T21:30:00Z,0.3192277952076381,25.601,40434.5
2025-09-19T21:45:00Z,0.3095404832834845,25.548,40373.4
2025-09-19T22:00:00Z,0.32546139100816873,25.496,40274.2
2025-09-19T22:15:00Z,0.33071073484018854,25.458,40234
2025-09-19T22:30:00Z,0.33760049861971453,25.425,40216.7
2025-09-19T22:45:00Z,0.33858475058821824,25.4,40166.7
2025-09-19T23:00:00Z,0.32955360664306,25.38,40100.3
2025-09-19T23:15:00Z,0.32988169063256123,25.347,40110
2025-09-19T23:30:00Z,0.3175697067923764,25.304,40087.1
2025-09-19T23:45:00Z,0.3192101267398826,25.258,39964.4
2025-09-20T00:00:00Z,0.32314713461389744,25.212,39912.2
2025-09-20T00:15:00Z,0.32478755456141073,25.164,39859.7
2025-09-20T00:30:00Z,0.32675605849841105,25.114,39792.1
2025-09-20T00:45:00Z,0.3260998905194086,25.059,39696.9
2025-09-20T01:00:00Z,0.33266157030944044,25.006,39646
2025-09-20T01:15:00Z,0.33528624222545034,24.951,39569.6
2025-09-20T01:30:00Z,0.33463007424644786,24.903,39498.1
2025-09-20T01:45:00Z,0.33627049419395405,24.86,39459.6
2025-09-20T02:00:00Z,0.3359424102044528,24.827,39418.1
2025-09-20T02:15:00Z,0.33791091414146024,24.795,39369
2025-09-20T02:30:00Z,0.33889516610996395,24.775,39360.1
2025-09-20T02:45:00Z,0.33955133408896643,24.747,39323.9
2025-09-20T03:00:00Z,0.33955133408896643,24.714,39246.6
2025-09-20T03:15:00Z,0.3411917540364726,24.679,39213.4
2025-09-20T03:30:00Z,0.33117635812281065,24.65,39195.8
2025-09-20T03:45:00Z,0.33117635812281065,24.618,39176
2025-09-20T04:00:00Z,0.34512876191048747,24.581,39114.4
2025-09-20T04:15:00Z,0.3480815178159986,24.541,39043.6
2025-09-20T04:30:00Z,0.34069079381835365,24.503,39032.5
2025-09-20T04:45:00Z,0.3462682216398747,24.464,38975.6
2025-09-20T05:00:00Z,0.3534860694089019,24.422,38916.3
2025-09-20T05:15:00Z,0.3584073292514205,24.388,38863.9
2025-09-20T05:30:00Z,0.36496900904144525,24.345,39042.6
2025-09-20T05:45:00Z,0.3595467889808006,24.314,39354.7
2025-09-20T06:00:00Z,0.3644680488233192,24.288,39291.7
2025-09-20T06:15:00Z,0.3707016446238427,24.253,39219.3
2025-09-20T06:30:00Z,0.361014332699682,24.217,39113.2
2025-09-20T06:45:00Z,0.35821678455504014,24.184,39100.4
2025-09-20T07:00:00Z,0.3664188842925711,24.155,38989.3
2025-09-20T07:15:00Z,0.36805930424007727,24.134,38909.9
2025-09-20T07:30:00Z,0.37068397615608717,24.115,38883.8
2025-09-20T07:45:00Z,0.3613247482214206,24.101,38799.3
2025-09-20T08:00:00Z,0.35524636018177347,24.095,38739.7
2025-09-20T08:15:00Z,0.35524636018177347,24.098,38740.9
2025-09-20T08:30:00Z,0.36279229194030194,24.096,38716
2025-09-20T08:45:00Z,0.3660731318353143,24.108,38728
2025-09-20T09:00:00Z,0.3616351637431734,24.121,38658.1
2025-09-20T09:15:00Z,0.36294749970117834,24.151,38688
2025-09-20T09:30:00Z,0.36491600363818577,24.188,38715.8
2025-09-20T09:45:00Z,0.36229133172217587,24.211,38740.6
2025-09-20T10:00:00Z,0.3506355158610006,24.251,38724.6
2025-09-20T10:15:00Z,0.34833892793449195,24.292,38758.7
2025-09-20T10:30:00Z,0.3324180202098006,24.388,38869.3
2025-09-20T10:45:00Z,0.3375121562809511,24.508,38994.5
2025-09-20T11:00:00Z,0.3332470644174279,24.64,39186.7
2025-09-20T11:15:00Z,0.3279977205854081,24.817,39380.3
2025-09-20T11:30:00Z,0.31979562084787716,25.007,39627.1
2025-09-20T11:45:00Z,0.3138901090368549,25.167,39825.6
2025-09-20T12:00:00Z,0.465136828196961,25.348,40085.1
2025-09-20T12:15:00Z,0.3052047175489534,25.556,40362.2
2025-09-20T12:30:00Z,0.2914251899898943,25.793,40677.5
2025-09-20T12:45:00Z,0.27862991439934603,26.047,40989.1
2025-09-20T13:00:00Z,0.26419421886128447,26.228,41222.5
2025-09-20T13:15:00Z,0.2686321869534183,26.416,41463.1
2025-09-20T13:30:00Z,0.27405440701407713,26.559,41679
2025-09-20T13:45:00Z,0.28374171893823785,26.617,41706.9
2025-09-20T14:00:00Z,0.28472597090674867,26.636,41712.8
2025-09-20T14:15:00Z,0.2908043589464029,26.628,41657
2025-09-20T14:30:00Z,0.2868673510723809,26.636,41581
2025-09-20T14:45:00Z,0.28194609122986236,26.668,41592.4
2025-09-20T15:00:00Z,0.27571249542933884,26.74,41632.2
2025-09-20T15:15:00Z,0.2681665636708104,26.818,41720.2
2025-09-20T15:30:00Z,0.26357338781779305,26.886,41790.2
2025-09-20T15:45:00Z,0.2683394398994281,26.924,41819.7
2025-09-20T16:00:00Z,0.27638633187608974,26.943,41857.6
2025-09-20T16:15:00Z,0.27310549198107736,26.952,41826.9
2025-09-20T16:30:00Z,0.26851231612806004,26.953,41798.1
2025-09-20T16:45:00Z,0.2775434600732183,26.941,41764.4
2025-09-20T17:00:00Z,0.27459070416770714,26.903,41685.6
2025-09-20T17:15:00Z,0.2722941162411985,26.861,41584.6
2025-09-20T17:30:00Z,0.28230951215487465,26.815,41482.5
2025-09-20T17:45:00Z,0.28230951215487465,26.771,41374.2
2025-09-20T18:00:00Z,0.2800129242283589,26.724,41274
2025-09-20T18:15:00Z,0.27870058827036104,26.679,41176.7
2025-09-20T18:30:00Z,0.27804442029135146,26.635,41071.3
2025-09-20T18:45:00Z,0.29166874008952703,26.596,40988.2
2025-09-20T19:00:00Z,0.2906844881210304,26.555,40914.7
2025-09-20T19:15:00Z,NA,26.515,40797.9
2025-09-20T19:30:00Z,0.2965899999320527,26.475,40758
2025-09-20T19:45:00Z,0.3001989238165663,26.436,40646.3
2025-09-20T20:00:00Z,0.3018393437640725,26.396,40588.3
2025-09-20T20:15:00Z,0.29888658785856137,26.365,40547.8
2025-09-20T20:30:00Z,0.302495511743075,26.333,40475.9
2025-09-20T20:45:00Z,0.2898554439134031,26.292,40424.4
2025-09-20T21:00:00Z,0.29280819981891426,26.251,40330.9
2025-09-20T21:15:00Z,0.3061044356275886,26.211,40237.4
2025-09-20T21:30:00Z,0.2964171237034279,26.172,40207.7
2025-09-20T21:45:00Z,0.2974013756719316,26.13,40125.7
2025-09-20T22:00:00Z,0.29805754365093406,26.089,40037.6
2025-09-20T22:15:00Z,0.29707329168243035,26.048,39975.8
2025-09-20T22:30:00Z,0.2957609557244254,26.006,39884.1
2025-09-20T22:45:00Z,0.2974013756719316,25.957,39811.6
2025-09-20T23:00:00Z,0.2941205357769192,25.91,39741.8
2025-09-20T23:15:00Z,0.29444861976642045,25.862,39682.5
2025-09-20T23:30:00Z,0.30905719153309974,25.814,39581.6
2025-09-20T23:45:00Z,0.31266611541761336,25.767,39536.9
2025-09-21T00:00:00Z,0.3146346193546279,25.716,39420.8
2025-09-21T00:15:00Z,0.3139784513756183,25.665,39371.8
2025-09-21T00:30:00Z,0.3149627033441291,25.611,39298.1
2025-09-21T00:45:00Z,0.3172592912706378,25.556,39224.1
2025-09-21T01:00:00Z,0.3172592912706378,25.498,39114
2025-09-21T01:15:00Z,0.31627503930212697,25.447,39022.7
2025-09-21T01:30:00Z,0.3103695274911047,25.399,38973.8
2025-09-21T01:45:00Z,0.29543287173492416,25.357,38913.5
2025-09-21T02:00:00Z,0.3067606036065911,25.322,38850.6
2025-09-21T02:15:00Z,0.30479209966958365,25.293,38816.3
2025-09-21T02:30:00Z,0.31611983154125767,25.268,38759.1
2025-09-21T02:45:00Z,0.31874450345726757,25.242,38704.1
2025-09-21T03:00:00Z,0.3164479155307589,25.202,38669
2025-09-21T03:15:00Z,0.3174321674992626,25.168,38578.2
2025-09-21T03:30:00Z,0.31415132760425024,25.126,38507.9
2025-09-21T03:45:00Z,0.3154636635622552,25.092,38447.9
2025-09-21T04:00:00Z,0.31776025148876386,25.051,38409
2025-09-21T04:15:00Z,0.3190725874467688,25.003,38340.6
2025-09-21T04:30:00Z,0.3336811592134552,24.95,38267.1
2025-09-21T04:45:00Z,0.3405709229929883,24.902,38156.6
2025-09-21T05:00:00Z,0.35074152666752667,24.851,38134.2
2025-09-21T05:15:00Z,0.34531930660687493,24.799,38056.7
2025-09-21T05:30:00Z,0.3522090703864009,24.751,37974.7
2025-09-21T05:45:00Z,0.35778649820792197,24.703,37904.4
2025-09-21T06:00:00Z,0.3520361941577761,24.661,37808.9
2025-09-21T06:15:00Z,0.34661397409713146,24.618,37744.6
2025-09-21T06:30:00Z,0.3485824780341389,24.581,37719.9
2025-09-21T06:45:00Z,0.3416927142546129,24.549,37673.5
2025-09-21T07:00:00Z,0.3339739062674383,24.519,37607.1
2025-09-21T07:15:00Z,0.3349581582359491,24.498,37565.7
2025-09-21T07:30:00Z,0.34151983802597385,24.481,37541.4
2025-09-21T07:45:00Z,0.3402075020679689,24.463,37558.6
2025-09-21T07:45:00Z,0.3402075020679689,24.463,37558.6
2025-09-21T08:00:00Z,0.34480067792098623,24.455,37479.9
2025-09-21T08:15:00Z,0.34480067792098623,24.453,37513.9
2025-09-21T08:30:00Z,0.3324886940808156,24.454,37522.2
2025-09-21T08:45:00Z,0.3438164259524825,24.451,37504.1
2025-09-21T09:00:00Z,0.3265831822697933,24.449,37507.8
2025-09-21T09:15:00Z,0.33117635812281065,24.449,37493
2025-09-21T09:30:00Z,0.33478528200732427,24.466,37484.7
2025-09-21T09:45:00Z,0.3360976179653292,24.541,37612.8
2025-09-21T10:00:00Z,0.35464319760603047,24.659,37756.5
2025-09-21T10:15:00Z,0.35464319760603047,24.822,37980.3
2025-09-21T10:30:00Z,0.35693978553253913,24.935,38144.7
2025-09-21T10:45:00Z,0.3367537859443317,25.046,38269.2
2025-09-21T11:00:00Z,0.31820820630363045,25.167,38408.2
2025-09-21T11:15:00Z,0.30359963453695116,25.309,38616.2
2025-09-21T11:30:00Z,0.2976941227259218,25.463,38807.6
2025-09-21T11:45:00Z,0.29506945080991187,25.649,39060.7
2025-09-21T12:00:00Z,0.45698773386268954,25.848,39377.6
2025-09-21T12:15:00Z,0.28704022730100576,26.017,39626.5
2025-09-21T12:30:00Z,0.2811347154899835,26.219,39883.5
2025-09-21T12:45:00Z,0.2719483637839488,26.396,40131.6
2025-09-21T13:00:00Z,0.2681842321385588,26.599,40398.3
2025-09-21T13:15:00Z,0.2517800326634898,26.763,40632.9
2025-09-21T13:30:00Z,0.24751494079997372,26.858,40751.9
2025-09-21T13:45:00Z,0.25293716086061835,26.945,40899.1
2025-09-21T14:00:00Z,0.2550785410262648,27.054,41046.9
2025-09-21T14:15:00Z,0.2549233332653884,27.179,41209.5
2025-09-21T14:30:00Z,0.24508081358034417,27.308,41355.9
2025-09-21T14:45:00Z,0.23720679783231446,27.403,41514.1
2025-09-21T15:00:00Z,0.24033242996645043,27.477,41646.7
2025-09-21T15:15:00Z,0.2460827340166034,27.559,41785.7
2025-09-21T15:30:00Z,0.24542656603760804,27.609,41881.8
2025-09-21T15:45:00Z,0.25052070210874433,27.638,41929.6
2025-09-21T16:00:00Z,0.24100626641320844,27.656,41986.1
2025-09-21T16:15:00Z,0.25069357833737627,27.64,41948.7
2025-09-21T16:30:00Z,0.2483969904108676,27.615,41928.9
2025-09-21T16:45:00Z,0.2483969904108676,27.579,41859.3
2025-09-21T17:00:00Z,0.26169322621954194,27.521,41753.5
2025-09-21T17:15:00Z,0.26333364616704813,27.456,41662.2
2025-09-21T17:30:00Z,0.26103705824053236,27.389,41603.4
2025-09-21T17:45:00Z,0.2620213102090432,27.333,41480.4
2025-09-21T18:00:00Z,0.2613651422300407,27.279,41397.7
2025-09-21T18:15:00Z,0.2682549060095667,27.229,41330.9
2025-09-21T18:30:00Z,0.2751446697890927,27.183,41267.9
2025-09-21T18:45:00Z,0.27809742569460383,27.136,41179
2025-09-21T19:00:00Z,0.28334676952662363,27.093,41125
2025-09-21T19:15:00Z,0.2862995254321419,27.051,41092.9
2025-09-21T19:30:00Z,0.2812053893609985,27.011,41024.9
2025-09-21T19:45:00Z,0.2831738932980059,26.97,40981
2025-09-21T20:00:00Z,0.28612664920351705,26.925,40925.7
2025-09-21T20:15:00Z,0.2754550853108455,26.881,40880.1
2025-09-21T20:30:00Z,0.27775167323735417,26.834,40813.8
2025-09-21T20:45:00Z,0.27512700132134427,26.785,40750.6
2025-09-21T21:00:00Z,0.28004826116386283,26.739,40684.3
2025-09-21T21:15:00Z,0.2823448490903715,26.692,40655.5
2025-09-21T21:30:00Z,0.2866099409538947,26.645,40553.7
2025-09-21T21:45:00Z,0.2856256889853839,26.598,40530.4
2025-09-21T22:00:00Z,0.2823448490903715,26.552,40456
2025-09-21T22:15:00Z,0.28004826116386283,26.5,40399.8
2025-09-21T22:30:00Z,0.2720013691872083,26.454,40296.8
2025-09-21T22:45:00Z,0.28004826116386283,26.397,40242.4
2025-09-21T23:00:00Z,0.2764393372793492,26.333,40178
2025-09-21T23:15:00Z,0.27676742126885046,26.27,40072
2025-09-21T23:30:00Z,0.2728304133948356,26.207,39995.9
2025-09-21T23:45:00Z,0.269221489510322,26.144,39931.2
2025-09-22T00:00:00Z,0.27989305340299353,26.089,39823.2
2025-09-22T00:15:00Z,0.27923688542399105,26.05,39790.6
2025-09-22T00:30:00Z,0.2831738932980059,26.024,39736.1
2025-09-22T00:45:00Z,0.29548587713817653,25.989,39692.8
2025-09-22T01:00:00Z,0.29745438107518396,25.95,39647.4
2025-09-22T01:15:00Z,0.2967982130961815,25.906,39572.2
2025-09-22T01:30:00Z,0.2915488692641617,25.865,39526.8
2025-09-22T01:45:00Z,0.29318928921166787,25.829,39484.8
2025-09-22T02:00:00Z,0.2941735411801716,25.79,39460.1
2025-09-22T02:15:00Z,0.29023653330615673,25.744,39381.1
2025-09-22T02:30:00Z,0.2882680293691422,25.701,39285
2025-09-22T02:45:00Z,0.29122078527466044,25.665,39265.9
2025-09-22T03:00:00Z,0.2908927012851521,25.631,39204.4
2025-09-22T03:15:00Z,0.3009080971988283,25.592,39178.7
2025-09-22T03:30:00Z,0.30320468512533694,25.556,39141.5
2025-09-22T03:45:00Z,0.3009080971988283,25.517,39066.8
2025-09-22T03:45:00Z,0.3009080971988283,25.517,39066.8
2025-09-22T04:00:00Z,0.301892349167332,25.483,39034.8
2025-09-22T04:15:00Z,0.3045170210833419,25.445,38993.6
2025-09-22T04:15:00Z,0.3045170210833419,25.445,38993.6
2025-09-22T04:30:00Z,0.3114067848628679,25.41,38938.6
2025-09-22T04:30:00Z,0.3114067848628679,25.41,38938.6
2025-09-22T04:45:00Z,0.31534379273688273,25.372,38886.1
2025-09-22T05:00:00Z,0.3222335565164087,25.343,38847.8
2025-09-22T05:15:00Z,0.3238739764639149,25.321,38797.5
2025-09-22T05:30:00Z,0.31320241257124337,25.297,38775.7
2025-09-22T05:45:00Z,0.31123390863424305,25.276,38725.8
2025-09-22T06:00:00Z,0.31976409236127523,25.256,38710.3
2025-09-22T06:15:00Z,0.3169665442166405,25.235,38657.7
2025-09-22T06:30:00Z,0.33124703199381855,25.214,38665.3
2025-09-22T06:45:00Z,0.3305908640148161,25.187,38626.2
2025-09-22T07:00:00Z,0.31926313214314916,25.161,38590.9
2025-09-22T07:15:00Z,0.30891965223997886,25.139,38571
2025-09-22T07:30:00Z,0.30432647638696153,25.114,38522.4
2025-09-22T07:45:00Z,0.3161375000090132,25.097,38465.4
2025-09-22T08:00:00Z,0.31580941601950485,25.08,38486.6
2025-09-22T08:15:00Z,0.32368343176754166,25.065,38485.5
2025-09-22T08:30:00Z,0.3292608595890627,25.056,38440.7
2025-09-22T08:45:00Z,0.33221361549457384,25.047,38432.1
2025-09-22T09:00:00Z,0.33122936352607013,25.04,38425.7
2025-09-22T09:15:00Z,0.32547905947592426,25.035,38418.9
2025-09-22T09:30:00Z,0.31415132760425024,25.032,38402.7
2025-09-22T09:45:00Z,0.3128389916462453,25.037,38402.7
2025-09-22T10:00:00Z,0.3079177318037267,25.06,38439.1
2025-09-22T10:15:00Z,0.3023403039822057,25.098,38507.8
2025-09-22T10:30:00Z,0.29413820424466763,25.145,38587.9
2025-09-22T10:45:00Z,0.28823269243364535,25.19,38647.2
2025-09-22T11:00:00Z,0.2842956845596305,25.228,38679.5
2025-09-22T11:15:00Z,0.2900459886097835,25.287,38744.3
2025-09-22T11:30:00Z,0.2980928805864309,25.323,38813.7
2025-09-22T11:45:00Z,0.2944839567019244,25.384,38896.5
2025-09-22T12:00:00Z,0.4496676837360454,25.423,38928
2025-09-22T12:00:00Z,0.4496676837360454,25.423,38928
2025-09-22T12:15:00Z,0.2969534208570579,25.461,38995.9
2025-09-22T12:30:00Z,0.29564108489905294,25.529,39093.3
2025-09-22T12:45:00Z,0.28776706915102324,25.585,39164.9
2025-09-22T13:00:00Z,0.2789088014344898,25.637,39217.6
2025-09-22T13:15:00Z,0.2803940136211125,25.692,39271.1
2025-09-22T13:30:00Z,0.2771131737261001,25.741,39350.6
2025-09-22T13:45:00Z,0.26858298999906793,25.789,39413.2
2025-09-22T14:00:00Z,0.2743332940492209,25.831,39465.4
2025-09-22T14:15:00Z,0.2800835980993739,25.87,39505.2
2025-09-22T14:30:00Z,0.2741780862883516,25.918,39573
2025-09-22T14:45:00Z,0.2825530622545074,25.962,39604.6
2025-09-22T15:00:00Z,0.28156881028599656,25.982,39660.4
2025-09-22T15:15:00Z,0.2928965421576706,25.981,39684.8
2025-09-22T15:30:00Z,0.2850225264096409,25.972,39629
2025-09-22T15:45:00Z,0.2843663584306384,25.954,39611.8
2025-09-22T16:00:00Z,0.2764923426826087,25.938,39618.9
2025-09-22T16:15:00Z,0.2696025789030827,25.925,39566.3
2025-09-22T16:30:00Z,0.28453923465926323,25.909,39554.8
2025-09-22T16:45:00Z,0.2809303107747496,25.891,39538.5
2025-09-22T17:00:00Z,0.2961950505204314,25.872,39537.1
2025-09-22T17:15:00Z,0.2971793024889422,25.851,39506.1
2025-09-22T17:30:00Z,0.2998039744049521,25.826,39457.1
2025-09-22T17:45:00Z,0.2991478064259496,25.794,39441.9
2025-09-22T18:00:00Z,0.29947589041545086,25.759,39368.9
2025-09-22T18:15:00Z,0.3004601423839546,25.725,39353.8
2025-09-22T18:30:00Z,0.2914289984387892,25.693,39305.5
2025-09-22T18:45:00Z,0.3040690662684682,25.652,39264.2
2025-09-22T19:00:00Z,0.30997457807949047,25.618,39211.3
2025-09-22T19:15:00Z,0.3109588300479942,25.582,39162.3
2025-09-22T19:30:00Z,0.3052085259978483,25.541,39116.1
2025-09-22T19:45:00Z,0.3088174498823619,25.504,39097.3
2025-09-22T20:00:00Z,0.31242637376686844,25.467,39052.2
2025-09-22T20:15:00Z,0.31505104568287834,25.431,39003.3
2025-09-22T20:30:00Z,0.32292506143091515,25.402,38950.2
2025-09-22T20:45:00Z,0.30897265764323834,25.372,38926.4
2025-09-22T21:00:00Z,0.3145500854647594,25.349,38888.3
2025-09-22T21:15:00Z,0.3197994292967792,25.324,38880.3
2025-09-22T21:30:00Z,0.30486277354059155,25.306,38840.9
2025-09-22T21:45:00Z,0.3035504375825866,25.278,38834.2
2025-09-22T22:00:00Z,0.2983010937505668,25.246,38786.4
2025-09-22T22:15:00Z,0.27647467421486027,25.219,38771.7
2025-09-22T22:30:00Z,0.29108324598153956,25.194,38709.9
2025-09-22T22:45:00Z,0.2904270780025371,25.155,38685.1
2025-09-22T23:00:00Z,0.29173941396054204,25.117,38638.6
2025-09-22T23:15:00Z,0.3093007416327396,25.077,38600.8
2025-09-22T23:30:00Z,0.3132377495067544,25.038,38561.8
2025-09-22T23:30:00Z,0.3132377495067544,25.038,38561.8
2025-09-22T23:45:00Z,0.3122534975382507,25.001,38499
2025-09-23T00:00:00Z,0.3102849936012433,24.975,38475.7
2025-09-23T00:15:00Z,0.31586242142276433,24.953,38442.7
2025-09-23T00:30:00Z,0.3071593614671002,24.932,38426.3
2025-09-23T00:45:00Z,0.3197994292967792,24.913,38436.3
2025-09-23T01:00:00Z,0.31586242142276433,24.89,38424.6
2025-09-23T01:15:00Z,0.299941513698073,24.861,38342.7
2025-09-23T01:30:00Z,0.2966606738030606,24.837,38333.6
2025-09-23T01:30:00Z,0.2966606738030606,24.837,38333.6
2025-09-23T01:45:00Z,0.29436408587655194,24.815,38304.9
2025-09-23T02:00:00Z,0.29945822194770244,24.789,38272.7
2025-09-23T02:00:00Z,0.29945822194770244,24.789,38272.7
2025-09-23T02:15:00Z,0.3070041537062309,24.761,38236.5
2025-09-23T02:30:00Z,0.3053637337587247,24.735,38218.8
2025-09-23T02:45:00Z,0.3173476336093941,24.708,38154.2
2025-09-23T03:00:00Z,0.31439487770388297,24.685,38168.5
2025-09-23T03:15:00Z,0.3173476336093941,24.66,38137
2025-09-23T03:30:00Z,0.31603529765138916,24.643,38088
2025-09-23T03:45:00Z,0.31865996956739906,24.632,38119.4
2025-09-23T04:00:00Z,0.31931613754640154,24.619,38069
2025-09-23T04:15:00Z,0.32653398531542877,24.606,38057.3
2025-09-23T04:30:00Z,0.32456548137842134,24.587,38059.8
2025-09-23T04:45:00Z,0.3278463212734408,24.558,38002.1
2025-09-23T05:00:00Z,0.32883057324193743,24.534,37989.6
2025-09-23T05:15:00Z,0.31947134530727794,24.511,37936.5
2025-09-23T05:30:00Z,0.3260330250973027,24.483,37914.6
2025-09-23T05:45:00Z,0.3296419489818234,24.459,37915.4
2025-09-23T06:00:00Z,0.33620362877184107,24.44,37858.9
2025-09-23T06:15:00Z,0.34309339255137417,24.425,37832.1
2025-09-23T06:30:00Z,0.3409520123857348,24.405,37819
2025-09-23T06:45:00Z,0.3458732722282605,24.382,37800
2025-09-23T07:00:00Z,0.35013836409177657,24.365,37753.1
2025-09-23T07:15:00Z,0.3306085324825716,24.345,37752.5
2025-09-23T07:30:00Z,0.3248582284324186,24.333,37735.9
2025-09-23T07:45:00Z,0.3271548163589273,24.32,37761.6
2025-09-23T08:00:00Z,0.31320241257124337,24.305,37721.8
2025-09-23T08:15:00Z,0.3350288321069641,24.29,37719.4
2025-09-23T08:30:00Z,0.3324041601909542,24.282,37683.1
2025-09-23T08:45:00Z,0.32271684826678637,24.329,37733.2
2025-09-23T09:00:00Z,0.33371649614895915,24.399,37795.7
2025-09-23T09:15:00Z,0.3214045123087814,24.453,37890.5
2025-09-23T09:30:00Z,0.3184517564032632,24.482,37962.3
2025-09-23T09:45:00Z,0.3187798403927715,24.486,37941.9
2025-09-23T10:00:00Z,0.31812367241376194,24.475,37928
2025-09-23T10:15:00Z,0.32173259629828266,24.48,37937.5
2025-09-23T10:30:00Z,0.3204202603402777,24.501,38007
2025-09-23T10:45:00Z,0.31812367241376194,24.546,38041.6
2025-09-23T11:00:00Z,0.32173259629828266,24.629,38124
2025-09-23T11:15:00Z,0.31713942044526533,24.746,38263.3
2025-09-23T11:30:00Z,0.3177955884242678,24.876,38475.1
2025-09-23T11:45:00Z,0.3092654046972356,25.044,38703.1
2025-09-23T12:00:00Z,0.4532942760883074,25.235,38928
2025-09-23T12:15:00Z,0.2866276094216431,25.44,39173.9
2025-09-23T12:30:00Z,0.264145021906927,25.62,39453.1
2025-09-23T12:45:00Z,0.27055149393607536,25.722,39551.6
2025-09-23T13:00:00Z,0.2675987380305642,25.791,39632
2025-09-23T13:15:00Z,0.2743332940492209,25.913,39828.7
2025-09-23T13:30:00Z,0.2817240180468801,26.047,40006.9
2025-09-23T13:45:00Z,0.2777870101728652,26.222,40236
2025-09-23T14:00:00Z,0.27385000229885037,26.387,40435.7
2025-09-23T14:15:00Z,0.2682725744773222,26.438,40481
2025-09-23T14:30:00Z,0.2699129944248284,26.454,40523
2025-09-23T14:45:00Z,0.2699129944248284,26.505,40591
2025-09-23T15:00:00Z,0.2630232306453024,26.565,40692.5
2025-09-23T15:15:00Z,0.27008587065345324,26.612,40745.1
2025-09-23T15:30:00Z,0.2646636505928086,26.593,40724.3
2025-09-23T15:45:00Z,0.2786160543804854,26.536,40658.4
2025-09-23T16:00:00Z,0.27533521448548015,26.487,40673.6
2025-09-23T16:15:00Z,0.28419348220200646,26.455,40636.4
2025-09-23T16:30:00Z,0.27894413836998666,26.41,40588.3
2025-09-23T16:45:00Z,0.2756632984749743,26.37,40506.2
2025-09-23T17:00:00Z,0.27435096251696933,26.326,40454
2025-09-23T17:15:00Z,0.2672883225088185,26.28,40394.5
2025-09-23T17:30:00Z,0.28419348220200646,26.244,40344.4
2025-09-23T17:45:00Z,0.286161986139021,26.211,40304.2
2025-09-23T18:00:00Z,0.29206749795003617,26.174,40233.2
2025-09-23T18:15:00Z,0.29895726172956927,26.124,40198.3
2025-09-23T18:30:00Z,0.30322235359308536,26.077,40184.2
2025-09-23T18:45:00Z,0.3140491252466262,26.043,40116.2
2025-09-23T19:00:00Z,0.3073145692279837,26.013,40087.5
2025-09-23T19:15:00Z,0.32142218077653695,25.973,40000.5
2025-09-23T19:30:00Z,0.3192808006108976,25.925,39952.8
2025-09-23T19:45:00Z,0.32420206045341615,25.876,39893.5
2025-09-23T20:00:00Z,0.3072969007602211,25.833,39853.5
2025-09-23T20:15:00Z,0.2969534208570579,25.798,39834
2025-09-23T20:30:00Z,0.2843133530273789,25.77,39771.4
2025-09-23T20:45:00Z,0.30170180447095163,25.734,39709
2025-09-23T21:00:00Z,0.3204025918725222,25.71,39699.5
2025-09-23T21:15:00Z,0.3276204396415565,25.671,39657.9
2025-09-23T21:30:00Z,0.33483828741058375,25.635,39613.6
2025-09-23T21:45:00Z,0.30185701223182804,25.606,39559.2
2025-09-23T22:00:00Z,0.3018393437640725,25.578,39590.9
2025-09-23T22:15:00Z,0.3246323468005414,25.557,39635.9
2025-09-23T22:30:00Z,0.3236480948320377,25.538,39793.1
2025-09-23T22:45:00Z,0.3266185192053044,25.528,39817.9
2025-09-23T23:00:00Z,0.31791545924964026,25.519,39714.2
2025-09-23T23:15:00Z,0.2717931560230724,25.512,39643.3
2025-09-23T23:30:00Z,0.3047744312018281,25.503,39594
2025-09-23T23:45:00Z,0.33005456686118606,25.501,39527.1
2025-09-24T00:00:00Z,0.331366902819191,25.491,39613.9
2025-09-24T00:00:00Z,0.331366902819191,25.491,39613.9
2025-09-24T00:15:00Z,0.34630355857537864,25.48,39696.7
2025-09-24T00:30:00Z,0.3433331342021191,25.468,39858.3
2025-09-24T00:45:00Z,0.3618787138428132,25.455,40014.5
2025-09-24T01:00:00Z,0.40420154848848,25.442,40147
2025-09-24T01:15:00Z,0.39599944875094906,25.428,40325.4
2025-09-24T01:30:00Z,0.3805795012443909,25.414,40451.4
2025-09-24T01:45:00Z,0.36564284548821036,25.391,40569.2
2025-09-24T02:00:00Z,0.33822132966320595,25.332,40644.6
2025-09-24T02:15:00Z,0.37006314511258864,25.299,40710.2
2025-09-24T02:30:00Z,0.3938580685853168,25.283,40700.5
2025-09-24T02:45:00Z,0.4094508923204998,25.283,40733.9
2025-09-24T03:00:00Z,0.41765299205803785,25.285,40804.2
2025-09-24T03:15:00Z,0.42799647196120105,25.286,40850.7
2025-09-24T03:30:00Z,0.427495511743075,25.274,40825.1
2025-09-24T03:45:00Z,0.4240417956194378,25.252,40865.3
2025-09-24T04:00:00Z,0.4345404832834845,25.223,40809
2025-09-24T04:15:00Z,0.45669498680869225,25.191,40738.2
2025-09-24T04:30:00Z,0.4433987510000179,25.149,40605.4
2025-09-24T04:45:00Z,0.45258510270605257,25.086,40431.2
2025-09-24T05:00:00Z,0.44716288264540083,25.032,40246.1
2025-09-24T05:15:00Z,0.4494594705719095,24.991,40078.2
2025-09-24T05:30:00Z,0.45503689839343053,24.95,39969.8
2025-09-24T05:45:00Z,0.4443653345007661,24.936,39880.8
2025-09-24T06:00:00Z,0.446990006416776,24.927,39856.8
2025-09-24T06:15:00Z,0.45355168620680075,24.922,39849.3
2025-09-24T06:30:00Z,0.463394205891845,24.93,39771
2025-09-24T06:45:00Z,0.47094013765037346,24.941,39782.5
2025-09-24T07:00:00Z,0.47258055759787254,24.952,39747.6
2025-09-24T07:15:00Z,0.475861397492892,24.955,39638.8
2025-09-24T07:30:00Z,0.46912684147422823,24.956,39584
2025-09-24T07:45:00Z,0.46829779726660803,24.942,39485.8
2025-09-24T08:00:00Z,0.4742033090776303,24.909,39356.4
2025-09-24T08:15:00Z,0.48338966078367207,24.861,39129.9
2025-09-24T08:30:00Z,0.49191984451070425,24.831,38961.5
2025-09-24T08:45:00Z,0.5001219442482352,24.823,38850.7
2025-09-24T09:00:00Z,0.4940435562085881,24.798,38710.1
2025-09-24T09:15:00Z,0.48960558811643295,24.757,38520.1
2025-09-24T09:30:00Z,0.5037131996649933,24.023,36562.6
2025-09-24T09:45:00Z,0.4945268479589515,24.345,36975
2025-09-24T10:00:00Z,0.479590192202771,24.48,36947
2025-09-24T10:15:00Z,0.4822148641187809,24.582,36859.2
2025-09-24T10:30:00Z,0.46268503250958304,24.713,36793.8
2025-09-24T10:45:00Z,0.4648264126752082,24.875,36801.4
2025-09-24T11:00:00Z,0.45596814495867477,25.052,36829
2025-09-24T11:15:00Z,0.44875029718964043,25.276,36940.3
2025-09-24T11:30:00Z,0.4395639454836058,25.581,37109.5
2025-09-24T11:45:00Z,0.44334574559675133,25.869,37303.2
2025-09-24T12:00:00Z,0.5972171366728674,26.117,37467.8
2025-09-24T12:15:00Z,0.4402377819303709,26.315,37601
2025-09-24T12:30:00Z,0.434988438098344,26.486,37706.3
2025-09-24T12:45:00Z,0.42875484229782046,26.643,37742
2025-09-24T13:00:00Z,0.42350549846580066,26.837,37906.3
2025-09-24T13:15:00Z,0.41924040660228457,27.059,38065.1
2025-09-24T13:30:00Z,0.41563148271777095,27.243,38231.7
2025-09-24T13:45:00Z,0.41974136682041063,27.398,38296.1
2025-09-24T14:00:00Z,0.41482010697789207,27.569,38394.9
2025-09-24T14:15:00Z,0.41121118309337845,27.745,38507.5
2025-09-24T14:30:00Z,0.40694609122986236,27.894,38617.6
2025-09-24T14:45:00Z,0.4117121433115045,27.989,38547.1
2025-09-24T15:00:00Z,0.412368311290507,28.045,38508
2025-09-24T15:15:00Z,0.40679088346898595,28.08,38418.9
2025-09-24T15:30:00Z,0.4087593874059934,28.1,38294.4
2025-09-24T15:45:00Z,0.40744705144798843,28.106,38151
2025-09-24T16:00:00Z,0.40843130341649214,28.116,38064.9
2025-09-24T16:15:00Z,0.40351004357396647,28.124,37987.3
2025-09-24T16:30:00Z,0.41090076757163274,28.121,37831.2
2025-09-24T16:45:00Z,0.40055728766846244,28.091,37691.1
2025-09-24T17:00:00Z,0.39891686772094914,28.058,37535.5
2025-09-24T17:15:00Z,0.3933394398994281,28.031,37432.1
2025-09-24T17:30:00Z,0.4079480116661145,28.002,37298
2025-09-24T17:45:00Z,0.4089322636346253,27.972,37125.6
2025-09-24T18:00:00Z,0.41024459959262316,27.938,36982.2
2025-09-24T18:15:00Z,0.4079480116661145,27.855,36772.9
2025-09-24T18:30:00Z,0.4089322636346253,27.711,36589.1
2025-09-24T18:45:00Z,0.41877478331966245,27.543,36263.9
2025-09-24T19:00:00Z,0.4263207150781909,27.408,35993.7
2025-09-24T19:15:00Z,0.44716288264540083,27.297,35783.3
2025-09-24T19:30:00Z,0.4520841424879194,27.184,35583.7
2025-09-24T19:45:00Z,0.44567767045877105,27.086,35386.1
2025-09-24T20:00:00Z,0.4489585103537834,26.936,35116.9
2025-09-24T20:15:00Z,0.44255203832462797,26.788,34880.2
2025-09-24T20:30:00Z,0.45009797008315644,26.688,34686.9
2025-09-24T20:45:00Z,0.45272264199916634,26.634,34544.7
2025-09-24T21:00:00Z,0.4514103060411614,26.61,34458.1
2025-09-24T21:15:00Z,0.4556753979046775,26.589,34396.5
2025-09-24T21:30:00Z,0.4556753979046775,26.565,34345.2
2025-09-24T21:45:00Z,0.44336341406451396,26.537,34283.2
2025-09-24T22:00:00Z,0.4400825741694945,26.515,34182
2025-09-24T22:15:00Z,0.4410668261379982,26.522,34110.8
2025-09-24T22:30:00Z,0.4420510781065019,26.553,34104.7
2025-09-24T22:45:00Z,0.45698773386268954,26.594,34097.5
2025-09-24T23:00:00Z,0.45633156588367996,26.634,34089
2025-09-24T23:15:00Z,0.4523945580096651,26.671,34088.3
2025-09-24T23:30:00Z,0.45108222205166015,26.695,34059.7
2025-09-24T23:45:00Z,0.45009797008315644,26.705,34039.6
2025-09-25T00:00:00Z,0.43909832220099076,26.713,33982.4
2025-09-25T00:15:00Z,0.45173839003066973,26.725,33943.2
2025-09-25T00:30:00Z,0.45633156588367996,26.737,33883.2
2025-09-25T00:45:00Z,0.45633156588367996,26.734,33818.9
2025-09-25T01:00:00Z,0.45895623779968986,26.721,33749.6
2025-09-25T01:15:00Z,0.45633156588367996,26.705,33698.7
2025-09-25T01:30:00Z,0.44664425395951923,26.686,33575.1
2025-09-25T01:45:00Z,0.4495970098650304,26.657,33531.3
2025-09-25T02:00:00Z,0.4505812618335412,26.622,33415
2025-09-25T02:15:00Z,0.45550252167605976,26.578,33304.3
2025-09-25T02:30:00Z,0.4600956975290771,26.536,33210.9
2025-09-25T02:45:00Z,0.4610799494975808,26.501,33161
2025-09-25T03:00:00Z,0.47092246918261793,26.467,33067.7
2025-09-25T03:15:00Z,0.4768279809936402,26.444,33003.7
2025-09-25T03:30:00Z,0.46156324124795844,26.415,32925.2
2025-09-25T03:45:00Z,0.475187561046134,26.391,32858.5
2025-09-25T04:00:00Z,0.46320366119545753,26.359,32794.7
2025-09-25T04:15:00Z,0.44859508942877113,26.325,32712.2
2025-09-25T04:30:00Z,0.45992282130044515,26.29,32661
2025-09-25T04:45:00Z,0.45992282130044515,26.244,32606.6
2025-09-25T05:00:00Z,0.46681258507997825,26.177,32502.8
2025-09-25T05:15:00Z,0.47206192891199805,26.127,32399.6
2025-09-25T05:30:00Z,0.47534276880701043,26.095,32343.5
2025-09-25T05:45:00Z,0.4750146848175092,26.067,32287.8
2025-09-25T06:00:00Z,0.47304618088050177,26.038,32220.6
2025-09-25T06:15:00Z,0.4845291205130451,26.014,32173.1
2025-09-25T06:30:00Z,0.47910690045239335,26.006,32141.3
2025-09-25T06:45:00Z,0.4873090001899243,25.985,32093
2025-09-25T07:00:00Z,0.5042141598831265,25.965,32031.7
2025-09-25T07:15:00Z,0.49747960386446266,25.934,31982
2025-09-25T07:30:00Z,0.49041696385631184,25.901,31920.8
2025-09-25T07:45:00Z,0.4943539717303267,25.867,31880.9
2025-09-25T08:00:00Z,0.48532282778516844,25.846,31815.2
2025-09-25T08:15:00Z,0.4866351637431734,25.829,31794.6
2025-09-25T08:30:00Z,0.4840104918271635,25.829,31765.4
2025-09-25T08:45:00Z,0.47432317990299566,25.844,31731.1
2025-09-25T09:00:00Z,0.48022869171401794,25.859,31733.1
2025-09-25T09:15:00Z,0.4766197678295043,25.87,31748
2025-09-25T09:30:00Z,0.4756355158610006,25.879,31709.5
2025-09-25T09:45:00Z,0.4762916838400102,25.881,31705.2
2025-09-25T10:00:00Z,0.47333892793449195,25.887,31709.5
2025-09-25T10:15:00Z,0.472026591976487,25.889,31643.6
2025-09-25T10:30:00Z,0.4736670119239932,25.891,31613.9
2025-09-25T10:45:00Z,0.4730108439449907,25.891,31605.6
2025-09-25T11:00:00Z,0.47432317990299566,25.889,31589.8
2025-09-25T11:15:00Z,0.4761364760791338,25.889,31593.3
2025-09-25T11:30:00Z,0.4582470644174279,25.89,31558
2025-09-25T11:45:00Z,0.4477483767533883,25.907,31550.7
2025-09-25T12:00:00Z,0.6022759358085068,25.926,31575.9
2025-09-25T12:15:00Z,0.4554671847405487,25.941,31589.5
2025-09-25T12:30:00Z,0.4658106646437119,25.943,31559.2
2025-09-25T12:45:00Z,0.47385755662037354,25.912,31484.1
2025-09-25T13:00:00Z,0.4666397088513463,25.882,31452.3
2025-09-25T13:15:00Z,0.46434312092483765,25.867,31394.8
2025-09-25T13:30:00Z,0.4613903650193265,25.858,31381.3
2025-09-25T13:45:00Z,0.4691091730064869,25.876,31384.8
2025-09-25T14:00:00Z,0.46517216513246495,25.905,31379.8
2025-09-25T14:15:00Z,0.45729814938443525,25.918,31353.3
2025-09-25T14:30:00Z,0.46337653742408946,25.888,31293.9
2025-09-25T14:45:00Z,0.4620642014660845,25.838,31206.7
2025-09-25T15:00:00Z,0.4594395295500746,25.812,31163.7
2025-09-25T15:15:00Z,0.4625651616842106,25.789,31147.6
2025-09-25T15:30:00Z,0.4556753979046775,25.772,31097.2
2025-09-25T15:45:00Z,0.46733121376585274,25.762,31046
2025-09-25T16:00:00Z,0.46306612190234375,25.753,31041.3
2025-09-25T16:15:00Z,0.4637222898813391,25.741,30970.5
2025-09-25T16:30:00Z,0.46980067792098623,25.731,30963.4
2025-09-25T16:45:00Z,0.46553558605747014,25.71,30912.5
2025-09-25T17:00:00Z,0.4599581582359491,25.68,30874.9
2025-09-25T17:15:00Z,0.470957806118129,25.647,30835.6
2025-09-25T17:30:00Z,0.4739105620236401,25.606,30789
2025-09-25T17:45:00Z,0.47850373787665745,25.56,30699.8
2025-09-25T18:00:00Z,0.48195745400028756,25.508,30641.9
2025-09-25T18:15:00Z,0.4855663778848083,25.454,30579.9
2025-09-25T18:30:00Z,0.48622254586381075,25.395,30496.6
2025-09-25T18:45:00Z,0.48622254586381075,25.353,30461.5
2025-09-25T19:00:00Z,0.48720679783231446,25.338,30381.7
2025-09-25T19:15:00Z,0.48523829389530704,25.349,30394.4
2025-09-25T19:30:00Z,0.4901595537378256,25.391,30390.5
2025-09-25T19:45:00Z,0.4881910498008182,25.46,30444.6
2025-09-25T20:00:00Z,0.4829417059687984,25.559,30484.3
2025-09-25T20:15:00Z,0.47998895006328723,25.672,30612.3
2025-09-25T20:30:00Z,0.4806451180422897,25.767,30712
2025-09-25T20:45:00Z,0.4806451180422897,25.814,30758.1
2025-09-25T21:00:00Z,0.4770361941577761,25.815,30740.3
2025-09-25T21:15:00Z,0.4753957742102699,25.784,30737.9
2025-09-25T21:30:00Z,0.4763800261787665,25.785,30710.8
2025-09-25T21:45:00Z,0.4604591184540823,25.796,30746.2
2025-09-25T22:00:00Z,0.4658813385147269,25.789,30707.3
2025-09-25T22:15:00Z,0.46030391069320586,25.776,30704.5
2025-09-25T22:30:00Z,0.4589915747352009,25.781,30670.8
2025-09-25T22:45:00Z,0.4673665507013638,25.751,30662.4
2025-09-25T23:00:00Z,0.4594925349533341,25.679,30569.5
2025-09-25T23:15:00Z,0.46360241905597377,25.604,30479.3
2025-09-25T23:30:00Z,0.4672113429404945,25.553,30438.7
2025-09-25T23:45:00Z,0.46622709097198367,25.543,30398.9
2025-09-26T00:00:00Z,0.4805075787491617,25.554,30388.2
2025-09-26T00:15:00Z,0.4915072266313345,25.587,30413.2
2025-09-26T00:30:00Z,0.48757021875732676,25.621,30463
2025-09-26T00:45:00Z,0.49544423450535646,25.65,30480.2
2025-09-26T01:00:00Z,0.4742739829486453,25.671,30508.9
2025-09-26T01:15:00Z,0.4752582349171419,25.682,30512.8
2025-09-26T01:30:00Z,0.4819927909357986,25.687,30479.5
2025-09-26T01:45:00Z,0.46410337927409984,25.691,30477.9
2025-09-26T02:00:00Z,0.471494103271759,25.699,30473.2
2025-09-26T02:15:00Z,0.478383867051285,25.702,30472.2
2025-09-26T02:30:00Z,0.4880711789754457,25.705,30441.6
2025-09-26T02:45:00Z,0.49200818684946057,25.714,30452.6
2025-09-26T03:00:00Z,0.4906958508914556,25.695,30449.7
2025-09-26T03:15:00Z,0.4731345232192652,25.676,30453.3
2025-09-26T03:30:00Z,0.47116601928225776,25.629,30390.9
2025-09-26T03:45:00Z,0.47116601928225776,25.559,30297.6
2025-09-26T04:00:00Z,0.4767434471037788,25.521,30239.2
2025-09-26T04:15:00Z,0.47969620300928995,25.449,30174.5
2025-09-26T04:30:00Z,0.49791369866048285,25.297,29982.9
2025-09-26T04:45:00Z,0.5051315464295172,25.153,29872.6
2025-09-26T05:00:00Z,0.5120213102090432,25.002,29724.6
2025-09-26T05:15:00Z,0.5238323338310948,24.919,29649.9
2025-09-26T05:30:00Z,0.5138169379174258,24.828,29553.6
2025-09-26T05:45:00Z,0.5200505337179564,24.781,29519.4
2025-09-26T06:00:00Z,0.5146283136573047,24.745,29491.8
2025-09-26T06:15:00Z,0.519221489510322,24.716,29480.7
2025-09-26T06:30:00Z,0.5202057414788257,24.683,29437.5
2025-09-26T06:45:00Z,0.5213452012082058,24.663,29410
2025-09-26T07:00:00Z,0.5239698731242157,24.657,29443
2025-09-26T07:15:00Z,0.5265945450402256,24.667,29395.5
2025-09-26T07:30:00Z,0.5149387291790504,24.686,29443.8
2025-09-26T07:45:00Z,0.5126421412525417,24.727,29492.7
2025-09-26T08:00:00Z,0.5065637532128875,24.78,29521.7
2025-09-26T08:15:00Z,0.5032829133178751,24.851,29592.3
2025-09-26T08:30:00Z,0.5019705773598702,24.928,29672.2
2025-09-26T08:45:00Z,0.5036109973073764,24.986,29716.5
2025-09-26T09:00:00Z,0.5019705773598702,25.021,29765.2
2025-09-26T09:15:00Z,0.5039390812968776,25.008,29738.3
2025-09-26T09:30:00Z,0.5108288450764107,24.791,29507.2
2025-09-26T09:45:00Z,0.516734356887433,24.439,29226.2
2025-09-26T10:00:00Z,0.5285453805094775,24.058,28984.8
2025-09-26T10:15:00Z,0.5308419684359862,23.851,28860
2025-09-26T10:30:00Z,0.5175457326273118,23.785,28826.6
2025-09-26T10:45:00Z,0.5226398686984552,23.779,28828.3
2025-09-26T11:00:00Z,0.5170624408769342,23.834,28878.5
2025-09-26T11:15:00Z,0.5127973490134181,23.939,28968.2
2025-09-26T11:30:00Z,0.5068918372023887,24.042,29044.8
2025-09-26T11:45:00Z,0.5093613013575293,24.159,29108.6
2025-09-26T12:00:00Z,0.6550305926961144,24.283,29237.6
2025-09-26T12:15:00Z,0.49131668193496125,24.415,29323.1
2025-09-26T12:30:00Z,0.4957546500271022,24.566,29428.2
2025-09-26T12:45:00Z,0.4855840463525638,24.702,29565.8
2025-09-26T13:00:00Z,0.48164703847854895,24.794,29639.3
2025-09-26T13:15:00Z,0.48411650263368244,24.858,29658.1
2025-09-26T13:30:00Z,0.4811637467281713,24.963,29754.1
2025-09-26T13:45:00Z,0.4846174628518085,25.023,29828
2025-09-26T14:00:00Z,0.47707153109328004,25.059,29838.8
2025-09-26T14:15:00Z,0.47888482726941106,25.111,29871.4
2025-09-26T14:30:00Z,0.47461973540589497,25.172,29910.9
2025-09-26T14:45:00Z,0.47166697950038383,25.238,29998.9
2025-09-26T15:00:00Z,0.4774172835505297,25.304,29995.7
2025-09-26T15:15:00Z,0.48185525164267773,25.359,30065.8
2025-09-26T15:30:00Z,0.48021483169517154,25.407,30088.9
2025-09-26T15:45:00Z,0.4798867477056703,25.435,30119.7
2025-09-26T16:00:00Z,0.48218333563217897,25.446,30131.4
2025-09-26T16:15:00Z,0.4876055556928236,25.438,30100.1
2025-09-26T16:30:00Z,0.48727747170332236,25.431,30100
2025-09-26T16:45:00Z,0.48793363968232484,25.417,30107.1
2025-09-26T17:00:00Z,0.48366854781880875,25.398,30064.8
2025-09-26T17:15:00Z,0.490886395587836,25.374,30004.7
2025-09-26T17:30:00Z,0.49482340346185083,25.341,30011.9
2025-09-26T17:45:00Z,0.49679190739885826,25.313,29950.1
2025-09-26T18:00:00Z,0.4935110675038459,25.28,29946.9
2025-09-26T18:15:00Z,0.5033535871888901,25.243,29902.2
2025-09-26T18:30:00Z,0.5079467630419074,25.208,29863
2025-09-26T18:45:00Z,0.5125399388949177,25.175,29824.2
2025-09-26T19:00:00Z,0.5164769467689396,25.144,29803.9
2025-09-26T19:15:00Z,0.5087581387817863,25.114,29776.3
2025-09-26T19:30:00Z,0.5146636505928086,25.08,29724.6
2025-09-26T19:45:00Z,0.5144907743641767,25.044,29732
2025-09-26T20:00:00Z,0.51613119431169,25.018,29702.5
2025-09-26T20:15:00Z,0.5226928741017147,24.989,29643.8
2025-09-26T20:30:00Z,0.5175987380305642,24.951,29611
2025-09-26T20:45:00Z,0.5102080140329122,24.913,29580.5
2025-09-26T21:00:00Z,0.5148011898859366,24.866,29520.5
2025-09-26T21:15:00Z,0.5213628696759542,24.831,29485.3
2025-09-26T21:30:00Z,0.5060981299302725,24.802,29469.4
2025-09-26T21:45:00Z,0.5113474737622923,24.768,29446
2025-09-26T22:00:00Z,0.511019389772791,24.738,29418.5
2025-09-26T22:00:00Z,0.511019389772791,24.738,29418.5
2025-09-26T22:15:00Z,0.4983793219431192,24.707,29385.4
2025-09-26T22:30:00Z,0.5198776574893245,24.677,29361.2
2025-09-26T22:45:00Z,0.5072375896596526,24.65,29348.2
2025-09-26T23:00:00Z,0.5033005817856377,24.62,29318.4
2025-09-26T23:15:00Z,0.4983793219431192,24.58,29302.7
2025-09-26T23:30:00Z,0.49378614609009475,24.538,29236.5
2025-09-26T23:45:00Z,0.4924738101320969,24.502,29272.7
2025-09-27T00:00:00Z,0.4983793219431192,24.498,29201
2025-09-27T00:15:00Z,0.5047857939722604,24.488,29211.5
2025-09-27T00:30:00Z,0.495927526255727,24.48,29201.5
2025-09-27T00:45:00Z,0.508567594085406,24.476,29198.8
2025-09-27T01:00:00Z,0.49199051838171215,24.483,29174.3
2025-09-27T01:15:00Z,0.5043025022218899,24.49,29195.7
2025-09-27T01:30:00Z,0.5023339982848825,24.507,29181.6
2025-09-27T01:45:00Z,0.50167783030588,24.525,29168.1
2025-09-27T02:00:00Z,0.49970932636886545,24.527,29228.8
2025-09-27T02:15:00Z,0.5010216623268775,24.541,29231.8
2025-09-27T02:30:00Z,0.49970932636886545,24.548,29244.9
2025-09-27T02:45:00Z,0.4977408224318651,24.51,29200.7
2025-09-27T03:00:00Z,0.5130055621775469,24.392,29135.1
2025-09-27T03:15:00Z,0.510380890261537,24.253,29044
2025-09-27T03:30:00Z,0.5100528062720358,24.149,28971.3
2025-09-27T03:45:00Z,0.5133336461670481,24.075,28921.6
2025-09-27T04:00:00Z,0.5166144860620605,24.022,28904.8
2025-09-27T04:15:00Z,0.5195672419675716,23.987,28872.2
2025-09-27T04:30:00Z,0.5189110739885692,23.973,28882.2
2025-09-27T04:45:00Z,0.5215357459045791,23.989,28857.5
2025-09-27T05:00:00Z,0.5251446697890927,24.011,28883
2025-09-27T05:15:00Z,0.5264570057471047,24.03,28880.2
2025-09-27T05:30:00Z,0.5303940136211125,24.039,28893.8
2025-09-27T05:45:00Z,0.531050181600115,24.044,28892.4
2025-09-27T06:00:00Z,0.5259560455289787,24.032,28893.9
2025-09-27T06:15:00Z,0.5298930534029935,24.011,28884.5
2025-09-27T06:30:00Z,0.5351423972350133,24.017,28900.2
2025-09-27T06:45:00Z,0.5367828171825195,24.026,28901.8
2025-09-27T07:00:00Z,0.5234865813738381,24.08,28957.9
2025-09-27T07:15:00Z,0.5238146653633393,24.182,29074.1
2025-09-27T07:30:00Z,0.5115026815231687,24.285,29146.8
2025-09-27T07:45:00Z,0.5124869334916724,24.388,29239.9
2025-09-27T08:00:00Z,0.516095857376186,24.467,29359.4
2025-09-27T08:15:00Z,0.5183924453026947,24.512,29396.8
2025-09-27T08:30:00Z,0.5216732851977071,24.522,29389.6
2025-09-27T08:45:00Z,0.5265945450402256,24.516,29436.2
2025-09-27T09:00:00Z,0.5192038210425736,24.502,29413.8
2025-09-27T09:15:00Z,0.5215004089690822,24.48,29391.7
2025-09-27T09:30:00Z,0.5192038210425736,24.452,29374.5
2025-09-27T09:45:00Z,0.5082041731604008,24.422,29365.6
2025-09-27T10:00:00Z,0.5072199211918971,24.391,29333.2
2025-09-27T10:15:00Z,0.5101726770974082,24.352,29306.9
2025-09-27T10:30:00Z,0.5144377689609172,24.317,29298.6
2025-09-27T10:45:00Z,0.5118130970449073,24.298,29305.7
2025-09-27T11:00:00Z,0.5101726770974082,24.295,29316.1
2025-09-27T11:15:00Z,0.5091884251288974,24.306,29316.7
2025-09-27T11:30:00Z,0.5062356692233863,24.324,29284.8
2025-09-27T11:45:00Z,0.5075480051813983,24.343,29321.5
2025-09-27T12:00:00Z,0.6627317322155193,24.355,29331.4
2025-09-27T12:15:00Z,0.505907585233885,24.371,29354.5
2025-09-27T12:30:00Z,0.5036109973073764,24.39,29375.8
2025-09-27T12:45:00Z,0.4944246456013417,24.405,29365.9
2025-09-27T13:00:00Z,0.49475272959084293,24.422,29349.1
2025-09-27T13:15:00Z,0.4954088975698454,24.435,29406.7
2025-09-27T13:30:00Z,0.49048763772732684,24.44,29381.2
2025-09-27T13:45:00Z,0.49230093390346497,24.441,29394.6
2025-09-27T14:00:00Z,0.4926290178929662,24.45,29419
2025-09-27T14:15:00Z,0.48869201001895135,24.466,29411.9
2025-09-27T14:30:00Z,0.4890200940084526,24.48,29450.9
2025-09-27T14:45:00Z,0.5003478258801266,24.486,29434.3
2025-09-27T15:00:00Z,0.502316329817134,24.486,29426.8
2025-09-27T15:15:00Z,0.5103632217937815,24.482,29428.1
2025-09-27T15:30:00Z,0.5038015420037638,24.477,29409.7
2025-09-27T15:45:00Z,0.49969165790112413,24.47,29433.9
2025-09-27T16:00:00Z,0.49214572614259566,24.456,29409.3
2025-09-27T16:15:00Z,0.4960827340166034,24.435,29360.5
2025-09-27T16:30:00Z,0.5087228018462824,24.411,29368.5
2025-09-27T16:45:00Z,0.4918176421530873,24.392,29276.6
2025-09-27T17:00:00Z,0.5001926181192431,24.379,29327.9
2025-09-27T17:15:00Z,0.5011768700877539,24.363,29251.3
2025-09-27T17:30:00Z,0.5038015420037638,24.35,29291
2025-09-27T17:45:00Z,0.508394717856774,24.336,29266
2025-09-27T18:00:00Z,0.5239875415919641,24.313,29249.9
2025-09-27T18:15:00Z,0.5266122135079812,24.283,29208.4
2025-09-27T18:30:00Z,0.5172529855733146,24.243,29174.9
2025-09-27T18:45:00Z,0.5198776574893245,24.205,29167.2
2025-09-27T19:00:00Z,0.5251270013213443,24.173,29154.6
2025-09-27T19:15:00Z,0.5280797572268554,24.147,29091.9
2025-09-27T19:30:00Z,0.520032865250208,24.108,29067.2
2025-09-27T19:45:00Z,0.5282349649877389,24.075,29074.8
2025-09-27T20:00:00Z,0.5374213166937736,24.044,29098.2
2025-09-27T20:15:00Z,0.5400459886097835,24.009,29055.8
2025-09-27T20:30:00Z,0.5395450283916503,23.977,29036.8
2025-09-27T20:45:00Z,0.5454505402026726,23.943,28997.6
2025-09-27T21:00:00Z,0.5344508923204998,23.913,28976.3
2025-09-27T21:15:00Z,0.5380598162050205,23.874,28939.7
2025-09-27T21:30:00Z,0.5303410082178601,23.824,28875
2025-09-27T21:45:00Z,0.5326375961443688,23.777,28856
2025-09-27T22:00:00Z,0.5355903520498799,23.732,28818.7
2025-09-27T22:15:00Z,0.5275434600732183,23.685,28812.2
2025-09-27T22:30:00Z,0.5219660322516972,23.647,28787
2025-09-27T22:45:00Z,0.522950284220201,23.602,28722.1
2025-09-27T23:00:00Z,0.5249187881572084,23.57,28656.2
2025-09-27T23:15:00Z,0.5219660322516972,23.522,28672.5
2025-09-27T23:30:00Z,0.5213098642726877,23.474,28649.7
2025-09-27T23:45:00Z,0.5196694443251886,23.438,28608.1
2025-09-28T00:00:00Z,0.5226222002306997,23.416,28580.5
2025-09-28T00:15:00Z,0.5278715440627195,23.378,28567
2025-09-28T00:30:00Z,0.527215376083717,23.358,28552
2025-09-28T00:45:00Z,0.5385431079553982,23.337,28529.9
2025-09-28T01:00:00Z,0.542480115829413,23.315,28533.6
2025-09-28T01:15:00Z,0.5367298117792529,23.285,28464.1
2025-09-28T01:30:00Z,0.5396825676847712,23.242,28465.4
2025-09-28T01:45:00Z,0.5432914915692777,23.204,28449.4
2025-09-28T02:00:00Z,0.5419791556112799,23.16,28401.7
2025-09-28T02:15:00Z,0.5400106516742724,23.119,28371.8
2025-09-28T02:30:00Z,0.5296671717711021,23.08,28354.6
2025-09-28T02:45:00Z,0.5306514237396129,23.045,28310.9
2025-09-28T03:00:00Z,0.5355726835821315,23.008,28294.9
2025-09-28T03:15:00Z,0.5491970033803,22.964,28268
2025-09-28T03:30:00Z,0.5518216752963099,22.921,28239.2
2025-09-28T03:45:00Z,0.558711439075843,22.884,28202.1
2025-09-28T04:00:00Z,0.5636326989183615,22.863,28174.1
2025-09-28T04:15:00Z,0.5539453869942008,22.847,28194
2025-09-28T04:30:00Z,0.554273470983702,22.826,28183.5
2025-09-28T04:45:00Z,0.5455704110280379,22.792,28118.3
2025-09-28T05:00:00Z,0.5563971826815788,22.747,28111.5
2025-09-28T05:15:00Z,0.5639431144401073,22.723,28040.2
2025-09-28T05:30:00Z,0.5698486262511366,22.706,28086.3
2025-09-28T05:45:00Z,0.5750979700831564,22.697,28055.1
2025-09-28T06:00:00Z,0.5709880859805239,22.683,28060.2
2025-09-28T06:00:00Z,0.5709880859805239,22.683,28060.2
2025-09-28T06:15:00Z,0.5622850260248597,22.665,28061.1
2025-09-28T06:30:00Z,0.5668782018778771,22.652,28062.7
2025-09-28T06:45:00Z,0.5627683177752303,22.64,28046
2025-09-28T07:00:00Z,0.5709704175127612,22.626,28035.4
2025-09-28T07:15:00Z,0.5655481974521095,22.615,28002.2
2025-09-28T07:30:00Z,0.5655481974521095,22.607,27989.1
2025-09-28T07:45:00Z,0.554876633559445,22.607,28014.2
2025-09-28T08:00:00Z,0.5584855574439658,22.622,28016
2025-09-28T08:15:00Z,0.5491263295092992,22.634,28047.6
2025-09-28T08:30:00Z,0.5537195053623094,22.643,28029.8
2025-09-28T08:45:00Z,0.5606092691418425,22.643,28043.4
2025-09-28T09:00:00Z,0.5678271169108697,22.649,28067.9
2025-09-28T09:15:00Z,0.5697956208478772,22.683,28086.8
2025-09-28T09:30:00Z,0.5561713010496945,22.733,28143.2
2025-09-28T09:45:00Z,0.5564993850391957,22.784,28194.2
2025-09-28T10:00:00Z,0.5415627292830152,22.828,28250.3
2025-09-28T10:15:00Z,0.5422188972620177,22.872,28259.6
2025-09-28T10:30:00Z,0.5409065613040127,22.902,28267
2025-09-28T10:45:00Z,0.5402503933250102,22.943,28335
2025-09-28T11:00:00Z,0.5376257214090003,22.974,28355.7
2025-09-28T11:15:00Z,0.5366414694404966,23.003,28400.1
2025-09-28T11:30:00Z,0.5310640416189685,23.083,28538.4
2025-09-28T11:45:00Z,0.5281112857134573,23.211,28728.2
2025-09-28T12:00:00Z,0.6767333329575607,23.317,28813.3
2025-09-28T12:15:00Z,0.5185968500179285,23.42,28925.3
2025-09-28T12:30:00Z,0.5117070862383954,23.538,29029.2
2025-09-28T12:45:00Z,0.5080981623538818,23.68,29134.1
2025-09-28T13:00:00Z,0.5061296584168744,23.766,29318.9
2025-09-28T13:15:00Z,0.4966152227213385,23.849,29394.3
2025-09-28T13:30:00Z,0.5030216947504869,23.937,29481.6
2025-09-28T13:45:00Z,0.4984285188974624,24.015,29532.7
2025-09-28T14:00:00Z,0.49252300708644015,24.088,29574.2
2025-09-28T14:15:00Z,0.4926958833150721,24.155,29635.9
2025-09-28T14:30:00Z,0.4972890591680894,24.219,29700.5
2025-09-28T14:45:00Z,0.4920397153360696,24.262,29755.9
2025-09-28T15:00:00Z,0.4867903715040498,24.274,29774.1
2025-09-28T15:15:00Z,0.4964776834282105,24.288,29758.9
2025-09-28T15:30:00Z,0.492868759543704,24.304,29741.7
2025-09-28T15:45:00Z,0.48269815586915854,24.315,29754.6
2025-09-28T16:00:00Z,0.48877654390879854,24.342,29784.5
2025-09-28T16:15:00Z,0.486479955982297,24.366,29792.5
2025-09-28T16:30:00Z,0.4805744441712676,24.381,29804.1
2025-09-28T16:45:00Z,0.49747960386446266,24.387,29804.7
2025-09-28T17:00:00Z,0.49551109992746234,24.378,29789.3
2025-09-28T17:15:00Z,0.509135419725645,24.359,29828.1
2025-09-28T17:30:00Z,0.51044775568365,24.327,29791.3
2025-09-28T17:45:00Z,0.5101196716941487,24.296,29763
2025-09-28T18:00:00Z,0.5068388317991364,24.27,29770.1
2025-09-28T18:15:00Z,0.5071669157886376,24.245,29722
2025-09-28T18:30:00Z,0.5078230837676401,24.215,29668
2025-09-28T18:45:00Z,0.5120881756311562,24.183,29654.7
2025-09-28T19:00:00Z,0.5156970995156698,24.158,29624.6
2025-09-28T19:15:00Z,0.5212745273371908,24.124,29617.8
2025-09-28T19:30:00Z,0.5281642911167168,24.094,29541.5
2025-09-28T19:45:00Z,0.5298047110642301,24.061,29534
2025-09-28T20:00:00Z,0.5184769791925561,24.026,29484.1
2025-09-28T20:15:00Z,0.5224139870665638,24.003,29463.5
2025-09-28T20:30:00Z,0.5107581712053886,23.973,29443.5
2025-09-28T20:45:00Z,0.5146951790794105,23.946,29423
2025-09-28T21:00:00Z,0.5146951790794105,23.908,29373.4
2025-09-28T21:15:00Z,0.516663683016418,23.863,29367.1
2025-09-28T21:30:00Z,0.520928774879934,23.826,29344.4
2025-09-28T21:45:00Z,0.5219130268484378,23.781,29323.8
2025-09-28T22:00:00Z,0.5271623706804576,23.739,29284.9
2025-09-28T22:15:00Z,0.53044321057547,23.686,29220.7
2025-09-28T22:30:00Z,0.529130874617465,23.634,29179
2025-09-28T22:45:00Z,0.5155065548192894,23.589,29137.6
2025-09-28T23:00:00Z,0.5158346388087907,23.546,29070.7
2025-09-28T23:15:00Z,0.5096010430082671,23.499,29027.5
2025-09-28T23:30:00Z,0.5105852949767709,23.462,29012.1
2025-09-28T23:45:00Z,0.5096010430082671,23.417,28975.1
2025-09-29T00:00:00Z,0.5145223028507857,23.368,28919.6
2025-09-29T00:15:00Z,0.529130874617465,23.311,28836.4
2025-09-29T00:30:00Z,0.5310993785544724,23.271,28802.1
2025-09-29T00:45:00Z,0.529130874617465,23.22,28740
2025-09-29T01:00:00Z,0.5258500347224526,23.178,28680.5
2025-09-29T01:15:00Z,0.5265062027014551,23.147,28650.6
2025-09-29T01:30:00Z,0.52781853865946,23.107,28604.7
2025-09-29T01:45:00Z,0.5242096147749464,23.056,28536.5
2025-09-29T02:00:00Z,0.5245376987644477,22.994,28458.1
2025-09-29T02:15:00Z,0.5225691948274402,22.936,28374.8
2025-09-29T02:30:00Z,0.5225691948274402,22.885,28298.7
2025-09-29T02:45:00Z,0.5345530946781167,22.827,28206.4
2025-09-29T03:00:00Z,0.5352092626571192,22.763,28109.8
2025-09-29T03:15:00Z,0.5391462705311341,22.702,28001.8
2025-09-29T03:30:00Z,0.5398024385101365,22.651,27915.6
2025-09-29T03:45:00Z,0.5411147744681415,22.594,27822.6
2025-09-29T04:00:00Z,0.5437394463841514,22.543,27741.8
2025-09-29T04:15:00Z,0.5476764542581662,22.501,27670.3
2025-09-29T04:30:00Z,0.5499730421846749,22.464,27604.5
2025-09-29T04:45:00Z,0.5545662180376922,22.421,27532.8
2025-09-29T05:00:00Z,0.558175141922213,22.371,27447
2025-09-29T05:15:00Z,0.558175141922213,22.317,27355.1
2025-09-29T05:30:00Z,0.5461912420715294,22.27,27277.3
2025-09-29T05:45:00Z,0.5481597460085439,22.215,27195.7
2025-09-29T06:00:00Z,0.5527529218615612,22.172,27121.5
2025-09-29T06:15:00Z,0.5596426856410872,22.128,27048.2
2025-09-29T06:30:00Z,0.5694852053261314,22.088,26983.6
2025-09-29T06:45:00Z,0.5740783811791488,22.072,26953.7
2025-09-29T07:00:00Z,0.5760468851161491,22.061,26936.1
2025-09-29T07:15:00Z,0.5591417254229611,22.05,26925.2
2025-09-29T07:30:00Z,0.5501105814778029,22.022,26880.7
2025-09-29T07:45:00Z,0.5566722612678277,21.993,26839.8
2025-09-29T08:00:00Z,0.5622496890893487,21.968,26802.6
2025-09-29T08:15:00Z,0.5645462770158574,21.942,26773.8
2025-09-29T08:30:00Z,0.5652024449948598,21.927,26754.3
2025-09-29T08:45:00Z,0.5674990329213685,21.943,26792.3
2025-09-29T09:00:00Z,0.5519062091861784,21.973,26841.7
2025-09-29T09:15:00Z,0.548625369291166,22.011,26892.6
2025-09-29T09:30:00Z,0.5528904611546821,22.048,26954
2025-09-29T09:45:00Z,0.5469849493436598,22.087,27017.9
2025-09-29T10:00:00Z,0.5414075215221388,22.14,27116.4
2025-09-29T10:15:00Z,0.5427198574801437,22.208,27242
2025-09-29T10:30:00Z,0.5400951855641338,22.303,27416.1
2025-09-29T10:45:00Z,0.5325492538056054,22.454,27647
2025-09-29T11:00:00Z,0.5455174056247785,22.585,27846
2025-09-29T11:15:00Z,0.5422365657297661,22.655,27955.9
2025-09-29T11:30:00Z,0.5291132061497166,22.691,28006.4
2025-09-29T11:45:00Z,0.5212391904016869,22.743,28074.9
2025-09-29T12:00:00Z,0.6665803977507707,22.798,28160.5
2025-09-29T12:15:00Z,0.4971161829394575,22.866,28263.9
2025-09-29T12:30:00Z,0.4972890591680894,22.969,28396.8
2025-09-29T12:45:00Z,0.5076325390712597,23.089,28566.7
2025-09-29T13:00:00Z,0.4848395360347908,23.247,28749.5
2025-09-29T13:15:00Z,0.48188678012927966,23.449,28990.2
2025-09-29T13:30:00Z,0.4968234358854673,23.566,29101.2
2025-09-29T13:45:00Z,0.5014166117384846,23.631,29148.1
2025-09-29T14:00:00Z,0.5175103956918008,23.678,29189.8
2025-09-29T14:15:00Z,0.5324470514479884,23.69,29241.6
2025-09-29T14:30:00Z,0.5194788996288153,23.691,29046.2
2025-09-29T14:45:00Z,0.5184946476603116,23.689,29019.7
2025-09-29T15:00:00Z,0.5194788996288153,23.699,29033.8
2025-09-29T15:15:00Z,0.5089802119647686,23.697,29024.5
2025-09-29T15:30:00Z,0.5050432040907538,23.72,29068
2025-09-29T15:45:00Z,0.5083240439857732,23.757,29160.4
2025-09-29T16:00:00Z,0.5073397920172624,23.784,29248.7
2025-09-29T16:15:00Z,0.5222764477734501,23.797,29269.7
2025-09-29T16:30:00Z,0.5206360278259368,23.793,29300.1
2025-09-29T16:45:00Z,0.516699019951929,23.773,29286.6
2025-09-29T17:00:00Z,0.5104654241513984,23.739,29189.8
2025-09-29T17:15:00Z,0.5045599123403761,23.702,29058.1
2025-09-29T17:30:00Z,0.5042318283508749,23.662,28960.8
2025-09-29T17:45:00Z,0.5055441643088798,23.618,28870.3
2025-09-29T18:00:00Z,0.4993105685083563,23.568,28798.4
2025-09-29T18:15:00Z,0.5181842321385588,23.516,28690.6
2025-09-29T18:30:00Z,0.5181842321385588,23.468,28543.4
2025-09-29T18:45:00Z,0.519824652086065,23.417,28364.1
2025-09-29T19:00:00Z,0.5204808200650675,23.372,28188.9
2025-09-29T19:15:00Z,0.5214650720335712,23.339,28072
2025-09-29T19:30:00Z,0.5149033922435464,23.308,27983.2
2025-09-29T19:45:00Z,0.5139191402750427,23.281,27876.3
2025-09-29T20:00:00Z,0.5191684841070625,23.251,27801
2025-09-29T20:15:00Z,0.5181842321385588,23.224,27594.2
2025-09-29T20:30:00Z,0.5231054919810845,23.187,27480.3
2025-09-29T20:45:00Z,0.5290110037920996,23.155,27405.9
2025-09-29T21:00:00Z,0.5270424998550922,23.12,27321.7
2025-09-29T21:15:00Z,0.5178561481490576,23.083,27246.8
2025-09-29T21:30:00Z,0.5332760956556228,23.04,27170.8
2025-09-29T21:45:00Z,0.5107935081408996,22.996,27064.2
2025-09-29T22:00:00Z,0.5088250042038922,22.959,26984.5
2025-09-29T22:15:00Z,0.5214650720335712,22.935,26927.9
2025-09-29T22:30:00Z,0.5349165156031219,22.916,26879.9
2025-09-29T22:45:00Z,0.5319637596976108,22.899,26831
2025-09-29T23:00:00Z,0.5378692715086331,22.875,26775.2
2025-09-29T23:15:00Z,0.5401658594351417,22.851,26712.1
2025-09-29T23:30:00Z,0.5288381275634677,22.813,26634.1
2025-09-29T23:45:00Z,0.5321189674584872,22.776,26552.7
2025-09-30T00:00:00Z,0.536055975332502,22.741,26485.1
2025-09-30T00:15:00Z,0.5363840593220033,22.707,26418.9
2025-09-30T00:30:00Z,0.5413053191645218,22.673,26354.2
2025-09-30T00:45:00Z,0.5413053191645218,22.641,26297.5
2025-09-30T01:00:00Z,0.5326022592088648,22.613,26229
2025-09-30T01:15:00Z,0.5339145951668698,22.572,26155.3
2025-09-30T01:30:00Z,0.5371954350618822,22.53,26080.8
2025-09-30T01:45:00Z,0.5408043589464029,22.488,25999.8
2025-09-30T02:00:00Z,0.5388358550093884,22.451,25934.1
2025-09-30T02:15:00Z,0.5391639389988896,22.415,25864.6
2025-09-30T02:30:00Z,0.5248834512217044,22.382,25806.5
2025-09-30T02:45:00Z,0.5245553672322103,22.344,25749.8
2025-09-30T03:00:00Z,0.5317732150012375,22.301,25667.1
2025-09-30T03:15:00Z,0.5317732150012375,22.254,25583
2025-09-30T03:30:00Z,0.5480222067154301,22.198,25483.9
2025-09-30T03:45:00Z,0.5539277185264524,22.144,25382.9
2025-09-30T04:00:00Z,0.5465369945287932,22.09,25285.3
2025-09-30T04:15:00Z,0.5537548422978205,22.039,25190.3
2025-09-30T04:30:00Z,0.5534267583083192,21.988,25115.9
2025-09-30T04:45:00Z,0.5603165220878452,21.939,25025.8
2025-09-30T05:00:00Z,0.5613007740563489,21.895,24955.1
2025-09-30T05:15:00Z,0.5535819660691956,21.853,24894.3
2025-09-30T05:30:00Z,0.5601436458592133,21.819,24828.6
2025-09-30T05:45:00Z,0.5504563339350526,21.802,24791.8
2025-09-30T06:00:00Z,0.5576741817040798,21.783,24742.2
2025-09-30T06:15:00Z,0.5619392735675959,21.762,24700.6
2025-09-30T06:30:00Z,0.564892029473107,21.74,24657.5
2025-09-30T06:45:00Z,0.5707975412841293,21.72,24626.9
2025-09-30T07:00:00Z,0.5624225653179735,21.699,24586.9
2025-09-30T07:15:00Z,0.5683280771290029,21.678,24544.3
2025-09-30T07:30:00Z,0.5622496890893487,21.659,24513.6
2025-09-30T07:45:00Z,0.568155200900371,21.645,24488.4
2025-09-30T08:00:00Z,0.5747168806903957,21.625,24452.4
2025-09-30T08:15:00Z,0.569294660629744,21.605,24415.1
2025-09-30T08:30:00Z,0.5725755005247635,21.589,24386.5
2025-09-30T08:45:00Z,0.5648566925376102,21.585,24372.5
2025-09-30T09:00:00Z,0.5697779523801287,21.616,24412.8
2025-09-30T09:15:00Z,0.5587783044979489,21.726,24566.4
2025-09-30T09:30:00Z,0.560418724445455,21.865,24763.7
2025-09-30T09:45:00Z,0.5574659685399439,21.979,24938.6
2025-09-30T10:00:00Z,0.5448259007102791,22.081,25120.1
2025-09-30T10:15:00Z,0.5366238009727482,22.256,25378.5
2025-09-30T10:30:00Z,0.5320306251197238,22.439,25648.1
2025-09-30T10:45:00Z,0.5141412134580179,22.616,25941.1
2025-09-30T11:00:00Z,0.5072514496784919,22.809,26224.5
2025-09-30T11:15:00Z,0.5110332497916446,22.991,26487.1
2025-09-30T11:30:00Z,0.5054558219701164,23.176,26778.5
2025-09-30T11:45:00Z,0.49889414218009875,23.359,27081.7
2025-09-30T12:00:00Z,0.640954509634156,23.582,27445.2
2025-09-30T12:15:00Z,0.49020875069217595,23.79,27804.7
2025-09-30T12:30:00Z,0.479381979038628,23.997,28196.5
2025-09-30T12:45:00Z,0.4734764672276057,24.155,28432.6
2025-09-30T13:00:00Z,0.4713527555297361,24.284,28624.9
2025-09-30T13:15:00Z,0.4651191597292055,24.431,28838.6
2025-09-30T13:30:00Z,0.4728379677163659,24.578,29056.9
2025-09-30T13:45:00Z,0.46660437191583526,24.698,29190.3
2025-09-30T14:00:00Z,0.47432317990299566,24.812,29360
2025-09-30T14:15:00Z,0.47235467596598824,24.906,29507.2
2025-09-30T14:30:00Z,0.46743341612346967,24.999,29650.2
2025-09-30T14:45:00Z,0.45955940037543996,25.076,29793.1
2025-09-30T15:00:00Z,0.4546381405329214,25.141,29178.7
2025-09-30T15:15:00Z,0.461372696551571,25.186,29219.1
2025-09-30T15:30:00Z,0.4577637726670645,25.22,29232.3
2025-09-30T15:45:00Z,0.45677952069855365,25.246,29181.1
2025-09-30T16:00:00Z,0.46777916858071933,25.265,29188
2025-09-30T16:15:00Z,0.46023323682219086,25.275,29165.6
2025-09-30T16:30:00Z,0.45662431293767725,25.266,29113.5
2025-09-30T16:45:00Z,0.45137496910565744,25.242,29054.2
2025-09-30T17:00:00Z,0.44350095335762063,25.199,29049.1
2025-09-30T17:15:00Z,0.45581293719780547,25.143,29124.1
2025-09-30T17:30:00Z,0.46615641710096867,25.081,28999.8
2025-09-30T17:45:00Z,0.4655002491219662,25.017,28888.4
2025-09-30T18:00:00Z,0.4700934249749906,24.95,28792.9
2025-09-30T18:15:00Z,0.48667050067868445,24.889,28660.1
2025-09-30T18:30:00Z,0.4847019967416699,24.835,28483.6
2025-09-30T18:45:00Z,0.49191984451070425,24.799,28293.8
2025-09-30T19:00:00Z,0.4968411043532228,24.772,28156
2025-09-30T19:15:00Z,0.48682570843955375,24.743,27961.6
2025-09-30T19:30:00Z,0.4907627163135686,24.705,27763
2025-09-30T19:45:00Z,0.4940435562085881,24.65,27590.4
2025-09-30T20:00:00Z,0.48074732039989954,24.603,27433.1
2025-09-30T20:15:00Z,0.4837000763054107,24.544,27278.2
2025-09-30T20:30:00Z,0.4873090001899243,24.498,27142.4
2025-09-30T20:45:00Z,0.47565318432874903,24.446,27039.3
2025-09-30T21:00:00Z,0.49124600806394625,24.384,26932.5
2025-09-30T21:15:00Z,0.4882932521584351,24.315,26768.9
2025-09-30T21:30:00Z,0.4935425959904549,24.25,26624.1
2025-09-30T21:45:00Z,0.4881203759298032,24.189,26485.4
2025-09-30T22:00:00Z,0.49238546779331926,24.132,26348.4
2025-09-30T22:15:00Z,0.4907450478458131,24.078,26231.3
2025-09-30T22:30:00Z,0.4874642079508007,24.03,26117.8
2025-09-30T22:45:00Z,0.4917292998143168,23.98,26016.6
2025-09-30T23:00:00Z,0.4917292998143168,23.939,25926.5
2025-09-30T23:15:00Z,0.48105773592165235,23.895,25822.8
2025-09-30T23:30:00Z,0.49140121582481555,23.847,25728.4
2025-09-30T23:45:00Z,0.492057383803818,23.808,25646.7
2025-10-01T00:00:00Z,0.48976079587730936,23.771,25570.9
2025-10-01T00:15:00Z,0.493369719761823,23.732,25501
2025-10-01T00:30:00Z,0.49468205571982793,23.681,25401.3
2025-10-01T00:45:00Z,0.49763481162533907,23.635,25306.5
2025-10-01T01:00:00Z,0.4996033155623465,23.593,25211.8
2025-10-01T01:15:00Z,0.5038684074258626,23.549,25124.7
2025-10-01T01:30:00Z,0.5041964914153709,23.504,25038.3
2025-10-01T01:45:00Z,0.5012437355098527,23.441,24920.4
2025-10-01T02:00:00Z,0.5028841554573589,23.372,24801
2025-10-01T02:15:00Z,0.49319684353320525,23.303,24672.9
2025-10-01T02:30:00Z,0.5055088273733688,23.248,24577.9
2025-10-01T02:45:00Z,0.50583691136287,23.203,24488.8
2025-10-01T03:00:00Z,0.5074773313103833,23.154,24403.9
2025-10-01T03:15:00Z,0.5091177512578895,23.111,24321.5
2025-10-01T03:30:00Z,0.5110862551948898,23.064,24231.3
2025-10-01T03:45:00Z,0.5130547591318972,23.017,24148.6
2025-10-01T04:00:00Z,0.5183041029639242,22.974,24065.9
2025-10-01T04:15:00Z,0.5206006908904328,22.93,23991.3
2025-10-01T04:30:00Z,0.5212568588694353,22.883,23914.7
2025-10-01T04:45:00Z,0.5238815307854452,22.829,23822.1
2025-10-01T05:00:00Z,0.5178031427457981,22.778,23729.6
2025-10-01T05:15:00Z,0.5207558986513092,22.732,23652.1
2025-10-01T05:30:00Z,0.5256771584938349,22.688,23575.5
2025-10-01T05:45:00Z,0.5283018304098448,22.64,23496.1
2025-10-01T06:00:00Z,0.5302703343468522,22.585,23404.8
2025-10-01T06:15:00Z,0.5199268544436819,22.534,23323.1
2025-10-01T06:30:00Z,0.5218953583806893,22.488,23451.5
2025-10-01T06:45:00Z,0.5281289541812129,22.452,23394.3
2025-10-01T07:00:00Z,0.5333782980132327,22.416,23331.6
2025-10-01T07:15:00Z,0.53797147386625,22.374,23259.1
2025-10-01T07:30:00Z,0.5405961457822599,22.328,23199.2
2025-10-01T07:45:00Z,0.5315650018370945,22.292,23131.5
2025-10-01T08:00:00Z,0.5341896737531044,22.254,23074.1
2025-10-01T08:15:00Z,0.5238461938499483,22.222,23027.3
2025-10-01T08:30:00Z,0.5294236216714694,22.202,22988.6
2025-10-01T08:45:00Z,0.531720209597978,22.217,23006.8
2025-10-01T09:00:00Z,0.534344881513988,22.282,23085.6
2025-10-01T09:15:00Z,0.5327044615664818,22.333,23143.7
2025-10-01T09:30:00Z,0.5200643937367957,22.39,23212.5
2025-10-01T09:45:00Z,0.5161273858627808,22.491,23345.9
2025-10-01T10:00:00Z,0.5148150499047759,22.593,23516.7
2025-10-01T10:15:00Z,0.5075972021357487,22.715,23737.7
2025-10-01T10:30:00Z,0.501363606335218,22.871,23784.7
2025-10-01T10:45:00Z,0.4974265984612032,23.033,24036.6
2025-10-01T11:00:00Z,0.4925053386186846,23.207,24295.3
2025-10-01T11:15:00Z,0.4966152227213385,23.384,24571.4
2025-10-01T11:30:00Z,0.4828356951622794,23.563,24856
2025-10-01T11:45:00Z,0.47364934345624476,23.753,25139.2
2025-10-01T12:00:00Z,0.6193186347948298,23.961,25456.2
2025-10-01T12:15:00Z,0.45363622009666926,24.15,25736.8
2025-10-01T12:30:00Z,0.4554495162727932,24.303,25963.9
2025-10-01T12:45:00Z,0.44659124855625265,24.453,26198
2025-10-01T13:00:00Z,0.4487326287218991,24.585,26384
2025-10-01T13:15:00Z,0.4392181930263561,24.716,26559.3
2025-10-01T13:30:00Z,0.4469370010135165,24.85,26765.7
2025-10-01T13:45:00Z,0.45859281687468467,24.983,26987.2
2025-10-01T14:00:00Z,0.4500626331476525,25.098,27182.6
2025-10-01T14:15:00Z,0.4613903650193265,25.199,27283.9
2025-10-01T14:30:00Z,0.4597499450718132,25.279,27381.6
2025-10-01T14:45:00Z,0.4431728693681194,25.352,27475.7
2025-10-01T15:00:00Z,0.4492512574077736,25.425,27561.7
2025-10-01T15:15:00Z,0.44334574559675133,25.48,27612.2
2025-10-01T15:30:00Z,0.43908065373323524,25.513,27618.9
2025-10-01T15:45:00Z,0.4354717298487216,25.533,27621.9
2025-10-01T16:00:00Z,0.43579981383822286,25.54,27620.6
2025-10-01T16:15:00Z,0.4377683177752303,25.535,27571.2
2025-10-01T16:30:00Z,0.44778371368889935,25.524,27501.2
2025-10-01T16:45:00Z,0.4448309577833882,25.496,27393.4
2025-10-01T17:00:00Z,0.444502873793887,25.456,27271
2025-10-01T17:15:00Z,0.4302223860167018,25.411,27124.9
2025-10-01T17:30:00Z,0.44515904177288945,25.359,26981.3
2025-10-01T17:45:00Z,0.4464713777308873,25.311,26864.3
2025-10-01T18:00:00Z,0.4497522176259068,25.267,26752.4
2025-10-01T18:15:00Z,0.4550015614579266,25.225,26653.6
2025-10-01T18:30:00Z,0.45401730948942287,25.181,26567.8
2025-10-01T18:45:00Z,0.45631389741593154,25.138,26463.9
2025-10-01T19:00:00Z,0.45631389741593154,25.091,26364.7
2025-10-01T19:15:00Z,0.4566419814054328,25.042,26261.8
2025-10-01T19:30:00Z,0.46090707326894886,24.995,26170.6
2025-10-01T19:45:00Z,0.4648440811429708,24.956,26093.4
2025-10-01T20:00:00Z,0.47042150896448476,24.91,26010.4
2025-10-01T20:15:00Z,0.4769831887545166,24.858,25909.8
2025-10-01T20:30:00Z,0.468936296777855,24.809,25823.5
2025-10-01T20:45:00Z,0.47320138864137107,24.764,25731.6
2025-10-01T21:00:00Z,0.4595770688431884,24.718,25646
2025-10-01T21:15:00Z,0.4622017407591983,24.679,25578.8
2025-10-01T21:30:00Z,0.463185992727702,24.644,25509.8
2025-10-01T21:45:00Z,0.46285790873820076,24.608,25440.9
2025-10-01T22:00:00Z,0.4641702446962057,24.565,25365.8
2025-10-01T22:15:00Z,0.4684353365597218,24.523,25297.9
2025-10-01T22:30:00Z,0.47040384049672923,24.483,25230.7
2025-10-01T22:45:00Z,0.47237234443373666,24.434,25144.9
2025-10-01T23:00:00Z,0.4717161764547413,24.36,25031.5
2025-10-01T23:15:00Z,0.4623569485200747,24.289,24913.9
2025-10-01T23:30:00Z,0.4633412004885855,24.227,24806.4
2025-10-01T23:45:00Z,0.4597322766040648,24.167,24704.7
2025-10-02T00:00:00Z,0.46777916858071933,24.116,24610.4
2025-10-02T00:15:00Z,0.4674510845912181,24.075,24540.6
2025-10-02T00:30:00Z,0.4684353365597218,24.036,24467.7
2025-10-02T00:45:00Z,0.4622017407591983,23.996,24394.9
2025-10-02T01:00:00Z,0.4651544966647094,23.948,24320.8
2025-10-02T01:15:00Z,0.47385755662037354,23.88,24212.9
2025-10-02T01:30:00Z,0.4615455727801958,23.825,24125.9
2025-10-02T01:45:00Z,0.4692643807673562,23.771,24233.5
2025-10-02T02:00:00Z,0.46795204480935126,23.725,24158
2025-10-02T02:15:00Z,0.46795204480935126,23.682,24091.9
2025-10-02T02:30:00Z,0.4646712049143318,23.638,24010.9
2025-10-02T02:45:00Z,0.47796744072302033,23.593,23941.7
2025-10-02T03:00:00Z,0.480264028649529,23.549,23872.3
2025-10-02T03:15:00Z,0.47895169269151694,23.502,23795.6
2025-10-02T03:30:00Z,0.4922479285002055,23.454,23709.9
2025-10-02T03:45:00Z,0.4828887005655389,23.405,23629.8
2025-10-02T04:00:00Z,0.48518528849204756,23.349,23537.5
2025-10-02T04:15:00Z,0.4914188842925711,23.296,23458.6
2025-10-02T04:30:00Z,0.4969963121140992,23.246,23392.4
2025-10-02T04:45:00Z,0.49896481605109955,23.199,23310.2
2025-10-02T05:00:00Z,0.5074949997781388,23.146,23222
2025-10-02T05:15:00Z,0.5166813514841735,23.091,23138.8
2025-10-02T05:30:00Z,0.5125714673815267,23.04,23064.4
2025-10-02T05:45:00Z,0.5191331471715515,22.993,22988
2025-10-02T06:00:00Z,0.5240544070140771,22.95,22914.7
2025-10-02T06:15:00Z,0.5189602709429266,22.905,22842.7
2025-10-02T06:30:00Z,0.5125537989137783,22.852,22754.6
2025-10-02T06:45:00Z,0.5178031427457981,22.794,22674.7
2025-10-02T07:00:00Z,0.5146775106116621,22.737,22576.2
2025-10-02T07:15:00Z,0.5166460145486695,22.695,22513.3
2025-10-02T07:30:00Z,0.5222234423701906,22.652,22450.6
2025-10-02T07:45:00Z,0.5148327183725243,22.621,22406.3
2025-10-02T08:00:00Z,0.5148327183725243,22.597,22370.9
2025-10-02T08:15:00Z,0.5080981623538818,22.57,22327.2
2025-10-02T08:30:00Z,0.5094104983118868,22.547,22292.9
2025-10-02T08:45:00Z,0.5080981623538818,22.536,22273.4
2025-10-02T09:00:00Z,0.5071139103853781,22.563,22303.9
2025-10-02T09:15:00Z,0.5044892384693682,22.62,22379.5
2025-10-02T09:30:00Z,0.48856833074466977,22.706,22501
2025-10-02T09:45:00Z,0.4930062988368178,22.817,22656.5
2025-10-02T10:00:00Z,0.4903816269208079,22.914,22815.7
2025-10-02T10:15:00Z,0.48742887101529675,23.033,23005.5
2025-10-02T10:30:00Z,0.48217952718327695,23.161,23199.1
2025-10-02T10:45:00Z,0.4798829392567683,23.311,23434.2
2025-10-02T11:00:00Z,0.48727366325442034,23.476,23697.1
2025-10-02T11:15:00Z,0.4833366553804055,23.649,23972.5
2025-10-02T11:30:00Z,0.47447838766386496,23.815,24216.5
2025-10-02T11:45:00Z,0.4669324559053365,23.967,24224.7
2025-10-02T12:00:00Z,0.6116174952754179,24.122,24633.3
2025-10-02T12:15:00Z,0.4446227446192452,24.28,24628.7
2025-10-02T12:30:00Z,0.4341240569552056,24.428,24825.6
2025-10-02T12:45:00Z,0.42657812519667715,24.583,25043.5
2025-10-02T13:00:00Z,0.42314207754078836,24.758,25289.1
2025-10-02T13:15:00Z,0.42101836584291163,24.947,25565
2025-10-02T13:30:00Z,0.41773752594789926,25.145,25848.7
2025-10-02T13:45:00Z,0.4267686698930575,25.332,26138.8
2025-10-02T14:00:00Z,NA,25.472,26361.1
2025-10-02T14:15:00Z,0.4302223860167018,25.589,26535.7
2025-10-02T14:30:00Z,0.4256292101636845,25.701,26702.7
2025-10-02T14:45:00Z,0.41939561436315387,25.81,26860.2
2025-10-02T15:00:00Z,0.4297390942663242,25.901,27009
2025-10-02T15:15:00Z,0.4144743545206353,25.955,27068.8
2025-10-02T15:30:00Z,0.4138181865416328,25.957,27143.6
2025-10-02T15:45:00Z,0.41924040660228457,25.933,27078.2
2025-10-02T16:00:00Z,0.40677321500123753,25.905,26950.7
2025-10-02T16:15:00Z,0.3995553672322103,25.881,26837.9
2025-10-02T16:30:00Z,0.39463410738968463,25.861,26743.2
2025-10-02T16:45:00Z,0.3943060234001834,25.841,26675.9
2025-10-02T17:00:00Z,0.413179687030393,25.808,26590.8
2025-10-02T17:15:00Z,0.4313971826815788,25.773,26506.8
2025-10-02T17:30:00Z,0.43533419055560074,25.732,26429.8
2025-10-02T17:45:00Z,0.4307410147025763,25.684,26320.1
2025-10-02T18:00:00Z,0.435662274545102,25.646,26227.1
2025-10-02T18:15:00Z,0.4279434665579487,25.611,26148.2
2025-10-02T18:30:00Z,0.4289277185264524,25.575,26068.2
2025-10-02T18:45:00Z,0.43450514634797344,25.536,25995.7
2025-10-02T19:00:00Z,0.4335208943794697,25.491,25912.5
2025-10-02T19:15:00Z,0.44172299411700067,25.44,25820.7
2025-10-02T19:30:00Z,0.4446757500225118,25.395,25733.7
2025-10-02T19:45:00Z,0.43826927799335635,25.361,25665
2025-10-02T20:00:00Z,0.4264582543713118,25.322,25588
2025-10-02T20:15:00Z,0.42777059032931675,25.277,25517.8
2025-10-02T20:30:00Z,0.433676102140339,25.23,25431.3
2025-10-02T20:45:00Z,0.4395816139513684,25.184,25355.5
2025-10-02T21:00:00Z,0.45353401773905233,25.141,25281.7
2025-10-02T21:15:00Z,0.4490960496469043,25.104,25212
2025-10-02T21:30:00Z,0.45106455358391173,25.067,25147.3
2025-10-02T21:45:00Z,0.44876796565740307,25.034,25095.2
2025-10-02T22:00:00Z,0.45106455358391173,25.009,25050.2
2025-10-02T22:15:00Z,0.4371121497962278,24.965,24975.2
2025-10-02T22:30:00Z,0.4351436458592133,24.921,24897.9
2025-10-02T22:45:00Z,0.43415939389071667,24.887,25047.8
2025-10-02T23:00:00Z,0.4367840658067266,24.85,24767.9
2025-10-02T23:15:00Z,0.4308785539957043,24.818,24921.2
2025-10-02T23:30:00Z,0.4351436458592133,24.79,24879.6
2025-10-02T23:45:00Z,0.43120663798520553,24.758,24611.6
2025-10-03T00:00:00Z,0.44417478980438574,24.722,24758.6
2025-10-03T00:15:00Z,0.44253436985687955,24.682,24699.6
2025-10-03T00:30:00Z,0.444502873793887,24.636,24630.3
2025-10-03T00:45:00Z,0.4438467058148774,24.569,24516.9
2025-10-03T01:00:00Z,0.44515904177288945,24.498,24407.4
2025-10-03T01:15:00Z,0.4454871257623907,24.435,24301.1
2025-10-03T01:30:00Z,0.4507364695944105,24.372,24204.1
2025-10-03T01:45:00Z,0.45040838560490926,24.321,24121.1
2025-10-03T02:00:00Z,0.4617361174765833,24.273,24051.7
2025-10-03T02:15:00Z,0.450080301615408,24.218,23960.4
2025-10-03T02:30:00Z,0.45139263757341297,24.152,23840.1
2025-10-03T02:45:00Z,0.4559858134264303,24.1,23759.1
2025-10-03T03:00:00Z,0.45368922549992163,24.042,23671.2
2025-10-03T03:15:00Z,0.4591114455605734,23.997,23594.3
2025-10-03T03:30:00Z,0.45878336157107213,23.955,23526
2025-10-03T03:45:00Z,0.45565772943692906,23.914,23467.5
2025-10-03T04:00:00Z,0.46600120934009936,23.87,23391.5
2025-10-03T04:15:00Z,0.46764162928760555,23.81,23305.7
2025-10-03T04:30:00Z,0.4732190571091337,23.735,23189.9
2025-10-03T04:45:00Z,0.4810930728571634,23.671,23090.8
2025-10-03T05:00:00Z,0.4853581647206795,23.625,23012.5
2025-10-03T05:15:00Z,0.47829552471252157,23.58,22940.7
2025-10-03T05:30:00Z,0.48256061657603766,23.532,22868.6
2025-10-03T05:45:00Z,0.4855133724815488,23.482,22787.4
2025-10-03T06:00:00Z,0.48518528849204756,23.425,22698.2
2025-10-03T06:15:00Z,0.4768103125258847,23.365,22602.3
2025-10-03T06:30:00Z,0.48271582433691407,23.308,22520
2025-10-03T06:45:00Z,0.4925583440219441,23.25,22438.3
2025-10-03T07:00:00Z,0.49140121582481555,23.201,22370.6
2025-10-03T07:15:00Z,0.4961672679064648,23.152,22293.6
2025-10-03T07:30:00Z,0.4894327118878081,23.115,22238.6
2025-10-03T07:45:00Z,0.49468205571982793,23.072,22191
2025-10-03T08:00:00Z,0.483354323848161,23.027,22135.6
2025-10-03T08:15:00Z,0.4797453999636474,22.986,22072.2
2025-10-03T08:30:00Z,0.48204198789015607,22.954,22020.6
2025-10-03T08:45:00Z,0.4807296519321511,22.936,22020.8
2025-10-03T09:00:00Z,0.47843306400564245,22.939,22016.7
2025-10-03T09:15:00Z,0.4804015679426499,22.968,22061.1
2025-10-03T09:30:00Z,0.4754803081001313,22.997,22099.1
2025-10-03T09:45:00Z,0.48105773592165235,23.022,22197.6
2025-10-03T10:00:00Z,0.4751522241106301,23.055,22309.4
2025-10-03T10:15:00Z,0.4754803081001313,23.096,22463.1
2025-10-03T10:30:00Z,0.4779497722552577,23.146,22598.3
2025-10-03T10:45:00Z,0.4746689323602524,23.209,22794.6
2025-10-03T11:00:00Z,0.4684353365597218,23.265,22979.9
2025-10-03T11:15:00Z,0.4599051528326896,23.34,23090.9
2025-10-03T11:30:00Z,0.46007802906131445,23.424,23155.3
2025-10-03T11:45:00Z,0.45646910517680084,23.531,23398.4
2025-10-03T12:00:00Z,0.5945924647568575,23.643,23540.6
2025-10-03T12:15:00Z,0.44351862182537616,23.76,23664.5
2025-10-03T12:30:00Z,0.44861275789653376,23.884,23872.7
2025-10-03T12:45:00Z,0.4491137181146527,24.015,23765.2
2025-10-03T13:00:00Z,0.4333656866185862,24.132,23859.1
2025-10-03T13:15:00Z,0.4364913187527293,24.229,23911.2
2025-10-03T13:30:00Z,0.4315700589102107,24.313,23881.3
2025-10-03T13:45:00Z,0.4294463472123269,24.403,23984.7
2025-10-03T14:00:00Z,0.4345404832834845,24.48,24003.5
2025-10-03T14:15:00Z,0.43585281924148944,24.546,24052.7
2025-10-03T14:30:00Z,0.4396346193546279,24.615,24110.3
2025-10-03T14:45:00Z,0.4373380314281192,24.674,24147.6
2025-10-03T15:00:00Z,0.4430883354782651,24.708,24106.4
2025-10-03T15:15:00Z,0.4466972593627787,24.735,24079.3
2025-10-03T15:30:00Z,0.4450568394152725,24.75,24019.3
2025-10-03T15:45:00Z,0.44276025148876386,24.767,23964.1
2025-10-03T16:00:00Z,0.43324581579322086,24.781,23928.9
2025-10-03T16:15:00Z,0.450150975486423,24.781,23835.1
2025-10-03T16:30:00Z,0.4396522878223834,24.766,23727.3
2025-10-03T16:45:00Z,0.43637144792736393,24.743,23624.2
2025-10-03T17:00:00Z,0.4403084558013859,24.714,23516.2
2025-10-03T17:15:00Z,0.4455577996334057,24.678,23407.9
2025-10-03T17:30:00Z,0.45211947942343045,24.637,23275
2025-10-03T17:45:00Z,0.4613058311294651,24.586,23187.3
2025-10-03T18:00:00Z,0.4672113429404945,24.523,23118.7
2025-10-03T18:15:00Z,0.4681955949089982,24.464,22963.5
2025-10-03T18:30:00Z,0.4647418787853539,24.405,22811.5
2025-10-03T18:45:00Z,0.4752405664493935,24.343,22676.1
2025-10-03T19:00:00Z,0.47244301830475877,24.28,22551
2025-10-03T19:15:00Z,0.48359787394780085,24.219,22427.1
2025-10-03T19:30:00Z,0.47915990585565993,24.161,22296.8
2025-10-03T19:45:00Z,0.4711130138789912,24.099,22193.2
2025-10-03T20:00:00Z,0.47192438961887007,24.011,22145.5
2025-10-03T20:15:00Z,0.45961240577869944,23.888,21998.9
2025-10-03T20:30:00Z,0.4609247417366973,23.788,21831.9
2025-10-03T20:45:00Z,0.4436914980540081,23.71,21688.6
2025-10-03T21:00:00Z,0.45451826970755604,23.635,21546.8
2025-10-03T21:15:00Z,0.4525497657705415,23.558,21396.7
2025-10-03T21:30:00Z,0.462720369445087,23.488,21241.6
2025-10-03T21:45:00Z,0.45976761353957585,23.405,21081.9
2025-10-03T22:00:00Z,0.4574710256130601,23.319,20932
2025-10-03T22:15:00Z,0.45976761353957585,23.24,20792.1
2025-10-03T22:30:00Z,0.4395816139513684,23.153,20671.7
2025-10-03T22:45:00Z,0.4392535299618672,23.071,20521.8
2025-10-03T23:00:00Z,0.4541901857180548,23,20400.9
2025-10-03T23:15:00Z,0.45025317784403285,22.931,20279.4
2025-10-03T23:30:00Z,0.455830605665561,22.867,20162.8
2025-10-03T23:45:00Z,0.468798757484727,22.805,20059.2
2025-10-04T00:00:00Z,0.48406349723042297,22.741,19953.9
2025-10-04T00:15:00Z,0.4921103892070775,22.683,19863.4
2025-10-04T00:30:00Z,0.4681425895057316,22.635,19778
2025-10-04T00:45:00Z,0.4671583375372279,22.596,19716.7
2025-10-04T01:00:00Z,0.47109534541124276,22.562,19647.6
2025-10-04T01:15:00Z,0.46683025354772667,22.519,19587.9
2025-10-04T01:30:00Z,0.467659297755354,22.462,19501.4
2025-10-04T01:45:00Z,0.4530507259886676,22.402,19418.3
2025-10-04T02:00:00Z,0.4491137181146527,22.345,19332.2
2025-10-04T02:15:00Z,0.4555201901438082,22.279,19231.5
2025-10-04T02:30:00Z,0.4528955182277983,22.215,19139.8
2025-10-04T02:45:00Z,0.4606143262149516,22.141,19042.7
2025-10-04T03:00:00Z,0.45536498238293177,22.071,18937.7
2025-10-04T03:15:00Z,0.4676769662231095,22.003,18840.1
2025-10-04T03:30:00Z,0.4657084622861092,21.932,18737.1
2025-10-04T03:45:00Z,0.4588186985065832,21.855,18630.5
2025-10-04T04:00:00Z,0.47244301830475877,21.773,18524.9
2025-10-04T04:15:00Z,0.47572385819977114,21.694,18411.8
2025-10-04T04:30:00Z,0.48541117012393187,21.598,18290.2
2025-10-04T04:45:00Z,0.49066051395595167,21.516,18183.6
2025-10-04T05:00:00Z,0.4952536898089761,21.442,18086.2
2025-10-04T05:15:00Z,0.49820644571448724,21.372,17984.1
2025-10-04T05:30:00Z,0.503455789546507,21.31,17900.8
2025-10-04T05:45:00Z,0.5100174693365318,21.256,17833.6
2025-10-04T06:00:00Z,0.5009863253913664,21.208,17765.4
2025-10-04T06:15:00Z,0.4996739894333686,21.161,17699.3
2025-10-04T06:30:00Z,0.5013144093808677,21.11,17632.6
2025-10-04T06:45:00Z,0.5021257851207537,21.056,17562.7
2025-10-04T07:00:00Z,0.5050785410262648,21.002,17492
2025-10-04T07:15:00Z,0.508031296931776,20.945,17418.9
2025-10-04T07:30:00Z,0.5142648927322995,20.891,17363.2
2025-10-04T07:45:00Z,0.5168895646483094,20.842,17301.1
2025-10-04T08:00:00Z,0.5081865046926382,20.792,17244.9
2025-10-04T08:15:00Z,0.5101550086296527,20.753,17196
2025-10-04T08:30:00Z,0.5154043524616725,20.721,17149.6
2025-10-04T08:45:00Z,0.5186851923566778,20.693,17108.6
2025-10-04T09:00:00Z,0.5096540484115266,20.684,17094.7
2025-10-04T09:15:00Z,0.5119506363380353,20.7,17114.5
2025-10-04T09:30:00Z,0.510310216390522,20.727,17144.3
2025-10-04T09:45:00Z,0.5086697964430229,20.774,17197.6
2025-10-04T10:00:00Z,0.4914365527603195,20.84,17274
2025-10-04T10:15:00Z,0.4881557128653071,20.909,17354.2
2025-10-04T10:30:00Z,0.4809378650962799,21.009,17474.7
2025-10-04T10:45:00Z,0.4766727732327638,21.181,17671.9
2025-10-04T11:00:00Z,0.4843915812199242,21.226,17741
2025-10-04T11:15:00Z,0.48143882531441307,21.245,17782.8
2025-10-04T11:30:00Z,0.4885014653225639,21.28,17847.1
2025-10-04T11:45:00Z,0.4783308616480184,21.496,18110.2
2025-10-04T12:00:00Z,0.6135014653225639,21.735,18414.9
2025-10-04T12:15:00Z,0.44552246269788753,22.12,18844
2025-10-04T12:30:00Z,0.42846209524382317,22.553,19348.1
2025-10-04T12:45:00Z,0.42207329168243035,23.019,19914.4
2025-10-04T13:00:00Z,0.39877932842784247,23.518,20524.8
2025-10-04T13:15:00Z,0.40634292865411936,23.898,20985.9
2025-10-04T13:30:00Z,0.39387573705307233,24.208,21355.3
2025-10-04T13:45:00Z,0.39503286525020087,24.412,21570.5
2025-10-04T14:00:00Z,0.3978304133948356,24.563,21750.4
2025-10-04T14:15:00Z,0.38437896982528486,24.648,21853.7
2025-10-04T14:30:00Z,0.38750460195942793,24.721,21951.9
2025-10-04T14:45:00Z,0.38258334211690226,24.777,22024.3
2025-10-04T15:00:00Z,0.38570897425103823,24.876,22153.7
2025-10-04T15:15:00Z,0.387194186437668,24.964,22263.1
2025-10-04T15:30:00Z,0.3826010105846578,25.001,22327.1
2025-10-04T15:45:00Z,0.39097598655081356,25.006,22335.2
2025-10-04T16:00:00Z,0.3853985587292925,25.03,22359.6
2025-10-04T16:15:00Z,0.3937735346954483,25.02,22344.8
2025-10-04T16:30:00Z,0.3885241908634285,24.98,22281.4
2025-10-04T16:45:00Z,0.3885241908634285,24.94,22224.2
2025-10-04T17:00:00Z,0.40214851066161117,24.896,22144.4
2025-10-04T17:15:00Z,0.3962429988505818,24.874,22089.4
2025-10-04T17:30:00Z,0.390993655018562,24.844,22015.9
2025-10-04T17:45:00Z,0.39772821103721867,24.794,21928.6
2025-10-04T18:00:00Z,0.3857443111865422,24.725,21819.4
2025-10-04T18:15:00Z,0.4016652189112264,24.646,21705.7
2025-10-04T18:30:00Z,0.4016652189112264,24.574,21592.7
2025-10-04T18:45:00Z,0.4136491187619029,24.505,21478.5
2025-10-04T19:00:00Z,0.42021079855193477,24.434,21371.6
2025-10-04T19:15:00Z,0.42086696653093725,24.366,21270.9
2025-10-04T19:30:00Z,0.42349163844694715,24.289,21153.5
2025-10-04T19:45:00Z,0.4254601423839546,24.207,21040.6
2025-10-04T20:00:00Z,0.42775673031046324,24.127,20925.7
2025-10-04T20:15:00Z,0.4280848142999645,24.045,20810
2025-10-04T20:30:00Z,0.42939715025796943,23.964,20695.9
2025-10-04T20:45:00Z,0.43136565419497686,23.881,20586.3
2025-10-04T21:00:00Z,0.4336622421214855,23.795,20466.7
2025-10-04T21:15:00Z,0.43399032611098676,23.702,20342.8
2025-10-04T21:30:00Z,0.4359588300479942,23.605,20215.8
2025-10-04T21:45:00Z,0.4395677539325149,23.511,20088.8
2025-10-04T22:00:00Z,0.42725577009233007,23.4,19950.5
2025-10-04T22:15:00Z,0.4389115859535053,23.279,19793.6
2025-10-04T22:30:00Z,0.4389115859535053,23.156,19638.7
2025-10-04T22:45:00Z,0.4405520059010115,23.054,19511.3
2025-10-04T23:00:00Z,0.4454732657435372,22.958,19393.5
2025-10-04T23:15:00Z,0.44514518175403595,22.865,19282.1
2025-10-04T23:30:00Z,0.45745716559420657,22.776,19166.7
2025-10-04T23:45:00Z,0.4474417696805446,22.683,19051.2
2025-10-05T00:00:00Z,0.4510506935650582,22.605,18952.1
2025-10-05T00:15:00Z,0.4549877014390731,22.529,18860.3
2025-10-05T00:30:00Z,0.457612373355083,22.454,18770.9
2025-10-05T00:45:00Z,0.4638459691556065,22.387,18689
2025-10-05T01:00:00Z,0.46154938122910494,22.319,18605.3
2025-10-05T01:15:00Z,0.4559719534075768,22.259,18528.4
2025-10-05T01:30:00Z,0.4523630295230632,22.199,18451.7
2025-10-05T01:45:00Z,0.45203494553356194,22.135,18370.9
2025-10-05T02:00:00Z,0.45137877755455236,22.066,18287.4
2025-10-05T02:15:00Z,0.4553157854285743,21.996,18197.3
2025-10-05T02:30:00Z,0.46598734932124586,21.933,18118.4
2025-10-05T02:45:00Z,0.4672996852792508,21.875,18041.3
2025-10-05T03:00:00Z,0.46762776926875205,21.806,17962.5
2025-10-05T03:15:00Z,0.4656592653317446,21.729,17876.6
2025-10-05T03:30:00Z,0.4682839372477545,21.657,17957.7
2025-10-05T03:45:00Z,0.46926818921625824,21.59,18081.7
2025-10-05T04:00:00Z,0.47025244118476195,21.527,17651.8
2025-10-05T04:15:00Z,0.4722209451217694,21.459,17569.9
2025-10-05T04:30:00Z,0.4768141209747867,21.392,17486.8
2025-10-05T04:45:00Z,0.4800949608697991,21.325,17402.7
2025-10-05T05:00:00Z,0.4846881367228164,21.257,17332.3
2025-10-05T05:15:00Z,0.4863285566703297,21.19,17254.2
2025-10-05T05:30:00Z,0.49354640443935693,21.121,17180.6
2025-10-05T05:45:00Z,0.4974834123133718,21.064,17112.4
2025-10-05T06:00:00Z,0.48845226836820643,21.008,17039.4
2025-10-05T06:15:00Z,0.49304544422122376,20.952,16975.7
2025-10-05T06:30:00Z,0.4966543681057445,20.902,16920.9
2025-10-05T06:45:00Z,0.5035441318852634,20.858,16872.9
2025-10-05T07:00:00Z,0.5130585675808064,20.81,16817.3
2025-10-05T07:15:00Z,0.5092767674676608,20.759,16765.8
2025-10-05T07:30:00Z,0.5119014393836707,20.708,16708.7
2025-10-05T07:45:00Z,0.5068073033125344,20.656,16654.7
2025-10-05T08:00:00Z,0.5123847311340555,20.602,16602.4
2025-10-05T08:15:00Z,0.5023693352203793,20.555,16555.9
2025-10-05T08:30:00Z,0.5033535871888901,20.527,16526.6
2025-10-05T08:45:00Z,0.5036816711783914,20.511,16512.6
2025-10-05T09:00:00Z,0.4903854353697099,20.527,16531.6
2025-10-05T09:15:00Z,0.48743267946419877,20.548,16549
2025-10-05T09:30:00Z,0.48808884744320125,20.595,16606.5
2025-10-05T09:45:00Z,0.4884169314327025,20.668,16686.1
2025-10-05T10:00:00Z,0.4851360915376901,20.758,16788.6
2025-10-05T10:15:00Z,0.4766059078106579,20.968,17013.9
2025-10-05T10:30:00Z,0.4703723120101344,21.141,17202.1
2025-10-05T10:45:00Z,0.46315446424110007,21.249,17320.5
2025-10-05T11:00:00Z,0.46052979232509017,21.328,17423.8
2025-10-05T11:15:00Z,0.46037458456421376,21.593,17706.7
2025-10-05T11:30:00Z,0.446923140994663,21.896,18044.5
2025-10-05T11:45:00Z,0.43511211737261846,22.334,18535.9
2025-10-05T12:00:00Z,0.5683142171101494,22.825,19119.6
2025-10-05T12:15:00Z,0.4119910303466483,23.203,19582
2025-10-05T12:30:00Z,0.3998519227351025,23.541,19992.4
2025-10-05T12:45:00Z,0.3990405469952165,23.772,20274.7
2025-10-05T13:00:00Z,0.3921507832156905,23.928,20478.8
2025-10-05T13:15:00Z,0.39757300327634226,24.073,20655.9
2025-10-05T13:30:00Z,0.39068323949681627,24.263,20916.4
2025-10-05T13:45:00Z,0.3944650396099547,24.439,21148.4
2025-10-05T14:00:00Z,0.3875752758304287,24.569,21319.1
2025-10-05T14:15:00Z,0.39627833578609284,24.663,21445.8
2025-10-05T14:30:00Z,0.3949659998280879,24.739,21537.3
2025-10-05T14:45:00Z,0.3880762360485619,24.811,21641
2025-10-05T15:00:00Z,0.39874779994122633,24.873,21721.2
2025-10-05T15:15:00Z,0.39612312802521643,24.916,21774.1
2025-10-05T15:30:00Z,0.39382654009870777,24.948,21805.5
2025-10-05T15:45:00Z,0.3882491122771867,24.964,21806.7
2025-10-05T16:00:00Z,0.3862806083401793,24.961,21796.6
2025-10-05T16:15:00Z,0.3879210282876784,24.95,21761.5
2025-10-05T16:30:00Z,0.3879210282876784,24.932,21714.8
2025-10-05T16:45:00Z,0.39695217223285795,24.901,21656.8
2025-10-05T17:00:00Z,0.39695217223285795,24.852,21560.1
2025-10-05T17:15:00Z,0.395639836274853,24.793,21461
2025-10-05T17:30:00Z,0.39957684414886785,24.725,21354
2025-10-05T17:45:00Z,0.4008891801068728,24.662,21241.5
2025-10-05T18:00:00Z,0.4028576840438802,24.605,21144.9
2025-10-05T18:15:00Z,0.4044981039913864,24.551,21043.8
2025-10-05T18:30:00Z,0.4051542719703889,24.497,20967.7
2025-10-05T18:45:00Z,0.406794691917888,24.45,20890.8
2025-10-05T19:00:00Z,0.4077789438863988,24.407,20821.6
2025-10-05T19:15:00Z,0.41105978378141117,24.365,20757.4
2025-10-05T19:30:00Z,0.41434062367643065,24.32,20683.4
2025-10-05T19:45:00Z,0.4199180514979517,24.271,20606
2025-10-05T20:00:00Z,0.4235269753824582,24.218,20525.7
2025-10-05T20:15:00Z,0.4200732592588068,24.149,20436.3
2025-10-05T20:30:00Z,0.42499451910133246,24.074,20327.2
2025-10-05T20:45:00Z,0.4295876949543498,24,20224.3
2025-10-05T21:00:00Z,0.4228531389357002,23.924,20124.2
2025-10-05T21:15:00Z,0.42843056675722124,23.847,20022.6
2025-10-05T21:30:00Z,0.43630458250525095,23.773,19926.1
2025-10-05T21:45:00Z,0.426289186591589,23.706,19833.1
2025-10-05T22:00:00Z,0.4298981104760955,23.642,19756
2025-10-05T22:15:00Z,0.43481937031862117,23.581,19669.4
2025-10-05T22:30:00Z,0.42710056233146076,23.509,19585.6
2025-10-05T22:45:00Z,0.4336622421214855,23.444,19504.2
2025-10-05T23:00:00Z,0.4359588300479942,23.386,19419.5
2025-10-05T23:15:00Z,0.4405520059010115,23.32,19342.1
2025-10-05T23:30:00Z,0.4259434341343251,23.246,19249.8
2025-10-05T23:45:00Z,0.4282400220608409,23.172,19154
2025-10-06T00:00:00Z,0.42988044200833997,23.092,19057.9
2025-10-06T00:15:00Z,0.4302085259978483,23.005,18950.5
2025-10-06T00:30:00Z,0.4318489459453474,22.92,18850
2025-10-06T00:45:00Z,0.4351297858403598,22.839,18750.7
2025-10-06T01:00:00Z,0.4370982897773672,22.766,18663.3
2025-10-06T01:15:00Z,0.43742637376686844,22.702,18585.7
2025-10-06T01:30:00Z,0.4370982897773672,22.644,18515.6
2025-10-06T01:45:00Z,0.4344736178613573,22.59,18447.3
2025-10-06T02:00:00Z,0.43316128190335945,22.54,18375.8
2025-10-06T02:15:00Z,0.43217702993484863,22.491,18325.6
2025-10-06T02:30:00Z,0.42988044200833997,22.442,18262.5
2025-10-06T02:45:00Z,0.4259434341343251,22.403,18209.7
2025-10-06T03:00:00Z,0.43727116600599913,22.361,18158.6
2025-10-06T03:15:00Z,0.43759924999550037,22.323,18114.1
2025-10-06T03:30:00Z,0.4389115859535053,22.282,18058.3
2025-10-06T03:45:00Z,0.45220782176218677,22.247,18018.9
2025-10-06T04:00:00Z,0.4561448296362087,22.212,17979.5
2025-10-06T04:15:00Z,0.46139417346822853,22.182,17941.5
2025-10-06T04:30:00Z,0.4646750133632409,22.145,17897
2025-10-06T04:45:00Z,0.47123669315326566,22.118,17857
2025-10-06T05:00:00Z,0.4648302211241102,22.085,17816.2
2025-10-06T05:15:00Z,0.47303232086164115,22.048,17766.6
2025-10-06T05:30:00Z,0.4769693287356631,22.012,17721.4
2025-10-06T05:45:00Z,0.46892243675900147,21.982,17683.3
2025-10-06T06:00:00Z,0.47220327665401385,21.946,17639.3
2025-10-06T06:15:00Z,0.4667810565933692,21.909,17596.6
2025-10-06T06:30:00Z,0.4710461484568853,21.872,17552.8
2025-10-06T06:45:00Z,0.46463967642772985,21.837,17507.5
2025-10-06T07:00:00Z,0.46792051632274934,21.8,17471.4
2025-10-06T07:15:00Z,0.4738260281337716,21.75,17449.1
2025-10-06T07:30:00Z,0.47940345595529266,21.709,17387.3
2025-10-06T07:45:00Z,0.4713565639786381,21.677,17349.6
2025-10-06T08:00:00Z,0.4746374038736505,21.65,17306
2025-10-06T08:15:00Z,0.4789024957371666,21.629,17270.1
2025-10-06T08:30:00Z,0.4685590158339963,21.614,17239.7
2025-10-06T08:45:00Z,0.47249602370801824,21.604,17220.1
2025-10-06T09:00:00Z,0.4747926116345198,21.599,17213.3
2025-10-06T09:15:00Z,0.4637929637523541,21.6,17209.9
2025-10-06T09:30:00Z,0.4637929637523541,21.611,17220
2025-10-06T09:45:00Z,0.4628087117838433,21.625,17229.6
2025-10-06T10:00:00Z,0.46215254380484083,21.644,17246.1
2025-10-06T10:15:00Z,0.46248062779434207,21.659,17259.4
2025-10-06T10:30:00Z,0.45952787188883093,21.668,17277.5
2025-10-06T10:45:00Z,0.45788745194132474,21.709,17319.3
2025-10-06T11:00:00Z,0.45198194013030246,21.802,17423.1
2025-10-06T11:15:00Z,0.4454202603402777,21.947,17594.3
2025-10-06T11:30:00Z,0.4375462445922409,22.105,17789
2025-10-06T11:45:00Z,0.4365619926237443,22.251,17963.8
2025-10-06T12:00:00Z,0.5899500919494827,22.405,18158.5
2025-10-06T12:15:00Z,0.4321416929993518,22.583,18377.1
2025-10-06T12:30:00Z,0.4288608531043394,22.748,18562.6
2025-10-06T12:45:00Z,0.4193464174087964,22.946,18772.7
2025-10-06T13:00:00Z,0.41016006570276886,23.148,18996.2
2025-10-06T13:15:00Z,0.414926117784411,23.326,19196.2
2025-10-06T13:30:00Z,0.4054116820888751,23.476,19369.9
2025-10-06T13:45:00Z,0.3991780862883516,23.627,19553
2025-10-06T14:00:00Z,0.4052564743279987,23.766,19721
2025-10-06T14:15:00Z,0.40033521448548015,23.89,19853.1
2025-10-06T14:30:00Z,0.39508587065345324,24.008,19989.1
2025-10-06T14:45:00Z,0.40214851066161117,24.128,20122.6
2025-10-06T15:00:00Z,0.3946025789030827,24.23,20244.3
2025-10-06T15:15:00Z,0.390993655018562,24.311,20334.1
2025-10-06T15:30:00Z,0.38443197522854433,24.366,20399.6
2025-10-06T15:45:00Z,0.38476005921803846,24.404,20447.9
2025-10-06T16:00:00Z,0.3987124630057224,24.425,20485
2025-10-06T16:15:00Z,0.399696714974219,24.421,20474.6
2025-10-06T16:30:00Z,0.4013371349217323,24.402,20430.4
2025-10-06T16:45:00Z,0.4016652189112264,24.366,20366.3
2025-10-06T17:00:00Z,0.4069145627432533,24.319,20277.4
2025-10-06T17:15:00Z,0.4075707307222487,24.26,20182.1
2025-10-06T17:30:00Z,0.40953923465926323,24.204,20089.1
2025-10-06T17:45:00Z,0.41052348662776694,24.144,19980.5
2025-10-06T18:00:00Z,0.4108515706172682,24.088,19881.4
2025-10-06T18:15:00Z,0.4008361747036062,24.03,19794.9
2025-10-06T18:30:00Z,0.40444509858811983,23.975,19703.6
2025-10-06T18:45:00Z,0.40641360252512726,23.924,19620.6
2025-10-06T19:00:00Z,0.4119910303466483,23.874,19526.1
2025-10-06T19:15:00Z,0.41658420619967274,23.822,19437.5
2025-10-06T19:30:00Z,0.42281780200019625,23.768,19346.8
2025-10-06T19:45:00Z,0.4310199017377272,23.712,19257
2025-10-06T20:00:00Z,0.42658193364557917,23.663,19175.5
2025-10-06T20:15:00Z,0.43347169742510516,23.615,19099.2
2025-10-06T20:30:00Z,0.43609636934111506,23.564,19029.6
2025-10-06T20:45:00Z,0.4293618133224726,23.518,18960.8
2025-10-06T21:00:00Z,0.4209868373563097,23.454,18873.1
2025-10-06T21:15:00Z,0.4226272573038159,23.398,18798.8
2025-10-06T21:30:00Z,0.4236115092723196,23.347,18729
2025-10-06T21:45:00Z,0.41556461729565797,23.304,18668.7
2025-10-06T22:00:00Z,0.42147012910668025,23.265,18618.4
2025-10-06T22:15:00Z,0.4237667170331889,23.226,18558.3
2025-10-06T22:30:00Z,0.42409480102269015,23.177,18490.6
2025-10-06T22:45:00Z,0.42835989288620624,23.114,18416.9
2025-10-06T23:00:00Z,0.4286879768757146,23.044,18335.7
2025-10-06T23:15:00Z,0.4209691688885542,22.993,18271.2
2025-10-06T23:30:00Z,0.434921572676231,22.938,18199.3
2025-10-06T23:45:00Z,0.4304836045840972,22.875,18124.6
2025-10-07T00:00:00Z,0.4304836045840972,22.822,18063.6
2025-10-07T00:15:00Z,0.4308116885735984,22.775,18006.1
2025-10-07T00:15:00Z,0.4308116885735984,22.775,18006.1
2025-10-07T00:30:00Z,0.4308116885735984,22.73,17955.8
2025-10-07T00:45:00Z,0.4324521085211046,22.683,17898.8
2025-10-07T01:00:00Z,0.4308116885735984,22.641,17850.8
2025-10-07T01:15:00Z,0.42851510064708975,22.604,17808.9
2025-10-07T01:30:00Z,0.42490617676257614,22.57,17770.1
2025-10-07T01:45:00Z,0.4245780927730678,22.537,17733.8
2025-10-07T02:00:00Z,0.42326575681506284,22.504,17700.7
2025-10-07T02:00:00Z,0.42326575681506284,22.504,17700.7
2025-10-07T02:15:00Z,0.42064108489905294,22.468,17652.7
2025-10-07T02:30:00Z,0.4322969007602211,22.425,17603.5
2025-10-07T02:45:00Z,0.43196881677071985,22.384,17556.3
2025-10-07T03:00:00Z,0.4296722288442112,22.337,17504
2025-10-07T03:15:00Z,0.4332811527287248,22.295,17455.6
2025-10-07T03:30:00Z,0.4322969007602211,22.253,17412.5
2025-10-07T03:45:00Z,0.43360923671823315,22.203,17364.6
2025-10-07T04:00:00Z,0.4498582284324186,22.151,17311.4
2025-10-07T04:15:00Z,0.43885858055025295,22.1,17252.8
2025-10-07T04:30:00Z,0.4505143964114282,22.061,17203.2
2025-10-07T04:45:00Z,0.45510757226444554,22.027,17157.4
2025-10-07T05:00:00Z,0.4460764283192731,22.001,17118.4
2025-10-07T05:15:00Z,0.4480449322562876,21.976,17084
2025-10-07T05:30:00Z,0.44935726821429256,21.943,17049
2025-10-07T05:45:00Z,0.45099768816179875,21.91,17008.3
2025-10-07T06:00:00Z,0.44574834432977184,21.876,16977.3
2025-10-07T06:15:00Z,0.44673259629828266,21.839,16941.3
2025-10-07T06:30:00Z,0.44327888017464545,21.796,16900.5
2025-10-07T06:45:00Z,0.4634648797628458,21.761,16859.1
2025-10-07T07:00:00Z,0.4696984755633764,21.733,16834.8
2025-10-07T07:15:00Z,0.47790057530090735,21.71,16800.5
2025-10-07T07:30:00Z,0.47280643922976395,21.687,16773.5
2025-10-07T07:45:00Z,0.4810085389672949,21.661,16741.8
2025-10-07T08:00:00Z,0.4732897309801345,21.628,16697.1
2025-10-07T08:15:00Z,0.4775548228436506,21.603,16660.3
2025-10-07T08:30:00Z,0.4718045187935047,21.58,16635.2
2025-10-07T08:45:00Z,0.46506996277485513,21.561,16612.1
2025-10-07T09:00:00Z,0.46769463469086503,21.544,16589.1
2025-10-07T09:15:00Z,0.47064739059637617,21.529,16575.8
2025-10-07T09:30:00Z,0.4606319946827071,21.512,16552.7
2025-10-07T09:45:00Z,0.46096007867220834,21.501,16541.2
2025-10-07T10:00:00Z,0.4616162466512108,21.493,16534
2025-10-07T10:15:00Z,0.4483200108425365,21.496,16543.8
2025-10-07T10:30:00Z,0.44471108695802286,21.523,16585.6
2025-10-07T10:45:00Z,0.44307066701050957,21.57,16636.7
2025-10-07T11:00:00Z,0.4391336591365018,21.629,16701.8
2025-10-07T11:15:00Z,0.4309315593989709,21.74,16829.3
2025-10-07T11:15:00Z,0.4309315593989709,21.74,16829.3
2025-10-07T11:30:00Z,0.43405719153309974,21.921,17027.1
2025-10-07T11:45:00Z,0.4268393437640725,22.151,17291.9
2025-10-07T12:00:00Z,0.567587375260139,22.397,17561.9
2025-10-07T12:15:00Z,0.40649813641498866,22.618,17820.4
2025-10-07T12:30:00Z,0.4135607764231537,22.818,18041.1
2025-10-07T12:45:00Z,0.4073271806226231,23.013,18269.1
2025-10-07T13:00:00Z,0.3971565769480847,23.205,18494.2
2025-10-07T13:15:00Z,0.3996260411032253,23.397,18708.1
2025-10-07T13:30:00Z,0.3960171172187046,23.572,18920.8
2025-10-07T13:45:00Z,0.38978352141818107,23.719,19111.8
2025-10-07T14:00:00Z,0.3994708333423418,23.845,19264.2
2025-10-07T14:15:00Z,0.3935653215313195,23.946,19410.1
2025-10-07T14:30:00Z,0.39061256562580127,24.034,19519.8
2025-10-07T14:45:00Z,0.38700364174129476,24.11,19615.3
2025-10-07T15:00:00Z,0.3814262139197737,24.169,19690.7
2025-10-07T15:15:00Z,0.38750460195942793,24.224,19749.9
2025-10-07T15:30:00Z,0.3829114261064035,24.273,19808.8
2025-10-07T15:45:00Z,0.37799016626388493,24.307,19841.9
2025-10-07T16:00:00Z,0.3770059142953812,24.323,19873.2
2025-10-07T16:15:00Z,0.3796305862113911,24.323,19871.4
2025-10-07T16:30:00Z,0.38931789813555184,24.308,19851
2025-10-07T16:45:00Z,0.3899740661145543,24.275,19811.7
2025-10-07T17:00:00Z,0.3863651422300407,24.227,19727.2
2025-10-07T17:15:00Z,0.39030215010405556,24.164,19620.6
2025-10-07T17:30:00Z,0.39030215010405556,24.1,19551.5
2025-10-07T17:45:00Z,0.3870213102090432,24.029,19445.8
2025-10-07T18:00:00Z,0.38570897425103823,23.957,19341.6
2025-10-07T18:15:00Z,0.38866173015654937,23.882,19234
2025-10-07T18:30:00Z,0.392270654041063,23.813,19151.8
2025-10-07T18:45:00Z,0.397848081862584,23.749,19069.4
2025-10-07T19:00:00Z,0.41278473761877876,23.693,18990.7
2025-10-07T19:15:00Z,0.4190183334192952,23.643,18914.1
2025-10-07T19:30:00Z,0.4191735411801716,23.586,18830.9
2025-10-07T19:45:00Z,0.4244228850121914,23.533,18727.7
2025-10-07T20:00:00Z,0.4290160608652087,23.491,18647.7
2025-10-07T20:15:00Z,0.42162533686755665,23.441,18567.4
2025-10-07T20:30:00Z,0.416203116806912,23.387,18490.5
2025-10-07T20:45:00Z,0.4081562248302575,23.329,18404.4
2025-10-07T21:00:00Z,0.40881239280925996,23.263,18320.4
2025-10-07T21:15:00Z,0.40782814084075625,23.203,18239.9
2025-10-07T21:30:00Z,0.4091404767987541,23.134,18154.6
2025-10-07T21:45:00Z,0.40273400476960575,23.054,18048.9
2025-10-07T22:00:00Z,0.41996724845230204,22.978,17959.1
2025-10-07T22:15:00Z,0.4222638363788107,22.915,17882.4
2025-10-07T22:30:00Z,0.41832682850479586,22.859,17811.5
2025-10-07T22:45:00Z,0.42095150042080576,22.807,17755.4
2025-10-07T23:00:00Z,0.41487311238115154,22.751,17690.2
2025-10-07T23:15:00Z,0.4161854483391636,22.7,17625.8
2025-10-07T23:30:00Z,0.41651353232865773,22.646,17563.4
2025-10-07T23:45:00Z,0.4284974321793342,22.584,17492.3
2025-10-08T00:00:00Z,0.4214347921711834,22.526,17430.7
2025-10-08T00:15:00Z,0.42438754807669454,22.481,17368.4
2025-10-08T00:30:00Z,0.42635605201370197,22.434,17310.7
2025-10-08T00:45:00Z,0.4240594640871933,22.379,17251.6
2025-10-08T01:00:00Z,0.42898072392971187,22.321,17193.1
2025-10-08T01:15:00Z,0.4309492278667193,22.269,17133.6
2025-10-08T01:30:00Z,0.42602796802420073,22.219,17081.6
2025-10-08T01:45:00Z,0.4204505402026726,22.163,17015.2
2025-10-08T02:00:00Z,0.41421694440214907,22.106,16952.7
2025-10-08T02:15:00Z,0.41388886041264783,22.044,16885.5
2025-10-08T02:30:00Z,0.41749778429716145,21.995,16831.7
2025-10-08T02:45:00Z,0.4307940201058429,21.951,16784.5
2025-10-08T03:00:00Z,0.4360433639378627,21.907,16734.3
2025-10-08T03:15:00Z,0.4483553477780333,21.867,16678.6
2025-10-08T03:30:00Z,0.4344029439903565,21.824,16631.6
2025-10-08T03:45:00Z,0.4370276159063664,21.773,16576.3
2025-10-08T04:00:00Z,0.43833995186437846,21.723,16526.9
2025-10-08T04:15:00Z,0.4422769597383933,21.675,16471.3
2025-10-08T04:30:00Z,0.441948875748885,21.632,16429.2
2025-10-08T04:45:00Z,0.44162079175938374,21.593,16385.3
2025-10-08T05:00:00Z,0.44949480750742055,21.556,16343.9
2025-10-08T05:15:00Z,0.4540879833604379,21.52,16307.4
2025-10-08T05:30:00Z,0.4586811592134552,21.483,16267.6
2025-10-08T05:45:00Z,0.4645866710244775,21.452,16233.3
2025-10-08T06:00:00Z,0.45391510713181304,21.412,16189.6
2025-10-08T06:15:00Z,0.4542431911213143,21.37,16144.6
2025-10-08T06:30:00Z,0.4598206189428353,21.332,16114.1
2025-10-08T06:45:00Z,0.4517737269661666,21.304,16087.1
2025-10-08T07:00:00Z,0.4560388188296898,21.277,16059.4
2025-10-08T07:15:00Z,0.4573511547876947,21.248,16024.3
2025-10-08T07:30:00Z,0.45833540675619844,21.231,16006.7
2025-10-08T07:45:00Z,0.46194433064071205,21.219,15997
2025-10-08T08:00:00Z,0.44635150690552905,21.21,15992.7
2025-10-08T08:15:00Z,0.44536725493702534,21.195,15988.3
2025-10-08T08:30:00Z,0.45225701871655133,21.182,15966
2025-10-08T08:45:00Z,0.4561940265905733,21.165,15948.3
2025-10-08T09:00:00Z,0.45783444653807237,21.147,15939.4
2025-10-08T09:15:00Z,0.4686612181916203,21.153,15937.1
2025-10-08T09:30:00Z,0.4752228979816451,21.223,16034.5
2025-10-08T09:45:00Z,0.4642232500994652,21.339,16160
2025-10-08T10:00:00Z,0.455693066372433,21.49,16340.6
2025-10-08T10:15:00Z,0.4478190506243962,21.638,16484.7
2025-10-08T10:30:00Z,0.4341947308262206,21.764,16623.7
2025-10-08T10:45:00Z,0.4263207150781909,21.896,17344.7
2025-10-08T11:00:00Z,0.41877478331966245,22.033,17335.8
2025-10-08T11:15:00Z,0.4115569355506352,22.202,17444.1
2025-10-08T11:30:00Z,0.40073016389709437,22.382,17604
2025-10-08T11:45:00Z,0.4081208878947393,22.55,17768.9
2025-10-08T12:00:00Z,0.5537901792333244,22.715,17958.1
2025-10-08T12:15:00Z,0.3930290243776824,22.894,18161.2
2025-10-08T12:30:00Z,0.388608724753297,23.095,18368.2
2025-10-08T12:45:00Z,0.38040662501576605,23.286,18568.7
2025-10-08T13:00:00Z,0.3712202733097314,23.471,18785.8
2025-10-08T13:15:00Z,0.3763144093808677,23.648,19014.2
2025-10-08T13:30:00Z,0.38108046146251695,23.803,19206.5
2025-10-08T13:45:00Z,0.3777996215675046,23.949,19386.4
2025-10-08T14:00:00Z,0.3838780096071588,24.055,19537
2025-10-08T14:15:00Z,0.37666016183812445,24.157,19667.4
2025-10-08T14:30:00Z,0.3664895581635861,24.252,19788.1
2025-10-08T14:45:00Z,0.36780189412159814,24.322,19889.2
2025-10-08T15:00:00Z,0.3595997943840672,24.373,19950.8
2025-10-08T15:15:00Z,0.3663343504027097,24.409,19995.2
2025-10-08T15:30:00Z,0.3656781824237072,24.436,20026.5
2025-10-08T15:45:00Z,0.36600626641320844,24.447,20045.8
2025-10-08T16:00:00Z,0.3676466863607146,24.445,20024.6
2025-10-08T16:15:00Z,0.3683028543397171,24.437,20000.3
2025-10-08T16:30:00Z,0.36699051838171215,24.416,19951.5
2025-10-08T16:45:00Z,0.3623973425286948,24.391,19891.9
2025-10-08T17:00:00Z,0.3637096784866998,24.346,19807.8
2025-10-08T17:15:00Z,0.36797477035021586,24.282,19699.3
2025-10-08T17:30:00Z,0.37059944226622576,24.207,19564.9
2025-10-08T17:45:00Z,0.37289603019273443,24.132,19432.4
2025-10-08T18:00:00Z,0.3725679462032332,24.055,19318.7
2025-10-08T18:15:00Z,0.3768330380667493,23.983,19215.9
2025-10-08T18:30:00Z,0.3794577099827592,23.919,19125.4
2025-10-08T18:45:00Z,0.3830666338672728,23.863,19035
2025-10-08T19:00:00Z,0.38601938977279104,23.813,18956.9
2025-10-08T19:15:00Z,0.3919249015838133,23.771,18896.6
2025-10-08T19:30:00Z,0.3828937576386551,23.721,18774.1
2025-10-08T19:45:00Z,0.3848622615756625,23.677,18730.6
2025-10-08T20:00:00Z,0.38945543742867983,23.642,18679.4
2025-10-08T20:15:00Z,0.3907677733866848,23.608,18576.9
2025-10-08T20:30:00Z,0.3804242934835145,23.567,18515.7
2025-10-08T20:45:00Z,0.3840332173680281,23.514,18441.1
2025-10-08T21:00:00Z,0.3912510651370624,23.458,18360.6
2025-10-08T21:15:00Z,0.3935476530635711,23.408,18287.8
2025-10-08T21:30:00Z,0.4007655008325912,23.361,18220.8
2025-10-08T21:45:00Z,0.4076552646121243,23.303,18132.7
2025-10-08T22:00:00Z,0.40124879258296886,23.249,18054.2
2025-10-08T22:15:00Z,0.4022330445514797,23.188,17969.7
2025-10-08T22:30:00Z,0.3922176486378106,23.118,17887.7
2025-10-08T22:45:00Z,0.3938580685853168,23.059,17805.4
2025-10-08T23:00:00Z,0.3818741687346403,22.994,17727.1
2025-10-08T23:15:00Z,0.38992106071130195,22.925,17636.7
2025-10-08T23:30:00Z,0.39352998459582267,22.848,17557.2
2025-10-08T23:45:00Z,0.3918895646483094,22.78,17469
2025-10-09T00:00:00Z,0.3938580685853168,22.719,17396.5
2025-10-09T00:15:00Z,0.39320190060632143,22.661,17327.8
2025-10-09T00:30:00Z,0.395498488532823,22.604,17258.3
2025-10-09T00:45:00Z,0.3971389084803292,22.538,17174.4
2025-10-09T01:00:00Z,0.40206016832284774,22.48,17113.5
2025-10-09T01:15:00Z,0.40566909220736846,22.423,17047.5
2025-10-09T01:30:00Z,0.40796568013387,22.36,16976.4
2025-10-09T01:45:00Z,0.4027163363018502,22.297,16907.1
2025-10-09T02:00:00Z,0.40206016832284774,22.229,16830.1
2025-10-09T02:15:00Z,0.40370058827036104,22.167,16767.5
2025-10-09T02:30:00Z,0.402388252312349,22.112,16701.7
2025-10-09T02:45:00Z,0.402388252312349,22.053,16630.5
2025-10-09T03:00:00Z,0.40796568013387,21.997,16559.6
2025-10-09T03:15:00Z,0.4076375961443688,21.931,16495.4
2025-10-09T03:30:00Z,0.4196214959950453,21.863,16427.6
2025-10-09T03:45:00Z,0.4248708398270651,21.797,16355.1
2025-10-09T04:00:00Z,0.4181362838084155,21.726,16278.5
2025-10-09T04:15:00Z,0.4207609557244325,21.659,16209.5
2025-10-09T04:30:00Z,0.4389784513756183,21.596,16142
2025-10-09T04:45:00Z,0.4309315593989709,21.547,16086.1
2025-10-09T05:00:00Z,0.4319158113674675,21.501,16038.7
2025-10-09T05:15:00Z,0.4345404832834845,21.448,15981.8
2025-10-09T05:30:00Z,0.4271497592858182,21.387,15919.4
2025-10-09T05:45:00Z,0.4287901792333244,21.33,15865.1
2025-10-09T06:00:00Z,0.43174293513882844,21.276,15831.1
2025-10-09T06:15:00Z,0.4330552710968405,21.227,15776.8
2025-10-09T06:30:00Z,0.43600802700235164,21.179,15710.7
2025-10-09T06:45:00Z,0.44125737083437144,21.128,15662.4
2025-10-09T07:00:00Z,0.4445382107293909,21.078,15954.9
2025-10-09T07:15:00Z,0.4348508988052231,21.028,15771.2
2025-10-09T07:30:00Z,0.43878790667924505,20.976,15686.9
2025-10-09T07:45:00Z,0.4433810825322624,20.925,15624.2
2025-10-09T08:00:00Z,0.4443653345007661,20.883,15558.8
2025-10-09T08:15:00Z,0.44830234237478095,20.849,15539.5
2025-10-09T08:30:00Z,0.4512550982802921,20.808,15502.7
2025-10-09T08:45:00Z,0.44484862625113664,20.767,15463.3
2025-10-09T09:00:00Z,0.4438643742826329,20.752,15459
2025-10-09T09:15:00Z,0.44320820630363045,20.738,15441.7
2025-10-09T09:30:00Z,0.4402554503981193,20.729,15435.1
2025-10-09T09:45:00Z,0.4392711984296156,20.755,15456.4
2025-10-09T10:00:00Z,0.4323814346500896,20.81,15538.6
2025-10-09T10:15:00Z,0.4287725107655689,20.897,15749.6
2025-10-09T10:30:00Z,0.42581975486005774,20.994,16469.6
2025-10-09T10:45:00Z,0.4202423270385367,21.089,16404.7
2025-10-09T11:00:00Z,0.4227117911936773,21.209,16462.7
2025-10-09T11:15:00Z,0.4194309512986649,21.353,16953.4
2025-10-09T11:30:00Z,0.4138535234771439,21.508,16960.1
2025-10-09T11:45:00Z,0.4069637596976108,21.648,17441.9
2025-10-09T12:00:00Z,0.5623203629603566,21.805,18263
2025-10-09T12:15:00Z,0.39959070416770714,21.983,18143.8
2025-10-09T12:30:00Z,0.3861392605981493,22.182,18287.7
2025-10-09T12:45:00Z,0.3876244727847933,22.403,18473.4
2025-10-09T13:00:00Z,0.37515728118373914,22.627,18698.9
2025-10-09T13:15:00Z,0.36662709745670696,22.817,18905.3
2025-10-09T13:30:00Z,0.3677842256538355,22.981,19065.5
2025-10-09T13:45:00Z,0.37255027773548477,23.119,19203.4
2025-10-09T14:00:00Z,0.36631668193496125,23.255,19333.8
2025-10-09T14:15:00Z,0.3743635739116158,23.38,19478.8
2025-10-09T14:30:00Z,0.37141081800610465,23.492,19615
2025-10-09T14:45:00Z,0.36288063427907247,23.591,19697.5
2025-10-09T15:00:00Z,0.3725679462032332,23.66,19765.2
2025-10-09T15:15:00Z,0.3751926181192431,23.719,19822.4
2025-10-09T15:30:00Z,0.36961519029772205,23.763,19852.7
2025-10-09T15:45:00Z,0.3689590223187196,23.79,19858.5
2025-10-09T16:00:00Z,0.3666624343922109,23.801,19847.7
2025-10-09T16:15:00Z,0.3673186023712134,23.804,19799.8
2025-10-09T16:30:00Z,0.38159909014839855,23.794,19745.1
2025-10-09T16:45:00Z,0.37897441823238864,23.779,19706.9
2025-10-09T17:00:00Z,0.38061483817989483,23.755,19638.7
2025-10-09T17:15:00Z,0.38061483817989483,23.722,19540.2
2025-10-09T17:30:00Z,0.3650220144447047,23.682,19441.5
2025-10-09T17:45:00Z,0.36535009843420596,23.644,19354.3
2025-10-09T18:00:00Z,0.36797477035021586,23.602,19263
2025-10-09T18:15:00Z,0.36863093832921834,23.558,19168.6
2025-10-09T18:30:00Z,0.3829114261064035,23.509,19091.2
2025-10-09T18:45:00Z,0.38783268594892206,23.452,19002.7
2025-10-09T19:00:00Z,0.3840508858357836,23.408,18922.7
2025-10-09T19:15:00Z,0.38962831365730466,23.372,18848.1
2025-10-09T19:30:00Z,0.39553382546832694,23.34,18783.3
2025-10-09T19:45:00Z,0.40012700132134427,23.312,18724.4
2025-10-09T20:00:00Z,0.39503286525020087,23.283,18672
2025-10-09T20:15:00Z,0.4012664610507244,23.245,18615
2025-10-09T20:30:00Z,0.39682849295858347,23.2,18546.2
2025-10-09T20:45:00Z,0.4076552646121243,23.147,18475.9
2025-10-09T21:00:00Z,0.40026454061446515,23.094,18407.5
2025-10-09T21:15:00Z,0.4025611285409738,23.037,18328.5
2025-10-09T21:30:00Z,0.40977897631000815,22.973,18252.7
2025-10-09T21:45:00Z,0.4017320843333536,22.904,18414.5
2025-10-09T22:00:00Z,0.39270094038818115,22.837,18286.3
2025-10-09T22:15:00Z,0.39335710836718363,22.779,18332.9
2025-10-09T22:30:00Z,0.3946694443251886,22.718,19937.5
2025-10-09T22:45:00Z,0.394013276346179,22.659,19020.3
2025-10-09T23:00:00Z,0.3930290243776824,22.607,18798.3
2025-10-09T23:15:00Z,0.39532561230419105,22.562,18812.4
2025-10-09T23:30:00Z,0.3956536962936923,22.514,19768.4
2025-10-09T23:45:00Z,0.3956536962936923,22.469,19810.7
2025-10-10T00:00:00Z,0.39335710836718363,22.427,18482.3
2025-10-10T00:15:00Z,0.39696603225169724,22.381,18307.9
2025-10-10T00:30:00Z,0.39270094038818115,22.318,18185.3
2025-10-10T00:45:00Z,0.39434136033568734,22.262,18107.8
2025-10-10T01:00:00Z,0.39335710836718363,22.213,18028.9
2025-10-10T01:15:00Z,0.39270094038818115,22.17,17964.9
2025-10-10T01:30:00Z,0.38909201650366043,22.121,17892.4
2025-10-10T01:45:00Z,0.39517040454332175,22.074,17820.7
2025-10-10T02:00:00Z,0.3918895646483094,22.013,17731.8
2025-10-10T02:15:00Z,0.38303129693177596,21.95,17632.3
2025-10-10T02:30:00Z,0.38204704496327224,21.889,18789.9
2025-10-10T02:45:00Z,0.39403094481394163,21.83,20054.6
2025-10-10T03:00:00Z,0.3930466928454379,21.763,19997.6
2025-10-10T03:15:00Z,0.40010933285359584,21.696,19514.5
2025-10-10T03:30:00Z,0.4047025087066132,21.632,19411.3
2025-10-10T03:45:00Z,0.4033901727486082,21.562,19089
2025-10-10T04:00:00Z,0.41832682850479586,21.503,18779.2
2025-10-10T04:15:00Z,0.41832682850479586,21.439,17548
2025-10-10T04:30:00Z,0.41996724845230204,21.374,17465.5
2025-10-10T04:45:00Z,0.4248885082948277,21.312,17368.4
2025-10-10T05:00:00Z,0.4284974321793342,21.252,17278.5
2025-10-10T05:15:00Z,0.4265289282423268,21.199,17204
2025-10-10T05:30:00Z,0.43309060803235866,21.144,17123.9
2025-10-10T05:45:00Z,0.4307940201058429,21.088,17054.7
2025-10-10T06:00:00Z,0.4230752121186825,21.035,16969.8
2025-10-10T06:15:00Z,0.4324344400533562,20.981,16913.1
2025-10-10T06:30:00Z,0.42274712812918125,20.928,16843.4
2025-10-10T06:45:00Z,0.4370276159063664,20.885,16783.2
2025-10-10T07:00:00Z,0.42898072392971187,20.855,16749.4
2025-10-10T07:15:00Z,0.44358929569639827,20.815,16698.5
2025-10-10T07:30:00Z,0.4475263035704131,20.778,16649.1
2025-10-10T07:45:00Z,0.4371828236672428,20.739,16604.7
2025-10-10T08:00:00Z,0.4371828236672428,20.703,16553.2
2025-10-10T08:15:00Z,0.44079174755175643,20.665,16523.3
2025-10-10T08:30:00Z,0.43751090765674405,20.636,16482.4
2025-10-10T08:45:00Z,0.43652665568824034,20.62,16460.6
2025-10-10T09:00:00Z,0.43324581579322086,20.644,16489.3
2025-10-10T09:15:00Z,0.43324581579322086,20.675,16509
2025-10-10T09:30:00Z,0.4342300677617317,20.71,16539.2
2025-10-10T09:45:00Z,0.42963689190871435,20.767,16603.3
2025-10-10T10:00:00Z,0.42602796802420073,20.834,16693.2
2025-10-10T10:15:00Z,0.42241904413968,20.932,16817.9
2025-10-10T10:30:00Z,0.4220909601501788,21.044,16970.4
2025-10-10T10:45:00Z,0.41585736434966236,21.194,17181.3
2025-10-10T11:00:00Z,0.4124213166937736,21.53,17536.4
2025-10-10T11:15:00Z,0.3986417891347145,21.855,17876.5
2025-10-10T11:30:00Z,0.3868307655126699,22.112,18152.3
2025-10-10T11:45:00Z,0.3769882458276257,22.329,18396
2025-10-10T12:00:00Z,0.5323448490903715,22.543,18621.6
2025-10-10T12:15:00Z,0.36600626641320844,22.799,18919
2025-10-10T12:30:00Z,0.3655229746628379,23.074,19247.4
2025-10-10T12:45:00Z,0.34780643922976395,23.318,19543.8
2025-10-10T13:00:00Z,0.33566733161821816,23.54,19809.3
2025-10-10T13:15:00Z,0.3299346960358136,23.81,20143.6
2025-10-10T13:30:00Z,0.3281390683274381,24.038,20433.2
2025-10-10T13:45:00Z,0.3296242805140679,24.26,20721.6
2025-10-10T14:00:00Z,0.32076601279753447,24.493,21014.7
2025-10-10T14:15:00Z,0.321923140994663,24.637,21191.6
2025-10-10T14:30:00Z,0.3253768571183002,24.759,21352.8
2025-10-10T14:45:00Z,0.3148781694542606,24.882,21501.5
2025-10-10T15:00:00Z,0.30831648966423586,24.99,21634.4
2025-10-10T15:15:00Z,0.31177020578787307,25.064,21764
2025-10-10T15:30:00Z,0.3204732657435372,25.106,21814.3
2025-10-10T15:45:00Z,0.31325541797450285,25.15,21893.3
2025-10-10T16:00:00Z,0.3222865619196682,25.188,21939.1
2025-10-10T16:15:00Z,0.31998997399315954,25.227,21986.9
2025-10-10T16:30:00Z,0.3176933860666509,25.25,22014.1
2025-10-10T16:45:00Z,0.3160529661191447,25.252,21997.2
2025-10-10T17:00:00Z,0.32869303394882365,25.223,21941.7
2025-10-10T17:15:00Z,0.3352547137388484,25.189,21879.1
2025-10-10T17:30:00Z,0.33459854575985304,25.133,21774.6
2025-10-10T17:45:00Z,0.34247256150788274,25.043,21645.3
2025-10-10T18:00:00Z,0.3457534014028951,24.948,21511.1
2025-10-10T18:15:00Z,0.3506746612454137,24.859,21396.9
2025-10-10T18:30:00Z,0.3569082570459372,24.787,21290.7
2025-10-10T18:45:00Z,0.3618295168884629,24.713,21176.5
2025-10-10T19:00:00Z,0.3527983729432904,24.628,21046.6
2025-10-10T19:15:00Z,0.3570634648068065,24.539,20946.1
2025-10-10T19:30:00Z,0.35739154879630775,24.439,20825.6
2025-10-10T19:45:00Z,0.35131316075665353,24.326,20662.8
2025-10-10T20:00:00Z,0.354594000651673,24.224,20537.2
2025-10-10T20:15:00Z,0.3555782526201767,24.122,20407.9
2025-10-10T20:30:00Z,0.36017142847319406,24.026,20281.1
2025-10-10T20:45:00Z,0.36378035235770767,23.941,20168.7
2025-10-10T21:00:00Z,0.36706119225272005,23.856,20060.7
2025-10-10T21:15:00Z,0.3690296961897346,23.767,19954.7
2025-10-10T21:30:00Z,0.36870161220022624,23.686,19855
2025-10-10T21:45:00Z,0.3716543681057445,23.599,19745
2025-10-10T22:00:00Z,0.3632793921395816,23.512,19644.6
2025-10-10T22:15:00Z,0.3616389721920683,23.424,19537.1
2025-10-10T22:30:00Z,0.3772317959272655,23.335,19439.2
2025-10-10T22:45:00Z,0.3831373077382807,23.245,19323.2
2025-10-10T23:00:00Z,0.384777727685794,23.16,19228.1
2025-10-10T23:15:00Z,0.37509041576161906,23.082,19135.9
2025-10-10T23:30:00Z,0.3747623317721178,23.004,19309.5
2025-10-10T23:45:00Z,0.3786993396461398,22.921,19031.9
2025-10-11T00:00:00Z,0.37574658374062864,22.837,18913
2025-10-11T00:15:00Z,0.36885681996110264,22.764,18814
2025-10-11T00:30:00Z,0.3665602320345869,22.697,18721.6
2025-10-11T00:45:00Z,0.38018455183277666,22.622,18629.6
2025-10-11T01:00:00Z,0.3798564678432754,22.549,18565.2
2025-10-11T01:15:00Z,0.3795283838537742,22.47,18490.9
2025-10-11T01:30:00Z,0.39052803173594697,22.393,18420.6
2025-10-11T01:45:00Z,0.38593485588292964,22.343,18362.6
2025-10-11T02:00:00Z,0.3849506039144188,22.293,18316.1
2025-10-11T02:15:00Z,0.38429443593541635,22.229,18243.2
2025-10-11T02:30:00Z,0.38593485588292964,22.159,18163.7
2025-10-11T02:45:00Z,0.392341327912078,22.09,18094.6
2025-10-11T03:00:00Z,0.39562216780709036,22.006,18022
2025-10-11T03:15:00Z,0.4028400155761247,21.912,17918.4
2025-10-11T03:30:00Z,NA,21.815,17816.4
2025-10-11T03:45:00Z,0.39627833578609284,21.727,17732.9
2025-10-11T04:00:00Z,0.40316809956561883,21.646,17646.6
2025-10-11T04:15:00Z,0.39791875573359903,21.572,17573.1
2025-10-11T04:30:00Z,0.40152767961811264,21.504,17500.5
2025-10-11T04:45:00Z,0.4141677474477916,21.436,17425.7
2025-10-11T05:00:00Z,0.4174485873427969,21.371,17361.2
2025-10-11T05:15:00Z,0.42236984718532256,21.304,17293.5
2025-10-11T05:30:00Z,0.42925961096484855,21.241,17227
2025-10-11T05:45:00Z,0.43090003091235474,21.186,17175.9
2025-10-11T06:00:00Z,0.43549320676537207,21.126,17120
2025-10-11T06:15:00Z,0.4391021306498857,21.068,17052
2025-10-11T06:30:00Z,0.4323675746312432,21.014,17001.2
2025-10-11T06:45:00Z,0.4349922465472531,20.971,16952.4
2025-10-11T07:00:00Z,0.43892925442126085,20.923,16916.1
2025-10-11T07:15:00Z,0.4435224302742853,20.882,16886.6
2025-10-11T07:30:00Z,0.4367878742556286,20.849,16851.5
2025-10-11T07:45:00Z,0.4410529661191447,20.816,16821.9
2025-10-11T08:00:00Z,0.4430214700561521,20.773,16785.4
2025-10-11T08:15:00Z,0.4456461419721691,20.717,16733.4
2025-10-11T08:30:00Z,0.43923966994301367,20.676,16693.6
2025-10-11T08:45:00Z,0.44088008989051275,20.646,16670.9
2025-10-11T09:00:00Z,0.441208173880014,20.654,16682.8
2025-10-11T09:15:00Z,0.43217702993484863,20.695,16754.3
2025-10-11T09:30:00Z,0.4213502582813078,20.777,16839.1
2025-10-11T09:45:00Z,0.4128200745542756,20.887,16948.1
2025-10-11T10:00:00Z,0.4082268987012583,20.999,17078.4
2025-10-11T10:15:00Z,0.40986731864876447,21.098,17274.4
2025-10-11T10:30:00Z,0.4029775548692385,21.304,17546.6
2025-10-11T10:45:00Z,0.40249426311886083,21.577,17859.5
2025-10-11T11:00:00Z,0.40496372727400143,21.784,18094.9
2025-10-11T11:15:00Z,0.3837934757172832,21.979,18347.6
2025-10-11T11:30:00Z,0.3892156957779349,22.167,18569.3
2025-10-11T11:45:00Z,0.3692025724183594,22.395,20849.8
2025-10-11T12:00:00Z,0.5138876117884337,22.54,21951.4
2025-10-11T12:15:00Z,0.3518141209747867,22.71,22324.7
2025-10-11T12:30:00Z,0.35461166911942854,22.89,22593.7
2025-10-11T12:45:00Z,0.3541283773690509,23.085,22870
2025-10-11T13:00:00Z,0.3308344141144559,23.36,23303.7
2025-10-11T13:15:00Z,0.32131997841892,23.618,23696.4
2025-10-11T13:30:00Z,0.3185400987420408,23.831,23965.7
2025-10-11T13:45:00Z,0.31263458693101853,23.988,24031.1
2025-10-11T14:00:00Z,0.31805680699165606,24.122,24280.3
2025-10-11T14:15:00Z,0.3234790270523078,24.252,24328.9
2025-10-11T14:30:00Z,0.3344786749344806,24.412,24463.7
2025-10-11T14:45:00Z,0.3421974829216339,24.596,24649.4
2025-10-11T15:00:00Z,0.3382604750476119,24.672,24824.2
2025-10-11T15:15:00Z,0.34974341468016235,24.698,24796.3
2025-10-11T15:30:00Z,0.3435098188796317,24.731,24743.6
2025-10-11T15:45:00Z,0.345150238827145,24.733,24596.3
2025-10-11T16:00:00Z,0.3435098188796317,24.723,24823.4
2025-10-11T16:15:00Z,0.3582735984071945,24.686,24721.5
2025-10-11T16:30:00Z,0.3668037821342267,24.635,24721.8
2025-10-11T16:45:00Z,0.37763055378777466,24.575,24447.5
2025-10-11T17:00:00Z,0.3640062339895991,24.501,24203.3
2025-10-11T17:15:00Z,0.37155216574812755,24.429,23979.6
2025-10-11T17:30:00Z,0.35858401392895445,24.353,23714
2025-10-11T17:45:00Z,0.3631771897819718,24.272,23491.2
2025-10-11T18:00:00Z,0.3600515576478287,24.191,23403.2
2025-10-11T18:15:00Z,0.35513029780531014,24.109,23073.6
2025-10-11T18:30:00Z,0.3593953896688262,24.042,22821
2025-10-11T18:45:00Z,0.35167658168167293,23.978,22601.8
2025-10-11T19:00:00Z,0.3549574215766853,23.914,22429.4
2025-10-11T19:15:00Z,0.3592225134402014,23.854,22275.3
2025-10-11T19:30:00Z,0.36315952131421625,23.782,22227.8
2025-10-11T19:45:00Z,0.37103353706225306,23.673,22096.4
2025-10-11T20:00:00Z,0.36495514902259174,23.567,21822.8
2025-10-11T20:15:00Z,0.3749705449362679,23.491,21640.5
2025-10-11T20:30:00Z,0.3746424609467667,23.419,21472.5
2025-10-11T20:45:00Z,0.3646270650330905,23.343,21312.9
2025-10-11T21:00:00Z,0.3725010807811202,23.262,21151.5
2025-10-11T21:15:00Z,0.3734853327496239,23.18,21003.4
2025-10-11T21:30:00Z,0.3751257526971301,23.097,20856.1
2025-10-11T21:45:00Z,0.3767661726446363,22.994,20744.1
2025-10-11T22:00:00Z,0.36511035678346815,22.87,20594.8
2025-10-11T22:15:00Z,0.3657665247624706,22.752,20393.2
2025-10-11T22:30:00Z,0.36937544864699134,22.662,20224.5
2025-10-11T22:45:00Z,0.37807850860264836,22.588,20097.4
2025-10-11T23:00:00Z,0.38234360046615734,22.52,19974.9
2025-10-11T23:15:00Z,0.37971892855014744,22.458,19874.2
2025-10-11T23:30:00Z,0.3793908445606462,22.398,19770.3
2025-10-11T23:45:00Z,0.38595252435067806,22.334,19682.5
2025-10-12T00:00:00Z,0.3852963563716685,22.261,19576.5
2025-10-12T00:15:00Z,0.38332785243466816,22.186,19463
2025-10-12T00:30:00Z,0.384640188392666,22.108,19344.9
2025-10-12T00:45:00Z,0.3879210282876784,22.046,19243.7
2025-10-12T01:00:00Z,0.39349845610920653,21.987,19152.1
2025-10-12T01:15:00Z,0.39546696004620685,21.933,19062
2025-10-12T01:30:00Z,0.3931703721197053,21.888,18981.4
2025-10-12T01:45:00Z,0.39349845610920653,21.829,18884.5
2025-10-12T02:00:00Z,0.39382654009870777,21.776,18798.9
2025-10-12T02:15:00Z,0.39448270807771024,21.724,18715.2
2025-10-12T02:30:00Z,0.394154624088209,21.671,18636.2
2025-10-12T02:45:00Z,0.3908737841931966,21.611,18551.3
2025-10-12T03:00:00Z,0.3925142041407028,21.546,18478.4
2025-10-12T03:15:00Z,0.39120186818269786,21.489,18395
2025-10-12T03:30:00Z,0.3895614482351917,21.422,18304.4
2025-10-12T03:45:00Z,0.4035138520228827,21.355,18216.3
2025-10-12T04:00:00Z,0.40154534808586817,21.29,18131.8
2025-10-12T04:15:00Z,0.40220151606487775,21.226,18049.9
2025-10-12T04:30:00Z,0.4113878677709124,21.171,17976
2025-10-12T04:45:00Z,0.416309127613431,21.123,17918.4
2025-10-12T05:00:00Z,0.4235269753824582,21.074,17855.2
2025-10-12T05:15:00Z,0.42549547931947274,21.032,17792.5
2025-10-12T05:30:00Z,0.4310729071409938,20.98,17717.5
2025-10-12T05:45:00Z,0.42138559521681884,20.917,17649.7
2025-10-12T06:00:00Z,0.4200732592588068,20.862,17585.9
2025-10-12T06:15:00Z,0.4190890072903102,20.799,17528
2025-10-12T06:30:00Z,0.41268253526116183,20.727,17447.1
2025-10-12T06:45:00Z,0.3926694119015792,20.655,17369.2
2025-10-12T07:00:00Z,0.3949659998280879,20.59,17302.3
2025-10-12T07:15:00Z,0.4095745715947672,20.52,17225
2025-10-12T07:30:00Z,0.40316809956561883,20.465,17167.3
2025-10-12T07:45:00Z,0.414823915426787,20.426,17133
2025-10-12T08:00:00Z,0.4028400155761247,20.392,17106.9
2025-10-12T08:15:00Z,0.40087151163911017,20.367,17103
2025-10-12T08:30:00Z,0.4021838475971222,20.347,17096.5
2025-10-12T08:45:00Z,0.4038242675446213,20.348,17115.8
2025-10-12T09:00:00Z,0.4054646874921346,20.362,17151
2025-10-12T09:15:00Z,0.40251193158662346,20.388,17185
2025-10-12T09:30:00Z,0.39365366387008294,20.411,17211.9
2025-10-12T09:45:00Z,0.3874200680695594,20.469,17283.8
2025-10-12T10:00:00Z,0.3821707242375396,20.554,17389.2
2025-10-12T10:15:00Z,0.3775775483845223,20.671,17543.8
2025-10-12T10:30:00Z,0.3843121044031719,20.782,17686.9
2025-10-12T10:45:00Z,0.3784065925921496,20.903,17839.5
2025-10-12T11:00:00Z,0.38054797275778895,21.046,17996.8
2025-10-12T11:15:00Z,0.3713616210517472,21.198,18154.6
2025-10-12T11:30:00Z,0.3585663454611989,21.363,18324
2025-10-12T11:45:00Z,0.34413064992314446,21.529,18481.2
2025-10-12T12:00:00Z,0.5122825287764385,21.759,18736
2025-10-12T12:15:00Z,0.33085208258221144,21.97,18963.2
2025-10-12T12:30:00Z,0.32905645487382884,22.187,19206.9
2025-10-12T12:45:00Z,0.32726082716544624,22.423,19498
2025-10-12T13:00:00Z,0.31774639146991035,22.67,19817.6
2025-10-12T13:15:00Z,0.3189035196670318,22.919,20123.6
2025-10-12T13:30:00Z,0.3213729838221795,23.146,20396.6
2025-10-12T13:45:00Z,0.3118585481266365,23.374,20689.1
2025-10-12T14:00:00Z,0.3133437603132663,23.594,20964.9
2025-10-12T14:15:00Z,0.3038293246177233,23.795,21213.5
2025-10-12T14:30:00Z,0.29661147684869604,23.972,21440.9
2025-10-12T14:45:00Z,0.2866137494027967,24.121,21653
2025-10-12T15:00:00Z,0.28431716147628805,24.207,21781.8
2025-10-12T15:15:00Z,0.27841164966525866,24.281,21898.6
2025-10-12T15:30:00Z,0.27217805386473515,24.33,21966.1
2025-10-12T15:45:00Z,0.2656163740747104,24.358,22000.2
2025-10-12T16:00:00Z,0.27628793796737483,24.379,22030.4
2025-10-12T16:15:00Z,0.27202284610385163,24.38,22021.1
2025-10-12T16:30:00Z,0.28925608978656214,24.358,21993.3
2025-10-12T16:45:00Z,0.2872875858495547,24.297,21889.8
2025-10-12T17:00:00Z,0.28499099792304605,24.211,21746
2025-10-12T17:15:00Z,0.2923817219206981,24.141,21616.5
2025-10-12T17:30:00Z,0.2767888981855151,24.069,21497.1
2025-10-12T17:45:00Z,0.28844471404669036,23.99,21398.3
2025-10-12T18:00:00Z,0.2881166300571891,23.915,21286.3
2025-10-12T18:15:00Z,0.29008513399419655,23.825,21166.6
2025-10-12T18:30:00Z,0.303709453792365,23.763,21069.2
2025-10-12T18:45:00Z,0.3063341257083749,23.687,20973.8
2025-10-12T19:00:00Z,0.3112553855508935,23.614,20863.6
2025-10-12T19:15:00Z,0.3105992175718981,23.544,20765
2025-10-12T19:30:00Z,0.3138800574669105,23.473,20668.7
2025-10-12T19:45:00Z,0.31781706534092535,23.401,20572.2
2025-10-12T20:00:00Z,0.3260191650784563,23.329,20480.5
2025-10-12T20:15:00Z,0.3306123409314736,23.255,20370.9
2025-10-12T20:30:00Z,0.3338931808264931,23.165,20253.6
2025-10-12T20:45:00Z,0.33848635667950333,23.059,20076.7
2025-10-12T21:00:00Z,0.3450480364695352,22.969,19991
2025-10-12T21:15:00Z,0.341594320345898,22.878,19831.7
2025-10-12T21:30:00Z,0.3409381523668955,22.792,19764.9
2025-10-12T21:45:00Z,0.3409381523668955,22.709,19681.6
2025-10-12T22:00:00Z,0.3342035963482459,22.644,19614.5
2025-10-12T22:15:00Z,0.342733780075271,22.577,19530.7
2025-10-12T22:30:00Z,0.3460146199702834,22.516,19467.5
2025-10-12T22:45:00Z,0.34568653598078214,22.458,19394.8
2025-10-12T23:00:00Z,0.34667078794929296,22.391,19328.5
2025-10-12T23:15:00Z,0.3359992240566143,22.32,19248.2
2025-10-12T23:30:00Z,0.34059239990963164,22.25,19116.9
2025-10-12T23:45:00Z,0.3464979117206539,22.174,19070.1
2025-10-13T00:00:00Z,0.35109108757367125,22.09,18930.8
2025-10-13T00:15:00Z,0.3569965993846935,22.001,18879.4
2025-10-13T00:30:00Z,0.3655267831117328,21.902,19143.2
2025-10-13T00:45:00Z,0.3734007988597625,21.801,18851.7
2025-10-13T01:00:00Z,0.3776658907232786,21.704,18528.4
2025-10-13T01:15:00Z,0.3748683425786439,21.612,18420.4
2025-10-13T01:30:00Z,0.381758106358177,21.532,18312.6
2025-10-13T01:45:00Z,0.3697742065074934,21.457,18216.4
2025-10-13T02:00:00Z,0.373383130392007,21.38,18122.9
2025-10-13T02:15:00Z,0.3613992305413376,21.309,18036
2025-10-13T02:30:00Z,0.36533623841535245,21.244,17953.4
2025-10-13T02:45:00Z,0.3656643224048466,21.181,17957.1
2025-10-13T03:00:00Z,0.36533623841535245,21.114,17806.5
2025-10-13T03:15:00Z,0.36697665836285864,21.042,17728.9
2025-10-13T03:30:00Z,0.37058558224737226,20.979,17816.8
2025-10-13T03:45:00Z,0.37321025416338216,20.92,17599.6
2025-10-13T04:00:00Z,0.3768191780478958,20.866,17542.3
2025-10-13T04:15:00Z,0.3814123539009202,20.811,17487.4
2025-10-13T04:30:00Z,0.38436510980642424,20.753,17426.2
2025-10-13T04:45:00Z,0.3899425376279453,20.69,17358.7
2025-10-13T05:00:00Z,0.39650421741797715,20.623,17283.5
2025-10-13T05:15:00Z,0.3910819973573254,20.563,17220.9
2025-10-13T05:30:00Z,0.39665942517884645,20.496,17148.5
2025-10-13T05:45:00Z,0.40190876901086625,20.421,17084.1
2025-10-13T06:00:00Z,0.39254954107620676,20.347,17013.3
2025-10-13T06:15:00Z,0.39418996102372006,20.285,16952.6
2025-10-13T06:30:00Z,0.3987831368767374,20.231,16898.3
2025-10-13T06:45:00Z,0.3920485808580878,20.183,16852.1
2025-10-13T07:00:00Z,0.39664175671110513,20.135,16817.2
2025-10-13T07:15:00Z,0.3982821766586113,20.086,16773.4
2025-10-13T07:30:00Z,0.4058281084171398,20.039,16736
2025-10-13T07:45:00Z,0.4100932002806559,20.005,16720.9
2025-10-13T08:00:00Z,0.4043428962305029,19.978,16711.9
2025-10-13T08:15:00Z,0.41090457602053476,19.947,16712.9
2025-10-13T08:30:00Z,0.4145134999050484,19.922,16715.1
2025-10-13T08:45:00Z,0.4018734320753765,19.902,16712.4
2025-10-13T09:00:00Z,0.3992487601593595,19.892,16722
2025-10-13T09:15:00Z,0.38923336424569044,19.874,17636
2025-10-13T09:30:00Z,0.39448270807771024,19.893,17741.6
2025-10-13T09:45:00Z,0.39874779994122633,19.94,17879.8
2025-10-13T10:00:00Z,0.3974354639832214,20.054,18046.1
2025-10-13T10:15:00Z,0.3931703721197053,20.193,18205.2
2025-10-13T10:30:00Z,0.3836559364241694,20.364,18402.5
2025-10-13T10:45:00Z,0.38168743248715487,20.521,18580.7
2025-10-13T11:00:00Z,0.3644541888044728,20.678,18773.8
2025-10-13T11:15:00Z,0.3626585610960831,20.878,18999.9
2025-10-13T11:30:00Z,0.35478454534804627,21.093,19257.9
2025-10-13T11:45:00Z,0.3534722093900484,21.301,19519.8
2025-10-13T12:00:00Z,0.5165299521721991,21.458,19718.9
2025-10-13T12:15:00Z,0.34330160571551005,21.549,19816.4
2025-10-13T12:30:00Z,0.3428183139651395,21.601,19867.9
2025-10-13T12:45:00Z,0.33100729034308785,21.641,19898.4
2025-10-13T13:00:00Z,0.32772645044807547,21.681,19931.5
2025-10-13T13:15:00Z,0.31985243470004576,21.726,19969.4
2025-10-13T13:30:00Z,0.3305239985927102,21.784,20044.1
2025-10-13T13:45:00Z,0.3392270585483743,21.844,20118.4
2025-10-13T14:00:00Z,0.3375866386008681,21.896,20187.7
2025-10-13T14:15:00Z,0.3495705384515375,21.943,20254
2025-10-13T14:30:00Z,0.35055479042004123,21.981,20300.2
2025-10-13T14:45:00Z,0.3439931106300165,22.025,20360.2
2025-10-13T15:00:00Z,0.33939993477699915,22.089,20454.7
2025-10-13T15:15:00Z,0.33775951482948585,22.149,20512.4
2025-10-13T15:30:00Z,0.33874376679799667,22.191,20580.2
2025-10-13T15:45:00Z,0.3354629269029772,22.221,20648.3
2025-10-13T16:00:00Z,0.3390718507874979,22.247,20724.7
2025-10-13T16:15:00Z,0.33579101089248553,22.266,20742.6
2025-10-13T16:30:00Z,0.3416965227035078,22.272,20740.8
2025-10-13T16:45:00Z,0.34300885866150566,22.253,20710.2
2025-10-13T17:00:00Z,0.3390718507874979,22.223,20626
2025-10-13T17:15:00Z,0.34563353057751556,22.19,20543.4
2025-10-13T17:30:00Z,0.35317946233605113,22.154,20474
2025-10-13T17:45:00Z,0.348413410254409,22.114,20395.3
2025-10-13T18:00:00Z,0.362693898031587,22.068,20299.8
2025-10-13T18:15:00Z,0.357927845949952,22.022,20203.8
2025-10-13T18:30:00Z,0.3605525178659619,21.982,20117.7
2025-10-13T18:45:00Z,0.352177541899799,21.952,20046.2
2025-10-13T19:00:00Z,0.3488967020047866,21.925,19991.3
2025-10-13T19:15:00Z,0.34577106987065065,21.895,19934.8
2025-10-13T19:30:00Z,0.34413064992314446,21.864,19878
2025-10-13T19:45:00Z,0.3464272378496531,21.826,19817.5
2025-10-13T20:00:00Z,0.35266083365017664,21.782,19758
2025-10-13T20:15:00Z,0.3513484976921717,21.747,19711.7
2025-10-13T20:30:00Z,0.3529889176396779,21.716,19671.5
2025-10-13T20:45:00Z,0.35167658168167293,21.688,19633.4
2025-10-13T21:00:00Z,0.34002076582049057,21.66,19601.5
2025-10-13T21:15:00Z,0.3585663454611989,21.635,19582.7
2025-10-13T21:30:00Z,0.3472386135895178,21.606,19553.9
2025-10-13T21:45:00Z,0.35955059742970974,21.572,19550.6
2025-10-13T22:00:00Z,0.3549574215766853,21.544,19580.2
2025-10-13T22:15:00Z,0.35380029337954966,21.514,19708.7
2025-10-13T22:30:00Z,0.3541283773690509,21.481,19886.7
2025-10-13T22:45:00Z,0.3664403612092286,21.446,20142.5
2025-10-13T23:00:00Z,0.3670965291882382,21.391,20314.1
2025-10-13T23:15:00Z,0.37267395700975925,21.333,20474.7
2025-10-13T23:30:00Z,0.37004928509374935,21.294,20495.3
2025-10-13T23:45:00Z,0.3749705449362679,21.261,20418.9
2025-10-13T23:45:00Z,0.3749705449362679,21.261,20418.9
2025-10-14T00:00:00Z,0.3869544447869373,21.165,20165
2025-10-14T00:15:00Z,0.38990720069244844,21.006,19882.9
2025-10-14T00:30:00Z,0.394828460534967,20.842,19656.2
2025-10-14T00:45:00Z,0.40303056027249795,20.619,19486.2
2025-10-14T01:00:00Z,0.4118888279890385,20.459,19560.2
2025-10-14T01:15:00Z,0.4118888279890385,20.426,19934.1
2025-10-14T01:15:00Z,0.4118888279890385,20.426,19934.1
2025-10-14T01:30:00Z,0.41254499596804095,20.455,20619.1
2025-10-14T01:45:00Z,0.41877859176856447,20.484,21492.4
2025-10-14T02:00:00Z,0.4269806915060954,20.485,22055.2
2025-10-14T02:15:00Z,0.4387917151281471,20.475,23098.1
2025-10-14T02:30:00Z,0.4501194469998211,20.467,24112.5
2025-10-14T02:45:00Z,0.46177526286098924,20.469,25073.8
2025-10-14T03:00:00Z,0.4494632790208115,20.474,25888.6
2025-10-14T03:15:00Z,0.49819258569562663,20.478,26860.9
2025-10-14T03:30:00Z,0.5364232047064021,20.363,27140.5
2025-10-14T03:45:00Z,0.5449533884334414,20.097,26959.3
2025-10-14T04:00:00Z,0.5808874195177083,19.992,26991
2025-10-14T04:15:00Z,0.5879323910581107,19.932,27072.9
2025-10-14T04:30:00Z,0.571355315354424,19.842,26994.8
2025-10-14T04:45:00Z,0.6143343179791003,19.778,26901
2025-10-14T04:45:00Z,0.6143343179791003,19.778,26901
2025-10-14T05:00:00Z,0.6835600397638757,19.719,26795.7
2025-10-14T05:15:00Z,0.7066811267898387,19.691,26823
2025-10-14T05:30:00Z,0.7803448166667621,19.696,26906.4
2025-10-14T05:45:00Z,0.8569435939814412,19.755,27019.5
2025-10-14T06:00:00Z,0.8994216363879843,19.879,27094.4
2025-10-14T06:15:00Z,0.9847234736583275,19.993,27119.7
2025-10-14T06:30:00Z,1.0227812164404781,20.067,27122.1
2025-10-14T06:45:00Z,1.0588527868178659,20.079,27084.4
2025-10-14T07:00:00Z,1.1302198887682877,19.991,26990.9
2025-10-14T07:15:00Z,1.1639948712191668,19.867,26881.1
2025-10-14T07:30:00Z,1.2051782461354534,19.76,26763.2
2025-10-14T07:45:00Z,1.22814412540054,19.68,26650.2
2025-10-14T08:00:00Z,1.2492967084895028,19.552,26503.6
2025-10-14T08:15:00Z,1.2456701161372337,19.513,26378.7
2025-10-14T08:30:00Z,1.265355155507315,19.514,26287.2
2025-10-14T08:45:00Z,1.2816041472215076,19.558,26254.8
2025-10-14T09:00:00Z,1.2840559429088856,19.554,26127.4
2025-10-14T09:15:00Z,1.285523486627767,19.537,26003.7
2025-10-14T09:30:00Z,1.2817416865146285,19.538,25911.6
2025-10-14T09:45:00Z,1.2814136025251273,19.525,25815.3
2025-10-14T10:00:00Z,1.2932246261471718,19.512,25704.7
2025-10-14T10:15:00Z,1.2984739699791916,19.506,25616.8
2025-10-14T10:30:00Z,1.295676421834557,19.51,25534.1
2025-10-14T10:45:00Z,1.2992853457190705,19.526,25472
2025-10-14T11:00:00Z,1.3061751094985965,19.538,25411.2
2025-10-14T11:15:00Z,1.3046898973119738,19.555,25354.8
2025-10-14T11:30:00Z,1.3086269051859816,19.557,25290.1
2025-10-14T11:45:00Z,1.3096111571544924,19.623,25284.2
2025-10-14T12:00:00Z,1.470855603760505,19.573,25180.8
2025-10-14T12:15:00Z,1.3025485171463274,19.595,25157.1
2025-10-14T12:30:00Z,1.3064855250203493,19.594,25092.7
2025-10-14T12:45:00Z,1.3084540289573567,19.634,25083.5
2025-10-14T13:00:00Z,1.3000790529911939,19.642,25051
2025-10-14T13:15:00Z,1.3027037249072038,19.653,24982.8
2025-10-14T13:30:00Z,1.3050003128337124,19.669,24953.2
2025-10-14T13:45:00Z,1.3092654046972356,19.683,24939
2025-10-14T14:00:00Z,1.3171394204452653,19.686,24904.2
2025-10-14T14:15:00Z,1.3230449322562876,19.691,24861.1
2025-10-14T14:30:00Z,1.3153261242691343,19.705,24831.3
2025-10-14T14:45:00Z,1.3199193001221516,19.709,24811.8
2025-10-14T15:00:00Z,1.3320584077336974,19.686,24736.3
2025-10-14T15:15:00Z,1.3335259514525788,19.68,24703
2025-10-14T15:30:00Z,1.3742083661507394,19.693,24677.2
2025-10-14T15:45:00Z,1.4409646237803884,19.677,24632.8
2025-10-14T16:00:00Z,1.5121588495021712,19.688,24632.6
2025-10-14T16:15:00Z,1.5607152799483686,19.737,24659.5
2025-10-14T16:30:00Z,1.5843373271924577,19.727,24637
2025-10-14T16:45:00Z,1.589741878785354,19.69,24556.3
2025-10-14T17:00:00Z,1.5986001465018944,19.665,24508.1
2025-10-14T17:15:00Z,1.6120515900714452,19.661,24485.4
2025-10-14T17:30:00Z,1.611723506081944,19.715,24539.5
2025-10-14T17:45:00Z,1.6176290178929662,19.697,24493.4
2025-10-14T18:00:00Z,1.6174561416643343,19.689,24454.9
2025-10-14T18:15:00Z,1.6289390812968776,19.706,24442.9
2025-10-14T18:30:00Z,1.6407501049189293,19.718,24418.6
2025-10-14T18:45:00Z,1.637296388795292,19.73,24392.6
2025-10-14T19:00:00Z,1.6282652448501196,19.749,24375.7
2025-10-14T19:15:00Z,1.6269529088921146,19.757,24353.5
2025-10-14T19:30:00Z,1.6205464368629663,19.751,24296.2
2025-10-14T19:45:00Z,1.6177488887183316,19.754,24254.1
2025-10-14T20:00:00Z,1.6193893086658306,19.74,24203.6
2025-10-14T20:15:00Z,1.6243105685083492,19.726,24156
2025-10-14T20:30:00Z,1.630872248298381,19.72,24107.3
2025-10-14T20:45:00Z,1.626106196216739,19.707,24050.2
2025-10-14T21:00:00Z,1.6326678760067637,19.702,24008.2
2025-10-14T21:15:00Z,1.632995959996265,19.704,23972.5
2025-10-14T21:30:00Z,1.6196997241875906,19.705,23938.2
2025-10-14T21:45:00Z,1.6216682281245909,19.701,23893.2
2025-10-14T22:00:00Z,1.6172302600324429,19.698,23850.3
2025-10-14T22:15:00Z,1.617558344021944,19.695,23810.9
2025-10-14T22:30:00Z,1.6221515198749685,19.689,23767.1
2025-10-14T22:45:00Z,1.621495351895966,19.68,23711.9
2025-10-14T23:00:00Z,1.6237919398224747,19.675,23670.1
2025-10-14T23:15:00Z,1.6254323597699738,19.672,23639.3
2025-10-14T23:30:00Z,1.6164012158248156,19.668,23593.5
2025-10-14T23:45:00Z,1.6121361239612995,19.663,23549.6
2025-10-15T00:00:00Z,1.6134484599193044,19.66,23515.1
2025-10-15T00:15:00Z,1.6144327118878081,19.657,23469.7
2025-10-15T00:30:00Z,1.6160731318353143,19.657,23437.5
2025-10-15T00:45:00Z,1.619682055719828,19.654,23400.8
2025-10-15T01:00:00Z,1.6209943916778329,19.651,23367.3
2025-10-15T01:15:00Z,1.6255875675308502,19.644,23341.1
2025-10-15T01:30:00Z,1.623947147583344,19.644,23298.9
2025-10-15T01:45:00Z,1.6249313995518477,19.647,23271.8
2025-10-15T02:00:00Z,1.6268999034888623,19.649,23250.6
2025-10-15T02:15:00Z,1.609666659806166,19.653,23226.5
2025-10-15T02:30:00Z,1.6106509117746697,19.658,23194.8
2025-10-15T02:45:00Z,1.6086824078376623,19.662,23169.4
2025-10-15T03:00:00Z,1.6054015679426499,19.678,23159.3
2025-10-15T03:15:00Z,1.619682055719828,19.665,23124.6
2025-10-15T03:30:00Z,1.6223067276358378,19.658,23093.5
2025-10-15T03:45:00Z,1.6242752315728524,19.662,23068.1
2025-10-15T04:00:00Z,1.6298526593943734,19.668,23054.6
2025-10-15T04:15:00Z,1.6344458352473907,19.671,23023.7
2025-10-15T04:30:00Z,1.6357581712053886,19.678,23007
2025-10-15T04:45:00Z,1.6263989432707362,19.675,22981.3
2025-10-15T05:00:00Z,1.634272959018766,19.681,22965.1
2025-10-15T05:15:00Z,1.6391942188612845,19.691,22949.1
2025-10-15T05:30:00Z,1.6304911589056204,19.697,22931.4
2025-10-15T05:45:00Z,1.6331158308216303,19.697,22914.9
2025-10-15T06:00:00Z,1.631475410874124,19.721,22907.8
2025-10-15T06:15:00Z,1.6217880989499562,19.736,22909.1
2025-10-15T06:30:00Z,1.6276936107609856,19.734,22875.7
2025-10-15T06:45:00Z,1.6273655267714773,19.724,22861.4
2025-10-15T07:00:00Z,1.633599122572008,19.711,22830.2
2025-10-15T07:15:00Z,1.6252241466058521,19.711,22839.7
2025-10-15T07:30:00Z,1.6262083985743487,19.755,22852.1
2025-10-15T07:45:00Z,1.627848818521862,19.752,22849.6
2025-10-15T08:00:00Z,1.6298173224588695,19.757,22831.8
2025-10-15T08:15:00Z,1.6158649186711784,19.755,22818.5
2025-10-15T08:30:00Z,1.618161506597687,19.757,22817.8
2025-10-15T08:45:00Z,1.6158649186711784,19.78,22834.3
2025-10-15T09:00:00Z,1.613896414734171,19.809,22853.8
2025-10-15T09:15:00Z,1.6171772546291763,19.833,22862.3
2025-10-15T09:30:00Z,1.6145525827131664,19.835,22849.5
2025-10-15T09:45:00Z,1.6115998268076623,19.832,22832
2025-10-15T10:00:00Z,1.611271742818161,19.836,22798.9
2025-10-15T10:15:00Z,1.6066785669651367,19.825,22760.5
2025-10-15T10:30:00Z,1.6011011391436156,19.838,22751.2
2025-10-15T10:45:00Z,1.596179879301097,19.844,22723.5
2025-10-15T11:00:00Z,1.596179879301097,19.839,22672.2
2025-10-15T11:15:00Z,1.5912586194585785,19.848,22675.7
2025-10-15T11:30:00Z,1.5846969396685466,19.855,22682.8
2025-10-15T11:45:00Z,1.5794475958365268,19.846,22668.4
2025-10-15T12:00:00Z,1.7521926505428596,19.845,22732.5
2025-10-15T12:15:00Z,1.571418372327635,19.866,22819.3
2025-10-15T12:30:00Z,1.5712631645667585,19.885,22905.9
2025-10-15T12:45:00Z,1.5591240569552056,19.955,23018.3
2025-10-15T13:00:00Z,1.55995310116284,19.987,23062.9
2025-10-15T13:15:00Z,1.5581574734544645,20.016,23094.8
2025-10-15T13:30:00Z,1.5496272897274253,20.028,23094.8
2025-10-15T13:45:00Z,1.567516701389124,20.025,23057.4
2025-10-15T14:00:00Z,1.5716265854917637,20.02,23015.4
2025-10-15T14:15:00Z,1.5653929896912402,20.035,23012.1
2025-10-15T14:30:00Z,1.5754083856049093,20.025,22981
2025-10-15T14:45:00Z,1.5685186218253833,20.006,22951.2
2025-10-15T15:00:00Z,1.5841114455605734,20.109,23073.9
2025-10-15T15:15:00Z,1.5960953454112428,20.146,23084.1
2025-10-15T15:30:00Z,1.5931425895057316,20.151,23057.4
2025-10-15T15:45:00Z,1.5954391774322403,20.144,23019.8
2025-10-15T16:00:00Z,1.5974076813692477,20.133,22962.4
2025-10-15T16:15:00Z,1.599048101316754,20.123,22912.4
2025-10-15T16:30:00Z,1.6010166052537613,20.115,22867
2025-10-15T16:45:00Z,1.6000323532852576,20.112,22837.1
2025-10-15T17:00:00Z,1.6016727732327638,20.107,22792.4
2025-10-15T17:15:00Z,1.6010166052537613,20.101,22763.2
2025-10-15T17:30:00Z,1.6065940330752824,20.101,22726.5
2025-10-15T17:45:00Z,1.6111872089282997,20.098,22689.9
2025-10-15T18:00:00Z,1.6124995448863118,20.112,22690.9
2025-10-15T18:15:00Z,1.6174208047288303,20.22,22804
2025-10-15T18:30:00Z,1.6138118808443096,20.229,22782.9
2025-10-15T18:45:00Z,1.5995313930671315,20.224,22754.7
2025-10-15T19:00:00Z,1.6031403169516523,20.208,22708
2025-10-15T19:15:00Z,1.5885317451849588,20.198,22672.6
2025-10-15T19:30:00Z,1.5891879131639612,20.199,22645.2
2025-10-15T19:45:00Z,1.608389660783672,20.203,22623.9
2025-10-15T20:00:00Z,1.6103581647206724,20.21,22602.8
2025-10-15T20:15:00Z,1.612654752647181,20.222,22599.6
2025-10-15T20:30:00Z,1.616591760521203,20.235,22585.3
2025-10-15T20:45:00Z,1.6036236087020228,20.241,22555.4
2025-10-15T21:00:00Z,1.6049359446600278,20.251,22538
2025-10-15T21:15:00Z,1.6082167845550401,20.257,22522.9
2025-10-15T21:30:00Z,1.5972171366728674,20.26,22501.9
2025-10-15T21:45:00Z,1.6004979765678797,20.258,22474.6
2025-10-15T22:00:00Z,1.6004979765678797,20.254,22447
2025-10-15T22:15:00Z,1.6047630684313958,20.25,22413.8
2025-10-15T22:30:00Z,1.6096843282739144,20.245,22385
2025-10-15T22:45:00Z,1.5990127643812428,20.239,22352.9
2025-10-15T23:00:00Z,1.6096843282739144,20.235,22324.7
2025-10-15T23:15:00Z,1.597700428423238,20.231,22299.7
2025-10-15T23:30:00Z,1.5980285124127391,20.226,22272.8
2025-10-15T23:45:00Z,1.5983565964022404,20.227,22249.3
2025-10-16T00:00:00Z,1.5967161764547413,20.221,22218.6
2025-10-16T00:15:00Z,1.5983565964022404,20.215,22192
2025-10-16T00:30:00Z,1.6003251003392478,20.211,22165.4
2025-10-16T00:45:00Z,1.5947476725177268,20.206,22133.9
2025-10-16T01:00:00Z,1.592451084591218,20.199,22120.8
2025-10-16T01:15:00Z,1.590810664643712,20.196,22084.5
2025-10-16T01:30:00Z,1.590810664643712,20.194,22061.9
2025-10-16T01:45:00Z,1.585561320811692,20.192,22044.8
2025-10-16T02:00:00Z,1.5806400609691735,20.191,22025.5
2025-10-16T02:15:00Z,1.5763749691056503,20.189,22002.8
2025-10-16T02:30:00Z,1.570141373305134,20.186,21984
2025-10-16T02:45:00Z,1.5785163492712968,20.185,21970.9
2025-10-16T03:00:00Z,1.5755635933657857,20.186,21948.2
2025-10-16T03:15:00Z,1.5852509052899464,20.184,21926.3
2025-10-16T03:30:00Z,1.579345393478924,20.185,21908.9
2025-10-16T03:45:00Z,1.5721275457098969,20.186,21894.1
2025-10-16T04:00:00Z,1.5791901857180548,20.187,21881.1
2025-10-16T04:15:00Z,1.5719723379490205,20.188,21860.6
2025-10-16T04:30:00Z,1.5703319180015143,20.189,21848
2025-10-16T04:45:00Z,1.5803473139151762,20.189,21832.1
2025-10-16T05:00:00Z,1.5800192299256821,20.193,21817.2
2025-10-16T05:15:00Z,1.596596305629376,20.195,21800.4
2025-10-16T05:30:00Z,1.5985648095663834,20.199,21793.5
2025-10-16T05:45:00Z,1.6011894814823933,20.2,21776.8
2025-10-16T06:00:00Z,1.6054545733459022,20.205,21771.5
2025-10-16T06:15:00Z,1.6047984053669069,20.209,21764.6
2025-10-16T06:30:00Z,1.5983919333377514,20.213,21754.4
2025-10-16T06:45:00Z,1.6010166052537613,20.219,21741.7
2025-10-16T07:00:00Z,1.602000857222265,20.23,21741.9
2025-10-16T07:15:00Z,1.6039693611592725,20.242,21739.9
2025-10-16T07:30:00Z,1.602000857222265,20.257,21731.8
2025-10-16T07:45:00Z,1.5896888733820944,20.256,21690.6
2025-10-16T08:00:00Z,1.5887046214135907,20.244,21651.7
2025-10-16T08:15:00Z,1.5883765374240895,20.218,21593.5
2025-10-16T08:30:00Z,1.5926416292876056,20.155,21505.2
2025-10-16T08:45:00Z,1.5926416292876056,20.096,21399.4
2025-10-16T09:00:00Z,1.5926416292876056,20.043,21311.3
2025-10-16T09:15:00Z,1.5942820492351117,20.021,21261.2
2025-10-16T09:30:00Z,1.5975628891301241,19.996,21222.6
2025-10-16T09:45:00Z,1.5949382172141142,19.996,21207.7
2025-10-16T10:00:00Z,1.593297797266608,20.031,21239.3
2025-10-16T10:15:00Z,1.5880484534345882,20.082,21314.1
2025-10-16T10:30:00Z,1.582142941623566,20.138,21397.9
2025-10-16T10:45:00Z,1.5745970098650304,20.184,21466.2
2025-10-16T11:00:00Z,1.568363414064514,20.226,21527.3
2025-10-16T11:15:00Z,1.5637702382114895,20.254,21566.4
2025-10-16T11:30:00Z,1.5685362902931317,20.278,21583.3
2025-10-16T11:45:00Z,1.5632869464611119,20.288,21569.9
2025-10-16T12:00:00Z,1.735375833188428,20.294,21549.8
2025-10-16T12:15:00Z,1.5595228148157219,20.304,21532.9
2025-10-16T12:30:00Z,1.5559138909312153,20.316,21533.8
2025-10-16T12:45:00Z,1.5593676070548455,20.334,21538.6
2025-10-16T13:00:00Z,1.5554305991808306,20.353,21550.1
2025-10-16T13:15:00Z,1.5598685672729857,20.371,21575.1
2025-10-16T13:30:00Z,1.5536349714724622,20.392,21601.8
2025-10-16T13:45:00Z,1.5626661154176205,20.407,21610.8
2025-10-16T14:00:00Z,1.5570886875960923,20.414,21614.3
2025-10-16T14:15:00Z,1.5634951596252478,20.426,21611.7
2025-10-16T14:30:00Z,1.555621143877211,20.434,21609.3
2025-10-16T14:45:00Z,1.5516841360032032,20.444,21607.5
2025-10-16T15:00:00Z,1.5633399518643785,20.457,21611.5
2025-10-16T15:15:00Z,1.5567782720743466,20.467,21614.2
2025-10-16T15:30:00Z,1.5664655839985144,20.485,21606.2
2025-10-16T15:45:00Z,1.5664655839985144,20.508,21618.1
2025-10-16T16:00:00Z,1.5638409120825045,20.522,21628.7
2025-10-16T16:15:00Z,1.5735282240066653,20.536,21626.6
2025-10-16T16:30:00Z,1.574512475975169,20.549,21627
2025-10-16T16:45:00Z,1.5709035520906554,20.56,21627.7
2025-10-16T17:00:00Z,1.5712316360801566,20.568,21621.7
2025-10-16T17:15:00Z,1.5738563079961665,20.571,21614.7
2025-10-16T17:30:00Z,1.5741843919856677,20.586,21632.9
2025-10-16T17:45:00Z,1.5764809799121764,20.61,21661.9
2025-10-16T18:00:00Z,1.5735282240066653,20.629,21677.8
2025-10-16T18:15:00Z,1.5768090639016776,20.635,21674.3
2025-10-16T18:30:00Z,1.578777567838685,20.638,21672.1
2025-10-16T18:45:00Z,1.581402239754695,20.637,21654.2
2025-10-16T19:00:00Z,1.5856673316182182,20.636,21639.2
2025-10-16T19:15:00Z,1.5876358355552256,20.634,21621.2
2025-10-16T19:30:00Z,1.5799170275680652,20.638,21610.5
2025-10-16T19:45:00Z,1.5812293635260701,20.638,21596
2025-10-16T20:00:00Z,1.5854944553895862,20.637,21579.7
2025-10-16T20:15:00Z,1.5871348753370924,20.639,21577.3
2025-10-16T20:30:00Z,1.5794160673499391,20.634,21553.6
2025-10-16T20:45:00Z,1.5761352274549267,20.631,21537.5
2025-10-16T21:00:00Z,1.5721982195809119,20.626,21522.3
2025-10-16T21:15:00Z,1.5744948075074205,20.623,21504.4
2025-10-16T21:30:00Z,1.5579177318037267,20.619,21494.3
2025-10-16T21:45:00Z,1.582040739265949,20.613,21474.2
2025-10-16T22:00:00Z,1.5761352274549267,20.603,21445.4
2025-10-16T22:15:00Z,1.5671040835097614,20.596,21425.8
2025-10-16T22:30:00Z,1.5731824715494156,20.592,21404.9
2025-10-16T22:45:00Z,1.5566053958457218,20.588,21391.6
2025-10-16T23:00:00Z,1.5497156320661958,20.586,21368.3
2025-10-16T23:15:00Z,1.5607152799483686,20.584,21359.8
2025-10-16T23:30:00Z,1.5633399518643785,20.583,21346.7
2025-10-16T23:45:00Z,1.5656365397908871,20.582,21330.5
2025-10-17T00:00:00Z,1.5717149278305342,20.574,21314.8
2025-10-17T00:15:00Z,1.5697464238935268,20.567,21290.5
2025-10-17T00:30:00Z,1.5649803718118847,20.558,21273
2025-10-17T00:45:00Z,1.5720430118200355,20.558,21258
2025-10-17T01:00:00Z,1.573027263788532,20.558,21249.9
2025-10-17T01:15:00Z,1.5763081036835516,20.562,21243.3
2025-10-17T01:30:00Z,1.58385403544208,20.565,21234.5
2025-10-17T01:45:00Z,1.5884472112950974,20.565,21235
2025-10-17T02:00:00Z,1.5848382874105837,20.57,21225.2
2025-10-17T02:15:00Z,1.579588943578564,20.571,21214.8
2025-10-17T02:30:00Z,1.5621828236672428,20.572,21209.3
2025-10-17T02:45:00Z,1.5605424037197366,20.575,21206.2
2025-10-17T03:00:00Z,1.5699016316544032,20.578,21202
2025-10-17T03:15:00Z,1.577775647402433,20.58,21193.9
2025-10-17T03:30:00Z,1.5843373271924577,20.583,21200
2025-10-17T03:45:00Z,1.5699016316544032,20.589,21192.1
2025-10-17T04:00:00Z,1.575150975486423,20.591,21177.3
2025-10-17T04:15:00Z,1.5710410913837762,20.593,21173.6
2025-10-17T04:30:00Z,1.5739938472892945,20.591,21177.5
2025-10-17T04:45:00Z,1.5879462510769784,20.591,21168.8
2025-10-17T05:00:00Z,1.584492534953334,20.593,21152.8
2025-10-17T05:15:00Z,1.5917103827223613,20.595,21149.7
2025-10-17T05:30:00Z,1.5923665507013638,20.597,21146.4
2025-10-17T05:45:00Z,1.5836634907456997,20.598,21147.3
2025-10-17T06:00:00Z,1.588256666598717,20.6,21136.7
2025-10-17T06:15:00Z,1.5779131866955538,20.596,21125.4
2025-10-17T06:30:00Z,1.580865942601065,20.59,21119.3
2025-10-17T06:45:00Z,1.5785693546745634,20.584,21108.2
2025-10-17T07:00:00Z,1.5695382107293838,20.619,21162.2
2025-10-17T07:15:00Z,1.57117863067689,20.616,21186.4
2025-10-17T07:30:00Z,1.5747875545614107,20.63,21230.9
2025-10-17T07:45:00Z,1.5813492343514284,20.647,21272.4
2025-10-17T08:00:00Z,1.5865985781834553,20.662,21303.5
2025-10-17T08:15:00Z,1.5808482741333094,20.668,21318.9
2025-10-17T08:30:00Z,1.5778955182277983,20.673,21331.1
2025-10-17T08:45:00Z,1.5838010300388206,20.678,21335
2025-10-17T09:00:00Z,1.5695205422616354,20.693,21346.8
2025-10-17T09:15:00Z,1.567552038324628,20.715,21364.9
2025-10-17T09:30:00Z,1.5698486262511366,20.739,21396.2
2025-10-17T09:45:00Z,1.5598332303374747,20.759,21415.8
2025-10-17T10:00:00Z,1.5526153825684474,20.771,21414.9
2025-10-17T10:15:00Z,1.5542558025159536,20.789,21427.6
2025-10-17T10:30:00Z,1.556224306452961,20.769,21387.2
2025-10-17T10:45:00Z,1.5522872985789462,20.761,21362.5
2025-10-17T11:00:00Z,1.55934993858709,20.765,21370.4
2025-10-17T11:15:00Z,1.5560690986920775,20.77,21390.5
2025-10-17T11:30:00Z,1.5501635868810624,20.774,21403.9
2025-10-17T11:45:00Z,1.5452423270385367,20.778,21432.7
2025-10-17T12:00:00Z,1.7069877338626895,20.781,21438.5
2025-10-17T12:15:00Z,1.530478547510981,20.792,21460.9
2025-10-17T12:30:00Z,1.5326199276766133,20.806,21467.6
2025-10-17T12:45:00Z,1.5263863318760897,20.821,21481.2
2025-10-17T13:00:00Z,1.5334489718842406,20.834,21491.3
2025-10-17T13:15:00Z,1.5265592081047146,20.849,21493.9
2025-10-17T13:30:00Z,1.53296568013387,20.867,21506.9
2025-10-17T13:45:00Z,1.5452776639740478,20.885,21517.2
2025-10-17T14:00:00Z,1.5354351442890106,20.909,21531.5
2025-10-17T14:15:00Z,1.5311700524254874,20.927,21549.2
2025-10-17T14:30:00Z,1.5438101202551735,20.94,21562.9
2025-10-17T14:45:00Z,1.5438101202551735,20.942,21565.5
2025-10-17T15:00:00Z,1.5467628761606846,20.95,21571.8
2025-10-17T15:15:00Z,1.554481684147838,20.956,21573.6
2025-10-17T15:30:00Z,1.5564501880848454,20.962,21577.2
2025-10-17T15:45:00Z,1.5521850962213293,20.971,21584.6
2025-10-17T16:00:00Z,1.543153952276164,20.972,21583.4
2025-10-17T16:15:00Z,1.5567782720743466,20.977,21568.2
2025-10-17T16:30:00Z,1.5525131802108376,20.981,21569
2025-10-17T16:45:00Z,1.553169348189833,20.984,21569.8
2025-10-17T17:00:00Z,1.5551378521268475,20.987,21563
2025-10-17T17:15:00Z,1.5521850962213293,20.992,21563.2
2025-10-17T17:30:00Z,1.5464347921711834,20.994,21562.6
2025-10-17T17:45:00Z,1.5561221040953441,20.996,21557.2
2025-10-17T18:00:00Z,1.5480752121186825,21.004,21558.9
2025-10-17T18:15:00Z,1.5516841360032032,21.012,21564.8
2025-10-17T18:30:00Z,1.5533245559507023,21.02,21568
2025-10-17T18:45:00Z,1.554308807919213,21.032,21580.6
2025-10-17T19:00:00Z,1.556933479835223,21.04,21588.9
2025-10-17T19:15:00Z,1.5608704877092379,21.042,21583.5
2025-10-17T19:30:00Z,1.561198571698739,21.039,21575.6
2025-10-17T19:45:00Z,1.5518393437640725,21.043,21577.2
2025-10-17T20:00:00Z,1.5521674277535737,21.049,21584
2025-10-17T20:15:00Z,1.55380784770108,21.061,21595.2
2025-10-17T20:30:00Z,1.5564325196170898,21.075,21607.1
2025-10-17T20:45:00Z,1.5454328717349242,21.078,21603.6
2025-10-17T21:00:00Z,1.5447767037559217,21.073,21606.5
2025-10-17T21:15:00Z,1.5490417956194378,21.069,21592.7
2025-10-17T21:30:00Z,1.5477294596614328,21.064,21584.9
2025-10-17T21:45:00Z,1.545104787745423,21.062,21578.8
2025-10-17T22:00:00Z,1.5477294596614328,21.059,21574.6
2025-10-17T22:15:00Z,1.5454328717349242,21.061,21581.6
2025-10-17T22:30:00Z,1.549369879608939,21.056,21556.6
2025-10-17T22:45:00Z,1.5503541315774427,21.048,21552.4
2025-10-17T23:00:00Z,1.5542911394514647,21.051,21546.9
2025-10-17T23:15:00Z,1.5526507195039514,21.051,21541.1
2025-10-17T23:30:00Z,1.5556034754094625,21.05,21533.5
2025-10-17T23:45:00Z,1.5526507195039514,21.052,21521.7
2025-10-18T00:00:00Z,1.547556583432801,21.053,20986.2
2025-10-18T00:15:00Z,1.5485408354013046,21.053,20976.5
2025-10-18T00:30:00Z,1.553134011254322,21.053,20877.1
2025-10-18T00:45:00Z,1.5537901792333244,21.055,20868.8
2025-10-18T01:00:00Z,1.553134011254322,21.053,20862.4
2025-10-18T01:15:00Z,1.541806279382655,21.047,20842.7
2025-10-18T01:30:00Z,1.5434466993301612,21.047,20829.1
2025-10-18T01:45:00Z,1.5434466993301612,21.046,20814.6
2025-10-18T02:00:00Z,1.5411501114036525,21.052,20808.6
2025-10-18T02:15:00Z,1.5395096914561464,21.059,20760.4
2025-10-18T02:30:00Z,1.5431186153406529,21.061,20759
2025-10-18T02:45:00Z,1.5424624473616575,21.065,20756.8
2025-10-18T03:00:00Z,1.5427905313511587,21.066,20753.3
2025-10-18T03:15:00Z,1.5437747833196624,21.064,20746.6
2025-10-18T03:30:00Z,1.5457432872566628,21.059,20727.9
2025-10-18T03:45:00Z,1.544430951298665,21.06,20729.9
2025-10-18T04:00:00Z,1.5427905313511587,21.066,20736.8
2025-10-18T04:15:00Z,1.5496802951306847,21.073,20742.5
2025-10-18T04:30:00Z,1.5552577229522058,21.076,20750.9
2025-10-18T04:45:00Z,1.5595228148157219,21.079,20711.6
2025-10-18T05:00:00Z,1.5595228148157219,21.078,20704.1
2025-10-18T05:15:00Z,1.5547567627340797,21.073,20665.6
2025-10-18T05:30:00Z,1.558037602629092,21.079,20675.2
2025-10-18T05:45:00Z,1.5513030466104425,21.085,20663.1
2025-10-18T06:00:00Z,1.5545838865054549,21.093,20663.9
2025-10-18T06:15:00Z,1.5499907106524375,21.229,20810.3
2025-10-18T06:30:00Z,1.544896574581287,21.259,20850.2
2025-10-18T06:45:00Z,1.5511301703818106,21.224,20835.3
2025-10-18T07:00:00Z,1.5593322701193486,21.201,20847.9
2025-10-18T07:15:00Z,1.5655658659198721,21.187,20846.9
2025-10-18T07:30:00Z,1.563752569743734,21.183,20823.2
2025-10-18T07:45:00Z,1.5670334096387464,21.178,20711.6
2025-10-18T08:00:00Z,1.5589865176620847,21.174,20691.1
2025-10-18T08:15:00Z,1.5463464498324129,21.172,20645.2
2025-10-18T08:30:00Z,1.550611541695936,21.166,20631.6
2025-10-18T08:45:00Z,1.5428927337087686,21.165,20610.1
2025-10-18T09:00:00Z,1.5471578255722918,21.167,20606.8
2025-10-18T09:15:00Z,1.5497824974883017,21.167,20593.5
2025-10-18T09:30:00Z,1.5553599253098227,21.173,20588.9
2025-10-18T09:45:00Z,1.5450164454066453,21.18,20587.1
2025-10-18T10:00:00Z,1.54436027742765,21.182,20585.8
2025-10-18T10:15:00Z,1.54436027742765,21.194,20583.2
2025-10-18T10:30:00Z,1.5307359576294672,21.194,20582.9
2025-10-18T10:45:00Z,1.5245023618289508,21.198,20577.9
2025-10-18T11:00:00Z,1.52089343794443,21.215,20594.8
2025-10-18T11:15:00Z,1.5169564300704153,21.231,20612.9
2025-10-18T11:30:00Z,1.5103947502803905,21.248,20596
2025-10-18T11:45:00Z,1.5164731383200376,21.25,20594.4
2025-10-18T12:00:00Z,1.681827469028697,21.26,20611.1
2025-10-18T12:15:00Z,1.5072867866139958,21.268,20619.1
2025-10-18T12:30:00Z,1.51336517465365,21.278,20632.6
2025-10-18T12:45:00Z,1.5127090066746476,21.285,20645.3
2025-10-18T13:00:00Z,1.5054911589056204,21.292,20641.8
2025-10-18T13:15:00Z,1.5141942188612845,21.306,20653.1
2025-10-18T13:30:00Z,1.5086167910397634,21.321,20667.4
2025-10-18T13:45:00Z,1.5050078671552427,21.335,20663.9
2025-10-18T14:00:00Z,1.5176479349849217,21.349,20673.1
2025-10-18T14:15:00Z,1.5143670950899093,21.354,20675.7
2025-10-18T14:30:00Z,1.5240544070140771,21.372,20676.2
2025-10-18T14:45:00Z,1.5224139870665638,21.39,20665.7
2025-10-18T15:00:00Z,1.5188050631820573,21.412,20681.5
2025-10-18T15:15:00Z,1.5191331471715515,21.42,20687.5
2025-10-18T15:30:00Z,1.5132276353605363,21.43,20664.4
2025-10-18T15:45:00Z,1.511587215413023,21.43,20659.2
2025-10-18T16:00:00Z,1.5076502075390081,21.43,20657.4
2025-10-18T16:15:00Z,1.5196341073896846,21.442,20659.8
2025-10-18T16:30:00Z,1.5176656034526772,21.42,20636.7
2025-10-18T16:45:00Z,1.5179936874421784,21.438,20646.6
2025-10-18T17:00:00Z,1.5189779394106822,21.446,20649.6
2025-10-18T17:15:00Z,1.518649855421181,21.451,20643.6
2025-10-18T17:30:00Z,1.5170094354736747,21.449,20635.5
2025-10-18T17:45:00Z,1.5258677031902081,21.451,20634.8
2025-10-18T18:00:00Z,1.5307889630327267,21.441,20616.6
2025-10-18T18:15:00Z,1.5360383068647465,21.444,20624.8
2025-10-18T18:30:00Z,1.5425999866547784,21.452,20627.3
2025-10-18T18:45:00Z,1.543584238623282,21.453,20602.8
2025-10-18T19:00:00Z,1.5312722547831044,21.464,20610.3
2025-10-18T19:15:00Z,1.5206006908904328,21.476,20627.3
2025-10-18T19:30:00Z,1.5245376987644477,21.476,20617.7
2025-10-18T19:45:00Z,1.52781853865946,21.472,20605.4
2025-10-18T20:00:00Z,1.531755546533482,21.477,20621.2
2025-10-18T20:15:00Z,1.5250209905148253,21.48,20625.8
2025-10-18T20:30:00Z,1.525677158493835,21.495,20629.4
2025-10-18T20:45:00Z,1.5296141663678426,21.502,20631.2
2025-10-18T21:00:00Z,1.5263333264728374,21.514,20638.6
2025-10-18T21:15:00Z,1.5143494266221609,21.529,20645
2025-10-18T21:30:00Z,1.5123809226851463,21.533,20654.7
2025-10-18T21:45:00Z,1.5120528386956522,21.544,20660.7
2025-10-18T22:00:00Z,1.5074596628426278,21.549,20662.9
2025-10-18T22:15:00Z,1.5113966707166426,21.55,20626.4
2025-10-18T22:30:00Z,1.5113966707166426,21.547,20614
2025-10-18T22:45:00Z,1.5110685867271414,21.546,20607.9
2025-10-18T23:00:00Z,1.5110685867271414,21.549,20602.2
2025-10-18T23:15:00Z,1.5071315788531265,21.554,20606.6
2025-10-18T23:30:00Z,1.503522654968613,21.558,20601.6
2025-10-18T23:45:00Z,1.5015541510316055,21.553,20593.9
2025-10-19T00:00:00Z,1.4979452271470919,21.55,20575.9
2025-10-19T00:15:00Z,1.5096010430082671,21.547,20553.4
2025-10-19T00:30:00Z,1.5128818829032795,21.544,20524.4
2025-10-19T00:45:00Z,1.5128818829032795,21.54,20508
2025-10-19T01:00:00Z,1.5155065548192894,21.542,20499.1
2025-10-19T01:15:00Z,1.512225714924277,21.542,20483.2
2025-10-19T01:30:00Z,1.509272959018766,21.545,20480.5
2025-10-19T01:45:00Z,1.5046797831657486,21.541,20475
2025-10-19T02:00:00Z,1.5033674472077436,21.535,20461.2
2025-10-19T02:15:00Z,1.505335951144751,21.532,20453.4
2025-10-19T02:30:00Z,1.5033674472077436,21.541,20453.6
2025-10-19T02:45:00Z,1.512726675142403,21.534,20432.1
2025-10-19T03:00:00Z,1.5101020032263932,21.537,20429
2025-10-19T03:15:00Z,1.50846158327888,21.543,20399.9
2025-10-19T03:30:00Z,1.5064930793418725,21.545,20398.9
2025-10-19T03:45:00Z,1.5101020032263932,21.543,20394.7
2025-10-19T04:00:00Z,1.5101020032263932,21.552,20382.9
2025-10-19T04:15:00Z,1.515351347058413,21.559,20382.9
2025-10-19T04:30:00Z,1.5199445229114303,21.555,20383
2025-10-19T04:45:00Z,1.523553446795944,21.558,20376.9
2025-10-19T05:00:00Z,1.522241110837939,21.566,20377.7
2025-10-19T05:15:00Z,1.5245376987644477,21.563,20373.1
2025-10-19T05:30:00Z,1.5181312267352993,21.563,20336
2025-10-19T05:45:00Z,1.5207558986513163,21.565,20341.9
2025-10-19T06:00:00Z,1.5276456624308352,21.57,20343.1
2025-10-19T06:15:00Z,1.5299422503573439,21.587,20355.4
2025-10-19T06:30:00Z,1.5322388382838525,21.647,20406.8
2025-10-19T06:45:00Z,1.526816618223208,21.638,20413.1
2025-10-19T07:00:00Z,1.531081710086724,21.586,20342.6
2025-10-19T07:15:00Z,1.526643741994576,21.546,20299.2
2025-10-19T07:30:00Z,1.530908833858092,21.516,20258.6
2025-10-19T07:45:00Z,1.5241742778394496,21.48,20213.8
2025-10-19T08:00:00Z,1.5327044615664818,21.468,20163.7
2025-10-19T08:15:00Z,1.531720209597978,21.472,20129.6
2025-10-19T08:30:00Z,1.5289226614533291,21.474,20096.8
2025-10-19T08:45:00Z,1.527282241505823,21.467,20058.7
2025-10-19T09:00:00Z,1.521203853466183,21.462,20022.3
2025-10-19T09:15:00Z,1.521203853466183,21.471,19995.7
2025-10-19T09:30:00Z,1.505939113720487,21.474,19971.2
2025-10-19T09:45:00Z,1.5082357016469956,21.482,19956.9
2025-10-19T10:00:00Z,1.5006897698884671,21.506,19960
2025-10-19T10:15:00Z,1.496424678024951,21.537,19972.9
2025-10-19T10:30:00Z,1.4957685100459486,21.568,19977
2025-10-19T10:45:00Z,1.4954404260564473,21.596,19992.1
2025-10-19T11:00:00Z,1.4911753341929241,21.63,20008.9
2025-10-19T11:15:00Z,1.49659755425359,21.634,19990.9
2025-10-19T11:30:00Z,1.488395454516052,21.662,20007.7
2025-10-19T11:45:00Z,1.4778967668520124,21.662,19992.7
2025-10-19T12:00:00Z,1.6425949295816693,21.658,19968
2025-10-19T12:15:00Z,1.476757307122618,21.685,19982.7
2025-10-19T12:30:00Z,1.469867543343092,21.689,19974.9
2025-10-19T12:45:00Z,1.4798829392567683,21.746,20004.4
2025-10-19T13:00:00Z,1.4859613272964154,21.781,20014.7
2025-10-19T13:15:00Z,1.480055815485386,21.783,19992.5
2025-10-19T13:30:00Z,1.487118455493551,21.811,19977.3
2025-10-19T13:45:00Z,1.4821971956510325,21.827,19986.4
2025-10-19T14:00:00Z,1.4835095316090303,21.841,19979.5
2025-10-19T14:15:00Z,1.490244087627687,21.848,19962.4
2025-10-19T14:30:00Z,1.4892598356591833,21.843,19945.9
2025-10-19T14:45:00Z,1.4892598356591833,21.831,19911.6
2025-10-19T15:00:00Z,1.4836824078376623,21.823,19876.2
2025-10-19T15:15:00Z,1.4826981558691585,21.823,19858.1
2025-10-19T15:30:00Z,1.4797453999636474,21.867,19882.3
2025-10-19T15:45:00Z,1.4818867801292797,22.02,19969.1
2025-10-19T16:00:00Z,1.4786059402342602,22.028,19869.5
2025-10-19T16:15:00Z,1.4792621082132698,21.991,19789.9
2025-10-19T16:30:00Z,1.478277856244759,21.963,19732.5
2025-10-19T16:45:00Z,1.4779497722552577,21.941,20045.4
2025-10-19T17:00:00Z,1.486980916200423,21.93,19671.4
2025-10-19T17:15:00Z,1.4859966642319264,21.928,20000.1
2025-10-19T17:30:00Z,1.490917924074445,21.93,19983.8
2025-10-19T17:45:00Z,1.4886213361479363,21.937,19969.1
2025-10-19T18:00:00Z,1.4905898400849438,21.966,19983.8
2025-10-19T18:15:00Z,1.4922302600324429,22.092,20074.3
2025-10-19T18:30:00Z,1.4981357718434722,22.098,19994.8
2025-10-19T18:45:00Z,1.502072779717487,22.072,19917.2
2025-10-19T19:00:00Z,1.5050255356229982,22.054,19857.4
2025-10-19T19:15:00Z,1.4992752315728524,22.053,19826.8
2025-10-19T19:30:00Z,1.5005875675308502,22.071,19819
2025-10-19T19:45:00Z,1.5028841554573589,22.094,19823.1
2025-10-19T20:00:00Z,1.4869632477326746,22.111,19819.1
2025-10-19T20:15:00Z,1.4895879196486845,22.12,19810.1
2025-10-19T20:30:00Z,1.4912283395961907,22.127,19795.7
2025-10-19T20:45:00Z,1.4828533636300278,22.124,19779.1
2025-10-19T21:00:00Z,1.4964776834282105,22.125,19753
2025-10-19T21:15:00Z,1.498446187365225,22.115,19725.4
2025-10-19T21:30:00Z,1.4930239673045733,22.105,19701.2
2025-10-19T21:45:00Z,1.496632891189087,22.098,19666.6
2025-10-19T22:00:00Z,1.4933520512940746,22.09,19640.5
2025-10-19T22:15:00Z,1.494008219273077,22.083,19615.9
2025-10-19T22:30:00Z,1.4843209073489092,22.074,19594.4
2025-10-19T22:45:00Z,1.4856332433069142,22.076,19578.9
2025-10-19T23:00:00Z,1.480055815485386,22.08,19569.5
2025-10-19T23:15:00Z,1.4790715635168894,22.079,19556.3
2025-10-19T23:30:00Z,1.4764468916008795,22.078,19540.1
2025-10-19T23:45:00Z,1.4708694637793585,22.083,19527.2
2025-10-20T00:00:00Z,1.4666043719158353,22.085,19517.8
2025-10-20T00:15:00Z,1.4666043719158353,22.083,19502.5
2025-10-20T00:30:00Z,1.4805567757035192,22.078,19485.7
2025-10-20T00:45:00Z,1.4799006077245167,22.076,19477.3
2025-10-20T01:00:00Z,1.497133851407213,22.071,19458
2025-10-20T01:15:00Z,1.4861342035250402,22.074,19448.4
2025-10-20T01:30:00Z,1.4844937835775411,22.077,19446.2
2025-10-20T01:45:00Z,1.4828533636300278,22.072,19424.4
2025-10-20T02:00:00Z,1.4785882717665118,22.076,19426.2
2025-10-20T02:15:00Z,1.4716985079869858,22.091,19434.2
2025-10-20T02:30:00Z,1.4726827599554895,22.1,19425.7
2025-10-20T02:45:00Z,1.472026591976487,22.102,19410.6
2025-10-20T03:00:00Z,1.485978995764171,22.102,19402.8
2025-10-20T03:15:00Z,1.4849947437956672,22.112,19400.3
2025-10-20T03:30:00Z,1.4863070797536722,22.118,19397.7
2025-10-20T03:45:00Z,1.490244087627687,22.118,19382.8
2025-10-20T04:00:00Z,1.48154102767203,22.12,19375.1
2025-10-20T04:15:00Z,1.4961495994387164,22.122,19366.6
2025-10-20T04:30:00Z,1.492695883315072,22.119,19360.6
2025-10-20T04:45:00Z,1.495320555231082,22.112,19342.9
2025-10-20T05:00:00Z,1.5051630749161191,22.106,19323.9
2025-10-20T05:15:00Z,1.5045069069371166,22.107,19321.1
2025-10-20T05:30:00Z,1.4961319309709538,22.125,19328.8
2025-10-20T05:45:00Z,1.49514767900245,22.131,19340.8
2025-10-20T06:00:00Z,1.4854603670782893,22.13,19330.3
2025-10-20T06:15:00Z,1.4841480311202844,22.147,19311.9
2025-10-20T06:30:00Z,1.48906929096281,22.144,19278.3
2025-10-20T06:45:00Z,1.4926782148473166,22.09,19164.2
2025-10-20T07:00:00Z,1.4948019265451933,21.998,18942.1
2025-10-20T07:15:00Z,1.5030040262827242,21.958,18797.1
2025-10-20T07:30:00Z,1.509565706072749,21.907,18681
2025-10-20T07:45:00Z,1.5171116378312774,21.895,18615.7
2025-10-20T08:00:00Z,1.5093928298441384,21.872,18555.6
2025-10-20T08:15:00Z,1.4983931819619585,21.845,18495.1
2025-10-20T08:30:00Z,1.5010178538779684,21.847,18471.3
2025-10-20T08:45:00Z,1.4939552138698176,21.857,18454.4
2025-10-20T09:00:00Z,1.4992045577018374,21.849,18419.1
2025-10-20T09:15:00Z,1.49723605376483,21.838,18385.6
2025-10-20T09:30:00Z,1.484595985935151,21.836,18354.6
2025-10-20T09:45:00Z,1.4803308940716349,21.85,18337.4
2025-10-20T10:00:00Z,1.4740972982711043,21.861,18312
2025-10-20T10:15:00Z,1.4698322064075953,21.891,18308.9
2025-10-20T10:30:00Z,1.4639266945965659,21.935,18337.6
2025-10-20T10:45:00Z,1.461302022680556,21.977,18361.2
2025-10-20T11:00:00Z,1.4573650148065411,22.003,18375.9
2025-10-20T11:15:00Z,1.461474898909188,22.012,18365.9
2025-10-20T11:30:00Z,1.4581940590141684,22.018,18347.3
2025-10-20T11:45:00Z,1.4532727991716499,22.012,18319.3
2025-10-20T12:00:00Z,1.6247055179199563,22.023,18316.1
2025-10-20T12:15:00Z,1.4439312397047388,22.06,18353.5
2025-10-20T12:30:00Z,1.4367133919357116,22.105,18392.4
2025-10-20T12:45:00Z,1.4418075280068692,22.142,18425.8
2025-10-20T13:00:00Z,1.450510587962519,22.205,18470.7
2025-10-20T13:15:00Z,1.4559328080231708,22.247,18480.4
2025-10-20T13:30:00Z,1.4523238841386572,22.288,18501.6
2025-10-20T13:45:00Z,1.4623392800523192,22.327,18545.1
2025-10-20T14:00:00Z,1.4577461041993018,22.368,18574.2
2025-10-20T14:15:00Z,1.4570899362202994,22.388,18596.8
2025-10-20T14:30:00Z,1.4564337682412969,22.403,18611.7
2025-10-20T14:45:00Z,1.4554495162727932,22.413,18614.5
2025-10-20T15:00:00Z,1.4684176680919734,22.452,18649
2025-10-20T15:15:00Z,1.4648087442074598,22.472,18662.7
2025-10-20T15:30:00Z,1.465136828196961,22.464,18634.3
2025-10-20T15:45:00Z,1.4508563404197758,22.452,18603.6
2025-10-20T16:00:00Z,1.4502001724407734,22.485,18612.3
2025-10-20T16:15:00Z,1.4575908964384325,22.529,18644
2025-10-20T16:30:00Z,1.461199820322939,22.51,18602.5
2025-10-20T16:45:00Z,1.45955940037544,22.542,18631.2
2025-10-20T17:00:00Z,1.4598874843649412,22.565,18658.6
2025-10-20T17:15:00Z,1.4618559883019486,22.603,18684.7
2025-10-20T17:30:00Z,1.4631683242599536,22.602,18675.6
2025-10-20T17:45:00Z,1.4657929961759635,22.587,18664.1
2025-10-20T18:00:00Z,1.465136828196961,22.611,18644.9
2025-10-20T18:15:00Z,1.4567618522307981,22.595,18615.4
2025-10-20T18:30:00Z,1.4603707761153117,22.592,18597.6
2025-10-20T18:45:00Z,1.4636516160103241,22.612,18547.4
2025-10-20T19:00:00Z,1.4734941356953684,22.607,18521.8
2025-10-20T19:15:00Z,1.4751345556428674,22.59,18496.6
2025-10-20T19:30:00Z,1.4641349077607089,22.575,18448.5
2025-10-20T19:45:00Z,1.4690561676032274,22.585,18425.5
2025-10-20T20:00:00Z,1.4570722677525367,22.578,18397.6
2025-10-20T20:15:00Z,1.4626496955740649,22.557,18354.3
2025-10-20T20:30:00Z,1.4633058635530674,22.541,18308.9
2025-10-20T20:45:00Z,1.4603531076475562,22.575,18313.3
2025-10-20T21:00:00Z,1.453946635618415,22.597,18206.4
2025-10-20T21:15:00Z,1.453946635618415,22.581,18095.8
2025-10-20T21:30:00Z,1.4618206513664447,22.595,18073.2
2025-10-20T21:45:00Z,1.4631329873244496,22.599,18056.1
2025-10-20T22:00:00Z,1.467726163177467,22.592,17991.1
2025-10-20T22:15:00Z,1.4696946671144815,22.551,17886.5
2025-10-20T22:30:00Z,1.4616477751378056,22.499,17798
2025-10-20T22:45:00Z,1.463288195085319,22.462,17723.4
2025-10-20T23:00:00Z,1.4554141793372892,22.43,17662.1
2025-10-20T23:15:00Z,1.4514771714632673,22.4,17599.5
2025-10-20T23:30:00Z,1.4408056075706028,22.377,17547
2025-10-20T23:45:00Z,1.4358843477280843,22.366,17506.5
2025-10-21T00:00:00Z,1.4462278276312475,22.367,17475.2
2025-10-21T00:15:00Z,1.449836751515761,22.352,17432.4
2025-10-21T00:30:00Z,1.4680542471669682,22.354,17409.2
2025-10-21T00:45:00Z,1.4700227511039756,22.356,17388.4
2025-10-21T01:00:00Z,1.4739597589779976,22.359,17366.7
2025-10-21T01:15:00Z,1.4673980791879657,22.371,17354
2025-10-21T01:30:00Z,1.4531175914107735,22.379,17341.7
2025-10-21T01:45:00Z,1.4491805835367586,22.385,17327.9
2025-10-21T02:00:00Z,1.4316192558645682,22.389,17314.6
2025-10-21T02:15:00Z,1.4426189037467338,22.4,17300.2
2025-10-21T02:30:00Z,1.4409784837992277,22.402,17278.2
2025-10-21T02:45:00Z,1.4480411238073927,22.406,17263.4
2025-10-21T03:00:00Z,1.4467287878493877,22.399,17230.8
2025-10-21T03:15:00Z,1.4441041159333778,22.398,17212.2
2025-10-21T03:30:00Z,1.4424636959858717,22.4,17190.6
2025-10-21T03:45:00Z,1.4421356119963704,22.403,17175
2025-10-21T04:00:00Z,1.4537914278575315,22.397,17148.6
2025-10-21T04:15:00Z,1.45871268770005,22.389,17123.2
2025-10-21T04:30:00Z,1.4606811916370575,22.384,17095.1
2025-10-21T04:45:00Z,1.4619935275950624,22.379,17071.6
2025-10-21T05:00:00Z,1.4636339475425686,22.369,17046.9
2025-10-21T05:15:00Z,1.4636339475425686,22.362,17018.5
2025-10-21T05:30:00Z,1.45263429966041,22.35,16983.6
2025-10-21T05:45:00Z,1.4509938797128967,22.349,16967
2025-10-21T06:00:00Z,1.4490253757758964,22.326,16933.1
2025-10-21T06:15:00Z,1.4473849558283902,22.329,16910.5
2025-10-21T06:30:00Z,1.4503377117339014,22.329,16890.4
2025-10-21T06:45:00Z,1.4519781316814075,22.323,16789.7
2025-10-21T07:00:00Z,1.4636339475425686,22.331,16661.9
2025-10-21T07:15:00Z,1.4685552073850872,22.304,16564.7
2025-10-21T07:30:00Z,1.4641172392929604,22.27,16490.8
2025-10-21T07:45:00Z,1.4664138272194691,22.221,16402.9
2025-10-21T08:00:00Z,1.4693665831249803,22.205,16362.7
2025-10-21T08:15:00Z,1.4756001789254967,22.21,16339.1
2025-10-21T08:30:00Z,1.4659128670013288,22.183,16295.2
2025-10-21T08:45:00Z,1.4750992187073635,22.166,16243.2
2025-10-21T09:00:00Z,1.4721464628018524,22.136,16202.1
2025-10-21T09:15:00Z,1.46886562290684,22.115,16149.8
2025-10-21T09:30:00Z,1.4595063949721805,22.078,16096.9
2025-10-21T09:45:00Z,1.4608187309301854,22.049,16054.1
2025-10-21T10:00:00Z,1.454585135129662,22.061,16051.5
2025-10-21T10:15:00Z,1.4526166311926474,22.089,16059.8
2025-10-21T10:30:00Z,1.44802345533963,22.16,16106.6
2025-10-21T10:45:00Z,1.4427741115076103,22.194,16054.4
2025-10-21T11:00:00Z,1.4362124317175855,22.167,15780.9
2025-10-21T11:15:00Z,1.4465559116207487,22.018,15611.1
2025-10-21T11:30:00Z,1.4403223158202252,21.916,15488.8
2025-10-21T11:45:00Z,1.4327763840616967,21.848,15394.2
2025-10-21T12:00:00Z,1.5971464628018524,21.761,15292.8
2025-10-21T12:00:00Z,1.5971464628018524,21.761,15292.8
2025-10-21T12:15:00Z,1.429340336405815,21.752,15260.4
2025-10-21T12:30:00Z,1.4327940525294451,21.795,15264.8
2025-10-21T12:45:00Z,1.4291851286449315,21.855,15305.7
2025-10-21T13:00:00Z,1.4280456689155585,21.916,15342.7
2025-10-21T13:15:00Z,1.4311713010496945,21.978,15381.6
2025-10-21T13:30:00Z,1.4170636895011341,22.044,15423.8
2025-10-21T13:45:00Z,1.4241263295092992,22.085,15454.1
2025-10-21T14:00:00Z,1.4149399778032574,22.156,15498.3
2025-10-21T14:15:00Z,1.424299205737924,22.233,15554.2
2025-10-21T14:30:00Z,1.4323460977145785,22.296,15596.8
2025-10-21T14:45:00Z,1.4267686698930575,22.369,15616.2
2025-10-21T15:00:00Z,1.4277529218615612,22.416,15680.9
2025-10-21T15:15:00Z,1.436127897827724,22.425,15700.7
2025-10-21T15:30:00Z,1.4338313099012154,22.415,15678.9
2025-10-21T15:45:00Z,1.4338313099012154,22.424,15665.7
2025-10-21T16:00:00Z,1.4266134621321882,22.414,15634
2025-10-21T16:15:00Z,1.4226764542581662,22.424,15616.6
2025-10-21T16:30:00Z,1.4275977141006848,22.44,15622.9
2025-10-21T16:45:00Z,1.4235054984658007,22.453,15653.4
2025-10-21T17:00:00Z,1.4435186218253833,22.488,15702.9
2025-10-21T17:15:00Z,1.4372850260248597,22.509,15751.7
2025-10-21T17:30:00Z,1.4231774144762994,22.557,15503.3
2025-10-21T17:45:00Z,1.43925352996186,22.57,15493.1
2025-10-21T18:00:00Z,1.4405658659198721,22.542,15439.7
2025-10-21T18:15:00Z,1.4541901857180548,22.519,15386.3
2025-10-21T18:30:00Z,1.4617361174765833,22.461,15299.8
2025-10-21T18:45:00Z,1.4520488055524154,22.416,15222.5
2025-10-21T19:00:00Z,1.459594737310951,22.428,15140.2
2025-10-21T19:15:00Z,1.450891677355287,22.388,15075.8
2025-10-21T19:30:00Z,1.4541725172502922,22.32,14964.2
2025-10-21T19:45:00Z,1.4415324494206132,22.281,14878.8
2025-10-21T20:00:00Z,1.4415324494206132,22.303,14840
2025-10-21T20:15:00Z,1.4395639454836129,22.353,14829.5
2025-10-21T20:30:00Z,1.438579693515102,22.404,14819.7
2025-10-21T20:45:00Z,1.4415324494206132,22.442,14792.8
2025-10-21T21:00:00Z,1.4395639454836129,22.464,14763.2
2025-10-21T21:15:00Z,1.4441571213366302,22.472,14724
2025-10-21T21:30:00Z,1.4500626331476525,22.44,14654.5
2025-10-21T21:45:00Z,1.451046885116149,22.363,14541
2025-10-21T22:00:00Z,1.4553119769796723,22.311,14455.6
2025-10-21T22:15:00Z,1.4416876571814967,22.261,14375.1
2025-10-21T22:30:00Z,1.4452965810660103,22.215,14302.4
2025-10-21T22:45:00Z,1.4436561611185041,22.166,14234
2025-10-21T23:00:00Z,1.444968497076509,22.135,14182.7
2025-10-21T23:15:00Z,1.4485774209610227,22.105,14126
2025-10-21T23:30:00Z,1.4485774209610227,22.086,14081.4
2025-10-21T23:45:00Z,1.4548110167615462,22.079,14050.5
2025-10-22T00:00:00Z,1.4485774209610227,22.082,14024.1
2025-10-22T00:15:00Z,1.446280833034514,22.081,13995.3
2025-10-22T00:30:00Z,1.4485774209610227,22.075,13962.2
2025-10-22T00:45:00Z,1.4369216050998475,22.071,13926
2025-10-22T01:00:00Z,1.4446404130870079,22.082,13902.9
2025-10-22T01:15:00Z,1.4479212529820202,22.086,13872.7
2025-10-22T01:30:00Z,1.4390629852654868,22.085,13838.8
2025-10-22T01:45:00Z,1.438078733296983,22.085,13798.6
2025-10-22T02:00:00Z,1.4429999931395017,22.085,13762.4
2025-10-22T02:15:00Z,1.4344698094124624,22.095,13736
2025-10-22T02:30:00Z,1.433813641433467,22.095,13707.7
2025-10-22T02:45:00Z,1.4279081296224447,22.096,13680.4
2025-10-22T03:00:00Z,1.426923877653934,22.107,13648.4
2025-10-22T03:15:00Z,1.436438313349477,22.097,13603.2
2025-10-22T03:30:00Z,1.4602332368221909,22.106,13581.6
2025-10-22T03:45:00Z,1.4751698925783785,22.115,13556.6
2025-10-22T04:00:00Z,1.4694195885282326,22.132,13546.7
2025-10-22T04:15:00Z,1.4625298247486995,22.117,13513.1
2025-10-22T04:30:00Z,1.448905504950524,22.09,13470.2
2025-10-22T04:45:00Z,1.4408586129738623,22.075,13436.7
2025-10-22T05:00:00Z,1.4497168806904028,22.088,13427.4
2025-10-22T05:15:00Z,1.4602155683544424,22.098,13417.5
2025-10-22T05:30:00Z,1.4628402402704523,22.094,13401.4
2025-10-22T05:45:00Z,1.4654649121864622,22.085,13376.1
2025-10-22T06:00:00Z,1.4557776002622944,22.073,13358.4
2025-10-22T06:15:00Z,1.4652920359578374,22.082,13346.1
2025-10-22T06:30:00Z,1.4552766400441683,22.076,13320.9
2025-10-22T06:45:00Z,1.4647910757397113,22.068,13301.2
2025-10-22T07:00:00Z,1.458885563928689,22.055,13273.2
2025-10-22T07:15:00Z,1.4634787397816993,22.029,13235.7
2025-10-22T07:30:00Z,1.4616654436055612,21.962,13165.8
2025-10-22T07:45:00Z,1.459524063439936,21.837,13054.9
2025-10-22T08:00:00Z,1.4611644833874422,21.794,12991.3
2025-10-22T08:15:00Z,1.4644453232824546,21.766,12955.8
2025-10-22T08:30:00Z,1.470678919082978,21.733,12907.5
2025-10-22T08:45:00Z,1.4616477751378056,21.685,12858.5
2025-10-22T09:00:00Z,1.4659128670013288,21.633,12806.3
2025-10-22T09:15:00Z,1.48822257828742,21.04,841.7
2025-10-22T09:30:00Z,1.4624591508776916,21.539,1010.2
2025-10-22T09:45:00Z,1.4516323792241508,21.834,1025.7
2025-10-22T10:00:00Z,1.4503200432661387,22.022,1034.6
2025-10-22T10:15:00Z,1.4431021954971115,22.152,1040.4
2025-10-22T10:30:00Z,1.4345720117700793,22.237,1043.5
2025-10-22T10:45:00Z,1.4306350038960645,22.295,1045.5
2025-10-22T11:00:00Z,1.4263699120325484,22.343,1047
2025-10-22T11:15:00Z,1.4257137440535388,22.373,1047.6
2025-10-22T11:30:00Z,1.426542788261166,22.387,1047.2
2025-10-22T11:45:00Z,1.427527040229677,22.281,1039.2
2025-10-22T12:00:00Z,1.6124112025475483,22.194,1036.7
2025-10-22T12:15:00Z,1.426387580500304,22.175,1037.1
2025-10-22T12:30:00Z,1.421138236668277,22.166,1036.4
2025-10-22T12:45:00Z,1.4196706929493885,22.139,1036.9
2025-10-22T13:00:00Z,1.4075315853378427,22.177,1039.8
2025-10-22T13:15:00Z,1.3904712178837784,22.276,1043.4
2025-10-22T13:30:00Z,1.4017989497554595,22.27,1044.4
2025-10-22T13:45:00Z,1.4036122459315834,22.301,1045
2025-10-22T14:00:00Z,1.4100187179607389,22.331,1042.3
2025-10-22T14:15:00Z,1.4077221300342302,22.336,1039.1
2025-10-22T14:30:00Z,1.4177375259478993,22.338,1037.9
2025-10-22T14:45:00Z,1.4095354262103683,22.354,1035.4
2025-10-22T15:00:00Z,1.420535074092534,22.371,1034.1
2025-10-22T15:15:00Z,1.4100363864284873,22.402,1030.9
2025-10-22T15:30:00Z,1.4090521344599836,22.401,1015.9
2025-10-22T15:45:00Z,1.4097083024389931,22.359,867.8
2025-10-22T16:00:00Z,1.4120048903655018,22.332,862.3
2025-10-22T16:15:00Z,1.4256292101636845,22.33,858.6
2025-10-22T16:30:00Z,1.4210360343106672,22.359,857.1
2025-10-22T16:45:00Z,1.4356446060773465,22.363,855.6
2025-10-22T17:00:00Z,1.4366288580458502,22.366,852.5
2025-10-22T17:15:00Z,1.426285378142687,22.349,849.6
2025-10-22T17:30:00Z,1.4454871257623907,22.348,847.2
2025-10-22T17:45:00Z,1.4315347219747068,22.352,845.5
2025-10-22T18:00:00Z,1.437440233785729,22.358,843.7
2025-10-22T18:15:00Z,1.4440019135757538,22.358,841.9
2025-10-22T18:30:00Z,1.4426895776177489,22.348,840.2
2025-10-22T18:45:00Z,1.451219761344781,22.355,838.9
2025-10-22T19:00:00Z,1.448267005439277,22.332,836.4
2025-10-22T19:15:00Z,1.4448132893156327,22.267,832.4
2025-10-22T19:30:00Z,1.4418605334101215,22.227,828.7
2025-10-22T19:45:00Z,1.4428447853786182,22.207,826.2
2025-10-22T20:00:00Z,1.4413595731919955,22.177,824.5
2025-10-22T20:15:00Z,1.4469370010135165,22.11,820.1
2025-10-22T20:30:00Z,1.4622017407591983,22.057,816.7
2025-10-22T20:45:00Z,1.4789340242237614,22.011,813.4
2025-10-22T21:00:00Z,1.4731837201736226,22.005,812.1
2025-10-22T21:15:00Z,1.4721994682051118,22.016,811.7
2025-10-22T21:30:00Z,1.4628402402704523,22.024,811.2
2025-10-22T21:45:00Z,1.4495440044617638,22.018,810.2
2025-10-22T22:00:00Z,1.4401847765271114,22.004,809
2025-10-22T22:15:00Z,1.4401847765271114,22.005,808.5
2025-10-22T22:30:00Z,1.44248136445362,22.004,807.6
2025-10-22T22:45:00Z,1.4447779523801287,22,806.8
2025-10-22T23:00:00Z,1.4401847765271114,21.99,806.1
2025-10-22T23:15:00Z,1.4431375324326225,21.985,805.7
2025-10-22T23:30:00Z,1.4401847765271114,21.989,804.5
2025-10-22T23:45:00Z,1.436903936632099,21.985,804.1
2025-10-23T00:00:00Z,1.4401847765271114,21.99,803.8
2025-10-23T00:15:00Z,1.4378881886006027,21.998,803.7
2025-10-23T00:30:00Z,1.4280456689155585,22,803
2025-10-23T00:45:00Z,1.417546981251519,21.992,802.9
2025-10-23T01:00:00Z,1.4116414694404966,21.975,801.6
2025-10-23T01:15:00Z,1.4132818893880028,21.975,801
2025-10-23T01:30:00Z,1.429202797112687,21.964,799.9
2025-10-23T01:45:00Z,1.4477483767533883,21.959,799.1
2025-10-23T02:00:00Z,1.4477483767533883,21.944,797.7
2025-10-23T02:15:00Z,1.4493887967009016,21.935,797.1
2025-10-23T02:30:00Z,1.448732628721892,21.929,796.6
2025-10-23T02:45:00Z,1.442654240682245,21.94,796.5
2025-10-23T03:00:00Z,1.4429823246717461,21.931,795.8
2025-10-23T03:15:00Z,1.4413419047242328,21.929,795.5
2025-10-23T03:30:00Z,1.438717232808223,21.927,794.8
2025-10-23T03:45:00Z,1.4377329808397263,21.941,794.6
2025-10-23T04:00:00Z,1.436092560892213,21.936,794.2
2025-10-23T04:15:00Z,1.4364206448817143,21.942,793.9
2025-10-23T04:30:00Z,1.4406857367452375,21.93,793.2
2025-10-23T04:45:00Z,1.449872088451265,21.93,792.8
2025-10-23T05:00:00Z,1.441669988713734,21.927,792.3
2025-10-23T05:15:00Z,1.4592313163859387,21.92,791.7
2025-10-23T05:30:00Z,1.4534810123357857,21.906,790.9
2025-10-23T05:45:00Z,1.44248136445362,21.902,790.3
2025-10-23T06:00:00Z,1.4444498683906275,21.893,789.9
2025-10-23T06:15:00Z,1.450683464191151,21.892,789.2
2025-10-23T06:30:00Z,1.4585574799391807,21.859,787.5
2025-10-23T06:45:00Z,1.4605259838761881,21.829,785.9
2025-10-23T07:00:00Z,1.4606811916370575,21.769,783.1
2025-10-23T07:15:00Z,1.4626496955740649,21.708,780.4
2025-10-23T07:30:00Z,1.4555870555659212,21.68,778.1
2025-10-23T07:45:00Z,1.465101491261457,21.627,775.9
2025-10-23T08:00:00Z,1.4693665831249803,21.602,774.1
2025-10-23T08:15:00Z,1.46624095099083,21.575,772.7
2025-10-23T08:30:00Z,1.4685375389173387,21.557,772.3
2025-10-23T08:45:00Z,1.4611468149196867,21.522,769.9
2025-10-23T09:00:00Z,1.467052326730709,21.501,768.9
2025-10-23T09:15:00Z,1.4583492667750448,21.49,767.8
2025-10-23T09:30:00Z,1.4553965108695337,21.49,767.7
2025-10-23T09:45:00Z,1.4514595029955188,21.503,767.9
2025-10-23T10:00:00Z,1.4371790152183408,21.517,768.4
2025-10-23T10:15:00Z,1.4322577553758222,21.533,769.1
2025-10-23T10:30:00Z,1.4329139233548176,21.519,767.9
2025-10-23T10:45:00Z,1.4358666792603287,21.512,767.5
2025-10-23T11:00:00Z,1.4409608153314792,21.496,766.3
2025-10-23T11:15:00Z,1.4442416552264845,21.494,766
2025-10-23T11:30:00Z,1.4370238074574573,21.486,765.3
2025-10-23T11:45:00Z,1.4232442798984053,21.493,764.9
2025-10-23T12:00:00Z,1.5866301066700572,21.517,766.5
2025-10-23T12:15:00Z,1.4071681644128375,21.562,767.7
2025-10-23T12:30:00Z,1.409309544578477,21.605,768.9
2025-10-23T12:45:00Z,1.4124351767126129,21.66,771
2025-10-23T13:00:00Z,1.4204820686892816,21.727,773.6
2025-10-23T13:15:00Z,1.4135923049097485,21.8,776.4
2025-10-23T13:30:00Z,1.4154056010858795,21.872,779.1
2025-10-23T13:45:00Z,1.4104843412433539,21.946,782.1
2025-10-23T14:00:00Z,1.4026103254953242,22.021,785.4
2025-10-23T14:15:00Z,1.4113133854509954,22.094,787.8
2025-10-23T14:30:00Z,1.4060640416189685,22.155,790.1
2025-10-23T14:45:00Z,1.4091896737531044,22.212,792.4
2025-10-23T15:00:00Z,1.4045964979000871,22.257,793.9
2025-10-23T15:15:00Z,1.401643741994576,22.301,795.5
2025-10-23T15:30:00Z,1.4077221300342302,22.339,797.2
2025-10-23T15:45:00Z,1.4031289541812129,22.371,798.2
2025-10-23T16:00:00Z,1.4095354262103683,22.393,798.6
2025-10-23T16:15:00Z,1.4078950062628621,22.408,799
2025-10-23T16:30:00Z,1.4010052424833361,22.426,799.2
2025-10-23T16:45:00Z,1.3973963185988154,22.44,799.3
2025-10-23T17:00:00Z,1.4031466226489613,22.451,799.7
2025-10-23T17:15:00Z,1.398553446795944,22.463,799.4
2025-10-23T17:30:00Z,1.4005219507329514,22.475,800.2
2025-10-23T17:45:00Z,1.4128339345731291,22.475,799.5
2025-10-23T18:00:00Z,1.4128339345731291,22.471,799.2
2025-10-23T18:15:00Z,1.4131620185626304,22.47,798.4
2025-10-23T18:30:00Z,1.4177551944156477,22.47,797.9
2025-10-23T18:45:00Z,1.4121777665941266,22.471,797.4
2025-10-23T19:00:00Z,1.4138181865416328,22.473,797.7
2025-10-23T19:15:00Z,NA,22.474,797.3
2025-10-23T19:30:00Z,1.4018342866909563,22.478,796.7
2025-10-23T19:45:00Z,1.4213641183001613,22.482,797
2025-10-23T20:00:00Z,1.422348370268665,22.48,796.2
2025-10-23T20:15:00Z,1.4087240504704823,22.485,796.1
2025-10-23T20:30:00Z,1.4060993785544724,22.488,796
2025-10-23T20:45:00Z,1.4120048903655018,22.487,795.7
2025-10-23T21:00:00Z,1.409380218449492,22.487,795.7
2025-10-23T21:15:00Z,1.408395966480981,22.484,795.5
2025-10-23T21:30:00Z,1.4051151265859687,22.485,794.8
2025-10-23T21:45:00Z,1.4087240504704823,22.486,795
2025-10-23T22:00:00Z,1.4133172263234997,22.486,794.7
2025-10-23T22:15:00Z,1.4129891423339984,22.485,793.9
2025-10-23T22:30:00Z,1.4156138142500083,22.485,794.3
2025-10-23T22:45:00Z,1.412332974355003,22.485,793.4
2025-10-23T23:00:00Z,1.3937873947143018,22.485,793.1
2025-10-23T23:15:00Z,1.40281853865946,22.486,793.7
2025-10-23T23:30:00Z,1.399865782753949,22.486,792.9
2025-10-23T23:45:00Z,1.4005219507329514,22.48,792.7
2025-10-24T00:00:00Z,1.398553446795944,22.474,791.5
2025-10-24T00:15:00Z,1.3978972788169415,22.468,791.5
2025-10-24T00:30:00Z,1.4075845907411093,22.463,790.7
2025-10-24T00:45:00Z,1.4148024385101365,22.462,790.7
2025-10-24T01:00:00Z,1.4177551944156477,22.462,790.1
2025-10-24T01:15:00Z,1.4157866904786403,22.46,789.9
2025-10-24T01:30:00Z,1.4157866904786403,22.458,789.8
2025-10-24T01:45:00Z,1.4047870425964675,22.455,789.1
2025-10-24T02:00:00Z,1.404130874617472,22.447,788.5
2025-10-24T02:15:00Z,1.4057712945649712,22.437,787.7
2025-10-24T02:30:00Z,1.4005219507329514,22.426,787
2025-10-24T02:45:00Z,1.4008500347224526,22.412,785.4
2025-10-24T03:00:00Z,1.4001938667434501,22.4,784.6
2025-10-24T03:15:00Z,1.40281853865946,22.386,783.6
2025-10-24T03:30:00Z,1.4038027906279638,22.373,782.7
2025-10-24T03:45:00Z,1.4044589586069662,22.353,781.8
2025-10-24T04:00:00Z,1.4203798663316576,22.334,780.7
2025-10-24T04:15:00Z,1.4193956143631539,22.319,779.8
2025-10-24T04:30:00Z,1.4143014782920105,22.304,778.8
2025-10-24T04:45:00Z,1.4172542341975216,22.295,777.9
2025-10-24T05:00:00Z,1.4188946541450207,22.275,777.3
2025-10-24T05:15:00Z,1.4211912420715294,22.264,776.3
2025-10-24T05:30:00Z,1.4095354262103683,22.257,775.6
2025-10-24T05:45:00Z,1.4072388382838525,22.254,775.5
2025-10-24T06:00:00Z,1.4078950062628621,22.239,774.7
2025-10-24T06:15:00Z,1.4108477621683733,22.228,773.8
2025-10-24T06:30:00Z,1.4157690220108918,22.191,771.9
2025-10-24T06:45:00Z,1.421674533821914,22.159,770.4
2025-10-24T07:00:00Z,1.428236213611946,22.024,764.6
2025-10-24T07:15:00Z,1.4403753212234918,21.871,757.7
2025-10-24T07:30:00Z,1.4398743610053586,21.705,750.5
2025-10-24T07:45:00Z,1.4493887967009016,21.557,744.2
2025-10-24T08:00:00Z,1.45693472845943,21.439,739.4
2025-10-24T08:15:00Z,1.4495440044617638,21.374,736.6
2025-10-24T08:30:00Z,1.443793700411618,21.337,735.3
2025-10-24T08:45:00Z,1.4434656164221238,21.344,735.5
2025-10-24T09:00:00Z,1.4401847765271114,21.388,736.9
2025-10-24T09:15:00Z,1.4291851286449315,21.4,737.4
2025-10-24T09:30:00Z,1.428528960665929,21.392,737.2
2025-10-24T09:45:00Z,1.429841296623927,21.388,736.6
2025-10-24T10:00:00Z,1.4318098005609414,21.386,736.7
2025-10-24T10:15:00Z,1.4318098005609414,21.397,736.8
2025-10-24T10:30:00Z,1.4304974646029365,21.401,737
2025-10-24T10:45:00Z,1.4301693806134352,21.379,736.1
2025-10-24T11:00:00Z,1.4327940525294451,21.368,734.7
2025-10-24T11:15:00Z,1.4158888928362572,21.318,732.9
2025-10-24T11:30:00Z,1.4093272130462395,21.31,732.1
2025-10-24T11:45:00Z,1.4011251133087015,21.372,732.4
2025-10-24T12:00:00Z,1.5674636959858717,21.345,731.8
2025-10-24T12:15:00Z,1.3986733176213093,21.345,731.6
2025-10-24T12:30:00Z,1.3881746299572697,21.405,733.3
2025-10-24T12:45:00Z,1.3945811019864252,21.408,734.1
2025-10-24T13:00:00Z,1.3954101461940525,21.452,734.7
2025-10-24T13:15:00Z,1.3875361304460156,21.536,737.6
2025-10-24T13:30:00Z,1.3873809226851463,21.64,740.1
2025-10-24T13:45:00Z,1.3924750587562968,21.74,743.6
2025-10-24T14:00:00Z,1.3800078671552427,21.814,745.2
2025-10-24T14:15:00Z,1.3870705071634006,21.87,746.7
2025-10-24T14:30:00Z,1.3746033155623465,21.937,749.1
2025-10-24T14:45:00Z,1.3813378715810032,22.015,751.9
2025-10-24T15:00:00Z,1.3842906274865143,22.091,755.7
2025-10-24T15:15:00Z,1.3929936874421784,22.18,759.2
2025-10-24T15:30:00Z,1.4003844114398376,22.24,761.7
2025-10-24T15:45:00Z,1.4007124954293388,22.285,763.6
2025-10-24T16:00:00Z,1.3964474035658228,22.321,765.5
2025-10-24T16:15:00Z,1.3905418917547934,22.352,767.3
2025-10-24T16:30:00Z,1.3843082959542699,22.378,768.6
2025-10-24T16:45:00Z,1.37905895212225,22.4,769.5
2025-10-24T17:00:00Z,1.3774185321747439,22.434,771.4
2025-10-24T17:15:00Z,1.3767623641957414,22.471,772.6
2025-10-24T17:30:00Z,1.3953079438364426,22.512,774.3
2025-10-24T17:45:00Z,1.3982606997419467,22.547,776.2
2025-10-24T18:00:00Z,1.39727644777345,22.572,777.3
2025-10-24T18:15:00Z,1.3956360278259368,22.593,778
2025-10-24T18:30:00Z,1.3995730356999587,22.606,778.4
2025-10-24T18:45:00Z,1.3889014718072943,22.628,779.6
2025-10-24T19:00:00Z,1.3961193195763215,22.658,781
2025-10-24T19:15:00Z,1.4038381275634677,22.681,782.1
2025-10-24T19:30:00Z,1.392838479681302,22.7,782.3
2025-10-24T19:45:00Z,1.3934946476603116,22.71,782.6
2025-10-24T20:00:00Z,1.3971035715448252,22.708,782.2
2025-10-24T20:15:00Z,1.3987439914923314,22.705,782
2025-10-24T20:30:00Z,1.4016967473978426,22.7,781.6
2025-10-24T20:45:00Z,1.399400159471334,22.698,781.3
2025-10-24T21:00:00Z,1.391025183505171,22.694,781.1
2025-10-24T21:15:00Z,1.3982430312741982,22.689,781.2
2025-10-24T21:30:00Z,1.4002115352112057,22.687,780.6
2025-10-24T21:45:00Z,1.3985711152636995,22.686,780.5
2025-10-24T22:00:00Z,1.3946341073896846,22.682,780.9
2025-10-24T22:15:00Z,1.3901961392975366,22.681,780.6
2025-10-24T22:30:00Z,1.3882276353605363,22.675,780.7
2025-10-24T22:45:00Z,1.383962543497013,22.668,779.6
2025-10-24T23:00:00Z,1.379697451633497,22.664,778.9
2025-10-24T23:00:00Z,1.379697451633497,22.664,778.9
2025-10-24T23:15:00Z,1.3767446957279859,22.652,779.1
2025-10-24T23:30:00Z,1.375432359769981,22.646,777.9
2025-10-24T23:45:00Z,1.3864320076521537,22.624,777.4
2025-10-25T00:00:00Z,1.401851955158719,22.62,777.1
2025-10-25T00:15:00Z,1.40742938298024,22.6,775.9
2025-10-25T00:30:00Z,1.4084136349487366,22.57,775.1
2025-10-25T00:45:00Z,1.411694474843749,22.541,773.5
2025-10-25T01:00:00Z,1.418584238623282,22.532,773.5
2025-10-25T01:15:00Z,1.4079126747306105,22.509,772
2025-10-25T01:30:00Z,1.3919917670059192,22.491,771.3
2025-10-25T01:45:00Z,1.3978972788169415,22.472,771.1
2025-10-25T02:00:00Z,1.401506202701455,22.457,769.7
2025-10-25T02:15:00Z,1.3956006908904328,22.452,769.4
2025-10-25T02:30:00Z,1.3933041029639242,22.432,768.3
2025-10-25T02:45:00Z,1.3893670950899093,22.39,767.1
2025-10-25T03:00:00Z,1.3767270272602374,22.375,766
2025-10-25T03:15:00Z,1.3962568588694353,22.35,765
2025-10-25T03:30:00Z,1.397241110837939,22.331,764
2025-10-25T03:45:00Z,1.4170990264366452,22.309,763
2025-10-25T04:00:00Z,1.4187394463841514,22.274,761.6
2025-10-25T04:15:00Z,1.4044589586069662,22.236,759.9
2025-10-25T04:30:00Z,1.4129891423339984,22.185,758
2025-10-25T04:45:00Z,1.406254586315356,22.131,755.2
2025-10-25T05:00:00Z,1.4170813579688968,22.071,752.9
2025-10-25T05:15:00Z,1.4359550215990922,22.042,751.8
2025-10-25T05:30:00Z,1.4292204655804426,22.026,751.1
2025-10-25T05:45:00Z,1.432501305475455,22,749.9
2025-10-25T06:00:00Z,1.4218297415827905,21.969,748.9
2025-10-25T06:15:00Z,1.408533505774102,21.963,748
2025-10-25T06:30:00Z,1.4147671015746255,21.956,747.5
2025-10-25T06:45:00Z,1.4034393697029586,21.957,747.4
2025-10-25T07:00:00Z,1.4282185451441833,21.927,746.3
2025-10-25T07:15:00Z,1.4341240569552056,21.901,744.9
2025-10-25T07:30:00Z,1.4257490809890498,21.831,742.1
2025-10-25T07:45:00Z,1.4362477686530895,21.772,739.7
2025-10-25T08:00:00Z,1.4301693806134352,21.758,738.6
2025-10-25T08:15:00Z,1.435418724445455,21.738,738
2025-10-25T08:30:00Z,1.4270437484793064,21.688,736.2
2025-10-25T08:45:00Z,1.42802800044781,21.675,735.1
2025-10-25T09:00:00Z,1.412763260702114,21.635,733.5
2025-10-25T09:15:00Z,1.4075139168700943,21.661,732.2
2025-10-25T09:30:00Z,1.4048892449540844,21.682,728.7
2025-10-25T09:45:00Z,1.4004512768619435,21.598,724.9
2025-10-25T10:00:00Z,1.4137475126706178,21.518,721.8
2025-10-25T10:15:00Z,1.4091543368176005,21.443,719.7
2025-10-25T10:30:00Z,1.4025926570275757,21.387,718.2
2025-10-25T10:45:00Z,1.3873279172818869,21.371,718.1
2025-10-25T11:00:00Z,1.3787977335548618,21.394,719.5
2025-10-25T11:00:00Z,1.3787977335548618,21.394,719.5
2025-10-25T11:15:00Z,1.3957028932480497,21.408,720.2
2025-10-25T11:30:00Z,1.4050621211827163,21.421,720.5
2025-10-25T11:45:00Z,1.3876736697391507,21.422,720.9
2025-10-25T12:00:00Z,1.5689489081724872,21.471,723.4
2025-10-25T12:15:00Z,1.3670043784005657,21.547,725.6
2025-10-25T12:30:00Z,1.3656920424425607,21.632,729.3
2025-10-25T12:45:00Z,1.376363606335218,21.715,733
2025-10-25T13:00:00Z,1.3824419943748794,21.82,737.1
2025-10-25T13:15:00Z,1.3875361304460156,21.939,741.9
2025-10-25T13:30:00Z,1.3750689388449686,22.049,746.4
2025-10-25T13:45:00Z,1.3744127708659661,22.149,750.4
2025-10-25T14:00:00Z,1.3698195950129488,22.243,753.9
2025-10-25T14:15:00Z,1.369008219273077,22.33,757.8
2025-10-25T14:30:00Z,1.3660554633675588,22.383,760
2025-10-25T14:45:00Z,1.3667116313465684,22.429,761.2
2025-10-25T15:00:00Z,1.3660554633675588,22.476,763.4
2025-10-25T15:15:00Z,1.3737742713547263,22.527,764.8
2025-10-25T15:30:00Z,1.370493431459714,22.586,767.1
2025-10-25T15:45:00Z,1.365244087627687,22.634,769.9
2025-10-25T16:00:00Z,1.3613070797536722,22.676,771.1
2025-10-25T16:15:00Z,NA,22.711,772.4
2025-10-25T16:30:00Z,1.369682055719828,22.736,773.2
2025-10-25T16:45:00Z,1.3677135517828205,22.756,773.7
2025-10-25T17:00:00Z,1.3650888798668106,22.768,774.6
2025-10-25T17:15:00Z,1.3604957040137933,22.773,774.6
2025-10-25T17:30:00Z,1.3654169638563118,22.773,774.2
2025-10-25T17:45:00Z,1.3650888798668106,22.768,775
2025-10-25T18:00:00Z,1.385274879455018,22.759,774
2025-10-25T18:15:00Z,1.3833063755180106,22.752,773.5
2025-10-25T18:30:00Z,1.392164643234544,22.746,773.1
2025-10-25T18:45:00Z,NA,22.739,773.3
2025-10-25T19:00:00Z,NA,22.734,772.8
2025-10-25T19:15:00Z,1.3706663076883316,22.726,772.9
2025-10-25T19:30:00Z,1.3642598356591833,22.721,772.3
2025-10-25T19:45:00Z,1.3828054152998774,22.721,772.4
2025-10-25T20:00:00Z,1.3901961392975366,22.723,772.5
2025-10-25T20:15:00Z,1.3798526593943734,22.724,772.9
2025-10-25T20:30:00Z,1.3775560714678576,22.724,772.8
2025-10-25T20:45:00Z,1.3708215154492152,22.725,772.6
2025-10-25T21:00:00Z,1.3714776834282105,22.723,773.2
2025-10-25T21:15:00Z,1.3757427752917337,22.717,772.5
2025-10-25T21:30:00Z,1.3860862551948898,22.705,772.4
2025-10-25T21:45:00Z,NA,22.701,771.9
2025-10-25T22:00:00Z,1.384272959018766,22.683,771.7
2025-10-25T22:15:00Z,1.3934593107248006,22.672,770.6
2025-10-25T22:30:00Z,1.396740150619813,22.661,771.2
2025-10-25T22:45:00Z,1.395427814661815,22.645,769.8
2025-10-25T23:00:00Z,1.3818034948636253,22.61,769
2025-10-25T23:15:00Z,1.3694915110234476,22.571,766.7
2025-10-25T23:30:00Z,1.3734285188974624,22.527,764.8
2025-10-25T23:45:00Z,1.3711319309709538,22.492,763.7
2025-10-26T00:00:00Z,1.3681791750654426,22.463,762.9
2025-10-26T00:15:00Z,1.3768822350211067,22.414,761.4
2025-10-26T00:30:00Z,1.3685072590549439,22.355,758.8
2025-10-26T00:45:00Z,1.3818034948636253,22.33,758
2025-10-26T01:00:00Z,1.3811473268846228,22.316,757.2
2025-10-26T01:15:00Z,1.3808192428951216,22.306,756.8
2025-10-26T01:30:00Z,1.3713048071995786,22.299,756.1
2025-10-26T01:45:00Z,1.3713048071995786,22.301,755.8
2025-10-26T02:00:00Z,1.374585647094598,22.302,755.5
2025-10-26T02:15:00Z,1.3667116313465684,22.29,754.7
2025-10-26T02:30:00Z,1.373446187365225,22.259,753.7
2025-10-26T02:45:00Z,1.3727900193862226,22.224,752.2
2025-10-26T03:00:00Z,1.370493431459714,22.194,750.9
2025-10-26T03:15:00Z,1.377711279228734,22.194,750.4
2025-10-26T03:30:00Z,1.3873985911529019,22.166,749.4
2025-10-26T03:45:00Z,1.3854300872158944,22.156,748.6
2025-10-26T04:00:00Z,1.3860862551948898,22.151,748.7
2025-10-26T04:15:00Z,1.3860862551948898,22.057,746
2025-10-26T04:30:00Z,1.3893670950899093,22.026,743.7
2025-10-26T04:45:00Z,1.3880547591319043,21.944,741
2025-10-26T05:00:00Z,1.397241110837939,21.923,739.4
2025-10-26T05:15:00Z,1.3995376987644477,21.928,738.9
2025-10-26T05:30:00Z,1.4120048903655018,21.899,737.6
2025-10-26T05:45:00Z,1.4133172263234997,21.838,735.3
2025-10-26T06:00:00Z,1.4116768063760006,21.807,734.7
2025-10-26T06:15:00Z,1.4059265023258547,21.736,731.5
2025-10-26T06:30:00Z,1.394926854443682,21.818,734.7
2025-10-26T06:45:00Z,1.3982076943386943,21.875,739.7
2025-10-26T07:00:00Z,1.422986869779919,21.749,739
2025-10-26T07:15:00Z,1.4195331536562819,21.64,738.9
2025-10-26T07:30:00Z,1.4231420775407884,21.556,735.7
2025-10-26T07:45:00Z,1.41936027742765,21.55,737
2025-10-26T08:00:00Z,1.4272342931756796,21.524,736.5
2025-10-26T08:15:00Z,1.426077164978551,21.509,735.8
2025-10-26T08:30:00Z,1.4296860888630718,21.446,734.4
2025-10-26T08:45:00Z,1.4265604567289216,21.353,732
2025-10-26T09:00:00Z,1.4288570446554303,21.347,731.7
2025-10-26T09:15:00Z,1.4135923049097485,21.348,731.5
2025-10-26T09:30:00Z,1.4106395490042374,21.349,731.8
2025-10-26T09:45:00Z,1.4009522370800696,21.331,730.2
2025-10-26T10:00:00Z,1.3927501373425386,21.402,732.1
2025-10-26T10:15:00Z,1.3881569614895142,21.598,737.6
2025-10-26T10:30:00Z,1.3815952816994894,21.704,742.6
2025-10-26T10:45:00Z,1.3766740218569709,21.821,756.3
2025-10-26T11:00:00Z,1.3827524098966322,21.808,766.8
2025-10-26T11:15:00Z,1.3778311500541065,21.747,772.7
2025-10-26T11:30:00Z,1.378487318033109,21.623,771.6
2025-10-26T11:45:00Z,1.3765188140961087,21.499,770.4
2025-10-26T12:00:00Z,1.5587783044979489,21.392,766.4
2025-10-26T12:15:00Z,1.3862061260202552,21.225,762.9
2025-10-26T12:30:00Z,1.3825972021357487,21.184,761.3
2025-10-26T12:45:00Z,1.3786601942617267,21.179,758.8
2025-10-26T13:00:00Z,1.3808015744273732,21.294,761.7
2025-10-26T13:15:00Z,1.3703028867633265,21.387,763.7
2025-10-26T13:30:00Z,1.3760531908134723,21.482,765.4
2025-10-26T13:45:00Z,1.368835343044445,21.581,766.7
2025-10-26T14:00:00Z,1.3788507389581142,21.673,767.6
2025-10-26T14:15:00Z,1.375897983052603,21.787,769.5
2025-10-26T14:30:00Z,1.376070859281235,21.941,771.2
2025-10-26T14:45:00Z,1.3691810955017019,22.058,772.2
2025-10-26T15:00:00Z,1.3603228277851755,22.132,772.6
2025-10-26T15:15:00Z,1.3550734839531486,22.25,773.8
2025-10-26T15:30:00Z,1.3488398881526251,22.331,774.7
2025-10-26T15:45:00Z,1.3529497722552577,22.352,773.8
2025-10-26T16:00:00Z,1.3444195885282326,22.354,772.9
2025-10-26T16:15:00Z,1.3414668326227144,22.361,772.3
2025-10-26T16:30:00Z,1.3488575566203735,22.38,772.2
2025-10-26T16:45:00Z,1.3409835408723438,22.382,771.3
2025-10-26T17:00:00Z,1.3386869529458352,22.44,772.2
2025-10-26T17:15:00Z,1.3493585168385067,22.491,773.9
2025-10-26T17:30:00Z,1.3506708527965117,22.526,774.6
2025-10-26T17:45:00Z,1.3619985846681857,22.541,774.7
2025-10-26T18:00:00Z,1.369216432437213,22.542,774
2025-10-26T18:15:00Z,1.3874339280884058,22.514,772.1
2025-10-26T18:30:00Z,1.3787308681327488,22.5,771.2
2025-10-26T18:45:00Z,1.3806993720697633,22.465,767.9
2025-10-26T19:00:00Z,1.3931665636708104,22.415,765.5
2025-10-26T19:15:00Z,1.379870327862129,22.362,762.8
2025-10-26T19:30:00Z,1.3721515198749685,22.348,761.1
2025-10-26T19:45:00Z,1.3903690155261685,22.334,759.5
2025-10-26T20:00:00Z,1.3793693676439958,22.302,758
2025-10-26T20:15:00Z,1.3826502075390081,22.264,755.5
2025-10-26T20:30:00Z,1.3677135517828205,22.22,752.6
2025-10-26T20:45:00Z,1.3650888798668106,22.149,749.5
2025-10-26T21:00:00Z,1.3709943916778329,22.103,747
2025-10-26T21:15:00Z,1.3841177512578895,22.086,745.3
2025-10-26T21:30:00Z,1.38346158327888,22.062,743.8
2025-10-26T21:45:00Z,1.3885557193500304,22.018,741.8
2025-10-26T22:00:00Z,1.37821223944686,22.024,740.6
2025-10-26T22:15:00Z,1.3685249275227065,22.042,740.4
2025-10-26T22:30:00Z,1.3603228277851755,21.973,738.5
2025-10-26T22:45:00Z,1.3662283395961907,21.967,737.4
2025-10-26T23:00:00Z,1.3613070797536722,21.972,736.3
2025-10-26T23:15:00Z,1.3677135517828205,21.952,735.5
2025-10-26T23:30:00Z,1.365745047845813,21.924,733.9
2025-10-26T23:45:00Z,1.3686978037513242,21.956,734.6
2025-10-27T00:00:00Z,1.3608237880032945,21.935,733.5
2025-10-27T00:15:00Z,1.3767446957279859,21.887,731.5
2025-10-27T00:30:00Z,1.3654169638563118,21.884,730.6
2025-10-27T00:45:00Z,1.3734638558329735,21.868,729.6
2025-10-27T01:00:00Z,1.374120023811976,21.871,729.6
2025-10-27T01:15:00Z,1.3764166117384846,21.876,729.1
2025-10-27T01:30:00Z,1.375432359769981,21.853,728
2025-10-27T01:45:00Z,1.3777289476964896,21.833,726.3
2025-10-27T02:00:00Z,1.3747761917909784,21.778,724
2025-10-27T02:15:00Z,1.3757604437594821,21.729,722.3
2025-10-27T02:30:00Z,1.3695268479589586,21.676,719.7
2025-10-27T02:45:00Z,1.3705110999274623,21.654,718.5
2025-10-27T03:00:00Z,1.3708391839169636,21.645,717.4
2025-10-27T03:15:00Z,1.3708391839169636,21.633,716.6
2025-10-27T03:30:00Z,1.386760091641655,21.648,716.6
2025-10-27T03:45:00Z,1.3874162596206574,21.648,716.4
2025-10-27T04:00:00Z,1.3913532674946723,21.605,714.9
2025-10-27T04:15:00Z,1.4008677031902081,21.557,712.5
2025-10-27T04:30:00Z,1.4057889630327267,21.502,710.3
2025-10-27T04:45:00Z,1.4084136349487366,21.45,708.1
2025-10-27T05:00:00Z,1.4006948269615833,21.415,706.4
2025-10-27T05:15:00Z,1.394616438921929,21.418,705.6
2025-10-27T05:30:00Z,1.3887109271108997,21.411,705.4
2025-10-27T05:45:00Z,1.384773919236892,21.411,705.1
2025-10-27T06:00:00Z,1.391663683016418,21.395,704.4
2025-10-27T06:15:00Z,1.3783674472077436,21.491,704.9
2025-10-27T06:30:00Z,1.3681968435332053,21.726,709.3
2025-10-27T06:45:00Z,1.3798526593943734,21.717,707.9
2025-10-27T07:00:00Z,1.3813202031132548,21.677,706.4
2025-10-27T07:15:00Z,1.3819763710922572,21.837,708.7
2025-10-27T07:30:00Z,1.381648287102756,21.592,702.8
2025-10-27T07:45:00Z,1.3931312267352993,21.482,698.4
2025-10-27T08:00:00Z,1.3913179305591612,21.33,692.7
2025-10-27T08:15:00Z,1.3900055946011562,21.256,688.3
2025-10-27T08:30:00Z,1.3952549384331832,21.169,685.4
2025-10-27T08:45:00Z,1.3816306186349934,21.016,681.3
2025-10-27T09:00:00Z,1.372772350918467,21.012,679.5
2025-10-27T09:15:00Z,1.363257915222924,21.029,678.8
2025-10-27T09:30:00Z,1.3691634270339463,21.084,679.5
2025-10-27T09:45:00Z,1.389176550393529,20.966,685.4
2025-10-27T10:00:00Z,1.406081710086724,20.872,688.5
2025-10-27T10:15:00Z,1.3988638623176897,20.915,690.6
2025-10-27T10:30:00Z,1.3877090066746476,21.037,692.9
2025-10-27T10:45:00Z,1.3737566028869637,21.052,693.6
2025-10-27T11:00:00Z,1.371460014960455,20.998,691.6
2025-10-27T11:15:00Z,1.3804911589056204,20.917,688.1
2025-10-27T11:30:00Z,1.375897983052603,20.937,687.4
2025-10-27T11:45:00Z,1.3680239673045733,20.921,686.5
2025-10-27T12:00:00Z,1.5443779458954054,20.838,684.2
2025-10-27T12:15:00Z,1.3642598356591833,20.856,686.2
2025-10-27T12:30:00Z,NA,21.006,690.4
2025-10-27T12:45:00Z,1.3650888798668106,21.088,692.2
2025-10-27T13:00:00Z,1.3652617560954354,21.064,692.3
2025-10-27T13:15:00Z,1.3680593042400773,21.083,692.3
2025-10-27T13:30:00Z,1.3532955247125216,21.294,700
2025-10-27T13:45:00Z,1.33623515725845,21.571,708.6
2025-10-27T14:00:00Z,1.3462505531721192,21.732,713.7
2025-10-27T14:15:00Z,1.3441268414742282,21.995,721.4
2025-10-27T14:30:00Z,1.3333000698206874,22.488,737.6
2025-10-27T14:45:00Z,1.3420031297763515,22.608,754.9
2025-10-27T15:00:00Z,1.331504442112312,22.58,762.1
2025-10-27T15:15:00Z,1.3259270142907909,22.728,771.7
2025-10-27T15:30:00Z,1.3187091665217636,22.873,778.4
2025-10-27T15:45:00Z,1.3234752186033987,22.883,782
2025-10-27T16:00:00Z,1.3238033025929,22.898,784.9
2025-10-27T16:15:00Z,1.3338186985065832,22.957,787.9
2025-10-27T16:30:00Z,1.3331625305275736,22.915,787.5
2025-10-27T16:45:00Z,1.3431779264412356,22.894,786.8
2025-10-27T17:00:00Z,1.3292255226535588,22.896,786.4
2025-10-27T17:15:00Z,1.3402251705357244,22.885,785.7
2025-10-27T17:30:00Z,1.336944330640712,22.878,784.8
2025-10-27T17:45:00Z,1.3353039106932059,22.861,788.7
2025-10-27T18:00:00Z,1.340881338514727,22.833,805.3
2025-10-27T18:15:00Z,1.338256666598717,22.846,813.1
2025-10-27T18:30:00Z,1.3528652383654034,22.855,815.9
2025-10-27T18:45:00Z,1.3630358420399418,22.837,816.6
2025-10-27T19:00:00Z,1.3599102099058058,22.797,815.3
2025-10-27T19:15:00Z,1.361550629853312,22.786,814.2
2025-10-27T19:30:00Z,1.364175301769322,22.784,812.1
2025-10-27T19:45:00Z,1.3505509819711463,22.764,808.9
2025-10-27T20:00:00Z,1.3564564937821686,22.739,805.4
2025-10-27T20:15:00Z,1.3490657697845023,22.727,803.2
2025-10-27T20:30:00Z,1.359737333677181,22.728,801.1
2025-10-27T20:45:00Z,1.361049669635193,22.707,798.8
2025-10-27T21:00:00Z,1.3523466096795218,22.7,796.8
2025-10-27T21:15:00Z,1.3523466096795218,22.694,794.9
2025-10-27T21:30:00Z,1.3612048773960481,22.682,792.6
2025-10-27T21:45:00Z,1.3589082894695395,22.666,790.6
2025-10-27T22:00:00Z,1.3485648095663834,22.579,784.3
2025-10-27T22:15:00Z,1.359063497230423,22.324,776.2
2025-10-27T22:30:00Z,1.3547984053669069,22.214,767.5
2025-10-27T22:45:00Z,1.3528299014298923,22.151,759.9
2025-10-27T23:00:00Z,1.359063497230423,22.111,755.6
2025-10-27T23:15:00Z,1.3600477491989267,22.034,750
2025-10-27T23:30:00Z,1.3707193130915911,21.966,745.5
2025-10-27T23:45:00Z,1.3671103892070775,21.939,742.8
2025-10-28T00:00:00Z,1.3700631451125886,21.908,739.6
2025-10-28T00:15:00Z,1.3574230772829168,21.894,738.1
2025-10-28T00:30:00Z,1.3694069771335862,21.913,737.3
2025-10-28T00:45:00Z,1.3671103892070775,21.962,737.9
2025-10-28T01:00:00Z,1.3697350611230874,21.943,736.5
2025-10-28T01:15:00Z,1.374656320965606,21.899,734.3
2025-10-28T01:30:00Z,1.3822022527241415,21.84,730.6
2025-10-28T01:45:00Z,1.3825303367136428,21.797,728.1
2025-10-28T02:00:00Z,1.3851550086296527,21.734,725
2025-10-28T02:15:00Z,1.382685544474512,21.656,721.5
2025-10-28T02:30:00Z,1.3849821324010279,21.594,718
2025-10-28T02:45:00Z,1.387934888306539,21.538,715.1
2025-10-28T03:00:00Z,1.382685544474512,21.593,716.1
2025-10-28T03:15:00Z,1.3729982325503514,21.513,712.6
2025-10-28T03:30:00Z,1.3690612246763294,21.65,715
2025-10-28T03:45:00Z,1.3756229044663613,21.61,714.8
2025-10-28T04:00:00Z,1.3843259644220254,21.648,714.2
2025-10-28T04:15:00Z,1.37791949239287,21.645,714.1
2025-10-28T04:30:00Z,1.3815284162773835,21.563,710.5
2025-10-28T04:45:00Z,1.384809256172396,21.535,708.9
2025-10-28T05:00:00Z,1.3861215921304009,21.491,707.4
2025-10-28T05:15:00Z,1.3851373401618972,21.488,706.4
2025-10-28T05:30:00Z,1.3820117080277612,21.492,706.8
2025-10-28T05:45:00Z,1.3849644639332723,21.504,706.9
2025-10-28T06:00:00Z,1.3905418917547934,21.531,707.3
2025-10-28T06:15:00Z,1.3826678760067637,21.748,719
2025-10-28T06:30:00Z,1.3859487159017831,21.74,721.6
2025-10-28T06:45:00Z,1.3821669157886376,21.659,721
2025-10-28T07:00:00Z,1.3821669157886376,21.858,724.9
2025-10-28T07:15:00Z,1.3975868632951958,21.401,717.5
2025-10-28T07:30:00Z,1.4071012989907388,21.333,711.5
2025-10-28T07:45:00Z,1.4049599188250994,21.243,709.3
2025-10-28T08:00:00Z,1.4069284227621068,21.282,711.5
2025-10-28T08:15:00Z,1.391663683016418,21.36,712.4
2025-10-28T08:30:00Z,1.3852572109872696,21.409,717.7
2025-10-28T08:45:00Z,1.3836167910397634,21.484,720.3
2025-10-28T09:00:00Z,1.3836167910397634,21.499,718.7
2025-10-28T09:15:00Z,1.3891942188612845,21.316,708.5
2025-10-28T09:30:00Z,1.388538050882282,21.296,703.3
2025-10-28T09:45:00Z,1.3768822350211067,21.137,692.6
2025-10-28T10:00:00Z,1.3781945709791117,21.026,683.8
2025-10-28T10:15:00Z,1.3818034948636253,20.913,671.6
2025-10-28T10:30:00Z,1.3791788229476154,20.825,660.8
2025-10-28T10:45:00Z,1.3990367385463216,20.498,645.3
2025-10-28T11:00:00Z,1.3964120666303117,20.423,638.7
2025-10-28T11:15:00Z,1.3960839826408105,20.243,627.4
2025-10-28T11:30:00Z,1.3937873947143018,20.235,621.4
2025-10-28T11:45:00Z,1.389850386840287,20.146,611.8
2025-10-28T12:00:00Z,1.5645639454836129,20.198,609.3
2025-10-28T12:15:00Z,1.3873985911529019,20.169,604.6
2025-10-28T12:30:00Z,1.379196491415371,20.241,602.7
2025-10-28T12:45:00Z,1.3790412836544945,20.377,603.9
2025-10-28T13:00:00Z,1.3824949997781388,20.576,608.8
2025-10-28T13:15:00Z,1.3749490680196104,20.678,609.6
2025-10-28T13:30:00Z,1.3787308681327488,20.803,612.3
2025-10-28T13:45:00Z,1.3702006844057166,21.038,618.5
2025-10-28T14:00:00Z,1.376607156434865,21.258,624.4
2025-10-28T14:15:00Z,1.3792318283508749,21.329,625.6
2025-10-28T14:30:00Z,1.3782475763823712,21.474,628.8
2025-10-28T14:45:00Z,1.3812003322878823,21.541,632.8
2025-10-28T15:00:00Z,1.3792318283508749,21.61,636.4
2025-10-28T15:15:00Z,1.3802160803193786,21.69,639.7
2025-10-28T15:30:00Z,1.3792318283508749,21.734,642.8
2025-10-28T15:45:00Z,1.3633109206261906,21.776,643.7
2025-10-28T16:00:00Z,1.3603581647206724,21.812,644.5
2025-10-28T16:15:00Z,1.3587177447731733,21.834,643.9
2025-10-28T16:30:00Z,1.3557649888676622,21.874,643.9
2025-10-28T16:45:00Z,1.35707732482566,21.878,647.5
2025-10-28T17:00:00Z,1.3544526529096501,21.907,648.1
2025-10-28T17:15:00Z,1.3593739127521758,21.924,649.5
2025-10-28T17:30:00Z,1.3593739127521758,22.033,652.3
2025-10-28T17:45:00Z,1.3587177447731733,22.227,663.2
2025-10-28T18:00:00Z,1.3619985846681857,22.281,666.4
2025-10-28T18:15:00Z,1.3672479285002055,22.38,669.5
2025-10-28T18:30:00Z,1.357888700565539,22.468,672.2
2025-10-28T18:45:00Z,1.3624818764185562,22.538,674.9
2025-10-28T19:00:00Z,1.3527945644943884,22.585,676.9
2025-10-28T19:15:00Z,1.3518103125258847,22.62,678.8
2025-10-28T19:30:00Z,1.3431072525702206,22.641,679.4
2025-10-28T19:45:00Z,1.3493408483707512,22.639,679.7
2025-10-28T20:00:00Z,1.3480285124127391,22.611,678.7
2025-10-28T20:15:00Z,1.3526216882657636,22.576,677.2
2025-10-28T20:30:00Z,1.3462152162366152,22.555,676.3
2025-10-28T20:45:00Z,1.351464560068635,22.564,676.9
2025-10-28T21:00:00Z,1.3521207280476375,22.606,678.4
2025-10-28T21:15:00Z,1.3544173159741462,22.644,679.3
2025-10-28T21:30:00Z,1.3524488120371387,22.676,680.3
2025-10-28T21:45:00Z,1.3447300040499783,22.694,680
2025-10-28T22:00:00Z,1.3480108439449907,22.697,679.3
2025-10-28T22:15:00Z,1.3476827599554895,22.691,678.9
2025-10-28T22:30:00Z,1.3437457520814746,22.684,677.6
2025-10-28T22:45:00Z,1.3450580880394796,22.683,676.7
2025-10-28T23:00:00Z,1.3327461041993018,22.679,675.6
2025-10-28T23:15:00Z,1.3360269440943142,22.676,674.9
2025-10-28T23:30:00Z,1.3453861720289808,22.673,674
2025-10-28T23:45:00Z,1.3473546759659882,22.671,673.3
2025-10-29T00:00:00Z,1.3489950959135015,22.665,672.5
2025-10-29T00:15:00Z,1.3363550280838155,22.659,671.4
2025-10-29T00:30:00Z,1.3366831120733167,22.649,670.3
2025-10-29T00:45:00Z,1.3360269440943142,22.633,669.4
2025-10-29T01:00:00Z,1.3360269440943142,22.618,667.8
2025-10-29T01:15:00Z,1.3334022721783043,22.599,666.8
2025-10-29T01:30:00Z,1.3347146081363093,22.584,664.9
2025-10-29T01:45:00Z,1.3327461041993018,22.567,663.7
2025-10-29T02:00:00Z,1.3265125083987783,22.549,662.4
2025-10-29T02:15:00Z,1.3352155683544424,22.527,661
2025-10-29T02:30:00Z,1.3339032323964304,22.507,659.7
2025-10-29T02:45:00Z,1.328981972553919,22.479,659.3
2025-10-29T03:00:00Z,1.3283258045749093,22.421,655.4
2025-10-29T03:15:00Z,1.3429343763416028,22.35,652.4
2025-10-29T03:30:00Z,1.3462152162366152,22.299,649.4
2025-10-29T03:45:00Z,1.3452309642681044,22.235,646.6
2025-10-29T04:00:00Z,1.3504803081001313,22.156,643.3
2025-10-29T04:15:00Z,1.3524488120371387,22.104,640.4
2025-10-29T04:30:00Z,1.351464560068635,22.067,638.6
2025-10-29T04:45:00Z,1.3557296519321511,22.004,635.5
2025-10-29T05:00:00Z,1.358354323848161,21.942,632.9
2025-10-29T05:15:00Z,1.3603228277851755,21.899,631.2
2025-10-29T05:30:00Z,1.362619415711677,21.849,629.4
2025-10-29T05:45:00Z,1.359666659806166,21.864,628.2
2025-10-29T06:00:00Z,1.3688530115122006,21.608,636.5
2025-10-29T06:15:00Z,1.363931751669682,21.684,647
2025-10-29T06:30:00Z,1.35654102767203,21.541,647.9
2025-10-29T06:45:00Z,1.3742575631050968,21.213,645.7
2025-10-29T07:00:00Z,1.3788507389581142,21.253,647.3
2025-10-29T07:15:00Z,1.386724754706151,21.161,651.5
2025-10-29T07:30:00Z,1.3962391904016798,21.004,647.3
2025-10-29T07:45:00Z,1.4031289541812129,20.86,642.1
2025-10-29T08:00:00Z,1.4006594900260723,20.708,626.5
2025-10-29T08:15:00Z,1.4052526658790967,20.638,623.8
2025-10-29T08:30:00Z,1.3949091859759264,20.61,627.9
2025-10-29T08:45:00Z,1.399830445818452,20.362,612.1
2025-10-29T09:00:00Z,1.392767805810287,20.16,602.9
2025-10-29T09:15:00Z,1.3865342100097564,20.297,601.7
2025-10-29T09:30:00Z,1.3816129501672378,20.246,598.6
2025-10-29T09:45:00Z,1.3848937900622502,20.137,586.7
2025-10-29T10:00:00Z,1.3932687660284202,20.067,582.7
2025-10-29T10:15:00Z,1.3926125980494177,20.184,583.6
2025-10-29T10:30:00Z,1.3821139103853781,20.449,594.8
2025-10-29T10:45:00Z,1.3748960626163509,20.518,601.8
2025-10-29T11:00:00Z,1.3732556426688376,20.426,601.8
2025-10-29T11:15:00Z,1.3716152227213385,20.307,601.4
2025-10-29T11:30:00Z,1.3793340307084847,20.207,597.9
2025-10-29T11:45:00Z,1.371460014960455,20.215,596.6
2025-10-29T12:00:00Z,1.5432208176982698,20.347,601
2025-10-29T12:15:00Z,1.3617903715040498,20.364,602.8
2025-10-29T12:30:00Z,1.362619415711677,20.421,604.1
2025-10-29T12:45:00Z,1.3618080399717982,20.518,605.5
2025-10-29T13:00:00Z,1.3526216882657636,20.649,607.8
2025-10-29T13:15:00Z,1.3531226484838967,20.811,611.2
2025-10-29T13:30:00Z,1.3546078606705265,20.993,615
2025-10-29T13:45:00Z,1.35707732482566,21.136,618.7
2025-10-29T14:00:00Z,1.3475628891301241,21.337,622.7
2025-10-29T14:15:00Z,1.349048101316754,21.481,626
2025-10-29T14:30:00Z,1.3441268414742282,21.607,630.1
2025-10-29T14:45:00Z,1.352173733450897,21.724,632.8
2025-10-29T15:00:00Z,1.346596305629376,21.883,636.2
2025-10-29T15:15:00Z,1.342659297755354,21.978,639.8
2025-10-29T15:30:00Z,1.3536589456375197,22.061,642
2025-10-29T15:45:00Z,1.3480815178159986,22.171,644.7
2025-10-29T16:00:00Z,1.344472593931485,22.254,648.1
2025-10-29T16:15:00Z,NA,22.324,655.8
2025-10-29T16:30:00Z,1.3408636700469714,22.328,653.2
2025-10-29T16:45:00Z,1.3441445099419838,22.333,654.8
2025-10-29T17:00:00Z,1.3408636700469714,22.36,664.4
2025-10-29T17:15:00Z,1.338895166109964,22.338,669.6
2025-10-29T17:30:00Z,1.3369266621729494,22.33,667
2025-10-29T17:45:00Z,1.3295359381753045,22.348,667.8
2025-10-29T18:00:00Z,1.3318325261018131,22.338,669.7
2025-10-29T18:15:00Z,1.3454568458999887,22.324,667.7
2025-10-29T18:30:00Z,1.347097265847502,22.303,666.7
2025-10-29T18:45:00Z,1.342659297755354,22.242,662.8
2025-10-29T19:00:00Z,1.3429873817448552,22.177,660.1
2025-10-29T19:15:00Z,1.3452839696713639,22.127,657.4
2025-10-29T19:30:00Z,1.3456120536608651,22.085,655.2
2025-10-29T19:45:00Z,1.3485648095663834,22.037,652.7
2025-10-29T20:00:00Z,1.3515175654718945,22,651.7
2025-10-29T20:15:00Z,1.3554545733459022,21.975,648.7
2025-10-29T20:30:00Z,1.359063497230423,21.951,649.6
2025-10-29T20:45:00Z,1.3497042692957564,21.937,645.9
2025-10-29T21:00:00Z,1.35331319318027,21.926,645.5
2025-10-29T21:15:00Z,1.3565940330752824,21.921,647.7
2025-10-29T21:30:00Z,1.3592187049912923,21.921,647.9
2025-10-29T21:45:00Z,1.3565940330752824,21.918,647.2
2025-10-29T22:00:00Z,1.3562659490857811,21.918,643.8
2025-10-29T22:15:00Z,1.3455943851931238,21.923,644.3
2025-10-29T22:30:00Z,1.3387046214135907,21.925,645.7
2025-10-29T22:45:00Z,1.3357518655080796,21.929,643.3
2025-10-29T23:00:00Z,1.3337833615710721,21.931,645.4
2025-10-29T23:15:00Z,1.3301744376865514,21.934,644
2025-10-29T23:30:00Z,1.3375651616842106,21.931,644.2
2025-10-29T23:45:00Z,1.3336281538101886,21.933,646.1
2025-10-30T00:00:00Z,1.3310034818941787,21.935,646.2
2025-10-30T00:15:00Z,1.3390503738708404,21.937,646
2025-10-30T00:30:00Z,1.3390503738708404,21.937,643.6
2025-10-30T00:45:00Z,1.3380661219023366,21.932,643.5
2025-10-30T01:00:00Z,1.3530027776585172,21.928,645.6
2025-10-30T01:15:00Z,1.3503781057425073,21.928,646
2025-10-30T01:30:00Z,1.3477534338264974,21.928,646.1
2025-10-30T01:45:00Z,1.3474253498369961,21.934,646.6
2025-10-30T02:00:00Z,1.3451287619104875,21.927,646.4
2025-10-30T02:15:00Z,1.3425040899944776,21.933,646.6
2025-10-30T02:30:00Z,1.3415198380259739,21.935,647.6
2025-10-30T02:45:00Z,1.3392232500994652,21.93,647
2025-10-30T03:00:00Z,1.340207502067969,21.93,646.7
2025-10-30T03:15:00Z,1.3505509819711463,21.939,646.6
2025-10-30T03:30:00Z,1.350222897981645,21.948,648.2
2025-10-30T03:45:00Z,1.3512071499501488,21.957,648.7
2025-10-30T04:00:00Z,1.35153523393965,21.958,648.6
2025-10-30T04:15:00Z,1.3544879898451612,21.94,647.9
2025-10-30T04:30:00Z,1.3577688297401735,21.931,647.7
2025-10-30T04:45:00Z,1.3607215856456847,21.922,646.8
2025-10-30T05:00:00Z,1.3623620055931909,21.904,646
2025-10-30T05:15:00Z,1.363674341551203,21.852,643.8
2025-10-30T05:30:00Z,1.3559555335640283,21.757,639.1
2025-10-30T05:45:00Z,1.3589082894695395,21.629,636.2
2025-10-30T06:00:00Z,1.3612048773960481,21.547,635
2025-10-30T06:15:00Z,1.3641576333015593,21.481,635
2025-10-30T06:30:00Z,1.3697350611230874,21.4,633.3
2025-10-30T06:45:00Z,1.3766248249026134,21.32,631.9
2025-10-30T07:00:00Z,1.3831865046926382,21.211,628
2025-10-30T07:15:00Z,1.379732788569001,21.079,625.1
2025-10-30T07:30:00Z,1.3899033922435464,20.848,618
2025-10-30T07:45:00Z,1.394824652086065,20.766,617.6
2025-10-30T08:00:00Z,1.387762012077907,20.758,618.4
2025-10-30T08:15:00Z,1.3874339280884058,20.925,626.7
2025-10-30T08:30:00Z,1.393339439899428,20.854,634.1
2025-10-30T08:45:00Z,1.3820117080277612,20.841,635.4
2025-10-30T09:00:00Z,1.3806993720697633,20.906,638.5
2025-10-30T09:15:00Z,1.3784027841432547,21.016,640.7
2025-10-30T09:30:00Z,1.3680593042400773,20.907,637.4
2025-10-30T09:45:00Z,1.3716682281245909,20.809,634.9
2025-10-30T10:00:00Z,1.3834792517466425,20.52,628.5
2025-10-30T10:15:00Z,1.3972587793056945,20.023,613.4
2025-10-30T10:30:00Z,1.4166157346862676,19.334,591.7
2025-10-30T10:45:00Z,1.4192404066022846,19.048,579.1
2025-10-30T11:00:00Z,1.4110383068647465,19.155,579.6
2025-10-30T11:15:00Z,1.393649855421181,19.56,589.4
2025-10-30T11:30:00Z,1.389712847547166,19.566,590.7
2025-10-30T11:45:00Z,1.3785579919041169,19.687,592.2
2025-10-30T12:00:00Z,1.5490064586839338,19.837,595
2025-10-30T12:15:00Z,1.3698726004162154,19.891,592.9
2025-10-30T12:30:00Z,1.37529482047686,20.043,593.6
2025-10-30T12:45:00Z,1.3794047045795068,20.158,592.7
2025-10-30T13:00:00Z,1.3695621848944626,20.447,596.3
2025-10-30T13:15:00Z,1.3694069771335862,20.63,596.8
2025-10-30T13:30:00Z,1.3598925414380503,20.763,596.5
2025-10-30T13:45:00Z,1.3507061897320085,20.974,599.9
2025-10-30T14:00:00Z,1.3590811656981785,21.048,600.8
2025-10-30T14:15:00Z,1.3475982260656352,21.219,603.5
2025-10-30T14:30:00Z,1.353348530115781,21.428,609.4
2025-10-30T14:45:00Z,1.3513800261787665,21.561,611.9
2025-10-30T15:00:00Z,1.3484272702732554,21.726,616.9
2025-10-30T15:15:00Z,1.3545056583129096,21.794,618.6
2025-10-30T15:30:00Z,1.3525371543759022,21.856,620.7
2025-10-30T15:45:00Z,1.3366162466512108,21.894,622.3
2025-10-30T16:00:00Z,1.3433508026698675,21.912,621.3
2025-10-30T16:15:00Z,1.3436788866593687,21.93,618.9
2025-10-30T16:30:00Z,1.345319306606875,21.954,616.7
2025-10-30T16:45:00Z,1.3410542147433588,21.945,618.1
2025-10-30T17:00:00Z,1.339741878785354,21.946,617
2025-10-30T17:15:00Z,1.3390857108063514,21.962,617.1
2025-10-30T17:30:00Z,1.3400699627748551,21.982,616.1
2025-10-30T17:45:00Z,1.3381014588378477,21.983,615.6
2025-10-30T18:00:00Z,1.3403980467643564,21.989,614.4
2025-10-30T18:15:00Z,1.3410542147433588,21.968,612.3
2025-10-30T18:30:00Z,1.3443350546383712,21.931,609.6
2025-10-30T18:45:00Z,1.3499124824598923,21.905,607.4
2025-10-30T19:00:00Z,1.3525371543759022,21.875,605.2
2025-10-30T19:15:00Z,1.3518809863968997,21.834,603.1
2025-10-30T19:30:00Z,1.350896734428396,21.797,601.1
2025-10-30T19:45:00Z,1.3479439785228848,21.777,599.5
2025-10-30T20:00:00Z,1.3515529024073984,21.765,598.4
2025-10-30T20:15:00Z,1.3525371543759022,21.757,597.4
2025-10-30T20:30:00Z,1.3571303302289195,21.757,596.9
2025-10-30T20:45:00Z,1.3597550021449294,21.763,596.5
2025-10-30T21:00:00Z,1.3640200940084526,21.776,596.7
2025-10-30T21:15:00Z,1.3663166819349613,21.774,596.1
2025-10-30T21:30:00Z,1.3689413538509712,21.779,596
2025-10-30T21:45:00Z,1.3543327820842777,21.784,595.6
2025-10-30T22:00:00Z,1.3536766141052823,21.784,595.6
2025-10-30T22:15:00Z,1.358925957937302,21.782,594.9
2025-10-30T22:30:00Z,1.3512071499501488,21.77,593.8
2025-10-30T22:45:00Z,1.3505509819711463,21.753,592.6
2025-10-30T23:00:00Z,1.3469420580866327,21.752,592
2025-10-30T23:15:00Z,1.3413646302651117,21.745,590.8
2025-10-30T23:30:00Z,1.3393961263281042,21.738,590.2
2025-10-30T23:45:00Z,1.3492386460131414,21.729,589.2
2025-10-31T00:00:00Z,1.3498948139921438,21.729,588.5
2025-10-31T00:15:00Z,1.360238293895307,21.73,588.2
2025-10-31T00:30:00Z,1.3608944618743095,21.714,587.4
2025-10-31T00:45:00Z,1.3462858901076302,21.683,586.1
2025-10-31T01:00:00Z,1.3558003258031661,21.659,584.7
2025-10-31T01:15:00Z,1.3554722418136649,21.616,583.3
2025-10-31T01:30:00Z,1.3574407457506723,21.573,581.4
2025-10-31T01:45:00Z,1.3580969137296748,21.542,580.3
2025-10-31T02:00:00Z,1.3538318218661587,21.504,579.1
2025-10-31T02:15:00Z,1.3521914019186525,21.472,577.8
2025-10-31T02:30:00Z,1.3434883419629813,21.432,576.5
2025-10-31T02:45:00Z,1.3474253498369961,21.376,574.2
2025-10-31T03:00:00Z,1.3617058376141884,21.333,572.4
2025-10-31T03:15:00Z,1.3646585935196995,21.326,572
2025-10-31T03:30:00Z,1.365314761498702,21.318,572
2025-10-31T03:45:00Z,1.37351686123624,21.287,571.3
2025-10-31T04:00:00Z,1.360876793406554,21.244,570.2
2025-10-31T04:15:00Z,1.3684227251650825,21.156,567.2
2025-10-31T04:30:00Z,1.3779371608606183,21.055,564
2025-10-31T04:45:00Z,1.384498840650643,20.958,561.9
2025-10-31T05:00:00Z,1.3780923686214948,20.875,559.9
2025-10-31T05:15:00Z,1.3800608725585022,20.831,558.8
2025-10-31T05:30:00Z,1.3918718961805538,20.768,557.7
2025-10-31T05:45:00Z,1.3857935081408996,20.727,557.5
2025-10-31T06:00:00Z,1.3810274560592646,20.795,564.5
2025-10-31T06:15:00Z,1.3874339280884058,20.925,570.1
2025-10-31T06:30:00Z,1.3654346323240674,21.001,597.7
2025-10-31T06:45:00Z,1.3723243961036005,21.122,607.8
2025-10-31T07:00:00Z,1.3792141598831194,21.196,612
2025-10-31T07:15:00Z,1.3857758396731512,21.245,615.1
2025-10-31T07:30:00Z,1.393649855421181,21.281,618
2025-10-31T07:45:00Z,1.392164643234544,21.293,620.1
2025-10-31T08:00:00Z,1.38346158327888,21.272,620.1
2025-10-31T08:15:00Z,1.3873985911529019,21.26,619.1
2025-10-31T08:30:00Z,1.385913378966272,21.195,616
2025-10-31T08:45:00Z,1.3798349909266179,21.13,615.2
2025-10-31T09:00:00Z,1.3811473268846228,21.05,610.7
2025-10-31T09:15:00Z,1.3747408548554674,21,608.8
2025-10-31T09:30:00Z,1.3750689388449686,20.882,603.9
2025-10-31T09:45:00Z,1.3634131229838005,20.869,604.7
2025-10-31T10:00:00Z,1.36406929096281,20.762,604.9
2025-10-31T10:15:00Z,1.3660377948998104,20.755,606.5
2025-10-31T10:30:00Z,1.3578356951622794,20.78,607.4
2025-10-31T10:45:00Z,1.362756955004798,20.716,607
2025-10-31T11:00:00Z,1.3689905508053286,20.55,603.9
2025-10-31T11:15:00Z,1.3745679786268497,20.311,600.1
2025-10-31T11:30:00Z,1.3855676265090153,20.117,597.1
2025-10-31T11:45:00Z,1.3716152227213385,20.14,598.7
2025-10-31T12:00:00Z,1.5453445293961536,20.145,599.8
2025-10-31T12:15:00Z,1.3496335954247485,20.273,603.7
2025-10-31T12:30:00Z,1.3586647393699067,20.372,605.2
2025-10-31T12:45:00Z,1.3543996475063835,20.471,603.6
2025-10-31T13:00:00Z,1.3545725237350155,20.573,602.7
2025-10-31T13:15:00Z,1.3567139039006548,20.737,604.6
2025-10-31T13:30:00Z,1.3449028802786032,20.84,606.9
2025-10-31T13:45:00Z,1.3373569485200747,20.932,606.6
2025-10-31T14:00:00Z,1.3414668326227144,21.039,607.5
2025-10-31T14:15:00Z,1.3372017407591983,21.127,606.9
2025-10-31T14:30:00Z,1.3475452206623686,21.243,607.5
2025-10-31T14:45:00Z,1.3536236087020228,21.365,609
2025-10-31T15:00:00Z,1.3536236087020228,21.414,608.5
2025-10-31T15:15:00Z,1.3506708527965117,21.457,607.7
2025-10-31T15:30:00Z,1.345749592953986,21.487,607.2
2025-10-31T15:45:00Z,1.3424687530589807,21.511,606.8
2025-10-31T16:00:00Z,1.3424687530589807,21.515,605.6
2025-10-31T16:15:00Z,1.3418125850799782,21.514,603.5
2025-10-31T16:30:00Z,1.3505156450356353,21.504,601.5
2025-10-31T16:45:00Z,1.3492033090776303,21.482,599.3
2025-10-31T17:00:00Z,1.3518279809936402,21.452,597
2025-10-31T17:15:00Z,1.352812232962144,21.42,594.6
2025-10-31T17:30:00Z,1.358389660783672,21.39,592.3
2025-10-31T17:45:00Z,1.3587177447731733,21.368,589.9
2025-10-31T18:00:00Z,1.3656075085526993,21.34,588
2025-10-31T18:15:00Z,1.367904096479208,21.319,586.3
2025-10-31T18:30:00Z,1.373481524300729,21.307,584.6
2025-10-31T18:45:00Z,1.3631380443975587,21.298,583.3
2025-10-31T19:00:00Z,1.367731220250576,21.271,581.6
2025-10-31T19:15:00Z,1.367731220250576,21.267,580.3
2025-10-31T19:30:00Z,1.3716682281245909,21.266,579.9
2025-10-31T19:45:00Z,1.363293252158435,21.252,577.9
2025-10-31T20:00:00Z,1.3649336721059342,21.27,577.8
2025-10-31T20:15:00Z,1.3691987639694574,21.275,577.7
2025-10-31T20:30:00Z,1.375432359769981,21.267,577.5
2025-10-31T20:45:00Z,1.369682055719828,21.228,576.2
2025-10-31T21:00:00Z,1.3723067276358378,21.161,574.4
2025-10-31T21:15:00Z,1.373947147583344,21.134,572.9
2025-10-31T21:30:00Z,1.3685249275227065,21.069,570.7
2025-10-31T21:45:00Z,1.3708215154492152,20.993,568.6
2025-10-31T22:00:00Z,1.3718057674177118,20.925,565.8
2025-10-31T22:15:00Z,1.3711495994387164,20.901,564.7
2025-10-31T22:30:00Z,1.3631027074620476,20.87,563.1
2025-10-31T22:45:00Z,1.3640869594305585,20.83,561.2
2025-10-31T23:00:00Z,1.3670397153360696,20.774,558.8
2025-10-31T23:15:00Z,1.3800078671552427,20.726,557.2
2025-10-31T23:30:00Z,1.371632891189087,20.706,555.9
2025-10-31T23:45:00Z,1.3755698990631018,20.646,553.6
2025-11-01T00:00:00Z,1.3775384030001092,20.579,550.9
2025-11-01T00:15:00Z,1.3814754108741312,20.508,548.4
2025-11-01T00:30:00Z,1.3837719988006327,20.438,545.6
2025-11-01T00:45:00Z,1.3844281667796423,20.398,543.4
2025-11-01T01:00:00Z,1.385412418748139,20.347,541.6
2025-11-01T01:15:00Z,1.3877090066746476,20.319,539.4
2025-11-01T01:30:00Z,1.3886932586431513,20.276,537.5
2025-11-01T01:45:00Z,1.3913179305591612,20.192,533.9
2025-11-01T02:00:00Z,1.3900055946011562,20.141,531.7
2025-11-01T02:15:00Z,1.3773655267714773,20.103,529.3
2025-11-01T02:30:00Z,1.3750689388449686,20.079,528
2025-11-01T02:45:00Z,1.3721161829394575,20.034,526
2025-11-01T03:00:00Z,1.3873809226851463,20.032,525
2025-11-01T03:15:00Z,1.3890213426326596,20.038,524.5
2025-11-01T03:30:00Z,1.3942706864646794,20.019,523.3
2025-11-01T03:45:00Z,1.399692906525324,20.139,526.8
2025-11-01T04:00:00Z,1.3952549384331832,20.07,524.8
2025-11-01T04:15:00Z,1.4021447022127091,20.006,524.2
2025-11-01T04:30:00Z,1.406081710086724,19.933,522.1
2025-11-01T04:45:00Z,1.4110029699292426,19.845,520.3
2025-11-01T05:00:00Z,1.4082054217846078,19.858,519.9
2025-11-01T05:15:00Z,1.4144390175851242,19.819,519.2
2025-11-01T05:30:00Z,1.4183760254591462,19.834,519.7
2025-11-01T05:45:00Z,1.4116414694404966,19.84,519.5
2025-11-01T06:00:00Z,1.414922309335509,19.833,519.7
2025-11-01T06:15:00Z,1.3993294856003118,19.958,521.4
2025-11-01T06:30:00Z,1.3907993018732796,20.379,537.1
2025-11-01T06:45:00Z,1.3640516224950545,20.962,558.7
2025-11-01T07:00:00Z,1.3696290503165756,21.001,564.4
2025-11-01T07:15:00Z,1.372909890211588,21.083,570.1
2025-11-01T07:30:00Z,1.3778311500541065,21.091,576.3
2025-11-01T07:45:00Z,1.3807839059596176,21.148,578.7
2025-11-01T08:00:00Z,1.3855322895735043,20.765,574.2
2025-11-01T08:15:00Z,1.3943905572900377,20.629,571.8
2025-11-01T08:30:00Z,1.387656001271388,20.625,580.5
2025-11-01T08:45:00Z,1.3896245052084026,20.467,577.7
2025-11-01T09:00:00Z,1.3851865371162546,20.373,577
2025-11-01T09:15:00Z,1.3822337812107435,20.481,576.4
2025-11-01T09:30:00Z,1.3692656293915704,20.511,576.1
2025-11-01T09:45:00Z,1.3712341333285778,20.531,575.8
2025-11-01T10:00:00Z,1.374186889234089,20.412,568.3
2025-11-01T10:00:00Z,1.374186889234089,20.412,568.3
2025-11-01T10:15:00Z,1.3777958131186026,20.372,567.1
2025-11-01T10:30:00Z,1.3754992251920939,20.411,565.4
2025-11-01T10:45:00Z,1.3695937133810716,20.503,566
2025-11-01T11:00:00Z,1.3627039496015385,20.631,568.8
2025-11-01T11:15:00Z,1.3643443695490518,20.525,568.2
2025-11-01T11:30:00Z,1.363360117580548,20.278,564.1
2025-11-01T11:45:00Z,1.362047781622536,20.05,559.4
2025-11-01T12:00:00Z,1.537089424255356,19.858,556.4
2025-11-01T12:15:00Z,1.370750841578193,19.513,546.3
2025-11-01T12:30:00Z,1.3797819855233584,19.384,541.6
2025-11-01T12:45:00Z,1.3742045577018374,19.379,541.1
2025-11-01T13:00:00Z,1.383891869625998,19.329,539.4
2025-11-01T13:15:00Z,1.386689417770647,19.299,537.9
2025-11-01T13:30:00Z,1.3837366618651359,19.343,538.2
2025-11-01T13:45:00Z,1.3871903779887589,19.377,538
2025-11-01T14:00:00Z,1.3881746299572697,19.399,538.4
2025-11-01T14:15:00Z,1.39589343794443,19.418,538.3
2025-11-01T14:30:00Z,1.3975338578919363,19.448,538.5
2025-11-01T14:45:00Z,1.3926125980494177,19.475,538.7
2025-11-01T15:00:00Z,1.3896598421439066,19.49,539.1
2025-11-01T15:15:00Z,1.3986909860890648,19.498,538.5
2025-11-01T15:30:00Z,1.3950820622045512,19.491,537.5
2025-11-01T15:45:00Z,1.3908169703410351,19.481,536.3
2025-11-01T16:00:00Z,1.3901608023620327,19.479,535
2025-11-01T16:15:00Z,1.3918012223095388,19.476,533.9
2025-11-01T16:30:00Z,1.4064097940762252,19.468,532.5
2025-11-01T16:45:00Z,1.4028008701917116,19.451,531.1
2025-11-01T17:00:00Z,1.403457038170714,19.418,529.4
2025-11-01T17:15:00Z,1.406081710086724,19.391,528
2025-11-01T17:30:00Z,1.4054255421077215,19.392,527.1
2025-11-01T17:45:00Z,1.4054255421077215,19.379,525.5
2025-11-01T18:00:00Z,1.4106748859397413,19.366,524.3
2025-11-01T18:15:00Z,1.4139557258347537,19.356,523.2
2025-11-01T18:30:00Z,1.4188769856772723,19.36,522.6
2025-11-01T18:45:00Z,1.4247824974883017,19.372,521.7
2025-11-01T19:00:00Z,1.4101739257216153,19.393,521.6
2025-11-01T19:15:00Z,1.409845841732107,19.41,520.4
2025-11-01T19:30:00Z,1.3981900258709388,19.493,521.4
2025-11-01T19:45:00Z,1.3978619418814375,19.46,520.2
2025-11-01T20:00:00Z,1.3975338578919363,19.523,520.8
2025-11-01T20:15:00Z,1.4008146977869487,19.542,520.2
2025-11-01T20:30:00Z,1.402455117734462,19.586,520.2
2025-11-01T20:45:00Z,1.409344881513988,19.52,519
2025-11-01T21:00:00Z,1.4159065613040127,19.491,517
2025-11-01T21:00:00Z,1.4159065613040127,19.491,517
2025-11-01T21:15:00Z,1.413609973377504,19.557,517.5
2025-11-01T21:30:00Z,1.400969905547818,19.545,516.4
2025-11-01T21:45:00Z,1.4006418215583167,19.507,515.6
2025-11-01T22:00:00Z,1.3942353495291755,19.454,512.7
2025-11-01T22:15:00Z,1.3994846933611953,19.449,511.9
2025-11-01T22:30:00Z,1.4137651811383662,19.418,511.1
2025-11-01T22:45:00Z,1.419014524970386,19.399,510.2
2025-11-01T23:00:00Z,1.409983381025235,19.365,509.1
2025-11-01T23:15:00Z,1.4109676329937386,19.363,508.7
2025-11-01T23:30:00Z,1.4006241530905683,19.314,506.9
2025-11-01T23:45:00Z,1.4039049929855807,19.279,505
2025-11-02T00:00:00Z,1.4075139168700943,19.234,502.9
2025-11-02T00:15:00Z,1.4137475126706178,19.179,501.2
2025-11-02T00:30:00Z,1.4157160166076252,19.15,499.8
2025-11-02T00:45:00Z,1.4150598486286228,19.132,499.3
2025-11-02T01:00:00Z,1.4007793608514447,19.08,497.9
2025-11-02T01:00:00Z,1.4121070927231116,19.08,497.9
2025-11-02T01:15:00Z,1.3925772611139138,19.079,497
2025-11-02T01:15:00Z,1.4039049929855807,19.079,497
2025-11-02T01:30:00Z,1.39159300914541,19.045,495.6
2025-11-02T01:30:00Z,1.402920741017077,19.045,495.6
2025-11-02T01:45:00Z,1.3948738490404224,19.029,495.1
2025-11-02T01:45:00Z,1.4062015809120894,19.029,495.1
2025-11-02T02:00:00Z,1.4117790087336104,19.001,494.3
2025-11-02T02:15:00Z,1.4075139168700943,18.978,493
2025-11-02T02:30:00Z,1.3942353495291755,19.697,521.9
2025-11-02T02:45:00Z,1.3873455857496495,19.669,523.9
2025-11-02T03:00:00Z,1.388001753728652,19.722,526.8
2025-11-02T03:15:00Z,1.3930958897997883,19.732,528.2
2025-11-02T03:30:00Z,1.3917835538417762,19.684,527.6
2025-11-02T03:45:00Z,1.3827524098966322,19.661,526.9
2025-11-02T04:00:00Z,1.391455469852275,19.659,528
2025-11-02T04:15:00Z,1.383253370114744,19.706,529.7
2025-11-02T04:30:00Z,1.3812848661777366,19.681,530.6
2025-11-02T04:45:00Z,1.3855499580412598,19.752,533.7
2025-11-02T05:00:00Z,1.3862061260202552,19.678,533.7
2025-11-02T05:15:00Z,1.3911273858627808,19.64,533.6
2025-11-02T05:15:00Z,1.3911273858627808,19.64,533.6
2025-11-02T05:30:00Z,1.3907993018732796,19.624,534
2025-11-02T05:45:00Z,1.4008146977869487,19.611,533.8
2025-11-02T06:00:00Z,1.3935968500179214,19.604,532.3
2025-11-02T06:15:00Z,1.390316010122909,19.774,536.6
2025-11-02T06:30:00Z,1.3870351702278967,19.941,541.7
2025-11-02T06:45:00Z,1.3780040262827242,19.968,543.9
2025-11-02T07:00:00Z,1.3809567821882354,20.028,549.2
2025-11-02T07:15:00Z,1.381941034156739,20.13,554
2025-11-02T07:30:00Z,1.3725818062220867,20.197,560.9
2025-11-02T07:45:00Z,1.3843928298441384,20.172,561.3
2025-11-02T08:00:00Z,1.3737035974837042,20.157,562.7
2025-11-02T08:15:00Z,1.3709060493390766,20.234,564.8
2025-11-02T08:30:00Z,1.378451981097605,20.218,567.1
2025-11-02T08:45:00Z,1.3868092885960053,19.764,553.3
2025-11-02T09:00:00Z,1.3774500606613387,19.872,556.1
2025-11-02T09:15:00Z,1.3879487483253854,19.743,553.8
2025-11-02T09:30:00Z,1.385980244388378,19.68,551.3
2025-11-02T09:45:00Z,1.3841846166799954,19.807,556.4
2025-11-02T10:00:00Z,1.3917305484385238,19.716,556.7
2025-11-02T10:15:00Z,1.3933709683860371,19.671,555.9
2025-11-02T10:30:00Z,1.395995640302047,19.483,551.7
2025-11-02T10:45:00Z,1.3999326481760619,19.375,547.5
2025-11-02T11:00:00Z,1.3992764801970594,19.299,545.3
2025-11-02T11:15:00Z,1.4046987002577112,19.163,541.9
2025-11-02T11:30:00Z,1.4078243323918471,19.093,539.1
2025-11-02T11:45:00Z,1.4102937965469806,19.036,538.8
2025-11-02T12:00:00Z,1.5628528516650917,19.108,538.7
2025-11-02T12:15:00Z,1.408498168838598,19.051,539.1
2025-11-02T12:30:00Z,1.409983381025235,18.983,536.6
2025-11-02T12:45:00Z,1.404405953203721,19.021,538
2025-11-02T13:00:00Z,1.4062192493798378,18.986,536.4
2025-11-02T13:15:00Z,1.4100010494929904,18.995,536.3
2025-11-02T13:30:00Z,1.4065650018370945,19.04,535.9
2025-11-02T13:45:00Z,1.3993471540680673,19.066,535.1
2025-11-02T14:00:00Z,1.3975515263596918,19.076,534.5
2025-11-02T14:15:00Z,1.403629914399346,19.13,534.4
2025-11-02T14:30:00Z,1.4013333264728303,19.213,535.6
2025-11-02T14:45:00Z,1.4016614104623315,19.325,538.3
2025-11-02T15:00:00Z,1.3914908067877931,19.556,543
2025-11-02T15:15:00Z,1.3855852949767709,19.917,550.9
2025-11-02T15:30:00Z,1.3767270272602374,20.062,560.9
2025-11-02T15:45:00Z,1.3826325390712526,20.123,562.9
2025-11-02T16:00:00Z,1.3713048071995786,20.225,567.1
2025-11-02T16:15:00Z,1.3773831952392328,20.357,571.3
2025-11-02T16:30:00Z,1.3772279874783564,20.398,571.9
2025-11-02T16:45:00Z,1.3749313995518477,20.406,570.6
2025-11-02T17:00:00Z,1.37821223944686,20.402,568
2025-11-02T17:15:00Z,1.3685249275227065,20.389,563.7
2025-11-02T17:30:00Z,1.372133851407213,20.35,560
2025-11-02T17:45:00Z,1.3773831952392328,20.316,557.4
2025-11-02T18:00:00Z,1.3693363032625783,20.285,554.9
2025-11-02T18:15:00Z,1.374585647094598,20.251,552.8
2025-11-02T18:30:00Z,1.377210319010608,20.223,550.4
2025-11-02T18:45:00Z,1.382787746832129,20.213,548.6
2025-11-02T19:00:00Z,1.3767093587924748,20.17,546.2
2025-11-02T19:15:00Z,1.3760531908134723,20.122,544.1
2025-11-02T19:30:00Z,1.3863966707166426,20.09,542.2
2025-11-02T19:45:00Z,1.3850843347586377,20.073,541.1
2025-11-02T20:00:00Z,1.377037442781976,20.083,539.7
2025-11-02T20:15:00Z,1.3816306186349934,20.084,539.2
2025-11-02T20:30:00Z,1.3857228342698917,20.058,537.2
2025-11-02T20:45:00Z,1.378988278251228,20.008,535
2025-11-02T21:00:00Z,1.381941034156739,19.947,532.7
2025-11-02T21:15:00Z,1.388502713946771,19.923,532
2025-11-02T21:30:00Z,1.3930958897997883,19.898,530.6
2025-11-02T21:45:00Z,1.3921116378312774,19.837,528.2
2025-11-02T22:00:00Z,1.3911273858627808,19.815,527.4
2025-11-02T22:15:00Z,139191.68262117633,19.764,525.5
2025-11-02T22:30:00Z,1.3912825936236644,19.744,524.5
2025-11-02T22:45:00Z,1.3925949295816693,19.746,523.9
2025-11-02T23:00:00Z,1.3873455857496495,19.731,522.9
2025-11-02T23:15:00Z,1.3868622939992576,19.73,522.6
2025-11-02T23:30:00Z,1.3975338578919363,19.699,521.4
2025-11-02T23:45:00Z,1.385878042030754,19.669,519.6
2025-11-03T00:00:00Z,1.3875184619782672,19.655,518.8
2025-11-03T00:15:00Z,1.385878042030754,19.649,518.1
2025-11-03T00:30:00Z,1.3965496059234397,19.643,517.6
2025-11-03T00:45:00Z,1.3901431338942771,19.621,516.7
2025-11-03T01:00:00Z,1.3881746299572697,19.593,515.3
2025-11-03T01:15:00Z,1.3871903779887589,19.582,514.2
2025-11-03T01:30:00Z,1.3965496059234397,19.555,512.8
2025-11-03T01:45:00Z,1.3896598421439066,19.534,512.1
2025-11-03T02:00:00Z,1.3919564300704153,19.505,510.8
2025-11-03T02:15:00Z,1.3980348181100624,19.469,509.4
2025-11-03T02:30:00Z,1.401643741994576,19.456,508.4
2025-11-03T02:45:00Z,1.392940682038919,19.432,507.8
2025-11-03T03:00:00Z,1.3906440941124103,19.441,507.6
2025-11-03T03:15:00Z,1.3909721781019115,19.479,507.7
2025-11-03T03:30:00Z,1.39589343794443,19.469,506.8
2025-11-03T03:45:00Z,1.388830797936265,19.46,507
2025-11-03T04:00:00Z,1.391455469852275,19.53,507.4
2025-11-03T04:15:00Z,1.3883298377181532,19.504,506.5
2025-11-03T04:30:00Z,1.3942353495291755,19.48,505.9
2025-11-03T04:45:00Z,1.3981723574031903,19.443,504.8
2025-11-03T05:00:00Z,1.4001408613401978,19.39,502.8
2025-11-03T05:15:00Z,1.3914378013845266,19.426,502
2025-11-03T05:30:00Z,1.392093969363529,19.399,500.7
2025-11-03T05:45:00Z,1.393406305321534,19.349,500
2025-11-03T06:00:00Z,1.3888131294685166,19.596,502.3
2025-11-03T06:15:00Z,1.3914378013845266,19.62,512.3
2025-11-03T06:30:00Z,1.3840470773868816,19.552,512.5
2025-11-03T06:45:00Z,1.3889683372294002,19.501,512.3
2025-11-03T07:00:00Z,1.3938895970719187,19.476,512.7
2025-11-03T07:15:00Z,1.3889683372294002,19.558,515
2025-11-03T07:30:00Z,1.3899525891979039,19.538,515.5
2025-11-03T07:45:00Z,1.3952019330299237,19.51,515.1
2025-11-03T08:00:00Z,1.388467377011267,19.511,516
2025-11-03T08:15:00Z,1.3930605528642843,19.577,518.8
2025-11-03T08:30:00Z,1.3933886368537856,19.615,526.6
2025-11-03T08:45:00Z,1.3943728888222893,19.487,525.4
2025-11-03T09:00:00Z,1.3947009728117976,19.372,524.4
2025-11-03T09:15:00Z,1.3874831250427633,19.636,532.1
2025-11-03T09:30:00Z,1.3878112090322645,19.693,541.6
2025-11-03T09:45:00Z,1.3891235449902695,19.658,545.6
2025-11-03T10:00:00Z,1.3738588052445877,19.904,553.7
2025-11-03T10:15:00Z,1.3761553931710964,19.957,560.1
2025-11-03T10:15:00Z,1.3761553931710964,19.957,560.1
2025-11-03T10:30:00Z,1.3819056972212351,19.959,560.7
2025-11-03T10:45:00Z,1.3835461171687484,19.9,560.2
2025-11-03T11:00:00Z,1.384530369137245,19.81,558.5
2025-11-03T11:15:00Z,1.384530369137245,19.737,558.1
2025-11-03T11:30:00Z,1.3822337812107435,19.67,556.7
2025-11-03T11:45:00Z,1.382078573449867,19.864,563.2
2025-11-03T12:00:00Z,1.5489181163451562,19.955,566.3
2025-11-03T12:15:00Z,1.3750336019094647,19.951,568.5
2025-11-03T12:30:00Z,1.3814400739386272,19.921,568.9
2025-11-03T12:45:00Z,1.3781592340436077,19.945,571.2
2025-11-03T13:00:00Z,1.3735660581905904,20.021,572.8
2025-11-03T13:15:00Z,1.3786601942617267,20.115,574.6
2025-11-03T13:30:00Z,1.378988278251228,20.158,571
2025-11-03T13:45:00Z,1.3704580945241958,20.392,576.5
2025-11-03T14:00:00Z,1.361271742818161,20.587,580
2025-11-03T14:15:00Z,1.36669396287882,20.649,579.7
2025-11-03T14:30:00Z,1.3591480311202844,20.747,579.1
2025-11-03T14:45:00Z,1.353242519309262,20.853,580.4
2025-11-03T15:00:00Z,1.363257915222924,20.916,581.5
2025-11-03T15:15:00Z,1.353415395537887,20.964,584.3
2025-11-03T15:30:00Z,1.3504626396323758,20.991,585.6
2025-11-03T15:45:00Z,1.3514468916008795,20.985,585.1
2025-11-03T16:00:00Z,1.3599770753279046,20.971,583
2025-11-03T16:15:00Z,1.3538986872882646,20.948,578.4
2025-11-03T16:30:00Z,1.3525863513302596,20.917,575.9
2025-11-03T16:45:00Z,1.3555391072357708,20.884,573.3
2025-11-03T17:00:00Z,1.3624288710152967,20.844,570.6
2025-11-03T17:15:00Z,1.3621007870257955,20.798,567.1
2025-11-03T17:30:00Z,1.3614446190468001,20.769,565.3
2025-11-03T17:45:00Z,1.3617727030363014,20.734,562.8
2025-11-03T18:00:00Z,1.3589751548916453,20.69,560.2
2025-11-03T18:15:00Z,1.3632402467551685,20.671,557.9
2025-11-03T18:30:00Z,1.3615998268076552,20.651,555.6
2025-11-03T18:45:00Z,1.361271742818161,20.62,553.3
2025-11-03T19:00:00Z,1.369646718784331,20.603,551.6
2025-11-03T19:15:00Z,1.3615998268076552,20.583,549.8
2025-11-03T19:30:00Z,1.3678334226081859,20.565,548.3
2025-11-03T19:45:00Z,1.3666762944110644,20.538,546.5
2025-11-03T20:00:00Z,1.3725818062220867,20.524,545.1
2025-11-03T20:15:00Z,1.3651910822244275,20.519,544
2025-11-03T20:30:00Z,1.3648629982349263,20.514,542.9
2025-11-03T20:45:00Z,1.3648629982349263,20.493,541.3
2025-11-03T21:00:00Z,1.3674876701509362,20.475,540.2
2025-11-03T21:15:00Z,1.371424678024951,20.456,539
2025-11-03T21:30:00Z,1.374377433930455,20.422,537.4
2025-11-03T21:45:00Z,1.3686271298803163,20.384,535.6
2025-11-03T22:00:00Z,1.3692832978593188,20.368,533.9
2025-11-03T22:15:00Z,1.3686271298803163,20.346,532.4
2025-11-03T22:30:00Z,1.3689552138698176,20.315,531.3
2025-11-03T22:45:00Z,1.3812671977099882,20.294,530.6
2025-11-03T23:00:00Z,1.3715798857858275,20.27,529.3
2025-11-03T23:15:00Z,1.3774853975968497,20.255,528.5
2025-11-03T23:30:00Z,1.3797819855233584,20.246,527
2025-11-03T23:45:00Z,1.370422757588699,20.219,525.4
2025-11-04T00:00:00Z,1.374687849452215,20.194,523.8
2025-11-04T00:15:00Z,1.3809214452527385,20.159,522.2
2025-11-04T00:30:00Z,1.3825618652002447,20.119,520.1
2025-11-04T00:45:00Z,1.3738588052445877,20.064,517.5
2025-11-04T01:00:00Z,1.3751711412025927,20.043,516.3
2025-11-04T01:15:00Z,1.3761553931710964,20.023,515.2
2025-11-04T01:30:00Z,1.3855146211057559,20.009,513.7
2025-11-04T01:45:00Z,1.3761553931710964,19.985,511.7
2025-11-04T02:00:00Z,1.3800924010451112,19.957,510.3
2025-11-04T02:15:00Z,1.3791081490766075,19.939,508.9
2025-11-04T02:30:00Z,1.387155041053255,19.909,506.7
2025-11-04T02:45:00Z,1.3861707890847583,19.851,504.4
2025-11-04T03:00:00Z,1.384202285147751,19.793,501.3
2025-11-04T03:15:00Z,1.3835461171687484,19.74,499.2
2025-11-04T03:30:00Z,1.3832180331792472,19.728,498.8
2025-11-04T03:45:00Z,1.3825618652002447,19.746,498.7
2025-11-04T04:00:00Z,1.3883121692503906,19.74,498.4
2025-11-04T04:15:00Z,1.3825618652002447,19.733,497.5
2025-11-04T04:30:00Z,1.3874831250427633,19.737,496.7
2025-11-04T04:45:00Z,1.3820609049821186,19.705,494.9
2025-11-04T05:00:00Z,1.3863259968456347,19.705,492.8
2025-11-04T05:15:00Z,1.3896068367406471,19.671,489.1
2025-11-04T05:30:00Z,1.3902630047196496,19.648,486.2
2025-11-04T05:45:00Z,1.3912472566881604,19.618,483.6
2025-11-04T06:00:00Z,1.3919034246671558,19.578,479.1
2025-11-04T06:15:00Z,1.394856180572667,19.543,475
2025-11-04T06:30:00Z,1.3991212724361901,19.445,470.8
2025-11-04T06:45:00Z,1.3969798922705507,19.346,465.5
2025-11-04T07:00:00Z,1.402885404081573,19.295,460.3
2025-11-04T07:15:00Z,1.3935261761469064,19.326,454.8
2025-11-04T07:30:00Z,1.3892610842833903,19.61,462.6
2025-11-04T07:45:00Z,1.3931980921574052,19.674,474.3
2025-11-04T08:00:00Z,1.3835107802332374,19.694,482.8
2025-11-04T08:15:00Z,1.3838388642227386,19.746,489.3
2025-11-04T08:30:00Z,1.3841669482122398,19.722,494.5
2025-11-04T08:45:00Z,1.3831826962437361,19.648,495.2
2025-11-04T09:00:00Z,1.388432040075756,19.579,495
2025-11-04T09:15:00Z,1.3900724600232692,19.517,494.3
2025-11-04T09:30:00Z,1.3930252159287804,19.412,492.7
2025-11-04T09:45:00Z,1.3917128799707683,19.398,492.3
2025-11-04T10:00:00Z,1.3933532999182745,19.41,492.2
2025-11-04T10:15:00Z,1.3900724600232692,19.412,494.7
2025-11-04T10:30:00Z,1.3867916201282497,19.419,496.1
2025-11-04T10:45:00Z,1.3754638882565828,19.474,498
2025-11-04T11:00:00Z,1.3738234683090766,19.576,499.6
2025-11-04T11:15:00Z,1.3705426284140643,19.639,501.7
2025-11-04T11:30:00Z,1.3736682605482002,19.763,505
2025-11-04T11:45:00Z,1.3687470007056817,19.832,508.1
2025-11-04T12:00:00Z,1.5304924075298274,19.902,509.6
2025-11-04T12:15:00Z,1.3705602968818127,19.913,510.6
2025-11-04T12:30:00Z,1.375326348963462,19.803,508.8
2025-11-04T12:45:00Z,1.3704050891209434,19.79,509
2025-11-04T13:00:00Z,1.3745149732235902,19.869,511.3
2025-11-04T13:15:00Z,1.3669690414650617,20.002,514.5
2025-11-04T13:30:00Z,1.376328269399714,19.955,515.3
2025-11-04T13:45:00Z,1.3635329938091658,19.976,516.9
2025-11-04T14:00:00Z,1.3641891617881683,20.073,520
2025-11-04T14:15:00Z,1.3615644898721584,20.137,523.9
2025-11-04T14:30:00Z,1.366658625943309,20.203,529.6
2025-11-04T14:45:00Z,1.362721618069294,20.262,531.5
2025-11-04T15:00:00Z,1.3591126941847804,20.413,538.4
2025-11-04T15:15:00Z,1.3617373661007903,20.414,547.7
2025-11-04T15:30:00Z,1.357144190247773,20.418,549.2
2025-11-04T15:45:00Z,1.3661753341929241,20.437,549.6
2025-11-04T16:00:00Z,1.359768862163783,20.395,551
2025-11-04T16:15:00Z,1.3578003582267684,20.37,550.2
2025-11-04T16:30:00Z,1.3681438381299387,20.317,549.3
2025-11-04T16:45:00Z,1.3668315021719266,20.331,548.7
2025-11-04T17:00:00Z,1.36584725020343,20.307,548.8
2025-11-04T17:15:00Z,1.3694561740879365,20.288,548.3
2025-11-04T17:30:00Z,1.3694561740879365,20.268,547.2
2025-11-04T17:45:00Z,1.3710965940354498,20.268,546.2
2025-11-04T18:00:00Z,1.371424678024951,20.277,545.8
2025-11-04T18:15:00Z,1.3623935340797928,20.271,544.2
2025-11-04T18:30:00Z,1.364033954027299,20.268,542.6
2025-11-04T18:45:00Z,1.3656743739748052,20.297,542.4
2025-11-04T19:00:00Z,1.3669867099328101,20.313,543
2025-11-04T19:15:00Z,1.3715798857858275,20.328,543.3
2025-11-04T19:30:00Z,1.3645172457776695,20.352,543.8
2025-11-04T19:45:00Z,1.3655014977461732,20.366,544
2025-11-04T20:00:00Z,1.3663128734860592,20.371,543
2025-11-04T20:15:00Z,1.3690927531629384,20.383,542.5
2025-11-04T20:30:00Z,1.3643267010812892,20.386,541.6
2025-11-04T20:45:00Z,1.3666232890077978,20.396,541.1
2025-11-04T21:00:00Z,1.3631695728841606,20.405,540.4
2025-11-04T21:15:00Z,1.3628414888946594,20.415,540
2025-11-04T21:30:00Z,1.3674346647476767,20.423,539.6
2025-11-04T21:45:00Z,1.363324780645037,20.427,539.2
2025-11-04T22:00:00Z,1.3662775365505482,20.427,538.7
2025-11-04T22:15:00Z,1.3623405286765333,20.427,538.6
2025-11-04T22:30:00Z,1.3652932845820445,20.431,538.3
2025-11-04T22:45:00Z,1.3574192688340148,20.452,540
2025-11-04T23:00:00Z,1.3662952050183037,20.49,539.7
2025-11-04T23:00:00Z,1.3662952050183037,20.49,539.7
2025-11-04T23:15:00Z,1.358421189270267,20.509,539.8
2025-11-04T23:30:00Z,1.3567807693227607,20.526,539.8
2025-11-04T23:45:00Z,1.3618572369261486,20.54,540.9
2025-11-05T00:00:00Z,1.3636528646345383,20.527,540.9
2025-11-05T00:15:00Z,1.3618395684584073,20.522,541.1
2025-11-05T00:30:00Z,1.3621676524479085,20.511,539.9
2025-11-05T00:45:00Z,1.3579025605843853,20.494,537.9
2025-11-05T01:00:00Z,1.367261788519052,20.506,536.1
2025-11-05T01:15:00Z,1.3634799884059063,20.52,534.7
2025-11-05T01:30:00Z,1.3618395684584073,20.503,531.7
2025-11-05T01:45:00Z,1.3662775365505482,20.487,529.8
2025-11-05T02:00:00Z,1.366450412779166,20.469,528.5
2025-11-05T02:15:00Z,1.365138076821168,20.458,525.6
2025-11-05T02:30:00Z,1.3597158567605234,20.401,523.9
2025-11-05T02:45:00Z,1.3711987963930667,20.339,523.6
2025-11-05T03:00:00Z,1.3728215478728174,20.278,523.6
2025-11-05T03:15:00Z,1.3705249599463087,20.254,524.9
2025-11-05T03:30:00Z,1.3739610076021975,20.252,526.3
2025-11-05T03:45:00Z,1.3642736956780226,20.248,526.1
2025-11-05T04:00:00Z,1.3706801677071851,20.233,526.1
2025-11-05T04:15:00Z,1.3682107035520445,20.206,525.5
2025-11-05T04:30:00Z,1.3709905832289309,20.158,524.8
2025-11-05T04:45:00Z,1.3654131554074098,20.132,523.3
2025-11-05T05:00:00Z,1.3731319633945631,20.099,522.7
2025-11-05T05:15:00Z,1.3672264515835337,20.097,523.3
2025-11-05T05:30:00Z,1.3713363356861876,20.106,524.1
2025-11-05T05:45:00Z,1.3729767556336938,20.101,524.3
2025-11-05T06:00:00Z,1.3667431598331703,20.168,524.5
2025-11-05T06:15:00Z,1.3693678317491873,20.28,524.4
2025-11-05T06:30:00Z,1.3708353754680545,20.243,524.2
2025-11-05T06:45:00Z,1.3647569874284073,20.171,522.5
2025-11-05T07:00:00Z,1.3744266308848125,20.002,517.6
2025-11-05T07:00:00Z,1.3744266308848125,20.002,517.6
2025-11-05T07:15:00Z,1.370644830771667,19.91,514.5
2025-11-05T07:30:00Z,1.3735975866771781,19.799,511.3
2025-11-05T07:45:00Z,1.3781907625302026,19.72,509.6
2025-11-05T08:00:00Z,1.38129872619659,19.733,509.1
2025-11-05T08:15:00Z,1.3748922541674489,19.723,508.9
2025-11-05T08:30:00Z,1.3824381859259773,19.78,513.7
2025-11-05T08:45:00Z,1.3770159658653256,19.818,516.6
2025-11-05T09:00:00Z,1.3788115935737153,19.834,519.6
2025-11-05T09:15:00Z,1.3743736254815602,19.762,520.1
2025-11-05T09:30:00Z,1.374045541492059,19.884,522
2025-11-05T09:45:00Z,1.3655153577650267,19.993,524.6
2025-11-05T10:00:00Z,1.3655153577650267,20.145,530.8
2025-11-05T10:15:00Z,1.3635468538280193,20.08,533.1
2025-11-05T10:30:00Z,1.3778273416052045,20.102,534.8
2025-11-05T10:45:00Z,1.372733205534061,20.117,536.9
2025-11-05T11:00:00Z,1.3730612895235623,20.153,538.6
2025-11-05T11:15:00Z,1.3706094938361773,20.094,540.8
2025-11-05T11:30:00Z,1.373407041980812,20.109,551.2
2025-11-05T11:45:00Z,1.3684857821382934,20.065,552.6
2025-11-05T12:00:00Z,1.5330287371070739,20.053,552.6
2025-11-05T12:15:00Z,1.3650497344824046,19.994,552.9
2025-11-05T12:30:00Z,1.3694877025745456,19.99,552.9
2025-11-05T12:45:00Z,1.367692074866163,20.054,558.9
2025-11-05T13:00:00Z,1.3744266308848125,19.999,557.3
2025-11-05T13:15:00Z,1.3727862109373135,19.845,553.5
2025-11-05T13:30:00Z,1.3867386147249974,19.685,551.3
2025-11-05T13:45:00Z,1.3785365149874593,19.832,557.9
2025-11-05T14:00:00Z,1.3762399270609507,19.823,559.4
2025-11-05T14:15:00Z,1.3749275911029457,19.884,563.1
2025-11-05T14:30:00Z,1.3736152551449408,19.995,569.4
2025-11-05T14:45:00Z,1.3736152551449408,20.08,574.7
2025-11-05T15:00:00Z,1.3773970552580792,20.068,577.6
2025-11-05T15:15:00Z,1.3698511234995436,20.24,582.9
2025-11-05T15:30:00Z,1.3636175276990272,20.362,587.9
2025-11-05T15:45:00Z,1.359352435835504,20.44,590.1
2025-11-05T16:00:00Z,1.3616490237620127,20.505,589.9
2025-11-05T16:15:00Z,1.3642736956780226,20.541,587.2
2025-11-05T16:30:00Z,1.3595076435963875,20.557,584.5
2025-11-05T16:45:00Z,1.3604918955648913,20.568,584
2025-11-05T17:00:00Z,1.358851475617378,20.562,581.3
2025-11-05T17:15:00Z,1.3608199795543854,20.543,578.8
2025-11-05T17:30:00Z,1.3690220792919234,20.514,574.7
2025-11-05T17:45:00Z,1.369678247270926,20.474,572.1
2025-11-05T18:00:00Z,1.367864951094795,20.434,569.1
2025-11-05T18:15:00Z,1.3740985468953113,20.389,565.8
2025-11-05T18:30:00Z,1.3747547148743138,20.354,563.2
2025-11-05T18:45:00Z,1.3711457909898002,20.334,560.9
2025-11-05T19:00:00Z,1.3675368671052865,20.316,559.1
2025-11-05T19:15:00Z,1.3658964471577804,20.305,556.7
2025-11-05T19:30:00Z,1.367864951094795,20.298,555.7
2025-11-05T19:45:00Z,1.370817707000306,20.311,555
2025-11-05T20:00:00Z,1.376395134821827,20.31,553.9
2025-11-05T20:15:00Z,1.3722852507191803,20.291,552.5
2025-11-05T20:30:00Z,1.3752380066246914,20.269,549.8
2025-11-05T20:45:00Z,1.373269502687684,20.226,546.3
2025-11-05T21:00:00Z,1.3729414186981828,20.152,542.8
2025-11-05T21:15:00Z,1.373269502687684,20.094,540.5
2025-11-05T21:30:00Z,1.376222258593188,20.022,538.6
2025-11-05T21:45:00Z,1.3768784265721976,19.935,536.4
2025-11-05T22:00:00Z,1.3791750144987063,19.836,533.2
2025-11-05T22:15:00Z,1.3900017861522471,19.752,530.1
2025-11-05T22:30:00Z,1.3847524423202273,19.683,528.4
2025-11-05T22:45:00Z,1.385736694288731,19.628,526
2025-11-05T23:00:00Z,1.3896737021627459,19.589,523
2025-11-05T23:15:00Z,1.3937835862653927,19.562,521.2
2025-11-05T23:30:00Z,1.3895184944018766,19.581,520.2
2025-11-05T23:45:00Z,1.3865657384963654,19.612,519.8
2025-11-06T00:00:00Z,1.384597234559358,19.655,520
2025-11-06T00:15:00Z,1.3813163946643456,19.708,520.8
2025-11-06T00:30:00Z,1.3867386147249974,19.74,520.8
2025-11-06T00:45:00Z,1.3818173548824788,19.772,521
2025-11-06T01:00:00Z,1.3772241790294544,19.809,521
2025-11-06T01:15:00Z,1.3829744830796002,19.875,522.2
2025-11-06T01:30:00Z,1.3718196274365582,19.905,522.8
2025-11-06T01:45:00Z,1.3782260994657136,19.932,523
2025-11-06T02:00:00Z,1.375929511539205,19.933,522.4
2025-11-06T02:15:00Z,1.382007899578852,19.924,521.7
2025-11-06T02:30:00Z,1.3823359835683533,19.913,521.1
2025-11-06T02:45:00Z,1.3829921515473629,19.898,520
2025-11-06T03:00:00Z,1.384632571494862,19.888,519.8
2025-11-06T03:15:00Z,1.3800393956418446,19.879,519.4
2025-11-06T03:30:00Z,1.3871020356500026,19.854,518.7
2025-11-06T03:45:00Z,1.3825088597969852,19.83,517.2
2025-11-06T04:00:00Z,1.3772595159649654,19.79,514.6
2025-11-06T04:15:00Z,1.3846502399626175,19.72,511.4
2025-11-06T04:30:00Z,1.381041316078111,19.651,509
2025-11-06T04:45:00Z,1.391384795981267,19.586,506.3
2025-11-06T05:00:00Z,1.3910567119917658,19.476,502.7
2025-11-06T05:15:00Z,1.394009467897277,19.352,499
2025-11-06T05:30:00Z,1.3936813839077757,19.281,497.3
2025-11-06T05:45:00Z,1.389744376033768,19.227,496.1
2025-11-06T06:00:00Z,1.3959779718342844,19.179,494.9
2025-11-06T06:15:00Z,1.3938365916686593,19.119,493.3
2025-11-06T06:30:00Z,1.3984297675216766,19.066,493.1
2025-11-06T06:45:00Z,1.4053195313012026,19.042,494.6
2025-11-06T07:00:00Z,1.3992411432615555,18.898,492.3
2025-11-06T07:15:00Z,1.4100679149150963,18.715,493.8
2025-11-06T07:30:00Z,1.4153172587471161,18.548,492.6
2025-11-06T07:45:00Z,1.4154724665079925,18.403,490.9
2025-11-06T08:00:00Z,1.423018398266521,18.252,487.9
2025-11-06T08:15:00Z,1.4226903142770126,18.104,485
2025-11-06T08:30:00Z,1.4289239100775433,17.973,482
2025-11-06T08:45:00Z,1.4233464822560222,17.931,483.1
2025-11-06T09:00:00Z,1.42728349013003,17.779,482
2025-11-06T09:15:00Z,1.4409078099282198,17.696,481.3
2025-11-06T09:30:00Z,1.4491099096657507,17.691,481.1
2025-11-06T09:45:00Z,1.4520626655712618,17.656,482
2025-11-06T10:00:00Z,1.453703085518768,17.816,485.8
2025-11-06T10:15:00Z,1.4514064975922594,17.817,489.4
2025-11-06T10:30:00Z,1.4532197937683975,17.836,491.1
2025-11-06T10:45:00Z,1.4548602137159037,17.79,491
2025-11-06T11:00:00Z,1.4535478777578987,17.77,490.7
2025-11-06T11:15:00Z,1.461266685745045,17.79,490.8
2025-11-06T11:30:00Z,1.448799494143998,17.918,492.7
2025-11-06T11:45:00Z,1.436833262761084,18.319,498.9
2025-11-06T12:00:00Z,1.5908775300658249,18.447,502.7
2025-11-06T12:15:00Z,1.4365228472393383,18.575,505.3
2025-11-06T12:30:00Z,1.4289769154808099,18.739,508.3
2025-11-06T12:45:00Z,1.4281655397409239,18.818,510.3
2025-11-06T13:00:00Z,1.426853203782919,18.854,511.5
2025-11-06T13:15:00Z,1.4309630878855657,18.898,513
2025-11-06T13:30:00Z,1.429167460177176,18.981,515.7
2025-11-06T13:45:00Z,1.4193249404921389,19.106,519.7
2025-11-06T14:00:00Z,1.419497816720778,19.268,524.2
2025-11-06T14:15:00Z,1.4116238009727482,19.47,529.9
2025-11-06T14:30:00Z,1.4177021890123882,19.634,535.4
2025-11-06T14:45:00Z,1.4098281732643514,19.725,537.6
2025-11-06T15:00:00Z,1.4081877533168452,19.745,537.5
2025-11-06T15:15:00Z,1.413609973377504,19.763,536.4
2025-11-06T15:30:00Z,1.405407873639973,19.799,535.4
2025-11-06T15:45:00Z,1.4088615897636032,19.867,535.1
2025-11-06T16:00:00Z,1.4078773377951066,19.932,535.5
2025-11-06T16:15:00Z,1.402956077952588,20,536.2
2025-11-06T16:30:00Z,1.4078773377951066,20.031,536.9
2025-11-06T16:45:00Z,1.4036122459315834,20.022,536.8
2025-11-06T17:00:00Z,1.4065650018370945,19.959,535.3
2025-11-06T17:15:00Z,1.4162523137612624,19.861,532.7
2025-11-06T17:30:00Z,1.4123153058872475,19.779,530.1
2025-11-06T17:45:00Z,1.416908481740272,19.743,528.4
2025-11-06T18:00:00Z,1.4162523137612624,19.735,527.6
2025-11-06T18:15:00Z,1.418548901687771,19.725,526.8
2025-11-06T18:30:00Z,1.4149399778032574,19.726,526.7
2025-11-06T18:45:00Z,1.41297147386625,19.754,527.3
2025-11-06T19:00:00Z,1.4110029699292426,19.782,527.6
2025-11-06T19:15:00Z,1.4139557258347537,19.802,527.9
2025-11-06T19:30:00Z,1.4146118938137562,19.831,528
2025-11-06T19:45:00Z,1.414283809824262,19.862,528.2
2025-11-06T20:00:00Z,1.41034680195024,19.901,529
2025-11-06T20:15:00Z,1.41297147386625,19.945,529.9
2025-11-06T20:30:00Z,1.4093625499817364,20.007,531.2
2025-11-06T20:45:00Z,1.4106748859397413,20.054,532
2025-11-06T21:00:00Z,1.41297147386625,20.086,532.5
2025-11-06T21:15:00Z,1.4042684139105859,20.111,532.5
2025-11-06T21:30:00Z,1.402956077952588,20.137,533.2
2025-11-06T21:45:00Z,1.4032841619420822,20.159,533.1
2025-11-06T22:00:00Z,1.4006594900260723,20.19,533.3
2025-11-06T22:15:00Z,1.4009875740155735,20.211,533.5
2025-11-06T22:30:00Z,1.3996752380575685,20.238,533.6
2025-11-06T22:45:00Z,1.3986909860890648,20.251,533.5
2025-11-06T23:00:00Z,1.3993471540680673,20.262,533.6
2025-11-06T23:15:00Z,1.4064097940762252,20.274,533.8
2025-11-06T23:30:00Z,1.4031289541812129,20.291,533.6
2025-11-06T23:45:00Z,1.4008323662547042,20.297,533.4
2025-11-07T00:00:00Z,1.3968953583806893,20.295,533.5
2025-11-07T00:15:00Z,1.4049422503573439,20.293,533.9
2025-11-07T00:30:00Z,1.400677158493835,20.289,534
2025-11-07T00:45:00Z,1.4100363864284873,20.28,533.6
2025-11-07T01:00:00Z,1.4044589586069662,20.269,531.6
2025-11-07T01:15:00Z,1.399865782753949,20.262,530.4
2025-11-07T01:30:00Z,1.4079126747306105,20.249,527.9
2025-11-07T01:45:00Z,1.4020071629195883,20.234,529.1
2025-11-07T02:00:00Z,1.4006948269615833,20.249,530.2
2025-11-07T02:15:00Z,1.409069802927739,20.206,529.7
2025-11-07T02:30:00Z,1.4077574669697412,20.168,529.3
2025-11-07T02:45:00Z,1.4084136349487366,20.15,528.5
2025-11-07T03:00:00Z,1.401851955158719,20.125,528.1
2025-11-07T03:15:00Z,1.4085865111773685,20.079,527
2025-11-07T03:30:00Z,1.4030090833558475,20.095,527.6
2025-11-07T03:45:00Z,1.4120402273010058,20.073,527
2025-11-07T04:00:00Z,1.4074470514479884,20.105,527.9
2025-11-07T04:15:00Z,1.4067908834689788,20.136,527.2
2025-11-07T04:30:00Z,1.4077751354374897,20.156,528.3
2025-11-07T04:45:00Z,1.4117121433115045,20.141,527.3
2025-11-07T05:00:00Z,1.4020248313873438,20.122,526.5
2025-11-07T05:15:00Z,1.4059618392613586,20.076,524.5
2025-11-07T05:30:00Z,1.4059618392613586,20.007,521.8
2025-11-07T05:45:00Z,1.4069460912298624,19.953,520.8
2025-11-07T06:00:00Z,1.4125235190513834,19.899,521.8
2025-11-07T06:15:00Z,1.4051327950537313,19.92,523
2025-11-07T06:30:00Z,1.4107102228752524,20.031,527.3
2025-11-07T06:45:00Z,1.4175999866547784,19.891,529.4
2025-11-07T07:00:00Z,1.407256506751608,19.782,527.6
2025-11-07T07:15:00Z,1.416770942447144,19.723,527.6
2025-11-07T07:30:00Z,1.4187394463841514,19.625,526
2025-11-07T07:45:00Z,1.4220202862791638,19.522,524.1
2025-11-07T08:00:00Z,1.4162699822290108,19.473,523.2
2025-11-07T08:15:00Z,1.4266134621321882,19.431,521.8
2025-11-07T08:30:00Z,1.4298943020271935,19.344,519.6
2025-11-07T08:45:00Z,1.423159746008544,19.282,518.3
2025-11-07T09:00:00Z,1.4335032259117142,19.213,517.4
2025-11-07T09:15:00Z,1.4392358614941116,19.168,516.4
2025-11-07T09:30:00Z,1.4513749691056503,19.11,516.9
2025-11-07T09:45:00Z,1.4608894048011933,19.107,519.4
2025-11-07T10:00:00Z,1.471388092465233,19.158,525.2
2025-11-07T10:15:00Z,1.4697476725177268,19.161,527.8
2025-11-07T10:30:00Z,1.480091152420897,19.161,529.3
2025-11-07T10:45:00Z,1.491418884292571,19.029,528.2
2025-11-07T11:00:00Z,1.5034027841432547,18.954,527.4
2025-11-07T11:15:00Z,1.4925760124897067,18.73,523.8
2025-11-07T11:30:00Z,1.5009509884558625,18.63,522.3
2025-11-07T11:45:00Z,1.5053889565480034,18.672,524.2
2025-11-07T12:00:00Z,1.6584489718842406,18.66,524.8
2025-11-07T12:15:00Z,1.4952360213412206,19.08,538.3
2025-11-07T12:30:00Z,1.4811284097926674,19.319,549
2025-11-07T12:45:00Z,1.4875348818218157,19.034,545.7
2025-11-07T13:00:00Z,1.4950984820481068,19.127,550
2025-11-07T13:15:00Z,1.4836155424155564,19.278,555.9
2025-11-07T13:30:00Z,1.4880535105076973,19.434,560.9
2025-11-07T13:45:00Z,1.4768986548646552,19.575,565.9
2025-11-07T14:00:00Z,1.4764153631142776,19.809,571.3
2025-11-07T14:15:00Z,1.4639481715132305,20.088,578.6
2025-11-07T14:30:00Z,1.4560741557652008,20.211,582.2
2025-11-07T14:45:00Z,1.4591997878993297,20.323,584.8
2025-11-07T15:00:00Z,1.455590864014816,20.365,585.4
2025-11-07T15:15:00Z,1.4546066120463124,20.383,583.6
2025-11-07T15:30:00Z,1.4509976881617987,20.424,582.1
2025-11-07T15:45:00Z,1.4633096720019765,20.433,580.7
2025-11-07T16:00:00Z,1.4554356562539468,20.499,579.5
2025-11-07T16:15:00Z,1.4534671523169393,20.559,579
2025-11-07T16:30:00Z,1.4547794882749372,20.555,577.8
2025-11-07T16:45:00Z,1.454451404285443,20.509,574.7
2025-11-07T17:00:00Z,1.4564199082224505,20.448,571.4
2025-11-07T17:15:00Z,1.457076076201453,20.39,568.2
2025-11-07T17:30:00Z,1.4567479922119517,20.324,565.2
2025-11-07T17:45:00Z,1.4623254200334728,20.268,562.4
2025-11-07T18:00:00Z,1.4675747638654926,20.224,559.6
2025-11-07T18:15:00Z,1.4715117717395074,20.193,557.4
2025-11-07T18:30:00Z,1.4734802756765149,20.18,556.1
2025-11-07T18:45:00Z,1.4662624279074876,20.189,554.4
2025-11-07T19:00:00Z,1.476605907810658,20.234,555.6
2025-11-07T19:15:00Z,1.4729969839261443,20.302,556
2025-11-07T19:30:00Z,1.465779136157117,20.357,557
2025-11-07T19:45:00Z,1.468403808073127,20.398,557.1
2025-11-07T20:00:00Z,1.4636377559914777,20.412,556.9
2025-11-07T20:15:00Z,1.4523100241198037,20.416,556.6
2025-11-07T20:30:00Z,1.455590864014816,20.418,556.1
2025-11-07T20:45:00Z,1.4628087117838433,20.426,555.3
2025-11-07T21:00:00Z,1.4641210477418554,20.436,554.6
2025-11-07T21:15:00Z,1.4580426597022083,20.45,554.5
2025-11-07T21:30:00Z,1.460339247628717,20.464,554.3
2025-11-07T21:45:00Z,1.4626358355552256,20.472,554
2025-11-07T22:00:00Z,1.4652605074712355,20.484,553.6
2025-11-07T22:15:00Z,1.4565574475155714,20.502,553.6
2025-11-07T22:30:00Z,1.4549170275680652,20.517,552.8
2025-11-07T22:45:00Z,1.4578697834735763,20.528,552.9
2025-11-07T23:00:00Z,1.4581978674630776,20.542,552.6
2025-11-07T23:15:00Z,1.4598382874105837,20.551,551.8
2025-11-07T23:30:00Z,1.464431463263601,20.553,550.7
2025-11-07T23:45:00Z,1.4567126552764478,20.558,550.6
2025-11-08T00:00:00Z,1.4599934951714673,20.56,549.2
2025-11-08T00:15:00Z,1.459665411181959,20.553,548.1
2025-11-08T00:30:00Z,1.4603215791609685,20.534,545.9
2025-11-08T00:45:00Z,1.4606496631504626,20.471,543.3
2025-11-08T01:00:00Z,1.4563845712869465,20.483,542.2
2025-11-08T01:15:00Z,1.4560564872974453,20.477,541.6
2025-11-08T01:30:00Z,1.4629462510769784,20.365,539.2
2025-11-08T01:45:00Z,1.4599934951714673,20.422,541.2
2025-11-08T02:00:00Z,1.4626181670874772,20.422,539.6
2025-11-08T02:15:00Z,1.4609777471399639,20.358,534.4
2025-11-08T02:30:00Z,1.4693527231061196,20.282,529.2
2025-11-08T02:45:00Z,1.4654157152321048,20.217,526.4
2025-11-08T03:00:00Z,1.4637752952845986,20.177,524.3
2025-11-08T03:15:00Z,1.4654157152321048,20.124,521.9
2025-11-08T03:30:00Z,1.4641033792740998,20.071,519.2
2025-11-08T03:45:00Z,1.4650876312426035,20.039,517.8
2025-11-08T04:00:00Z,1.468368471137616,20.013,516
2025-11-08T04:15:00Z,1.4649147550139858,19.98,514.2
2025-11-08T04:30:00Z,1.466555174961485,19.948,513
2025-11-08T04:45:00Z,1.4626181670874772,20.017,512.9
2025-11-08T05:00:00Z,1.4701640988460056,19.989,510.8
2025-11-08T05:15:00Z,1.4627733748483465,19.94,510.6
2025-11-08T05:30:00Z,1.46638229873286,19.945,511.3
2025-11-08T05:45:00Z,1.4657261307538576,19.986,510.4
2025-11-08T06:00:00Z,1.4686788866593687,19.986,509.5
2025-11-08T06:15:00Z,1.465881338514727,19.957,507.7
2025-11-08T06:30:00Z,1.4734272702732554,19.842,505.8
2025-11-08T06:45:00Z,1.4676769662231095,19.932,507.5
2025-11-08T07:00:00Z,1.469645470160124,19.931,504.9
2025-11-08T07:15:00Z,1.477847569897655,19.872,502.3
2025-11-08T07:30:00Z,1.469472593931485,19.8,500.1
2025-11-08T07:45:00Z,1.4757061897320085,19.737,498.1
2025-11-08T08:00:00Z,1.4783308616480184,19.676,496.4
2025-11-08T08:15:00Z,1.4768456494613957,19.599,494.2
2025-11-08T08:30:00Z,1.4775018174403982,19.584,492.7
2025-11-08T08:45:00Z,1.4830792452619193,19.507,491.2
2025-11-08T09:00:00Z,1.4753604372747589,19.48,490.8
2025-11-08T09:15:00Z,1.479625529138275,19.512,494.5
2025-11-08T09:30:00Z,1.477000857222265,19.536,493.3
2025-11-08T09:45:00Z,1.482578285043786,19.552,493.2
2025-11-08T10:00:00Z,1.4842187049912923,19.612,494.4
2025-11-08T10:15:00Z,1.479625529138275,19.65,495.1
2025-11-08T10:30:00Z,1.4712505531721192,19.687,496.5
2025-11-08T10:45:00Z,1.47831319318027,19.759,497.5
2025-11-08T11:00:00Z,1.4724076813692477,19.823,498.5
2025-11-08T11:15:00Z,1.4763446892432626,19.862,499.5
2025-11-08T11:30:00Z,1.4763446892432626,19.782,499.2
2025-11-08T11:45:00Z,1.4835625370122898,19.566,495.5
2025-11-08T12:00:00Z,1.6479326157524525,19.296,489.7
2025-11-08T12:15:00Z,1.4924208047288303,19.245,488.6
2025-11-08T12:30:00Z,1.486515292917801,19.179,488.2
2025-11-08T12:45:00Z,1.5004676967054849,19.118,488.2
2025-11-08T13:00:00Z,1.495218352873465,19.134,491.1
2025-11-08T13:15:00Z,1.5003124889446084,19.115,491.5
2025-11-08T13:30:00Z,1.4990001529866035,19.131,492.9
2025-11-08T13:45:00Z,1.4937508091545837,19.208,494.4
2025-11-08T14:00:00Z,1.487189129364559,19.315,497.2
2025-11-08T14:15:00Z,1.4848925414380503,19.378,499.7
2025-11-08T14:30:00Z,1.4796431976060305,19.491,503.1
2025-11-08T14:45:00Z,1.484737333677181,19.607,506.3
2025-11-08T15:00:00Z,1.477847569897655,19.706,508.9
2025-11-08T15:15:00Z,1.4788318218661587,19.774,510.9
2025-11-08T15:30:00Z,1.4771914019186525,19.856,513.1
2025-11-08T15:45:00Z,1.475222897981645,19.94,514.9
2025-11-08T16:00:00Z,1.4712858901076302,19.981,516.1
2025-11-08T16:15:00Z,1.470957806118129,20.015,516.8
2025-11-08T16:30:00Z,1.4699735541496253,20.055,517.6
2025-11-08T16:45:00Z,1.4716139740971315,20.099,518.5
2025-11-08T17:00:00Z,1.472270142076134,20.134,518.9
2025-11-08T17:15:00Z,1.4688164259524825,20.155,520
2025-11-08T17:30:00Z,1.4647065418498428,20.169,520.8
2025-11-08T17:45:00Z,1.4706120536608651,20.181,521.7
2025-11-08T18:00:00Z,1.4668302535477196,20.166,521.7
2025-11-08T18:15:00Z,1.4737200173272527,20.145,521.3
2025-11-08T18:30:00Z,1.4699382172141142,20.13,521.3
2025-11-08T18:45:00Z,1.4732190571091337,20.123,521.7
2025-11-08T19:00:00Z,1.4668125850799782,20.111,521.4
2025-11-08T19:15:00Z,1.477639356733519,20.101,521.2
2025-11-08T19:30:00Z,1.4679520448093513,20.093,521.1
2025-11-08T19:45:00Z,1.4709048007148624,20.082,521
2025-11-08T20:00:00Z,1.4774664805048872,20.067,520.5
2025-11-08T20:15:00Z,1.4690915045387243,20.06,520.8
2025-11-08T20:30:00Z,1.482715824336907,20.059,520.4
2025-11-08T20:45:00Z,1.4720442604442425,20.056,520.1
2025-11-08T21:00:00Z,1.4802463601817735,20.054,520.1
2025-11-08T21:15:00Z,1.4684176680919734,20.06,520.3
2025-11-08T21:30:00Z,1.4700580880394796,20.069,520.5
2025-11-08T21:45:00Z,1.4759635998505019,20.079,520.3
2025-11-08T22:00:00Z,1.4779321037875093,20.079,519.8
2025-11-08T22:15:00Z,1.4751345556428674,20.086,518.8
2025-11-08T22:30:00Z,1.4830085713909043,20.081,517.7
2025-11-08T22:45:00Z,1.4733212594667435,20.09,517
2025-11-08T23:00:00Z,1.4746335954247485,20.103,516.4
2025-11-08T23:15:00Z,1.4802110232462695,20.123,516.6
2025-11-08T23:30:00Z,1.4718360472800995,20.148,516.4
2025-11-08T23:45:00Z,1.4695394593535909,20.175,516.7
2025-11-09T00:00:00Z,1.4659305354690773,20.212,517.1
2025-11-09T00:15:00Z,1.4762740153722547,20.256,518.3
2025-11-09T00:30:00Z,1.4746335954247485,20.311,519.9
2025-11-09T00:45:00Z,1.472665091487741,20.317,518.9
2025-11-09T01:00:00Z,1.4623216115845565,20.327,519.2
2025-11-09T01:15:00Z,1.4695394593535909,20.312,519.4
2025-11-09T01:30:00Z,1.4747888031856107,20.297,518.7
2025-11-09T01:45:00Z,1.471179879301097,20.267,518.1
2025-11-09T02:00:00Z,1.4705237113220946,20.253,517.7
2025-11-09T02:15:00Z,1.4672428714270822,20.252,517.9
2025-11-09T02:30:00Z,1.4756178473932522,20.252,518.3
2025-11-09T02:45:00Z,1.4733212594667435,20.257,518.6
2025-11-09T03:00:00Z,1.4703685035612324,20.256,518.7
2025-11-09T03:15:00Z,1.4677438316452225,20.249,519.1
2025-11-09T03:30:00Z,1.46708766366622,20.245,518.8
2025-11-09T03:45:00Z,1.4693842515927287,20.231,519
2025-11-09T04:00:00Z,1.4716808395192373,20.219,518.6
2025-11-09T04:15:00Z,1.4779144353197609,20.219,518.8
2025-11-09T04:30:00Z,1.4715079632905983,20.22,519
2025-11-09T04:45:00Z,1.468227123395586,20.215,519.5
2025-11-09T05:00:00Z,1.4757730551541144,20.209,519.2
2025-11-09T05:15:00Z,1.4780696430806302,20.183,518.6
2025-11-09T05:30:00Z,1.4754449711646203,20.165,518.4
2025-11-09T05:45:00Z,1.4797100630281292,20.16,519.1
2025-11-09T06:00:00Z,1.4726474230199855,20.136,518.9
2025-11-09T06:15:00Z,1.4752720949359954,20.099,518.4
2025-11-09T06:30:00Z,1.475928262914998,20.103,519.5
2025-11-09T06:45:00Z,1.4767396386548697,20.054,519.3
2025-11-09T07:00:00Z,1.4693489146572176,20.006,517.7
2025-11-09T07:15:00Z,1.4704883743865977,19.914,516.7
2025-11-09T07:30:00Z,1.4793466421031312,19.912,517.8
2025-11-09T07:45:00Z,1.4752367580004915,19.912,518.2
2025-11-09T08:00:00Z,1.474580590021489,19.902,517.9
2025-11-09T08:15:00Z,1.4795018498640076,19.887,517.7
2025-11-09T08:30:00Z,1.4831107737485212,19.781,516.1
2025-11-09T08:45:00Z,1.4854073616750298,19.76,516.3
2025-11-09T09:00:00Z,1.487047781622536,19.691,515.5
2025-11-09T09:15:00Z,1.483922149488393,19.565,513.4
2025-11-09T09:30:00Z,1.4917961652364298,19.455,512.2
2025-11-09T09:45:00Z,1.4967174250789483,19.357,510.9
2025-11-09T10:00:00Z,1.494748921141941,19.301,511
2025-11-09T10:15:00Z,1.5014834771605976,19.274,511.2
2025-11-09T10:30:00Z,1.493609461412568,19.28,511.9
2025-11-09T10:45:00Z,1.5003440174312175,19.303,513.3
2025-11-09T11:00:00Z,1.498375513494203,19.333,514.8
2025-11-09T11:15:00Z,1.4937823376411856,19.388,516.6
2025-11-09T11:30:00Z,1.501501145628346,19.46,519.5
2025-11-09T11:45:00Z,1.4923147939223114,19.552,522.1
2025-11-09T12:00:00Z,1.6435615130824104,19.642,525.7
2025-11-09T12:15:00Z,1.4892068302559167,19.728,528.3
2025-11-09T12:30:00Z,1.4860988665895434,19.858,531.7
2025-11-09T12:45:00Z,1.482818026694531,19.9,534.1
2025-11-09T13:00:00Z,1.4831461106840322,19.945,536.4
2025-11-09T13:15:00Z,1.4788810188205161,19.989,538.8
2025-11-09T13:30:00Z,1.4803662310071388,20.023,540.6
2025-11-09T13:45:00Z,1.4783977270701243,20.098,542.8
2025-11-09T14:00:00Z,1.4823347349441391,20.152,544.6
2025-11-09T14:15:00Z,1.4810223989861413,20.175,550.4
2025-11-09T14:30:00Z,1.4790538950491268,20.194,551.8
2025-11-09T14:45:00Z,1.4739597589779976,20.217,552
2025-11-09T15:00:00Z,1.4765844308940075,20.239,552.1
2025-11-09T15:00:00Z,1.4765844308940075,20.239,552.1
2025-11-09T15:15:00Z,1.474615926957,20.254,552.1
2025-11-09T15:30:00Z,1.4824899427050298,20.265,552
2025-11-09T15:45:00Z,1.481505690736526,20.268,551.5
2025-11-09T16:00:00Z,1.4721464628018524,20.267,551
2025-11-09T16:00:00Z,1.4721464628018524,20.267,551
2025-11-09T16:15:00Z,1.480020478549882,20.264,550.8
2025-11-09T16:30:00Z,1.4706612506152226,20.261,550.5
2025-11-09T16:45:00Z,1.4768948464157532,20.25,550.3
2025-11-09T17:00:00Z,1.4788633503527606,20.239,550
2025-11-09T17:15:00Z,1.4691760384285857,20.216,549
2025-11-09T17:30:00Z,1.4831284422162696,20.192,548.2
2025-11-09T17:45:00Z,1.4773781381661237,20.176,547.7
2025-11-09T18:00:00Z,1.4712997501264766,20.17,547.5
2025-11-09T18:15:00Z,1.4735963380529853,20.16,547.1
2025-11-09T18:15:00Z,1.4735963380529853,20.16,547.1
2025-11-09T18:30:00Z,1.474580590021489,20.157,547
2025-11-09T18:45:00Z,1.4724392098558567,20.146,546.7
2025-11-09T19:00:00Z,1.4767043017193657,20.14,546.6
2025-11-09T19:15:00Z,1.4680012417637016,20.131,546.3
2025-11-09T19:30:00Z,1.4740796298033558,20.12,546.1
2025-11-09T19:45:00Z,1.4834388577380295,20.101,545.6
2025-11-09T20:00:00Z,1.4824546057695187,20.086,545.3
2025-11-09T20:00:00Z,1.4824546057695187,20.086,545.3
2025-11-09T20:15:00Z,1.48278268975902,20.063,544.8
2025-11-09T20:30:00Z,1.4831107737485212,20.043,544.2
2025-11-09T20:45:00Z,1.4760481337403633,20.069,544.5
2025-11-09T21:00:00Z,1.4709539976692199,20.123,545.3
2025-11-09T21:15:00Z,1.469969745700709,20.227,546.7
2025-11-09T21:30:00Z,1.4729225016062202,20.299,547.2
2025-11-09T21:45:00Z,1.4673450737846991,20.348,547.5
2025-11-09T22:00:00Z,1.4673450737846991,20.369,547
2025-11-09T22:15:00Z,1.4660327378267013,20.354,545.2
2025-11-09T22:30:00Z,1.4786728056563732,20.279,543.5
2025-11-09T22:45:00Z,1.4693135777217137,20.29,543.6
2025-11-09T23:00:00Z,1.4780166376773778,20.283,542.4
2025-11-09T23:15:00Z,1.4793289736353756,20.265,541.7
2025-11-09T23:30:00Z,1.479657057624884,20.237,540.7
2025-11-09T23:45:00Z,1.4729225016062202,20.222,540
2025-11-10T00:00:00Z,1.4830931052807657,20.162,538.7
2025-11-10T00:15:00Z,1.4760304652726077,20.161,538.6
2025-11-10T00:30:00Z,1.4773428012306127,20.145,538.1
2025-11-10T00:45:00Z,1.4825921450626396,20.128,537
2025-11-10T01:00:00Z,1.4706082452119702,20.071,535.2
2025-11-10T01:15:00Z,1.4778260929809903,20.033,534.3
2025-11-10T01:30:00Z,1.4811069328760098,19.988,532.4
2025-11-10T01:45:00Z,1.4834035208025185,19.932,531
2025-11-10T02:00:00Z,1.4817631008550123,19.876,529.6
2025-11-10T02:15:00Z,1.4804507648970002,19.862,529.7
2025-11-10T02:30:00Z,1.4850439407500247,19.852,529.1
2025-11-10T02:45:00Z,1.4794665129285036,19.849,529.6
2025-11-10T03:00:00Z,1.4904661608106693,19.852,530.1
2025-11-10T03:15:00Z,1.4907942448001705,19.83,530.7
2025-11-10T03:30:00Z,1.480122680907499,19.944,533.1
2025-11-10T03:45:00Z,1.4788103449495011,20.011,533.7
2025-11-10T04:00:00Z,1.4816078930941288,20.019,532.9
2025-11-10T04:15:00Z,1.4835763970311362,19.978,531.7
2025-11-10T04:30:00Z,1.4802955571361238,19.88,529
2025-11-10T04:45:00Z,1.4891538248526572,19.815,526.7
2025-11-10T05:00:00Z,1.4837316047920197,19.759,525.7
2025-11-10T05:15:00Z,1.4820911848445135,19.685,524
2025-11-10T05:30:00Z,1.491450412779166,19.671,524.3
2025-11-10T05:45:00Z,1.4940750846951758,19.653,524.4
2025-11-10T06:00:00Z,1.494403168684677,19.611,523.7
2025-11-10T06:15:00Z,1.4960435886321903,19.647,527.9
2025-11-10T06:30:00Z,1.496526880382568,19.584,528.9
2025-11-10T06:45:00Z,1.4924169962799283,19.472,528.2
2025-11-10T07:00:00Z,1.4935564560093013,19.537,530.5
2025-11-10T07:15:00Z,1.4902756161142818,19.593,531.9
2025-11-10T07:30:00Z,1.4922441200512964,19.556,531.7
2025-11-10T07:45:00Z,1.4925722040407905,19.508,531
2025-11-10T08:00:00Z,1.5050393956418446,19.413,528.1
2025-11-10T08:15:00Z,1.4963363356861876,19.336,526.2
2025-11-10T08:30:00Z,1.5006014275497037,19.226,524.3
2025-11-10T08:45:00Z,1.5032260994657136,19.123,522.7
2025-11-10T09:00:00Z,1.5061788553712248,19.058,521.8
2025-11-10T09:15:00Z,1.5058507713817235,19.012,521.9
2025-11-10T09:30:00Z,1.5025699314867182,18.985,522.2
2025-11-10T09:45:00Z,1.509632571494862,18.992,523.3
2025-11-10T10:00:00Z,1.5047113116523434,19.01,524.2
2025-11-10T10:15:00Z,1.5043832276628422,19.059,526.2
2025-11-10T10:30:00Z,1.511445867671,19.097,527.5
2025-11-10T10:45:00Z,1.505868439849479,19.118,528.3
2025-11-10T11:00:00Z,1.5012752639964546,19.115,529.4
2025-11-10T11:15:00Z,1.502104308204089,19.158,531.4
2025-11-10T11:30:00Z,1.5094950322017482,19.25,534
2025-11-10T11:45:00Z,1.493902208466558,19.389,541.5
2025-11-10T12:00:00Z,1.654836239550825,19.45,544.7
2025-11-10T12:15:00Z,1.4937470007056817,19.485,545.9
2025-11-10T12:30:00Z,1.4991692207663334,19.524,547.2
2025-11-10T12:45:00Z,1.4870301131547805,19.581,549.3
2025-11-10T13:00:00Z,1.487859157362415,19.672,552.2
2025-11-10T13:15:00Z,1.4893443695490518,19.788,555.8
2025-11-10T13:30:00Z,1.4924700016831878,19.912,559.9
2025-11-10T13:45:00Z,1.4867373661007903,20.046,563.9
2025-11-10T14:00:00Z,1.4791914343422619,20.267,569.4
2025-11-10T14:15:00Z,1.4772229304052473,20.335,573.3
2025-11-10T14:30:00Z,1.4711445423655931,20.415,577.8
2025-11-10T14:45:00Z,1.465066154325953,20.495,581.8
2025-11-10T15:00:00Z,1.4640819023574494,20.596,585.5
2025-11-10T15:15:00Z,1.4617853144309407,20.65,587.7
2025-11-10T15:30:00Z,1.4685198704495832,20.689,590.4
2025-11-10T15:45:00Z,1.4639266945965659,20.697,592
2025-11-10T16:00:00Z,1.4662232825230745,20.707,593.7
2025-11-10T16:15:00Z,1.4655671145440792,20.708,594.5
2025-11-10T16:30:00Z,1.4655671145440792,20.694,594.8
2025-11-10T16:45:00Z,1.4632705266175634,20.672,595
2025-11-10T17:00:00Z,1.466879450502077,20.642,594.8
2025-11-10T17:15:00Z,1.4675356184810866,20.61,594.7
2025-11-10T17:30:00Z,1.4704883743865977,20.583,594.5
2025-11-10T17:45:00Z,1.4718007103445956,20.557,594.1
2025-11-10T18:00:00Z,1.4767219701871142,20.531,593.8
2025-11-10T18:15:00Z,1.4716278341159779,20.509,592.9
2025-11-10T18:30:00Z,1.4694864539503385,20.489,593.4
2025-11-10T18:45:00Z,1.4694864539503385,20.458,592.9
2025-11-10T19:00:00Z,1.472767293845358,20.43,592.5
2025-11-10T19:15:00Z,1.4722663336272248,20.4,591.8
2025-11-10T19:30:00Z,1.4758752575117384,20.366,591
2025-11-10T19:45:00Z,1.4727496253775954,20.337,589.7
2025-11-10T20:00:00Z,1.475219089532736,20.315,588.7
2025-11-10T20:15:00Z,1.4784999294277483,20.291,587.3
2025-11-10T20:30:00Z,1.4745629215537335,20.262,586.3
2025-11-10T20:45:00Z,1.4701249534615854,20.239,585.4
2025-11-10T21:00:00Z,1.4724215413880941,20.214,585
2025-11-10T21:00:00Z,1.4724215413880941,20.214,585
2025-11-10T21:15:00Z,1.4840773572492694,20.189,584.4
2025-11-10T21:30:00Z,1.4844054412387706,20.166,583.8
2025-11-10T21:45:00Z,1.4811246013437582,20.146,583.4
2025-11-10T22:00:00Z,1.485061609217773,20.129,582.9
2025-11-10T22:15:00Z,1.479484181396252,20.121,582.7
2025-11-10T22:30:00Z,1.4835940654988988,20.134,582.7
2025-11-10T22:45:00Z,1.479657057624884,20.163,582.8
2025-11-10T23:00:00Z,1.4730953778348521,20.2,584.6
2025-11-10T23:00:00Z,1.4730953778348521,20.2,584.6
2025-11-10T23:15:00Z,1.4721111258663555,20.218,586.9
2025-11-10T23:30:00Z,1.472767293845358,20.265,588.6
2025-11-10T23:45:00Z,1.4760481337403633,20.325,591.2
2025-11-11T00:00:00Z,1.4734234618243534,20.36,593
2025-11-11T00:15:00Z,1.4781895139060026,20.369,593.7
2025-11-11T00:30:00Z,1.4729401700739828,20.37,594.2
2025-11-11T00:45:00Z,1.4686750782104667,20.389,594.8
2025-11-11T01:00:00Z,1.4709716661369754,20.418,596.3
2025-11-11T01:15:00Z,1.4696593301789704,20.413,596.1
2025-11-11T01:30:00Z,1.4726120860844816,20.406,595.2
2025-11-11T01:45:00Z,1.4711445423655931,20.394,594.8
2025-11-11T02:00:00Z,1.475081550239615,20.377,594.6
2025-11-11T02:15:00Z,1.4718007103445956,20.33,592.8
2025-11-11T02:30:00Z,1.475081550239615,20.258,591.2
2025-11-11T02:45:00Z,1.475081550239615,20.187,589.7
2025-11-11T03:00:00Z,1.4811599382792693,20.055,586
2025-11-11T03:15:00Z,1.478207182373751,19.961,584.5
2025-11-11T03:30:00Z,1.489534914245418,19.915,583.1
2025-11-11T03:45:00Z,1.4878944942979189,19.855,581.5
2025-11-11T04:00:00Z,1.4921595861614279,19.779,578.7
2025-11-11T04:15:00Z,1.48822257828742,19.694,577.9
2025-11-11T04:30:00Z,1.49084725020343,19.654,577.7
2025-11-11T04:30:00Z,1.49084725020343,19.654,577.7
2025-11-11T04:45:00Z,1.496424678024951,19.604,576.4
2025-11-11T05:00:00Z,1.499049349940961,19.517,574.7
2025-11-11T05:15:00Z,1.4952675498278225,19.467,572.7
2025-11-11T05:30:00Z,1.5034696495653534,19.405,571.1
2025-11-11T05:45:00Z,1.4908295817356745,19.396,571.2
2025-11-11T06:00:00Z,1.5047819855233584,19.385,570.9
2025-11-11T06:15:00Z,1.5031415655758522,19.358,570.4
2025-11-11T06:30:00Z,1.495422757588699,19.412,571.2
2025-11-11T06:45:00Z,1.50100018541022,19.441,572.2
2025-11-11T07:00:00Z,1.4929532934335583,19.405,571.2
2025-11-11T07:15:00Z,1.4982026372655781,19.341,568.4
2025-11-11T07:30:00Z,1.4967174250789483,19.319,567.2
2025-11-11T07:45:00Z,1.495888380871321,19.305,567
2025-11-11T08:00:00Z,1.4978568848083214,19.309,566.6
2025-11-11T08:15:00Z,1.4968726328398247,19.304,566.3
2025-11-11T08:30:00Z,1.4973559245901953,19.243,564.7
2025-11-11T08:45:00Z,1.495715504642689,19.201,563.7
2025-11-11T09:00:00Z,1.494403168684677,19.173,563.8
2025-11-11T09:15:00Z,1.5076994044933656,19.139,564.4
2025-11-11T09:30:00Z,1.4934189167161804,19.158,565.9
2025-11-11T09:45:00Z,1.5022771844327139,19.022,563
2025-11-11T10:00:00Z,1.50654227629623,18.898,560.2
2025-11-11T10:15:00Z,1.5106521603988767,18.812,558.1
2025-11-11T10:30:00Z,1.5111531206170028,18.752,557
2025-11-11T10:45:00Z,1.5118092885960053,18.739,556.8
2025-11-11T11:00:00Z,1.5157462964700272,18.728,557
2025-11-11T11:15:00Z,1.5119644963568817,18.763,558.4
2025-11-11T11:30:00Z,1.5093398244408718,18.87,561.7
2025-11-11T11:45:00Z,1.5037800650871063,19.005,565.9
2025-11-11T12:00:00Z,1.6561839124443338,19.105,569.6
2025-11-11T12:15:00Z,1.5034696495653534,19.19,572.4
2025-11-11T12:30:00Z,1.5006897698884671,19.28,575.3
2025-11-11T12:45:00Z,1.4985660581905904,19.385,579.3
2025-11-11T13:00:00Z,1.4995503101591012,19.488,582.5
2025-11-11T13:15:00Z,1.4865821583399068,19.585,586
2025-11-11T13:30:00Z,1.4862540743504056,19.686,589.1
2025-11-11T13:45:00Z,1.4874112025475483,19.753,591.5
2025-11-11T14:00:00Z,1.4792091028100174,19.815,594.2
2025-11-11T14:15:00Z,1.4803662310071388,19.882,597
2025-11-11T14:30:00Z,1.48906929096281,19.948,599.8
2025-11-11T14:45:00Z,1.4854603670782893,20.034,603.5
2025-11-11T15:00:00Z,1.4742878429674988,20.109,606.8
2025-11-11T15:15:00Z,1.4785529348310078,20.153,607.4
2025-11-11T15:30:00Z,1.4765844308940075,20.164,607
2025-11-11T15:45:00Z,1.480867191225272,20.163,608
2025-11-11T16:00:00Z,1.4848041990992868,20.166,609.3
2025-11-11T16:15:00Z,1.4836470709021512,20.169,612.8
2025-11-11T16:30:00Z,1.4703508350934769,20.163,615.4
2025-11-11T16:45:00Z,1.4803662310071388,20.15,617
2025-11-11T17:00:00Z,1.482006650954638,20.133,618.1
2025-11-11T17:15:00Z,1.484959406860149,20.108,618.8
2025-11-11T17:30:00Z,1.4729755070094868,20.089,618.2
2025-11-11T17:45:00Z,1.484130362652536,20.074,618.6
2025-11-11T18:00:00Z,1.4775686828625112,20.047,618.9
2025-11-11T18:15:00Z,1.4736316749884892,20.021,619.5
2025-11-11T18:30:00Z,1.4839751548916453,20,620.7
2025-11-11T18:45:00Z,1.4872559947866577,19.984,621.8
2025-11-11T19:00:00Z,1.4797100630281292,19.965,622.8
2025-11-11T19:15:00Z,1.4852874908496574,19.942,623.7
2025-11-11T19:30:00Z,1.4764292231331169,19.92,623.9
2025-11-11T19:45:00Z,1.4800381470176376,19.896,626.3
2025-11-11T20:00:00Z,1.4885683307446698,19.875,627.9
2025-11-11T20:15:00Z,1.4885683307446698,19.857,628.7
2025-11-11T20:30:00Z,1.484130362652536,19.835,629.1
2025-11-11T20:45:00Z,1.4856155748391586,19.802,628.7
2025-11-11T21:00:00Z,1.487584078776166,19.776,628.3
2025-11-11T21:15:00Z,1.4880673705265508,19.753,628.3
2025-11-11T21:30:00Z,1.4916762944110644,19.742,628.5
2025-11-11T21:45:00Z,1.485442698610541,19.745,629.1
2025-11-11T22:00:00Z,1.487083118558047,19.751,629.7
2025-11-11T22:15:00Z,1.4882402467551685,19.753,630.3
2025-11-11T22:30:00Z,1.488896414734171,19.736,630.2
2025-11-11T22:45:00Z,1.4865998268076552,19.73,630.2
2025-11-11T23:00:00Z,1.4908649186711784,19.744,631.1
2025-11-11T23:15:00Z,1.4928334226081859,19.751,631.5
2025-11-11T23:30:00Z,1.4925053386186775,19.744,631.9
2025-11-11T23:45:00Z,1.4874112025475483,19.731,632.1
2025-11-12T00:00:00Z,1.4818337747260273,19.69,631.9
2025-11-12T00:00:00Z,1.4818337747260273,19.69,631.9
2025-11-12T00:15:00Z,1.4948019265451933,19.677,629.7
2025-11-12T00:30:00Z,1.4921772546291763,19.676,629.5
2025-11-12T00:45:00Z,1.4923501308578224,19.68,630.3
2025-11-12T01:00:00Z,1.4852874908496574,19.683,631
2025-11-12T01:15:00Z,1.4941457585661908,19.672,631
2025-11-12T01:30:00Z,1.4867550345685459,19.658,631.2
2025-11-12T01:45:00Z,1.4860988665895434,19.641,630.5
2025-11-12T02:00:00Z,1.4856155748391586,19.63,630
2025-11-12T02:15:00Z,1.4943186347948298,19.624,629.8
2025-11-12T02:30:00Z,1.495959054742329,19.623,629.2
2025-11-12T02:45:00Z,1.4877392865370496,19.629,628.9
2025-11-12T03:00:00Z,1.4877392865370496,19.627,628.4
2025-11-12T03:15:00Z,1.489707790474057,19.616,626.9
2025-11-12T03:30:00Z,1.4911930026606797,19.598,625.5
2025-11-12T03:45:00Z,1.4951300105346945,19.572,627.3
2025-11-12T04:00:00Z,1.490208750692176,19.519,628.7
2025-11-12T04:15:00Z,1.4980827664402057,19.36,625.7
2025-11-12T04:30:00Z,1.4988941421800988,19.149,621.4
2025-11-12T04:45:00Z,1.5110332497916374,18.953,617.1
2025-11-12T05:00:00Z,1.5075795336679931,18.786,613.2
2025-11-12T05:15:00Z,1.5136579217076473,18.673,610.5
2025-11-12T05:30:00Z,1.510377081812642,18.609,608.8
2025-11-12T05:45:00Z,1.5156264256446619,18.516,607.2
2025-11-12T06:00:00Z,1.5136579217076473,18.454,606
2025-11-12T06:15:00Z,1.5244846933611953,18.463,605.4
2025-11-12T06:30:00Z,1.5244846933611953,18.456,606.4
2025-11-12T06:45:00Z,1.522844273413689,18.549,607.3
2025-11-12T07:00:00Z,1.5054558219701164,18.625,612.7
2025-11-12T07:15:00Z,1.5042986937729808,18.632,616.3
2025-11-12T07:30:00Z,1.5156087571768992,18.692,620.2
2025-11-12T07:45:00Z,1.5118269570637608,18.764,623.9
2025-11-12T08:00:00Z,1.5065599447639855,18.793,625.3
2025-11-12T08:15:00Z,1.5013106009319657,18.797,626.6
2025-11-12T08:30:00Z,1.5113259968456347,18.809,626
2025-11-12T08:45:00Z,1.516092048927277,18.791,627.5
2025-11-12T09:00:00Z,1.5011553931710964,18.737,627.4
2025-11-12T09:15:00Z,1.497701677047452,18.774,629.5
2025-11-12T09:30:00Z,1.509029408919126,18.87,633.8
2025-11-12T09:45:00Z,1.5078722807219975,18.922,636.2
2025-11-12T10:00:00Z,1.4986859290159558,18.954,638.4
2025-11-12T10:15:00Z,1.5026229368899777,18.978,640.1
2025-11-12T10:30:00Z,1.506076653013615,18.969,639.3
2025-11-12T10:45:00Z,1.4968903013075803,18.907,636.5
2025-11-12T11:00:00Z,1.500827309181588,18.824,634.2
2025-11-12T11:15:00Z,1.4995149732235902,18.838,636.7
2025-11-12T11:30:00Z,1.5029510208794719,18.874,639
2025-11-12T11:45:00Z,1.4988588052445877,18.915,640.6
2025-11-12T12:00:00Z,1.6514355288304472,18.949,641.6
2025-11-12T12:15:00Z,1.4970808460039464,18.933,642.3
2025-11-12T12:30:00Z,1.5030040262827242,18.925,644.2
2025-11-12T12:45:00Z,1.5018645665533583,18.971,648.6
2025-11-12T13:00:00Z,1.491521086650181,19.008,651.6
2025-11-12T13:15:00Z,1.5005522305953534,19.042,654.5
2025-11-12T13:30:00Z,1.4941457585661908,19.112,659.8
2025-11-12T13:45:00Z,1.5025207345323608,19.174,664.2
2025-11-12T14:00:00Z,1.4969433067108397,19.249,667.9
2025-11-12T14:15:00Z,1.48069431499664,19.309,672
2025-11-12T14:30:00Z,1.499084686876465,19.347,676
2025-11-12T14:45:00Z,1.4915387551179364,19.362,677.4
2025-11-12T15:00:00Z,1.489570251180929,19.346,680.4
2025-11-12T15:15:00Z,1.490882587138934,19.31,683.2
2025-11-12T15:30:00Z,1.4928510910759414,19.239,683.7
2025-11-12T15:45:00Z,1.4928510910759414,19.175,684.5
2025-11-12T16:00:00Z,1.500897983052603,19.134,686.6
2025-11-12T16:15:00Z,1.4987566028869637,19.075,687
2025-11-12T16:30:00Z,1.5007251068239782,19.036,688
2025-11-12T16:45:00Z,1.503349778739988,19.027,690.1
2025-11-12T17:00:00Z,1.4994127708659661,19.023,691.4
2025-11-12T17:15:00Z,1.4971161829394575,19.067,694.7
2025-11-12T17:30:00Z,1.509100082790141,19.117,696.1
2025-11-12T17:45:00Z,1.5017093587924748,19.162,698.5
2025-11-12T18:00:00Z,1.501536482563857,19.212,701.2
2025-11-12T18:15:00Z,1.505473490437872,19.242,703.1
2025-11-12T18:30:00Z,1.4885683307446698,19.269,705
2025-11-12T18:45:00Z,1.5021926505428596,19.278,706.7
2025-11-12T19:00:00Z,1.5005522305953534,19.288,707.8
2025-11-12T19:15:00Z,1.501536482563857,19.282,708.5
2025-11-12T19:30:00Z,1.4951300105346945,19.283,709.8
2025-11-12T19:45:00Z,1.4964423464926995,19.277,710.7
2025-11-12T20:00:00Z,1.500051270377213,19.267,711.4
2025-11-12T20:15:00Z,1.495285218295578,19.265,712.2
2025-11-12T20:30:00Z,1.4959413862745805,19.246,713.1
2025-11-12T20:45:00Z,1.4972537222325855,19.233,714.2
2025-11-12T21:00:00Z,1.5044715700016198,19.217,715
2025-11-12T21:15:00Z,1.504799653991121,19.206,715
2025-11-12T21:30:00Z,1.4944561740879365,19.193,715.6
2025-11-12T21:45:00Z,1.495285218295578,19.175,716.2
2025-11-12T22:00:00Z,1.4982379742010892,19.159,716.8
2025-11-12T22:15:00Z,1.5005345621275978,19.145,716.5
2025-11-12T22:30:00Z,1.4992222261696,19.133,715.3
2025-11-12T22:45:00Z,1.5046444462302304,19.131,714.5
2025-11-12T23:00:00Z,1.5043163622407292,19.132,717
2025-11-12T23:15:00Z,1.495285218295578,19.151,720.6
2025-11-12T23:30:00Z,1.4954580945241958,19.183,723
2025-11-12T23:45:00Z,1.495786178513697,19.221,724.8
2025-11-13T00:00:00Z,1.4941457585661908,19.259,725.8
2025-11-13T00:15:00Z,1.4905368346816772,19.292,727.1
2025-11-13T00:30:00Z,1.491521086650181,19.322,727.8
2025-11-13T00:45:00Z,1.488896414734171,19.348,728.3
2025-11-13T01:00:00Z,1.4949748027738323,19.379,729.2
2025-11-13T01:15:00Z,1.4846313228706478,19.402,729.9
2025-11-13T01:30:00Z,1.4887412069733017,19.412,730
2025-11-13T01:45:00Z,1.4862894112859166,19.418,729.2
2025-11-13T02:00:00Z,1.496632891189087,19.397,728
2025-11-13T02:15:00Z,1.4946643872520795,19.362,726.7
2025-11-13T02:30:00Z,1.4936801352835687,19.329,725.1
2025-11-13T02:45:00Z,1.4946643872520795,19.247,721.3
2025-11-13T03:00:00Z,1.49138354735706,19.229,721.2
2025-11-13T03:15:00Z,1.495320555231082,19.121,717.2
2025-11-13T03:30:00Z,1.5128818829032795,18.809,705.3
2025-11-13T03:45:00Z,1.5130370906641488,18.507,695.1
2025-11-13T04:00:00Z,1.5220682346093142,18.222,684.8
2025-11-13T04:15:00Z,1.5250209905148253,17.964,676.1
2025-11-13T04:30:00Z,1.5358477621683733,17.757,669.8
2025-11-13T04:30:00Z,1.5358477621683733,17.757,669.8
2025-11-13T04:45:00Z,1.5300974581182203,17.627,666
2025-11-13T05:00:00Z,1.5453621978639092,17.554,663.1
2025-11-13T05:15:00Z,1.532221169816097,17.507,661.7
2025-11-13T05:30:00Z,1.5341896737531044,17.463,660
2025-11-13T05:45:00Z,1.5420636895011341,17.453,659.8
2025-11-13T06:00:00Z,1.535657217471993,17.419,658.7
2025-11-13T06:15:00Z,1.5422188972620177,17.379,657.7
2025-11-13T06:30:00Z,1.5474682410940375,17.326,656.5
2025-11-13T06:45:00Z,1.5374528451803613,17.271,655.3
2025-11-13T07:00:00Z,1.5420460210333786,17.225,654.1
2025-11-13T07:15:00Z,1.5443426089598873,17.184,653
2025-11-13T07:30:00Z,1.5446706929493885,17.17,654.8
2025-11-13T07:45:00Z,1.5415450608152668,17.217,669.4
2025-11-13T08:00:00Z,1.5402327248572618,17.194,669.8
2025-11-13T08:15:00Z,1.543185480762773,17.197,669.5
2025-11-13T08:30:00Z,1.5402327248572618,17.222,669.8
2025-11-13T08:45:00Z,1.5394213491173687,17.303,670.4
2025-11-13T09:00:00Z,1.5381090131593638,17.456,672.8
2025-11-13T09:15:00Z,1.5244846933611953,17.581,675.5
2025-11-13T09:30:00Z,1.5243294856003118,17.717,679
2025-11-13T09:45:00Z,1.519080141768292,18.155,694.7
2025-11-13T10:00:00Z,1.5084085778756275,18.278,707.4
