station,valid,alti
SBA,9/24/2025 0:00,29.9
SBA,9/24/2025 0:05,29.89
SBA,9/24/2025 0:10,29.89
SBA,9/24/2025 0:15,29.89
SBA,9/24/2025 0:20,29.89
SBA,9/24/2025 0:25,29.9
SBA,9/24/2025 0:30,29.91
SBA,9/24/2025 0:35,29.9
SBA,9/24/2025 0:40,29.9
SBA,9/24/2025 0:45,29.9
SBA,9/24/2025 0:50,29.9
SBA,9/24/2025 0:55,29.89
SBA,9/24/2025 1:00,29.9
SBA,9/24/2025 1:05,29.91
SBA,9/24/2025 1:10,29.91
SBA,9/24/2025 1:15,29.9
SBA,9/24/2025 1:20,29.9
SBA,9/24/2025 1:25,29.89
SBA,9/24/2025 1:30,29.9
SBA,9/24/2025 1:35,29.91
SBA,9/24/2025 1:40,29.91
SBA,9/24/2025 1:45,29.91
SBA,9/24/2025 1:50,29.91
SBA,9/24/2025 1:55,29.92
SBA,9/24/2025 2:00,29.94
SBA,9/24/2025 2:05,29.93
SBA,9/24/2025 2:10,29.93
SBA,9/24/2025 2:15,29.92
SBA,9/24/2025 2:20,29.92
SBA,9/24/2025 2:25,29.92
SBA,9/24/2025 2:30,29.91
SBA,9/24/2025 2:35,29.9
SBA,9/24/2025 2:40,29.9
SBA,9/24/2025 2:45,29.9
SBA,9/24/2025 2:50,29.91
SBA,9/24/2025 2:55,29.9
SBA,9/24/2025 3:00,29.9
SBA,9/24/2025 3:05,29.9
SBA,9/24/2025 3:10,29.89
SBA,9/24/2025 3:15,29.89
SBA,9/24/2025 3:20,29.9
SBA,9/24/2025 3:25,29.91
SBA,9/24/2025 3:30,29.9
SBA,9/24/2025 3:35,29.9
SBA,9/24/2025 3:40,29.91
SBA,9/24/2025 3:45,29.91
SBA,9/24/2025 3:50,29.91
SBA,9/24/2025 3:55,29.91
SBA,9/24/2025 4:00,29.91
SBA,9/24/2025 4:05,29.91
SBA,9/24/2025 4:10,29.9
SBA,9/24/2025 4:15,29.9
SBA,9/24/2025 4:20,29.91
SBA,9/24/2025 4:25,29.91
SBA,9/24/2025 4:30,29.91
SBA,9/24/2025 4:35,29.91
SBA,9/24/2025 4:40,29.91
SBA,9/24/2025 4:45,29.91
SBA,9/24/2025 4:50,29.92
SBA,9/24/2025 4:55,29.92
SBA,9/24/2025 5:00,29.92
SBA,9/24/2025 5:05,29.92
SBA,9/24/2025 5:10,29.92
SBA,9/24/2025 5:15,29.92
SBA,9/24/2025 5:20,29.93
SBA,9/24/2025 5:25,29.92
SBA,9/24/2025 5:30,29.92
SBA,9/24/2025 5:35,29.92
SBA,9/24/2025 5:40,29.92
SBA,9/24/2025 5:45,29.93
SBA,9/24/2025 5:50,29.93
SBA,9/24/2025 5:55,29.93
SBA,9/24/2025 6:00,29.93
SBA,9/24/2025 6:05,29.93
SBA,9/24/2025 6:10,29.93
SBA,9/24/2025 6:15,29.93
SBA,9/24/2025 6:20,29.93
SBA,9/24/2025 6:25,29.93
SBA,9/24/2025 6:30,29.93
SBA,9/24/2025 6:35,29.93
SBA,9/24/2025 6:40,29.93
SBA,9/24/2025 6:45,29.93
SBA,9/24/2025 6:50,29.93
SBA,9/24/2025 6:55,29.93
SBA,9/24/2025 7:00,29.93
SBA,9/24/2025 7:05,29.93
SBA,9/24/2025 7:10,29.93
SBA,9/24/2025 7:15,29.93
SBA,9/24/2025 7:20,29.93
SBA,9/24/2025 7:25,29.94
SBA,9/24/2025 7:30,29.94
SBA,9/24/2025 7:35,29.95
SBA,9/24/2025 7:40,29.94
SBA,9/24/2025 7:45,29.95
SBA,9/24/2025 7:50,29.95
SBA,9/24/2025 7:55,29.95
SBA,9/24/2025 8:00,29.95
SBA,9/24/2025 8:05,29.95
SBA,9/24/2025 8:10,29.95
SBA,9/24/2025 8:15,29.95
SBA,9/24/2025 8:20,29.95
SBA,9/24/2025 8:25,29.95
SBA,9/24/2025 8:30,29.95
SBA,9/24/2025 8:35,29.95
SBA,9/24/2025 8:40,29.95
SBA,9/24/2025 8:45,29.95
SBA,9/24/2025 8:50,29.96
SBA,9/24/2025 8:55,29.96
SBA,9/24/2025 9:00,29.96
SBA,9/24/2025 9:05,29.96
SBA,9/24/2025 9:10,29.96
SBA,9/24/2025 9:15,29.97
SBA,9/24/2025 9:20,29.97
SBA,9/24/2025 9:25,29.97
SBA,9/24/2025 9:30,29.97
SBA,9/24/2025 9:35,29.97
SBA,9/24/2025 9:40,29.97
SBA,9/24/2025 9:45,29.97
SBA,9/24/2025 9:50,29.98
SBA,9/24/2025 9:55,29.98
SBA,9/24/2025 10:00,29.98
SBA,9/24/2025 10:05,29.98
SBA,9/24/2025 10:10,29.98
SBA,9/24/2025 10:15,29.98
SBA,9/24/2025 10:20,29.99
SBA,9/24/2025 10:25,29.99
SBA,9/24/2025 10:30,29.99
SBA,9/24/2025 10:35,29.99
SBA,9/24/2025 10:40,29.98
SBA,9/24/2025 10:45,29.98
SBA,9/24/2025 10:50,29.98
SBA,9/24/2025 10:55,29.98
SBA,9/24/2025 11:00,29.98
SBA,9/24/2025 11:05,29.98
SBA,9/24/2025 11:10,29.98
SBA,9/24/2025 11:15,29.98
SBA,9/24/2025 11:20,29.98
SBA,9/24/2025 11:25,29.98
SBA,9/24/2025 11:30,29.98
SBA,9/24/2025 11:35,29.98
SBA,9/24/2025 11:40,29.98
SBA,9/24/2025 11:45,29.97
SBA,9/24/2025 11:50,29.97
SBA,9/24/2025 11:55,29.97
SBA,9/24/2025 12:00,29.97
SBA,9/24/2025 12:05,29.97
SBA,9/24/2025 12:10,29.97
SBA,9/24/2025 12:15,29.96
SBA,9/24/2025 12:20,29.96
SBA,9/24/2025 12:25,29.96
SBA,9/24/2025 12:30,29.96
SBA,9/24/2025 12:35,29.96
SBA,9/24/2025 12:40,29.96
SBA,9/24/2025 12:45,29.96
SBA,9/24/2025 12:50,29.96
SBA,9/24/2025 12:55,29.96
SBA,9/24/2025 13:00,29.96
SBA,9/24/2025 13:05,29.96
SBA,9/24/2025 13:10,29.96
SBA,9/24/2025 13:15,29.96
SBA,9/24/2025 13:20,29.96
SBA,9/24/2025 13:25,29.96
SBA,9/24/2025 13:30,29.96
SBA,9/24/2025 13:35,29.95
SBA,9/24/2025 13:40,29.95
SBA,9/24/2025 13:45,29.95
SBA,9/24/2025 13:50,29.95
SBA,9/24/2025 13:55,29.95
SBA,9/24/2025 14:00,29.95
SBA,9/24/2025 14:05,29.95
SBA,9/24/2025 14:10,29.95
SBA,9/24/2025 14:15,29.95
SBA,9/24/2025 14:20,29.95
SBA,9/24/2025 14:25,29.95
SBA,9/24/2025 14:30,29.95
SBA,9/24/2025 14:35,29.95
SBA,9/24/2025 14:40,29.95
SBA,9/24/2025 14:45,29.94
SBA,9/24/2025 14:50,29.95
SBA,9/24/2025 14:55,29.95
SBA,9/24/2025 15:00,29.94
SBA,9/24/2025 15:05,29.94
SBA,9/24/2025 15:10,29.95
SBA,9/24/2025 15:15,29.94
SBA,9/24/2025 15:20,29.94
SBA,9/24/2025 15:25,29.94
SBA,9/24/2025 15:30,29.94
SBA,9/24/2025 15:35,29.94
SBA,9/24/2025 15:40,29.94
SBA,9/24/2025 15:45,29.94
SBA,9/24/2025 15:50,29.94
SBA,9/24/2025 15:55,29.94
SBA,9/24/2025 16:00,29.94
SBA,9/24/2025 16:05,29.94
SBA,9/24/2025 16:10,29.94
SBA,9/24/2025 16:15,29.94
SBA,9/24/2025 16:20,29.93
SBA,9/24/2025 16:25,29.93
SBA,9/24/2025 16:30,29.93
SBA,9/24/2025 16:35,29.94
SBA,9/24/2025 16:40,29.94
SBA,9/24/2025 16:45,29.94
SBA,9/24/2025 16:50,29.94
SBA,9/24/2025 16:55,29.94
SBA,9/24/2025 17:00,29.94
SBA,9/24/2025 17:05,29.94
SBA,9/24/2025 17:10,29.94
SBA,9/24/2025 17:15,29.94
SBA,9/24/2025 17:20,29.94
SBA,9/24/2025 17:25,29.94
SBA,9/24/2025 17:30,29.93
SBA,9/24/2025 17:35,29.93
SBA,9/24/2025 17:40,29.93
SBA,9/24/2025 17:45,29.93
SBA,9/24/2025 17:50,29.93
SBA,9/24/2025 17:55,29.93
SBA,9/24/2025 18:00,29.93
SBA,9/24/2025 18:05,29.93
SBA,9/24/2025 18:10,29.93
SBA,9/24/2025 18:15,29.93
SBA,9/24/2025 18:20,29.93
SBA,9/24/2025 18:25,29.93
SBA,9/24/2025 18:30,29.93
SBA,9/24/2025 18:35,29.93
SBA,9/24/2025 18:40,29.93
SBA,9/24/2025 18:45,29.93
SBA,9/24/2025 18:50,29.93
SBA,9/24/2025 18:55,29.93
SBA,9/24/2025 19:00,29.93
SBA,9/24/2025 19:05,29.93
SBA,9/24/2025 19:10,29.93
SBA,9/24/2025 19:15,29.92
SBA,9/24/2025 19:20,29.92
SBA,9/24/2025 19:25,29.92
SBA,9/24/2025 19:30,29.92
SBA,9/24/2025 19:35,29.92
SBA,9/24/2025 19:40,29.92
SBA,9/24/2025 19:45,29.93
SBA,9/24/2025 19:50,29.93
SBA,9/24/2025 19:55,29.93
SBA,9/24/2025 20:00,29.93
SBA,9/24/2025 20:05,29.93
SBA,9/24/2025 20:10,29.94
SBA,9/24/2025 20:15,29.94
SBA,9/24/2025 20:20,29.94
SBA,9/24/2025 20:25,29.94
SBA,9/24/2025 20:30,29.94
SBA,9/24/2025 20:35,29.94
SBA,9/24/2025 20:40,29.94
SBA,9/24/2025 20:45,29.94
SBA,9/24/2025 20:50,29.94
SBA,9/24/2025 20:55,29.94
SBA,9/24/2025 21:00,29.94
SBA,9/24/2025 21:05,29.94
SBA,9/24/2025 21:10,29.94
SBA,9/24/2025 21:15,29.94
SBA,9/24/2025 21:20,29.94
SBA,9/24/2025 21:25,29.94
SBA,9/24/2025 21:30,29.94
SBA,9/24/2025 21:35,29.95
SBA,9/24/2025 21:40,29.95
SBA,9/24/2025 21:45,29.95
SBA,9/24/2025 21:50,29.95
SBA,9/24/2025 21:55,29.95
SBA,9/24/2025 22:00,29.95
SBA,9/24/2025 22:05,29.95
SBA,9/24/2025 22:10,29.95
SBA,9/24/2025 22:15,29.95
SBA,9/24/2025 22:20,29.95
SBA,9/24/2025 22:25,29.95
SBA,9/24/2025 22:30,29.95
SBA,9/24/2025 22:35,29.95
SBA,9/24/2025 22:40,29.95
SBA,9/24/2025 22:45,29.94
SBA,9/24/2025 22:50,29.94
SBA,9/24/2025 22:55,29.94
SBA,9/24/2025 23:00,29.94
SBA,9/24/2025 23:05,29.94
SBA,9/24/2025 23:10,29.94
SBA,9/24/2025 23:15,29.94
SBA,9/24/2025 23:20,29.94
SBA,9/24/2025 23:25,29.94
SBA,9/24/2025 23:30,29.94
SBA,9/24/2025 23:35,29.94
SBA,9/24/2025 23:40,29.94
SBA,9/24/2025 23:45,29.94
SBA,9/24/2025 23:50,29.94
SBA,9/24/2025 23:55,29.94
SBA,9/25/2025 0:00,29.95
SBA,9/25/2025 0:05,29.95
SBA,9/25/2025 0:10,29.95
SBA,9/25/2025 0:15,29.94
SBA,9/25/2025 0:20,29.94
SBA,9/25/2025 0:25,29.94
SBA,9/25/2025 0:30,29.94
SBA,9/25/2025 0:35,29.94
SBA,9/25/2025 0:40,29.94
SBA,9/25/2025 0:45,29.94
SBA,9/25/2025 0:50,29.94
SBA,9/25/2025 0:55,29.94
SBA,9/25/2025 1:00,29.94
SBA,9/25/2025 1:05,29.94
SBA,9/25/2025 1:10,29.94
SBA,9/25/2025 1:15,29.94
SBA,9/25/2025 1:20,29.94
SBA,9/25/2025 1:25,29.94
SBA,9/25/2025 1:30,29.95
SBA,9/25/2025 1:35,29.95
SBA,9/25/2025 1:40,29.95
SBA,9/25/2025 1:45,29.95
SBA,9/25/2025 1:50,29.95
SBA,9/25/2025 1:55,29.95
SBA,9/25/2025 2:00,29.95
SBA,9/25/2025 2:05,29.95
SBA,9/25/2025 2:10,29.95
SBA,9/25/2025 2:15,29.95
SBA,9/25/2025 2:20,29.95
SBA,9/25/2025 2:25,29.95
SBA,9/25/2025 2:30,29.95
SBA,9/25/2025 2:35,29.95
SBA,9/25/2025 2:40,29.95
SBA,9/25/2025 2:45,29.95
SBA,9/25/2025 2:50,29.95
SBA,9/25/2025 2:55,29.95
SBA,9/25/2025 3:00,29.95
SBA,9/25/2025 3:05,29.95
SBA,9/25/2025 3:10,29.95
SBA,9/25/2025 3:15,29.95
SBA,9/25/2025 3:20,29.95
SBA,9/25/2025 3:25,29.95
SBA,9/25/2025 3:30,29.96
SBA,9/25/2025 3:35,29.95
SBA,9/25/2025 3:40,29.95
SBA,9/25/2025 3:45,29.95
SBA,9/25/2025 3:50,29.96
SBA,9/25/2025 3:55,29.96
SBA,9/25/2025 4:00,29.96
SBA,9/25/2025 4:05,29.96
SBA,9/25/2025 4:10,29.96
SBA,9/25/2025 4:15,29.97
SBA,9/25/2025 4:20,29.97
SBA,9/25/2025 4:25,29.97
SBA,9/25/2025 4:30,29.96
SBA,9/25/2025 4:35,29.96
SBA,9/25/2025 4:40,29.96
SBA,9/25/2025 4:45,29.96
SBA,9/25/2025 4:50,29.96
SBA,9/25/2025 4:55,29.96
SBA,9/25/2025 5:00,29.96
SBA,9/25/2025 5:05,29.96
SBA,9/25/2025 5:10,29.96
SBA,9/25/2025 5:15,29.96
SBA,9/25/2025 5:20,29.96
SBA,9/25/2025 5:25,29.96
SBA,9/25/2025 5:30,29.96
SBA,9/25/2025 5:35,29.96
SBA,9/25/2025 5:40,29.95
SBA,9/25/2025 5:45,29.96
SBA,9/25/2025 5:50,29.96
SBA,9/25/2025 5:55,29.96
SBA,9/25/2025 6:00,29.96
SBA,9/25/2025 6:05,29.96
SBA,9/25/2025 6:10,29.96
SBA,9/25/2025 6:15,29.96
SBA,9/25/2025 6:20,29.96
SBA,9/25/2025 6:25,29.97
SBA,9/25/2025 6:30,29.97
SBA,9/25/2025 6:35,29.97
SBA,9/25/2025 6:40,29.97
SBA,9/25/2025 6:45,29.97
SBA,9/25/2025 6:50,29.97
SBA,9/25/2025 6:55,29.97
SBA,9/25/2025 7:00,29.96
SBA,9/25/2025 7:05,29.97
SBA,9/25/2025 7:10,29.97
SBA,9/25/2025 7:15,29.97
SBA,9/25/2025 7:20,29.97
SBA,9/25/2025 7:25,29.98
SBA,9/25/2025 7:30,29.98
SBA,9/25/2025 7:35,29.98
SBA,9/25/2025 7:40,29.98
SBA,9/25/2025 7:45,29.98
SBA,9/25/2025 7:50,29.99
SBA,9/25/2025 7:55,29.99
SBA,9/25/2025 8:00,29.99
SBA,9/25/2025 8:05,29.99
SBA,9/25/2025 8:10,29.99
SBA,9/25/2025 8:15,29.99
SBA,9/25/2025 8:20,29.99
SBA,9/25/2025 8:25,29.99
SBA,9/25/2025 8:30,29.99
SBA,9/25/2025 8:35,30
SBA,9/25/2025 8:40,30
SBA,9/25/2025 8:45,30
SBA,9/25/2025 8:50,30
SBA,9/25/2025 8:55,30
SBA,9/25/2025 9:00,30
SBA,9/25/2025 9:05,30
SBA,9/25/2025 9:10,30
SBA,9/25/2025 9:15,30
SBA,9/25/2025 9:20,30
SBA,9/25/2025 9:25,30
SBA,9/25/2025 9:30,30
SBA,9/25/2025 9:35,30
SBA,9/25/2025 9:40,30
SBA,9/25/2025 9:45,30
SBA,9/25/2025 9:50,30
SBA,9/25/2025 9:55,30
SBA,9/25/2025 10:00,30
SBA,9/25/2025 10:05,30
SBA,9/25/2025 10:10,30
SBA,9/25/2025 10:15,30
SBA,9/25/2025 10:20,30
SBA,9/25/2025 10:25,30
SBA,9/25/2025 10:30,30
SBA,9/25/2025 10:35,30
SBA,9/25/2025 10:40,30
SBA,9/25/2025 10:45,30
SBA,9/25/2025 11:00,30
SBA,9/25/2025 11:05,30
SBA,9/25/2025 11:10,30
SBA,9/25/2025 11:15,29.99
SBA,9/25/2025 11:20,29.99
SBA,9/25/2025 11:25,29.99
SBA,9/25/2025 11:30,30
SBA,9/25/2025 11:35,29.99
SBA,9/25/2025 11:40,30
SBA,9/25/2025 11:45,30
SBA,9/25/2025 11:50,30
SBA,9/25/2025 11:55,30
SBA,9/25/2025 12:00,30
SBA,9/25/2025 12:05,30
SBA,9/25/2025 12:10,30
SBA,9/25/2025 12:15,29.99
SBA,9/25/2025 12:20,29.99
SBA,9/25/2025 12:25,29.99
SBA,9/25/2025 12:30,29.98
SBA,9/25/2025 12:35,29.98
SBA,9/25/2025 12:40,29.98
SBA,9/25/2025 12:45,29.97
SBA,9/25/2025 12:50,29.97
SBA,9/25/2025 13:00,29.97
SBA,9/25/2025 13:05,29.97
SBA,9/25/2025 13:10,29.97
SBA,9/25/2025 13:15,29.97
SBA,9/25/2025 13:20,29.97
SBA,9/25/2025 13:25,29.97
SBA,9/25/2025 13:30,29.97
SBA,9/25/2025 13:35,29.97
SBA,9/25/2025 13:40,29.97
SBA,9/25/2025 13:45,29.96
SBA,9/25/2025 13:50,29.96
SBA,9/25/2025 13:55,29.96
SBA,9/25/2025 14:00,29.96
SBA,9/25/2025 14:05,29.96
SBA,9/25/2025 14:10,29.95
SBA,9/25/2025 14:15,29.96
SBA,9/25/2025 14:20,29.96
SBA,9/25/2025 14:25,29.95
SBA,9/25/2025 14:30,29.95
SBA,9/25/2025 14:35,29.96
SBA,9/25/2025 14:40,29.95
SBA,9/25/2025 14:45,29.95
SBA,9/25/2025 14:50,29.95
SBA,9/25/2025 14:55,29.95
SBA,9/25/2025 15:00,29.95
SBA,9/25/2025 15:05,29.95
SBA,9/25/2025 15:10,29.95
SBA,9/25/2025 15:15,29.94
SBA,9/25/2025 15:20,29.94
SBA,9/25/2025 15:25,29.94
SBA,9/25/2025 15:30,29.94
SBA,9/25/2025 15:35,29.93
SBA,9/25/2025 15:40,29.94
SBA,9/25/2025 15:45,29.93
SBA,9/25/2025 15:50,29.93
SBA,9/25/2025 15:55,29.93
SBA,9/25/2025 16:00,29.93
SBA,9/25/2025 16:05,29.93
SBA,9/25/2025 16:10,29.93
SBA,9/25/2025 16:15,29.93
SBA,9/25/2025 16:20,29.92
SBA,9/25/2025 16:25,29.92
SBA,9/25/2025 16:30,29.92
SBA,9/25/2025 16:35,29.92
SBA,9/25/2025 16:40,29.91
SBA,9/25/2025 16:45,29.92
SBA,9/25/2025 16:50,29.92
SBA,9/25/2025 16:55,29.92
SBA,9/25/2025 17:00,29.92
SBA,9/25/2025 17:05,29.91
SBA,9/25/2025 17:10,29.91
SBA,9/25/2025 17:15,29.91
SBA,9/25/2025 17:20,29.91
SBA,9/25/2025 17:25,29.91
SBA,9/25/2025 17:30,29.91
SBA,9/25/2025 17:35,29.91
SBA,9/25/2025 17:40,29.91
SBA,9/25/2025 17:45,29.91
SBA,9/25/2025 17:50,29.91
SBA,9/25/2025 17:55,29.9
SBA,9/25/2025 18:00,29.9
SBA,9/25/2025 18:05,29.9
SBA,9/25/2025 18:10,29.9
SBA,9/25/2025 18:15,29.9
SBA,9/25/2025 18:20,29.9
SBA,9/25/2025 18:25,29.9
SBA,9/25/2025 18:30,29.9
SBA,9/25/2025 18:35,29.9
SBA,9/25/2025 18:40,29.9
SBA,9/25/2025 18:45,29.9
SBA,9/25/2025 18:50,29.9
SBA,9/25/2025 18:55,29.9
SBA,9/25/2025 19:00,29.9
SBA,9/25/2025 19:05,29.9
SBA,9/25/2025 19:10,29.9
SBA,9/25/2025 19:15,29.9
SBA,9/25/2025 19:20,29.9
SBA,9/25/2025 19:25,29.9
SBA,9/25/2025 19:30,29.9
SBA,9/25/2025 19:35,29.9
SBA,9/25/2025 19:40,29.9
SBA,9/25/2025 19:45,29.9
SBA,9/25/2025 19:50,29.9
SBA,9/25/2025 19:55,29.9
SBA,9/25/2025 20:00,29.9
SBA,9/25/2025 20:05,29.9
SBA,9/25/2025 20:10,29.9
SBA,9/25/2025 20:15,29.9
SBA,9/25/2025 20:20,29.9
SBA,9/25/2025 20:25,29.9
SBA,9/25/2025 20:30,29.9
SBA,9/25/2025 20:35,29.9
SBA,9/25/2025 20:40,29.9
SBA,9/25/2025 20:45,29.9
SBA,9/25/2025 20:50,29.9
SBA,9/25/2025 21:00,29.9
SBA,9/25/2025 21:05,29.9
SBA,9/25/2025 21:10,29.9
SBA,9/25/2025 21:15,29.9
SBA,9/25/2025 21:20,29.9
SBA,9/25/2025 21:25,29.9
SBA,9/25/2025 21:30,29.9
SBA,9/25/2025 21:35,29.91
SBA,9/25/2025 21:40,29.91
SBA,9/25/2025 21:45,29.91
SBA,9/25/2025 21:50,29.91
SBA,9/25/2025 21:55,29.9
SBA,9/25/2025 22:00,29.9
SBA,9/25/2025 22:05,29.9
SBA,9/25/2025 22:10,29.9
SBA,9/25/2025 22:15,29.9
SBA,9/25/2025 22:20,29.9
SBA,9/25/2025 22:25,29.9
SBA,9/25/2025 22:30,29.9
SBA,9/25/2025 22:35,29.9
SBA,9/25/2025 22:40,29.89
SBA,9/25/2025 22:45,29.89
SBA,9/25/2025 22:50,29.89
SBA,9/25/2025 22:55,29.89
SBA,9/25/2025 23:00,29.89
SBA,9/25/2025 23:05,29.89
SBA,9/25/2025 23:10,29.88
SBA,9/25/2025 23:15,29.88
SBA,9/25/2025 23:20,29.88
SBA,9/25/2025 23:25,29.88
SBA,9/25/2025 23:30,29.88
SBA,9/25/2025 23:35,29.88
SBA,9/25/2025 23:40,29.88
SBA,9/25/2025 23:45,29.88
SBA,9/25/2025 23:50,29.88
SBA,9/25/2025 23:55,29.88
SBA,9/26/2025 0:00,29.87
SBA,9/26/2025 0:05,29.87
SBA,9/26/2025 0:10,29.87
SBA,9/26/2025 0:15,29.86
SBA,9/26/2025 0:20,29.86
SBA,9/26/2025 0:25,29.86
SBA,9/26/2025 0:30,29.86
SBA,9/26/2025 0:35,29.87
SBA,9/26/2025 0:40,29.86
SBA,9/26/2025 0:45,29.86
SBA,9/26/2025 0:50,29.86
SBA,9/26/2025 0:55,29.86
SBA,9/26/2025 1:00,29.87
SBA,9/26/2025 1:05,29.86
SBA,9/26/2025 1:10,29.86
SBA,9/26/2025 1:15,29.87
SBA,9/26/2025 1:20,29.87
SBA,9/26/2025 1:25,29.87
SBA,9/26/2025 1:30,29.86
SBA,9/26/2025 1:35,29.87
SBA,9/26/2025 1:40,29.87
SBA,9/26/2025 1:45,29.87
SBA,9/26/2025 1:50,29.87
SBA,9/26/2025 1:55,29.87
SBA,9/26/2025 2:00,29.86
SBA,9/26/2025 2:05,29.86
SBA,9/26/2025 2:10,29.86
SBA,9/26/2025 2:15,29.86
SBA,9/26/2025 2:20,29.86
SBA,9/26/2025 2:25,29.86
SBA,9/26/2025 2:30,29.85
SBA,9/26/2025 2:35,29.86
SBA,9/26/2025 2:40,29.85
SBA,9/26/2025 2:45,29.85
SBA,9/26/2025 2:50,29.85
SBA,9/26/2025 2:55,29.85
SBA,9/26/2025 3:00,29.85
SBA,9/26/2025 3:05,29.85
SBA,9/26/2025 3:10,29.86
SBA,9/26/2025 3:15,29.86
SBA,9/26/2025 3:20,29.86
SBA,9/26/2025 3:25,29.86
SBA,9/26/2025 3:30,29.86
SBA,9/26/2025 3:35,29.85
SBA,9/26/2025 3:40,29.86
SBA,9/26/2025 3:45,29.86
SBA,9/26/2025 3:50,29.86
SBA,9/26/2025 3:55,29.86
SBA,9/26/2025 4:00,29.86
SBA,9/26/2025 4:05,29.86
SBA,9/26/2025 4:10,29.86
SBA,9/26/2025 4:15,29.86
SBA,9/26/2025 4:20,29.85
SBA,9/26/2025 4:25,29.85
SBA,9/26/2025 4:30,29.85
SBA,9/26/2025 4:35,29.85
SBA,9/26/2025 4:40,29.85
SBA,9/26/2025 4:45,29.85
SBA,9/26/2025 4:50,29.85
SBA,9/26/2025 4:55,29.85
SBA,9/26/2025 5:00,29.85
SBA,9/26/2025 5:05,29.85
SBA,9/26/2025 5:10,29.85
SBA,9/26/2025 5:15,29.85
SBA,9/26/2025 5:20,29.86
SBA,9/26/2025 5:25,29.85
SBA,9/26/2025 5:30,29.86
SBA,9/26/2025 5:35,29.86
SBA,9/26/2025 5:40,29.86
SBA,9/26/2025 5:45,29.86
SBA,9/26/2025 5:50,29.86
SBA,9/26/2025 5:55,29.87
SBA,9/26/2025 6:00,29.87
SBA,9/26/2025 6:05,29.87
SBA,9/26/2025 6:10,29.87
SBA,9/26/2025 6:15,29.87
SBA,9/26/2025 6:20,29.87
SBA,9/26/2025 6:25,29.87
SBA,9/26/2025 6:30,29.87
SBA,9/26/2025 6:35,29.87
SBA,9/26/2025 6:40,29.88
SBA,9/26/2025 6:45,29.88
SBA,9/26/2025 6:50,29.88
SBA,9/26/2025 6:55,29.88
SBA,9/26/2025 7:00,29.88
SBA,9/26/2025 7:05,29.88
SBA,9/26/2025 7:10,29.88
SBA,9/26/2025 7:15,29.88
SBA,9/26/2025 7:20,29.88
SBA,9/26/2025 7:25,29.89
SBA,9/26/2025 7:30,29.89
SBA,9/26/2025 7:35,29.89
SBA,9/26/2025 7:40,29.89
SBA,9/26/2025 7:45,29.89
SBA,9/26/2025 7:50,29.9
SBA,9/26/2025 7:55,29.9
SBA,9/26/2025 8:00,29.9
SBA,9/26/2025 8:05,29.9
SBA,9/26/2025 8:10,29.9
SBA,9/26/2025 8:15,29.9
SBA,9/26/2025 8:20,29.9
SBA,9/26/2025 8:25,29.9
SBA,9/26/2025 8:30,29.9
SBA,9/26/2025 8:35,29.9
SBA,9/26/2025 8:40,29.9
SBA,9/26/2025 8:45,29.9
SBA,9/26/2025 8:50,29.9
SBA,9/26/2025 8:55,29.9
SBA,9/26/2025 9:00,29.9
SBA,9/26/2025 9:05,29.9
SBA,9/26/2025 9:10,29.9
SBA,9/26/2025 9:15,29.9
SBA,9/26/2025 9:20,29.9
SBA,9/26/2025 9:25,29.9
SBA,9/26/2025 9:30,29.9
SBA,9/26/2025 9:35,29.9
SBA,9/26/2025 9:40,29.9
SBA,9/26/2025 9:45,29.9
SBA,9/26/2025 9:50,29.9
SBA,9/26/2025 9:55,29.9
SBA,9/26/2025 10:00,29.9
SBA,9/26/2025 10:05,29.9
SBA,9/26/2025 10:10,29.9
SBA,9/26/2025 10:15,29.9
SBA,9/26/2025 10:20,29.9
SBA,9/26/2025 10:25,29.9
SBA,9/26/2025 10:30,29.91
SBA,9/26/2025 10:35,29.9
SBA,9/26/2025 10:40,29.9
SBA,9/26/2025 10:45,29.9
SBA,9/26/2025 10:50,29.9
SBA,9/26/2025 10:55,29.9
SBA,9/26/2025 11:00,29.9
SBA,9/26/2025 11:05,29.9
SBA,9/26/2025 11:10,29.9
SBA,9/26/2025 11:15,29.9
SBA,9/26/2025 11:20,29.9
SBA,9/26/2025 11:25,29.9
SBA,9/26/2025 11:30,29.9
SBA,9/26/2025 11:35,29.89
SBA,9/26/2025 11:40,29.89
SBA,9/26/2025 11:45,29.89
SBA,9/26/2025 11:50,29.89
SBA,9/26/2025 11:55,29.89
SBA,9/26/2025 12:00,29.89
SBA,9/26/2025 12:05,29.89
SBA,9/26/2025 12:10,29.89
SBA,9/26/2025 12:15,29.89
SBA,9/26/2025 12:20,29.89
SBA,9/26/2025 12:25,29.88
SBA,9/26/2025 12:30,29.88
SBA,9/26/2025 12:35,29.88
SBA,9/26/2025 12:40,29.88
SBA,9/26/2025 12:45,29.88
SBA,9/26/2025 12:50,29.88
SBA,9/26/2025 12:55,29.88
SBA,9/26/2025 13:00,29.88
SBA,9/26/2025 13:05,29.87
SBA,9/26/2025 13:10,29.87
SBA,9/26/2025 13:15,29.87
SBA,9/26/2025 13:20,29.87
SBA,9/26/2025 13:25,29.87
SBA,9/26/2025 13:30,29.87
SBA,9/26/2025 13:35,29.87
SBA,9/26/2025 13:40,29.86
SBA,9/26/2025 13:45,29.86
SBA,9/26/2025 13:50,29.86
SBA,9/26/2025 13:55,29.86
SBA,9/26/2025 14:00,29.86
SBA,9/26/2025 14:05,29.86
SBA,9/26/2025 14:10,29.85
SBA,9/26/2025 14:15,29.85
SBA,9/26/2025 14:20,29.86
SBA,9/26/2025 14:25,29.85
SBA,9/26/2025 14:30,29.85
SBA,9/26/2025 14:35,29.85
SBA,9/26/2025 14:40,29.85
SBA,9/26/2025 14:45,29.85
SBA,9/26/2025 14:50,29.84
SBA,9/26/2025 14:55,29.84
SBA,9/26/2025 15:00,29.84
SBA,9/26/2025 15:05,29.84
SBA,9/26/2025 15:10,29.84
SBA,9/26/2025 15:15,29.83
SBA,9/26/2025 15:20,29.83
SBA,9/26/2025 15:25,29.83
SBA,9/26/2025 15:30,29.83
SBA,9/26/2025 15:35,29.83
SBA,9/26/2025 15:40,29.83
SBA,9/26/2025 15:45,29.83
SBA,9/26/2025 15:50,29.83
SBA,9/26/2025 15:55,29.83
SBA,9/26/2025 16:00,29.83
SBA,9/26/2025 16:05,29.82
SBA,9/26/2025 16:10,29.82
SBA,9/26/2025 16:15,29.82
SBA,9/26/2025 16:20,29.82
SBA,9/26/2025 16:25,29.82
SBA,9/26/2025 16:30,29.82
SBA,9/26/2025 16:35,29.82
SBA,9/26/2025 16:40,29.82
SBA,9/26/2025 16:45,29.82
SBA,9/26/2025 16:50,29.82
SBA,9/26/2025 16:55,29.82
SBA,9/26/2025 17:00,29.82
SBA,9/26/2025 17:05,29.82
SBA,9/26/2025 17:10,29.82
SBA,9/26/2025 17:15,29.82
SBA,9/26/2025 17:20,29.82
SBA,9/26/2025 17:25,29.82
SBA,9/26/2025 17:30,29.82
SBA,9/26/2025 17:35,29.82
SBA,9/26/2025 17:40,29.82
SBA,9/26/2025 17:45,29.82
SBA,9/26/2025 17:50,29.82
SBA,9/26/2025 17:55,29.82
SBA,9/26/2025 18:00,29.82
SBA,9/26/2025 18:05,29.82
SBA,9/26/2025 18:10,29.82
SBA,9/26/2025 18:15,29.82
SBA,9/26/2025 18:20,29.82
SBA,9/26/2025 18:25,29.82
SBA,9/26/2025 18:30,29.82
SBA,9/26/2025 18:35,29.83
SBA,9/26/2025 18:40,29.83
SBA,9/26/2025 18:45,29.82
SBA,9/26/2025 18:50,29.82
SBA,9/26/2025 18:55,29.82
SBA,9/26/2025 19:00,29.82
SBA,9/26/2025 19:05,29.83
SBA,9/26/2025 19:10,29.83
SBA,9/26/2025 19:15,29.83
SBA,9/26/2025 19:20,29.83
SBA,9/26/2025 19:25,29.83
SBA,9/26/2025 19:30,29.83
SBA,9/26/2025 19:35,29.83
SBA,9/26/2025 19:40,29.83
SBA,9/26/2025 19:45,29.84
SBA,9/26/2025 19:50,29.84
SBA,9/26/2025 19:55,29.84
SBA,9/26/2025 20:00,29.84
SBA,9/26/2025 20:05,29.84
SBA,9/26/2025 20:10,29.84
SBA,9/26/2025 20:15,29.84
SBA,9/26/2025 20:20,29.84
SBA,9/26/2025 20:25,29.84
SBA,9/26/2025 20:30,29.85
SBA,9/26/2025 20:35,29.85
SBA,9/26/2025 20:40,29.86
SBA,9/26/2025 20:45,29.86
SBA,9/26/2025 20:50,29.86
SBA,9/26/2025 20:55,29.85
SBA,9/26/2025 21:00,29.86
SBA,9/26/2025 21:05,29.86
SBA,9/26/2025 21:10,29.86
SBA,9/26/2025 21:15,29.86
SBA,9/26/2025 21:20,29.86
SBA,9/26/2025 21:25,29.87
SBA,9/26/2025 21:30,29.87
SBA,9/26/2025 21:35,29.86
SBA,9/26/2025 21:40,29.87
SBA,9/26/2025 21:45,29.87
SBA,9/26/2025 21:50,29.87
SBA,9/26/2025 21:55,29.87
SBA,9/26/2025 22:00,29.87
SBA,9/26/2025 22:05,29.87
SBA,9/26/2025 22:10,29.88
SBA,9/26/2025 22:15,29.88
SBA,9/26/2025 22:20,29.88
SBA,9/26/2025 22:25,29.88
SBA,9/26/2025 22:30,29.87
SBA,9/26/2025 22:35,29.87
SBA,9/26/2025 22:40,29.88
SBA,9/26/2025 22:45,29.88
SBA,9/26/2025 22:50,29.88
SBA,9/26/2025 22:55,29.88
SBA,9/26/2025 23:00,29.88
SBA,9/26/2025 23:05,29.88
SBA,9/26/2025 23:10,29.88
SBA,9/26/2025 23:15,29.88
SBA,9/26/2025 23:20,29.88
SBA,9/26/2025 23:25,29.88
SBA,9/26/2025 23:30,29.88
SBA,9/26/2025 23:35,29.88
SBA,9/26/2025 23:40,29.88
SBA,9/26/2025 23:45,29.88
SBA,9/26/2025 23:50,29.88
SBA,9/26/2025 23:55,29.88
SBA,9/27/2025 0:00,29.88
SBA,9/27/2025 0:05,29.88
SBA,9/27/2025 0:10,29.88
SBA,9/27/2025 0:15,29.87
SBA,9/27/2025 0:20,29.87
SBA,9/27/2025 0:25,29.87
SBA,9/27/2025 0:30,29.87
SBA,9/27/2025 0:35,29.87
SBA,9/27/2025 0:40,29.87
SBA,9/27/2025 0:45,29.86
SBA,9/27/2025 0:50,29.87
SBA,9/27/2025 0:55,29.87
SBA,9/27/2025 1:00,29.87
SBA,9/27/2025 1:05,29.87
SBA,9/27/2025 1:10,29.87
SBA,9/27/2025 1:15,29.86
SBA,9/27/2025 1:20,29.86
SBA,9/27/2025 1:25,29.86
SBA,9/27/2025 1:30,29.86
SBA,9/27/2025 1:35,29.86
SBA,9/27/2025 1:40,29.86
SBA,9/27/2025 1:45,29.86
SBA,9/27/2025 1:50,29.86
SBA,9/27/2025 1:55,29.86
SBA,9/27/2025 2:00,29.86
SBA,9/27/2025 2:05,29.86
SBA,9/27/2025 2:10,29.86
SBA,9/27/2025 2:15,29.86
SBA,9/27/2025 2:20,29.86
SBA,9/27/2025 2:25,29.86
SBA,9/27/2025 2:30,29.86
SBA,9/27/2025 2:35,29.86
SBA,9/27/2025 2:40,29.86
SBA,9/27/2025 2:45,29.86
SBA,9/27/2025 2:50,29.86
SBA,9/27/2025 2:55,29.86
SBA,9/27/2025 3:00,29.85
SBA,9/27/2025 3:05,29.85
SBA,9/27/2025 3:10,29.85
SBA,9/27/2025 3:15,29.85
SBA,9/27/2025 3:20,29.86
SBA,9/27/2025 3:25,29.86
SBA,9/27/2025 3:30,29.85
SBA,9/27/2025 3:35,29.85
SBA,9/27/2025 3:40,29.85
SBA,9/27/2025 3:45,29.85
SBA,9/27/2025 3:50,29.85
SBA,9/27/2025 3:55,29.86
SBA,9/27/2025 4:00,29.85
SBA,9/27/2025 4:05,29.85
SBA,9/27/2025 4:10,29.85
SBA,9/27/2025 4:15,29.85
SBA,9/27/2025 4:20,29.85
SBA,9/27/2025 4:25,29.84
SBA,9/27/2025 4:30,29.85
SBA,9/27/2025 4:35,29.84
SBA,9/27/2025 4:40,29.85
SBA,9/27/2025 4:45,29.85
SBA,9/27/2025 4:50,29.85
SBA,9/27/2025 4:55,29.85
SBA,9/27/2025 5:00,29.85
SBA,9/27/2025 5:05,29.85
SBA,9/27/2025 5:10,29.85
SBA,9/27/2025 5:15,29.85
SBA,9/27/2025 5:20,29.85
SBA,9/27/2025 5:25,29.85
SBA,9/27/2025 5:30,29.85
SBA,9/27/2025 5:35,29.85
SBA,9/27/2025 5:40,29.85
SBA,9/27/2025 5:45,29.85
SBA,9/27/2025 5:50,29.85
SBA,9/27/2025 5:55,29.86
SBA,9/27/2025 6:00,29.86
SBA,9/27/2025 6:05,29.86
SBA,9/27/2025 6:10,29.86
SBA,9/27/2025 6:15,29.86
SBA,9/27/2025 6:20,29.86
SBA,9/27/2025 6:25,29.86
SBA,9/27/2025 6:30,29.86
SBA,9/27/2025 6:35,29.86
SBA,9/27/2025 6:40,29.86
SBA,9/27/2025 6:45,29.86
SBA,9/27/2025 6:50,29.87
SBA,9/27/2025 6:55,29.87
SBA,9/27/2025 7:00,29.87
SBA,9/27/2025 7:05,29.87
SBA,9/27/2025 7:10,29.87
SBA,9/27/2025 7:15,29.87
SBA,9/27/2025 7:20,29.87
SBA,9/27/2025 7:25,29.88
SBA,9/27/2025 7:30,29.88
SBA,9/27/2025 7:35,29.88
SBA,9/27/2025 7:40,29.88
SBA,9/27/2025 7:45,29.88
SBA,9/27/2025 7:50,29.88
SBA,9/27/2025 7:55,29.88
SBA,9/27/2025 8:00,29.88
SBA,9/27/2025 8:05,29.88
SBA,9/27/2025 8:10,29.88
SBA,9/27/2025 8:15,29.88
SBA,9/27/2025 8:20,29.88
SBA,9/27/2025 8:25,29.88
SBA,9/27/2025 8:30,29.88
SBA,9/27/2025 8:35,29.88
SBA,9/27/2025 8:40,29.88
SBA,9/27/2025 8:45,29.88
SBA,9/27/2025 8:50,29.88
SBA,9/27/2025 8:55,29.89
SBA,9/27/2025 9:00,29.89
SBA,9/27/2025 9:05,29.89
SBA,9/27/2025 9:10,29.89
SBA,9/27/2025 9:15,29.89
SBA,9/27/2025 9:20,29.89
SBA,9/27/2025 9:25,29.89
SBA,9/27/2025 9:30,29.89
SBA,9/27/2025 9:35,29.89
SBA,9/27/2025 9:40,29.9
SBA,9/27/2025 9:45,29.9
SBA,9/27/2025 9:50,29.9
SBA,9/27/2025 9:55,29.9
SBA,9/27/2025 10:00,29.9
SBA,9/27/2025 10:05,29.9
SBA,9/27/2025 10:10,29.9
SBA,9/27/2025 10:15,29.9
SBA,9/27/2025 10:20,29.9
SBA,9/27/2025 10:25,29.9
SBA,9/27/2025 10:30,29.9
SBA,9/27/2025 10:35,29.9
SBA,9/27/2025 10:40,29.9
SBA,9/27/2025 10:45,29.9
SBA,9/27/2025 10:50,29.9
SBA,9/27/2025 10:55,29.9
SBA,9/27/2025 11:00,29.9
SBA,9/27/2025 11:05,29.9
SBA,9/27/2025 11:10,29.9
SBA,9/27/2025 11:15,29.9
SBA,9/27/2025 11:20,29.9
SBA,9/27/2025 11:25,29.9
SBA,9/27/2025 11:30,29.9
SBA,9/27/2025 11:35,29.9
SBA,9/27/2025 11:40,29.9
SBA,9/27/2025 11:45,29.9
SBA,9/27/2025 11:50,29.9
SBA,9/27/2025 11:55,29.9
SBA,9/27/2025 12:00,29.9
SBA,9/27/2025 12:05,29.9
SBA,9/27/2025 12:10,29.9
SBA,9/27/2025 12:15,29.9
SBA,9/27/2025 12:20,29.9
SBA,9/27/2025 12:25,29.9
SBA,9/27/2025 12:30,29.9
SBA,9/27/2025 12:35,29.9
SBA,9/27/2025 12:40,29.9
SBA,9/27/2025 12:45,29.9
SBA,9/27/2025 12:50,29.9
SBA,9/27/2025 12:55,29.9
SBA,9/27/2025 13:00,29.9
SBA,9/27/2025 13:05,29.9
SBA,9/27/2025 13:10,29.9
SBA,9/27/2025 13:15,29.9
SBA,9/27/2025 13:20,29.9
SBA,9/27/2025 13:25,29.9
SBA,9/27/2025 13:30,29.9
SBA,9/27/2025 13:35,29.89
SBA,9/27/2025 13:40,29.89
SBA,9/27/2025 13:45,29.89
SBA,9/27/2025 13:50,29.89
SBA,9/27/2025 13:55,29.89
SBA,9/27/2025 14:00,29.89
SBA,9/27/2025 14:05,29.89
SBA,9/27/2025 14:10,29.89
SBA,9/27/2025 14:15,29.89
SBA,9/27/2025 14:20,29.89
SBA,9/27/2025 14:25,29.89
SBA,9/27/2025 14:30,29.89
SBA,9/27/2025 14:35,29.89
SBA,9/27/2025 14:40,29.88
SBA,9/27/2025 14:45,29.88
SBA,9/27/2025 14:50,29.88
SBA,9/27/2025 14:55,29.88
SBA,9/27/2025 15:00,29.88
SBA,9/27/2025 15:05,29.88
SBA,9/27/2025 15:10,29.88
SBA,9/27/2025 15:15,29.87
SBA,9/27/2025 15:20,29.87
SBA,9/27/2025 15:25,29.87
SBA,9/27/2025 15:30,29.87
SBA,9/27/2025 15:35,29.88
SBA,9/27/2025 15:40,29.88
SBA,9/27/2025 15:45,29.88
SBA,9/27/2025 15:50,29.88
SBA,9/27/2025 15:55,29.88
SBA,9/27/2025 16:00,29.88
SBA,9/27/2025 16:05,29.88
SBA,9/27/2025 16:10,29.88
SBA,9/27/2025 16:15,29.88
SBA,9/27/2025 16:20,29.87
SBA,9/27/2025 16:25,29.87
SBA,9/27/2025 16:30,29.87
SBA,9/27/2025 16:35,29.87
SBA,9/27/2025 16:40,29.87
SBA,9/27/2025 16:45,29.88
SBA,9/27/2025 16:50,29.87
SBA,9/27/2025 16:55,29.87
SBA,9/27/2025 17:00,29.87
SBA,9/27/2025 17:05,29.87
SBA,9/27/2025 17:10,29.87
SBA,9/27/2025 17:15,29.87
SBA,9/27/2025 17:20,29.87
SBA,9/27/2025 17:25,29.87
SBA,9/27/2025 17:30,29.87
SBA,9/27/2025 17:35,29.87
SBA,9/27/2025 17:40,29.87
SBA,9/27/2025 17:45,29.87
SBA,9/27/2025 17:50,29.86
SBA,9/27/2025 17:55,29.86
SBA,9/27/2025 18:00,29.86
SBA,9/27/2025 18:05,29.86
SBA,9/27/2025 18:10,29.86
SBA,9/27/2025 18:15,29.86
SBA,9/27/2025 18:20,29.87
SBA,9/27/2025 18:25,29.87
SBA,9/27/2025 18:30,29.87
SBA,9/27/2025 18:35,29.87
SBA,9/27/2025 18:40,29.87
SBA,9/27/2025 18:45,29.87
SBA,9/27/2025 18:50,29.87
SBA,9/27/2025 18:55,29.87
SBA,9/27/2025 19:00,29.87
SBA,9/27/2025 19:05,29.87
SBA,9/27/2025 19:10,29.88
SBA,9/27/2025 19:15,29.87
SBA,9/27/2025 19:20,29.87
SBA,9/27/2025 19:25,29.88
SBA,9/27/2025 19:30,29.88
SBA,9/27/2025 19:35,29.88
SBA,9/27/2025 19:40,29.88
SBA,9/27/2025 19:45,29.88
SBA,9/27/2025 19:50,29.88
SBA,9/27/2025 19:55,29.88
SBA,9/27/2025 20:00,29.88
SBA,9/27/2025 20:05,29.88
SBA,9/27/2025 20:10,29.88
SBA,9/27/2025 20:15,29.88
SBA,9/27/2025 20:20,29.89
SBA,9/27/2025 20:25,29.89
SBA,9/27/2025 20:30,29.89
SBA,9/27/2025 20:35,29.89
SBA,9/27/2025 20:40,29.89
SBA,9/27/2025 20:45,29.89
SBA,9/27/2025 20:50,29.89
SBA,9/27/2025 20:55,29.9
SBA,9/27/2025 21:00,29.9
SBA,9/27/2025 21:05,29.9
SBA,9/27/2025 21:10,29.9
SBA,9/27/2025 21:15,29.9
SBA,9/27/2025 21:20,29.9
SBA,9/27/2025 21:25,29.91
SBA,9/27/2025 21:30,29.91
SBA,9/27/2025 21:35,29.91
SBA,9/27/2025 21:40,29.91
SBA,9/27/2025 21:45,29.91
SBA,9/27/2025 21:50,29.91
SBA,9/27/2025 21:55,29.91
SBA,9/27/2025 22:00,29.91
SBA,9/27/2025 22:05,29.91
SBA,9/27/2025 22:10,29.92
SBA,9/27/2025 22:15,29.92
SBA,9/27/2025 22:20,29.92
SBA,9/27/2025 22:25,29.92
SBA,9/27/2025 22:30,29.92
SBA,9/27/2025 22:35,29.92
SBA,9/27/2025 22:40,29.92
SBA,9/27/2025 22:45,29.92
SBA,9/27/2025 22:50,29.92
SBA,9/27/2025 22:55,29.92
SBA,9/27/2025 23:00,29.92
SBA,9/27/2025 23:05,29.92
SBA,9/27/2025 23:10,29.92
SBA,9/27/2025 23:15,29.92
SBA,9/27/2025 23:20,29.92
SBA,9/27/2025 23:25,29.92
SBA,9/27/2025 23:30,29.92
SBA,9/27/2025 23:35,29.92
SBA,9/27/2025 23:40,29.92
SBA,9/27/2025 23:45,29.92
SBA,9/27/2025 23:50,29.92
SBA,9/27/2025 23:55,29.92
SBA,9/28/2025 0:00,29.92
SBA,9/28/2025 0:05,29.92
SBA,9/28/2025 0:10,29.92
SBA,9/28/2025 0:15,29.92
SBA,9/28/2025 0:20,29.92
SBA,9/28/2025 0:25,29.92
SBA,9/28/2025 0:30,29.92
SBA,9/28/2025 0:35,29.91
SBA,9/28/2025 0:40,29.91
SBA,9/28/2025 0:45,29.91
SBA,9/28/2025 0:50,29.91
SBA,9/28/2025 0:55,29.91
SBA,9/28/2025 1:00,29.91
SBA,9/28/2025 1:05,29.91
SBA,9/28/2025 1:10,29.92
SBA,9/28/2025 1:15,29.92
SBA,9/28/2025 1:20,29.92
SBA,9/28/2025 1:25,29.92
SBA,9/28/2025 1:30,29.92
SBA,9/28/2025 1:35,29.92
SBA,9/28/2025 1:40,29.92
SBA,9/28/2025 1:45,29.92
SBA,9/28/2025 1:50,29.92
SBA,9/28/2025 1:55,29.92
SBA,9/28/2025 2:00,29.92
SBA,9/28/2025 2:05,29.92
SBA,9/28/2025 2:10,29.93
SBA,9/28/2025 2:15,29.92
SBA,9/28/2025 2:20,29.92
SBA,9/28/2025 2:25,29.93
SBA,9/28/2025 2:30,29.93
SBA,9/28/2025 2:35,29.93
SBA,9/28/2025 2:40,29.93
SBA,9/28/2025 2:45,29.93
SBA,9/28/2025 2:50,29.93
SBA,9/28/2025 2:55,29.93
SBA,9/28/2025 3:00,29.93
SBA,9/28/2025 3:05,29.93
SBA,9/28/2025 3:10,29.92
SBA,9/28/2025 3:15,29.92
SBA,9/28/2025 3:20,29.92
SBA,9/28/2025 3:25,29.92
SBA,9/28/2025 3:30,29.92
SBA,9/28/2025 3:35,29.92
SBA,9/28/2025 3:40,29.92
SBA,9/28/2025 3:45,29.92
SBA,9/28/2025 3:50,29.93
SBA,9/28/2025 3:55,29.92
SBA,9/28/2025 4:00,29.92
SBA,9/28/2025 4:05,29.93
SBA,9/28/2025 4:10,29.93
SBA,9/28/2025 4:15,29.93
SBA,9/28/2025 4:20,29.93
SBA,9/28/2025 4:25,29.93
SBA,9/28/2025 4:30,29.93
SBA,9/28/2025 4:35,29.93
SBA,9/28/2025 4:40,29.94
SBA,9/28/2025 4:45,29.94
SBA,9/28/2025 4:50,29.94
SBA,9/28/2025 4:55,29.94
SBA,9/28/2025 5:00,29.94
SBA,9/28/2025 5:05,29.94
SBA,9/28/2025 5:10,29.94
SBA,9/28/2025 5:15,29.94
SBA,9/28/2025 5:20,29.94
SBA,9/28/2025 5:25,29.94
SBA,9/28/2025 5:30,29.94
SBA,9/28/2025 5:35,29.94
SBA,9/28/2025 5:40,29.94
SBA,9/28/2025 5:45,29.94
SBA,9/28/2025 5:50,29.94
SBA,9/28/2025 5:55,29.95
SBA,9/28/2025 6:00,29.95
SBA,9/28/2025 6:05,29.96
SBA,9/28/2025 6:10,29.96
SBA,9/28/2025 6:15,29.96
SBA,9/28/2025 6:20,29.96
SBA,9/28/2025 6:25,29.96
SBA,9/28/2025 6:30,29.96
SBA,9/28/2025 6:35,29.97
SBA,9/28/2025 6:40,29.97
SBA,9/28/2025 6:45,29.97
SBA,9/28/2025 6:50,29.97
SBA,9/28/2025 6:55,29.97
SBA,9/28/2025 7:00,29.97
SBA,9/28/2025 7:05,29.98
SBA,9/28/2025 7:10,29.98
SBA,9/28/2025 7:15,29.98
SBA,9/28/2025 7:20,29.98
SBA,9/28/2025 7:25,29.98
SBA,9/28/2025 7:30,29.98
SBA,9/28/2025 7:35,29.98
SBA,9/28/2025 7:40,29.99
SBA,9/28/2025 7:45,29.99
SBA,9/28/2025 7:50,29.99
SBA,9/28/2025 7:55,29.99
SBA,9/28/2025 8:00,29.99
SBA,9/28/2025 8:05,29.99
SBA,9/28/2025 8:10,30
SBA,9/28/2025 8:15,30
SBA,9/28/2025 8:20,30
SBA,9/28/2025 8:25,30
SBA,9/28/2025 8:30,30
SBA,9/28/2025 8:35,30
SBA,9/28/2025 8:40,30
SBA,9/28/2025 8:45,30
SBA,9/28/2025 8:50,30
SBA,9/28/2025 8:55,30
SBA,9/28/2025 9:00,30
SBA,9/28/2025 9:05,30
SBA,9/28/2025 9:10,30
SBA,9/28/2025 9:15,30
SBA,9/28/2025 9:20,30.01
SBA,9/28/2025 9:25,30.01
SBA,9/28/2025 9:30,30.01
SBA,9/28/2025 9:35,30.01
SBA,9/28/2025 9:40,30.01
SBA,9/28/2025 9:45,30.01
SBA,9/28/2025 9:50,30.02
SBA,9/28/2025 9:55,30.02
SBA,9/28/2025 10:00,30.02
SBA,9/28/2025 10:05,30.02
SBA,9/28/2025 10:10,30.02
SBA,9/28/2025 10:15,30.02
SBA,9/28/2025 10:20,30.02
SBA,9/28/2025 10:25,30.02
SBA,9/28/2025 10:30,30.02
SBA,9/28/2025 10:35,30.02
SBA,9/28/2025 10:40,30.02
SBA,9/28/2025 10:45,30.02
SBA,9/28/2025 10:50,30.03
SBA,9/28/2025 10:55,30.02
SBA,9/28/2025 11:00,30.02
SBA,9/28/2025 11:05,30.02
SBA,9/28/2025 11:10,30.02
SBA,9/28/2025 11:15,30.02
SBA,9/28/2025 11:20,30.02
SBA,9/28/2025 11:25,30.02
SBA,9/28/2025 11:30,30.02
SBA,9/28/2025 11:35,30.02
SBA,9/28/2025 11:40,30.02
SBA,9/28/2025 11:45,30.02
SBA,9/28/2025 11:50,30.02
SBA,9/28/2025 11:55,30.02
SBA,9/28/2025 12:00,30.02
SBA,9/28/2025 12:05,30.02
SBA,9/28/2025 12:10,30.02
SBA,9/28/2025 12:15,30.02
SBA,9/28/2025 12:20,30.02
SBA,9/28/2025 12:25,30.02
SBA,9/28/2025 12:30,30.02
SBA,9/28/2025 12:35,30.02
SBA,9/28/2025 12:40,30.02
SBA,9/28/2025 12:45,30.02
SBA,9/28/2025 12:50,30.02
SBA,9/28/2025 12:55,30.02
SBA,9/28/2025 13:00,30.02
SBA,9/28/2025 13:05,30.02
SBA,9/28/2025 13:10,30.02
SBA,9/28/2025 13:15,30.02
SBA,9/28/2025 13:20,30.01
SBA,9/28/2025 13:25,30.01
SBA,9/28/2025 13:30,30.01
SBA,9/28/2025 13:35,30.01
SBA,9/28/2025 13:40,30.01
SBA,9/28/2025 13:45,30.01
SBA,9/28/2025 13:50,30.01
SBA,9/28/2025 13:55,30.01
SBA,9/28/2025 14:00,30.01
SBA,9/28/2025 14:05,30.01
SBA,9/28/2025 14:10,30.01
SBA,9/28/2025 14:15,30
SBA,9/28/2025 14:20,30
SBA,9/28/2025 14:25,30
SBA,9/28/2025 14:30,30
SBA,9/28/2025 14:35,30
SBA,9/28/2025 14:40,30
SBA,9/28/2025 14:45,30
SBA,9/28/2025 14:50,30
SBA,9/28/2025 14:55,30
SBA,9/28/2025 15:00,30
SBA,9/28/2025 15:05,29.99
SBA,9/28/2025 15:10,29.99
SBA,9/28/2025 15:15,29.99
SBA,9/28/2025 15:20,29.99
SBA,9/28/2025 15:25,29.99
SBA,9/28/2025 15:30,29.99
SBA,9/28/2025 15:35,29.99
SBA,9/28/2025 15:40,29.99
SBA,9/28/2025 15:45,29.99
SBA,9/28/2025 15:50,29.99
SBA,9/28/2025 15:55,29.98
SBA,9/28/2025 16:00,29.98
SBA,9/28/2025 16:05,29.98
SBA,9/28/2025 16:10,29.98
SBA,9/28/2025 16:15,29.98
SBA,9/28/2025 16:20,29.98
SBA,9/28/2025 16:25,29.98
SBA,9/28/2025 16:30,29.98
SBA,9/28/2025 16:35,29.98
SBA,9/28/2025 16:40,29.97
SBA,9/28/2025 16:45,29.97
SBA,9/28/2025 16:50,29.97
SBA,9/28/2025 16:55,29.97
SBA,9/28/2025 17:00,29.97
SBA,9/28/2025 17:05,29.96
SBA,9/28/2025 17:10,29.96
SBA,9/28/2025 17:15,29.96
SBA,9/28/2025 17:20,29.96
SBA,9/28/2025 17:25,29.96
SBA,9/28/2025 17:30,29.96
SBA,9/28/2025 17:35,29.96
SBA,9/28/2025 17:40,29.96
SBA,9/28/2025 17:45,29.96
SBA,9/28/2025 17:50,29.96
SBA,9/28/2025 17:55,29.96
SBA,9/28/2025 18:00,29.96
SBA,9/28/2025 18:05,29.96
SBA,9/28/2025 18:10,29.96
SBA,9/28/2025 18:15,29.96
SBA,9/28/2025 18:20,29.96
SBA,9/28/2025 18:25,29.97
SBA,9/28/2025 18:30,29.96
SBA,9/28/2025 18:35,29.96
SBA,9/28/2025 18:40,29.96
SBA,9/28/2025 18:45,29.96
SBA,9/28/2025 18:50,29.96
SBA,9/28/2025 18:55,29.96
SBA,9/28/2025 19:00,29.96
SBA,9/28/2025 19:05,29.96
SBA,9/28/2025 19:10,29.96
SBA,9/28/2025 19:15,29.96
SBA,9/28/2025 19:20,29.96
SBA,9/28/2025 19:25,29.96
SBA,9/28/2025 19:30,29.96
SBA,9/28/2025 19:35,29.96
SBA,9/28/2025 19:40,29.96
SBA,9/28/2025 19:45,29.96
SBA,9/28/2025 19:50,29.97
SBA,9/28/2025 19:55,29.97
SBA,9/28/2025 20:00,29.97
SBA,9/28/2025 20:05,29.97
SBA,9/28/2025 20:10,29.97
SBA,9/28/2025 20:15,29.97
SBA,9/28/2025 20:20,29.97
SBA,9/28/2025 20:25,29.98
SBA,9/28/2025 20:30,29.98
SBA,9/28/2025 20:35,29.98
SBA,9/28/2025 20:40,29.98
SBA,9/28/2025 20:45,29.98
SBA,9/28/2025 20:50,29.98
SBA,9/28/2025 20:55,29.98
SBA,9/28/2025 21:00,29.98
SBA,9/28/2025 21:05,29.98
SBA,9/28/2025 21:10,29.98
SBA,9/28/2025 21:15,29.98
SBA,9/28/2025 21:20,29.98
SBA,9/28/2025 21:25,29.98
SBA,9/28/2025 21:30,29.98
SBA,9/28/2025 21:35,29.98
SBA,9/28/2025 21:40,29.98
SBA,9/28/2025 21:45,29.98
SBA,9/28/2025 21:50,29.98
SBA,9/28/2025 21:55,29.98
SBA,9/28/2025 22:00,29.98
SBA,9/28/2025 22:05,29.98
SBA,9/28/2025 22:10,29.98
SBA,9/28/2025 22:15,29.98
SBA,9/28/2025 22:20,29.98
SBA,9/28/2025 22:25,29.98
SBA,9/28/2025 22:30,29.98
SBA,9/28/2025 22:35,29.99
SBA,9/28/2025 22:40,29.99
SBA,9/28/2025 22:45,29.99
SBA,9/28/2025 22:50,29.99
SBA,9/28/2025 22:55,29.99
SBA,9/28/2025 23:00,29.99
SBA,9/28/2025 23:05,29.99
SBA,9/28/2025 23:10,29.99
SBA,9/28/2025 23:15,29.99
SBA,9/28/2025 23:20,29.99
SBA,9/28/2025 23:25,29.99
SBA,9/28/2025 23:30,29.99
SBA,9/28/2025 23:35,29.99
SBA,9/28/2025 23:40,29.99
SBA,9/28/2025 23:45,29.99
SBA,9/28/2025 23:50,29.99
SBA,9/28/2025 23:55,29.99
SBA,9/29/2025 0:00,29.99
SBA,9/29/2025 0:05,29.98
SBA,9/29/2025 0:10,29.98
SBA,9/29/2025 0:15,29.98
SBA,9/29/2025 0:20,29.98
SBA,9/29/2025 0:25,29.98
SBA,9/29/2025 0:30,29.98
SBA,9/29/2025 0:35,29.98
SBA,9/29/2025 0:40,29.98
SBA,9/29/2025 0:45,29.98
SBA,9/29/2025 0:50,29.98
SBA,9/29/2025 0:55,29.98
SBA,9/29/2025 1:00,29.98
SBA,9/29/2025 1:05,29.98
SBA,9/29/2025 1:10,29.98
SBA,9/29/2025 1:15,29.98
SBA,9/29/2025 1:20,29.98
SBA,9/29/2025 1:25,29.98
SBA,9/29/2025 1:30,29.98
SBA,9/29/2025 1:35,29.98
SBA,9/29/2025 1:40,29.98
SBA,9/29/2025 1:45,29.98
SBA,9/29/2025 1:50,29.98
SBA,9/29/2025 1:55,29.98
SBA,9/29/2025 2:00,29.98
SBA,9/29/2025 2:05,29.98
SBA,9/29/2025 2:10,29.98
SBA,9/29/2025 2:15,29.98
SBA,9/29/2025 2:20,29.98
SBA,9/29/2025 2:25,29.98
SBA,9/29/2025 2:30,29.98
SBA,9/29/2025 2:35,29.98
SBA,9/29/2025 2:40,29.98
SBA,9/29/2025 2:45,29.97
SBA,9/29/2025 2:50,29.97
SBA,9/29/2025 2:55,29.97
SBA,9/29/2025 3:00,29.97
SBA,9/29/2025 3:05,29.97
SBA,9/29/2025 3:10,29.97
SBA,9/29/2025 3:15,29.97
SBA,9/29/2025 3:20,29.97
SBA,9/29/2025 3:25,29.97
SBA,9/29/2025 3:30,29.97
SBA,9/29/2025 3:35,29.97
SBA,9/29/2025 3:40,29.97
SBA,9/29/2025 3:45,29.97
SBA,9/29/2025 3:50,29.97
SBA,9/29/2025 3:55,29.97
SBA,9/29/2025 4:00,29.97
SBA,9/29/2025 4:05,29.97
SBA,9/29/2025 4:10,29.97
SBA,9/29/2025 4:15,29.97
SBA,9/29/2025 4:20,29.97
SBA,9/29/2025 4:25,29.97
SBA,9/29/2025 4:30,29.97
SBA,9/29/2025 4:35,29.97
SBA,9/29/2025 4:40,29.97
SBA,9/29/2025 4:45,29.97
SBA,9/29/2025 4:50,29.97
SBA,9/29/2025 4:55,29.97
SBA,9/29/2025 5:00,29.97
SBA,9/29/2025 5:05,29.97
SBA,9/29/2025 5:10,29.97
SBA,9/29/2025 5:15,29.97
SBA,9/29/2025 5:20,29.98
SBA,9/29/2025 5:25,29.98
SBA,9/29/2025 5:30,29.98
SBA,9/29/2025 5:35,29.98
SBA,9/29/2025 5:40,29.98
SBA,9/29/2025 5:45,29.98
SBA,9/29/2025 5:50,29.98
SBA,9/29/2025 5:55,29.98
SBA,9/29/2025 6:00,29.98
SBA,9/29/2025 6:05,29.98
SBA,9/29/2025 6:10,29.98
SBA,9/29/2025 6:15,29.98
SBA,9/29/2025 6:20,29.98
SBA,9/29/2025 6:25,29.98
SBA,9/29/2025 6:30,29.98
SBA,9/29/2025 6:35,29.98
SBA,9/29/2025 6:40,29.98
SBA,9/29/2025 6:45,29.98
SBA,9/29/2025 6:50,29.98
SBA,9/29/2025 6:55,29.98
SBA,9/29/2025 7:00,29.98
SBA,9/29/2025 7:05,29.99
SBA,9/29/2025 7:10,29.99
SBA,9/29/2025 7:15,29.99
SBA,9/29/2025 7:20,29.99
SBA,9/29/2025 7:25,29.99
SBA,9/29/2025 7:30,30
SBA,9/29/2025 7:35,30
SBA,9/29/2025 7:40,30
SBA,9/29/2025 7:45,30
SBA,9/29/2025 7:50,30
SBA,9/29/2025 7:55,30
SBA,9/29/2025 8:00,30
SBA,9/29/2025 8:05,30
SBA,9/29/2025 8:10,30
SBA,9/29/2025 8:15,30
SBA,9/29/2025 8:20,30
SBA,9/29/2025 8:25,30
SBA,9/29/2025 8:30,30
SBA,9/29/2025 8:35,30
SBA,9/29/2025 8:40,30
SBA,9/29/2025 8:45,30
SBA,9/29/2025 8:50,30.01
SBA,9/29/2025 8:55,30
SBA,9/29/2025 9:00,30.01
SBA,9/29/2025 9:05,30.01
SBA,9/29/2025 9:10,30.01
SBA,9/29/2025 9:15,30.01
SBA,9/29/2025 9:20,30.01
SBA,9/29/2025 9:25,30.01
SBA,9/29/2025 9:30,30.01
SBA,9/29/2025 9:35,30.01
SBA,9/29/2025 9:40,30.01
SBA,9/29/2025 9:45,30.01
SBA,9/29/2025 9:50,30.01
SBA,9/29/2025 9:55,30.01
SBA,9/29/2025 10:00,30.01
SBA,9/29/2025 10:05,30.01
SBA,9/29/2025 10:10,30.01
SBA,9/29/2025 10:15,30.01
SBA,9/29/2025 10:20,30.01
SBA,9/29/2025 10:25,30.01
SBA,9/29/2025 10:30,30.01
SBA,9/29/2025 10:35,30.01
SBA,9/29/2025 10:40,30.01
SBA,9/29/2025 10:45,30.01
SBA,9/29/2025 10:50,30
SBA,9/29/2025 10:55,30
SBA,9/29/2025 11:00,30
SBA,9/29/2025 11:05,30
SBA,9/29/2025 11:10,30
SBA,9/29/2025 11:15,30
SBA,9/29/2025 11:20,30
SBA,9/29/2025 11:25,30
SBA,9/29/2025 11:30,30
SBA,9/29/2025 11:35,30
SBA,9/29/2025 11:40,30
SBA,9/29/2025 11:45,30
SBA,9/29/2025 11:50,30
SBA,9/29/2025 11:55,30
SBA,9/29/2025 12:00,30
SBA,9/29/2025 12:05,30.01
SBA,9/29/2025 12:10,30.01
SBA,9/29/2025 12:15,30.01
SBA,9/29/2025 12:20,30
SBA,9/29/2025 12:25,30
SBA,9/29/2025 12:30,30
SBA,9/29/2025 12:35,29.99
SBA,9/29/2025 12:40,29.99
SBA,9/29/2025 12:45,29.99
SBA,9/29/2025 12:50,29.98
SBA,9/29/2025 12:55,29.98
SBA,9/29/2025 13:00,29.98
SBA,9/29/2025 13:05,29.99
SBA,9/29/2025 13:10,29.99
SBA,9/29/2025 13:15,29.98
SBA,9/29/2025 13:20,29.98
SBA,9/29/2025 13:25,29.97
SBA,9/29/2025 13:30,29.97
SBA,9/29/2025 13:35,29.97
SBA,9/29/2025 13:40,29.97
SBA,9/29/2025 13:45,29.97
SBA,9/29/2025 13:50,29.97
SBA,9/29/2025 13:55,29.96
SBA,9/29/2025 14:00,29.95
SBA,9/29/2025 14:05,29.94
SBA,9/29/2025 14:10,29.94
SBA,9/29/2025 14:15,29.94
SBA,9/29/2025 14:20,29.94
SBA,9/29/2025 14:25,29.94
SBA,9/29/2025 14:30,29.95
SBA,9/29/2025 14:35,29.95
SBA,9/29/2025 14:40,29.95
SBA,9/29/2025 14:45,29.95
SBA,9/29/2025 14:50,29.96
SBA,9/29/2025 14:55,29.96
SBA,9/29/2025 15:00,29.95
SBA,9/29/2025 15:05,29.95
SBA,9/29/2025 15:10,29.95
SBA,9/29/2025 15:15,29.95
SBA,9/29/2025 15:20,29.95
SBA,9/29/2025 15:25,29.95
SBA,9/29/2025 15:30,29.95
SBA,9/29/2025 15:35,29.95
SBA,9/29/2025 15:40,29.95
SBA,9/29/2025 15:45,29.95
SBA,9/29/2025 15:50,29.95
SBA,9/29/2025 15:55,29.95
SBA,9/29/2025 16:00,29.95
SBA,9/29/2025 16:05,29.95
SBA,9/29/2025 16:10,29.95
SBA,9/29/2025 16:15,29.94
SBA,9/29/2025 16:20,29.94
SBA,9/29/2025 16:25,29.94
SBA,9/29/2025 16:30,29.94
SBA,9/29/2025 16:35,29.94
SBA,9/29/2025 16:40,29.94
SBA,9/29/2025 16:45,29.94
SBA,9/29/2025 16:50,29.94
SBA,9/29/2025 16:55,29.94
SBA,9/29/2025 17:00,29.94
SBA,9/29/2025 17:05,29.94
SBA,9/29/2025 17:10,29.94
SBA,9/29/2025 17:15,29.94
SBA,9/29/2025 17:20,29.94
SBA,9/29/2025 17:25,29.95
SBA,9/29/2025 17:30,29.94
SBA,9/29/2025 17:35,29.95
SBA,9/29/2025 17:40,29.95
SBA,9/29/2025 17:45,29.94
SBA,9/29/2025 17:50,29.94
SBA,9/29/2025 17:55,29.94
SBA,9/29/2025 18:00,29.94
SBA,9/29/2025 18:05,29.94
SBA,9/29/2025 18:10,29.93
SBA,9/29/2025 18:15,29.93
SBA,9/29/2025 18:20,29.93
SBA,9/29/2025 18:25,29.93
SBA,9/29/2025 18:30,29.93
SBA,9/29/2025 18:35,29.93
SBA,9/29/2025 18:40,29.93
SBA,9/29/2025 18:45,29.93
SBA,9/29/2025 18:50,29.93
SBA,9/29/2025 18:55,29.93
SBA,9/29/2025 19:00,29.93
SBA,9/29/2025 19:05,29.93
SBA,9/29/2025 19:10,29.93
SBA,9/29/2025 19:15,29.93
SBA,9/29/2025 19:20,29.93
SBA,9/29/2025 19:25,29.93
SBA,9/29/2025 19:30,29.93
SBA,9/29/2025 19:35,29.93
SBA,9/29/2025 19:40,29.93
SBA,9/29/2025 19:45,29.93
SBA,9/29/2025 19:50,29.93
SBA,9/29/2025 19:55,29.93
SBA,9/29/2025 20:00,29.93
SBA,9/29/2025 20:05,29.93
SBA,9/29/2025 20:10,29.93
SBA,9/29/2025 20:15,29.93
SBA,9/29/2025 20:20,29.93
SBA,9/29/2025 20:25,29.93
SBA,9/29/2025 20:30,29.93
SBA,9/29/2025 20:35,29.93
SBA,9/29/2025 20:40,29.93
SBA,9/29/2025 20:45,29.93
SBA,9/29/2025 20:50,29.93
SBA,9/29/2025 20:55,29.93
SBA,9/29/2025 21:00,29.93
SBA,9/29/2025 21:05,29.93
SBA,9/29/2025 21:10,29.93
SBA,9/29/2025 21:15,29.93
SBA,9/29/2025 21:20,29.93
SBA,9/29/2025 21:25,29.93
SBA,9/29/2025 21:30,29.93
SBA,9/29/2025 21:35,29.94
SBA,9/29/2025 21:40,29.94
SBA,9/29/2025 21:45,29.94
SBA,9/29/2025 21:50,29.94
SBA,9/29/2025 21:55,29.94
SBA,9/29/2025 22:00,29.94
SBA,9/29/2025 22:05,29.93
SBA,9/29/2025 22:10,29.93
SBA,9/29/2025 22:15,29.93
SBA,9/29/2025 22:20,29.93
SBA,9/29/2025 22:25,29.94
SBA,9/29/2025 22:30,29.93
SBA,9/29/2025 22:35,29.94
SBA,9/29/2025 22:40,29.93
SBA,9/29/2025 22:45,29.93
SBA,9/29/2025 22:50,29.93
SBA,9/29/2025 22:55,29.93
SBA,9/29/2025 23:00,29.93
SBA,9/29/2025 23:05,29.93
SBA,9/29/2025 23:10,29.93
SBA,9/29/2025 23:15,29.93
SBA,9/29/2025 23:20,29.93
SBA,9/29/2025 23:25,29.93
SBA,9/29/2025 23:30,29.94
SBA,9/29/2025 23:35,29.94
SBA,9/29/2025 23:40,29.94
SBA,9/29/2025 23:45,29.94
SBA,9/29/2025 23:50,29.94
SBA,9/29/2025 23:55,29.94
SBA,9/30/2025 0:00,29.94
SBA,9/30/2025 0:05,29.94
SBA,9/30/2025 0:10,29.94
SBA,9/30/2025 0:15,29.94
SBA,9/30/2025 0:20,29.94
SBA,9/30/2025 0:25,29.94
SBA,9/30/2025 0:30,29.94
SBA,9/30/2025 0:35,29.95
SBA,9/30/2025 0:40,29.94
SBA,9/30/2025 0:45,29.94
SBA,9/30/2025 0:50,29.95
SBA,9/30/2025 0:55,29.95
SBA,9/30/2025 1:00,29.95
SBA,9/30/2025 1:05,29.95
SBA,9/30/2025 1:10,29.95
SBA,9/30/2025 1:15,29.95
SBA,9/30/2025 1:20,29.95
SBA,9/30/2025 1:25,29.95
SBA,9/30/2025 1:30,29.95
SBA,9/30/2025 1:35,29.95
SBA,9/30/2025 1:40,29.95
SBA,9/30/2025 1:45,29.95
SBA,9/30/2025 1:50,29.95
SBA,9/30/2025 1:55,29.95
SBA,9/30/2025 2:00,29.95
SBA,9/30/2025 2:05,29.95
SBA,9/30/2025 2:10,29.95
SBA,9/30/2025 2:15,29.95
SBA,9/30/2025 2:20,29.95
SBA,9/30/2025 2:25,29.95
SBA,9/30/2025 2:30,29.96
SBA,9/30/2025 2:35,29.96
SBA,9/30/2025 2:40,29.96
SBA,9/30/2025 2:45,29.96
SBA,9/30/2025 2:50,29.96
SBA,9/30/2025 2:55,29.96
SBA,9/30/2025 3:00,29.96
SBA,9/30/2025 3:05,29.96
SBA,9/30/2025 3:10,29.96
SBA,9/30/2025 3:15,29.96
SBA,9/30/2025 3:20,29.95
SBA,9/30/2025 3:25,29.95
SBA,9/30/2025 3:30,29.95
SBA,9/30/2025 3:35,29.95
SBA,9/30/2025 3:40,29.95
SBA,9/30/2025 3:45,29.95
SBA,9/30/2025 3:50,29.95
SBA,9/30/2025 3:55,29.95
SBA,9/30/2025 4:00,29.96
SBA,9/30/2025 4:05,29.96
SBA,9/30/2025 4:10,29.96
SBA,9/30/2025 4:15,29.96
SBA,9/30/2025 4:20,29.95
SBA,9/30/2025 4:25,29.96
SBA,9/30/2025 4:30,29.96
SBA,9/30/2025 4:35,29.96
SBA,9/30/2025 4:40,29.96
SBA,9/30/2025 4:45,29.96
SBA,9/30/2025 4:50,29.96
SBA,9/30/2025 4:55,29.96
SBA,9/30/2025 5:00,29.96
SBA,9/30/2025 5:05,29.97
SBA,9/30/2025 5:10,29.97
SBA,9/30/2025 5:15,29.97
SBA,9/30/2025 5:20,29.97
SBA,9/30/2025 5:25,29.97
SBA,9/30/2025 5:30,29.97
SBA,9/30/2025 5:35,29.97
SBA,9/30/2025 5:40,29.97
SBA,9/30/2025 5:45,29.98
SBA,9/30/2025 5:50,29.98
SBA,9/30/2025 5:55,29.98
SBA,9/30/2025 6:00,29.98
SBA,9/30/2025 6:05,29.98
SBA,9/30/2025 6:10,29.98
SBA,9/30/2025 6:15,29.98
SBA,9/30/2025 6:20,29.98
SBA,9/30/2025 6:25,29.98
SBA,9/30/2025 6:30,29.98
SBA,9/30/2025 6:35,29.98
SBA,9/30/2025 6:40,29.98
SBA,9/30/2025 6:45,29.98
SBA,9/30/2025 6:50,29.99
SBA,9/30/2025 6:55,29.99
SBA,9/30/2025 7:00,29.99
SBA,9/30/2025 7:05,29.99
SBA,9/30/2025 7:10,29.99
SBA,9/30/2025 7:15,29.99
SBA,9/30/2025 7:20,30
SBA,9/30/2025 7:25,30
SBA,9/30/2025 7:30,30
SBA,9/30/2025 7:35,30
SBA,9/30/2025 7:40,30
SBA,9/30/2025 7:45,30
SBA,9/30/2025 7:50,30
SBA,9/30/2025 7:55,30
SBA,9/30/2025 8:00,30
SBA,9/30/2025 8:05,30.01
SBA,9/30/2025 8:10,30.01
SBA,9/30/2025 8:15,30.01
SBA,9/30/2025 8:20,30.01
SBA,9/30/2025 8:25,30.01
SBA,9/30/2025 8:30,30.01
SBA,9/30/2025 8:35,30.01
SBA,9/30/2025 8:40,30.01
SBA,9/30/2025 8:45,30.02
SBA,9/30/2025 8:50,30.02
SBA,9/30/2025 8:55,30.02
SBA,9/30/2025 9:00,30.02
SBA,9/30/2025 9:05,30.02
SBA,9/30/2025 9:10,30.03
SBA,9/30/2025 9:15,30.03
SBA,9/30/2025 9:20,30.03
SBA,9/30/2025 9:25,30.03
SBA,9/30/2025 9:30,30.03
SBA,9/30/2025 9:35,30.03
SBA,9/30/2025 9:40,30.03
SBA,9/30/2025 9:45,30.03
SBA,9/30/2025 9:50,30.03
SBA,9/30/2025 9:55,30.04
SBA,9/30/2025 10:00,30.04
SBA,9/30/2025 10:05,30.04
SBA,9/30/2025 10:10,30.04
SBA,9/30/2025 10:15,30.04
SBA,9/30/2025 10:20,30.04
SBA,9/30/2025 10:25,30.04
SBA,9/30/2025 10:30,30.04
SBA,9/30/2025 10:35,30.05
SBA,9/30/2025 10:40,30.05
SBA,9/30/2025 10:45,30.05
SBA,9/30/2025 10:50,30.05
SBA,9/30/2025 10:55,30.05
SBA,9/30/2025 11:00,30.05
SBA,9/30/2025 11:05,30.05
SBA,9/30/2025 11:10,30.05
SBA,9/30/2025 11:15,30.04
SBA,9/30/2025 11:20,30.04
SBA,9/30/2025 11:25,30.04
SBA,9/30/2025 11:30,30.04
SBA,9/30/2025 11:35,30.04
SBA,9/30/2025 11:40,30.04
SBA,9/30/2025 11:45,30.04
SBA,9/30/2025 11:50,30.04
SBA,9/30/2025 11:55,30.04
SBA,9/30/2025 12:00,30.04
SBA,9/30/2025 12:05,30.03
SBA,9/30/2025 12:10,30.03
SBA,9/30/2025 12:15,30.03
SBA,9/30/2025 12:20,30.03
SBA,9/30/2025 12:25,30.03
SBA,9/30/2025 12:30,30.03
SBA,9/30/2025 12:35,30.03
SBA,9/30/2025 12:40,30.03
SBA,9/30/2025 12:45,30.03
SBA,9/30/2025 12:50,30.03
SBA,9/30/2025 12:55,30.03
SBA,9/30/2025 13:00,30.02
SBA,9/30/2025 13:05,30.02
SBA,9/30/2025 13:10,30.02
SBA,9/30/2025 13:15,30.02
SBA,9/30/2025 13:20,30.02
SBA,9/30/2025 13:25,30.01
SBA,9/30/2025 13:30,30.01
SBA,9/30/2025 13:35,30.01
SBA,9/30/2025 13:40,30.01
SBA,9/30/2025 13:45,30.01
SBA,9/30/2025 13:50,30.01
SBA,9/30/2025 13:55,30.01
SBA,9/30/2025 14:00,30
SBA,9/30/2025 14:05,30
SBA,9/30/2025 14:10,30
SBA,9/30/2025 14:15,30
SBA,9/30/2025 14:20,30
SBA,9/30/2025 14:25,30
SBA,9/30/2025 14:30,30
SBA,9/30/2025 14:35,30
SBA,9/30/2025 14:40,30
SBA,9/30/2025 14:45,30
SBA,9/30/2025 14:50,30
SBA,9/30/2025 14:55,30
SBA,9/30/2025 15:00,30
SBA,9/30/2025 15:05,29.99
SBA,9/30/2025 15:10,30
SBA,9/30/2025 15:15,29.99
SBA,9/30/2025 15:20,29.99
SBA,9/30/2025 15:25,29.99
SBA,9/30/2025 15:30,29.99
SBA,9/30/2025 15:35,29.99
SBA,9/30/2025 15:40,29.99
SBA,9/30/2025 15:45,29.99
SBA,9/30/2025 15:50,29.99
SBA,9/30/2025 15:55,29.99
SBA,9/30/2025 16:00,29.98
SBA,9/30/2025 16:05,29.98
SBA,9/30/2025 16:10,29.98
SBA,9/30/2025 16:15,29.98
SBA,9/30/2025 16:20,29.98
SBA,9/30/2025 16:25,29.98
SBA,9/30/2025 16:30,29.98
SBA,9/30/2025 16:35,29.98
SBA,9/30/2025 16:40,29.98
SBA,9/30/2025 16:45,29.98
SBA,9/30/2025 16:50,29.98
SBA,9/30/2025 16:55,29.98
SBA,9/30/2025 17:00,29.98
SBA,9/30/2025 17:05,29.97
SBA,9/30/2025 17:10,29.97
SBA,9/30/2025 17:15,29.97
SBA,9/30/2025 17:20,29.97
SBA,9/30/2025 17:25,29.97
SBA,9/30/2025 17:30,29.96
SBA,9/30/2025 17:35,29.96
SBA,9/30/2025 17:40,29.96
SBA,9/30/2025 17:45,29.96
SBA,9/30/2025 17:50,29.96
SBA,9/30/2025 17:55,29.96
SBA,9/30/2025 18:00,29.96
SBA,9/30/2025 18:05,29.95
SBA,9/30/2025 18:10,29.95
SBA,9/30/2025 18:15,29.95
SBA,9/30/2025 18:20,29.95
SBA,9/30/2025 18:25,29.95
SBA,9/30/2025 18:30,29.95
SBA,9/30/2025 18:35,29.96
SBA,9/30/2025 18:40,29.95
SBA,9/30/2025 18:45,29.95
SBA,9/30/2025 18:50,29.96
SBA,9/30/2025 18:55,29.95
SBA,9/30/2025 19:00,29.95
SBA,9/30/2025 19:05,29.96
SBA,9/30/2025 19:10,29.96
SBA,9/30/2025 19:15,29.96
SBA,9/30/2025 19:20,29.96
SBA,9/30/2025 19:25,29.96
SBA,9/30/2025 19:30,29.96
SBA,9/30/2025 19:35,29.96
SBA,9/30/2025 19:40,29.96
SBA,9/30/2025 19:45,29.96
SBA,9/30/2025 19:50,29.96
SBA,9/30/2025 19:55,29.97
SBA,9/30/2025 20:00,29.97
SBA,9/30/2025 20:05,29.97
SBA,9/30/2025 20:10,29.97
SBA,9/30/2025 20:15,29.97
SBA,9/30/2025 20:20,29.97
SBA,9/30/2025 20:25,29.97
SBA,9/30/2025 20:30,29.97
SBA,9/30/2025 20:35,29.97
SBA,9/30/2025 20:40,29.97
SBA,9/30/2025 20:45,29.98
SBA,9/30/2025 20:50,29.98
SBA,9/30/2025 20:55,29.97
SBA,9/30/2025 21:00,29.97
SBA,9/30/2025 21:05,29.97
SBA,9/30/2025 21:10,29.97
SBA,9/30/2025 21:15,29.97
SBA,9/30/2025 21:20,29.97
SBA,9/30/2025 21:25,29.97
SBA,9/30/2025 21:30,29.97
SBA,9/30/2025 21:35,29.97
SBA,9/30/2025 21:40,29.98
SBA,9/30/2025 21:45,29.98
SBA,9/30/2025 21:50,29.98
SBA,9/30/2025 21:55,29.98
SBA,9/30/2025 22:00,29.98
SBA,9/30/2025 22:05,29.98
SBA,9/30/2025 22:10,29.98
SBA,9/30/2025 22:15,29.98
SBA,9/30/2025 22:20,29.98
SBA,9/30/2025 22:25,29.98
SBA,9/30/2025 22:30,29.98
SBA,9/30/2025 22:35,29.98
SBA,9/30/2025 22:40,29.98
SBA,9/30/2025 22:45,29.98
SBA,9/30/2025 22:50,29.98
SBA,9/30/2025 22:55,29.98
SBA,9/30/2025 23:00,29.98
SBA,9/30/2025 23:05,29.99
SBA,9/30/2025 23:10,29.99
SBA,9/30/2025 23:15,29.99
SBA,9/30/2025 23:20,29.98
SBA,9/30/2025 23:25,29.98
SBA,9/30/2025 23:30,29.98
SBA,9/30/2025 23:35,29.98
SBA,9/30/2025 23:40,29.98
SBA,9/30/2025 23:45,29.98
SBA,9/30/2025 23:50,29.98
SBA,9/30/2025 23:55,29.98
SBA,10/1/2025 0:00,29.98
SBA,10/1/2025 0:05,29.98
SBA,10/1/2025 0:10,29.98
SBA,10/1/2025 0:15,29.98
SBA,10/1/2025 0:20,29.98
SBA,10/1/2025 0:25,29.98
SBA,10/1/2025 0:30,29.98
SBA,10/1/2025 0:35,29.98
SBA,10/1/2025 0:40,29.98
SBA,10/1/2025 0:45,29.98
SBA,10/1/2025 0:50,29.98
SBA,10/1/2025 0:55,29.98
SBA,10/1/2025 1:00,29.98
SBA,10/1/2025 1:05,29.98
SBA,10/1/2025 1:10,29.98
SBA,10/1/2025 1:15,29.98
SBA,10/1/2025 1:20,29.98
SBA,10/1/2025 1:25,29.98
SBA,10/1/2025 1:30,29.98
SBA,10/1/2025 1:35,29.98
SBA,10/1/2025 1:40,29.98
SBA,10/1/2025 1:45,29.98
SBA,10/1/2025 1:50,29.98
SBA,10/1/2025 1:55,29.98
SBA,10/1/2025 2:00,29.98
SBA,10/1/2025 2:05,29.98
SBA,10/1/2025 2:10,29.98
SBA,10/1/2025 2:15,29.99
SBA,10/1/2025 2:20,29.99
SBA,10/1/2025 2:25,29.98
SBA,10/1/2025 2:30,29.98
SBA,10/1/2025 2:35,29.98
SBA,10/1/2025 2:40,29.98
SBA,10/1/2025 2:45,29.98
SBA,10/1/2025 2:50,29.98
SBA,10/1/2025 2:55,29.98
SBA,10/1/2025 3:00,29.98
SBA,10/1/2025 3:05,29.98
SBA,10/1/2025 3:10,29.98
SBA,10/1/2025 3:15,29.98
SBA,10/1/2025 3:20,29.98
SBA,10/1/2025 3:25,29.98
SBA,10/1/2025 3:30,29.98
SBA,10/1/2025 3:35,29.98
SBA,10/1/2025 3:40,29.98
SBA,10/1/2025 3:45,29.98
SBA,10/1/2025 3:50,29.98
SBA,10/1/2025 3:55,29.98
SBA,10/1/2025 4:00,29.98
SBA,10/1/2025 4:05,29.98
SBA,10/1/2025 4:10,29.98
SBA,10/1/2025 4:15,29.98
SBA,10/1/2025 4:20,29.98
SBA,10/1/2025 4:25,29.98
SBA,10/1/2025 4:30,29.98
SBA,10/1/2025 4:35,29.99
SBA,10/1/2025 4:40,29.99
SBA,10/1/2025 4:45,29.98
SBA,10/1/2025 4:50,29.99
SBA,10/1/2025 4:55,29.99
SBA,10/1/2025 5:00,29.99
SBA,10/1/2025 5:05,29.99
SBA,10/1/2025 5:10,29.99
SBA,10/1/2025 5:15,29.99
SBA,10/1/2025 5:20,29.99
SBA,10/1/2025 5:25,29.99
SBA,10/1/2025 5:30,29.99
SBA,10/1/2025 5:35,29.99
SBA,10/1/2025 5:40,29.99
SBA,10/1/2025 5:45,29.99
SBA,10/1/2025 5:50,29.99
SBA,10/1/2025 5:55,29.99
SBA,10/1/2025 6:00,29.99
SBA,10/1/2025 6:05,30
SBA,10/1/2025 6:10,30
SBA,10/1/2025 6:15,30
SBA,10/1/2025 6:20,30
SBA,10/1/2025 6:25,30
SBA,10/1/2025 6:30,30
SBA,10/1/2025 6:35,30
SBA,10/1/2025 6:40,30
SBA,10/1/2025 6:45,30
SBA,10/1/2025 6:50,30
SBA,10/1/2025 6:55,30
SBA,10/1/2025 7:00,30
SBA,10/1/2025 7:05,30
SBA,10/1/2025 7:10,30
SBA,10/1/2025 7:15,30
SBA,10/1/2025 7:20,30
SBA,10/1/2025 7:25,30
SBA,10/1/2025 7:30,30
SBA,10/1/2025 7:35,30
SBA,10/1/2025 7:40,30.01
SBA,10/1/2025 7:45,30.01
SBA,10/1/2025 7:50,30.01
SBA,10/1/2025 7:55,30.01
SBA,10/1/2025 8:00,30.01
SBA,10/1/2025 8:05,30.01
SBA,10/1/2025 8:10,30.01
SBA,10/1/2025 8:15,30.02
SBA,10/1/2025 8:20,30.02
SBA,10/1/2025 8:25,30.02
SBA,10/1/2025 8:30,30.02
SBA,10/1/2025 8:35,30.02
SBA,10/1/2025 8:40,30.02
SBA,10/1/2025 8:45,30.02
SBA,10/1/2025 8:50,30.02
SBA,10/1/2025 8:55,30.02
SBA,10/1/2025 9:00,30.02
SBA,10/1/2025 9:05,30.02
SBA,10/1/2025 9:10,30.02
SBA,10/1/2025 9:15,30.02
SBA,10/1/2025 9:20,30.02
SBA,10/1/2025 9:25,30.02
SBA,10/1/2025 9:30,30.03
SBA,10/1/2025 9:35,30.03
SBA,10/1/2025 9:40,30.03
SBA,10/1/2025 9:45,30.03
SBA,10/1/2025 9:50,30.03
SBA,10/1/2025 9:55,30.03
SBA,10/1/2025 10:00,30.03
SBA,10/1/2025 10:05,30.03
SBA,10/1/2025 10:10,30.03
SBA,10/1/2025 10:15,30.03
SBA,10/1/2025 10:20,30.03
SBA,10/1/2025 10:25,30.03
SBA,10/1/2025 10:30,30.03
SBA,10/1/2025 10:35,30.03
SBA,10/1/2025 10:40,30.03
SBA,10/1/2025 10:45,30.03
SBA,10/1/2025 10:50,30.03
SBA,10/1/2025 10:55,30.03
SBA,10/1/2025 11:00,30.03
SBA,10/1/2025 11:05,30.03
SBA,10/1/2025 11:10,30.03
SBA,10/1/2025 11:15,30.02
SBA,10/1/2025 11:20,30.02
SBA,10/1/2025 11:25,30.02
SBA,10/1/2025 11:30,30.02
SBA,10/1/2025 11:35,30.02
SBA,10/1/2025 11:40,30.02
SBA,10/1/2025 11:45,30.02
SBA,10/1/2025 11:50,30.02
SBA,10/1/2025 11:55,30.02
SBA,10/1/2025 12:00,30.02
SBA,10/1/2025 12:05,30.02
SBA,10/1/2025 12:10,30.02
SBA,10/1/2025 12:15,30.02
SBA,10/1/2025 12:20,30.01
SBA,10/1/2025 12:25,30.01
SBA,10/1/2025 12:30,30.01
SBA,10/1/2025 12:35,30.01
SBA,10/1/2025 12:40,30.01
SBA,10/1/2025 12:45,30.01
SBA,10/1/2025 12:50,30
SBA,10/1/2025 12:55,30
SBA,10/1/2025 13:00,30
SBA,10/1/2025 13:05,30
SBA,10/1/2025 13:10,30
SBA,10/1/2025 13:15,30
SBA,10/1/2025 13:20,29.99
SBA,10/1/2025 13:25,29.99
SBA,10/1/2025 13:30,29.99
SBA,10/1/2025 13:35,29.99
SBA,10/1/2025 13:40,29.99
SBA,10/1/2025 13:45,29.98
SBA,10/1/2025 13:50,29.98
SBA,10/1/2025 13:55,29.98
SBA,10/1/2025 14:00,29.98
SBA,10/1/2025 14:05,29.98
SBA,10/1/2025 14:10,29.98
SBA,10/1/2025 14:15,29.97
SBA,10/1/2025 14:20,29.97
SBA,10/1/2025 14:25,29.97
SBA,10/1/2025 14:30,29.97
SBA,10/1/2025 14:35,29.97
SBA,10/1/2025 14:40,29.97
SBA,10/1/2025 14:45,29.98
SBA,10/1/2025 14:50,29.97
SBA,10/1/2025 14:55,29.97
SBA,10/1/2025 15:00,29.97
SBA,10/1/2025 15:05,29.97
SBA,10/1/2025 15:10,29.97
SBA,10/1/2025 15:15,29.97
SBA,10/1/2025 15:20,29.97
SBA,10/1/2025 15:25,29.97
SBA,10/1/2025 15:30,29.97
SBA,10/1/2025 15:35,29.97
SBA,10/1/2025 15:40,29.97
SBA,10/1/2025 15:45,29.97
SBA,10/1/2025 15:50,29.97
SBA,10/1/2025 15:55,29.97
SBA,10/1/2025 16:00,29.97
SBA,10/1/2025 16:05,29.97
SBA,10/1/2025 16:10,29.97
SBA,10/1/2025 16:15,29.97
SBA,10/1/2025 16:20,29.96
SBA,10/1/2025 16:25,29.96
SBA,10/1/2025 16:30,29.96
SBA,10/1/2025 16:35,29.96
SBA,10/1/2025 16:40,29.96
SBA,10/1/2025 16:45,29.96
SBA,10/1/2025 16:50,29.96
SBA,10/1/2025 16:55,29.96
SBA,10/1/2025 17:00,29.96
SBA,10/1/2025 17:05,29.96
SBA,10/1/2025 17:10,29.96
SBA,10/1/2025 17:15,29.97
SBA,10/1/2025 17:20,29.97
SBA,10/1/2025 17:25,29.97
SBA,10/1/2025 17:30,29.96
SBA,10/1/2025 17:35,29.96
SBA,10/1/2025 17:40,29.96
SBA,10/1/2025 17:45,29.96
SBA,10/1/2025 17:50,29.96
SBA,10/1/2025 17:55,29.96
SBA,10/1/2025 18:00,29.96
SBA,10/1/2025 18:05,29.96
SBA,10/1/2025 18:10,29.96
SBA,10/1/2025 18:15,29.96
SBA,10/1/2025 18:20,29.96
SBA,10/1/2025 18:25,29.96
SBA,10/1/2025 18:30,29.96
SBA,10/1/2025 18:35,29.96
SBA,10/1/2025 18:40,29.96
SBA,10/1/2025 18:45,29.96
SBA,10/1/2025 18:50,29.96
SBA,10/1/2025 18:55,29.96
SBA,10/1/2025 19:00,29.96
SBA,10/1/2025 19:05,29.96
SBA,10/1/2025 19:10,29.96
SBA,10/1/2025 19:15,29.96
SBA,10/1/2025 19:20,29.96
SBA,10/1/2025 19:25,29.96
SBA,10/1/2025 19:30,29.96
SBA,10/1/2025 19:35,29.96
SBA,10/1/2025 19:40,29.97
SBA,10/1/2025 19:45,29.96
SBA,10/1/2025 19:50,29.96
SBA,10/1/2025 19:55,29.96
SBA,10/1/2025 20:00,29.96
SBA,10/1/2025 20:05,29.96
SBA,10/1/2025 20:10,29.96
SBA,10/1/2025 20:15,29.96
SBA,10/1/2025 20:20,29.97
SBA,10/1/2025 20:25,29.97
SBA,10/1/2025 20:30,29.97
SBA,10/1/2025 20:35,29.97
SBA,10/1/2025 20:40,29.97
SBA,10/1/2025 20:45,29.97
SBA,10/1/2025 20:50,29.97
SBA,10/1/2025 20:55,29.97
SBA,10/1/2025 21:00,29.98
SBA,10/1/2025 21:05,29.98
SBA,10/1/2025 21:10,29.98
SBA,10/1/2025 21:15,29.98
SBA,10/1/2025 21:20,29.98
SBA,10/1/2025 21:25,29.98
SBA,10/1/2025 21:30,29.98
SBA,10/1/2025 21:35,29.98
SBA,10/1/2025 21:40,29.98
SBA,10/1/2025 21:45,29.98
SBA,10/1/2025 21:50,29.98
SBA,10/1/2025 21:55,29.98
SBA,10/1/2025 22:00,29.98
SBA,10/1/2025 22:05,29.98
SBA,10/1/2025 22:10,29.98
SBA,10/1/2025 22:15,29.98
SBA,10/1/2025 22:20,29.98
SBA,10/1/2025 22:25,29.98
SBA,10/1/2025 22:30,29.98
SBA,10/1/2025 22:35,29.98
SBA,10/1/2025 22:40,29.98
SBA,10/1/2025 22:45,29.98
SBA,10/1/2025 22:50,29.98
SBA,10/1/2025 22:55,29.98
SBA,10/1/2025 23:00,29.98
SBA,10/1/2025 23:05,29.98
SBA,10/1/2025 23:10,29.98
SBA,10/1/2025 23:15,29.99
SBA,10/1/2025 23:20,29.99
SBA,10/1/2025 23:25,29.99
SBA,10/1/2025 23:30,29.99
SBA,10/1/2025 23:35,29.99
SBA,10/1/2025 23:40,29.99
SBA,10/1/2025 23:45,29.99
SBA,10/1/2025 23:50,29.99
SBA,10/1/2025 23:55,29.98
SBA,10/2/2025 0:00,29.98
SBA,10/2/2025 0:05,29.99
SBA,10/2/2025 0:10,29.99
SBA,10/2/2025 0:15,29.98
SBA,10/2/2025 0:20,29.98
SBA,10/2/2025 0:25,29.98
SBA,10/2/2025 0:30,29.98
SBA,10/2/2025 0:35,29.98
SBA,10/2/2025 0:40,29.98
SBA,10/2/2025 0:45,29.98
SBA,10/2/2025 0:50,29.98
SBA,10/2/2025 0:55,29.98
SBA,10/2/2025 1:00,29.98
SBA,10/2/2025 1:05,29.97
SBA,10/2/2025 1:10,29.98
SBA,10/2/2025 1:15,29.97
SBA,10/2/2025 1:20,29.98
SBA,10/2/2025 1:25,29.98
SBA,10/2/2025 1:30,29.98
SBA,10/2/2025 1:35,29.98
SBA,10/2/2025 1:40,29.97
SBA,10/2/2025 1:45,29.97
SBA,10/2/2025 1:50,29.97
SBA,10/2/2025 1:55,29.97
SBA,10/2/2025 2:00,29.97
SBA,10/2/2025 2:05,29.97
SBA,10/2/2025 2:10,29.97
SBA,10/2/2025 2:15,29.97
SBA,10/2/2025 2:20,29.97
SBA,10/2/2025 2:25,29.97
SBA,10/2/2025 2:30,29.97
SBA,10/2/2025 2:35,29.96
SBA,10/2/2025 2:40,29.96
SBA,10/2/2025 2:45,29.96
SBA,10/2/2025 2:50,29.96
SBA,10/2/2025 2:55,29.96
SBA,10/2/2025 3:00,29.96
SBA,10/2/2025 3:05,29.96
SBA,10/2/2025 3:10,29.96
SBA,10/2/2025 3:15,29.96
SBA,10/2/2025 3:20,29.96
SBA,10/2/2025 3:25,29.96
SBA,10/2/2025 3:30,29.95
SBA,10/2/2025 3:35,29.95
SBA,10/2/2025 3:40,29.96
SBA,10/2/2025 3:45,29.96
SBA,10/2/2025 3:50,29.96
SBA,10/2/2025 3:55,29.96
SBA,10/2/2025 4:00,29.96
SBA,10/2/2025 4:05,29.96
SBA,10/2/2025 4:10,29.96
SBA,10/2/2025 4:15,29.96
SBA,10/2/2025 4:20,29.96
SBA,10/2/2025 4:25,29.96
SBA,10/2/2025 4:30,29.96
SBA,10/2/2025 4:35,29.96
SBA,10/2/2025 4:40,29.96
SBA,10/2/2025 4:45,29.96
SBA,10/2/2025 4:50,29.96
SBA,10/2/2025 4:55,29.96
SBA,10/2/2025 5:00,29.96
SBA,10/2/2025 5:05,29.96
SBA,10/2/2025 5:10,29.96
SBA,10/2/2025 5:15,29.96
SBA,10/2/2025 5:20,29.96
SBA,10/2/2025 5:25,29.96
SBA,10/2/2025 5:30,29.97
SBA,10/2/2025 5:35,29.97
SBA,10/2/2025 5:40,29.97
SBA,10/2/2025 5:45,29.97
SBA,10/2/2025 5:50,29.97
SBA,10/2/2025 5:55,29.97
SBA,10/2/2025 6:00,29.97
SBA,10/2/2025 6:05,29.98
SBA,10/2/2025 6:10,29.98
SBA,10/2/2025 6:15,29.98
SBA,10/2/2025 6:20,29.98
SBA,10/2/2025 6:25,29.99
SBA,10/2/2025 6:30,29.99
SBA,10/2/2025 6:35,29.99
SBA,10/2/2025 6:40,29.99
SBA,10/2/2025 6:45,29.99
SBA,10/2/2025 6:50,29.99
SBA,10/2/2025 6:55,30
SBA,10/2/2025 7:00,30
SBA,10/2/2025 7:05,30
SBA,10/2/2025 7:10,30
SBA,10/2/2025 7:15,30
SBA,10/2/2025 7:20,30
SBA,10/2/2025 7:25,30
SBA,10/2/2025 7:30,30
SBA,10/2/2025 7:35,30.01
SBA,10/2/2025 7:40,30.01
SBA,10/2/2025 7:45,30.01
SBA,10/2/2025 7:50,30.01
SBA,10/2/2025 7:55,30.01
SBA,10/2/2025 8:00,30.01
SBA,10/2/2025 8:05,30.02
SBA,10/2/2025 8:10,30.02
SBA,10/2/2025 8:15,30.02
SBA,10/2/2025 8:20,30.02
SBA,10/2/2025 8:25,30.02
SBA,10/2/2025 8:30,30.02
SBA,10/2/2025 8:35,30.02
SBA,10/2/2025 8:40,30.02
SBA,10/2/2025 8:45,30.02
SBA,10/2/2025 8:50,30.02
SBA,10/2/2025 8:55,30.02
SBA,10/2/2025 9:00,30.02
SBA,10/2/2025 9:05,30.02
SBA,10/2/2025 9:10,30.02
SBA,10/2/2025 9:15,30.02
SBA,10/2/2025 9:20,30.03
SBA,10/2/2025 9:25,30.03
SBA,10/2/2025 9:30,30.03
SBA,10/2/2025 9:35,30.03
SBA,10/2/2025 9:40,30.02
SBA,10/2/2025 9:45,30.02
SBA,10/2/2025 9:50,30.02
SBA,10/2/2025 9:55,30.02
SBA,10/2/2025 10:00,30.02
SBA,10/2/2025 10:05,30.02
SBA,10/2/2025 10:10,30.02
SBA,10/2/2025 10:15,30.02
SBA,10/2/2025 10:20,30.02
SBA,10/2/2025 10:25,30.02
SBA,10/2/2025 10:30,30.02
SBA,10/2/2025 10:35,30.02
SBA,10/2/2025 10:40,30.02
SBA,10/2/2025 10:45,30.02
SBA,10/2/2025 10:50,30.02
SBA,10/2/2025 10:55,30.02
SBA,10/2/2025 11:00,30.01
SBA,10/2/2025 11:05,30.01
SBA,10/2/2025 11:10,30.01
SBA,10/2/2025 11:15,30.01
SBA,10/2/2025 11:20,30.01
SBA,10/2/2025 11:25,30.01
SBA,10/2/2025 11:30,30.01
SBA,10/2/2025 11:35,30.01
SBA,10/2/2025 11:40,30.01
SBA,10/2/2025 11:45,30.01
SBA,10/2/2025 11:50,30.01
SBA,10/2/2025 11:55,30.01
SBA,10/2/2025 12:00,30.01
SBA,10/2/2025 12:05,30.01
SBA,10/2/2025 12:10,30.01
SBA,10/2/2025 12:15,30.01
SBA,10/2/2025 12:20,30.01
SBA,10/2/2025 12:25,30.01
SBA,10/2/2025 12:30,30.01
SBA,10/2/2025 12:35,30.01
SBA,10/2/2025 12:40,30.01
SBA,10/2/2025 12:45,30.01
SBA,10/2/2025 12:50,30
SBA,10/2/2025 12:55,30
SBA,10/2/2025 13:00,30
SBA,10/2/2025 13:05,30
SBA,10/2/2025 13:10,30
SBA,10/2/2025 13:15,29.99
SBA,10/2/2025 13:20,29.99
SBA,10/2/2025 13:25,29.99
SBA,10/2/2025 13:30,29.99
SBA,10/2/2025 13:35,29.98
SBA,10/2/2025 13:40,29.98
SBA,10/2/2025 13:45,29.98
SBA,10/2/2025 13:50,29.98
SBA,10/2/2025 14:05,29.97
SBA,10/2/2025 14:10,29.97
SBA,10/2/2025 14:15,29.97
SBA,10/2/2025 14:20,29.97
SBA,10/2/2025 14:25,29.96
SBA,10/2/2025 14:30,29.97
SBA,10/2/2025 14:35,29.97
SBA,10/2/2025 14:40,29.97
SBA,10/2/2025 14:45,29.97
SBA,10/2/2025 14:50,29.97
SBA,10/2/2025 14:55,29.97
SBA,10/2/2025 15:00,29.96
SBA,10/2/2025 15:05,29.97
SBA,10/2/2025 15:10,29.97
SBA,10/2/2025 15:15,29.97
SBA,10/2/2025 15:20,29.97
SBA,10/2/2025 15:25,29.97
SBA,10/2/2025 15:30,29.97
SBA,10/2/2025 15:35,29.96
SBA,10/2/2025 15:40,29.96
SBA,10/2/2025 15:45,29.96
SBA,10/2/2025 15:50,29.96
SBA,10/2/2025 15:55,29.96
SBA,10/2/2025 16:00,29.96
SBA,10/2/2025 16:05,29.96
SBA,10/2/2025 16:10,29.96
SBA,10/2/2025 16:15,29.96
SBA,10/2/2025 16:20,29.96
SBA,10/2/2025 16:25,29.96
SBA,10/2/2025 16:30,29.96
SBA,10/2/2025 16:35,29.96
SBA,10/2/2025 16:40,29.96
SBA,10/2/2025 16:45,29.96
SBA,10/2/2025 16:50,29.95
SBA,10/2/2025 16:55,29.95
SBA,10/2/2025 17:00,29.95
SBA,10/2/2025 17:05,29.95
SBA,10/2/2025 17:10,29.95
SBA,10/2/2025 17:15,29.94
SBA,10/2/2025 17:20,29.94
SBA,10/2/2025 17:25,29.94
SBA,10/2/2025 17:30,29.94
SBA,10/2/2025 17:35,29.94
SBA,10/2/2025 17:40,29.94
SBA,10/2/2025 17:45,29.94
SBA,10/2/2025 17:50,29.94
SBA,10/2/2025 17:55,29.94
SBA,10/2/2025 18:00,29.94
SBA,10/2/2025 18:05,29.94
SBA,10/2/2025 18:10,29.94
SBA,10/2/2025 18:15,29.95
SBA,10/2/2025 18:20,29.95
SBA,10/2/2025 18:25,29.95
SBA,10/2/2025 18:30,29.95
SBA,10/2/2025 18:35,29.95
SBA,10/2/2025 18:40,29.95
SBA,10/2/2025 18:45,29.95
SBA,10/2/2025 18:50,29.95
SBA,10/2/2025 18:55,29.95
SBA,10/2/2025 19:00,29.95
SBA,10/2/2025 19:05,29.95
SBA,10/2/2025 19:10,29.95
SBA,10/2/2025 19:15,29.95
SBA,10/2/2025 19:20,29.96
SBA,10/2/2025 19:25,29.96
SBA,10/2/2025 19:30,29.95
SBA,10/2/2025 19:35,29.96
SBA,10/2/2025 19:40,29.96
SBA,10/2/2025 19:45,29.96
SBA,10/2/2025 19:50,29.96
SBA,10/2/2025 19:55,29.96
SBA,10/2/2025 20:00,29.96
SBA,10/2/2025 20:05,29.95
SBA,10/2/2025 20:10,29.95
SBA,10/2/2025 20:15,29.96
SBA,10/2/2025 20:20,29.96
SBA,10/2/2025 20:25,29.96
SBA,10/2/2025 20:30,29.96
SBA,10/2/2025 20:35,29.96
SBA,10/2/2025 20:40,29.96
SBA,10/2/2025 20:45,29.96
SBA,10/2/2025 20:50,29.96
SBA,10/2/2025 20:55,29.96
SBA,10/2/2025 21:00,29.95
SBA,10/2/2025 21:05,29.95
SBA,10/2/2025 21:10,29.96
SBA,10/2/2025 21:15,29.96
SBA,10/2/2025 21:20,29.95
SBA,10/2/2025 21:25,29.96
SBA,10/2/2025 21:30,29.96
SBA,10/2/2025 21:35,29.96
SBA,10/2/2025 21:40,29.96
SBA,10/2/2025 21:45,29.96
SBA,10/2/2025 21:50,29.96
SBA,10/2/2025 21:55,29.96
SBA,10/2/2025 22:00,29.96
SBA,10/2/2025 22:05,29.97
SBA,10/2/2025 22:10,29.97
SBA,10/2/2025 22:15,29.97
SBA,10/2/2025 22:20,29.97
SBA,10/2/2025 22:25,29.97
SBA,10/2/2025 22:30,29.97
SBA,10/2/2025 22:35,29.97
SBA,10/2/2025 22:40,29.97
SBA,10/2/2025 22:45,29.97
SBA,10/2/2025 22:50,29.97
SBA,10/2/2025 22:55,29.97
SBA,10/2/2025 23:00,29.97
SBA,10/2/2025 23:05,29.97
SBA,10/2/2025 23:10,29.97
SBA,10/2/2025 23:15,29.97
SBA,10/2/2025 23:20,29.97
SBA,10/2/2025 23:25,29.97
SBA,10/2/2025 23:30,29.97
SBA,10/2/2025 23:35,29.97
SBA,10/2/2025 23:40,29.97
SBA,10/2/2025 23:45,29.97
SBA,10/2/2025 23:50,29.96
SBA,10/2/2025 23:55,29.96
SBA,10/3/2025 0:00,29.96
SBA,10/3/2025 0:05,29.96
SBA,10/3/2025 0:10,29.96
SBA,10/3/2025 0:15,29.96
SBA,10/3/2025 0:20,29.96
SBA,10/3/2025 0:25,29.96
SBA,10/3/2025 0:30,29.96
SBA,10/3/2025 0:35,29.96
SBA,10/3/2025 0:40,29.96
SBA,10/3/2025 0:45,29.96
SBA,10/3/2025 0:50,29.96
SBA,10/3/2025 0:55,29.96
SBA,10/3/2025 1:00,29.96
SBA,10/3/2025 1:05,29.96
SBA,10/3/2025 1:10,29.96
SBA,10/3/2025 1:15,29.96
SBA,10/3/2025 1:20,29.96
SBA,10/3/2025 1:25,29.96
SBA,10/3/2025 1:30,29.96
SBA,10/3/2025 1:35,29.96
SBA,10/3/2025 1:40,29.96
SBA,10/3/2025 1:45,29.96
SBA,10/3/2025 1:50,29.96
SBA,10/3/2025 1:55,29.96
SBA,10/3/2025 2:00,29.95
SBA,10/3/2025 2:05,29.96
SBA,10/3/2025 2:10,29.96
SBA,10/3/2025 2:15,29.96
SBA,10/3/2025 2:20,29.96
SBA,10/3/2025 2:25,29.96
SBA,10/3/2025 2:30,29.96
SBA,10/3/2025 2:35,29.96
SBA,10/3/2025 2:40,29.96
SBA,10/3/2025 2:45,29.96
SBA,10/3/2025 2:50,29.96
SBA,10/3/2025 2:55,29.96
SBA,10/3/2025 3:00,29.96
SBA,10/3/2025 3:05,29.96
SBA,10/3/2025 3:10,29.95
SBA,10/3/2025 3:15,29.95
SBA,10/3/2025 3:20,29.95
SBA,10/3/2025 3:25,29.95
SBA,10/3/2025 3:30,29.95
SBA,10/3/2025 3:35,29.95
SBA,10/3/2025 3:40,29.96
SBA,10/3/2025 3:45,29.96
SBA,10/3/2025 3:50,29.96
SBA,10/3/2025 3:55,29.95
SBA,10/3/2025 4:00,29.95
SBA,10/3/2025 4:05,29.95
SBA,10/3/2025 4:10,29.95
SBA,10/3/2025 4:15,29.95
SBA,10/3/2025 4:20,29.95
SBA,10/3/2025 4:25,29.95
SBA,10/3/2025 4:30,29.95
SBA,10/3/2025 4:35,29.95
SBA,10/3/2025 4:40,29.95
SBA,10/3/2025 4:45,29.95
SBA,10/3/2025 4:50,29.95
SBA,10/3/2025 4:55,29.95
SBA,10/3/2025 5:00,29.95
SBA,10/3/2025 5:05,29.95
SBA,10/3/2025 5:10,29.95
SBA,10/3/2025 5:15,29.96
SBA,10/3/2025 5:20,29.96
SBA,10/3/2025 5:25,29.96
SBA,10/3/2025 5:30,29.96
SBA,10/3/2025 5:35,29.96
SBA,10/3/2025 5:40,29.96
SBA,10/3/2025 5:45,29.96
SBA,10/3/2025 5:50,29.96
SBA,10/3/2025 5:55,29.96
SBA,10/3/2025 6:00,29.96
SBA,10/3/2025 6:05,29.96
SBA,10/3/2025 6:10,29.97
SBA,10/3/2025 6:15,29.97
SBA,10/3/2025 6:20,29.97
SBA,10/3/2025 6:25,29.97
SBA,10/3/2025 6:30,29.97
SBA,10/3/2025 6:35,29.97
SBA,10/3/2025 6:40,29.97
SBA,10/3/2025 6:45,29.97
SBA,10/3/2025 6:50,29.98
SBA,10/3/2025 6:55,29.98
SBA,10/3/2025 7:00,29.98
SBA,10/3/2025 7:05,29.98
SBA,10/3/2025 7:10,29.98
SBA,10/3/2025 7:15,29.97
SBA,10/3/2025 7:20,29.98
SBA,10/3/2025 7:25,29.98
SBA,10/3/2025 7:30,29.98
SBA,10/3/2025 7:35,29.98
SBA,10/3/2025 7:40,29.98
SBA,10/3/2025 7:45,29.98
SBA,10/3/2025 7:50,29.99
SBA,10/3/2025 7:55,29.98
SBA,10/3/2025 8:00,29.99
SBA,10/3/2025 8:05,29.99
SBA,10/3/2025 8:10,29.99
SBA,10/3/2025 8:15,29.99
SBA,10/3/2025 8:20,29.99
SBA,10/3/2025 8:25,29.99
SBA,10/3/2025 8:30,29.99
SBA,10/3/2025 8:35,29.99
SBA,10/3/2025 8:40,29.99
SBA,10/3/2025 8:45,29.99
SBA,10/3/2025 8:50,29.99
SBA,10/3/2025 8:55,30
SBA,10/3/2025 9:00,29.99
SBA,10/3/2025 9:05,29.99
SBA,10/3/2025 9:10,29.99
SBA,10/3/2025 9:15,29.99
SBA,10/3/2025 9:20,29.99
SBA,10/3/2025 9:25,29.99
SBA,10/3/2025 9:30,29.99
SBA,10/3/2025 9:35,29.99
SBA,10/3/2025 9:40,29.99
SBA,10/3/2025 9:45,29.99
SBA,10/3/2025 9:50,29.99
SBA,10/3/2025 9:55,29.99
SBA,10/3/2025 10:00,29.99
SBA,10/3/2025 10:05,29.99
SBA,10/3/2025 10:10,29.99
SBA,10/3/2025 10:15,29.99
SBA,10/3/2025 10:20,29.99
SBA,10/3/2025 10:25,29.99
SBA,10/3/2025 10:30,29.98
SBA,10/3/2025 10:35,29.98
SBA,10/3/2025 10:40,29.98
SBA,10/3/2025 10:45,29.98
SBA,10/3/2025 10:50,29.98
SBA,10/3/2025 10:55,29.98
SBA,10/3/2025 11:00,29.98
SBA,10/3/2025 11:05,29.98
SBA,10/3/2025 11:10,29.98
SBA,10/3/2025 11:15,29.98
SBA,10/3/2025 11:20,29.97
SBA,10/3/2025 11:25,29.98
SBA,10/3/2025 11:30,29.97
SBA,10/3/2025 11:35,29.97
SBA,10/3/2025 11:40,29.97
SBA,10/3/2025 11:45,29.97
SBA,10/3/2025 11:50,29.97
SBA,10/3/2025 11:55,29.97
SBA,10/3/2025 12:00,29.97
SBA,10/3/2025 12:05,29.97
SBA,10/3/2025 12:10,29.96
SBA,10/3/2025 12:15,29.96
SBA,10/3/2025 12:20,29.96
SBA,10/3/2025 12:25,29.96
SBA,10/3/2025 12:30,29.95
SBA,10/3/2025 12:35,29.95
SBA,10/3/2025 12:40,29.95
SBA,10/3/2025 12:45,29.94
SBA,10/3/2025 12:50,29.94
SBA,10/3/2025 12:55,29.94
SBA,10/3/2025 13:00,29.94
SBA,10/3/2025 13:05,29.94
SBA,10/3/2025 13:10,29.93
SBA,10/3/2025 13:15,29.93
SBA,10/3/2025 13:20,29.93
SBA,10/3/2025 13:25,29.93
SBA,10/3/2025 13:30,29.93
SBA,10/3/2025 13:35,29.93
SBA,10/3/2025 13:40,29.92
SBA,10/3/2025 13:45,29.92
SBA,10/3/2025 13:50,29.92
SBA,10/3/2025 13:55,29.92
SBA,10/3/2025 14:00,29.91
SBA,10/3/2025 14:05,29.91
SBA,10/3/2025 14:10,29.91
SBA,10/3/2025 14:15,29.91
SBA,10/3/2025 14:20,29.9
SBA,10/3/2025 14:25,29.9
SBA,10/3/2025 14:30,29.9
SBA,10/3/2025 14:35,29.9
SBA,10/3/2025 14:40,29.9
SBA,10/3/2025 14:45,29.9
SBA,10/3/2025 14:50,29.89
SBA,10/3/2025 14:55,29.9
SBA,10/3/2025 15:00,29.89
SBA,10/3/2025 15:05,29.89
SBA,10/3/2025 15:10,29.89
SBA,10/3/2025 15:15,29.89
SBA,10/3/2025 15:20,29.89
SBA,10/3/2025 15:25,29.89
SBA,10/3/2025 15:30,29.89
SBA,10/3/2025 15:35,29.89
SBA,10/3/2025 15:40,29.89
SBA,10/3/2025 15:45,29.89
SBA,10/3/2025 15:50,29.89
SBA,10/3/2025 15:55,29.89
SBA,10/3/2025 16:00,29.89
SBA,10/3/2025 16:05,29.89
SBA,10/3/2025 16:10,29.89
SBA,10/3/2025 16:15,29.88
SBA,10/3/2025 16:20,29.88
SBA,10/3/2025 16:25,29.88
SBA,10/3/2025 16:30,29.88
SBA,10/3/2025 16:35,29.88
SBA,10/3/2025 16:40,29.88
SBA,10/3/2025 16:45,29.88
SBA,10/3/2025 16:50,29.88
SBA,10/3/2025 16:55,29.88
SBA,10/3/2025 17:00,29.88
SBA,10/3/2025 17:05,29.88
SBA,10/3/2025 17:10,29.88
SBA,10/3/2025 17:15,29.88
SBA,10/3/2025 17:20,29.88
SBA,10/3/2025 17:25,29.88
SBA,10/3/2025 17:30,29.88
SBA,10/3/2025 17:35,29.88
SBA,10/3/2025 17:40,29.88
SBA,10/3/2025 17:45,29.88
SBA,10/3/2025 17:50,29.88
SBA,10/3/2025 17:55,29.88
SBA,10/3/2025 18:00,29.88
SBA,10/3/2025 18:05,29.88
SBA,10/3/2025 18:10,29.88
SBA,10/3/2025 18:15,29.88
SBA,10/3/2025 18:20,29.88
SBA,10/3/2025 18:25,29.88
SBA,10/3/2025 18:30,29.89
SBA,10/3/2025 18:35,29.89
SBA,10/3/2025 18:40,29.89
SBA,10/3/2025 18:45,29.89
SBA,10/3/2025 18:50,29.89
SBA,10/3/2025 18:55,29.89
SBA,10/3/2025 19:00,29.9
SBA,10/3/2025 19:05,29.9
SBA,10/3/2025 19:10,29.9
SBA,10/3/2025 19:15,29.9
SBA,10/3/2025 19:20,29.91
SBA,10/3/2025 19:25,29.91
SBA,10/3/2025 19:30,29.91
SBA,10/3/2025 19:35,29.91
SBA,10/3/2025 19:40,29.91
SBA,10/3/2025 19:45,29.92
SBA,10/3/2025 19:50,29.92
SBA,10/3/2025 19:55,29.93
SBA,10/3/2025 20:00,29.93
SBA,10/3/2025 20:05,29.93
SBA,10/3/2025 20:10,29.94
SBA,10/3/2025 20:15,29.94
SBA,10/3/2025 20:20,29.94
SBA,10/3/2025 20:25,29.94
SBA,10/3/2025 20:30,29.94
SBA,10/3/2025 20:35,29.94
SBA,10/3/2025 20:40,29.94
SBA,10/3/2025 20:45,29.95
SBA,10/3/2025 20:50,29.94
SBA,10/3/2025 20:55,29.95
SBA,10/3/2025 21:00,29.95
SBA,10/3/2025 21:05,29.95
SBA,10/3/2025 21:10,29.95
SBA,10/3/2025 21:15,29.95
SBA,10/3/2025 21:20,29.95
SBA,10/3/2025 21:25,29.95
SBA,10/3/2025 21:30,29.95
SBA,10/3/2025 21:35,29.95
SBA,10/3/2025 21:40,29.95
SBA,10/3/2025 21:45,29.95
SBA,10/3/2025 21:50,29.95
SBA,10/3/2025 21:55,29.95
SBA,10/3/2025 22:00,29.95
SBA,10/3/2025 22:05,29.95
SBA,10/3/2025 22:10,29.95
SBA,10/3/2025 22:15,29.95
SBA,10/3/2025 22:20,29.96
SBA,10/3/2025 22:25,29.96
SBA,10/3/2025 22:30,29.96
SBA,10/3/2025 22:35,29.96
SBA,10/3/2025 22:40,29.96
SBA,10/3/2025 22:45,29.96
SBA,10/3/2025 22:50,29.96
SBA,10/3/2025 22:55,29.95
SBA,10/3/2025 23:00,29.95
SBA,10/3/2025 23:05,29.95
SBA,10/3/2025 23:10,29.95
SBA,10/3/2025 23:15,29.95
SBA,10/3/2025 23:20,29.95
SBA,10/3/2025 23:25,29.95
SBA,10/3/2025 23:30,29.95
SBA,10/3/2025 23:35,29.94
SBA,10/3/2025 23:40,29.94
SBA,10/3/2025 23:45,29.94
SBA,10/3/2025 23:50,29.94
SBA,10/3/2025 23:55,29.93
SBA,10/4/2025 0:00,29.93
SBA,10/4/2025 0:05,29.92
SBA,10/4/2025 0:10,29.92
SBA,10/4/2025 0:15,29.92
SBA,10/4/2025 0:20,29.93
SBA,10/4/2025 0:25,29.93
SBA,10/4/2025 0:30,29.94
SBA,10/4/2025 0:35,29.94
SBA,10/4/2025 0:40,29.94
SBA,10/4/2025 0:45,29.94
SBA,10/4/2025 0:50,29.94
SBA,10/4/2025 0:55,29.94
SBA,10/4/2025 1:00,29.94
SBA,10/4/2025 1:05,29.94
SBA,10/4/2025 1:10,29.94
SBA,10/4/2025 1:15,29.94
SBA,10/4/2025 1:20,29.94
SBA,10/4/2025 1:25,29.93
SBA,10/4/2025 1:30,29.93
SBA,10/4/2025 1:35,29.93
SBA,10/4/2025 1:40,29.93
SBA,10/4/2025 1:45,29.94
SBA,10/4/2025 1:50,29.93
SBA,10/4/2025 1:55,29.94
SBA,10/4/2025 2:00,29.94
SBA,10/4/2025 2:05,29.94
SBA,10/4/2025 2:10,29.94
SBA,10/4/2025 2:15,29.93
SBA,10/4/2025 2:20,29.94
SBA,10/4/2025 2:25,29.93
SBA,10/4/2025 2:30,29.93
SBA,10/4/2025 2:35,29.93
SBA,10/4/2025 2:40,29.92
SBA,10/4/2025 2:45,29.92
SBA,10/4/2025 2:50,29.92
SBA,10/4/2025 2:55,29.92
SBA,10/4/2025 3:00,29.92
SBA,10/4/2025 3:05,29.91
SBA,10/4/2025 3:10,29.91
SBA,10/4/2025 3:15,29.91
SBA,10/4/2025 3:20,29.91
SBA,10/4/2025 3:25,29.91
SBA,10/4/2025 3:30,29.91
SBA,10/4/2025 3:35,29.91
SBA,10/4/2025 3:40,29.91
SBA,10/4/2025 3:45,29.91
SBA,10/4/2025 3:50,29.9
SBA,10/4/2025 3:55,29.9
SBA,10/4/2025 4:00,29.9
SBA,10/4/2025 4:05,29.9
SBA,10/4/2025 4:10,29.9
SBA,10/4/2025 4:15,29.9
SBA,10/4/2025 4:20,29.89
SBA,10/4/2025 4:25,29.89
SBA,10/4/2025 4:30,29.89
SBA,10/4/2025 4:35,29.9
SBA,10/4/2025 4:40,29.89
SBA,10/4/2025 4:45,29.89
SBA,10/4/2025 4:50,29.89
SBA,10/4/2025 4:55,29.89
SBA,10/4/2025 5:00,29.89
SBA,10/4/2025 5:05,29.89
SBA,10/4/2025 5:10,29.89
SBA,10/4/2025 5:15,29.89
SBA,10/4/2025 5:20,29.88
SBA,10/4/2025 5:25,29.88
SBA,10/4/2025 5:30,29.89
SBA,10/4/2025 5:35,29.89
SBA,10/4/2025 5:40,29.89
SBA,10/4/2025 5:45,29.89
SBA,10/4/2025 5:50,29.89
SBA,10/4/2025 5:55,29.9
SBA,10/4/2025 6:00,29.9
SBA,10/4/2025 6:05,29.9
SBA,10/4/2025 6:10,29.9
SBA,10/4/2025 6:15,29.9
SBA,10/4/2025 6:20,29.9
SBA,10/4/2025 6:25,29.9
SBA,10/4/2025 6:30,29.9
SBA,10/4/2025 6:35,29.9
SBA,10/4/2025 6:40,29.9
SBA,10/4/2025 6:45,29.91
SBA,10/4/2025 6:50,29.9
SBA,10/4/2025 6:55,29.9
SBA,10/4/2025 7:00,29.91
SBA,10/4/2025 7:05,29.91
SBA,10/4/2025 7:10,29.91
SBA,10/4/2025 7:15,29.91
SBA,10/4/2025 7:20,29.91
SBA,10/4/2025 7:25,29.9
SBA,10/4/2025 7:30,29.91
SBA,10/4/2025 7:35,29.91
SBA,10/4/2025 7:40,29.91
SBA,10/4/2025 7:45,29.91
SBA,10/4/2025 7:50,29.92
SBA,10/4/2025 7:55,29.92
SBA,10/4/2025 8:00,29.92
SBA,10/4/2025 8:05,29.92
SBA,10/4/2025 8:10,29.92
SBA,10/4/2025 8:15,29.92
SBA,10/4/2025 8:20,29.92
SBA,10/4/2025 8:25,29.92
SBA,10/4/2025 8:30,29.92
SBA,10/4/2025 8:35,29.92
SBA,10/4/2025 8:40,29.92
SBA,10/4/2025 8:45,29.92
SBA,10/4/2025 8:50,29.92
SBA,10/4/2025 8:55,29.93
SBA,10/4/2025 9:00,29.93
SBA,10/4/2025 9:05,29.93
SBA,10/4/2025 9:10,29.93
SBA,10/4/2025 9:15,29.93
SBA,10/4/2025 9:20,29.93
SBA,10/4/2025 9:25,29.93
SBA,10/4/2025 9:30,29.93
SBA,10/4/2025 9:35,29.93
SBA,10/4/2025 9:40,29.93
SBA,10/4/2025 9:45,29.93
SBA,10/4/2025 9:50,29.93
SBA,10/4/2025 9:55,29.94
SBA,10/4/2025 10:00,29.94
SBA,10/4/2025 10:05,29.94
SBA,10/4/2025 10:10,29.94
SBA,10/4/2025 10:15,29.94
SBA,10/4/2025 10:20,29.94
SBA,10/4/2025 10:25,29.94
SBA,10/4/2025 10:30,29.94
SBA,10/4/2025 10:35,29.94
SBA,10/4/2025 10:40,29.93
SBA,10/4/2025 10:45,29.94
SBA,10/4/2025 10:50,29.93
SBA,10/4/2025 10:55,29.93
SBA,10/4/2025 11:00,29.93
SBA,10/4/2025 11:05,29.93
SBA,10/4/2025 11:10,29.93
SBA,10/4/2025 11:15,29.93
SBA,10/4/2025 11:20,29.93
SBA,10/4/2025 11:25,29.93
SBA,10/4/2025 11:30,29.92
SBA,10/4/2025 11:35,29.92
SBA,10/4/2025 11:40,29.92
SBA,10/4/2025 11:45,29.92
SBA,10/4/2025 11:50,29.92
SBA,10/4/2025 11:55,29.92
SBA,10/4/2025 12:00,29.92
SBA,10/4/2025 12:05,29.92
SBA,10/4/2025 12:10,29.92
SBA,10/4/2025 12:15,29.92
SBA,10/4/2025 12:20,29.92
SBA,10/4/2025 12:25,29.92
SBA,10/4/2025 12:30,29.92
SBA,10/4/2025 12:35,29.92
SBA,10/4/2025 12:40,29.91
SBA,10/4/2025 12:45,29.91
SBA,10/4/2025 12:50,29.91
SBA,10/4/2025 12:55,29.91
SBA,10/4/2025 13:00,29.91
SBA,10/4/2025 13:05,29.9
SBA,10/4/2025 13:10,29.9
SBA,10/4/2025 13:15,29.89
SBA,10/4/2025 13:20,29.89
SBA,10/4/2025 13:25,29.89
SBA,10/4/2025 13:30,29.89
SBA,10/4/2025 13:35,29.88
SBA,10/4/2025 13:40,29.88
SBA,10/4/2025 13:45,29.88
SBA,10/4/2025 13:50,29.88
SBA,10/4/2025 13:55,29.88
SBA,10/4/2025 14:00,29.87
SBA,10/4/2025 14:05,29.87
SBA,10/4/2025 14:10,29.87
SBA,10/4/2025 14:15,29.87
SBA,10/4/2025 14:20,29.87
SBA,10/4/2025 14:25,29.86
SBA,10/4/2025 14:30,29.86
SBA,10/4/2025 14:35,29.86
SBA,10/4/2025 14:40,29.86
SBA,10/4/2025 14:45,29.86
SBA,10/4/2025 14:50,29.86
SBA,10/4/2025 14:55,29.85
SBA,10/4/2025 15:00,29.85
SBA,10/4/2025 15:05,29.85
SBA,10/4/2025 15:10,29.85
SBA,10/4/2025 15:15,29.84
SBA,10/4/2025 15:20,29.84
SBA,10/4/2025 15:25,29.84
SBA,10/4/2025 15:30,29.84
SBA,10/4/2025 15:35,29.84
SBA,10/4/2025 15:40,29.84
SBA,10/4/2025 15:45,29.83
SBA,10/4/2025 15:50,29.83
SBA,10/4/2025 15:55,29.83
SBA,10/4/2025 16:00,29.83
SBA,10/4/2025 16:05,29.83
SBA,10/4/2025 16:10,29.82
SBA,10/4/2025 16:15,29.82
SBA,10/4/2025 16:20,29.82
SBA,10/4/2025 16:25,29.82
SBA,10/4/2025 16:30,29.82
SBA,10/4/2025 16:35,29.82
SBA,10/4/2025 16:40,29.82
SBA,10/4/2025 16:45,29.82
SBA,10/4/2025 16:50,29.81
SBA,10/4/2025 16:55,29.81
SBA,10/4/2025 17:00,29.81
SBA,10/4/2025 17:05,29.81
SBA,10/4/2025 17:10,29.81
SBA,10/4/2025 17:15,29.81
SBA,10/4/2025 17:20,29.81
SBA,10/4/2025 17:25,29.81
SBA,10/4/2025 17:30,29.81
SBA,10/4/2025 17:35,29.8
SBA,10/4/2025 17:40,29.8
SBA,10/4/2025 17:45,29.8
SBA,10/4/2025 17:50,29.81
SBA,10/4/2025 17:55,29.81
SBA,10/4/2025 18:00,29.81
SBA,10/4/2025 18:05,29.81
SBA,10/4/2025 18:10,29.8
SBA,10/4/2025 18:15,29.8
SBA,10/4/2025 18:20,29.8
SBA,10/4/2025 18:25,29.8
SBA,10/4/2025 18:30,29.8
SBA,10/4/2025 18:35,29.8
SBA,10/4/2025 18:40,29.79
SBA,10/4/2025 18:45,29.79
SBA,10/4/2025 18:50,29.79
SBA,10/4/2025 18:55,29.79
SBA,10/4/2025 19:00,29.79
SBA,10/4/2025 19:05,29.79
SBA,10/4/2025 19:10,29.79
SBA,10/4/2025 19:15,29.79
SBA,10/4/2025 19:20,29.79
SBA,10/4/2025 19:25,29.79
SBA,10/4/2025 19:30,29.79
SBA,10/4/2025 19:35,29.79
SBA,10/4/2025 19:40,29.79
SBA,10/4/2025 19:45,29.79
SBA,10/4/2025 19:50,29.79
SBA,10/4/2025 19:55,29.79
SBA,10/4/2025 20:00,29.79
SBA,10/4/2025 20:05,29.79
SBA,10/4/2025 20:10,29.79
SBA,10/4/2025 20:15,29.79
SBA,10/4/2025 20:20,29.79
SBA,10/4/2025 20:25,29.79
SBA,10/4/2025 20:30,29.79
SBA,10/4/2025 20:35,29.79
SBA,10/4/2025 20:40,29.8
SBA,10/4/2025 20:45,29.79
SBA,10/4/2025 20:50,29.8
SBA,10/4/2025 20:55,29.79
SBA,10/4/2025 21:00,29.79
SBA,10/4/2025 21:05,29.79
SBA,10/4/2025 21:10,29.79
SBA,10/4/2025 21:15,29.79
SBA,10/4/2025 21:20,29.79
SBA,10/4/2025 21:25,29.79
SBA,10/4/2025 21:30,29.79
SBA,10/4/2025 21:35,29.79
SBA,10/4/2025 21:40,29.79
SBA,10/4/2025 21:45,29.79
SBA,10/4/2025 21:50,29.8
SBA,10/4/2025 21:55,29.8
SBA,10/4/2025 22:00,29.8
SBA,10/4/2025 22:05,29.8
SBA,10/4/2025 22:10,29.79
SBA,10/4/2025 22:15,29.79
SBA,10/4/2025 22:20,29.79
SBA,10/4/2025 22:25,29.79
SBA,10/4/2025 22:30,29.79
SBA,10/4/2025 22:35,29.79
SBA,10/4/2025 22:40,29.8
SBA,10/4/2025 22:45,29.79
SBA,10/4/2025 22:50,29.79
SBA,10/4/2025 22:55,29.79
SBA,10/4/2025 23:00,29.79
SBA,10/4/2025 23:05,29.79
SBA,10/4/2025 23:10,29.79
SBA,10/4/2025 23:15,29.79
SBA,10/4/2025 23:20,29.79
SBA,10/4/2025 23:25,29.79
SBA,10/4/2025 23:30,29.78
SBA,10/4/2025 23:35,29.78
SBA,10/4/2025 23:40,29.79
SBA,10/4/2025 23:45,29.79
SBA,10/4/2025 23:50,29.79
SBA,10/4/2025 23:55,29.79
SBA,10/5/2025 0:00,29.79
SBA,10/5/2025 0:05,29.79
SBA,10/5/2025 0:10,29.79
SBA,10/5/2025 0:15,29.79
SBA,10/5/2025 0:20,29.79
SBA,10/5/2025 0:25,29.79
SBA,10/5/2025 0:30,29.79
SBA,10/5/2025 0:35,29.79
SBA,10/5/2025 0:40,29.79
SBA,10/5/2025 0:45,29.79
SBA,10/5/2025 0:50,29.78
SBA,10/5/2025 0:55,29.79
SBA,10/5/2025 1:00,29.79
SBA,10/5/2025 1:05,29.79
SBA,10/5/2025 1:10,29.79
SBA,10/5/2025 1:15,29.79
SBA,10/5/2025 1:20,29.79
SBA,10/5/2025 1:25,29.79
SBA,10/5/2025 1:30,29.79
SBA,10/5/2025 1:35,29.79
SBA,10/5/2025 1:40,29.79
SBA,10/5/2025 1:45,29.79
SBA,10/5/2025 1:50,29.79
SBA,10/5/2025 1:55,29.79
SBA,10/5/2025 2:00,29.79
SBA,10/5/2025 2:05,29.79
SBA,10/5/2025 2:10,29.79
SBA,10/5/2025 2:15,29.79
SBA,10/5/2025 2:20,29.79
SBA,10/5/2025 2:25,29.79
SBA,10/5/2025 2:30,29.78
SBA,10/5/2025 2:35,29.78
SBA,10/5/2025 2:40,29.78
SBA,10/5/2025 2:45,29.78
SBA,10/5/2025 2:50,29.78
SBA,10/5/2025 2:55,29.78
SBA,10/5/2025 3:00,29.78
SBA,10/5/2025 3:05,29.78
SBA,10/5/2025 3:10,29.78
SBA,10/5/2025 3:15,29.78
SBA,10/5/2025 3:20,29.78
SBA,10/5/2025 3:25,29.78
SBA,10/5/2025 3:30,29.78
SBA,10/5/2025 3:35,29.78
SBA,10/5/2025 3:40,29.78
SBA,10/5/2025 3:45,29.78
SBA,10/5/2025 3:50,29.78
SBA,10/5/2025 3:55,29.78
SBA,10/5/2025 4:00,29.78
SBA,10/5/2025 4:05,29.78
SBA,10/5/2025 4:10,29.78
SBA,10/5/2025 4:15,29.78
SBA,10/5/2025 4:20,29.78
SBA,10/5/2025 4:25,29.77
SBA,10/5/2025 4:30,29.78
SBA,10/5/2025 4:35,29.78
SBA,10/5/2025 4:40,29.78
SBA,10/5/2025 4:45,29.78
SBA,10/5/2025 4:50,29.78
SBA,10/5/2025 4:55,29.78
SBA,10/5/2025 5:00,29.78
SBA,10/5/2025 5:05,29.78
SBA,10/5/2025 5:10,29.78
SBA,10/5/2025 5:15,29.78
SBA,10/5/2025 5:20,29.78
SBA,10/5/2025 5:25,29.78
SBA,10/5/2025 5:30,29.78
SBA,10/5/2025 5:35,29.78
SBA,10/5/2025 5:40,29.78
SBA,10/5/2025 5:45,29.78
SBA,10/5/2025 5:50,29.78
SBA,10/5/2025 5:55,29.79
SBA,10/5/2025 6:00,29.79
SBA,10/5/2025 6:05,29.79
SBA,10/5/2025 6:10,29.79
SBA,10/5/2025 6:15,29.79
SBA,10/5/2025 6:20,29.79
SBA,10/5/2025 6:25,29.79
SBA,10/5/2025 6:30,29.79
SBA,10/5/2025 6:35,29.79
SBA,10/5/2025 6:40,29.79
SBA,10/5/2025 6:45,29.79
SBA,10/5/2025 6:50,29.79
SBA,10/5/2025 6:55,29.79
SBA,10/5/2025 7:00,29.79
SBA,10/5/2025 7:05,29.79
SBA,10/5/2025 7:10,29.8
SBA,10/5/2025 7:15,29.8
SBA,10/5/2025 7:20,29.8
SBA,10/5/2025 7:25,29.8
SBA,10/5/2025 7:30,29.8
SBA,10/5/2025 7:35,29.8
SBA,10/5/2025 7:40,29.8
SBA,10/5/2025 7:45,29.81
SBA,10/5/2025 7:50,29.81
SBA,10/5/2025 7:55,29.81
SBA,10/5/2025 8:00,29.81
SBA,10/5/2025 8:05,29.81
SBA,10/5/2025 8:10,29.82
SBA,10/5/2025 8:15,29.82
SBA,10/5/2025 8:20,29.82
SBA,10/5/2025 8:25,29.82
SBA,10/5/2025 8:30,29.82
SBA,10/5/2025 8:35,29.82
SBA,10/5/2025 8:40,29.82
SBA,10/5/2025 8:45,29.82
SBA,10/5/2025 8:50,29.83
SBA,10/5/2025 8:55,29.83
SBA,10/5/2025 9:00,29.83
SBA,10/5/2025 9:05,29.83
SBA,10/5/2025 9:10,29.83
SBA,10/5/2025 9:15,29.83
SBA,10/5/2025 9:20,29.83
SBA,10/5/2025 9:25,29.83
SBA,10/5/2025 9:30,29.83
SBA,10/5/2025 9:35,29.83
SBA,10/5/2025 9:40,29.83
SBA,10/5/2025 9:45,29.83
SBA,10/5/2025 9:50,29.83
SBA,10/5/2025 9:55,29.83
SBA,10/5/2025 10:00,29.83
SBA,10/5/2025 10:05,29.83
SBA,10/5/2025 10:10,29.83
SBA,10/5/2025 10:15,29.83
SBA,10/5/2025 10:20,29.83
SBA,10/5/2025 10:25,29.83
SBA,10/5/2025 10:30,29.83
SBA,10/5/2025 10:35,29.83
SBA,10/5/2025 10:40,29.83
SBA,10/5/2025 10:45,29.83
SBA,10/5/2025 10:50,29.83
SBA,10/5/2025 10:55,29.83
SBA,10/5/2025 11:00,29.83
SBA,10/5/2025 11:05,29.83
SBA,10/5/2025 11:10,29.83
SBA,10/5/2025 11:15,29.82
SBA,10/5/2025 11:20,29.82
SBA,10/5/2025 11:25,29.82
SBA,10/5/2025 11:30,29.82
SBA,10/5/2025 11:35,29.82
SBA,10/5/2025 11:40,29.82
SBA,10/5/2025 11:45,29.82
SBA,10/5/2025 11:50,29.82
SBA,10/5/2025 11:55,29.82
SBA,10/5/2025 12:00,29.82
SBA,10/5/2025 12:05,29.82
SBA,10/5/2025 12:10,29.81
SBA,10/5/2025 12:15,29.81
SBA,10/5/2025 12:20,29.81
SBA,10/5/2025 12:25,29.81
SBA,10/5/2025 12:30,29.81
SBA,10/5/2025 12:35,29.81
SBA,10/5/2025 12:40,29.81
SBA,10/5/2025 12:45,29.8
SBA,10/5/2025 12:50,29.8
SBA,10/5/2025 12:55,29.8
SBA,10/5/2025 13:00,29.8
SBA,10/5/2025 13:05,29.8
SBA,10/5/2025 13:10,29.79
SBA,10/5/2025 13:15,29.79
SBA,10/5/2025 13:20,29.79
SBA,10/5/2025 13:25,29.79
SBA,10/5/2025 13:30,29.79
SBA,10/5/2025 13:35,29.78
SBA,10/5/2025 13:40,29.78
SBA,10/5/2025 13:45,29.78
SBA,10/5/2025 13:50,29.78
SBA,10/5/2025 13:55,29.78
SBA,10/5/2025 14:00,29.78
SBA,10/5/2025 14:05,29.78
SBA,10/5/2025 14:10,29.77
SBA,10/5/2025 14:15,29.77
SBA,10/5/2025 14:20,29.77
SBA,10/5/2025 14:25,29.77
SBA,10/5/2025 14:30,29.77
SBA,10/5/2025 14:35,29.77
SBA,10/5/2025 14:40,29.77
SBA,10/5/2025 14:45,29.77
SBA,10/5/2025 14:50,29.77
SBA,10/5/2025 14:55,29.76
SBA,10/5/2025 15:00,29.76
SBA,10/5/2025 15:05,29.76
SBA,10/5/2025 15:10,29.76
SBA,10/5/2025 15:15,29.76
SBA,10/5/2025 15:20,29.76
SBA,10/5/2025 15:25,29.76
SBA,10/5/2025 15:30,29.76
SBA,10/5/2025 15:35,29.76
SBA,10/5/2025 15:40,29.76
SBA,10/5/2025 15:45,29.76
SBA,10/5/2025 15:50,29.76
SBA,10/5/2025 15:55,29.76
SBA,10/5/2025 16:00,29.76
SBA,10/5/2025 16:05,29.76
SBA,10/5/2025 16:10,29.76
SBA,10/5/2025 16:15,29.76
SBA,10/5/2025 16:20,29.76
SBA,10/5/2025 16:25,29.76
SBA,10/5/2025 16:30,29.76
SBA,10/5/2025 16:35,29.75
SBA,10/5/2025 16:40,29.75
SBA,10/5/2025 16:45,29.75
SBA,10/5/2025 16:50,29.75
SBA,10/5/2025 16:55,29.75
SBA,10/5/2025 17:00,29.75
SBA,10/5/2025 17:05,29.75
SBA,10/5/2025 17:10,29.75
SBA,10/5/2025 17:15,29.75
SBA,10/5/2025 17:20,29.75
SBA,10/5/2025 17:25,29.75
SBA,10/5/2025 17:30,29.75
SBA,10/5/2025 17:35,29.75
SBA,10/5/2025 17:40,29.75
SBA,10/5/2025 17:45,29.75
SBA,10/5/2025 17:50,29.75
SBA,10/5/2025 17:55,29.75
SBA,10/5/2025 18:00,29.75
SBA,10/5/2025 18:05,29.75
SBA,10/5/2025 18:10,29.75
SBA,10/5/2025 18:15,29.75
SBA,10/5/2025 18:20,29.75
SBA,10/5/2025 18:25,29.75
SBA,10/5/2025 18:30,29.75
SBA,10/5/2025 18:35,29.75
SBA,10/5/2025 18:40,29.75
SBA,10/5/2025 18:45,29.75
SBA,10/5/2025 18:50,29.75
SBA,10/5/2025 18:55,29.75
SBA,10/5/2025 19:00,29.75
SBA,10/5/2025 19:05,29.75
SBA,10/5/2025 19:10,29.75
SBA,10/5/2025 19:15,29.75
SBA,10/5/2025 19:20,29.75
SBA,10/5/2025 19:25,29.75
SBA,10/5/2025 19:30,29.75
SBA,10/5/2025 19:35,29.75
SBA,10/5/2025 19:40,29.75
SBA,10/5/2025 19:45,29.75
SBA,10/5/2025 19:50,29.75
SBA,10/5/2025 19:55,29.75
SBA,10/5/2025 20:00,29.75
SBA,10/5/2025 20:05,29.76
SBA,10/5/2025 20:10,29.76
SBA,10/5/2025 20:15,29.76
SBA,10/5/2025 20:20,29.76
SBA,10/5/2025 20:25,29.76
SBA,10/5/2025 20:30,29.76
SBA,10/5/2025 20:35,29.76
SBA,10/5/2025 20:40,29.76
SBA,10/5/2025 20:45,29.76
SBA,10/5/2025 20:50,29.76
SBA,10/5/2025 20:55,29.77
SBA,10/5/2025 21:00,29.77
SBA,10/5/2025 21:05,29.77
SBA,10/5/2025 21:10,29.77
SBA,10/5/2025 21:15,29.77
SBA,10/5/2025 21:20,29.77
SBA,10/5/2025 21:25,29.77
SBA,10/5/2025 21:30,29.77
SBA,10/5/2025 21:35,29.77
SBA,10/5/2025 21:40,29.77
SBA,10/5/2025 21:45,29.78
SBA,10/5/2025 21:50,29.78
SBA,10/5/2025 21:55,29.78
SBA,10/5/2025 22:00,29.78
SBA,10/5/2025 22:05,29.78
SBA,10/5/2025 22:10,29.78
SBA,10/5/2025 22:15,29.78
SBA,10/5/2025 22:20,29.78
SBA,10/5/2025 22:25,29.79
SBA,10/5/2025 22:30,29.79
SBA,10/5/2025 22:35,29.79
SBA,10/5/2025 22:40,29.79
SBA,10/5/2025 22:45,29.79
SBA,10/5/2025 22:50,29.79
SBA,10/5/2025 22:55,29.79
SBA,10/5/2025 23:00,29.79
SBA,10/5/2025 23:05,29.79
SBA,10/5/2025 23:10,29.79
SBA,10/5/2025 23:15,29.79
SBA,10/5/2025 23:20,29.79
SBA,10/5/2025 23:25,29.79
SBA,10/5/2025 23:30,29.8
SBA,10/5/2025 23:35,29.8
SBA,10/5/2025 23:40,29.8
SBA,10/5/2025 23:45,29.8
SBA,10/5/2025 23:50,29.8
SBA,10/5/2025 23:55,29.8
SBA,10/6/2025 0:00,29.8
SBA,10/6/2025 0:05,29.8
SBA,10/6/2025 0:10,29.8
SBA,10/6/2025 0:15,29.8
SBA,10/6/2025 0:20,29.8
SBA,10/6/2025 0:25,29.8
SBA,10/6/2025 0:30,29.8
SBA,10/6/2025 0:35,29.8
SBA,10/6/2025 0:40,29.8
SBA,10/6/2025 0:45,29.8
SBA,10/6/2025 0:50,29.8
SBA,10/6/2025 0:55,29.8
SBA,10/6/2025 1:00,29.8
SBA,10/6/2025 1:05,29.8
SBA,10/6/2025 1:10,29.8
SBA,10/6/2025 1:15,29.8
SBA,10/6/2025 1:20,29.8
SBA,10/6/2025 1:25,29.8
SBA,10/6/2025 1:30,29.8
SBA,10/6/2025 1:35,29.8
SBA,10/6/2025 1:40,29.8
SBA,10/6/2025 1:45,29.8
SBA,10/6/2025 1:50,29.8
SBA,10/6/2025 1:55,29.8
SBA,10/6/2025 2:00,29.8
SBA,10/6/2025 2:05,29.8
SBA,10/6/2025 2:10,29.8
SBA,10/6/2025 2:15,29.8
SBA,10/6/2025 2:20,29.8
SBA,10/6/2025 2:25,29.8
SBA,10/6/2025 2:30,29.8
SBA,10/6/2025 2:35,29.8
SBA,10/6/2025 2:40,29.8
SBA,10/6/2025 2:45,29.8
SBA,10/6/2025 2:50,29.79
SBA,10/6/2025 2:55,29.79
SBA,10/6/2025 3:00,29.79
SBA,10/6/2025 3:05,29.79
SBA,10/6/2025 3:10,29.79
SBA,10/6/2025 3:15,29.79
SBA,10/6/2025 3:20,29.79
SBA,10/6/2025 3:25,29.79
SBA,10/6/2025 3:30,29.79
SBA,10/6/2025 3:35,29.79
SBA,10/6/2025 3:40,29.78
SBA,10/6/2025 3:45,29.78
SBA,10/6/2025 3:50,29.78
SBA,10/6/2025 3:55,29.78
SBA,10/6/2025 4:00,29.78
SBA,10/6/2025 4:05,29.78
SBA,10/6/2025 4:10,29.78
SBA,10/6/2025 4:15,29.78
SBA,10/6/2025 4:20,29.78
SBA,10/6/2025 4:25,29.78
SBA,10/6/2025 4:30,29.78
SBA,10/6/2025 4:35,29.78
SBA,10/6/2025 4:40,29.78
SBA,10/6/2025 4:45,29.78
SBA,10/6/2025 4:50,29.78
SBA,10/6/2025 4:55,29.79
SBA,10/6/2025 5:00,29.79
SBA,10/6/2025 5:05,29.79
SBA,10/6/2025 5:10,29.79
SBA,10/6/2025 5:15,29.79
SBA,10/6/2025 5:20,29.79
SBA,10/6/2025 5:25,29.79
SBA,10/6/2025 5:30,29.79
SBA,10/6/2025 5:35,29.79
SBA,10/6/2025 5:40,29.8
SBA,10/6/2025 5:45,29.8
SBA,10/6/2025 5:50,29.8
SBA,10/6/2025 5:55,29.8
SBA,10/6/2025 6:00,29.8
SBA,10/6/2025 6:05,29.8
SBA,10/6/2025 6:10,29.81
SBA,10/6/2025 6:15,29.81
SBA,10/6/2025 6:20,29.81
SBA,10/6/2025 6:25,29.81
SBA,10/6/2025 6:30,29.81
SBA,10/6/2025 6:35,29.81
SBA,10/6/2025 6:40,29.81
SBA,10/6/2025 6:45,29.82
SBA,10/6/2025 6:50,29.82
SBA,10/6/2025 6:55,29.82
SBA,10/6/2025 7:00,29.82
SBA,10/6/2025 7:05,29.82
SBA,10/6/2025 7:10,29.82
SBA,10/6/2025 7:15,29.82
SBA,10/6/2025 7:20,29.82
SBA,10/6/2025 7:25,29.82
SBA,10/6/2025 7:30,29.82
SBA,10/6/2025 7:35,29.83
SBA,10/6/2025 7:40,29.83
SBA,10/6/2025 7:45,29.83
SBA,10/6/2025 7:50,29.83
SBA,10/6/2025 7:55,29.83
SBA,10/6/2025 8:00,29.83
SBA,10/6/2025 8:05,29.83
SBA,10/6/2025 8:10,29.83
SBA,10/6/2025 8:15,29.83
SBA,10/6/2025 8:20,29.84
SBA,10/6/2025 8:25,29.84
SBA,10/6/2025 8:30,29.84
SBA,10/6/2025 8:35,29.84
SBA,10/6/2025 8:40,29.84
SBA,10/6/2025 8:45,29.84
SBA,10/6/2025 8:50,29.84
SBA,10/6/2025 8:55,29.84
SBA,10/6/2025 9:00,29.84
SBA,10/6/2025 9:05,29.85
SBA,10/6/2025 9:10,29.85
SBA,10/6/2025 9:15,29.85
SBA,10/6/2025 9:20,29.85
SBA,10/6/2025 9:25,29.85
SBA,10/6/2025 9:30,29.85
SBA,10/6/2025 9:35,29.85
SBA,10/6/2025 9:40,29.85
SBA,10/6/2025 9:45,29.85
SBA,10/6/2025 9:50,29.85
SBA,10/6/2025 9:55,29.85
SBA,10/6/2025 10:00,29.85
SBA,10/6/2025 10:05,29.85
SBA,10/6/2025 10:10,29.85
SBA,10/6/2025 10:15,29.85
SBA,10/6/2025 10:20,29.85
SBA,10/6/2025 10:25,29.85
SBA,10/6/2025 10:30,29.85
SBA,10/6/2025 10:35,29.85
SBA,10/6/2025 10:40,29.85
SBA,10/6/2025 10:45,29.85
SBA,10/6/2025 10:50,29.85
SBA,10/6/2025 10:55,29.85
SBA,10/6/2025 11:00,29.85
SBA,10/6/2025 11:05,29.85
SBA,10/6/2025 11:10,29.85
SBA,10/6/2025 11:15,29.85
SBA,10/6/2025 11:20,29.85
SBA,10/6/2025 11:25,29.85
SBA,10/6/2025 11:30,29.85
SBA,10/6/2025 11:35,29.85
SBA,10/6/2025 11:40,29.85
SBA,10/6/2025 11:45,29.85
SBA,10/6/2025 11:50,29.85
SBA,10/6/2025 11:55,29.85
SBA,10/6/2025 12:00,29.84
SBA,10/6/2025 12:05,29.84
SBA,10/6/2025 12:10,29.84
SBA,10/6/2025 12:15,29.84
SBA,10/6/2025 12:20,29.84
SBA,10/6/2025 12:25,29.84
SBA,10/6/2025 12:30,29.84
SBA,10/6/2025 12:35,29.84
SBA,10/6/2025 12:40,29.84
SBA,10/6/2025 12:45,29.84
SBA,10/6/2025 12:50,29.84
SBA,10/6/2025 12:55,29.84
SBA,10/6/2025 13:00,29.84
SBA,10/6/2025 13:05,29.84
SBA,10/6/2025 13:10,29.83
SBA,10/6/2025 13:15,29.83
SBA,10/6/2025 13:20,29.83
SBA,10/6/2025 13:25,29.83
SBA,10/6/2025 13:30,29.83
SBA,10/6/2025 13:35,29.83
SBA,10/6/2025 13:40,29.83
SBA,10/6/2025 13:45,29.83
SBA,10/6/2025 13:50,29.83
SBA,10/6/2025 13:55,29.82
SBA,10/6/2025 14:00,29.82
SBA,10/6/2025 14:05,29.82
SBA,10/6/2025 14:10,29.82
SBA,10/6/2025 14:15,29.82
SBA,10/6/2025 14:20,29.82
SBA,10/6/2025 14:25,29.82
SBA,10/6/2025 14:30,29.82
SBA,10/6/2025 14:35,29.82
SBA,10/6/2025 14:40,29.81
SBA,10/6/2025 14:45,29.81
SBA,10/6/2025 14:50,29.81
SBA,10/6/2025 14:55,29.81
SBA,10/6/2025 15:00,29.81
SBA,10/6/2025 15:05,29.81
SBA,10/6/2025 15:10,29.81
SBA,10/6/2025 15:15,29.81
SBA,10/6/2025 15:20,29.81
SBA,10/6/2025 15:25,29.81
SBA,10/6/2025 15:30,29.81
SBA,10/6/2025 15:35,29.81
SBA,10/6/2025 15:40,29.81
SBA,10/6/2025 15:45,29.81
SBA,10/6/2025 15:50,29.81
SBA,10/6/2025 15:55,29.8
SBA,10/6/2025 16:00,29.8
SBA,10/6/2025 16:05,29.8
SBA,10/6/2025 16:10,29.8
SBA,10/6/2025 16:15,29.8
SBA,10/6/2025 16:20,29.8
SBA,10/6/2025 16:25,29.8
SBA,10/6/2025 16:30,29.8
SBA,10/6/2025 16:35,29.8
SBA,10/6/2025 16:40,29.8
SBA,10/6/2025 16:45,29.8
SBA,10/6/2025 16:50,29.8
SBA,10/6/2025 16:55,29.8
SBA,10/6/2025 17:00,29.8
SBA,10/6/2025 17:05,29.8
SBA,10/6/2025 17:10,29.8
SBA,10/6/2025 17:15,29.8
SBA,10/6/2025 17:20,29.8
SBA,10/6/2025 17:25,29.8
SBA,10/6/2025 17:30,29.8
SBA,10/6/2025 17:35,29.8
SBA,10/6/2025 17:40,29.8
SBA,10/6/2025 17:45,29.8
SBA,10/6/2025 17:50,29.8
SBA,10/6/2025 17:55,29.8
SBA,10/6/2025 18:00,29.8
SBA,10/6/2025 18:05,29.8
SBA,10/6/2025 18:10,29.81
SBA,10/6/2025 18:15,29.81
SBA,10/6/2025 18:20,29.81
SBA,10/6/2025 18:25,29.81
SBA,10/6/2025 18:30,29.81
SBA,10/6/2025 18:35,29.81
SBA,10/6/2025 18:40,29.81
SBA,10/6/2025 18:45,29.81
SBA,10/6/2025 18:50,29.81
SBA,10/6/2025 18:55,29.81
SBA,10/6/2025 19:00,29.81
SBA,10/6/2025 19:05,29.81
SBA,10/6/2025 19:10,29.81
SBA,10/6/2025 19:15,29.81
SBA,10/6/2025 19:20,29.81
SBA,10/6/2025 19:25,29.81
SBA,10/6/2025 19:30,29.81
SBA,10/6/2025 19:35,29.81
SBA,10/6/2025 19:40,29.81
SBA,10/6/2025 19:45,29.81
SBA,10/6/2025 19:50,29.81
SBA,10/6/2025 19:55,29.81
SBA,10/6/2025 20:00,29.82
SBA,10/6/2025 20:05,29.82
SBA,10/6/2025 20:10,29.82
SBA,10/6/2025 20:15,29.82
SBA,10/6/2025 20:20,29.82
SBA,10/6/2025 20:25,29.82
SBA,10/6/2025 20:30,29.82
SBA,10/6/2025 20:35,29.83
SBA,10/6/2025 20:40,29.83
SBA,10/6/2025 20:45,29.83
SBA,10/6/2025 20:50,29.83
SBA,10/6/2025 20:55,29.84
SBA,10/6/2025 21:00,29.84
SBA,10/6/2025 21:05,29.84
SBA,10/6/2025 21:10,29.84
SBA,10/6/2025 21:15,29.84
SBA,10/6/2025 21:20,29.84
SBA,10/6/2025 21:25,29.84
SBA,10/6/2025 21:30,29.84
SBA,10/6/2025 21:35,29.84
SBA,10/6/2025 21:40,29.85
SBA,10/6/2025 21:45,29.85
SBA,10/6/2025 21:50,29.85
SBA,10/6/2025 21:55,29.85
SBA,10/6/2025 22:00,29.85
SBA,10/6/2025 22:05,29.85
SBA,10/6/2025 22:10,29.85
SBA,10/6/2025 22:15,29.85
SBA,10/6/2025 22:20,29.85
SBA,10/6/2025 22:25,29.85
SBA,10/6/2025 22:30,29.85
SBA,10/6/2025 22:35,29.85
SBA,10/6/2025 22:40,29.85
SBA,10/6/2025 22:45,29.85
SBA,10/6/2025 22:50,29.85
SBA,10/6/2025 22:55,29.85
SBA,10/6/2025 23:00,29.85
SBA,10/6/2025 23:05,29.85
SBA,10/6/2025 23:10,29.86
SBA,10/6/2025 23:15,29.86
SBA,10/6/2025 23:20,29.86
SBA,10/6/2025 23:25,29.86
SBA,10/6/2025 23:30,29.85
SBA,10/6/2025 23:35,29.86
SBA,10/6/2025 23:40,29.86
SBA,10/6/2025 23:45,29.86
SBA,10/6/2025 23:50,29.86
SBA,10/6/2025 23:55,29.86
SBA,10/7/2025 0:00,29.86
SBA,10/7/2025 0:05,29.86
SBA,10/7/2025 0:10,29.86
SBA,10/7/2025 0:15,29.86
SBA,10/7/2025 0:20,29.86
SBA,10/7/2025 0:25,29.86
SBA,10/7/2025 0:30,29.86
SBA,10/7/2025 0:35,29.86
SBA,10/7/2025 0:40,29.86
SBA,10/7/2025 0:45,29.86
SBA,10/7/2025 0:50,29.86
SBA,10/7/2025 0:55,29.86
SBA,10/7/2025 1:00,29.86
SBA,10/7/2025 1:05,29.86
SBA,10/7/2025 1:10,29.86
SBA,10/7/2025 1:15,29.86
SBA,10/7/2025 1:20,29.86
SBA,10/7/2025 1:25,29.86
SBA,10/7/2025 1:30,29.86
SBA,10/7/2025 1:35,29.86
SBA,10/7/2025 1:40,29.86
SBA,10/7/2025 1:45,29.86
SBA,10/7/2025 1:50,29.86
SBA,10/7/2025 1:55,29.86
SBA,10/7/2025 2:00,29.86
SBA,10/7/2025 2:05,29.86
SBA,10/7/2025 2:10,29.86
SBA,10/7/2025 2:15,29.86
SBA,10/7/2025 2:20,29.86
SBA,10/7/2025 2:25,29.85
SBA,10/7/2025 2:30,29.85
SBA,10/7/2025 2:35,29.85
SBA,10/7/2025 2:40,29.85
SBA,10/7/2025 2:45,29.85
SBA,10/7/2025 2:50,29.85
SBA,10/7/2025 2:55,29.85
SBA,10/7/2025 3:00,29.85
SBA,10/7/2025 3:05,29.85
SBA,10/7/2025 3:10,29.85
SBA,10/7/2025 3:15,29.85
SBA,10/7/2025 3:20,29.85
SBA,10/7/2025 3:25,29.85
SBA,10/7/2025 3:30,29.85
SBA,10/7/2025 3:35,29.85
SBA,10/7/2025 3:40,29.85
SBA,10/7/2025 3:45,29.85
SBA,10/7/2025 3:50,29.85
SBA,10/7/2025 3:55,29.85
SBA,10/7/2025 4:00,29.84
SBA,10/7/2025 4:05,29.84
SBA,10/7/2025 4:10,29.84
SBA,10/7/2025 4:15,29.85
SBA,10/7/2025 4:20,29.85
SBA,10/7/2025 4:25,29.84
SBA,10/7/2025 4:30,29.84
SBA,10/7/2025 4:35,29.84
SBA,10/7/2025 4:40,29.84
SBA,10/7/2025 4:45,29.84
SBA,10/7/2025 4:50,29.85
SBA,10/7/2025 4:55,29.85
SBA,10/7/2025 5:00,29.85
SBA,10/7/2025 5:05,29.85
SBA,10/7/2025 5:10,29.85
SBA,10/7/2025 5:15,29.85
SBA,10/7/2025 5:20,29.85
SBA,10/7/2025 5:25,29.85
SBA,10/7/2025 5:30,29.85
SBA,10/7/2025 5:35,29.85
SBA,10/7/2025 5:40,29.85
SBA,10/7/2025 5:45,29.85
SBA,10/7/2025 5:50,29.85
SBA,10/7/2025 5:55,29.85
SBA,10/7/2025 6:00,29.85
SBA,10/7/2025 6:05,29.85
SBA,10/7/2025 6:10,29.85
SBA,10/7/2025 6:15,29.85
SBA,10/7/2025 6:20,29.85
SBA,10/7/2025 6:25,29.85
SBA,10/7/2025 6:30,29.86
SBA,10/7/2025 6:35,29.85
SBA,10/7/2025 6:40,29.85
SBA,10/7/2025 6:45,29.85
SBA,10/7/2025 6:50,29.85
SBA,10/7/2025 6:55,29.85
SBA,10/7/2025 7:00,29.85
SBA,10/7/2025 7:05,29.85
SBA,10/7/2025 7:10,29.85
SBA,10/7/2025 7:15,29.85
SBA,10/7/2025 7:20,29.85
SBA,10/7/2025 7:25,29.85
SBA,10/7/2025 7:30,29.86
SBA,10/7/2025 7:35,29.86
SBA,10/7/2025 7:40,29.86
SBA,10/7/2025 7:45,29.86
SBA,10/7/2025 7:50,29.87
SBA,10/7/2025 7:55,29.87
SBA,10/7/2025 8:00,29.87
SBA,10/7/2025 8:05,29.87
SBA,10/7/2025 8:10,29.87
SBA,10/7/2025 8:15,29.87
SBA,10/7/2025 8:20,29.88
SBA,10/7/2025 8:25,29.88
SBA,10/7/2025 8:30,29.88
SBA,10/7/2025 8:35,29.88
SBA,10/7/2025 8:40,29.89
SBA,10/7/2025 8:45,29.89
SBA,10/7/2025 8:50,29.89
SBA,10/7/2025 8:55,29.89
SBA,10/7/2025 9:00,29.89
SBA,10/7/2025 9:05,29.89
SBA,10/7/2025 9:10,29.89
SBA,10/7/2025 9:15,29.89
SBA,10/7/2025 9:20,29.9
SBA,10/7/2025 9:25,29.9
SBA,10/7/2025 9:30,29.9
SBA,10/7/2025 9:35,29.9
SBA,10/7/2025 9:40,29.9
SBA,10/7/2025 9:45,29.9
SBA,10/7/2025 9:50,29.9
SBA,10/7/2025 9:55,29.9
SBA,10/7/2025 10:00,29.9
SBA,10/7/2025 10:05,29.91
SBA,10/7/2025 10:10,29.91
SBA,10/7/2025 10:15,29.91
SBA,10/7/2025 10:20,29.91
SBA,10/7/2025 10:25,29.91
SBA,10/7/2025 10:30,29.91
SBA,10/7/2025 10:35,29.91
SBA,10/7/2025 10:40,29.91
SBA,10/7/2025 10:45,29.91
SBA,10/7/2025 10:50,29.91
SBA,10/7/2025 10:55,29.91
SBA,10/7/2025 11:00,29.91
SBA,10/7/2025 11:05,29.91
SBA,10/7/2025 11:10,29.91
SBA,10/7/2025 11:15,29.91
SBA,10/7/2025 11:20,29.91
SBA,10/7/2025 11:25,29.91
SBA,10/7/2025 11:30,29.9
SBA,10/7/2025 11:35,29.9
SBA,10/7/2025 11:40,29.9
SBA,10/7/2025 11:45,29.9
SBA,10/7/2025 11:50,29.9
SBA,10/7/2025 11:55,29.9
SBA,10/7/2025 12:00,29.9
SBA,10/7/2025 12:05,29.9
SBA,10/7/2025 12:10,29.9
SBA,10/7/2025 12:15,29.9
SBA,10/7/2025 12:20,29.89
SBA,10/7/2025 12:25,29.89
SBA,10/7/2025 12:30,29.89
SBA,10/7/2025 12:35,29.89
SBA,10/7/2025 12:40,29.89
SBA,10/7/2025 12:45,29.89
SBA,10/7/2025 12:50,29.89
SBA,10/7/2025 12:55,29.89
SBA,10/7/2025 13:00,29.89
SBA,10/7/2025 13:05,29.88
SBA,10/7/2025 13:10,29.88
SBA,10/7/2025 13:15,29.88
SBA,10/7/2025 13:20,29.88
SBA,10/7/2025 13:25,29.88
SBA,10/7/2025 13:30,29.88
SBA,10/7/2025 13:35,29.88
SBA,10/7/2025 13:40,29.88
SBA,10/7/2025 13:45,29.88
SBA,10/7/2025 13:50,29.88
SBA,10/7/2025 13:55,29.88
SBA,10/7/2025 14:00,29.87
SBA,10/7/2025 14:05,29.87
SBA,10/7/2025 14:10,29.87
SBA,10/7/2025 14:15,29.87
SBA,10/7/2025 14:20,29.87
SBA,10/7/2025 14:25,29.87
SBA,10/7/2025 14:30,29.87
SBA,10/7/2025 14:35,29.87
SBA,10/7/2025 14:40,29.87
SBA,10/7/2025 14:45,29.87
SBA,10/7/2025 14:50,29.87
SBA,10/7/2025 14:55,29.87
SBA,10/7/2025 15:00,29.87
SBA,10/7/2025 15:05,29.87
SBA,10/7/2025 15:10,29.86
SBA,10/7/2025 15:15,29.86
SBA,10/7/2025 15:20,29.86
SBA,10/7/2025 15:25,29.86
SBA,10/7/2025 15:30,29.86
SBA,10/7/2025 15:35,29.86
SBA,10/7/2025 15:40,29.86
SBA,10/7/2025 15:45,29.86
SBA,10/7/2025 15:50,29.86
SBA,10/7/2025 15:55,29.86
SBA,10/7/2025 16:00,29.86
SBA,10/7/2025 16:05,29.86
SBA,10/7/2025 16:10,29.86
SBA,10/7/2025 16:15,29.86
SBA,10/7/2025 16:20,29.86
SBA,10/7/2025 16:25,29.85
SBA,10/7/2025 16:30,29.85
SBA,10/7/2025 16:35,29.85
SBA,10/7/2025 16:40,29.85
SBA,10/7/2025 16:45,29.85
SBA,10/7/2025 16:50,29.85
SBA,10/7/2025 16:55,29.85
SBA,10/7/2025 17:00,29.85
SBA,10/7/2025 17:05,29.85
SBA,10/7/2025 17:10,29.85
SBA,10/7/2025 17:15,29.85
SBA,10/7/2025 17:20,29.85
SBA,10/7/2025 17:25,29.85
SBA,10/7/2025 17:30,29.85
SBA,10/7/2025 17:35,29.85
SBA,10/7/2025 17:40,29.85
SBA,10/7/2025 17:45,29.85
SBA,10/7/2025 17:50,29.85
SBA,10/7/2025 17:55,29.85
SBA,10/7/2025 18:00,29.85
SBA,10/7/2025 18:05,29.85
SBA,10/7/2025 18:10,29.85
SBA,10/7/2025 18:15,29.85
SBA,10/7/2025 18:20,29.85
SBA,10/7/2025 18:25,29.85
SBA,10/7/2025 18:30,29.85
SBA,10/7/2025 18:35,29.85
SBA,10/7/2025 18:40,29.85
SBA,10/7/2025 18:45,29.85
SBA,10/7/2025 18:50,29.84
SBA,10/7/2025 18:55,29.84
SBA,10/7/2025 19:00,29.84
SBA,10/7/2025 19:05,29.84
SBA,10/7/2025 19:10,29.84
SBA,10/7/2025 19:15,29.84
SBA,10/7/2025 19:20,29.84
SBA,10/7/2025 19:25,29.84
SBA,10/7/2025 19:30,29.85
SBA,10/7/2025 19:35,29.85
SBA,10/7/2025 19:40,29.85
SBA,10/7/2025 19:45,29.85
SBA,10/7/2025 19:50,29.85
SBA,10/7/2025 19:55,29.85
SBA,10/7/2025 20:00,29.85
SBA,10/7/2025 20:05,29.86
SBA,10/7/2025 20:10,29.86
SBA,10/7/2025 20:15,29.86
SBA,10/7/2025 20:20,29.86
SBA,10/7/2025 20:25,29.87
SBA,10/7/2025 20:30,29.87
SBA,10/7/2025 20:35,29.87
SBA,10/7/2025 20:40,29.87
SBA,10/7/2025 20:45,29.88
SBA,10/7/2025 20:50,29.88
SBA,10/7/2025 20:55,29.88
SBA,10/7/2025 21:00,29.88
SBA,10/7/2025 21:05,29.88
SBA,10/7/2025 21:10,29.88
SBA,10/7/2025 21:15,29.88
SBA,10/7/2025 21:20,29.88
SBA,10/7/2025 21:25,29.88
SBA,10/7/2025 21:30,29.88
SBA,10/7/2025 21:35,29.88
SBA,10/7/2025 21:40,29.88
SBA,10/7/2025 21:45,29.89
SBA,10/7/2025 21:50,29.89
SBA,10/7/2025 21:55,29.88
SBA,10/7/2025 22:00,29.88
SBA,10/7/2025 22:05,29.88
SBA,10/7/2025 22:10,29.88
SBA,10/7/2025 22:15,29.88
SBA,10/7/2025 22:20,29.88
SBA,10/7/2025 22:25,29.88
SBA,10/7/2025 22:30,29.88
SBA,10/7/2025 22:35,29.88
SBA,10/7/2025 22:40,29.88
SBA,10/7/2025 22:45,29.88
SBA,10/7/2025 22:50,29.88
SBA,10/7/2025 22:55,29.89
SBA,10/7/2025 23:00,29.89
SBA,10/7/2025 23:05,29.89
SBA,10/7/2025 23:10,29.89
SBA,10/7/2025 23:15,29.89
SBA,10/7/2025 23:20,29.89
SBA,10/7/2025 23:25,29.89
SBA,10/7/2025 23:30,29.89
SBA,10/7/2025 23:35,29.88
SBA,10/7/2025 23:40,29.88
SBA,10/7/2025 23:45,29.88
SBA,10/7/2025 23:50,29.89
SBA,10/7/2025 23:55,29.89
SBA,10/8/2025 0:00,29.89
SBA,10/8/2025 0:05,29.89
SBA,10/8/2025 0:10,29.89
SBA,10/8/2025 0:15,29.89
SBA,10/8/2025 0:20,29.89
SBA,10/8/2025 0:25,29.89
SBA,10/8/2025 0:30,29.89
SBA,10/8/2025 0:35,29.89
SBA,10/8/2025 0:40,29.89
SBA,10/8/2025 0:45,29.89
SBA,10/8/2025 0:50,29.89
SBA,10/8/2025 0:55,29.89
SBA,10/8/2025 1:00,29.89
SBA,10/8/2025 1:05,29.89
SBA,10/8/2025 1:10,29.89
SBA,10/8/2025 1:15,29.89
SBA,10/8/2025 1:20,29.89
SBA,10/8/2025 1:25,29.89
SBA,10/8/2025 1:30,29.89
SBA,10/8/2025 1:35,29.89
SBA,10/8/2025 1:40,29.89
SBA,10/8/2025 1:45,29.89
SBA,10/8/2025 1:50,29.89
SBA,10/8/2025 1:55,29.89
SBA,10/8/2025 2:00,29.89
SBA,10/8/2025 2:05,29.89
SBA,10/8/2025 2:10,29.89
SBA,10/8/2025 2:15,29.89
SBA,10/8/2025 2:20,29.89
SBA,10/8/2025 2:25,29.89
SBA,10/8/2025 2:30,29.89
SBA,10/8/2025 2:35,29.89
SBA,10/8/2025 2:40,29.89
SBA,10/8/2025 2:45,29.88
SBA,10/8/2025 2:50,29.88
SBA,10/8/2025 2:55,29.88
SBA,10/8/2025 3:00,29.88
SBA,10/8/2025 3:05,29.88
SBA,10/8/2025 3:10,29.88
SBA,10/8/2025 3:15,29.87
SBA,10/8/2025 3:20,29.88
SBA,10/8/2025 3:25,29.88
SBA,10/8/2025 3:30,29.88
SBA,10/8/2025 3:35,29.88
SBA,10/8/2025 3:40,29.88
SBA,10/8/2025 3:45,29.88
SBA,10/8/2025 3:50,29.88
SBA,10/8/2025 3:55,29.88
SBA,10/8/2025 4:00,29.88
SBA,10/8/2025 4:05,29.88
SBA,10/8/2025 4:10,29.88
SBA,10/8/2025 4:15,29.88
SBA,10/8/2025 4:20,29.88
SBA,10/8/2025 4:25,29.88
SBA,10/8/2025 4:30,29.88
SBA,10/8/2025 4:35,29.88
SBA,10/8/2025 4:40,29.88
SBA,10/8/2025 4:45,29.88
SBA,10/8/2025 4:50,29.88
SBA,10/8/2025 4:55,29.88
SBA,10/8/2025 5:00,29.88
SBA,10/8/2025 5:05,29.88
SBA,10/8/2025 5:10,29.88
SBA,10/8/2025 5:15,29.88
SBA,10/8/2025 5:20,29.88
SBA,10/8/2025 5:25,29.88
SBA,10/8/2025 5:30,29.88
SBA,10/8/2025 5:35,29.88
SBA,10/8/2025 5:40,29.88
SBA,10/8/2025 5:45,29.88
SBA,10/8/2025 5:50,29.88
SBA,10/8/2025 5:55,29.88
SBA,10/8/2025 6:00,29.89
SBA,10/8/2025 6:05,29.89
SBA,10/8/2025 6:10,29.89
SBA,10/8/2025 6:15,29.89
SBA,10/8/2025 6:20,29.89
SBA,10/8/2025 6:25,29.89
SBA,10/8/2025 6:30,29.89
SBA,10/8/2025 6:35,29.9
SBA,10/8/2025 6:40,29.9
SBA,10/8/2025 6:45,29.9
SBA,10/8/2025 6:50,29.9
SBA,10/8/2025 6:55,29.9
SBA,10/8/2025 7:00,29.9
SBA,10/8/2025 7:05,29.9
SBA,10/8/2025 7:10,29.9
SBA,10/8/2025 7:15,29.9
SBA,10/8/2025 7:20,29.9
SBA,10/8/2025 7:25,29.9
SBA,10/8/2025 7:30,29.9
SBA,10/8/2025 7:35,29.9
SBA,10/8/2025 7:40,29.9
SBA,10/8/2025 7:45,29.9
SBA,10/8/2025 7:50,29.91
SBA,10/8/2025 7:55,29.91
SBA,10/8/2025 8:00,29.91
SBA,10/8/2025 8:05,29.91
SBA,10/8/2025 8:10,29.91
SBA,10/8/2025 8:15,29.91
SBA,10/8/2025 8:20,29.91
SBA,10/8/2025 8:25,29.91
SBA,10/8/2025 8:30,29.91
SBA,10/8/2025 8:35,29.91
SBA,10/8/2025 8:40,29.91
SBA,10/8/2025 8:45,29.91
SBA,10/8/2025 8:50,29.91
SBA,10/8/2025 8:55,29.91
SBA,10/8/2025 9:00,29.91
SBA,10/8/2025 9:05,29.91
SBA,10/8/2025 9:10,29.91
SBA,10/8/2025 9:15,29.91
SBA,10/8/2025 9:20,29.91
SBA,10/8/2025 9:25,29.91
SBA,10/8/2025 9:30,29.91
SBA,10/8/2025 9:35,29.92
SBA,10/8/2025 9:40,29.92
SBA,10/8/2025 9:45,29.92
SBA,10/8/2025 9:50,29.92
SBA,10/8/2025 9:55,29.92
SBA,10/8/2025 10:00,29.92
SBA,10/8/2025 10:05,29.92
SBA,10/8/2025 10:10,29.92
SBA,10/8/2025 10:15,29.92
SBA,10/8/2025 10:20,29.93
SBA,10/8/2025 10:25,29.93
SBA,10/8/2025 10:30,29.93
SBA,10/8/2025 10:35,29.93
SBA,10/8/2025 10:40,29.93
SBA,10/8/2025 10:45,29.93
SBA,10/8/2025 10:50,29.93
SBA,10/8/2025 10:55,29.94
SBA,10/8/2025 11:00,29.93
SBA,10/8/2025 11:05,29.93
SBA,10/8/2025 11:10,29.93
SBA,10/8/2025 11:15,29.93
SBA,10/8/2025 11:20,29.93
SBA,10/8/2025 11:25,29.93
SBA,10/8/2025 11:30,29.93
SBA,10/8/2025 11:35,29.93
SBA,10/8/2025 11:40,29.93
SBA,10/8/2025 11:45,29.92
SBA,10/8/2025 11:50,29.92
SBA,10/8/2025 11:55,29.92
SBA,10/8/2025 12:00,29.92
SBA,10/8/2025 12:05,29.92
SBA,10/8/2025 12:10,29.92
SBA,10/8/2025 12:15,29.92
SBA,10/8/2025 12:20,29.92
SBA,10/8/2025 12:25,29.91
SBA,10/8/2025 12:30,29.91
SBA,10/8/2025 12:35,29.91
SBA,10/8/2025 12:40,29.91
SBA,10/8/2025 12:45,29.91
SBA,10/8/2025 12:50,29.91
SBA,10/8/2025 12:55,29.91
SBA,10/8/2025 13:00,29.91
SBA,10/8/2025 13:05,29.91
SBA,10/8/2025 13:10,29.9
SBA,10/8/2025 13:15,29.9
SBA,10/8/2025 13:20,29.9
SBA,10/8/2025 13:25,29.9
SBA,10/8/2025 13:30,29.89
SBA,10/8/2025 13:35,29.89
SBA,10/8/2025 13:40,29.89
SBA,10/8/2025 13:45,29.89
SBA,10/8/2025 13:50,29.89
SBA,10/8/2025 13:55,29.89
SBA,10/8/2025 14:00,29.88
SBA,10/8/2025 14:05,29.88
SBA,10/8/2025 14:10,29.88
SBA,10/8/2025 14:15,29.88
SBA,10/8/2025 14:20,29.88
SBA,10/8/2025 14:25,29.88
SBA,10/8/2025 14:30,29.88
SBA,10/8/2025 14:35,29.88
SBA,10/8/2025 14:40,29.88
SBA,10/8/2025 14:45,29.88
SBA,10/8/2025 14:50,29.88
SBA,10/8/2025 14:55,29.88
SBA,10/8/2025 15:00,29.88
SBA,10/8/2025 15:05,29.87
SBA,10/8/2025 15:10,29.87
SBA,10/8/2025 15:15,29.87
SBA,10/8/2025 15:20,29.87
SBA,10/8/2025 15:25,29.87
SBA,10/8/2025 15:30,29.87
SBA,10/8/2025 15:35,29.87
SBA,10/8/2025 15:40,29.87
SBA,10/8/2025 15:45,29.87
SBA,10/8/2025 15:50,29.87
SBA,10/8/2025 15:55,29.87
SBA,10/8/2025 16:00,29.87
SBA,10/8/2025 16:05,29.87
SBA,10/8/2025 16:10,29.87
SBA,10/8/2025 16:15,29.87
SBA,10/8/2025 16:20,29.87
SBA,10/8/2025 16:25,29.87
SBA,10/8/2025 16:30,29.87
SBA,10/8/2025 16:35,29.87
SBA,10/8/2025 16:40,29.87
SBA,10/8/2025 16:45,29.87
SBA,10/8/2025 16:50,29.87
SBA,10/8/2025 16:55,29.87
SBA,10/8/2025 17:00,29.87
SBA,10/8/2025 17:05,29.87
SBA,10/8/2025 17:10,29.87
SBA,10/8/2025 17:15,29.87
SBA,10/8/2025 17:20,29.87
SBA,10/8/2025 17:25,29.87
SBA,10/8/2025 17:30,29.87
SBA,10/8/2025 17:35,29.87
SBA,10/8/2025 17:40,29.87
SBA,10/8/2025 17:45,29.87
SBA,10/8/2025 17:50,29.87
SBA,10/8/2025 17:55,29.87
SBA,10/8/2025 18:00,29.87
SBA,10/8/2025 18:05,29.87
SBA,10/8/2025 18:10,29.87
SBA,10/8/2025 18:15,29.87
SBA,10/8/2025 18:20,29.87
SBA,10/8/2025 18:25,29.87
SBA,10/8/2025 18:30,29.87
SBA,10/8/2025 18:35,29.87
SBA,10/8/2025 18:40,29.87
SBA,10/8/2025 18:45,29.87
SBA,10/8/2025 18:50,29.87
SBA,10/8/2025 18:55,29.87
SBA,10/8/2025 19:00,29.87
SBA,10/8/2025 19:05,29.87
SBA,10/8/2025 19:10,29.87
SBA,10/8/2025 19:15,29.87
SBA,10/8/2025 19:20,29.87
SBA,10/8/2025 19:25,29.87
SBA,10/8/2025 19:30,29.88
SBA,10/8/2025 19:35,29.88
SBA,10/8/2025 19:40,29.88
SBA,10/8/2025 19:45,29.88
SBA,10/8/2025 19:50,29.88
SBA,10/8/2025 19:55,29.88
SBA,10/8/2025 20:00,29.88
SBA,10/8/2025 20:05,29.88
SBA,10/8/2025 20:10,29.88
SBA,10/8/2025 20:15,29.88
SBA,10/8/2025 20:20,29.89
SBA,10/8/2025 20:25,29.89
SBA,10/8/2025 20:30,29.89
SBA,10/8/2025 20:35,29.89
SBA,10/8/2025 20:40,29.89
SBA,10/8/2025 20:45,29.89
SBA,10/8/2025 20:50,29.89
SBA,10/8/2025 21:00,29.89
SBA,10/8/2025 21:05,29.89
SBA,10/8/2025 21:10,29.89
SBA,10/8/2025 21:15,29.89
SBA,10/8/2025 21:20,29.89
SBA,10/8/2025 21:25,29.89
SBA,10/8/2025 21:30,29.89
SBA,10/8/2025 21:35,29.89
SBA,10/8/2025 21:40,29.89
SBA,10/8/2025 21:45,29.89
SBA,10/8/2025 21:50,29.9
SBA,10/8/2025 21:55,29.9
SBA,10/8/2025 22:00,29.9
SBA,10/8/2025 22:05,29.9
SBA,10/8/2025 22:10,29.9
SBA,10/8/2025 22:15,29.9
SBA,10/8/2025 22:20,29.9
SBA,10/8/2025 22:25,29.91
SBA,10/8/2025 22:30,29.91
SBA,10/8/2025 22:35,29.91
SBA,10/8/2025 22:40,29.91
SBA,10/8/2025 22:45,29.91
SBA,10/8/2025 22:50,29.91
SBA,10/8/2025 22:55,29.91
SBA,10/8/2025 23:00,29.92
SBA,10/8/2025 23:05,29.91
SBA,10/8/2025 23:10,29.91
SBA,10/8/2025 23:15,29.91
SBA,10/8/2025 23:20,29.92
SBA,10/8/2025 23:25,29.91
SBA,10/8/2025 23:30,29.91
SBA,10/8/2025 23:35,29.91
SBA,10/8/2025 23:40,29.91
SBA,10/8/2025 23:45,29.91
SBA,10/8/2025 23:50,29.91
SBA,10/8/2025 23:55,29.91
SBA,10/9/2025 0:00,29.91
SBA,10/9/2025 0:05,29.91
SBA,10/9/2025 0:10,29.91
SBA,10/9/2025 0:15,29.91
SBA,10/9/2025 0:20,29.91
SBA,10/9/2025 0:25,29.91
SBA,10/9/2025 0:30,29.91
SBA,10/9/2025 0:35,29.91
SBA,10/9/2025 0:40,29.91
SBA,10/9/2025 0:45,29.91
SBA,10/9/2025 0:50,29.91
SBA,10/9/2025 0:55,29.91
SBA,10/9/2025 1:00,29.91
SBA,10/9/2025 1:05,29.91
SBA,10/9/2025 1:10,29.91
SBA,10/9/2025 1:15,29.91
SBA,10/9/2025 1:20,29.91
SBA,10/9/2025 1:25,29.91
SBA,10/9/2025 1:30,29.91
SBA,10/9/2025 1:35,29.91
SBA,10/9/2025 1:40,29.91
SBA,10/9/2025 1:45,29.91
SBA,10/9/2025 1:50,29.91
SBA,10/9/2025 1:55,29.91
SBA,10/9/2025 2:00,29.91
SBA,10/9/2025 2:05,29.91
SBA,10/9/2025 2:10,29.91
SBA,10/9/2025 2:15,29.91
SBA,10/9/2025 2:20,29.91
SBA,10/9/2025 2:25,29.91
SBA,10/9/2025 2:30,29.91
SBA,10/9/2025 2:35,29.91
SBA,10/9/2025 2:40,29.91
SBA,10/9/2025 2:45,29.91
SBA,10/9/2025 2:50,29.91
SBA,10/9/2025 2:55,29.91
SBA,10/9/2025 3:00,29.91
SBA,10/9/2025 3:05,29.91
SBA,10/9/2025 3:10,29.91
SBA,10/9/2025 3:15,29.91
SBA,10/9/2025 3:20,29.91
SBA,10/9/2025 3:25,29.91
SBA,10/9/2025 3:30,29.9
SBA,10/9/2025 3:35,29.9
SBA,10/9/2025 3:40,29.9
SBA,10/9/2025 3:45,29.9
SBA,10/9/2025 3:50,29.9
SBA,10/9/2025 3:55,29.9
SBA,10/9/2025 4:00,29.91
SBA,10/9/2025 4:05,29.91
SBA,10/9/2025 4:10,29.91
SBA,10/9/2025 4:15,29.91
SBA,10/9/2025 4:20,29.9
SBA,10/9/2025 4:25,29.9
SBA,10/9/2025 4:30,29.9
SBA,10/9/2025 4:35,29.91
SBA,10/9/2025 4:40,29.91
SBA,10/9/2025 4:45,29.91
SBA,10/9/2025 4:50,29.91
SBA,10/9/2025 4:55,29.91
SBA,10/9/2025 5:00,29.91
SBA,10/9/2025 5:05,29.91
SBA,10/9/2025 5:10,29.91
SBA,10/9/2025 5:15,29.91
SBA,10/9/2025 5:20,29.91
SBA,10/9/2025 5:25,29.92
SBA,10/9/2025 5:30,29.92
SBA,10/9/2025 5:35,29.92
SBA,10/9/2025 5:40,29.92
SBA,10/9/2025 5:45,29.92
SBA,10/9/2025 5:50,29.92
SBA,10/9/2025 5:55,29.92
SBA,10/9/2025 6:00,29.92
SBA,10/9/2025 6:05,29.92
SBA,10/9/2025 6:10,29.92
SBA,10/9/2025 6:15,29.92
SBA,10/9/2025 6:20,29.92
SBA,10/9/2025 6:25,29.92
SBA,10/9/2025 6:30,29.92
SBA,10/9/2025 6:35,29.92
SBA,10/9/2025 6:40,29.92
SBA,10/9/2025 6:45,29.92
SBA,10/9/2025 6:50,29.92
SBA,10/9/2025 6:55,29.92
SBA,10/9/2025 7:00,29.92
SBA,10/9/2025 7:05,29.93
SBA,10/9/2025 7:10,29.93
SBA,10/9/2025 7:15,29.93
SBA,10/9/2025 7:20,29.93
SBA,10/9/2025 7:25,29.93
SBA,10/9/2025 7:30,29.93
SBA,10/9/2025 7:35,29.93
SBA,10/9/2025 7:40,29.93
SBA,10/9/2025 7:45,29.93
SBA,10/9/2025 7:50,29.93
SBA,10/9/2025 7:55,29.93
SBA,10/9/2025 8:00,29.93
SBA,10/9/2025 8:05,29.93
SBA,10/9/2025 8:10,29.93
SBA,10/9/2025 8:15,29.93
SBA,10/9/2025 8:20,29.93
SBA,10/9/2025 8:25,29.93
SBA,10/9/2025 8:30,29.93
SBA,10/9/2025 8:35,29.94
SBA,10/9/2025 8:40,29.94
SBA,10/9/2025 8:45,29.94
SBA,10/9/2025 8:50,29.94
SBA,10/9/2025 8:55,29.94
SBA,10/9/2025 9:00,29.94
SBA,10/9/2025 9:05,29.94
SBA,10/9/2025 9:10,29.94
SBA,10/9/2025 9:15,29.94
SBA,10/9/2025 9:20,29.94
SBA,10/9/2025 9:25,29.94
SBA,10/9/2025 9:30,29.94
SBA,10/9/2025 9:35,29.94
SBA,10/9/2025 9:40,29.94
SBA,10/9/2025 9:45,29.94
SBA,10/9/2025 9:50,29.94
SBA,10/9/2025 9:55,29.94
SBA,10/9/2025 10:00,29.94
SBA,10/9/2025 10:05,29.94
SBA,10/9/2025 10:10,29.94
SBA,10/9/2025 10:15,29.94
SBA,10/9/2025 10:20,29.94
SBA,10/9/2025 10:25,29.94
SBA,10/9/2025 10:30,29.94
SBA,10/9/2025 10:35,29.94
SBA,10/9/2025 10:40,29.94
SBA,10/9/2025 10:45,29.94
SBA,10/9/2025 10:50,29.94
SBA,10/9/2025 10:55,29.94
SBA,10/9/2025 11:00,29.93
SBA,10/9/2025 11:05,29.93
SBA,10/9/2025 11:10,29.93
SBA,10/9/2025 11:15,29.93
SBA,10/9/2025 11:20,29.93
SBA,10/9/2025 11:25,29.93
SBA,10/9/2025 11:30,29.93
SBA,10/9/2025 11:35,29.93
SBA,10/9/2025 11:40,29.93
SBA,10/9/2025 11:45,29.93
SBA,10/9/2025 11:50,29.93
SBA,10/9/2025 11:55,29.92
SBA,10/9/2025 12:00,29.92
SBA,10/9/2025 12:05,29.92
SBA,10/9/2025 12:10,29.92
SBA,10/9/2025 12:15,29.92
SBA,10/9/2025 12:20,29.92
SBA,10/9/2025 12:25,29.92
SBA,10/9/2025 12:30,29.92
SBA,10/9/2025 12:35,29.92
SBA,10/9/2025 12:40,29.91
SBA,10/9/2025 12:45,29.91
SBA,10/9/2025 12:50,29.91
SBA,10/9/2025 12:55,29.91
SBA,10/9/2025 13:00,29.91
SBA,10/9/2025 13:05,29.91
SBA,10/9/2025 13:10,29.91
SBA,10/9/2025 13:15,29.91
SBA,10/9/2025 13:20,29.9
SBA,10/9/2025 13:25,29.9
SBA,10/9/2025 13:30,29.9
SBA,10/9/2025 13:35,29.89
SBA,10/9/2025 13:40,29.89
SBA,10/9/2025 13:45,29.89
SBA,10/9/2025 13:50,29.89
SBA,10/9/2025 13:55,29.89
SBA,10/9/2025 14:00,29.89
SBA,10/9/2025 14:05,29.88
SBA,10/9/2025 14:10,29.88
SBA,10/9/2025 14:15,29.88
SBA,10/9/2025 14:20,29.88
SBA,10/9/2025 14:25,29.88
SBA,10/9/2025 14:30,29.88
SBA,10/9/2025 14:35,29.88
SBA,10/9/2025 14:40,29.88
SBA,10/9/2025 14:45,29.88
SBA,10/9/2025 14:50,29.87
SBA,10/9/2025 14:55,29.87
SBA,10/9/2025 15:00,29.87
SBA,10/9/2025 15:05,29.87
SBA,10/9/2025 15:10,29.87
SBA,10/9/2025 15:15,29.87
SBA,10/9/2025 15:20,29.87
SBA,10/9/2025 15:25,29.87
SBA,10/9/2025 15:30,29.87
SBA,10/9/2025 15:35,29.87
SBA,10/9/2025 15:40,29.87
SBA,10/9/2025 15:45,29.87
SBA,10/9/2025 15:50,29.86
SBA,10/9/2025 15:55,29.87
SBA,10/9/2025 16:00,29.87
SBA,10/9/2025 16:05,29.87
SBA,10/9/2025 16:10,29.87
SBA,10/9/2025 16:15,29.87
SBA,10/9/2025 16:20,29.87
SBA,10/9/2025 16:25,29.87
SBA,10/9/2025 16:30,29.86
SBA,10/9/2025 16:35,29.86
SBA,10/9/2025 16:40,29.86
SBA,10/9/2025 16:45,29.86
SBA,10/9/2025 16:50,29.86
SBA,10/9/2025 16:55,29.86
SBA,10/9/2025 17:00,29.86
SBA,10/9/2025 17:05,29.86
SBA,10/9/2025 17:10,29.86
SBA,10/9/2025 17:15,29.86
SBA,10/9/2025 17:20,29.87
SBA,10/9/2025 17:25,29.87
SBA,10/9/2025 17:30,29.87
SBA,10/9/2025 17:35,29.87
SBA,10/9/2025 17:40,29.87
SBA,10/9/2025 17:45,29.87
SBA,10/9/2025 17:50,29.87
SBA,10/9/2025 17:55,29.87
SBA,10/9/2025 18:00,29.87
SBA,10/9/2025 18:05,29.87
SBA,10/9/2025 18:10,29.87
SBA,10/9/2025 18:15,29.87
SBA,10/9/2025 18:20,29.87
SBA,10/9/2025 18:25,29.86
SBA,10/9/2025 18:30,29.86
SBA,10/9/2025 18:35,29.86
SBA,10/9/2025 18:40,29.86
SBA,10/9/2025 18:45,29.86
SBA,10/9/2025 18:50,29.86
SBA,10/9/2025 18:55,29.87
SBA,10/9/2025 19:00,29.87
SBA,10/9/2025 19:05,29.87
SBA,10/9/2025 19:10,29.86
SBA,10/9/2025 19:15,29.87
SBA,10/9/2025 19:20,29.86
SBA,10/9/2025 19:25,29.87
SBA,10/9/2025 19:30,29.87
SBA,10/9/2025 19:35,29.87
SBA,10/9/2025 19:40,29.87
SBA,10/9/2025 19:45,29.87
SBA,10/9/2025 19:50,29.87
SBA,10/9/2025 19:55,29.88
SBA,10/9/2025 20:00,29.88
SBA,10/9/2025 20:05,29.88
SBA,10/9/2025 20:10,29.88
SBA,10/9/2025 20:15,29.88
SBA,10/9/2025 20:20,29.88
SBA,10/9/2025 20:25,29.89
SBA,10/9/2025 20:30,29.89
SBA,10/9/2025 20:35,29.89
SBA,10/9/2025 20:40,29.89
SBA,10/9/2025 20:45,29.89
SBA,10/9/2025 20:50,29.89
SBA,10/9/2025 20:55,29.89
SBA,10/9/2025 21:00,29.9
SBA,10/9/2025 21:05,29.9
SBA,10/9/2025 21:10,29.9
SBA,10/9/2025 21:15,29.9
SBA,10/9/2025 21:20,29.9
SBA,10/9/2025 21:25,29.9
SBA,10/9/2025 21:30,29.9
SBA,10/9/2025 21:35,29.91
SBA,10/9/2025 21:40,29.91
SBA,10/9/2025 21:45,29.91
SBA,10/9/2025 21:50,29.91
SBA,10/9/2025 21:55,29.91
SBA,10/9/2025 22:00,29.92
SBA,10/9/2025 22:05,29.92
SBA,10/9/2025 22:10,29.92
SBA,10/9/2025 22:15,29.92
SBA,10/9/2025 22:20,29.92
SBA,10/9/2025 22:25,29.92
SBA,10/9/2025 22:30,29.92
SBA,10/9/2025 22:35,29.92
SBA,10/9/2025 22:40,29.92
SBA,10/9/2025 22:45,29.92
SBA,10/9/2025 22:50,29.92
SBA,10/9/2025 22:55,29.92
SBA,10/9/2025 23:00,29.92
SBA,10/9/2025 23:05,29.92
SBA,10/9/2025 23:10,29.92
SBA,10/9/2025 23:15,29.92
SBA,10/9/2025 23:20,29.92
SBA,10/9/2025 23:25,29.92
SBA,10/9/2025 23:30,29.92
SBA,10/9/2025 23:35,29.92
SBA,10/9/2025 23:40,29.92
SBA,10/9/2025 23:45,29.92
SBA,10/9/2025 23:50,29.92
SBA,10/9/2025 23:55,29.92
SBA,10/10/2025 0:00,29.92
SBA,10/10/2025 0:05,29.92
SBA,10/10/2025 0:10,29.92
SBA,10/10/2025 0:15,29.92
SBA,10/10/2025 0:20,29.92
SBA,10/10/2025 0:25,29.92
SBA,10/10/2025 0:30,29.92
SBA,10/10/2025 0:35,29.92
SBA,10/10/2025 0:40,29.92
SBA,10/10/2025 0:45,29.92
SBA,10/10/2025 0:50,29.92
SBA,10/10/2025 0:55,29.92
SBA,10/10/2025 1:00,29.92
SBA,10/10/2025 1:05,29.92
SBA,10/10/2025 1:10,29.92
SBA,10/10/2025 1:15,29.92
SBA,10/10/2025 1:20,29.92
SBA,10/10/2025 1:25,29.92
SBA,10/10/2025 1:30,29.92
SBA,10/10/2025 1:35,29.91
SBA,10/10/2025 1:40,29.91
SBA,10/10/2025 1:45,29.91
SBA,10/10/2025 1:50,29.91
SBA,10/10/2025 1:55,29.91
SBA,10/10/2025 2:00,29.91
SBA,10/10/2025 2:05,29.91
SBA,10/10/2025 2:10,29.91
SBA,10/10/2025 2:15,29.91
SBA,10/10/2025 2:20,29.91
SBA,10/10/2025 2:25,29.91
SBA,10/10/2025 2:30,29.91
SBA,10/10/2025 2:35,29.91
SBA,10/10/2025 2:40,29.91
SBA,10/10/2025 2:45,29.9
SBA,10/10/2025 2:50,29.9
SBA,10/10/2025 2:55,29.9
SBA,10/10/2025 3:00,29.9
SBA,10/10/2025 3:05,29.89
SBA,10/10/2025 3:10,29.89
SBA,10/10/2025 3:15,29.89
SBA,10/10/2025 3:20,29.89
SBA,10/10/2025 3:25,29.89
SBA,10/10/2025 3:30,29.89
SBA,10/10/2025 3:35,29.89
SBA,10/10/2025 3:40,29.89
SBA,10/10/2025 3:45,29.89
SBA,10/10/2025 3:50,29.89
SBA,10/10/2025 3:55,29.89
SBA,10/10/2025 4:00,29.88
SBA,10/10/2025 4:05,29.88
SBA,10/10/2025 4:10,29.88
SBA,10/10/2025 4:15,29.88
SBA,10/10/2025 4:20,29.88
SBA,10/10/2025 4:25,29.88
SBA,10/10/2025 4:30,29.88
SBA,10/10/2025 4:35,29.88
SBA,10/10/2025 4:40,29.88
SBA,10/10/2025 4:45,29.88
SBA,10/10/2025 4:50,29.88
SBA,10/10/2025 4:55,29.88
SBA,10/10/2025 5:00,29.88
SBA,10/10/2025 5:05,29.88
SBA,10/10/2025 5:10,29.88
SBA,10/10/2025 5:15,29.88
SBA,10/10/2025 5:20,29.88
SBA,10/10/2025 5:25,29.88
SBA,10/10/2025 5:30,29.88
SBA,10/10/2025 5:35,29.88
SBA,10/10/2025 5:40,29.88
SBA,10/10/2025 5:45,29.88
SBA,10/10/2025 5:50,29.88
SBA,10/10/2025 5:55,29.89
SBA,10/10/2025 6:00,29.89
SBA,10/10/2025 6:05,29.88
SBA,10/10/2025 6:10,29.88
SBA,10/10/2025 6:15,29.88
SBA,10/10/2025 6:20,29.88
SBA,10/10/2025 6:25,29.89
SBA,10/10/2025 6:30,29.89
SBA,10/10/2025 6:35,29.89
SBA,10/10/2025 6:40,29.89
SBA,10/10/2025 6:45,29.88
SBA,10/10/2025 6:50,29.89
SBA,10/10/2025 6:55,29.89
SBA,10/10/2025 7:00,29.89
SBA,10/10/2025 7:05,29.88
SBA,10/10/2025 7:10,29.88
SBA,10/10/2025 7:15,29.88
SBA,10/10/2025 7:20,29.88
SBA,10/10/2025 7:25,29.88
SBA,10/10/2025 7:30,29.88
SBA,10/10/2025 7:35,29.88
SBA,10/10/2025 7:40,29.88
SBA,10/10/2025 7:45,29.89
SBA,10/10/2025 7:50,29.89
SBA,10/10/2025 7:55,29.89
SBA,10/10/2025 8:00,29.89
SBA,10/10/2025 8:05,29.89
SBA,10/10/2025 8:10,29.89
SBA,10/10/2025 8:15,29.89
SBA,10/10/2025 8:20,29.89
SBA,10/10/2025 8:25,29.89
SBA,10/10/2025 8:30,29.89
SBA,10/10/2025 8:35,29.89
SBA,10/10/2025 8:40,29.89
SBA,10/10/2025 8:45,29.89
SBA,10/10/2025 8:50,29.89
SBA,10/10/2025 8:55,29.9
SBA,10/10/2025 9:00,29.89
SBA,10/10/2025 9:05,29.89
SBA,10/10/2025 9:10,29.89
SBA,10/10/2025 9:15,29.89
SBA,10/10/2025 9:20,29.89
SBA,10/10/2025 9:25,29.89
SBA,10/10/2025 9:30,29.89
SBA,10/10/2025 9:35,29.89
SBA,10/10/2025 9:40,29.89
SBA,10/10/2025 9:45,29.89
SBA,10/10/2025 9:50,29.89
SBA,10/10/2025 9:55,29.89
SBA,10/10/2025 10:00,29.89
SBA,10/10/2025 10:05,29.89
SBA,10/10/2025 10:10,29.89
SBA,10/10/2025 10:15,29.89
SBA,10/10/2025 10:20,29.89
SBA,10/10/2025 10:25,29.89
SBA,10/10/2025 10:30,29.89
SBA,10/10/2025 10:35,29.89
SBA,10/10/2025 10:40,29.89
SBA,10/10/2025 10:45,29.89
SBA,10/10/2025 10:50,29.89
SBA,10/10/2025 10:55,29.89
SBA,10/10/2025 11:00,29.88
SBA,10/10/2025 11:05,29.88
SBA,10/10/2025 11:10,29.88
SBA,10/10/2025 11:15,29.88
SBA,10/10/2025 11:20,29.88
SBA,10/10/2025 11:25,29.88
SBA,10/10/2025 11:30,29.88
SBA,10/10/2025 11:35,29.88
SBA,10/10/2025 11:40,29.88
SBA,10/10/2025 11:45,29.88
SBA,10/10/2025 11:50,29.88
SBA,10/10/2025 11:55,29.88
SBA,10/10/2025 12:00,29.87
SBA,10/10/2025 12:05,29.87
SBA,10/10/2025 12:10,29.87
SBA,10/10/2025 12:15,29.87
SBA,10/10/2025 12:20,29.87
SBA,10/10/2025 12:25,29.87
SBA,10/10/2025 12:30,29.86
SBA,10/10/2025 12:35,29.86
SBA,10/10/2025 12:40,29.86
SBA,10/10/2025 12:45,29.86
SBA,10/10/2025 12:50,29.86
SBA,10/10/2025 12:55,29.86
SBA,10/10/2025 13:00,29.86
SBA,10/10/2025 13:05,29.85
SBA,10/10/2025 13:10,29.85
SBA,10/10/2025 13:15,29.85
SBA,10/10/2025 13:20,29.85
SBA,10/10/2025 13:25,29.85
SBA,10/10/2025 13:30,29.84
SBA,10/10/2025 13:35,29.84
SBA,10/10/2025 13:40,29.84
SBA,10/10/2025 13:45,29.83
SBA,10/10/2025 13:50,29.83
SBA,10/10/2025 13:55,29.83
SBA,10/10/2025 14:00,29.83
SBA,10/10/2025 14:05,29.82
SBA,10/10/2025 14:10,29.82
SBA,10/10/2025 14:15,29.82
SBA,10/10/2025 14:20,29.82
SBA,10/10/2025 14:25,29.81
SBA,10/10/2025 14:30,29.81
SBA,10/10/2025 14:35,29.81
SBA,10/10/2025 14:40,29.81
SBA,10/10/2025 14:45,29.81
SBA,10/10/2025 14:50,29.81
SBA,10/10/2025 14:55,29.81
SBA,10/10/2025 15:00,29.81
SBA,10/10/2025 15:05,29.8
SBA,10/10/2025 15:10,29.8
SBA,10/10/2025 15:15,29.8
SBA,10/10/2025 15:20,29.8
SBA,10/10/2025 15:25,29.8
SBA,10/10/2025 15:30,29.79
SBA,10/10/2025 15:35,29.79
SBA,10/10/2025 15:40,29.79
SBA,10/10/2025 15:45,29.79
SBA,10/10/2025 15:50,29.79
SBA,10/10/2025 15:55,29.78
SBA,10/10/2025 16:00,29.78
SBA,10/10/2025 16:05,29.78
SBA,10/10/2025 16:10,29.78
SBA,10/10/2025 16:15,29.78
SBA,10/10/2025 16:20,29.78
SBA,10/10/2025 16:25,29.78
SBA,10/10/2025 16:30,29.78
SBA,10/10/2025 16:35,29.78
SBA,10/10/2025 16:40,29.78
SBA,10/10/2025 16:45,29.78
SBA,10/10/2025 16:50,29.78
SBA,10/10/2025 16:55,29.78
SBA,10/10/2025 17:00,29.77
SBA,10/10/2025 17:05,29.77
SBA,10/10/2025 17:10,29.77
SBA,10/10/2025 17:15,29.77
SBA,10/10/2025 17:20,29.77
SBA,10/10/2025 17:25,29.77
SBA,10/10/2025 17:30,29.77
SBA,10/10/2025 17:35,29.77
SBA,10/10/2025 17:40,29.77
SBA,10/10/2025 17:45,29.77
SBA,10/10/2025 17:50,29.77
SBA,10/10/2025 17:55,29.77
SBA,10/10/2025 18:00,29.77
SBA,10/10/2025 18:05,29.77
SBA,10/10/2025 18:10,29.77
SBA,10/10/2025 18:15,29.77
SBA,10/10/2025 18:20,29.77
SBA,10/10/2025 18:25,29.77
SBA,10/10/2025 18:30,29.77
SBA,10/10/2025 18:35,29.77
SBA,10/10/2025 18:40,29.77
SBA,10/10/2025 18:45,29.77
SBA,10/10/2025 18:50,29.77
SBA,10/10/2025 18:55,29.78
SBA,10/10/2025 19:00,29.78
SBA,10/10/2025 19:05,29.78
SBA,10/10/2025 19:10,29.78
SBA,10/10/2025 19:15,29.78
SBA,10/10/2025 19:20,29.78
SBA,10/10/2025 19:25,29.78
SBA,10/10/2025 19:30,29.78
SBA,10/10/2025 19:35,29.78
SBA,10/10/2025 19:40,29.78
SBA,10/10/2025 19:45,29.79
SBA,10/10/2025 19:50,29.79
SBA,10/10/2025 19:55,29.79
SBA,10/10/2025 20:00,29.79
SBA,10/10/2025 20:05,29.79
SBA,10/10/2025 20:10,29.79
SBA,10/10/2025 20:15,29.79
SBA,10/10/2025 20:20,29.79
SBA,10/10/2025 20:25,29.79
SBA,10/10/2025 20:30,29.79
SBA,10/10/2025 20:35,29.79
SBA,10/10/2025 20:40,29.79
SBA,10/10/2025 20:45,29.79
SBA,10/10/2025 20:50,29.79
SBA,10/10/2025 20:55,29.79
SBA,10/10/2025 21:00,29.79
SBA,10/10/2025 21:05,29.79
SBA,10/10/2025 21:10,29.79
SBA,10/10/2025 21:15,29.79
SBA,10/10/2025 21:20,29.79
SBA,10/10/2025 21:25,29.79
SBA,10/10/2025 21:30,29.79
SBA,10/10/2025 21:35,29.79
SBA,10/10/2025 21:40,29.79
SBA,10/10/2025 21:45,29.79
SBA,10/10/2025 21:50,29.79
SBA,10/10/2025 21:55,29.8
SBA,10/10/2025 22:00,29.8
SBA,10/10/2025 22:05,29.8
SBA,10/10/2025 22:10,29.8
SBA,10/10/2025 22:15,29.8
SBA,10/10/2025 22:20,29.8
SBA,10/10/2025 22:25,29.8
SBA,10/10/2025 22:30,29.79
SBA,10/10/2025 22:35,29.79
SBA,10/10/2025 22:40,29.79
SBA,10/10/2025 22:45,29.79
SBA,10/10/2025 22:50,29.79
SBA,10/10/2025 22:55,29.8
SBA,10/10/2025 23:00,29.79
SBA,10/10/2025 23:05,29.79
SBA,10/10/2025 23:10,29.79
SBA,10/10/2025 23:15,29.8
SBA,10/10/2025 23:20,29.8
SBA,10/10/2025 23:25,29.79
SBA,10/10/2025 23:30,29.8
SBA,10/10/2025 23:35,29.8
SBA,10/10/2025 23:40,29.8
SBA,10/10/2025 23:45,29.8
SBA,10/10/2025 23:50,29.8
SBA,10/10/2025 23:55,29.8
SBA,10/11/2025 0:00,29.8
SBA,10/11/2025 0:05,29.8
SBA,10/11/2025 0:10,29.8
SBA,10/11/2025 0:15,29.8
SBA,10/11/2025 0:20,29.8
SBA,10/11/2025 0:25,29.8
SBA,10/11/2025 0:30,29.8
SBA,10/11/2025 0:35,29.8
SBA,10/11/2025 0:40,29.79
SBA,10/11/2025 0:45,29.79
SBA,10/11/2025 0:50,29.79
SBA,10/11/2025 0:55,29.79
SBA,10/11/2025 1:00,29.79
SBA,10/11/2025 1:05,29.79
SBA,10/11/2025 1:10,29.79
SBA,10/11/2025 1:15,29.79
SBA,10/11/2025 1:20,29.79
SBA,10/11/2025 1:25,29.79
SBA,10/11/2025 1:30,29.78
SBA,10/11/2025 1:35,29.79
SBA,10/11/2025 1:40,29.78
SBA,10/11/2025 1:45,29.78
SBA,10/11/2025 1:50,29.79
SBA,10/11/2025 1:55,29.78
SBA,10/11/2025 2:00,29.78
SBA,10/11/2025 2:05,29.78
SBA,10/11/2025 2:10,29.78
SBA,10/11/2025 2:15,29.78
SBA,10/11/2025 2:20,29.78
SBA,10/11/2025 2:25,29.78
SBA,10/11/2025 2:30,29.78
SBA,10/11/2025 2:35,29.78
SBA,10/11/2025 2:40,29.77
SBA,10/11/2025 2:45,29.77
SBA,10/11/2025 2:50,29.77
SBA,10/11/2025 2:55,29.77
SBA,10/11/2025 3:00,29.77
SBA,10/11/2025 3:05,29.77
SBA,10/11/2025 3:10,29.77
SBA,10/11/2025 3:15,29.77
SBA,10/11/2025 3:20,29.77
SBA,10/11/2025 3:25,29.77
SBA,10/11/2025 3:35,29.77
SBA,10/11/2025 3:40,29.77
SBA,10/11/2025 3:45,29.77
SBA,10/11/2025 3:50,29.77
SBA,10/11/2025 3:55,29.77
SBA,10/11/2025 4:00,29.77
SBA,10/11/2025 4:05,29.77
SBA,10/11/2025 4:10,29.77
SBA,10/11/2025 4:15,29.77
SBA,10/11/2025 4:20,29.77
SBA,10/11/2025 4:25,29.77
SBA,10/11/2025 4:30,29.77
SBA,10/11/2025 4:35,29.76
SBA,10/11/2025 4:40,29.76
SBA,10/11/2025 4:45,29.76
SBA,10/11/2025 4:50,29.76
SBA,10/11/2025 4:55,29.76
SBA,10/11/2025 5:00,29.76
SBA,10/11/2025 5:05,29.77
SBA,10/11/2025 5:10,29.76
SBA,10/11/2025 5:15,29.76
SBA,10/11/2025 5:20,29.76
SBA,10/11/2025 5:25,29.76
SBA,10/11/2025 5:30,29.76
SBA,10/11/2025 5:35,29.76
SBA,10/11/2025 5:40,29.76
SBA,10/11/2025 5:45,29.76
SBA,10/11/2025 5:50,29.76
SBA,10/11/2025 5:55,29.76
SBA,10/11/2025 6:00,29.76
SBA,10/11/2025 6:05,29.76
SBA,10/11/2025 6:10,29.76
SBA,10/11/2025 6:15,29.76
SBA,10/11/2025 6:20,29.77
SBA,10/11/2025 6:25,29.77
SBA,10/11/2025 6:30,29.77
SBA,10/11/2025 6:35,29.77
SBA,10/11/2025 6:40,29.77
SBA,10/11/2025 6:45,29.77
SBA,10/11/2025 6:50,29.77
SBA,10/11/2025 6:55,29.77
SBA,10/11/2025 7:00,29.77
SBA,10/11/2025 7:05,29.77
SBA,10/11/2025 7:10,29.77
SBA,10/11/2025 7:15,29.77
SBA,10/11/2025 7:20,29.78
SBA,10/11/2025 7:25,29.78
SBA,10/11/2025 7:30,29.78
SBA,10/11/2025 7:35,29.78
SBA,10/11/2025 7:40,29.78
SBA,10/11/2025 7:45,29.78
SBA,10/11/2025 7:50,29.78
SBA,10/11/2025 7:55,29.78
SBA,10/11/2025 8:00,29.78
SBA,10/11/2025 8:05,29.78
SBA,10/11/2025 8:10,29.78
SBA,10/11/2025 8:15,29.78
SBA,10/11/2025 8:20,29.79
SBA,10/11/2025 8:25,29.79
SBA,10/11/2025 8:30,29.79
SBA,10/11/2025 8:35,29.79
SBA,10/11/2025 8:40,29.79
SBA,10/11/2025 8:45,29.79
SBA,10/11/2025 8:50,29.79
SBA,10/11/2025 8:55,29.79
SBA,10/11/2025 9:00,29.79
SBA,10/11/2025 9:05,29.79
SBA,10/11/2025 9:10,29.79
SBA,10/11/2025 9:15,29.8
SBA,10/11/2025 9:20,29.8
SBA,10/11/2025 9:25,29.8
SBA,10/11/2025 9:30,29.8
SBA,10/11/2025 9:35,29.8
SBA,10/11/2025 9:40,29.8
SBA,10/11/2025 9:45,29.8
SBA,10/11/2025 9:50,29.8
SBA,10/11/2025 9:55,29.8
SBA,10/11/2025 10:00,29.8
SBA,10/11/2025 10:05,29.8
SBA,10/11/2025 10:10,29.8
SBA,10/11/2025 10:15,29.8
SBA,10/11/2025 10:20,29.8
SBA,10/11/2025 10:25,29.8
SBA,10/11/2025 10:30,29.8
SBA,10/11/2025 10:35,29.79
SBA,10/11/2025 10:40,29.79
SBA,10/11/2025 10:45,29.79
SBA,10/11/2025 10:50,29.78
SBA,10/11/2025 10:55,29.78
SBA,10/11/2025 11:00,29.78
SBA,10/11/2025 11:05,29.78
SBA,10/11/2025 11:10,29.79
SBA,10/11/2025 11:15,29.79
SBA,10/11/2025 11:20,29.79
SBA,10/11/2025 11:25,29.78
SBA,10/11/2025 11:30,29.78
SBA,10/11/2025 11:35,29.79
SBA,10/11/2025 11:40,29.78
SBA,10/11/2025 11:45,29.78
SBA,10/11/2025 11:50,29.78
SBA,10/11/2025 11:55,29.78
SBA,10/11/2025 12:00,29.78
SBA,10/11/2025 12:05,29.78
SBA,10/11/2025 12:10,29.78
SBA,10/11/2025 12:15,29.78
SBA,10/11/2025 12:20,29.77
SBA,10/11/2025 12:25,29.77
SBA,10/11/2025 12:30,29.77
SBA,10/11/2025 12:35,29.77
SBA,10/11/2025 12:40,29.77
SBA,10/11/2025 12:45,29.76
SBA,10/11/2025 12:50,29.76
SBA,10/11/2025 12:55,29.76
SBA,10/11/2025 13:00,29.76
SBA,10/11/2025 13:05,29.76
SBA,10/11/2025 13:10,29.76
SBA,10/11/2025 13:15,29.76
SBA,10/11/2025 13:20,29.76
SBA,10/11/2025 13:25,29.75
SBA,10/11/2025 13:30,29.75
SBA,10/11/2025 13:35,29.75
SBA,10/11/2025 13:40,29.75
SBA,10/11/2025 13:45,29.75
SBA,10/11/2025 13:50,29.74
SBA,10/11/2025 13:55,29.74
SBA,10/11/2025 14:00,29.74
SBA,10/11/2025 14:05,29.73
SBA,10/11/2025 14:10,29.73
SBA,10/11/2025 14:15,29.73
SBA,10/11/2025 14:20,29.72
SBA,10/11/2025 14:25,29.72
SBA,10/11/2025 14:30,29.72
SBA,10/11/2025 14:35,29.72
SBA,10/11/2025 14:40,29.72
SBA,10/11/2025 14:45,29.71
SBA,10/11/2025 14:50,29.71
SBA,10/11/2025 14:55,29.71
SBA,10/11/2025 15:00,29.71
SBA,10/11/2025 15:05,29.71
SBA,10/11/2025 15:10,29.71
SBA,10/11/2025 15:15,29.71
SBA,10/11/2025 15:20,29.71
SBA,10/11/2025 15:25,29.71
SBA,10/11/2025 15:30,29.71
SBA,10/11/2025 15:35,29.71
SBA,10/11/2025 15:40,29.71
SBA,10/11/2025 15:45,29.71
SBA,10/11/2025 15:50,29.71
SBA,10/11/2025 15:55,29.71
SBA,10/11/2025 16:00,29.71
SBA,10/11/2025 16:05,29.71
SBA,10/11/2025 16:10,29.71
SBA,10/11/2025 16:15,29.71
SBA,10/11/2025 16:20,29.71
SBA,10/11/2025 16:25,29.71
SBA,10/11/2025 16:30,29.71
SBA,10/11/2025 16:35,29.71
SBA,10/11/2025 16:40,29.71
SBA,10/11/2025 16:45,29.71
SBA,10/11/2025 16:50,29.72
SBA,10/11/2025 16:55,29.72
SBA,10/11/2025 17:00,29.72
SBA,10/11/2025 17:05,29.72
SBA,10/11/2025 17:10,29.72
SBA,10/11/2025 17:15,29.72
SBA,10/11/2025 17:20,29.72
SBA,10/11/2025 17:25,29.73
SBA,10/11/2025 17:30,29.73
SBA,10/11/2025 17:35,29.73
SBA,10/11/2025 17:40,29.73
SBA,10/11/2025 17:45,29.73
SBA,10/11/2025 17:50,29.73
SBA,10/11/2025 17:55,29.74
SBA,10/11/2025 18:00,29.74
SBA,10/11/2025 18:05,29.74
SBA,10/11/2025 18:10,29.74
SBA,10/11/2025 18:15,29.74
SBA,10/11/2025 18:20,29.74
SBA,10/11/2025 18:25,29.74
SBA,10/11/2025 18:30,29.74
SBA,10/11/2025 18:35,29.74
SBA,10/11/2025 18:40,29.74
SBA,10/11/2025 18:45,29.75
SBA,10/11/2025 18:50,29.75
SBA,10/11/2025 18:55,29.75
SBA,10/11/2025 19:00,29.75
SBA,10/11/2025 19:05,29.75
SBA,10/11/2025 19:10,29.75
SBA,10/11/2025 19:15,29.75
SBA,10/11/2025 19:20,29.75
SBA,10/11/2025 19:25,29.75
SBA,10/11/2025 19:30,29.75
SBA,10/11/2025 19:35,29.75
SBA,10/11/2025 19:40,29.75
SBA,10/11/2025 19:45,29.75
SBA,10/11/2025 19:50,29.75
SBA,10/11/2025 19:55,29.75
SBA,10/11/2025 20:00,29.76
SBA,10/11/2025 20:05,29.76
SBA,10/11/2025 20:10,29.76
SBA,10/11/2025 20:15,29.75
SBA,10/11/2025 20:20,29.75
SBA,10/11/2025 20:25,29.75
SBA,10/11/2025 20:30,29.75
SBA,10/11/2025 20:35,29.76
SBA,10/11/2025 20:40,29.76
SBA,10/11/2025 20:45,29.76
SBA,10/11/2025 20:50,29.76
SBA,10/11/2025 20:55,29.76
SBA,10/11/2025 21:00,29.76
SBA,10/11/2025 21:05,29.76
SBA,10/11/2025 21:10,29.76
SBA,10/11/2025 21:15,29.76
SBA,10/11/2025 21:20,29.76
SBA,10/11/2025 21:25,29.76
SBA,10/11/2025 21:30,29.76
SBA,10/11/2025 21:35,29.76
SBA,10/11/2025 21:40,29.76
SBA,10/11/2025 21:45,29.76
SBA,10/11/2025 21:50,29.76
SBA,10/11/2025 21:55,29.77
SBA,10/11/2025 22:00,29.77
SBA,10/11/2025 22:05,29.77
SBA,10/11/2025 22:10,29.77
SBA,10/11/2025 22:15,29.77
SBA,10/11/2025 22:20,29.77
SBA,10/11/2025 22:25,29.77
SBA,10/11/2025 22:30,29.77
SBA,10/11/2025 22:35,29.77
SBA,10/11/2025 22:40,29.77
SBA,10/11/2025 22:45,29.76
SBA,10/11/2025 22:50,29.76
SBA,10/11/2025 22:55,29.76
SBA,10/11/2025 23:00,29.76
SBA,10/11/2025 23:05,29.76
SBA,10/11/2025 23:10,29.76
SBA,10/11/2025 23:15,29.76
SBA,10/11/2025 23:20,29.76
SBA,10/11/2025 23:25,29.76
SBA,10/11/2025 23:30,29.76
SBA,10/11/2025 23:35,29.76
SBA,10/11/2025 23:40,29.76
SBA,10/11/2025 23:45,29.76
SBA,10/11/2025 23:50,29.76
SBA,10/11/2025 23:55,29.76
SBA,10/12/2025 0:00,29.76
SBA,10/12/2025 0:05,29.76
SBA,10/12/2025 0:10,29.76
SBA,10/12/2025 0:15,29.76
SBA,10/12/2025 0:20,29.76
SBA,10/12/2025 0:25,29.76
SBA,10/12/2025 0:30,29.76
SBA,10/12/2025 0:35,29.76
SBA,10/12/2025 0:40,29.76
SBA,10/12/2025 0:45,29.76
SBA,10/12/2025 0:50,29.76
SBA,10/12/2025 0:55,29.76
SBA,10/12/2025 1:00,29.76
SBA,10/12/2025 1:05,29.76
SBA,10/12/2025 1:10,29.76
SBA,10/12/2025 1:15,29.76
SBA,10/12/2025 1:20,29.76
SBA,10/12/2025 1:25,29.76
SBA,10/12/2025 1:30,29.76
SBA,10/12/2025 1:35,29.76
SBA,10/12/2025 1:40,29.75
SBA,10/12/2025 1:45,29.76
SBA,10/12/2025 1:50,29.76
SBA,10/12/2025 1:55,29.76
SBA,10/12/2025 2:00,29.76
SBA,10/12/2025 2:05,29.76
SBA,10/12/2025 2:10,29.76
SBA,10/12/2025 2:15,29.76
SBA,10/12/2025 2:20,29.76
SBA,10/12/2025 2:25,29.76
SBA,10/12/2025 2:30,29.76
SBA,10/12/2025 2:35,29.76
SBA,10/12/2025 2:40,29.76
SBA,10/12/2025 2:45,29.76
SBA,10/12/2025 2:50,29.76
SBA,10/12/2025 2:55,29.76
SBA,10/12/2025 3:00,29.76
SBA,10/12/2025 3:05,29.76
SBA,10/12/2025 3:10,29.76
SBA,10/12/2025 3:15,29.76
SBA,10/12/2025 3:20,29.76
SBA,10/12/2025 3:25,29.76
SBA,10/12/2025 3:30,29.76
SBA,10/12/2025 3:35,29.76
SBA,10/12/2025 3:40,29.76
SBA,10/12/2025 3:45,29.75
SBA,10/12/2025 3:50,29.75
SBA,10/12/2025 3:55,29.75
SBA,10/12/2025 4:00,29.75
SBA,10/12/2025 4:05,29.75
SBA,10/12/2025 4:10,29.75
SBA,10/12/2025 4:15,29.75
SBA,10/12/2025 4:20,29.75
SBA,10/12/2025 4:25,29.75
SBA,10/12/2025 4:30,29.75
SBA,10/12/2025 4:35,29.75
SBA,10/12/2025 4:40,29.75
SBA,10/12/2025 4:45,29.75
SBA,10/12/2025 4:50,29.75
SBA,10/12/2025 4:55,29.75
SBA,10/12/2025 5:00,29.75
SBA,10/12/2025 5:05,29.75
SBA,10/12/2025 5:10,29.75
SBA,10/12/2025 5:15,29.75
SBA,10/12/2025 5:20,29.75
SBA,10/12/2025 5:25,29.75
SBA,10/12/2025 5:30,29.75
SBA,10/12/2025 5:35,29.76
SBA,10/12/2025 5:40,29.75
SBA,10/12/2025 5:45,29.76
SBA,10/12/2025 5:50,29.76
SBA,10/12/2025 5:55,29.76
SBA,10/12/2025 6:00,29.76
SBA,10/12/2025 6:05,29.76
SBA,10/12/2025 6:10,29.76
SBA,10/12/2025 6:15,29.76
SBA,10/12/2025 6:20,29.77
SBA,10/12/2025 6:25,29.77
SBA,10/12/2025 6:30,29.77
SBA,10/12/2025 6:35,29.77
SBA,10/12/2025 6:40,29.77
SBA,10/12/2025 6:45,29.77
SBA,10/12/2025 6:50,29.77
SBA,10/12/2025 6:55,29.77
SBA,10/12/2025 7:00,29.77
SBA,10/12/2025 7:05,29.77
SBA,10/12/2025 7:10,29.76
SBA,10/12/2025 7:15,29.76
SBA,10/12/2025 7:20,29.76
SBA,10/12/2025 7:25,29.77
SBA,10/12/2025 7:30,29.77
SBA,10/12/2025 7:35,29.77
SBA,10/12/2025 7:40,29.77
SBA,10/12/2025 7:45,29.76
SBA,10/12/2025 7:50,29.77
SBA,10/12/2025 7:55,29.77
SBA,10/12/2025 8:00,29.77
SBA,10/12/2025 8:05,29.77
SBA,10/12/2025 8:10,29.77
SBA,10/12/2025 8:15,29.77
SBA,10/12/2025 8:20,29.77
SBA,10/12/2025 8:25,29.77
SBA,10/12/2025 8:30,29.77
SBA,10/12/2025 8:35,29.77
SBA,10/12/2025 8:40,29.77
SBA,10/12/2025 8:45,29.77
SBA,10/12/2025 8:50,29.77
SBA,10/12/2025 8:55,29.77
SBA,10/12/2025 9:00,29.77
SBA,10/12/2025 9:05,29.77
SBA,10/12/2025 9:10,29.77
SBA,10/12/2025 9:15,29.77
SBA,10/12/2025 9:20,29.77
SBA,10/12/2025 9:25,29.77
SBA,10/12/2025 9:30,29.77
SBA,10/12/2025 9:35,29.77
SBA,10/12/2025 9:40,29.77
SBA,10/12/2025 9:45,29.77
SBA,10/12/2025 9:50,29.77
SBA,10/12/2025 9:55,29.77
SBA,10/12/2025 10:00,29.77
SBA,10/12/2025 10:05,29.77
SBA,10/12/2025 10:10,29.77
SBA,10/12/2025 10:15,29.77
SBA,10/12/2025 10:20,29.77
SBA,10/12/2025 10:25,29.77
SBA,10/12/2025 10:30,29.76
SBA,10/12/2025 10:35,29.76
SBA,10/12/2025 10:40,29.76
SBA,10/12/2025 10:45,29.76
SBA,10/12/2025 10:50,29.76
SBA,10/12/2025 10:55,29.75
SBA,10/12/2025 11:00,29.75
SBA,10/12/2025 11:05,29.75
SBA,10/12/2025 11:10,29.75
SBA,10/12/2025 11:15,29.75
SBA,10/12/2025 11:20,29.75
SBA,10/12/2025 11:25,29.75
SBA,10/12/2025 11:30,29.75
SBA,10/12/2025 11:35,29.75
SBA,10/12/2025 11:40,29.75
SBA,10/12/2025 11:45,29.75
SBA,10/12/2025 11:50,29.75
SBA,10/12/2025 11:55,29.75
SBA,10/12/2025 12:00,29.74
SBA,10/12/2025 12:05,29.74
SBA,10/12/2025 12:10,29.74
SBA,10/12/2025 12:15,29.74
SBA,10/12/2025 12:20,29.74
SBA,10/12/2025 12:25,29.73
SBA,10/12/2025 12:30,29.73
SBA,10/12/2025 12:35,29.73
SBA,10/12/2025 12:40,29.72
SBA,10/12/2025 12:45,29.72
SBA,10/12/2025 12:50,29.72
SBA,10/12/2025 12:55,29.72
SBA,10/12/2025 13:00,29.72
SBA,10/12/2025 13:05,29.72
SBA,10/12/2025 13:10,29.71
SBA,10/12/2025 13:15,29.71
SBA,10/12/2025 13:20,29.71
SBA,10/12/2025 13:25,29.7
SBA,10/12/2025 13:30,29.7
SBA,10/12/2025 13:35,29.7
SBA,10/12/2025 13:40,29.7
SBA,10/12/2025 13:45,29.7
SBA,10/12/2025 13:50,29.69
SBA,10/12/2025 13:55,29.69
SBA,10/12/2025 14:00,29.69
SBA,10/12/2025 14:05,29.69
SBA,10/12/2025 14:10,29.69
SBA,10/12/2025 14:15,29.69
SBA,10/12/2025 14:20,29.69
SBA,10/12/2025 14:25,29.69
SBA,10/12/2025 14:30,29.69
SBA,10/12/2025 14:35,29.69
SBA,10/12/2025 14:40,29.69
SBA,10/12/2025 14:45,29.68
SBA,10/12/2025 14:50,29.68
SBA,10/12/2025 14:55,29.68
SBA,10/12/2025 15:00,29.68
SBA,10/12/2025 15:05,29.68
SBA,10/12/2025 15:10,29.68
SBA,10/12/2025 15:15,29.68
SBA,10/12/2025 15:20,29.68
SBA,10/12/2025 15:25,29.68
SBA,10/12/2025 15:30,29.68
SBA,10/12/2025 15:35,29.68
SBA,10/12/2025 15:40,29.67
SBA,10/12/2025 15:45,29.68
SBA,10/12/2025 15:50,29.67
SBA,10/12/2025 15:55,29.67
SBA,10/12/2025 16:00,29.67
SBA,10/12/2025 16:05,29.67
SBA,10/12/2025 16:10,29.67
SBA,10/12/2025 16:15,29.67
SBA,10/12/2025 16:20,29.67
SBA,10/12/2025 16:25,29.66
SBA,10/12/2025 16:30,29.66
SBA,10/12/2025 16:35,29.66
SBA,10/12/2025 16:40,29.66
SBA,10/12/2025 16:45,29.66
SBA,10/12/2025 16:50,29.66
SBA,10/12/2025 16:55,29.66
SBA,10/12/2025 17:00,29.66
SBA,10/12/2025 17:05,29.66
SBA,10/12/2025 17:10,29.65
SBA,10/12/2025 17:15,29.65
SBA,10/12/2025 17:20,29.65
SBA,10/12/2025 17:25,29.65
SBA,10/12/2025 17:30,29.66
SBA,10/12/2025 17:35,29.66
SBA,10/12/2025 17:40,29.66
SBA,10/12/2025 17:45,29.65
SBA,10/12/2025 17:50,29.65
SBA,10/12/2025 17:55,29.65
SBA,10/12/2025 18:00,29.65
SBA,10/12/2025 18:05,29.65
SBA,10/12/2025 18:10,29.65
SBA,10/12/2025 18:15,29.65
SBA,10/12/2025 18:20,29.65
SBA,10/12/2025 18:25,29.64
SBA,10/12/2025 18:30,29.64
SBA,10/12/2025 18:35,29.64
SBA,10/12/2025 18:40,29.64
SBA,10/12/2025 18:45,29.64
SBA,10/12/2025 18:50,29.64
SBA,10/12/2025 18:55,29.64
SBA,10/12/2025 19:00,29.64
SBA,10/12/2025 19:05,29.64
SBA,10/12/2025 19:10,29.64
SBA,10/12/2025 19:15,29.64
SBA,10/12/2025 19:20,29.64
SBA,10/12/2025 19:25,29.64
SBA,10/12/2025 19:30,29.64
SBA,10/12/2025 19:35,29.64
SBA,10/12/2025 19:40,29.64
SBA,10/12/2025 19:45,29.64
SBA,10/12/2025 19:50,29.64
SBA,10/12/2025 19:55,29.64
SBA,10/12/2025 20:00,29.64
SBA,10/12/2025 20:05,29.64
SBA,10/12/2025 20:10,29.64
SBA,10/12/2025 20:15,29.64
SBA,10/12/2025 20:20,29.64
SBA,10/12/2025 20:25,29.64
SBA,10/12/2025 20:30,29.64
SBA,10/12/2025 20:35,29.64
SBA,10/12/2025 20:40,29.64
SBA,10/12/2025 20:45,29.64
SBA,10/12/2025 20:50,29.64
SBA,10/12/2025 20:55,29.64
SBA,10/12/2025 21:00,29.64
SBA,10/12/2025 21:05,29.65
SBA,10/12/2025 21:10,29.65
SBA,10/12/2025 21:15,29.65
SBA,10/12/2025 21:20,29.65
SBA,10/12/2025 21:25,29.65
SBA,10/12/2025 21:30,29.65
SBA,10/12/2025 21:35,29.65
SBA,10/12/2025 21:40,29.65
SBA,10/12/2025 21:45,29.65
SBA,10/12/2025 21:50,29.66
SBA,10/12/2025 21:55,29.66
SBA,10/12/2025 22:00,29.66
SBA,10/12/2025 22:05,29.66
SBA,10/12/2025 22:10,29.66
SBA,10/12/2025 22:15,29.66
SBA,10/12/2025 22:20,29.66
SBA,10/12/2025 22:25,29.66
SBA,10/12/2025 22:30,29.66
SBA,10/12/2025 22:35,29.66
SBA,10/12/2025 22:40,29.66
SBA,10/12/2025 22:45,29.66
SBA,10/12/2025 22:50,29.66
SBA,10/12/2025 22:55,29.66
SBA,10/12/2025 23:00,29.66
SBA,10/12/2025 23:05,29.66
SBA,10/12/2025 23:10,29.67
SBA,10/12/2025 23:15,29.67
SBA,10/12/2025 23:20,29.67
SBA,10/12/2025 23:25,29.67
SBA,10/12/2025 23:30,29.67
SBA,10/12/2025 23:35,29.67
SBA,10/12/2025 23:40,29.67
SBA,10/12/2025 23:45,29.67
SBA,10/12/2025 23:50,29.67
SBA,10/12/2025 23:55,29.67
SBA,10/13/2025 0:00,29.67
SBA,10/13/2025 0:05,29.67
SBA,10/13/2025 0:10,29.67
SBA,10/13/2025 0:15,29.67
SBA,10/13/2025 0:20,29.67
SBA,10/13/2025 0:25,29.67
SBA,10/13/2025 0:30,29.67
SBA,10/13/2025 0:35,29.67
SBA,10/13/2025 0:40,29.67
SBA,10/13/2025 0:45,29.67
SBA,10/13/2025 0:50,29.67
SBA,10/13/2025 0:55,29.67
SBA,10/13/2025 1:00,29.67
SBA,10/13/2025 1:05,29.67
SBA,10/13/2025 1:10,29.67
SBA,10/13/2025 1:15,29.68
SBA,10/13/2025 1:20,29.68
SBA,10/13/2025 1:25,29.68
SBA,10/13/2025 1:30,29.68
SBA,10/13/2025 1:35,29.69
SBA,10/13/2025 1:40,29.69
SBA,10/13/2025 1:45,29.69
SBA,10/13/2025 1:50,29.69
SBA,10/13/2025 1:55,29.69
SBA,10/13/2025 2:00,29.69
SBA,10/13/2025 2:05,29.69
SBA,10/13/2025 2:10,29.69
SBA,10/13/2025 2:15,29.7
SBA,10/13/2025 2:20,29.7
SBA,10/13/2025 2:25,29.7
SBA,10/13/2025 2:30,29.7
SBA,10/13/2025 2:35,29.7
SBA,10/13/2025 2:40,29.7
SBA,10/13/2025 2:45,29.7
SBA,10/13/2025 2:50,29.7
SBA,10/13/2025 2:55,29.7
SBA,10/13/2025 3:00,29.7
SBA,10/13/2025 3:05,29.7
SBA,10/13/2025 3:10,29.7
SBA,10/13/2025 3:15,29.7
SBA,10/13/2025 3:20,29.7
SBA,10/13/2025 3:25,29.7
SBA,10/13/2025 3:30,29.7
SBA,10/13/2025 3:35,29.7
SBA,10/13/2025 3:40,29.7
SBA,10/13/2025 3:45,29.7
SBA,10/13/2025 3:50,29.7
SBA,10/13/2025 3:55,29.7
SBA,10/13/2025 4:00,29.7
SBA,10/13/2025 4:05,29.7
SBA,10/13/2025 4:10,29.7
SBA,10/13/2025 4:15,29.7
SBA,10/13/2025 4:20,29.7
SBA,10/13/2025 4:25,29.7
SBA,10/13/2025 4:30,29.7
SBA,10/13/2025 4:35,29.7
SBA,10/13/2025 4:40,29.7
SBA,10/13/2025 4:45,29.7
SBA,10/13/2025 4:50,29.7
SBA,10/13/2025 4:55,29.7
SBA,10/13/2025 5:00,29.7
SBA,10/13/2025 5:05,29.71
SBA,10/13/2025 5:10,29.71
SBA,10/13/2025 5:15,29.71
SBA,10/13/2025 5:20,29.71
SBA,10/13/2025 5:25,29.71
SBA,10/13/2025 5:30,29.71
SBA,10/13/2025 5:35,29.71
SBA,10/13/2025 5:40,29.71
SBA,10/13/2025 5:45,29.71
SBA,10/13/2025 5:50,29.72
SBA,10/13/2025 5:55,29.72
SBA,10/13/2025 6:00,29.72
SBA,10/13/2025 6:05,29.72
SBA,10/13/2025 6:10,29.72
SBA,10/13/2025 6:15,29.72
SBA,10/13/2025 6:20,29.72
SBA,10/13/2025 6:25,29.72
SBA,10/13/2025 6:30,29.72
SBA,10/13/2025 6:35,29.73
SBA,10/13/2025 6:40,29.73
SBA,10/13/2025 6:45,29.73
SBA,10/13/2025 6:50,29.73
SBA,10/13/2025 6:55,29.73
SBA,10/13/2025 7:00,29.73
SBA,10/13/2025 7:05,29.73
SBA,10/13/2025 7:10,29.73
SBA,10/13/2025 7:15,29.73
SBA,10/13/2025 7:20,29.73
SBA,10/13/2025 7:25,29.73
SBA,10/13/2025 7:30,29.73
SBA,10/13/2025 7:35,29.73
SBA,10/13/2025 7:40,29.73
SBA,10/13/2025 7:45,29.73
SBA,10/13/2025 7:50,29.73
SBA,10/13/2025 7:55,29.74
SBA,10/13/2025 8:00,29.74
SBA,10/13/2025 8:05,29.74
SBA,10/13/2025 8:10,29.74
SBA,10/13/2025 8:15,29.74
SBA,10/13/2025 8:20,29.74
SBA,10/13/2025 8:25,29.74
SBA,10/13/2025 8:30,29.74
SBA,10/13/2025 8:35,29.75
SBA,10/13/2025 8:40,29.75
SBA,10/13/2025 8:45,29.75
SBA,10/13/2025 8:50,29.75
SBA,10/13/2025 8:55,29.75
SBA,10/13/2025 9:00,29.75
SBA,10/13/2025 9:05,29.75
SBA,10/13/2025 9:10,29.76
SBA,10/13/2025 9:15,29.76
SBA,10/13/2025 9:20,29.76
SBA,10/13/2025 9:25,29.76
SBA,10/13/2025 9:30,29.76
SBA,10/13/2025 9:35,29.76
SBA,10/13/2025 9:40,29.76
SBA,10/13/2025 9:45,29.76
SBA,10/13/2025 9:50,29.76
SBA,10/13/2025 9:55,29.76
SBA,10/13/2025 10:00,29.76
SBA,10/13/2025 10:05,29.76
SBA,10/13/2025 10:10,29.76
SBA,10/13/2025 10:15,29.76
SBA,10/13/2025 10:20,29.76
SBA,10/13/2025 10:25,29.76
SBA,10/13/2025 10:30,29.76
SBA,10/13/2025 10:35,29.76
SBA,10/13/2025 10:40,29.76
SBA,10/13/2025 10:45,29.76
SBA,10/13/2025 10:50,29.76
SBA,10/13/2025 10:55,29.76
SBA,10/13/2025 11:00,29.77
SBA,10/13/2025 11:05,29.77
SBA,10/13/2025 11:10,29.77
SBA,10/13/2025 11:15,29.76
SBA,10/13/2025 11:20,29.76
SBA,10/13/2025 11:25,29.76
SBA,10/13/2025 11:30,29.76
SBA,10/13/2025 11:35,29.76
SBA,10/13/2025 11:40,29.76
SBA,10/13/2025 11:45,29.76
SBA,10/13/2025 11:50,29.76
SBA,10/13/2025 11:55,29.76
SBA,10/13/2025 12:00,29.76
SBA,10/13/2025 12:05,29.76
SBA,10/13/2025 12:10,29.76
SBA,10/13/2025 12:15,29.76
SBA,10/13/2025 12:20,29.75
SBA,10/13/2025 12:25,29.75
SBA,10/13/2025 12:30,29.75
SBA,10/13/2025 12:35,29.75
SBA,10/13/2025 12:40,29.75
SBA,10/13/2025 12:45,29.75
SBA,10/13/2025 12:50,29.75
SBA,10/13/2025 12:55,29.76
SBA,10/13/2025 13:00,29.75
SBA,10/13/2025 13:05,29.75
SBA,10/13/2025 13:10,29.75
SBA,10/13/2025 13:15,29.75
SBA,10/13/2025 13:20,29.75
SBA,10/13/2025 13:25,29.75
SBA,10/13/2025 13:30,29.74
SBA,10/13/2025 13:35,29.74
SBA,10/13/2025 13:40,29.74
SBA,10/13/2025 13:45,29.73
SBA,10/13/2025 13:50,29.73
SBA,10/13/2025 13:55,29.73
SBA,10/13/2025 14:00,29.73
SBA,10/13/2025 14:05,29.73
SBA,10/13/2025 14:10,29.73
SBA,10/13/2025 14:15,29.72
SBA,10/13/2025 14:20,29.72
SBA,10/13/2025 14:25,29.72
SBA,10/13/2025 14:30,29.72
SBA,10/13/2025 14:35,29.72
SBA,10/13/2025 14:40,29.72
SBA,10/13/2025 14:45,29.72
SBA,10/13/2025 14:50,29.72
SBA,10/13/2025 14:55,29.72
SBA,10/13/2025 15:00,29.72
SBA,10/13/2025 15:05,29.72
SBA,10/13/2025 15:10,29.72
SBA,10/13/2025 15:15,29.72
SBA,10/13/2025 15:20,29.72
SBA,10/13/2025 15:25,29.73
SBA,10/13/2025 15:30,29.72
SBA,10/13/2025 15:35,29.72
SBA,10/13/2025 15:40,29.72
SBA,10/13/2025 15:45,29.72
SBA,10/13/2025 15:50,29.72
SBA,10/13/2025 15:55,29.72
SBA,10/13/2025 16:00,29.72
SBA,10/13/2025 16:05,29.72
SBA,10/13/2025 16:10,29.72
SBA,10/13/2025 16:15,29.72
SBA,10/13/2025 16:20,29.72
SBA,10/13/2025 16:25,29.72
SBA,10/13/2025 16:30,29.72
SBA,10/13/2025 16:35,29.72
SBA,10/13/2025 16:40,29.72
SBA,10/13/2025 16:45,29.72
SBA,10/13/2025 16:50,29.72
SBA,10/13/2025 16:55,29.72
SBA,10/13/2025 17:00,29.72
SBA,10/13/2025 17:05,29.72
SBA,10/13/2025 17:10,29.72
SBA,10/13/2025 17:15,29.72
SBA,10/13/2025 17:20,29.72
SBA,10/13/2025 17:25,29.72
SBA,10/13/2025 17:30,29.72
SBA,10/13/2025 17:35,29.73
SBA,10/13/2025 17:40,29.73
SBA,10/13/2025 17:45,29.73
SBA,10/13/2025 17:50,29.72
SBA,10/13/2025 17:55,29.72
SBA,10/13/2025 18:00,29.72
SBA,10/13/2025 18:05,29.72
SBA,10/13/2025 18:10,29.73
SBA,10/13/2025 18:15,29.73
SBA,10/13/2025 18:20,29.73
SBA,10/13/2025 18:25,29.73
SBA,10/13/2025 18:30,29.73
SBA,10/13/2025 18:35,29.73
SBA,10/13/2025 18:40,29.74
SBA,10/13/2025 18:45,29.74
SBA,10/13/2025 18:50,29.74
SBA,10/13/2025 18:55,29.74
SBA,10/13/2025 19:00,29.74
SBA,10/13/2025 19:05,29.74
SBA,10/13/2025 19:10,29.75
SBA,10/13/2025 19:15,29.75
SBA,10/13/2025 19:20,29.75
SBA,10/13/2025 19:25,29.75
SBA,10/13/2025 19:30,29.75
SBA,10/13/2025 19:35,29.75
SBA,10/13/2025 19:40,29.75
SBA,10/13/2025 19:45,29.75
SBA,10/13/2025 19:50,29.75
SBA,10/13/2025 19:55,29.75
SBA,10/13/2025 20:00,29.75
SBA,10/13/2025 20:05,29.75
SBA,10/13/2025 20:10,29.74
SBA,10/13/2025 20:15,29.75
SBA,10/13/2025 20:20,29.75
SBA,10/13/2025 20:25,29.75
SBA,10/13/2025 20:30,29.75
SBA,10/13/2025 20:35,29.75
SBA,10/13/2025 20:40,29.75
SBA,10/13/2025 20:45,29.75
SBA,10/13/2025 20:50,29.75
SBA,10/13/2025 20:55,29.75
SBA,10/13/2025 21:00,29.76
SBA,10/13/2025 21:05,29.76
SBA,10/13/2025 21:10,29.75
SBA,10/13/2025 21:15,29.75
SBA,10/13/2025 21:20,29.76
SBA,10/13/2025 21:25,29.76
SBA,10/13/2025 21:30,29.76
SBA,10/13/2025 21:35,29.76
SBA,10/13/2025 21:40,29.76
SBA,10/13/2025 21:45,29.75
SBA,10/13/2025 21:50,29.75
SBA,10/13/2025 21:55,29.75
SBA,10/13/2025 22:00,29.75
SBA,10/13/2025 22:05,29.75
SBA,10/13/2025 22:10,29.75
SBA,10/13/2025 22:15,29.76
SBA,10/13/2025 22:20,29.76
SBA,10/13/2025 22:25,29.76
SBA,10/13/2025 22:30,29.76
SBA,10/13/2025 22:35,29.76
SBA,10/13/2025 22:40,29.76
SBA,10/13/2025 22:45,29.75
SBA,10/13/2025 22:50,29.76
SBA,10/13/2025 22:55,29.75
SBA,10/13/2025 23:00,29.75
SBA,10/13/2025 23:05,29.75
SBA,10/13/2025 23:10,29.75
SBA,10/13/2025 23:15,29.75
SBA,10/13/2025 23:20,29.76
SBA,10/13/2025 23:25,29.75
SBA,10/13/2025 23:30,29.75
SBA,10/13/2025 23:35,29.75
SBA,10/13/2025 23:40,29.75
SBA,10/13/2025 23:45,29.75
SBA,10/13/2025 23:50,29.75
SBA,10/13/2025 23:55,29.75
SBA,10/14/2025 0:00,29.74
SBA,10/14/2025 0:05,29.75
SBA,10/14/2025 0:10,29.75
SBA,10/14/2025 0:15,29.74
SBA,10/14/2025 0:20,29.74
SBA,10/14/2025 0:25,29.74
SBA,10/14/2025 0:30,29.74
SBA,10/14/2025 0:35,29.74
SBA,10/14/2025 0:40,29.74
SBA,10/14/2025 0:45,29.74
SBA,10/14/2025 0:50,29.74
SBA,10/14/2025 0:55,29.74
SBA,10/14/2025 1:00,29.74
SBA,10/14/2025 1:05,29.74
SBA,10/14/2025 1:10,29.74
SBA,10/14/2025 1:15,29.74
SBA,10/14/2025 1:20,29.74
SBA,10/14/2025 1:25,29.74
SBA,10/14/2025 1:30,29.74
SBA,10/14/2025 1:35,29.74
SBA,10/14/2025 1:40,29.74
SBA,10/14/2025 1:45,29.74
SBA,10/14/2025 1:50,29.74
SBA,10/14/2025 1:55,29.74
SBA,10/14/2025 2:00,29.74
SBA,10/14/2025 2:05,29.74
SBA,10/14/2025 2:10,29.74
SBA,10/14/2025 2:15,29.74
SBA,10/14/2025 2:20,29.73
SBA,10/14/2025 2:25,29.73
SBA,10/14/2025 2:30,29.73
SBA,10/14/2025 2:35,29.73
SBA,10/14/2025 2:40,29.73
SBA,10/14/2025 2:45,29.72
SBA,10/14/2025 2:50,29.72
SBA,10/14/2025 2:55,29.73
SBA,10/14/2025 3:00,29.73
SBA,10/14/2025 3:05,29.72
SBA,10/14/2025 3:10,29.72
SBA,10/14/2025 3:15,29.72
SBA,10/14/2025 3:20,29.72
SBA,10/14/2025 3:25,29.71
SBA,10/14/2025 3:30,29.71
SBA,10/14/2025 3:35,29.71
SBA,10/14/2025 3:40,29.71
SBA,10/14/2025 3:45,29.71
SBA,10/14/2025 3:50,29.71
SBA,10/14/2025 3:55,29.7
SBA,10/14/2025 4:00,29.7
SBA,10/14/2025 4:05,29.7
SBA,10/14/2025 4:10,29.7
SBA,10/14/2025 4:15,29.71
SBA,10/14/2025 4:20,29.71
SBA,10/14/2025 4:25,29.72
SBA,10/14/2025 4:30,29.72
SBA,10/14/2025 4:35,29.72
SBA,10/14/2025 4:40,29.72
SBA,10/14/2025 4:45,29.72
SBA,10/14/2025 4:50,29.72
SBA,10/14/2025 4:55,29.72
SBA,10/14/2025 5:00,29.72
SBA,10/14/2025 5:05,29.73
SBA,10/14/2025 5:10,29.73
SBA,10/14/2025 5:15,29.73
SBA,10/14/2025 5:20,29.73
SBA,10/14/2025 5:25,29.73
SBA,10/14/2025 5:30,29.72
SBA,10/14/2025 5:35,29.72
SBA,10/14/2025 5:40,29.72
SBA,10/14/2025 5:45,29.73
SBA,10/14/2025 5:50,29.73
SBA,10/14/2025 5:55,29.75
SBA,10/14/2025 6:00,29.74
SBA,10/14/2025 6:05,29.75
SBA,10/14/2025 6:10,29.75
SBA,10/14/2025 6:15,29.74
SBA,10/14/2025 6:20,29.73
SBA,10/14/2025 6:25,29.73
SBA,10/14/2025 6:30,29.74
SBA,10/14/2025 6:35,29.74
SBA,10/14/2025 6:40,29.75
SBA,10/14/2025 6:45,29.76
SBA,10/14/2025 6:50,29.75
SBA,10/14/2025 6:55,29.75
SBA,10/14/2025 7:00,29.75
SBA,10/14/2025 7:05,29.75
SBA,10/14/2025 7:10,29.76
SBA,10/14/2025 7:15,29.77
SBA,10/14/2025 7:20,29.77
SBA,10/14/2025 7:25,29.77
SBA,10/14/2025 7:30,29.76
SBA,10/14/2025 7:35,29.75
SBA,10/14/2025 7:40,29.76
SBA,10/14/2025 7:45,29.76
SBA,10/14/2025 7:50,29.76
SBA,10/14/2025 7:55,29.76
SBA,10/14/2025 8:00,29.77
SBA,10/14/2025 8:05,29.77
SBA,10/14/2025 8:10,29.77
SBA,10/14/2025 8:15,29.79
SBA,10/14/2025 8:20,29.79
SBA,10/14/2025 8:25,29.79
SBA,10/14/2025 8:30,29.79
SBA,10/14/2025 8:35,29.78
SBA,10/14/2025 8:40,29.78
SBA,10/14/2025 8:45,29.78
SBA,10/14/2025 8:50,29.78
SBA,10/14/2025 8:55,29.79
SBA,10/14/2025 9:00,29.79
SBA,10/14/2025 9:05,29.79
SBA,10/14/2025 9:10,29.79
SBA,10/14/2025 9:15,29.8
SBA,10/14/2025 9:20,29.8
SBA,10/14/2025 9:25,29.8
SBA,10/14/2025 9:30,29.81
SBA,10/14/2025 9:35,29.81
SBA,10/14/2025 9:40,29.81
SBA,10/14/2025 9:45,29.81
SBA,10/14/2025 9:50,29.81
SBA,10/14/2025 9:55,29.81
SBA,10/14/2025 10:00,29.81
SBA,10/14/2025 10:05,29.81
SBA,10/14/2025 10:10,29.81
SBA,10/14/2025 10:15,29.81
SBA,10/14/2025 10:20,29.82
SBA,10/14/2025 10:25,29.82
SBA,10/14/2025 10:30,29.82
SBA,10/14/2025 10:35,29.82
SBA,10/14/2025 10:40,29.82
SBA,10/14/2025 10:45,29.82
SBA,10/14/2025 10:50,29.82
SBA,10/14/2025 10:55,29.82
SBA,10/14/2025 11:00,29.82
SBA,10/14/2025 11:05,29.82
SBA,10/14/2025 11:10,29.82
SBA,10/14/2025 11:15,29.83
SBA,10/14/2025 11:20,29.83
SBA,10/14/2025 11:25,29.83
SBA,10/14/2025 11:30,29.83
SBA,10/14/2025 11:35,29.83
SBA,10/14/2025 11:40,29.83
SBA,10/14/2025 11:45,29.83
SBA,10/14/2025 11:50,29.83
SBA,10/14/2025 11:55,29.83
SBA,10/14/2025 12:00,29.84
SBA,10/14/2025 12:05,29.84
SBA,10/14/2025 12:10,29.84
SBA,10/14/2025 12:15,29.84
SBA,10/14/2025 12:20,29.84
SBA,10/14/2025 12:25,29.84
SBA,10/14/2025 12:30,29.84
SBA,10/14/2025 12:35,29.85
SBA,10/14/2025 12:40,29.85
SBA,10/14/2025 12:45,29.84
SBA,10/14/2025 12:50,29.85
SBA,10/14/2025 12:55,29.85
SBA,10/14/2025 13:00,29.85
SBA,10/14/2025 13:05,29.85
SBA,10/14/2025 13:10,29.85
SBA,10/14/2025 13:15,29.85
SBA,10/14/2025 13:20,29.85
SBA,10/14/2025 13:25,29.85
SBA,10/14/2025 13:30,29.85
SBA,10/14/2025 13:35,29.85
SBA,10/14/2025 13:40,29.85
SBA,10/14/2025 13:45,29.85
SBA,10/14/2025 13:50,29.85
SBA,10/14/2025 13:55,29.85
SBA,10/14/2025 14:00,29.85
SBA,10/14/2025 14:05,29.85
SBA,10/14/2025 14:10,29.85
SBA,10/14/2025 14:15,29.85
SBA,10/14/2025 14:20,29.85
SBA,10/14/2025 14:25,29.85
SBA,10/14/2025 14:30,29.86
SBA,10/14/2025 14:35,29.86
SBA,10/14/2025 14:40,29.86
SBA,10/14/2025 14:45,29.86
SBA,10/14/2025 14:50,29.86
SBA,10/14/2025 14:55,29.86
SBA,10/14/2025 15:00,29.86
SBA,10/14/2025 15:05,29.86
SBA,10/14/2025 15:10,29.87
SBA,10/14/2025 15:15,29.87
SBA,10/14/2025 15:20,29.87
SBA,10/14/2025 15:25,29.87
SBA,10/14/2025 15:30,29.87
SBA,10/14/2025 15:35,29.87
SBA,10/14/2025 15:40,29.87
SBA,10/14/2025 15:45,29.88
SBA,10/14/2025 15:50,29.88
SBA,10/14/2025 15:55,29.88
SBA,10/14/2025 16:00,29.88
SBA,10/14/2025 16:05,29.88
SBA,10/14/2025 16:10,29.88
SBA,10/14/2025 16:15,29.88
SBA,10/14/2025 16:20,29.88
SBA,10/14/2025 16:25,29.88
SBA,10/14/2025 16:30,29.88
SBA,10/14/2025 16:35,29.88
SBA,10/14/2025 16:40,29.89
SBA,10/14/2025 16:45,29.89
SBA,10/14/2025 16:50,29.89
SBA,10/14/2025 16:55,29.89
SBA,10/14/2025 17:00,29.89
SBA,10/14/2025 17:05,29.89
SBA,10/14/2025 17:10,29.89
SBA,10/14/2025 17:15,29.89
SBA,10/14/2025 17:20,29.89
SBA,10/14/2025 17:25,29.89
SBA,10/14/2025 17:30,29.89
SBA,10/14/2025 17:35,29.89
SBA,10/14/2025 17:40,29.89
SBA,10/14/2025 17:45,29.89
SBA,10/14/2025 17:50,29.89
SBA,10/14/2025 17:55,29.9
SBA,10/14/2025 18:00,29.9
SBA,10/14/2025 18:05,29.9
SBA,10/14/2025 18:10,29.9
SBA,10/14/2025 18:15,29.9
SBA,10/14/2025 18:20,29.91
SBA,10/14/2025 18:25,29.91
SBA,10/14/2025 18:30,29.9
SBA,10/14/2025 18:35,29.91
SBA,10/14/2025 18:40,29.91
SBA,10/14/2025 18:45,29.91
SBA,10/14/2025 18:50,29.91
SBA,10/14/2025 18:55,29.91
SBA,10/14/2025 19:00,29.92
SBA,10/14/2025 19:05,29.92
SBA,10/14/2025 19:10,29.92
SBA,10/14/2025 19:15,29.92
SBA,10/14/2025 19:20,29.93
SBA,10/14/2025 19:25,29.93
SBA,10/14/2025 19:30,29.93
SBA,10/14/2025 19:35,29.94
SBA,10/14/2025 19:40,29.94
SBA,10/14/2025 19:45,29.94
SBA,10/14/2025 19:50,29.94
SBA,10/14/2025 19:55,29.94
SBA,10/14/2025 20:00,29.94
SBA,10/14/2025 20:05,29.94
SBA,10/14/2025 20:10,29.94
SBA,10/14/2025 20:15,29.94
SBA,10/14/2025 20:20,29.94
SBA,10/14/2025 20:25,29.94
SBA,10/14/2025 20:30,29.94
SBA,10/14/2025 20:35,29.95
SBA,10/14/2025 20:40,29.95
SBA,10/14/2025 20:45,29.95
SBA,10/14/2025 20:50,29.95
SBA,10/14/2025 20:55,29.95
SBA,10/14/2025 21:00,29.95
SBA,10/14/2025 21:05,29.95
SBA,10/14/2025 21:10,29.95
SBA,10/14/2025 21:15,29.95
SBA,10/14/2025 21:20,29.96
SBA,10/14/2025 21:25,29.96
SBA,10/14/2025 21:30,29.96
SBA,10/14/2025 21:35,29.96
SBA,10/14/2025 21:40,29.96
SBA,10/14/2025 21:45,29.96
SBA,10/14/2025 21:50,29.97
SBA,10/14/2025 21:55,29.97
SBA,10/14/2025 22:00,29.97
SBA,10/14/2025 22:05,29.97
SBA,10/14/2025 22:10,29.97
SBA,10/14/2025 22:15,29.97
SBA,10/14/2025 22:20,29.97
SBA,10/14/2025 22:25,29.97
SBA,10/14/2025 22:30,29.97
SBA,10/14/2025 22:35,29.97
SBA,10/14/2025 22:40,29.97
SBA,10/14/2025 22:45,29.97
SBA,10/14/2025 22:50,29.97
SBA,10/14/2025 22:55,29.97
SBA,10/14/2025 23:00,29.97
SBA,10/14/2025 23:05,29.97
SBA,10/14/2025 23:10,29.97
SBA,10/14/2025 23:15,29.97
SBA,10/14/2025 23:20,29.98
SBA,10/14/2025 23:25,29.98
SBA,10/14/2025 23:30,29.98
SBA,10/14/2025 23:35,29.98
SBA,10/14/2025 23:40,29.98
SBA,10/14/2025 23:45,29.98
SBA,10/14/2025 23:50,29.98
SBA,10/14/2025 23:55,29.98
SBA,10/15/2025 0:00,29.98
SBA,10/15/2025 0:05,29.98
SBA,10/15/2025 0:10,29.98
SBA,10/15/2025 0:15,29.98
SBA,10/15/2025 0:20,29.98
SBA,10/15/2025 0:25,29.98
SBA,10/15/2025 0:30,29.98
SBA,10/15/2025 0:35,29.98
SBA,10/15/2025 0:40,29.98
SBA,10/15/2025 0:45,29.98
SBA,10/15/2025 0:50,29.98
SBA,10/15/2025 0:55,29.98
SBA,10/15/2025 1:00,29.98
SBA,10/15/2025 1:05,29.98
SBA,10/15/2025 1:10,29.98
SBA,10/15/2025 1:15,29.98
SBA,10/15/2025 1:20,29.98
SBA,10/15/2025 1:25,29.98
SBA,10/15/2025 1:30,29.98
SBA,10/15/2025 1:35,29.98
SBA,10/15/2025 1:40,29.98
SBA,10/15/2025 1:45,29.98
SBA,10/15/2025 1:50,29.98
SBA,10/15/2025 1:55,29.98
SBA,10/15/2025 2:00,29.98
SBA,10/15/2025 2:05,29.99
SBA,10/15/2025 2:10,29.99
SBA,10/15/2025 2:15,29.99
SBA,10/15/2025 2:20,29.99
SBA,10/15/2025 2:25,29.99
SBA,10/15/2025 2:30,29.99
SBA,10/15/2025 2:35,29.99
SBA,10/15/2025 2:40,29.99
SBA,10/15/2025 2:45,29.99
SBA,10/15/2025 2:50,29.99
SBA,10/15/2025 2:55,29.99
SBA,10/15/2025 3:00,29.99
SBA,10/15/2025 3:05,29.98
SBA,10/15/2025 3:10,29.98
SBA,10/15/2025 3:15,29.98
SBA,10/15/2025 3:20,29.98
SBA,10/15/2025 3:25,29.98
SBA,10/15/2025 3:30,29.98
SBA,10/15/2025 3:35,29.98
SBA,10/15/2025 3:40,29.98
SBA,10/15/2025 3:45,29.98
SBA,10/15/2025 3:50,29.98
SBA,10/15/2025 3:55,29.98
SBA,10/15/2025 4:00,29.98
SBA,10/15/2025 4:05,29.98
SBA,10/15/2025 4:10,29.98
SBA,10/15/2025 4:15,29.98
SBA,10/15/2025 4:20,29.98
SBA,10/15/2025 4:25,29.98
SBA,10/15/2025 4:30,29.98
SBA,10/15/2025 4:35,29.98
SBA,10/15/2025 4:40,29.99
SBA,10/15/2025 4:45,29.99
SBA,10/15/2025 4:50,29.98
SBA,10/15/2025 4:55,29.99
SBA,10/15/2025 5:00,29.99
SBA,10/15/2025 5:05,29.99
SBA,10/15/2025 5:10,29.99
SBA,10/15/2025 5:15,29.99
SBA,10/15/2025 5:20,29.99
SBA,10/15/2025 5:25,29.99
SBA,10/15/2025 5:30,30
SBA,10/15/2025 5:35,30
SBA,10/15/2025 5:40,30
SBA,10/15/2025 5:45,30
SBA,10/15/2025 5:50,30
SBA,10/15/2025 5:55,30
SBA,10/15/2025 6:00,30
SBA,10/15/2025 6:05,30.01
SBA,10/15/2025 6:10,30.01
SBA,10/15/2025 6:15,30.01
SBA,10/15/2025 6:20,30.01
SBA,10/15/2025 6:25,30.01
SBA,10/15/2025 6:30,30.01
SBA,10/15/2025 6:35,30.01
SBA,10/15/2025 6:40,30.01
SBA,10/15/2025 6:45,30.01
SBA,10/15/2025 6:50,30.01
SBA,10/15/2025 6:55,30.01
SBA,10/15/2025 7:00,30.01
SBA,10/15/2025 7:05,30.01
SBA,10/15/2025 7:10,30.01
SBA,10/15/2025 7:15,30.02
SBA,10/15/2025 7:20,30.02
SBA,10/15/2025 7:25,30.02
SBA,10/15/2025 7:30,30.02
SBA,10/15/2025 7:35,30.02
SBA,10/15/2025 7:40,30.02
SBA,10/15/2025 7:45,30.02
SBA,10/15/2025 7:50,30.02
SBA,10/15/2025 7:55,30.02
SBA,10/15/2025 8:00,30.02
SBA,10/15/2025 8:05,30.02
SBA,10/15/2025 8:10,30.02
SBA,10/15/2025 8:15,30.03
SBA,10/15/2025 8:20,30.03
SBA,10/15/2025 8:25,30.03
SBA,10/15/2025 8:30,30.03
SBA,10/15/2025 8:35,30.03
SBA,10/15/2025 8:40,30.03
SBA,10/15/2025 8:45,30.03
SBA,10/15/2025 8:50,30.03
SBA,10/15/2025 8:55,30.03
SBA,10/15/2025 9:00,30.03
SBA,10/15/2025 9:05,30.03
SBA,10/15/2025 9:10,30.03
SBA,10/15/2025 9:15,30.03
SBA,10/15/2025 9:20,30.03
SBA,10/15/2025 9:25,30.03
SBA,10/15/2025 9:30,30.03
SBA,10/15/2025 9:35,30.03
SBA,10/15/2025 9:40,30.03
SBA,10/15/2025 9:45,30.03
SBA,10/15/2025 9:50,30.03
SBA,10/15/2025 9:55,30.03
SBA,10/15/2025 10:00,30.03
SBA,10/15/2025 10:05,30.03
SBA,10/15/2025 10:10,30.03
SBA,10/15/2025 10:15,30.03
SBA,10/15/2025 10:20,30.03
SBA,10/15/2025 10:25,30.03
SBA,10/15/2025 10:30,30.03
SBA,10/15/2025 10:35,30.03
SBA,10/15/2025 10:40,30.03
SBA,10/15/2025 10:45,30.03
SBA,10/15/2025 10:50,30.03
SBA,10/15/2025 10:55,30.03
SBA,10/15/2025 11:00,30.03
SBA,10/15/2025 11:05,30.03
SBA,10/15/2025 11:10,30.03
SBA,10/15/2025 11:15,30.03
SBA,10/15/2025 11:20,30.03
SBA,10/15/2025 11:25,30.03
SBA,10/15/2025 11:30,30.03
SBA,10/15/2025 11:35,30.03
SBA,10/15/2025 11:40,30.03
SBA,10/15/2025 11:45,30.03
SBA,10/15/2025 11:50,30.02
SBA,10/15/2025 11:55,30.02
SBA,10/15/2025 12:00,30.02
SBA,10/15/2025 12:05,30.02
SBA,10/15/2025 12:10,30.02
SBA,10/15/2025 12:15,30.02
SBA,10/15/2025 12:20,30.01
SBA,10/15/2025 12:25,30.01
SBA,10/15/2025 12:30,30.01
SBA,10/15/2025 12:35,30.01
SBA,10/15/2025 12:40,30.01
SBA,10/15/2025 12:45,30.01
SBA,10/15/2025 12:50,30
SBA,10/15/2025 12:55,30
SBA,10/15/2025 13:00,30
SBA,10/15/2025 13:05,30
SBA,10/15/2025 13:10,30
SBA,10/15/2025 13:15,29.99
SBA,10/15/2025 13:20,29.99
SBA,10/15/2025 13:25,29.99
SBA,10/15/2025 13:30,29.99
SBA,10/15/2025 13:35,29.98
SBA,10/15/2025 13:40,29.98
SBA,10/15/2025 13:45,29.98
SBA,10/15/2025 13:50,29.98
SBA,10/15/2025 13:55,29.98
SBA,10/15/2025 14:00,29.97
SBA,10/15/2025 14:05,29.97
SBA,10/15/2025 14:10,29.97
SBA,10/15/2025 14:15,29.97
SBA,10/15/2025 14:20,29.97
SBA,10/15/2025 14:25,29.96
SBA,10/15/2025 14:30,29.96
SBA,10/15/2025 14:35,29.96
SBA,10/15/2025 14:40,29.96
SBA,10/15/2025 14:45,29.96
SBA,10/15/2025 14:50,29.95
SBA,10/15/2025 14:55,29.95
SBA,10/15/2025 15:00,29.95
SBA,10/15/2025 15:05,29.95
SBA,10/15/2025 15:10,29.95
SBA,10/15/2025 15:15,29.94
SBA,10/15/2025 15:20,29.94
SBA,10/15/2025 15:25,29.94
SBA,10/15/2025 15:30,29.94
SBA,10/15/2025 15:35,29.94
SBA,10/15/2025 15:40,29.94
SBA,10/15/2025 15:45,29.94
SBA,10/15/2025 15:50,29.94
SBA,10/15/2025 15:55,29.94
SBA,10/15/2025 16:00,29.94
SBA,10/15/2025 16:05,29.94
SBA,10/15/2025 16:10,29.94
SBA,10/15/2025 16:15,29.94
SBA,10/15/2025 16:20,29.94
SBA,10/15/2025 16:25,29.94
SBA,10/15/2025 16:30,29.94
SBA,10/15/2025 16:35,29.94
SBA,10/15/2025 16:40,29.94
SBA,10/15/2025 16:45,29.94
SBA,10/15/2025 16:50,29.94
SBA,10/15/2025 16:55,29.94
SBA,10/15/2025 17:00,29.94
SBA,10/15/2025 17:05,29.94
SBA,10/15/2025 17:10,29.94
SBA,10/15/2025 17:15,29.94
SBA,10/15/2025 17:20,29.94
SBA,10/15/2025 17:25,29.94
SBA,10/15/2025 17:30,29.94
SBA,10/15/2025 17:35,29.94
SBA,10/15/2025 17:40,29.94
SBA,10/15/2025 17:45,29.94
SBA,10/15/2025 17:50,29.94
SBA,10/15/2025 17:55,29.94
SBA,10/15/2025 18:00,29.94
SBA,10/15/2025 18:05,29.94
SBA,10/15/2025 18:10,29.94
SBA,10/15/2025 18:15,29.94
SBA,10/15/2025 18:20,29.94
SBA,10/15/2025 18:25,29.94
SBA,10/15/2025 18:30,29.94
SBA,10/15/2025 18:35,29.94
SBA,10/15/2025 18:40,29.95
SBA,10/15/2025 18:45,29.95
SBA,10/15/2025 18:50,29.95
SBA,10/15/2025 18:55,29.95
SBA,10/15/2025 19:00,29.95
SBA,10/15/2025 19:05,29.95
SBA,10/15/2025 19:10,29.96
SBA,10/15/2025 19:15,29.96
SBA,10/15/2025 19:20,29.96
SBA,10/15/2025 19:25,29.96
SBA,10/15/2025 19:30,29.96
SBA,10/15/2025 19:35,29.95
SBA,10/15/2025 19:40,29.95
SBA,10/15/2025 19:45,29.95
SBA,10/15/2025 19:50,29.95
SBA,10/15/2025 19:55,29.95
SBA,10/15/2025 20:00,29.95
SBA,10/15/2025 20:05,29.95
SBA,10/15/2025 20:10,29.95
SBA,10/15/2025 20:15,29.95
SBA,10/15/2025 20:20,29.95
SBA,10/15/2025 20:25,29.95
SBA,10/15/2025 20:30,29.95
SBA,10/15/2025 20:35,29.96
SBA,10/15/2025 20:40,29.96
SBA,10/15/2025 20:45,29.96
SBA,10/15/2025 20:50,29.96
SBA,10/15/2025 20:55,29.96
SBA,10/15/2025 21:00,29.96
SBA,10/15/2025 21:05,29.96
SBA,10/15/2025 21:10,29.96
SBA,10/15/2025 21:15,29.96
SBA,10/15/2025 21:20,29.97
SBA,10/15/2025 21:25,29.97
SBA,10/15/2025 21:30,29.97
SBA,10/15/2025 21:35,29.97
SBA,10/15/2025 21:40,29.97
SBA,10/15/2025 21:45,29.97
SBA,10/15/2025 21:50,29.97
SBA,10/15/2025 21:55,29.97
SBA,10/15/2025 22:00,29.97
SBA,10/15/2025 22:05,29.97
SBA,10/15/2025 22:10,29.97
SBA,10/15/2025 22:15,29.97
SBA,10/15/2025 22:20,29.97
SBA,10/15/2025 22:25,29.97
SBA,10/15/2025 22:30,29.97
SBA,10/15/2025 22:35,29.97
SBA,10/15/2025 22:40,29.97
SBA,10/15/2025 22:45,29.98
SBA,10/15/2025 22:50,29.98
SBA,10/15/2025 22:55,29.98
SBA,10/15/2025 23:00,29.97
SBA,10/15/2025 23:05,29.98
SBA,10/15/2025 23:10,29.98
SBA,10/15/2025 23:15,29.98
SBA,10/15/2025 23:20,29.98
SBA,10/15/2025 23:25,29.98
SBA,10/15/2025 23:30,29.98
SBA,10/15/2025 23:35,29.98
SBA,10/15/2025 23:40,29.98
SBA,10/15/2025 23:45,29.98
SBA,10/15/2025 23:50,29.98
SBA,10/15/2025 23:55,29.98
SBA,10/16/2025 0:00,29.98
SBA,10/16/2025 0:05,29.98
SBA,10/16/2025 0:10,29.98
SBA,10/16/2025 0:15,29.98
SBA,10/16/2025 0:20,29.98
SBA,10/16/2025 0:25,29.98
SBA,10/16/2025 0:30,29.98
SBA,10/16/2025 0:35,29.98
SBA,10/16/2025 0:40,29.98
SBA,10/16/2025 0:45,29.98
SBA,10/16/2025 0:50,29.98
SBA,10/16/2025 0:55,29.98
SBA,10/16/2025 1:00,29.98
SBA,10/16/2025 1:05,29.98
SBA,10/16/2025 1:10,29.98
SBA,10/16/2025 1:15,29.98
SBA,10/16/2025 1:20,29.98
SBA,10/16/2025 1:25,29.98
SBA,10/16/2025 1:30,29.98
SBA,10/16/2025 1:35,29.98
SBA,10/16/2025 1:40,29.98
SBA,10/16/2025 1:45,29.98
SBA,10/16/2025 1:50,29.98
SBA,10/16/2025 1:55,29.98
SBA,10/16/2025 2:00,29.98
SBA,10/16/2025 2:05,29.98
SBA,10/16/2025 2:10,29.98
SBA,10/16/2025 2:15,29.98
SBA,10/16/2025 2:20,29.98
SBA,10/16/2025 2:25,29.98
SBA,10/16/2025 2:30,29.98
SBA,10/16/2025 2:35,29.97
SBA,10/16/2025 2:40,29.97
SBA,10/16/2025 2:45,29.97
SBA,10/16/2025 2:50,29.97
SBA,10/16/2025 2:55,29.97
SBA,10/16/2025 3:00,29.97
SBA,10/16/2025 3:05,29.97
SBA,10/16/2025 3:10,29.97
SBA,10/16/2025 3:15,29.96
SBA,10/16/2025 3:20,29.96
SBA,10/16/2025 3:25,29.96
SBA,10/16/2025 3:30,29.96
SBA,10/16/2025 3:35,29.96
SBA,10/16/2025 3:40,29.96
SBA,10/16/2025 3:45,29.96
SBA,10/16/2025 3:50,29.95
SBA,10/16/2025 3:55,29.95
SBA,10/16/2025 4:00,29.95
SBA,10/16/2025 4:05,29.95
SBA,10/16/2025 4:10,29.95
SBA,10/16/2025 4:15,29.95
SBA,10/16/2025 4:20,29.95
SBA,10/16/2025 4:25,29.95
SBA,10/16/2025 4:30,29.95
SBA,10/16/2025 4:35,29.95
SBA,10/16/2025 4:40,29.94
SBA,10/16/2025 4:45,29.94
SBA,10/16/2025 4:50,29.94
SBA,10/16/2025 4:55,29.94
SBA,10/16/2025 5:00,29.94
SBA,10/16/2025 5:05,29.93
SBA,10/16/2025 5:10,29.93
SBA,10/16/2025 5:15,29.93
SBA,10/16/2025 5:20,29.93
SBA,10/16/2025 5:25,29.93
SBA,10/16/2025 5:30,29.93
SBA,10/16/2025 5:35,29.93
SBA,10/16/2025 5:40,29.93
SBA,10/16/2025 5:45,29.93
SBA,10/16/2025 5:50,29.93
SBA,10/16/2025 5:55,29.93
SBA,10/16/2025 6:00,29.93
SBA,10/16/2025 6:05,29.93
SBA,10/16/2025 6:10,29.93
SBA,10/16/2025 6:15,29.93
SBA,10/16/2025 6:20,29.93
SBA,10/16/2025 6:25,29.94
SBA,10/16/2025 6:30,29.94
SBA,10/16/2025 6:35,29.94
SBA,10/16/2025 6:40,29.94
SBA,10/16/2025 6:45,29.94
SBA,10/16/2025 6:50,29.94
SBA,10/16/2025 6:55,29.94
SBA,10/16/2025 7:00,29.94
SBA,10/16/2025 7:05,29.94
SBA,10/16/2025 7:10,29.94
SBA,10/16/2025 7:15,29.94
SBA,10/16/2025 7:20,29.94
SBA,10/16/2025 7:25,29.94
SBA,10/16/2025 7:30,29.94
SBA,10/16/2025 7:35,29.94
SBA,10/16/2025 7:40,29.94
SBA,10/16/2025 7:45,29.95
SBA,10/16/2025 7:50,29.95
SBA,10/16/2025 7:55,29.95
SBA,10/16/2025 8:00,29.95
SBA,10/16/2025 8:05,29.95
SBA,10/16/2025 8:10,29.95
SBA,10/16/2025 8:15,29.95
SBA,10/16/2025 8:20,29.95
SBA,10/16/2025 8:25,29.95
SBA,10/16/2025 8:30,29.95
SBA,10/16/2025 8:35,29.95
SBA,10/16/2025 8:40,29.95
SBA,10/16/2025 8:45,29.95
SBA,10/16/2025 8:50,29.95
SBA,10/16/2025 8:55,29.95
SBA,10/16/2025 9:00,29.95
SBA,10/16/2025 9:05,29.95
SBA,10/16/2025 9:10,29.95
SBA,10/16/2025 9:15,29.95
SBA,10/16/2025 9:20,29.95
SBA,10/16/2025 9:25,29.95
SBA,10/16/2025 9:30,29.95
SBA,10/16/2025 9:35,29.95
SBA,10/16/2025 9:40,29.95
SBA,10/16/2025 9:45,29.95
SBA,10/16/2025 9:50,29.95
SBA,10/16/2025 9:55,29.95
SBA,10/16/2025 10:00,29.95
SBA,10/16/2025 10:05,29.95
SBA,10/16/2025 10:10,29.95
SBA,10/16/2025 10:15,29.95
SBA,10/16/2025 10:20,29.95
SBA,10/16/2025 10:25,29.95
SBA,10/16/2025 10:30,29.95
SBA,10/16/2025 10:35,29.95
SBA,10/16/2025 10:40,29.95
SBA,10/16/2025 10:45,29.95
SBA,10/16/2025 10:50,29.95
SBA,10/16/2025 10:55,29.95
SBA,10/16/2025 11:00,29.95
SBA,10/16/2025 11:05,29.95
SBA,10/16/2025 11:10,29.95
SBA,10/16/2025 11:15,29.95
SBA,10/16/2025 11:20,29.95
SBA,10/16/2025 11:25,29.94
SBA,10/16/2025 11:30,29.94
SBA,10/16/2025 11:35,29.94
SBA,10/16/2025 11:40,29.94
SBA,10/16/2025 11:45,29.94
SBA,10/16/2025 11:50,29.94
SBA,10/16/2025 11:55,29.94
SBA,10/16/2025 12:00,29.93
SBA,10/16/2025 12:05,29.93
SBA,10/16/2025 12:10,29.93
SBA,10/16/2025 12:15,29.93
SBA,10/16/2025 12:20,29.93
SBA,10/16/2025 12:25,29.93
SBA,10/16/2025 12:30,29.93
SBA,10/16/2025 12:35,29.93
SBA,10/16/2025 12:40,29.93
SBA,10/16/2025 12:45,29.92
SBA,10/16/2025 12:50,29.92
SBA,10/16/2025 12:55,29.92
SBA,10/16/2025 13:00,29.92
SBA,10/16/2025 13:05,29.92
SBA,10/16/2025 13:10,29.91
SBA,10/16/2025 13:15,29.91
SBA,10/16/2025 13:20,29.91
SBA,10/16/2025 13:25,29.91
SBA,10/16/2025 13:30,29.91
SBA,10/16/2025 13:35,29.91
SBA,10/16/2025 13:40,29.9
SBA,10/16/2025 13:45,29.9
SBA,10/16/2025 13:50,29.9
SBA,10/16/2025 13:55,29.9
SBA,10/16/2025 14:00,29.9
SBA,10/16/2025 14:05,29.9
SBA,10/16/2025 14:10,29.9
SBA,10/16/2025 14:15,29.89
SBA,10/16/2025 14:20,29.89
SBA,10/16/2025 14:25,29.89
SBA,10/16/2025 14:30,29.89
SBA,10/16/2025 14:35,29.89
SBA,10/16/2025 14:40,29.89
SBA,10/16/2025 14:45,29.89
SBA,10/16/2025 14:50,29.89
SBA,10/16/2025 14:55,29.88
SBA,10/16/2025 15:00,29.88
SBA,10/16/2025 15:05,29.88
SBA,10/16/2025 15:10,29.88
SBA,10/16/2025 15:15,29.88
SBA,10/16/2025 15:20,29.87
SBA,10/16/2025 15:25,29.87
SBA,10/16/2025 15:30,29.87
SBA,10/16/2025 15:35,29.87
SBA,10/16/2025 15:40,29.87
SBA,10/16/2025 15:45,29.87
SBA,10/16/2025 15:50,29.87
SBA,10/16/2025 15:55,29.87
SBA,10/16/2025 16:00,29.87
SBA,10/16/2025 16:05,29.87
SBA,10/16/2025 16:10,29.87
SBA,10/16/2025 16:15,29.86
SBA,10/16/2025 16:20,29.86
SBA,10/16/2025 16:25,29.87
SBA,10/16/2025 16:30,29.86
SBA,10/16/2025 16:35,29.86
SBA,10/16/2025 16:40,29.86
SBA,10/16/2025 16:45,29.86
SBA,10/16/2025 16:50,29.86
SBA,10/16/2025 16:55,29.86
SBA,10/16/2025 17:00,29.86
SBA,10/16/2025 17:05,29.86
SBA,10/16/2025 17:10,29.86
SBA,10/16/2025 17:15,29.86
SBA,10/16/2025 17:20,29.86
SBA,10/16/2025 17:25,29.86
SBA,10/16/2025 17:30,29.86
SBA,10/16/2025 17:35,29.86
SBA,10/16/2025 17:40,29.86
SBA,10/16/2025 17:45,29.86
SBA,10/16/2025 17:50,29.86
SBA,10/16/2025 17:55,29.86
SBA,10/16/2025 18:00,29.86
SBA,10/16/2025 18:05,29.86
SBA,10/16/2025 18:10,29.86
SBA,10/16/2025 18:15,29.86
SBA,10/16/2025 18:20,29.86
SBA,10/16/2025 18:25,29.86
SBA,10/16/2025 18:30,29.86
SBA,10/16/2025 18:35,29.86
SBA,10/16/2025 18:40,29.86
SBA,10/16/2025 18:45,29.86
SBA,10/16/2025 18:50,29.86
SBA,10/16/2025 18:55,29.86
SBA,10/16/2025 19:00,29.86
SBA,10/16/2025 19:05,29.86
SBA,10/16/2025 19:10,29.86
SBA,10/16/2025 19:15,29.86
SBA,10/16/2025 19:20,29.86
SBA,10/16/2025 19:25,29.86
SBA,10/16/2025 19:30,29.87
SBA,10/16/2025 19:35,29.87
SBA,10/16/2025 19:40,29.87
SBA,10/16/2025 19:45,29.87
SBA,10/16/2025 19:50,29.87
SBA,10/16/2025 19:55,29.87
SBA,10/16/2025 20:00,29.87
SBA,10/16/2025 20:05,29.87
SBA,10/16/2025 20:10,29.87
SBA,10/16/2025 20:15,29.87
SBA,10/16/2025 20:20,29.88
SBA,10/16/2025 20:25,29.88
SBA,10/16/2025 20:30,29.88
SBA,10/16/2025 20:35,29.88
SBA,10/16/2025 20:40,29.88
SBA,10/16/2025 20:45,29.88
SBA,10/16/2025 20:50,29.88
SBA,10/16/2025 20:55,29.88
SBA,10/16/2025 21:00,29.88
SBA,10/16/2025 21:05,29.88
SBA,10/16/2025 21:10,29.88
SBA,10/16/2025 21:15,29.88
SBA,10/16/2025 21:20,29.88
SBA,10/16/2025 21:25,29.89
SBA,10/16/2025 21:30,29.89
SBA,10/16/2025 21:35,29.89
SBA,10/16/2025 21:40,29.89
SBA,10/16/2025 21:45,29.88
SBA,10/16/2025 21:50,29.88
SBA,10/16/2025 21:55,29.88
SBA,10/16/2025 22:00,29.88
SBA,10/16/2025 22:05,29.89
SBA,10/16/2025 22:10,29.89
SBA,10/16/2025 22:15,29.89
SBA,10/16/2025 22:20,29.88
SBA,10/16/2025 22:25,29.88
SBA,10/16/2025 22:30,29.88
SBA,10/16/2025 22:35,29.88
SBA,10/16/2025 22:40,29.89
SBA,10/16/2025 22:45,29.89
SBA,10/16/2025 22:50,29.89
SBA,10/16/2025 22:55,29.88
SBA,10/16/2025 23:00,29.89
SBA,10/16/2025 23:05,29.89
SBA,10/16/2025 23:10,29.89
SBA,10/16/2025 23:15,29.88
SBA,10/16/2025 23:20,29.88
SBA,10/16/2025 23:25,29.88
SBA,10/16/2025 23:30,29.88
SBA,10/16/2025 23:35,29.88
SBA,10/16/2025 23:40,29.88
SBA,10/16/2025 23:45,29.88
SBA,10/16/2025 23:50,29.88
SBA,10/16/2025 23:55,29.87
SBA,10/17/2025 0:00,29.87
SBA,10/17/2025 0:05,29.87
SBA,10/17/2025 0:10,29.87
SBA,10/17/2025 0:15,29.87
SBA,10/17/2025 0:20,29.87
SBA,10/17/2025 0:25,29.87
SBA,10/17/2025 0:30,29.88
SBA,10/17/2025 0:35,29.88
SBA,10/17/2025 0:40,29.87
SBA,10/17/2025 0:45,29.87
SBA,10/17/2025 0:50,29.87
SBA,10/17/2025 0:55,29.87
SBA,10/17/2025 1:00,29.87
SBA,10/17/2025 1:05,29.87
SBA,10/17/2025 1:10,29.87
SBA,10/17/2025 1:15,29.87
SBA,10/17/2025 1:20,29.87
SBA,10/17/2025 1:25,29.87
SBA,10/17/2025 1:30,29.87
SBA,10/17/2025 1:35,29.87
SBA,10/17/2025 1:40,29.87
SBA,10/17/2025 1:45,29.87
SBA,10/17/2025 1:50,29.87
SBA,10/17/2025 1:55,29.87
SBA,10/17/2025 2:00,29.87
SBA,10/17/2025 2:05,29.87
SBA,10/17/2025 2:10,29.88
SBA,10/17/2025 2:15,29.87
SBA,10/17/2025 2:20,29.88
SBA,10/17/2025 2:25,29.89
SBA,10/17/2025 2:30,29.89
SBA,10/17/2025 2:35,29.89
SBA,10/17/2025 2:40,29.89
SBA,10/17/2025 2:45,29.89
SBA,10/17/2025 2:50,29.89
SBA,10/17/2025 2:55,29.88
SBA,10/17/2025 3:00,29.88
SBA,10/17/2025 3:05,29.88
SBA,10/17/2025 3:10,29.88
SBA,10/17/2025 3:15,29.88
SBA,10/17/2025 3:20,29.88
SBA,10/17/2025 3:25,29.88
SBA,10/17/2025 3:30,29.88
SBA,10/17/2025 3:35,29.88
SBA,10/17/2025 3:40,29.88
SBA,10/17/2025 3:45,29.88
SBA,10/17/2025 3:50,29.88
SBA,10/17/2025 3:55,29.88
SBA,10/17/2025 4:00,29.88
SBA,10/17/2025 4:05,29.88
SBA,10/17/2025 4:10,29.88
SBA,10/17/2025 4:15,29.89
SBA,10/17/2025 4:20,29.89
SBA,10/17/2025 4:25,29.89
SBA,10/17/2025 4:30,29.89
SBA,10/17/2025 4:35,29.89
SBA,10/17/2025 4:40,29.89
SBA,10/17/2025 4:45,29.88
SBA,10/17/2025 4:50,29.89
SBA,10/17/2025 4:55,29.89
SBA,10/17/2025 5:00,29.89
SBA,10/17/2025 5:05,29.89
SBA,10/17/2025 5:10,29.89
SBA,10/17/2025 5:15,29.89
SBA,10/17/2025 5:20,29.89
SBA,10/17/2025 5:25,29.89
SBA,10/17/2025 5:30,29.89
SBA,10/17/2025 5:35,29.89
SBA,10/17/2025 5:40,29.9
SBA,10/17/2025 5:45,29.9
SBA,10/17/2025 5:50,29.9
SBA,10/17/2025 5:55,29.9
SBA,10/17/2025 6:00,29.9
SBA,10/17/2025 6:05,29.91
SBA,10/17/2025 6:10,29.91
SBA,10/17/2025 6:15,29.91
SBA,10/17/2025 6:20,29.91
SBA,10/17/2025 6:25,29.91
SBA,10/17/2025 6:30,29.91
SBA,10/17/2025 6:35,29.91
SBA,10/17/2025 6:40,29.91
SBA,10/17/2025 6:45,29.91
SBA,10/17/2025 6:50,29.91
SBA,10/17/2025 6:55,29.92
SBA,10/17/2025 7:00,29.92
SBA,10/17/2025 7:05,29.92
SBA,10/17/2025 7:10,29.92
SBA,10/17/2025 7:15,29.92
SBA,10/17/2025 7:20,29.92
SBA,10/17/2025 7:25,29.92
SBA,10/17/2025 7:30,29.92
SBA,10/17/2025 7:35,29.92
SBA,10/17/2025 7:40,29.92
SBA,10/17/2025 7:45,29.92
SBA,10/17/2025 7:50,29.92
SBA,10/17/2025 7:55,29.92
SBA,10/17/2025 8:00,29.92
SBA,10/17/2025 8:05,29.92
SBA,10/17/2025 8:10,29.92
SBA,10/17/2025 8:15,29.93
SBA,10/17/2025 8:20,29.93
SBA,10/17/2025 8:25,29.93
SBA,10/17/2025 8:30,29.93
SBA,10/17/2025 8:35,29.93
SBA,10/17/2025 8:40,29.93
SBA,10/17/2025 8:45,29.93
SBA,10/17/2025 8:50,29.94
SBA,10/17/2025 8:55,29.94
SBA,10/17/2025 9:00,29.94
SBA,10/17/2025 9:05,29.94
SBA,10/17/2025 9:10,29.94
SBA,10/17/2025 9:15,29.94
SBA,10/17/2025 9:20,29.94
SBA,10/17/2025 9:25,29.94
SBA,10/17/2025 9:30,29.94
SBA,10/17/2025 9:35,29.94
SBA,10/17/2025 9:40,29.95
SBA,10/17/2025 9:45,29.95
SBA,10/17/2025 9:50,29.95
SBA,10/17/2025 9:55,29.95
SBA,10/17/2025 10:00,29.95
SBA,10/17/2025 10:05,29.95
SBA,10/17/2025 10:10,29.95
SBA,10/17/2025 10:15,29.95
SBA,10/17/2025 10:20,29.95
SBA,10/17/2025 10:25,29.95
SBA,10/17/2025 10:30,29.95
SBA,10/17/2025 10:35,29.95
SBA,10/17/2025 10:40,29.95
SBA,10/17/2025 10:45,29.95
SBA,10/17/2025 10:50,29.95
SBA,10/17/2025 10:55,29.94
SBA,10/17/2025 11:00,29.94
SBA,10/17/2025 11:05,29.94
SBA,10/17/2025 11:10,29.95
SBA,10/17/2025 11:15,29.94
SBA,10/17/2025 11:20,29.94
SBA,10/17/2025 11:25,29.94
SBA,10/17/2025 11:30,29.94
SBA,10/17/2025 11:35,29.94
SBA,10/17/2025 11:40,29.94
SBA,10/17/2025 11:45,29.94
SBA,10/17/2025 11:50,29.94
SBA,10/17/2025 11:55,29.94
SBA,10/17/2025 12:00,29.94
SBA,10/17/2025 12:05,29.94
SBA,10/17/2025 12:10,29.94
SBA,10/17/2025 12:15,29.94
SBA,10/17/2025 12:20,29.93
SBA,10/17/2025 12:25,29.93
SBA,10/17/2025 12:30,29.93
SBA,10/17/2025 12:35,29.93
SBA,10/17/2025 12:40,29.93
SBA,10/17/2025 12:45,29.93
SBA,10/17/2025 12:50,29.93
SBA,10/17/2025 12:55,29.92
SBA,10/17/2025 13:00,29.92
SBA,10/17/2025 13:05,29.92
SBA,10/17/2025 13:10,29.92
SBA,10/17/2025 13:15,29.92
SBA,10/17/2025 13:20,29.91
SBA,10/17/2025 13:25,29.91
SBA,10/17/2025 13:30,29.91
SBA,10/17/2025 13:35,29.91
SBA,10/17/2025 13:40,29.91
SBA,10/17/2025 13:45,29.9
SBA,10/17/2025 13:50,29.9
SBA,10/17/2025 13:55,29.9
SBA,10/17/2025 14:00,29.9
SBA,10/17/2025 14:05,29.9
SBA,10/17/2025 14:10,29.9
SBA,10/17/2025 14:15,29.9
SBA,10/17/2025 14:20,29.9
SBA,10/17/2025 14:25,29.89
SBA,10/17/2025 14:30,29.89
SBA,10/17/2025 14:35,29.89
SBA,10/17/2025 14:40,29.89
SBA,10/17/2025 14:45,29.89
SBA,10/17/2025 14:50,29.89
SBA,10/17/2025 14:55,29.89
SBA,10/17/2025 15:00,29.89
SBA,10/17/2025 15:05,29.89
SBA,10/17/2025 15:10,29.88
SBA,10/17/2025 15:15,29.88
SBA,10/17/2025 15:20,29.88
SBA,10/17/2025 15:25,29.88
SBA,10/17/2025 15:30,29.88
SBA,10/17/2025 15:35,29.88
SBA,10/17/2025 15:40,29.88
SBA,10/17/2025 15:45,29.88
SBA,10/17/2025 15:50,29.88
SBA,10/17/2025 15:55,29.88
SBA,10/17/2025 16:00,29.89
SBA,10/17/2025 16:05,29.89
SBA,10/17/2025 16:10,29.88
SBA,10/17/2025 16:15,29.88
SBA,10/17/2025 16:20,29.88
SBA,10/17/2025 16:25,29.88
SBA,10/17/2025 16:30,29.88
SBA,10/17/2025 16:35,29.88
SBA,10/17/2025 16:40,29.88
SBA,10/17/2025 16:45,29.88
SBA,10/17/2025 16:50,29.88
SBA,10/17/2025 16:55,29.88
SBA,10/17/2025 17:00,29.88
SBA,10/17/2025 17:05,29.88
SBA,10/17/2025 17:10,29.89
SBA,10/17/2025 17:15,29.88
SBA,10/17/2025 17:20,29.88
SBA,10/17/2025 17:25,29.88
SBA,10/17/2025 17:30,29.89
SBA,10/17/2025 17:35,29.89
SBA,10/17/2025 17:40,29.88
SBA,10/17/2025 17:45,29.88
SBA,10/17/2025 17:50,29.88
SBA,10/17/2025 17:55,29.88
SBA,10/17/2025 18:00,29.89
SBA,10/17/2025 18:05,29.89
SBA,10/17/2025 18:10,29.89
SBA,10/17/2025 18:15,29.89
SBA,10/17/2025 18:20,29.89
SBA,10/17/2025 18:25,29.89
SBA,10/17/2025 18:30,29.89
SBA,10/17/2025 18:35,29.89
SBA,10/17/2025 18:40,29.89
SBA,10/17/2025 18:45,29.89
SBA,10/17/2025 18:50,29.89
SBA,10/17/2025 18:55,29.89
SBA,10/17/2025 19:00,29.89
SBA,10/17/2025 19:05,29.89
SBA,10/17/2025 19:10,29.89
SBA,10/17/2025 19:15,29.89
SBA,10/17/2025 19:20,29.9
SBA,10/17/2025 19:25,29.9
SBA,10/17/2025 19:30,29.89
SBA,10/17/2025 19:35,29.9
SBA,10/17/2025 19:40,29.9
SBA,10/17/2025 19:45,29.9
SBA,10/17/2025 19:50,29.9
SBA,10/17/2025 19:55,29.9
SBA,10/17/2025 20:00,29.9
SBA,10/17/2025 20:05,29.9
SBA,10/17/2025 20:10,29.9
SBA,10/17/2025 20:15,29.9
SBA,10/17/2025 20:20,29.91
SBA,10/17/2025 20:25,29.9
SBA,10/17/2025 20:30,29.9
SBA,10/17/2025 20:35,29.9
SBA,10/17/2025 20:40,29.91
SBA,10/17/2025 20:45,29.91
SBA,10/17/2025 20:50,29.91
SBA,10/17/2025 20:55,29.91
SBA,10/17/2025 21:00,29.91
SBA,10/17/2025 21:05,29.91
SBA,10/17/2025 21:10,29.91
SBA,10/17/2025 21:15,29.91
SBA,10/17/2025 21:20,29.91
SBA,10/17/2025 21:25,29.91
SBA,10/17/2025 21:30,29.91
SBA,10/17/2025 21:35,29.91
SBA,10/17/2025 21:40,29.91
SBA,10/17/2025 21:45,29.91
SBA,10/17/2025 21:50,29.91
SBA,10/17/2025 21:55,29.91
SBA,10/17/2025 22:00,29.91
SBA,10/17/2025 22:05,29.91
SBA,10/17/2025 22:10,29.91
SBA,10/17/2025 22:15,29.91
SBA,10/17/2025 22:20,29.91
SBA,10/17/2025 22:25,29.91
SBA,10/17/2025 22:30,29.91
SBA,10/17/2025 22:35,29.91
SBA,10/17/2025 22:40,29.91
SBA,10/17/2025 22:45,29.91
SBA,10/17/2025 22:50,29.91
SBA,10/17/2025 22:55,29.91
SBA,10/17/2025 23:00,29.91
SBA,10/17/2025 23:05,29.91
SBA,10/17/2025 23:10,29.91
SBA,10/17/2025 23:15,29.91
SBA,10/17/2025 23:20,29.91
SBA,10/17/2025 23:25,29.91
SBA,10/17/2025 23:30,29.91
SBA,10/17/2025 23:35,29.92
SBA,10/17/2025 23:40,29.92
SBA,10/17/2025 23:45,29.91
SBA,10/17/2025 23:50,29.92
SBA,10/17/2025 23:55,29.92
SBA,10/18/2025 0:00,29.92
SBA,10/18/2025 0:05,29.92
SBA,10/18/2025 0:10,29.92
SBA,10/18/2025 0:15,29.92
SBA,10/18/2025 0:20,29.92
SBA,10/18/2025 0:25,29.92
SBA,10/18/2025 0:30,29.92
SBA,10/18/2025 0:35,29.92
SBA,10/18/2025 0:40,29.92
SBA,10/18/2025 0:45,29.92
SBA,10/18/2025 0:50,29.92
SBA,10/18/2025 0:55,29.92
SBA,10/18/2025 1:00,29.92
SBA,10/18/2025 1:05,29.92
SBA,10/18/2025 1:10,29.93
SBA,10/18/2025 1:15,29.93
SBA,10/18/2025 1:20,29.92
SBA,10/18/2025 1:25,29.93
SBA,10/18/2025 1:30,29.93
SBA,10/18/2025 1:35,29.93
SBA,10/18/2025 1:40,29.93
SBA,10/18/2025 1:45,29.93
SBA,10/18/2025 1:50,29.93
SBA,10/18/2025 1:55,29.93
SBA,10/18/2025 2:00,29.93
SBA,10/18/2025 2:05,29.93
SBA,10/18/2025 2:10,29.93
SBA,10/18/2025 2:15,29.93
SBA,10/18/2025 2:20,29.93
SBA,10/18/2025 2:25,29.93
SBA,10/18/2025 2:30,29.93
SBA,10/18/2025 2:35,29.93
SBA,10/18/2025 2:40,29.93
SBA,10/18/2025 2:45,29.93
SBA,10/18/2025 2:50,29.93
SBA,10/18/2025 2:55,29.93
SBA,10/18/2025 3:00,29.93
SBA,10/18/2025 3:05,29.93
SBA,10/18/2025 3:10,29.93
SBA,10/18/2025 3:15,29.93
SBA,10/18/2025 3:20,29.93
SBA,10/18/2025 3:25,29.93
SBA,10/18/2025 3:30,29.93
SBA,10/18/2025 3:35,29.93
SBA,10/18/2025 3:40,29.93
SBA,10/18/2025 3:45,29.93
SBA,10/18/2025 3:50,29.93
SBA,10/18/2025 3:55,29.93
SBA,10/18/2025 4:00,29.93
SBA,10/18/2025 4:05,29.93
SBA,10/18/2025 4:10,29.93
SBA,10/18/2025 4:15,29.93
SBA,10/18/2025 4:20,29.93
SBA,10/18/2025 4:25,29.93
SBA,10/18/2025 4:30,29.93
SBA,10/18/2025 4:35,29.93
SBA,10/18/2025 4:40,29.93
SBA,10/18/2025 4:45,29.93
SBA,10/18/2025 4:50,29.93
SBA,10/18/2025 4:55,29.93
SBA,10/18/2025 5:00,29.93
SBA,10/18/2025 5:05,29.93
SBA,10/18/2025 5:10,29.93
SBA,10/18/2025 5:15,29.94
SBA,10/18/2025 5:20,29.94
SBA,10/18/2025 5:25,29.94
SBA,10/18/2025 5:30,29.94
SBA,10/18/2025 5:35,29.94
SBA,10/18/2025 5:40,29.94
SBA,10/18/2025 5:45,29.95
SBA,10/18/2025 5:50,29.95
SBA,10/18/2025 5:55,29.95
SBA,10/18/2025 6:00,29.95
SBA,10/18/2025 6:05,29.95
SBA,10/18/2025 6:10,29.95
SBA,10/18/2025 6:15,29.95
SBA,10/18/2025 6:20,29.95
SBA,10/18/2025 6:25,29.95
SBA,10/18/2025 6:30,29.96
SBA,10/18/2025 6:35,29.96
SBA,10/18/2025 6:40,29.96
SBA,10/18/2025 6:45,29.96
SBA,10/18/2025 6:50,29.96
SBA,10/18/2025 6:55,29.96
SBA,10/18/2025 7:00,29.96
SBA,10/18/2025 7:05,29.96
SBA,10/18/2025 7:10,29.96
SBA,10/18/2025 7:15,29.96
SBA,10/18/2025 7:20,29.96
SBA,10/18/2025 7:25,29.96
SBA,10/18/2025 7:30,29.97
SBA,10/18/2025 7:35,29.97
SBA,10/18/2025 7:40,29.97
SBA,10/18/2025 7:45,29.97
SBA,10/18/2025 7:50,29.98
SBA,10/18/2025 7:55,29.98
SBA,10/18/2025 8:00,29.98
SBA,10/18/2025 8:05,29.98
SBA,10/18/2025 8:10,29.98
SBA,10/18/2025 8:15,29.99
SBA,10/18/2025 8:20,29.99
SBA,10/18/2025 8:25,29.99
SBA,10/18/2025 8:30,29.99
SBA,10/18/2025 8:35,29.99
SBA,10/18/2025 8:40,30
SBA,10/18/2025 8:45,30
SBA,10/18/2025 8:50,30
SBA,10/18/2025 8:55,30
SBA,10/18/2025 9:00,30
SBA,10/18/2025 9:05,30
SBA,10/18/2025 9:10,30
SBA,10/18/2025 9:15,30
SBA,10/18/2025 9:20,30
SBA,10/18/2025 9:25,30
SBA,10/18/2025 9:30,30
SBA,10/18/2025 9:35,30
SBA,10/18/2025 9:40,30
SBA,10/18/2025 9:45,30.01
SBA,10/18/2025 9:50,30.01
SBA,10/18/2025 9:55,30.01
SBA,10/18/2025 10:00,30.01
SBA,10/18/2025 10:05,30.01
SBA,10/18/2025 10:10,30.01
SBA,10/18/2025 10:15,30.01
SBA,10/18/2025 10:20,30.02
SBA,10/18/2025 10:25,30.02
SBA,10/18/2025 10:30,30.02
SBA,10/18/2025 10:35,30.02
SBA,10/18/2025 10:40,30.02
SBA,10/18/2025 10:45,30.02
SBA,10/18/2025 10:50,30.02
SBA,10/18/2025 10:55,30.02
SBA,10/18/2025 11:00,30.02
SBA,10/18/2025 11:05,30.02
SBA,10/18/2025 11:10,30.02
SBA,10/18/2025 11:15,30.02
SBA,10/18/2025 11:20,30.02
SBA,10/18/2025 11:25,30.02
SBA,10/18/2025 11:30,30.02
SBA,10/18/2025 11:35,30.01
SBA,10/18/2025 11:40,30.01
SBA,10/18/2025 11:45,30.01
SBA,10/18/2025 11:50,30.01
SBA,10/18/2025 11:55,30.01
SBA,10/18/2025 12:00,30.01
SBA,10/18/2025 12:05,30.01
SBA,10/18/2025 12:10,30.01
SBA,10/18/2025 12:15,30.01
SBA,10/18/2025 12:20,30.01
SBA,10/18/2025 12:25,30
SBA,10/18/2025 12:30,30
SBA,10/18/2025 12:35,30
SBA,10/18/2025 12:40,30
SBA,10/18/2025 12:45,30
SBA,10/18/2025 12:50,30
SBA,10/18/2025 12:55,30
SBA,10/18/2025 13:00,30
SBA,10/18/2025 13:05,29.99
SBA,10/18/2025 13:10,29.99
SBA,10/18/2025 13:15,29.99
SBA,10/18/2025 13:20,29.99
SBA,10/18/2025 13:25,29.99
SBA,10/18/2025 13:30,29.99
SBA,10/18/2025 13:35,29.99
SBA,10/18/2025 13:40,29.99
SBA,10/18/2025 13:45,29.99
SBA,10/18/2025 13:50,29.98
SBA,10/18/2025 13:55,29.98
SBA,10/18/2025 14:00,29.98
SBA,10/18/2025 14:05,29.98
SBA,10/18/2025 14:10,29.98
SBA,10/18/2025 14:15,29.98
SBA,10/18/2025 14:20,29.98
SBA,10/18/2025 14:25,29.98
SBA,10/18/2025 14:30,29.97
SBA,10/18/2025 14:35,29.97
SBA,10/18/2025 14:40,29.97
SBA,10/18/2025 14:45,29.97
SBA,10/18/2025 14:50,29.97
SBA,10/18/2025 14:55,29.97
SBA,10/18/2025 15:00,29.97
SBA,10/18/2025 15:05,29.97
SBA,10/18/2025 15:10,29.97
SBA,10/18/2025 15:15,29.97
SBA,10/18/2025 15:20,29.97
SBA,10/18/2025 15:25,29.97
SBA,10/18/2025 15:30,29.97
SBA,10/18/2025 15:35,29.97
SBA,10/18/2025 15:40,29.97
SBA,10/18/2025 15:45,29.97
SBA,10/18/2025 15:50,29.97
SBA,10/18/2025 15:55,29.97
SBA,10/18/2025 16:00,29.97
SBA,10/18/2025 16:05,29.96
SBA,10/18/2025 16:10,29.96
SBA,10/18/2025 16:15,29.96
SBA,10/18/2025 16:20,29.96
SBA,10/18/2025 16:25,29.96
SBA,10/18/2025 16:30,29.96
SBA,10/18/2025 16:35,29.96
SBA,10/18/2025 16:40,29.96
SBA,10/18/2025 16:45,29.96
SBA,10/18/2025 16:50,29.96
SBA,10/18/2025 16:55,29.96
SBA,10/18/2025 17:00,29.96
SBA,10/18/2025 17:05,29.96
SBA,10/18/2025 17:10,29.96
SBA,10/18/2025 17:15,29.96
SBA,10/18/2025 17:20,29.96
SBA,10/18/2025 17:25,29.96
SBA,10/18/2025 17:30,29.96
SBA,10/18/2025 17:35,29.96
SBA,10/18/2025 17:40,29.96
SBA,10/18/2025 17:45,29.96
SBA,10/18/2025 17:50,29.96
SBA,10/18/2025 17:55,29.96
SBA,10/18/2025 18:00,29.96
SBA,10/18/2025 18:05,29.96
SBA,10/18/2025 18:10,29.96
SBA,10/18/2025 18:15,29.96
SBA,10/18/2025 18:20,29.96
SBA,10/18/2025 18:25,29.96
SBA,10/18/2025 18:30,29.96
SBA,10/18/2025 18:35,29.96
SBA,10/18/2025 18:40,29.96
SBA,10/18/2025 18:45,29.96
SBA,10/18/2025 18:50,29.97
SBA,10/18/2025 18:55,29.97
SBA,10/18/2025 19:00,29.97
SBA,10/18/2025 19:05,29.98
SBA,10/18/2025 19:10,29.98
SBA,10/18/2025 19:15,29.98
SBA,10/18/2025 19:20,29.98
SBA,10/18/2025 19:25,29.98
SBA,10/18/2025 19:30,29.98
SBA,10/18/2025 19:35,29.98
SBA,10/18/2025 19:40,29.98
SBA,10/18/2025 19:45,29.98
SBA,10/18/2025 19:50,29.98
SBA,10/18/2025 19:55,29.98
SBA,10/18/2025 20:00,29.98
SBA,10/18/2025 20:05,29.98
SBA,10/18/2025 20:10,29.99
SBA,10/18/2025 20:15,29.99
SBA,10/18/2025 20:20,29.99
SBA,10/18/2025 20:25,29.99
SBA,10/18/2025 20:30,29.99
SBA,10/18/2025 20:35,29.99
SBA,10/18/2025 20:40,29.99
SBA,10/18/2025 20:45,29.99
SBA,10/18/2025 20:50,29.99
SBA,10/18/2025 20:55,29.99
SBA,10/18/2025 21:00,29.99
SBA,10/18/2025 21:05,30
SBA,10/18/2025 21:10,30
SBA,10/18/2025 21:15,30
SBA,10/18/2025 21:20,30
SBA,10/18/2025 21:25,30
SBA,10/18/2025 21:30,30
SBA,10/18/2025 21:35,30
SBA,10/18/2025 21:40,30
SBA,10/18/2025 21:45,30
SBA,10/18/2025 21:50,30
SBA,10/18/2025 21:55,30
SBA,10/18/2025 22:00,30
SBA,10/18/2025 22:05,30
SBA,10/18/2025 22:10,30
SBA,10/18/2025 22:15,30
SBA,10/18/2025 22:20,30
SBA,10/18/2025 22:25,30
SBA,10/18/2025 22:30,30
SBA,10/18/2025 22:35,30
SBA,10/18/2025 22:40,30
SBA,10/18/2025 22:45,30
SBA,10/18/2025 22:50,30
SBA,10/18/2025 22:55,30
SBA,10/18/2025 23:00,30
SBA,10/18/2025 23:05,30
SBA,10/18/2025 23:10,30
SBA,10/18/2025 23:15,30
SBA,10/18/2025 23:20,30
SBA,10/18/2025 23:25,30
SBA,10/18/2025 23:30,30
SBA,10/18/2025 23:35,30
SBA,10/18/2025 23:40,30
SBA,10/18/2025 23:45,30
SBA,10/18/2025 23:50,30
SBA,10/18/2025 23:55,30
SBA,10/19/2025 0:00,30
SBA,10/19/2025 0:05,30
SBA,10/19/2025 0:10,29.99
SBA,10/19/2025 0:15,29.99
SBA,10/19/2025 0:20,29.99
SBA,10/19/2025 0:25,29.99
SBA,10/19/2025 0:30,29.99
SBA,10/19/2025 0:35,29.99
SBA,10/19/2025 0:40,29.99
SBA,10/19/2025 0:45,29.99
SBA,10/19/2025 0:50,29.99
SBA,10/19/2025 0:55,29.99
SBA,10/19/2025 1:00,29.99
SBA,10/19/2025 1:05,29.99
SBA,10/19/2025 1:10,29.99
SBA,10/19/2025 1:15,29.99
SBA,10/19/2025 1:20,29.99
SBA,10/19/2025 1:25,29.99
SBA,10/19/2025 1:30,29.99
SBA,10/19/2025 1:35,29.99
SBA,10/19/2025 1:40,29.99
SBA,10/19/2025 1:45,29.99
SBA,10/19/2025 1:50,29.99
SBA,10/19/2025 1:55,29.99
SBA,10/19/2025 2:00,29.99
SBA,10/19/2025 2:05,29.99
SBA,10/19/2025 2:10,29.99
SBA,10/19/2025 2:15,29.99
SBA,10/19/2025 2:20,29.99
SBA,10/19/2025 2:25,29.99
SBA,10/19/2025 2:30,29.99
SBA,10/19/2025 2:35,29.99
SBA,10/19/2025 2:40,29.99
SBA,10/19/2025 2:45,29.98
SBA,10/19/2025 2:50,29.98
SBA,10/19/2025 2:55,29.98
SBA,10/19/2025 3:00,29.98
SBA,10/19/2025 3:05,29.98
SBA,10/19/2025 3:10,29.98
SBA,10/19/2025 3:15,29.98
SBA,10/19/2025 3:20,29.98
SBA,10/19/2025 3:25,29.98
SBA,10/19/2025 3:30,29.98
SBA,10/19/2025 3:35,29.98
SBA,10/19/2025 3:40,29.98
SBA,10/19/2025 3:45,29.98
SBA,10/19/2025 3:50,29.98
SBA,10/19/2025 3:55,29.98
SBA,10/19/2025 4:00,29.98
SBA,10/19/2025 4:05,29.98
SBA,10/19/2025 4:10,29.98
SBA,10/19/2025 4:15,29.98
SBA,10/19/2025 4:20,29.98
SBA,10/19/2025 4:25,29.97
SBA,10/19/2025 4:30,29.98
SBA,10/19/2025 4:35,29.98
SBA,10/19/2025 4:40,29.98
SBA,10/19/2025 4:45,29.98
SBA,10/19/2025 4:50,29.98
SBA,10/19/2025 4:55,29.98
SBA,10/19/2025 5:00,29.98
SBA,10/19/2025 5:05,29.98
SBA,10/19/2025 5:10,29.98
SBA,10/19/2025 5:15,29.98
SBA,10/19/2025 5:20,29.98
SBA,10/19/2025 5:25,29.99
SBA,10/19/2025 5:30,29.99
SBA,10/19/2025 5:35,29.99
SBA,10/19/2025 5:40,29.99
SBA,10/19/2025 5:45,29.99
SBA,10/19/2025 5:50,29.99
SBA,10/19/2025 5:55,29.99
SBA,10/19/2025 6:00,29.99
SBA,10/19/2025 6:05,29.99
SBA,10/19/2025 6:10,29.99
SBA,10/19/2025 6:15,29.99
SBA,10/19/2025 6:20,29.99
SBA,10/19/2025 6:25,29.99
SBA,10/19/2025 6:30,29.99
SBA,10/19/2025 6:35,30
SBA,10/19/2025 6:40,30
SBA,10/19/2025 6:45,30
SBA,10/19/2025 6:50,30
SBA,10/19/2025 6:55,30
SBA,10/19/2025 7:00,30
SBA,10/19/2025 7:05,30.01
SBA,10/19/2025 7:10,30.01
SBA,10/19/2025 7:15,30.01
SBA,10/19/2025 7:20,30.01
SBA,10/19/2025 7:25,30.01
SBA,10/19/2025 7:30,30.01
SBA,10/19/2025 7:35,30.01
SBA,10/19/2025 7:40,30.01
SBA,10/19/2025 7:45,30.02
SBA,10/19/2025 7:50,30.02
SBA,10/19/2025 7:55,30.02
SBA,10/19/2025 8:00,30.02
SBA,10/19/2025 8:05,30.02
SBA,10/19/2025 8:10,30.02
SBA,10/19/2025 8:15,30.02
SBA,10/19/2025 8:20,30.03
SBA,10/19/2025 8:25,30.03
SBA,10/19/2025 8:30,30.03
SBA,10/19/2025 8:35,30.03
SBA,10/19/2025 8:40,30.03
SBA,10/19/2025 8:45,30.03
SBA,10/19/2025 8:50,30.03
SBA,10/19/2025 8:55,30.04
SBA,10/19/2025 9:00,30.04
SBA,10/19/2025 9:05,30.04
SBA,10/19/2025 9:10,30.04
SBA,10/19/2025 9:15,30.04
SBA,10/19/2025 9:20,30.04
SBA,10/19/2025 9:25,30.04
SBA,10/19/2025 9:30,30.05
SBA,10/19/2025 9:35,30.05
SBA,10/19/2025 9:40,30.05
SBA,10/19/2025 9:45,30.05
SBA,10/19/2025 9:50,30.05
SBA,10/19/2025 9:55,30.05
SBA,10/19/2025 10:00,30.05
SBA,10/19/2025 10:05,30.05
SBA,10/19/2025 10:10,30.05
SBA,10/19/2025 10:15,30.05
SBA,10/19/2025 10:20,30.05
SBA,10/19/2025 10:25,30.05
SBA,10/19/2025 10:30,30.05
SBA,10/19/2025 10:35,30.05
SBA,10/19/2025 10:40,30.05
SBA,10/19/2025 10:45,30.05
SBA,10/19/2025 10:50,30.05
SBA,10/19/2025 10:55,30.05
SBA,10/19/2025 11:00,30.05
SBA,10/19/2025 11:05,30.04
SBA,10/19/2025 11:10,30.04
SBA,10/19/2025 11:15,30.04
SBA,10/19/2025 11:20,30.04
SBA,10/19/2025 11:25,30.04
SBA,10/19/2025 11:30,30.04
SBA,10/19/2025 11:35,30.04
SBA,10/19/2025 11:40,30.04
SBA,10/19/2025 11:45,30.04
SBA,10/19/2025 11:50,30.04
SBA,10/19/2025 11:55,30.04
SBA,10/19/2025 12:00,30.04
SBA,10/19/2025 12:05,30.04
SBA,10/19/2025 12:10,30.03
SBA,10/19/2025 12:15,30.03
SBA,10/19/2025 12:20,30.03
SBA,10/19/2025 12:25,30.03
SBA,10/19/2025 12:30,30.03
SBA,10/19/2025 12:35,30.03
SBA,10/19/2025 12:40,30.02
SBA,10/19/2025 12:45,30.02
SBA,10/19/2025 12:50,30.02
SBA,10/19/2025 12:55,30.02
SBA,10/19/2025 13:00,30.01
SBA,10/19/2025 13:05,30.01
SBA,10/19/2025 13:10,30.01
SBA,10/19/2025 13:15,30.01
SBA,10/19/2025 13:20,30.01
SBA,10/19/2025 13:25,30.01
SBA,10/19/2025 13:30,30
SBA,10/19/2025 13:35,30
SBA,10/19/2025 13:40,30
SBA,10/19/2025 13:45,30
SBA,10/19/2025 13:50,30
SBA,10/19/2025 13:55,30
SBA,10/19/2025 14:00,30
SBA,10/19/2025 14:05,30
SBA,10/19/2025 14:10,30
SBA,10/19/2025 14:15,29.99
SBA,10/19/2025 14:20,29.99
SBA,10/19/2025 14:25,29.99
SBA,10/19/2025 14:30,29.99
SBA,10/19/2025 14:35,29.99
SBA,10/19/2025 14:40,29.99
SBA,10/19/2025 14:45,29.99
SBA,10/19/2025 14:50,29.99
SBA,10/19/2025 14:55,29.99
SBA,10/19/2025 15:00,29.99
SBA,10/19/2025 15:05,29.99
SBA,10/19/2025 15:10,29.99
SBA,10/19/2025 15:15,29.99
SBA,10/19/2025 15:20,29.99
SBA,10/19/2025 15:25,29.99
SBA,10/19/2025 15:30,29.99
SBA,10/19/2025 15:35,29.99
SBA,10/19/2025 15:40,29.99
SBA,10/19/2025 15:45,29.98
SBA,10/19/2025 15:50,29.98
SBA,10/19/2025 15:55,29.98
SBA,10/19/2025 16:00,29.98
SBA,10/19/2025 16:05,29.98
SBA,10/19/2025 16:10,29.98
SBA,10/19/2025 16:15,29.98
SBA,10/19/2025 16:20,29.98
SBA,10/19/2025 16:25,29.98
SBA,10/19/2025 16:30,29.98
SBA,10/19/2025 16:35,29.98
SBA,10/19/2025 16:40,29.98
SBA,10/19/2025 16:45,29.98
SBA,10/19/2025 16:50,29.97
SBA,10/19/2025 16:55,29.97
SBA,10/19/2025 17:00,29.97
SBA,10/19/2025 17:05,29.97
SBA,10/19/2025 17:10,29.97
SBA,10/19/2025 17:15,29.97
SBA,10/19/2025 17:20,29.97
SBA,10/19/2025 17:25,29.97
SBA,10/19/2025 17:30,29.97
SBA,10/19/2025 17:35,29.97
SBA,10/19/2025 17:40,29.97
SBA,10/19/2025 17:45,29.97
SBA,10/19/2025 17:50,29.97
SBA,10/19/2025 17:55,29.97
SBA,10/19/2025 18:00,29.97
SBA,10/19/2025 18:05,29.97
SBA,10/19/2025 18:10,29.97
SBA,10/19/2025 18:15,29.97
SBA,10/19/2025 18:20,29.97
SBA,10/19/2025 18:25,29.97
SBA,10/19/2025 18:30,29.97
SBA,10/19/2025 18:35,29.97
SBA,10/19/2025 18:40,29.97
SBA,10/19/2025 18:45,29.97
SBA,10/19/2025 18:50,29.97
SBA,10/19/2025 18:55,29.97
SBA,10/19/2025 19:00,29.97
SBA,10/19/2025 19:05,29.97
SBA,10/19/2025 19:10,29.98
SBA,10/19/2025 19:15,29.98
SBA,10/19/2025 19:20,29.98
SBA,10/19/2025 19:25,29.98
SBA,10/19/2025 19:30,29.98
SBA,10/19/2025 19:35,29.98
SBA,10/19/2025 19:40,29.98
SBA,10/19/2025 19:45,29.98
SBA,10/19/2025 19:50,29.98
SBA,10/19/2025 19:55,29.99
SBA,10/19/2025 20:00,29.99
SBA,10/19/2025 20:05,29.99
SBA,10/19/2025 20:10,29.99
SBA,10/19/2025 20:15,29.99
SBA,10/19/2025 20:20,29.99
SBA,10/19/2025 20:25,29.99
SBA,10/19/2025 20:30,29.99
SBA,10/19/2025 20:35,29.99
SBA,10/19/2025 20:40,30
SBA,10/19/2025 20:45,30
SBA,10/19/2025 20:50,29.99
SBA,10/19/2025 20:55,29.99
SBA,10/19/2025 21:00,29.99
SBA,10/19/2025 21:05,29.99
SBA,10/19/2025 21:10,29.99
SBA,10/19/2025 21:15,29.99
SBA,10/19/2025 21:20,29.99
SBA,10/19/2025 21:25,30
SBA,10/19/2025 21:30,30
SBA,10/19/2025 21:35,30
SBA,10/19/2025 21:40,30
SBA,10/19/2025 21:45,30
SBA,10/19/2025 21:50,30
SBA,10/19/2025 21:55,30
SBA,10/19/2025 22:00,30
SBA,10/19/2025 22:05,30
SBA,10/19/2025 22:10,30
SBA,10/19/2025 22:15,30
SBA,10/19/2025 22:20,30
SBA,10/19/2025 22:25,30.01
SBA,10/19/2025 22:30,30.01
SBA,10/19/2025 22:35,30.01
SBA,10/19/2025 22:40,30.01
SBA,10/19/2025 22:45,30.01
SBA,10/19/2025 22:50,30.01
SBA,10/19/2025 22:55,30.01
SBA,10/19/2025 23:00,30.01
SBA,10/19/2025 23:05,30.01
SBA,10/19/2025 23:10,30.01
SBA,10/19/2025 23:15,30.01
SBA,10/19/2025 23:20,30.01
SBA,10/19/2025 23:25,30.01
SBA,10/19/2025 23:30,30.01
SBA,10/19/2025 23:35,30.01
SBA,10/19/2025 23:40,30.01
SBA,10/19/2025 23:45,30.01
SBA,10/19/2025 23:50,30.01
SBA,10/19/2025 23:55,30.01
SBA,10/20/2025 0:00,30.01
SBA,10/20/2025 0:05,30.01
SBA,10/20/2025 0:10,30
SBA,10/20/2025 0:15,30.01
SBA,10/20/2025 0:20,30
SBA,10/20/2025 0:25,30
SBA,10/20/2025 0:30,30
SBA,10/20/2025 0:35,30
SBA,10/20/2025 0:40,30
SBA,10/20/2025 0:45,30
SBA,10/20/2025 0:50,30
SBA,10/20/2025 0:55,30
SBA,10/20/2025 1:00,29.99
SBA,10/20/2025 1:05,30
SBA,10/20/2025 1:10,30
SBA,10/20/2025 1:15,30
SBA,10/20/2025 1:20,29.99
SBA,10/20/2025 1:25,30
SBA,10/20/2025 1:30,30
SBA,10/20/2025 1:35,30
SBA,10/20/2025 1:40,30
SBA,10/20/2025 1:45,30
SBA,10/20/2025 1:50,30
SBA,10/20/2025 1:55,30
SBA,10/20/2025 2:00,30
SBA,10/20/2025 2:05,30
SBA,10/20/2025 2:10,30
SBA,10/20/2025 2:15,30
SBA,10/20/2025 2:20,30
SBA,10/20/2025 2:25,30
SBA,10/20/2025 2:30,30
SBA,10/20/2025 2:35,30
SBA,10/20/2025 2:40,30
SBA,10/20/2025 2:45,30
SBA,10/20/2025 2:50,30
SBA,10/20/2025 2:55,30
SBA,10/20/2025 3:00,29.99
SBA,10/20/2025 3:05,29.99
SBA,10/20/2025 3:10,29.99
SBA,10/20/2025 3:15,29.99
SBA,10/20/2025 3:20,29.99
SBA,10/20/2025 3:25,29.99
SBA,10/20/2025 3:30,29.99
SBA,10/20/2025 3:35,29.99
SBA,10/20/2025 3:40,29.99
SBA,10/20/2025 3:45,29.99
SBA,10/20/2025 3:50,29.99
SBA,10/20/2025 3:55,29.99
SBA,10/20/2025 4:00,30
SBA,10/20/2025 4:05,29.99
SBA,10/20/2025 4:10,29.99
SBA,10/20/2025 4:15,29.99
SBA,10/20/2025 4:20,29.99
SBA,10/20/2025 4:25,30
SBA,10/20/2025 4:30,30
SBA,10/20/2025 4:35,29.99
SBA,10/20/2025 4:40,30
SBA,10/20/2025 4:45,30
SBA,10/20/2025 4:50,30
SBA,10/20/2025 4:55,30
SBA,10/20/2025 5:00,30
SBA,10/20/2025 5:05,30
SBA,10/20/2025 5:10,30
SBA,10/20/2025 5:15,30
SBA,10/20/2025 5:20,30.01
SBA,10/20/2025 5:25,30.01
SBA,10/20/2025 5:30,30.01
SBA,10/20/2025 5:35,30.01
SBA,10/20/2025 5:40,30.01
SBA,10/20/2025 5:45,30.01
SBA,10/20/2025 5:50,30.01
SBA,10/20/2025 5:55,30.02
SBA,10/20/2025 6:00,30.02
SBA,10/20/2025 6:05,30.02
SBA,10/20/2025 6:10,30.02
SBA,10/20/2025 6:15,30.02
SBA,10/20/2025 6:20,30.02
SBA,10/20/2025 6:25,30.02
SBA,10/20/2025 6:30,30.02
SBA,10/20/2025 6:35,30.02
SBA,10/20/2025 6:40,30.02
SBA,10/20/2025 6:45,30.02
SBA,10/20/2025 6:50,30.02
SBA,10/20/2025 6:55,30.03
SBA,10/20/2025 7:00,30.03
SBA,10/20/2025 7:05,30.03
SBA,10/20/2025 7:10,30.03
SBA,10/20/2025 7:15,30.03
SBA,10/20/2025 7:20,30.03
SBA,10/20/2025 7:25,30.03
SBA,10/20/2025 7:30,30.03
SBA,10/20/2025 7:35,30.03
SBA,10/20/2025 7:40,30.03
SBA,10/20/2025 7:45,30.03
SBA,10/20/2025 7:50,30.03
SBA,10/20/2025 7:55,30.04
SBA,10/20/2025 8:00,30.04
SBA,10/20/2025 8:05,30.04
SBA,10/20/2025 8:10,30.04
SBA,10/20/2025 8:15,30.05
SBA,10/20/2025 8:20,30.05
SBA,10/20/2025 8:25,30.05
SBA,10/20/2025 8:30,30.05
SBA,10/20/2025 8:35,30.06
SBA,10/20/2025 8:40,30.06
SBA,10/20/2025 8:45,30.06
SBA,10/20/2025 8:50,30.06
SBA,10/20/2025 8:55,30.06
SBA,10/20/2025 9:00,30.06
SBA,10/20/2025 9:05,30.06
SBA,10/20/2025 9:10,30.06
SBA,10/20/2025 9:15,30.06
SBA,10/20/2025 9:20,30.06
SBA,10/20/2025 9:25,30.07
SBA,10/20/2025 9:30,30.07
SBA,10/20/2025 9:35,30.07
SBA,10/20/2025 9:40,30.07
SBA,10/20/2025 9:45,30.07
SBA,10/20/2025 9:50,30.07
SBA,10/20/2025 9:55,30.07
SBA,10/20/2025 10:00,30.07
SBA,10/20/2025 10:05,30.07
SBA,10/20/2025 10:10,30.07
SBA,10/20/2025 10:15,30.07
SBA,10/20/2025 10:20,30.07
SBA,10/20/2025 10:25,30.07
SBA,10/20/2025 10:30,30.07
SBA,10/20/2025 10:35,30.07
SBA,10/20/2025 10:40,30.07
SBA,10/20/2025 10:45,30.07
SBA,10/20/2025 10:50,30.07
SBA,10/20/2025 10:55,30.07
SBA,10/20/2025 11:00,30.07
SBA,10/20/2025 11:05,30.06
SBA,10/20/2025 11:10,30.06
SBA,10/20/2025 11:15,30.06
SBA,10/20/2025 11:20,30.06
SBA,10/20/2025 11:25,30.06
SBA,10/20/2025 11:30,30.06
SBA,10/20/2025 11:35,30.06
SBA,10/20/2025 11:40,30.06
SBA,10/20/2025 11:45,30.06
SBA,10/20/2025 11:50,30.05
SBA,10/20/2025 11:55,30.05
SBA,10/20/2025 12:00,30.05
SBA,10/20/2025 12:05,30.05
SBA,10/20/2025 12:10,30.05
SBA,10/20/2025 12:15,30.05
SBA,10/20/2025 12:20,30.05
SBA,10/20/2025 12:25,30.05
SBA,10/20/2025 12:30,30.05
SBA,10/20/2025 12:35,30.05
SBA,10/20/2025 12:40,30.04
SBA,10/20/2025 12:45,30.04
SBA,10/20/2025 12:50,30.04
SBA,10/20/2025 12:55,30.04
SBA,10/20/2025 13:00,30.03
SBA,10/20/2025 13:05,30.03
SBA,10/20/2025 13:10,30.03
SBA,10/20/2025 13:15,30.02
SBA,10/20/2025 13:20,30.02
SBA,10/20/2025 13:25,30.02
SBA,10/20/2025 13:30,30.02
SBA,10/20/2025 13:35,30.02
SBA,10/20/2025 13:40,30.02
SBA,10/20/2025 13:45,30.01
SBA,10/20/2025 13:50,30.01
SBA,10/20/2025 13:55,30.01
SBA,10/20/2025 14:00,30.01
SBA,10/20/2025 14:05,30.01
SBA,10/20/2025 14:10,30.01
SBA,10/20/2025 14:15,30.01
SBA,10/20/2025 14:20,30.01
SBA,10/20/2025 14:25,30.01
SBA,10/20/2025 14:30,30.01
SBA,10/20/2025 14:35,30.01
SBA,10/20/2025 14:40,30.01
SBA,10/20/2025 14:45,30.01
SBA,10/20/2025 14:50,30.01
SBA,10/20/2025 14:55,30.01
SBA,10/20/2025 15:00,30
SBA,10/20/2025 15:05,30
SBA,10/20/2025 15:10,30
SBA,10/20/2025 15:15,30
SBA,10/20/2025 15:20,30
SBA,10/20/2025 15:25,30
SBA,10/20/2025 15:30,30
SBA,10/20/2025 15:35,30.01
SBA,10/20/2025 15:40,30.01
SBA,10/20/2025 15:45,30.01
SBA,10/20/2025 15:50,30.01
SBA,10/20/2025 15:55,30.01
SBA,10/20/2025 16:00,30.01
SBA,10/20/2025 16:05,30.01
SBA,10/20/2025 16:10,30.01
SBA,10/20/2025 16:15,30
SBA,10/20/2025 16:20,30
SBA,10/20/2025 16:25,30
SBA,10/20/2025 16:30,30
SBA,10/20/2025 16:35,30
SBA,10/20/2025 16:40,30
SBA,10/20/2025 16:45,30
SBA,10/20/2025 16:50,30
SBA,10/20/2025 16:55,30
SBA,10/20/2025 17:00,30
SBA,10/20/2025 17:05,30
SBA,10/20/2025 17:10,30
SBA,10/20/2025 17:15,30
SBA,10/20/2025 17:20,30
SBA,10/20/2025 17:25,30
SBA,10/20/2025 17:30,30
SBA,10/20/2025 17:35,30
SBA,10/20/2025 17:40,30
SBA,10/20/2025 17:45,30
SBA,10/20/2025 17:50,30
SBA,10/20/2025 17:55,30
SBA,10/20/2025 18:00,30
SBA,10/20/2025 18:05,30
SBA,10/20/2025 18:10,30.01
SBA,10/20/2025 18:15,30.01
SBA,10/20/2025 18:20,30.01
SBA,10/20/2025 18:25,30.01
SBA,10/20/2025 18:30,30.01
SBA,10/20/2025 18:35,30.01
SBA,10/20/2025 18:40,30.01
SBA,10/20/2025 18:45,30.01
SBA,10/20/2025 18:50,30.01
SBA,10/20/2025 18:55,30.01
SBA,10/20/2025 19:00,30.01
SBA,10/20/2025 19:05,30.01
SBA,10/20/2025 19:10,30.01
SBA,10/20/2025 19:15,30.01
SBA,10/20/2025 19:20,30.01
SBA,10/20/2025 19:25,30.02
SBA,10/20/2025 19:30,30.02
SBA,10/20/2025 19:35,30.02
SBA,10/20/2025 19:40,30.02
SBA,10/20/2025 19:45,30.02
SBA,10/20/2025 19:50,30.02
SBA,10/20/2025 19:55,30.03
SBA,10/20/2025 20:00,30.03
SBA,10/20/2025 20:05,30.03
SBA,10/20/2025 20:10,30.03
SBA,10/20/2025 20:15,30.03
SBA,10/20/2025 20:20,30.03
SBA,10/20/2025 20:25,30.03
SBA,10/20/2025 20:30,30.03
SBA,10/20/2025 20:35,30.03
SBA,10/20/2025 20:40,30.03
SBA,10/20/2025 20:45,30.03
SBA,10/20/2025 20:50,30.03
SBA,10/20/2025 20:55,30.03
SBA,10/20/2025 21:00,30.04
SBA,10/20/2025 21:05,30.04
SBA,10/20/2025 21:10,30.04
SBA,10/20/2025 21:15,30.04
SBA,10/20/2025 21:20,30.04
SBA,10/20/2025 21:25,30.04
SBA,10/20/2025 21:30,30.04
SBA,10/20/2025 21:35,30.04
SBA,10/20/2025 21:40,30.04
SBA,10/20/2025 21:45,30.04
SBA,10/20/2025 21:50,30.04
SBA,10/20/2025 21:55,30.04
SBA,10/20/2025 22:00,30.04
SBA,10/20/2025 22:05,30.04
SBA,10/20/2025 22:10,30.04
SBA,10/20/2025 22:15,30.04
SBA,10/20/2025 22:20,30.04
SBA,10/20/2025 22:25,30.04
SBA,10/20/2025 22:30,30.05
SBA,10/20/2025 22:35,30.05
SBA,10/20/2025 22:40,30.05
SBA,10/20/2025 22:45,30.05
SBA,10/20/2025 22:50,30.05
SBA,10/20/2025 22:55,30.05
SBA,10/20/2025 23:00,30.05
SBA,10/20/2025 23:05,30.05
SBA,10/20/2025 23:10,30.05
SBA,10/20/2025 23:15,30.05
SBA,10/20/2025 23:20,30.05
SBA,10/20/2025 23:25,30.06
SBA,10/20/2025 23:30,30.06
SBA,10/20/2025 23:35,30.06
SBA,10/20/2025 23:40,30.06
SBA,10/20/2025 23:45,30.06
SBA,10/20/2025 23:50,30.06
SBA,10/20/2025 23:55,30.06
SBA,10/21/2025 0:00,30.05
SBA,10/21/2025 0:05,30.05
SBA,10/21/2025 0:10,30.05
SBA,10/21/2025 0:15,30.05
SBA,10/21/2025 0:20,30.05
SBA,10/21/2025 0:25,30.05
SBA,10/21/2025 0:30,30.04
SBA,10/21/2025 0:35,30.04
SBA,10/21/2025 0:40,30.05
SBA,10/21/2025 0:45,30.04
SBA,10/21/2025 0:50,30.04
SBA,10/21/2025 0:55,30.04
SBA,10/21/2025 1:00,30.04
SBA,10/21/2025 1:05,30.04
SBA,10/21/2025 1:10,30.04
SBA,10/21/2025 1:15,30.04
SBA,10/21/2025 1:20,30.04
SBA,10/21/2025 1:25,30.05
SBA,10/21/2025 1:30,30.05
SBA,10/21/2025 1:35,30.05
SBA,10/21/2025 1:40,30.05
SBA,10/21/2025 1:45,30.05
SBA,10/21/2025 1:50,30.05
SBA,10/21/2025 1:55,30.05
SBA,10/21/2025 2:00,30.06
SBA,10/21/2025 2:05,30.05
SBA,10/21/2025 2:10,30.05
SBA,10/21/2025 2:15,30.05
SBA,10/21/2025 2:20,30.05
SBA,10/21/2025 2:25,30.05
SBA,10/21/2025 2:30,30.05
SBA,10/21/2025 2:35,30.05
SBA,10/21/2025 2:40,30.04
SBA,10/21/2025 2:45,30.04
SBA,10/21/2025 2:50,30.04
SBA,10/21/2025 2:55,30.04
SBA,10/21/2025 3:00,30.04
SBA,10/21/2025 3:05,30.04
SBA,10/21/2025 3:10,30.04
SBA,10/21/2025 3:15,30.04
SBA,10/21/2025 3:20,30.04
SBA,10/21/2025 3:25,30.04
SBA,10/21/2025 3:30,30.04
SBA,10/21/2025 3:35,30.04
SBA,10/21/2025 3:40,30.04
SBA,10/21/2025 3:45,30.04
SBA,10/21/2025 3:50,30.03
SBA,10/21/2025 3:55,30.03
SBA,10/21/2025 4:00,30.03
SBA,10/21/2025 4:05,30.03
SBA,10/21/2025 4:10,30.03
SBA,10/21/2025 4:15,30.03
SBA,10/21/2025 4:20,30.03
SBA,10/21/2025 4:25,30.03
SBA,10/21/2025 4:30,30.03
SBA,10/21/2025 4:35,30.03
SBA,10/21/2025 4:40,30.03
SBA,10/21/2025 4:45,30.03
SBA,10/21/2025 4:50,30.03
SBA,10/21/2025 4:55,30.03
SBA,10/21/2025 5:00,30.03
SBA,10/21/2025 5:05,30.03
SBA,10/21/2025 5:10,30.03
SBA,10/21/2025 5:15,30.03
SBA,10/21/2025 5:20,30.03
SBA,10/21/2025 5:25,30.03
SBA,10/21/2025 5:30,30.04
SBA,10/21/2025 5:35,30.04
SBA,10/21/2025 5:40,30.04
SBA,10/21/2025 5:45,30.04
SBA,10/21/2025 5:50,30.04
SBA,10/21/2025 5:55,30.04
SBA,10/21/2025 6:00,30.04
SBA,10/21/2025 6:05,30.04
SBA,10/21/2025 6:10,30.04
SBA,10/21/2025 6:15,30.04
SBA,10/21/2025 6:20,30.04
SBA,10/21/2025 6:25,30.04
SBA,10/21/2025 6:30,30.04
SBA,10/21/2025 6:35,30.04
SBA,10/21/2025 6:40,30.03
SBA,10/21/2025 6:45,30.04
SBA,10/21/2025 6:50,30.03
SBA,10/21/2025 6:55,30.03
SBA,10/21/2025 7:00,30.03
SBA,10/21/2025 7:05,30.03
SBA,10/21/2025 7:10,30.03
SBA,10/21/2025 7:15,30.03
SBA,10/21/2025 7:20,30.04
SBA,10/21/2025 7:25,30.04
SBA,10/21/2025 7:30,30.04
SBA,10/21/2025 7:35,30.04
SBA,10/21/2025 7:40,30.04
SBA,10/21/2025 7:45,30.04
SBA,10/21/2025 7:50,30.04
SBA,10/21/2025 7:55,30.04
SBA,10/21/2025 8:00,30.04
SBA,10/21/2025 8:05,30.04
SBA,10/21/2025 8:10,30.04
SBA,10/21/2025 8:15,30.04
SBA,10/21/2025 8:20,30.05
SBA,10/21/2025 8:25,30.05
SBA,10/21/2025 8:30,30.05
SBA,10/21/2025 8:35,30.05
SBA,10/21/2025 8:40,30.05
SBA,10/21/2025 8:45,30.05
SBA,10/21/2025 8:50,30.05
SBA,10/21/2025 8:55,30.05
SBA,10/21/2025 9:00,30.05
SBA,10/21/2025 9:05,30.05
SBA,10/21/2025 9:10,30.05
SBA,10/21/2025 9:15,30.05
SBA,10/21/2025 9:20,30.06
SBA,10/21/2025 9:25,30.05
SBA,10/21/2025 9:30,30.06
SBA,10/21/2025 9:35,30.06
SBA,10/21/2025 9:40,30.06
SBA,10/21/2025 9:45,30.06
SBA,10/21/2025 9:50,30.07
SBA,10/21/2025 9:55,30.06
SBA,10/21/2025 10:00,30.06
SBA,10/21/2025 10:05,30.06
SBA,10/21/2025 10:10,30.06
SBA,10/21/2025 10:15,30.06
SBA,10/21/2025 10:20,30.06
SBA,10/21/2025 10:25,30.06
SBA,10/21/2025 10:30,30.06
SBA,10/21/2025 10:35,30.06
SBA,10/21/2025 10:40,30.06
SBA,10/21/2025 10:45,30.06
SBA,10/21/2025 10:50,30.06
SBA,10/21/2025 10:55,30.06
SBA,10/21/2025 11:00,30.06
SBA,10/21/2025 11:05,30.05
SBA,10/21/2025 11:10,30.06
SBA,10/21/2025 11:15,30.05
SBA,10/21/2025 11:20,30.05
SBA,10/21/2025 11:25,30.05
SBA,10/21/2025 11:30,30.05
SBA,10/21/2025 11:35,30.05
SBA,10/21/2025 11:40,30.05
SBA,10/21/2025 11:45,30.05
SBA,10/21/2025 11:50,30.05
SBA,10/21/2025 11:55,30.05
SBA,10/21/2025 12:00,30.05
SBA,10/21/2025 12:05,30.05
SBA,10/21/2025 12:10,30.04
SBA,10/21/2025 12:15,30.04
SBA,10/21/2025 12:20,30.04
SBA,10/21/2025 12:25,30.03
SBA,10/21/2025 12:30,30.03
SBA,10/21/2025 12:35,30.03
SBA,10/21/2025 12:40,30.03
SBA,10/21/2025 12:45,30.03
SBA,10/21/2025 12:50,30.02
SBA,10/21/2025 12:55,30.02
SBA,10/21/2025 13:00,30.02
SBA,10/21/2025 13:05,30.02
SBA,10/21/2025 13:10,30.01
SBA,10/21/2025 13:15,30.01
SBA,10/21/2025 13:20,30.01
SBA,10/21/2025 13:25,30.01
SBA,10/21/2025 13:30,30.01
SBA,10/21/2025 13:35,30.01
SBA,10/21/2025 13:40,30.01
SBA,10/21/2025 13:45,30
SBA,10/21/2025 13:50,30
SBA,10/21/2025 13:55,30
SBA,10/21/2025 14:00,30
SBA,10/21/2025 14:05,29.99
SBA,10/21/2025 14:10,29.99
SBA,10/21/2025 14:15,29.99
SBA,10/21/2025 14:20,29.99
SBA,10/21/2025 14:25,29.98
SBA,10/21/2025 14:30,29.98
SBA,10/21/2025 14:35,29.98
SBA,10/21/2025 14:40,29.98
SBA,10/21/2025 14:45,29.98
SBA,10/21/2025 14:50,29.98
SBA,10/21/2025 14:55,29.98
SBA,10/21/2025 15:00,29.98
SBA,10/21/2025 15:05,29.97
SBA,10/21/2025 15:10,29.97
SBA,10/21/2025 15:15,29.97
SBA,10/21/2025 15:20,29.97
SBA,10/21/2025 15:25,29.97
SBA,10/21/2025 15:30,29.97
SBA,10/21/2025 15:35,29.97
SBA,10/21/2025 15:40,29.97
SBA,10/21/2025 15:45,29.97
SBA,10/21/2025 15:50,29.97
SBA,10/21/2025 15:55,29.97
SBA,10/21/2025 16:00,29.97
SBA,10/21/2025 16:05,29.97
SBA,10/21/2025 16:10,29.97
SBA,10/21/2025 16:15,29.97
SBA,10/21/2025 16:20,29.97
SBA,10/21/2025 16:25,29.97
SBA,10/21/2025 16:30,29.97
SBA,10/21/2025 16:35,29.97
SBA,10/21/2025 16:40,29.97
SBA,10/21/2025 16:45,29.96
SBA,10/21/2025 16:50,29.97
SBA,10/21/2025 16:55,29.96
SBA,10/21/2025 17:00,29.96
SBA,10/21/2025 17:05,29.96
SBA,10/21/2025 17:10,29.96
SBA,10/21/2025 17:15,29.96
SBA,10/21/2025 17:20,29.95
SBA,10/21/2025 17:25,29.95
SBA,10/21/2025 17:30,29.96
SBA,10/21/2025 17:35,29.96
SBA,10/21/2025 17:40,29.96
SBA,10/21/2025 17:45,29.96
SBA,10/21/2025 17:50,29.95
SBA,10/21/2025 17:55,29.94
SBA,10/21/2025 18:00,29.96
SBA,10/21/2025 18:05,29.95
SBA,10/21/2025 18:10,29.96
SBA,10/21/2025 18:15,29.95
SBA,10/21/2025 18:20,29.96
SBA,10/21/2025 18:25,29.96
SBA,10/21/2025 18:30,29.95
SBA,10/21/2025 18:35,29.94
SBA,10/21/2025 18:40,29.97
SBA,10/21/2025 18:45,29.96
SBA,10/21/2025 18:50,29.96
SBA,10/21/2025 18:55,29.96
SBA,10/21/2025 19:00,29.96
SBA,10/21/2025 19:05,29.96
SBA,10/21/2025 19:10,29.97
SBA,10/21/2025 19:15,29.97
SBA,10/21/2025 19:20,29.97
SBA,10/21/2025 19:25,29.97
SBA,10/21/2025 19:30,29.97
SBA,10/21/2025 19:35,29.97
SBA,10/21/2025 19:40,29.98
SBA,10/21/2025 19:45,29.98
SBA,10/21/2025 19:50,29.98
SBA,10/21/2025 19:55,29.98
SBA,10/21/2025 20:00,29.98
SBA,10/21/2025 20:05,29.98
SBA,10/21/2025 20:10,29.98
SBA,10/21/2025 20:15,29.98
SBA,10/21/2025 20:20,29.98
SBA,10/21/2025 20:25,29.98
SBA,10/21/2025 20:30,29.98
SBA,10/21/2025 20:35,29.98
SBA,10/21/2025 20:40,29.98
SBA,10/21/2025 20:45,29.98
SBA,10/21/2025 20:50,29.98
SBA,10/21/2025 20:55,29.98
SBA,10/21/2025 21:00,29.98
SBA,10/21/2025 21:05,29.98
SBA,10/21/2025 21:10,29.98
SBA,10/21/2025 21:15,29.98
SBA,10/21/2025 21:20,29.98
SBA,10/21/2025 21:25,29.98
SBA,10/21/2025 21:30,29.98
SBA,10/21/2025 21:35,29.98
SBA,10/21/2025 21:40,29.98
SBA,10/21/2025 21:45,29.98
SBA,10/21/2025 21:50,29.98
SBA,10/21/2025 21:55,29.98
SBA,10/21/2025 22:00,29.98
SBA,10/21/2025 22:05,29.98
SBA,10/21/2025 22:10,29.99
SBA,10/21/2025 22:15,29.99
SBA,10/21/2025 22:20,29.99
SBA,10/21/2025 22:25,29.99
SBA,10/21/2025 22:30,29.99
SBA,10/21/2025 22:35,29.99
SBA,10/21/2025 22:40,29.99
SBA,10/21/2025 22:45,29.99
SBA,10/21/2025 22:50,29.99
SBA,10/21/2025 22:55,29.99
SBA,10/21/2025 23:00,29.99
SBA,10/21/2025 23:05,30
SBA,10/21/2025 23:10,29.99
SBA,10/21/2025 23:15,29.99
SBA,10/21/2025 23:20,29.99
SBA,10/21/2025 23:25,29.99
SBA,10/21/2025 23:30,29.99
SBA,10/21/2025 23:35,29.99
SBA,10/21/2025 23:40,29.99
SBA,10/21/2025 23:45,29.99
SBA,10/21/2025 23:50,29.99
SBA,10/21/2025 23:55,29.99
SBA,10/22/2025 0:00,29.99
SBA,10/22/2025 0:05,29.99
SBA,10/22/2025 0:10,29.99
SBA,10/22/2025 0:15,29.99
SBA,10/22/2025 0:20,29.99
SBA,10/22/2025 0:25,29.99
SBA,10/22/2025 0:30,29.99
SBA,10/22/2025 0:35,30
SBA,10/22/2025 0:40,30
SBA,10/22/2025 0:45,30
SBA,10/22/2025 0:50,30
SBA,10/22/2025 0:55,29.99
SBA,10/22/2025 1:00,29.99
SBA,10/22/2025 1:05,29.99
SBA,10/22/2025 1:10,29.99
SBA,10/22/2025 1:15,29.99
SBA,10/22/2025 1:20,29.99
SBA,10/22/2025 1:25,29.99
SBA,10/22/2025 1:30,29.99
SBA,10/22/2025 1:35,29.99
SBA,10/22/2025 1:40,29.99
SBA,10/22/2025 1:45,29.99
SBA,10/22/2025 1:50,29.99
SBA,10/22/2025 1:55,29.99
SBA,10/22/2025 2:00,29.99
SBA,10/22/2025 2:05,29.99
SBA,10/22/2025 2:10,29.99
SBA,10/22/2025 2:15,29.99
SBA,10/22/2025 2:20,29.99
SBA,10/22/2025 2:25,29.99
SBA,10/22/2025 2:30,29.99
SBA,10/22/2025 2:35,29.99
SBA,10/22/2025 2:40,29.99
SBA,10/22/2025 2:45,29.99
SBA,10/22/2025 2:50,29.99
SBA,10/22/2025 2:55,29.99
SBA,10/22/2025 3:00,29.99
SBA,10/22/2025 3:05,29.99
SBA,10/22/2025 3:10,29.99
SBA,10/22/2025 3:15,29.99
SBA,10/22/2025 3:20,29.98
SBA,10/22/2025 3:25,29.98
SBA,10/22/2025 3:30,29.98
SBA,10/22/2025 3:35,29.98
SBA,10/22/2025 3:40,29.97
SBA,10/22/2025 3:45,29.97
SBA,10/22/2025 3:50,29.97
SBA,10/22/2025 3:55,29.98
SBA,10/22/2025 4:00,29.98
SBA,10/22/2025 4:05,29.98
SBA,10/22/2025 4:10,29.98
SBA,10/22/2025 4:15,29.98
SBA,10/22/2025 4:20,29.99
SBA,10/22/2025 4:25,29.99
SBA,10/22/2025 4:30,29.99
SBA,10/22/2025 4:35,30
SBA,10/22/2025 4:40,30
SBA,10/22/2025 4:45,30
SBA,10/22/2025 4:50,30
SBA,10/22/2025 4:55,30
SBA,10/22/2025 5:00,30
SBA,10/22/2025 5:05,30
SBA,10/22/2025 5:10,30
SBA,10/22/2025 5:15,30
SBA,10/22/2025 5:20,30
SBA,10/22/2025 5:25,30
SBA,10/22/2025 5:30,30
SBA,10/22/2025 5:35,30
SBA,10/22/2025 5:40,30
SBA,10/22/2025 5:45,30
SBA,10/22/2025 5:50,30
SBA,10/22/2025 5:55,30
SBA,10/22/2025 6:00,30.01
SBA,10/22/2025 6:05,30.01
SBA,10/22/2025 6:10,30.01
SBA,10/22/2025 6:15,30.01
SBA,10/22/2025 6:20,30.02
SBA,10/22/2025 6:25,30.02
SBA,10/22/2025 6:30,30.02
SBA,10/22/2025 6:35,30.02
SBA,10/22/2025 6:40,30.02
SBA,10/22/2025 6:45,30.02
SBA,10/22/2025 6:50,30.02
SBA,10/22/2025 6:55,30.02
SBA,10/22/2025 7:00,30.02
SBA,10/22/2025 7:05,30.02
SBA,10/22/2025 7:10,30.03
SBA,10/22/2025 7:15,30.02
SBA,10/22/2025 7:20,30.03
SBA,10/22/2025 7:25,30.03
SBA,10/22/2025 7:30,30.03
SBA,10/22/2025 7:35,30.03
SBA,10/22/2025 7:40,30.04
SBA,10/22/2025 7:45,30.04
SBA,10/22/2025 7:50,30.04
SBA,10/22/2025 7:55,30.04
SBA,10/22/2025 8:00,30.04
SBA,10/22/2025 8:05,30.04
SBA,10/22/2025 8:10,30.04
SBA,10/22/2025 8:15,30.04
SBA,10/22/2025 8:20,30.04
SBA,10/22/2025 8:25,30.04
SBA,10/22/2025 8:30,30.04
SBA,10/22/2025 8:35,30.04
SBA,10/22/2025 8:40,30.05
SBA,10/22/2025 8:45,30.05
SBA,10/22/2025 8:50,30.05
SBA,10/22/2025 8:55,30.05
SBA,10/22/2025 9:00,30.05
SBA,10/22/2025 9:05,30.05
SBA,10/22/2025 9:10,30.05
SBA,10/22/2025 9:15,30.05
SBA,10/22/2025 9:20,30.05
SBA,10/22/2025 9:25,30.06
SBA,10/22/2025 9:30,30.06
SBA,10/22/2025 9:35,30.06
SBA,10/22/2025 9:40,30.06
SBA,10/22/2025 9:45,30.06
SBA,10/22/2025 9:50,30.06
SBA,10/22/2025 9:55,30.06
SBA,10/22/2025 10:00,30.06
SBA,10/22/2025 10:05,30.06
SBA,10/22/2025 10:10,30.06
SBA,10/22/2025 10:15,30.06
SBA,10/22/2025 10:20,30.06
SBA,10/22/2025 10:25,30.06
SBA,10/22/2025 10:30,30.06
SBA,10/22/2025 10:35,30.06
SBA,10/22/2025 10:40,30.06
SBA,10/22/2025 10:45,30.06
SBA,10/22/2025 10:50,30.06
SBA,10/22/2025 10:55,30.06
SBA,10/22/2025 11:00,30.06
SBA,10/22/2025 11:05,30.06
SBA,10/22/2025 11:10,30.06
SBA,10/22/2025 11:15,30.06
SBA,10/22/2025 11:20,30.05
SBA,10/22/2025 11:25,30.05
SBA,10/22/2025 11:30,30.05
SBA,10/22/2025 11:35,30.05
SBA,10/22/2025 11:40,30.05
SBA,10/22/2025 11:45,30.05
SBA,10/22/2025 11:50,30.05
SBA,10/22/2025 11:55,30.04
SBA,10/22/2025 12:00,30.04
SBA,10/22/2025 12:05,30.04
SBA,10/22/2025 12:10,30.04
SBA,10/22/2025 12:15,30.04
SBA,10/22/2025 12:20,30.04
SBA,10/22/2025 12:25,30.04
SBA,10/22/2025 12:30,30.04
SBA,10/22/2025 12:35,30.04
SBA,10/22/2025 12:40,30.04
SBA,10/22/2025 12:45,30.03
SBA,10/22/2025 12:50,30.03
SBA,10/22/2025 12:55,30.03
SBA,10/22/2025 13:00,30.03
SBA,10/22/2025 13:05,30.03
SBA,10/22/2025 13:10,30.03
SBA,10/22/2025 13:15,30.03
SBA,10/22/2025 13:20,30.02
SBA,10/22/2025 13:25,30.02
SBA,10/22/2025 13:30,30.02
SBA,10/22/2025 13:35,30.02
SBA,10/22/2025 13:40,30.02
SBA,10/22/2025 13:45,30.01
SBA,10/22/2025 13:50,30.01
SBA,10/22/2025 13:55,30.01
SBA,10/22/2025 14:00,30
SBA,10/22/2025 14:05,30
SBA,10/22/2025 14:10,30
SBA,10/22/2025 14:15,30
SBA,10/22/2025 14:20,30
SBA,10/22/2025 14:25,29.99
SBA,10/22/2025 14:30,29.99
SBA,10/22/2025 14:35,29.99
SBA,10/22/2025 14:40,29.99
SBA,10/22/2025 14:45,29.99
SBA,10/22/2025 14:50,29.99
SBA,10/22/2025 14:55,29.99
SBA,10/22/2025 15:00,29.98
SBA,10/22/2025 15:05,29.98
SBA,10/22/2025 15:10,29.98
SBA,10/22/2025 15:15,29.98
SBA,10/22/2025 15:20,29.98
SBA,10/22/2025 15:25,29.98
SBA,10/22/2025 15:30,29.98
SBA,10/22/2025 15:35,29.98
SBA,10/22/2025 15:40,29.98
SBA,10/22/2025 15:45,29.98
SBA,10/22/2025 15:50,29.97
SBA,10/22/2025 15:55,29.97
SBA,10/22/2025 16:00,29.98
SBA,10/22/2025 16:05,29.98
SBA,10/22/2025 16:10,29.97
SBA,10/22/2025 16:15,29.97
SBA,10/22/2025 16:20,29.97
SBA,10/22/2025 16:25,29.97
SBA,10/22/2025 16:30,29.97
SBA,10/22/2025 16:35,29.97
SBA,10/22/2025 16:40,29.96
SBA,10/22/2025 16:45,29.96
SBA,10/22/2025 16:50,29.96
SBA,10/22/2025 16:55,29.96
SBA,10/22/2025 17:00,29.96
SBA,10/22/2025 17:05,29.96
SBA,10/22/2025 17:10,29.97
SBA,10/22/2025 17:15,29.97
SBA,10/22/2025 17:20,29.96
SBA,10/22/2025 17:25,29.96
SBA,10/22/2025 17:30,29.96
SBA,10/22/2025 17:35,29.96
SBA,10/22/2025 17:40,29.96
SBA,10/22/2025 17:45,29.97
SBA,10/22/2025 17:50,29.97
SBA,10/22/2025 17:55,29.97
SBA,10/22/2025 18:00,29.97
SBA,10/22/2025 18:05,29.97
SBA,10/22/2025 18:10,29.97
SBA,10/22/2025 18:15,29.97
SBA,10/22/2025 18:20,29.97
SBA,10/22/2025 18:25,29.97
SBA,10/22/2025 18:30,29.97
SBA,10/22/2025 18:35,29.97
SBA,10/22/2025 18:40,29.97
SBA,10/22/2025 18:45,29.97
SBA,10/22/2025 18:50,29.97
SBA,10/22/2025 18:55,29.97
SBA,10/22/2025 19:00,29.97
SBA,10/22/2025 19:05,29.98
SBA,10/22/2025 19:10,29.98
SBA,10/22/2025 19:15,29.98
SBA,10/22/2025 19:20,29.98
SBA,10/22/2025 19:25,29.98
SBA,10/22/2025 19:30,29.98
SBA,10/22/2025 19:35,29.98
SBA,10/22/2025 19:40,29.98
SBA,10/22/2025 19:45,29.98
SBA,10/22/2025 19:50,29.98
SBA,10/22/2025 19:55,29.98
SBA,10/22/2025 20:00,29.99
SBA,10/22/2025 20:05,29.99
SBA,10/22/2025 20:10,29.98
SBA,10/22/2025 20:15,29.99
SBA,10/22/2025 20:20,29.99
SBA,10/22/2025 20:25,29.98
SBA,10/22/2025 20:30,29.98
SBA,10/22/2025 20:35,29.98
SBA,10/22/2025 20:40,29.99
SBA,10/22/2025 20:45,29.98
SBA,10/22/2025 20:50,29.99
SBA,10/22/2025 20:55,29.99
SBA,10/22/2025 21:00,29.99
SBA,10/22/2025 21:05,29.99
SBA,10/22/2025 21:10,30
SBA,10/22/2025 21:15,29.99
SBA,10/22/2025 21:20,29.99
SBA,10/22/2025 21:25,30
SBA,10/22/2025 21:30,30
SBA,10/22/2025 21:35,30
SBA,10/22/2025 21:40,30.01
SBA,10/22/2025 21:45,30.01
SBA,10/22/2025 21:50,30.01
SBA,10/22/2025 21:55,30.01
SBA,10/22/2025 22:00,30.02
SBA,10/22/2025 22:05,30.02
SBA,10/22/2025 22:10,30.02
SBA,10/22/2025 22:15,30.02
SBA,10/22/2025 22:20,30.02
SBA,10/22/2025 22:25,30.02
SBA,10/22/2025 22:30,30.02
SBA,10/22/2025 22:35,30.01
SBA,10/22/2025 22:40,30.02
SBA,10/22/2025 22:45,30.02
SBA,10/22/2025 22:50,30.02
SBA,10/22/2025 22:55,30.02
SBA,10/22/2025 23:00,30.02
SBA,10/22/2025 23:05,30.02
SBA,10/22/2025 23:10,30.02
SBA,10/22/2025 23:15,30.02
SBA,10/22/2025 23:20,30.02
SBA,10/22/2025 23:25,30.02
SBA,10/22/2025 23:30,30.02
SBA,10/22/2025 23:35,30.02
SBA,10/22/2025 23:40,30.02
SBA,10/22/2025 23:45,30.02
SBA,10/22/2025 23:50,30.02
SBA,10/22/2025 23:55,30.02
SBA,10/23/2025 0:00,30.02
SBA,10/23/2025 0:05,30.02
SBA,10/23/2025 0:10,30.02
SBA,10/23/2025 0:15,30.02
SBA,10/23/2025 0:20,30.02
SBA,10/23/2025 0:25,30.02
SBA,10/23/2025 0:30,30.02
SBA,10/23/2025 0:35,30.02
SBA,10/23/2025 0:40,30.02
SBA,10/23/2025 0:45,30.02
SBA,10/23/2025 0:50,30.02
SBA,10/23/2025 0:55,30.02
SBA,10/23/2025 1:00,30.02
SBA,10/23/2025 1:05,30.02
SBA,10/23/2025 1:10,30.02
SBA,10/23/2025 1:15,30.02
SBA,10/23/2025 1:20,30.02
SBA,10/23/2025 1:25,30.01
SBA,10/23/2025 1:30,30.01
SBA,10/23/2025 1:35,30
SBA,10/23/2025 1:40,30
SBA,10/23/2025 1:45,30
SBA,10/23/2025 1:50,30
SBA,10/23/2025 1:55,30
SBA,10/23/2025 2:00,30
SBA,10/23/2025 2:05,30
SBA,10/23/2025 2:10,29.99
SBA,10/23/2025 2:15,30
SBA,10/23/2025 2:20,30
SBA,10/23/2025 2:25,30
SBA,10/23/2025 2:30,30
SBA,10/23/2025 2:35,30
SBA,10/23/2025 2:40,30
SBA,10/23/2025 2:45,30.01
SBA,10/23/2025 2:50,30.01
SBA,10/23/2025 2:55,30.01
SBA,10/23/2025 3:00,30.01
SBA,10/23/2025 3:05,30.01
SBA,10/23/2025 3:10,30.01
SBA,10/23/2025 3:15,30.01
SBA,10/23/2025 3:20,30.01
SBA,10/23/2025 3:25,30.01
SBA,10/23/2025 3:30,30.01
SBA,10/23/2025 3:35,30.01
SBA,10/23/2025 3:40,30.01
SBA,10/23/2025 3:45,30.01
SBA,10/23/2025 3:50,30.01
SBA,10/23/2025 3:55,30.01
SBA,10/23/2025 4:00,30.01
SBA,10/23/2025 4:05,30.01
SBA,10/23/2025 4:10,30.01
SBA,10/23/2025 4:15,30.01
SBA,10/23/2025 4:20,30.01
SBA,10/23/2025 4:25,30.01
SBA,10/23/2025 4:30,30.01
SBA,10/23/2025 4:35,30.01
SBA,10/23/2025 4:40,30.01
SBA,10/23/2025 4:45,30.01
SBA,10/23/2025 4:50,30.01
SBA,10/23/2025 4:55,30.01
SBA,10/23/2025 5:00,30.01
SBA,10/23/2025 5:05,30
SBA,10/23/2025 5:10,30
SBA,10/23/2025 5:15,30
SBA,10/23/2025 5:20,30.01
SBA,10/23/2025 5:25,30.01
SBA,10/23/2025 5:30,30.01
SBA,10/23/2025 5:35,30.01
SBA,10/23/2025 5:40,30.02
SBA,10/23/2025 5:45,30.02
SBA,10/23/2025 5:50,30.02
SBA,10/23/2025 5:55,30.01
SBA,10/23/2025 6:00,30.02
SBA,10/23/2025 6:05,30.02
SBA,10/23/2025 6:10,30.02
SBA,10/23/2025 6:15,30.02
SBA,10/23/2025 6:20,30.02
SBA,10/23/2025 6:25,30.02
SBA,10/23/2025 6:30,30.02
SBA,10/23/2025 6:35,30.02
SBA,10/23/2025 6:40,30.02
SBA,10/23/2025 6:45,30.02
SBA,10/23/2025 6:50,30.02
SBA,10/23/2025 6:55,30.02
SBA,10/23/2025 7:00,30.03
SBA,10/23/2025 7:05,30.02
SBA,10/23/2025 7:10,30.03
SBA,10/23/2025 7:15,30.03
SBA,10/23/2025 7:20,30.03
SBA,10/23/2025 7:25,30.03
SBA,10/23/2025 7:30,30.04
SBA,10/23/2025 7:35,30.03
SBA,10/23/2025 7:40,30.04
SBA,10/23/2025 7:45,30.04
SBA,10/23/2025 7:50,30.04
SBA,10/23/2025 7:55,30.04
SBA,10/23/2025 8:00,30.04
SBA,10/23/2025 8:05,30.04
SBA,10/23/2025 8:10,30.05
SBA,10/23/2025 8:15,30.05
SBA,10/23/2025 8:20,30.05
SBA,10/23/2025 8:25,30.05
SBA,10/23/2025 8:30,30.05
SBA,10/23/2025 8:35,30.05
SBA,10/23/2025 8:40,30.06
SBA,10/23/2025 8:45,30.06
SBA,10/23/2025 8:50,30.06
SBA,10/23/2025 8:55,30.06
SBA,10/23/2025 9:00,30.06
SBA,10/23/2025 9:05,30.06
SBA,10/23/2025 9:10,30.06
SBA,10/23/2025 9:15,30.07
SBA,10/23/2025 9:20,30.07
SBA,10/23/2025 9:25,30.07
SBA,10/23/2025 9:30,30.07
SBA,10/23/2025 9:35,30.07
SBA,10/23/2025 9:40,30.07
SBA,10/23/2025 9:45,30.07
SBA,10/23/2025 9:50,30.07
SBA,10/23/2025 9:55,30.08
SBA,10/23/2025 10:00,30.08
SBA,10/23/2025 10:05,30.08
SBA,10/23/2025 10:10,30.08
SBA,10/23/2025 10:15,30.08
SBA,10/23/2025 10:20,30.08
SBA,10/23/2025 10:25,30.08
SBA,10/23/2025 10:30,30.08
SBA,10/23/2025 10:35,30.08
SBA,10/23/2025 10:40,30.08
SBA,10/23/2025 10:45,30.08
SBA,10/23/2025 10:50,30.07
SBA,10/23/2025 10:55,30.07
SBA,10/23/2025 11:00,30.07
SBA,10/23/2025 11:05,30.07
SBA,10/23/2025 11:10,30.07
SBA,10/23/2025 11:15,30.07
SBA,10/23/2025 11:20,30.07
SBA,10/23/2025 11:25,30.07
SBA,10/23/2025 11:30,30.07
SBA,10/23/2025 11:35,30.07
SBA,10/23/2025 11:40,30.07
SBA,10/23/2025 11:45,30.07
SBA,10/23/2025 11:50,30.07
SBA,10/23/2025 11:55,30.07
SBA,10/23/2025 12:00,30.07
SBA,10/23/2025 12:05,30.07
SBA,10/23/2025 12:10,30.07
SBA,10/23/2025 12:15,30.07
SBA,10/23/2025 12:20,30.07
SBA,10/23/2025 12:25,30.06
SBA,10/23/2025 12:30,30.06
SBA,10/23/2025 12:35,30.06
SBA,10/23/2025 12:40,30.06
SBA,10/23/2025 12:45,30.05
SBA,10/23/2025 12:50,30.05
SBA,10/23/2025 12:55,30.05
SBA,10/23/2025 13:00,30.04
SBA,10/23/2025 13:05,30.04
SBA,10/23/2025 13:10,30.04
SBA,10/23/2025 13:15,30.04
SBA,10/23/2025 13:20,30.04
SBA,10/23/2025 13:25,30.04
SBA,10/23/2025 13:30,30.03
SBA,10/23/2025 13:35,30.03
SBA,10/23/2025 13:40,30.03
SBA,10/23/2025 13:45,30.03
SBA,10/23/2025 13:50,30.03
SBA,10/23/2025 13:55,30.03
SBA,10/23/2025 14:00,30.03
SBA,10/23/2025 14:05,30.02
SBA,10/23/2025 14:10,30.02
SBA,10/23/2025 14:15,30.02
SBA,10/23/2025 14:20,30.02
SBA,10/23/2025 14:25,30.02
SBA,10/23/2025 14:30,30.02
SBA,10/23/2025 14:35,30.02
SBA,10/23/2025 14:40,30.01
SBA,10/23/2025 14:45,30.01
SBA,10/23/2025 14:50,30.01
SBA,10/23/2025 14:55,30.01
SBA,10/23/2025 15:00,30.01
SBA,10/23/2025 15:05,30.01
SBA,10/23/2025 15:10,30.01
SBA,10/23/2025 15:15,30.01
SBA,10/23/2025 15:20,30.01
SBA,10/23/2025 15:25,30
SBA,10/23/2025 15:30,30
SBA,10/23/2025 15:35,30
SBA,10/23/2025 15:40,30
SBA,10/23/2025 15:45,30
SBA,10/23/2025 15:50,30
SBA,10/23/2025 15:55,30
SBA,10/23/2025 16:00,29.99
SBA,10/23/2025 16:05,29.99
SBA,10/23/2025 16:10,29.99
SBA,10/23/2025 16:15,29.99
SBA,10/23/2025 16:20,29.99
SBA,10/23/2025 16:25,29.99
SBA,10/23/2025 16:30,29.99
SBA,10/23/2025 16:35,29.99
SBA,10/23/2025 16:40,29.99
SBA,10/23/2025 16:45,29.99
SBA,10/23/2025 16:50,29.99
SBA,10/23/2025 16:55,29.99
SBA,10/23/2025 17:00,29.98
SBA,10/23/2025 17:05,29.98
SBA,10/23/2025 17:10,29.98
SBA,10/23/2025 17:15,29.98
SBA,10/23/2025 17:20,29.98
SBA,10/23/2025 17:25,29.98
SBA,10/23/2025 17:30,29.98
SBA,10/23/2025 17:35,29.98
SBA,10/23/2025 17:40,29.97
SBA,10/23/2025 17:45,29.97
SBA,10/23/2025 17:50,29.97
SBA,10/23/2025 17:55,29.97
SBA,10/23/2025 18:00,29.97
SBA,10/23/2025 18:05,29.97
SBA,10/23/2025 18:10,29.97
SBA,10/23/2025 18:15,29.97
SBA,10/23/2025 18:20,29.97
SBA,10/23/2025 18:25,29.97
SBA,10/23/2025 18:30,29.97
SBA,10/23/2025 18:35,29.97
SBA,10/23/2025 18:40,29.97
SBA,10/23/2025 18:45,29.97
SBA,10/23/2025 18:50,29.97
SBA,10/23/2025 18:55,29.97
SBA,10/23/2025 19:00,29.97
SBA,10/23/2025 19:05,29.97
SBA,10/23/2025 19:10,29.97
SBA,10/23/2025 19:20,29.98
SBA,10/23/2025 19:25,29.98
SBA,10/23/2025 19:30,29.98
SBA,10/23/2025 19:35,29.98
SBA,10/23/2025 19:40,29.97
SBA,10/23/2025 19:45,29.97
SBA,10/23/2025 19:50,29.97
SBA,10/23/2025 19:55,29.97
SBA,10/23/2025 20:00,29.97
SBA,10/23/2025 20:05,29.97
SBA,10/23/2025 20:10,29.98
SBA,10/23/2025 20:15,29.98
SBA,10/23/2025 20:20,29.97
SBA,10/23/2025 20:25,29.97
SBA,10/23/2025 20:30,29.98
SBA,10/23/2025 20:35,29.98
SBA,10/23/2025 20:40,29.98
SBA,10/23/2025 20:45,29.98
SBA,10/23/2025 20:50,29.98
SBA,10/23/2025 20:55,29.98
SBA,10/23/2025 21:00,29.98
SBA,10/23/2025 21:05,29.98
SBA,10/23/2025 21:10,29.98
SBA,10/23/2025 21:15,29.98
SBA,10/23/2025 21:20,29.98
SBA,10/23/2025 21:25,29.98
SBA,10/23/2025 21:30,29.98
SBA,10/23/2025 21:35,29.98
SBA,10/23/2025 21:40,29.98
SBA,10/23/2025 21:45,29.98
SBA,10/23/2025 21:50,29.98
SBA,10/23/2025 21:55,29.98
SBA,10/23/2025 22:00,29.98
SBA,10/23/2025 22:05,29.98
SBA,10/23/2025 22:10,29.98
SBA,10/23/2025 22:15,29.98
SBA,10/23/2025 22:20,29.99
SBA,10/23/2025 22:25,29.98
SBA,10/23/2025 22:30,29.98
SBA,10/23/2025 22:35,29.98
SBA,10/23/2025 22:40,29.98
SBA,10/23/2025 22:45,29.98
SBA,10/23/2025 22:50,29.98
SBA,10/23/2025 22:55,29.98
SBA,10/23/2025 23:00,29.99
SBA,10/23/2025 23:05,29.98
SBA,10/23/2025 23:10,29.98
SBA,10/23/2025 23:15,29.98
SBA,10/23/2025 23:20,29.99
SBA,10/23/2025 23:25,29.99
SBA,10/23/2025 23:30,29.98
SBA,10/23/2025 23:35,29.98
SBA,10/23/2025 23:40,29.99
SBA,10/23/2025 23:45,29.98
SBA,10/23/2025 23:50,29.98
SBA,10/23/2025 23:55,29.98
SBA,10/24/2025 0:00,29.98
SBA,10/24/2025 0:05,29.98
SBA,10/24/2025 0:10,29.98
SBA,10/24/2025 0:15,29.98
SBA,10/24/2025 0:20,29.98
SBA,10/24/2025 0:25,29.97
SBA,10/24/2025 0:30,29.97
SBA,10/24/2025 0:35,29.97
SBA,10/24/2025 0:40,29.97
SBA,10/24/2025 0:45,29.97
SBA,10/24/2025 0:50,29.97
SBA,10/24/2025 0:55,29.97
SBA,10/24/2025 1:00,29.97
SBA,10/24/2025 1:05,29.97
SBA,10/24/2025 1:10,29.97
SBA,10/24/2025 1:15,29.97
SBA,10/24/2025 1:20,29.97
SBA,10/24/2025 1:25,29.97
SBA,10/24/2025 1:30,29.97
SBA,10/24/2025 1:35,29.97
SBA,10/24/2025 1:40,29.97
SBA,10/24/2025 1:45,29.98
SBA,10/24/2025 1:50,29.98
SBA,10/24/2025 1:55,29.98
SBA,10/24/2025 2:00,29.98
SBA,10/24/2025 2:05,29.98
SBA,10/24/2025 2:10,29.98
SBA,10/24/2025 2:15,29.98
SBA,10/24/2025 2:20,29.98
SBA,10/24/2025 2:25,29.98
SBA,10/24/2025 2:30,29.98
SBA,10/24/2025 2:35,29.98
SBA,10/24/2025 2:40,29.98
SBA,10/24/2025 2:45,29.98
SBA,10/24/2025 2:50,29.98
SBA,10/24/2025 2:55,29.98
SBA,10/24/2025 3:00,29.98
SBA,10/24/2025 3:05,29.98
SBA,10/24/2025 3:10,29.98
SBA,10/24/2025 3:15,29.98
SBA,10/24/2025 3:20,29.98
SBA,10/24/2025 3:25,29.98
SBA,10/24/2025 3:30,29.98
SBA,10/24/2025 3:35,29.97
SBA,10/24/2025 3:40,29.97
SBA,10/24/2025 3:45,29.98
SBA,10/24/2025 3:50,29.97
SBA,10/24/2025 3:55,29.97
SBA,10/24/2025 4:00,29.97
SBA,10/24/2025 4:05,29.97
SBA,10/24/2025 4:10,29.97
SBA,10/24/2025 4:15,29.97
SBA,10/24/2025 4:20,29.97
SBA,10/24/2025 4:25,29.98
SBA,10/24/2025 4:30,29.98
SBA,10/24/2025 4:35,29.98
SBA,10/24/2025 4:40,29.98
SBA,10/24/2025 4:45,29.98
SBA,10/24/2025 4:50,29.98
SBA,10/24/2025 4:55,29.98
SBA,10/24/2025 5:00,29.98
SBA,10/24/2025 5:05,29.98
SBA,10/24/2025 5:10,29.98
SBA,10/24/2025 5:15,29.98
SBA,10/24/2025 5:20,29.98
SBA,10/24/2025 5:25,29.98
SBA,10/24/2025 5:30,29.99
SBA,10/24/2025 5:35,29.99
SBA,10/24/2025 5:40,29.99
SBA,10/24/2025 5:45,29.99
SBA,10/24/2025 5:50,29.99
SBA,10/24/2025 5:55,29.99
SBA,10/24/2025 6:00,29.99
SBA,10/24/2025 6:05,29.99
SBA,10/24/2025 6:10,29.99
SBA,10/24/2025 6:15,29.99
SBA,10/24/2025 6:20,29.99
SBA,10/24/2025 6:25,29.99
SBA,10/24/2025 6:30,29.99
SBA,10/24/2025 6:35,29.99
SBA,10/24/2025 6:40,29.99
SBA,10/24/2025 6:45,29.99
SBA,10/24/2025 6:50,29.99
SBA,10/24/2025 6:55,29.99
SBA,10/24/2025 7:00,29.99
SBA,10/24/2025 7:05,29.99
SBA,10/24/2025 7:10,29.99
SBA,10/24/2025 7:15,29.99
SBA,10/24/2025 7:20,29.99
SBA,10/24/2025 7:25,29.99
SBA,10/24/2025 7:30,30
SBA,10/24/2025 7:35,30
SBA,10/24/2025 7:40,30
SBA,10/24/2025 7:45,30
SBA,10/24/2025 7:50,30
SBA,10/24/2025 7:55,30
SBA,10/24/2025 8:00,30
SBA,10/24/2025 8:05,30.01
SBA,10/24/2025 8:10,30.01
SBA,10/24/2025 8:15,30.01
SBA,10/24/2025 8:20,30.01
SBA,10/24/2025 8:25,30.01
SBA,10/24/2025 8:30,30.02
SBA,10/24/2025 8:35,30.02
SBA,10/24/2025 8:40,30.02
SBA,10/24/2025 8:45,30.02
SBA,10/24/2025 8:50,30.02
SBA,10/24/2025 8:55,30.02
SBA,10/24/2025 9:00,30.02
SBA,10/24/2025 9:05,30.03
SBA,10/24/2025 9:10,30.03
SBA,10/24/2025 9:15,30.03
SBA,10/24/2025 9:20,30.03
SBA,10/24/2025 9:25,30.03
SBA,10/24/2025 9:30,30.03
SBA,10/24/2025 9:35,30.03
SBA,10/24/2025 9:40,30.03
SBA,10/24/2025 9:45,30.03
SBA,10/24/2025 9:50,30.03
SBA,10/24/2025 9:55,30.03
SBA,10/24/2025 10:00,30.03
SBA,10/24/2025 10:05,30.03
SBA,10/24/2025 10:10,30.03
SBA,10/24/2025 10:15,30.03
SBA,10/24/2025 10:20,30.03
SBA,10/24/2025 10:25,30.03
SBA,10/24/2025 10:30,30.03
SBA,10/24/2025 10:35,30.03
SBA,10/24/2025 10:40,30.03
SBA,10/24/2025 10:45,30.03
SBA,10/24/2025 10:50,30.03
SBA,10/24/2025 10:55,30.03
SBA,10/24/2025 11:00,30.03
SBA,10/24/2025 11:05,30.04
SBA,10/24/2025 11:10,30.04
SBA,10/24/2025 11:15,30.04
SBA,10/24/2025 11:20,30.04
SBA,10/24/2025 11:25,30.04
SBA,10/24/2025 11:30,30.04
SBA,10/24/2025 11:35,30.04
SBA,10/24/2025 11:40,30.04
SBA,10/24/2025 11:45,30.04
SBA,10/24/2025 11:50,30.04
SBA,10/24/2025 11:55,30.04
SBA,10/24/2025 12:00,30.04
SBA,10/24/2025 12:05,30.04
SBA,10/24/2025 12:10,30.03
SBA,10/24/2025 12:15,30.03
SBA,10/24/2025 12:20,30.03
SBA,10/24/2025 12:25,30.03
SBA,10/24/2025 12:30,30.03
SBA,10/24/2025 12:35,30.03
SBA,10/24/2025 12:40,30.02
SBA,10/24/2025 12:45,30.02
SBA,10/24/2025 12:50,30.02
SBA,10/24/2025 12:55,30.02
SBA,10/24/2025 13:00,30.01
SBA,10/24/2025 13:05,30.01
SBA,10/24/2025 13:10,30.01
SBA,10/24/2025 13:15,30.01
SBA,10/24/2025 13:20,30.01
SBA,10/24/2025 13:25,30
SBA,10/24/2025 13:30,30
SBA,10/24/2025 13:35,30
SBA,10/24/2025 13:40,29.99
SBA,10/24/2025 13:45,29.99
SBA,10/24/2025 13:50,29.99
SBA,10/24/2025 13:55,29.99
SBA,10/24/2025 14:00,29.99
SBA,10/24/2025 14:05,29.98
SBA,10/24/2025 14:10,29.98
SBA,10/24/2025 14:15,29.98
SBA,10/24/2025 14:20,29.98
SBA,10/24/2025 14:25,29.98
SBA,10/24/2025 14:30,29.98
SBA,10/24/2025 14:35,29.97
SBA,10/24/2025 14:40,29.97
SBA,10/24/2025 14:45,29.97
SBA,10/24/2025 14:50,29.97
SBA,10/24/2025 14:55,29.97
SBA,10/24/2025 15:00,29.97
SBA,10/24/2025 15:05,29.96
SBA,10/24/2025 15:10,29.96
SBA,10/24/2025 15:15,29.96
SBA,10/24/2025 15:20,29.96
SBA,10/24/2025 15:25,29.95
SBA,10/24/2025 15:30,29.95
SBA,10/24/2025 15:35,29.95
SBA,10/24/2025 15:40,29.95
SBA,10/24/2025 15:45,29.95
SBA,10/24/2025 15:50,29.95
SBA,10/24/2025 15:55,29.95
SBA,10/24/2025 16:00,29.95
SBA,10/24/2025 16:05,29.95
SBA,10/24/2025 16:10,29.95
SBA,10/24/2025 16:15,29.95
SBA,10/24/2025 16:20,29.95
SBA,10/24/2025 16:25,29.95
SBA,10/24/2025 16:30,29.95
SBA,10/24/2025 16:35,29.95
SBA,10/24/2025 16:40,29.95
SBA,10/24/2025 16:45,29.95
SBA,10/24/2025 16:50,29.95
SBA,10/24/2025 16:55,29.95
SBA,10/24/2025 17:00,29.95
SBA,10/24/2025 17:05,29.95
SBA,10/24/2025 17:10,29.95
SBA,10/24/2025 17:15,29.95
SBA,10/24/2025 17:20,29.94
SBA,10/24/2025 17:25,29.94
SBA,10/24/2025 17:30,29.94
SBA,10/24/2025 17:35,29.94
SBA,10/24/2025 17:40,29.94
SBA,10/24/2025 17:45,29.94
SBA,10/24/2025 17:50,29.94
SBA,10/24/2025 17:55,29.94
SBA,10/24/2025 18:00,29.94
SBA,10/24/2025 18:05,29.94
SBA,10/24/2025 18:10,29.94
SBA,10/24/2025 18:15,29.94
SBA,10/24/2025 18:20,29.94
SBA,10/24/2025 18:25,29.94
SBA,10/24/2025 18:30,29.94
SBA,10/24/2025 18:35,29.94
SBA,10/24/2025 18:40,29.95
SBA,10/24/2025 18:45,29.95
SBA,10/24/2025 18:50,29.95
SBA,10/24/2025 18:55,29.95
SBA,10/24/2025 19:00,29.95
SBA,10/24/2025 19:05,29.95
SBA,10/24/2025 19:10,29.94
SBA,10/24/2025 19:15,29.94
SBA,10/24/2025 19:20,29.94
SBA,10/24/2025 19:25,29.94
SBA,10/24/2025 19:30,29.95
SBA,10/24/2025 19:35,29.95
SBA,10/24/2025 19:40,29.95
SBA,10/24/2025 19:45,29.95
SBA,10/24/2025 19:50,29.95
SBA,10/24/2025 19:55,29.96
SBA,10/24/2025 20:00,29.95
SBA,10/24/2025 20:05,29.96
SBA,10/24/2025 20:10,29.95
SBA,10/24/2025 20:15,29.95
SBA,10/24/2025 20:20,29.95
SBA,10/24/2025 20:25,29.95
SBA,10/24/2025 20:30,29.95
SBA,10/24/2025 20:35,29.95
SBA,10/24/2025 20:40,29.95
SBA,10/24/2025 20:45,29.95
SBA,10/24/2025 20:50,29.95
SBA,10/24/2025 20:55,29.96
SBA,10/24/2025 21:00,29.96
SBA,10/24/2025 21:05,29.96
SBA,10/24/2025 21:10,29.96
SBA,10/24/2025 21:15,29.96
SBA,10/24/2025 21:20,29.96
SBA,10/24/2025 21:25,29.96
SBA,10/24/2025 21:30,29.96
SBA,10/24/2025 21:35,29.96
SBA,10/24/2025 21:40,29.96
SBA,10/24/2025 21:45,29.96
SBA,10/24/2025 21:50,29.96
SBA,10/24/2025 21:55,29.96
SBA,10/24/2025 22:00,29.96
SBA,10/24/2025 22:05,29.96
SBA,10/24/2025 22:10,29.96
SBA,10/24/2025 22:15,29.97
SBA,10/24/2025 22:20,29.97
SBA,10/24/2025 22:25,29.97
SBA,10/24/2025 22:30,29.97
SBA,10/24/2025 22:35,29.97
SBA,10/24/2025 22:40,29.97
SBA,10/24/2025 22:45,29.97
SBA,10/24/2025 22:50,29.97
SBA,10/24/2025 22:55,29.97
SBA,10/24/2025 23:00,29.97
SBA,10/24/2025 23:05,29.97
SBA,10/24/2025 23:10,29.97
SBA,10/24/2025 23:15,29.97
SBA,10/24/2025 23:20,29.97
SBA,10/24/2025 23:25,29.97
SBA,10/24/2025 23:30,29.97
SBA,10/24/2025 23:35,29.97
SBA,10/24/2025 23:40,29.97
SBA,10/24/2025 23:45,29.96
SBA,10/24/2025 23:50,29.96
SBA,10/24/2025 23:55,29.96
SBA,10/25/2025 0:00,29.96
SBA,10/25/2025 0:05,29.96
SBA,10/25/2025 0:10,29.96
SBA,10/25/2025 0:15,29.96
SBA,10/25/2025 0:20,29.96
SBA,10/25/2025 0:25,29.96
SBA,10/25/2025 0:30,29.96
SBA,10/25/2025 0:35,29.96
SBA,10/25/2025 0:40,29.96
SBA,10/25/2025 0:45,29.96
SBA,10/25/2025 0:50,29.96
SBA,10/25/2025 0:55,29.96
SBA,10/25/2025 1:00,29.96
SBA,10/25/2025 1:05,29.97
SBA,10/25/2025 1:10,29.97
SBA,10/25/2025 1:15,29.97
SBA,10/25/2025 1:20,29.97
SBA,10/25/2025 1:25,29.98
SBA,10/25/2025 1:30,29.98
SBA,10/25/2025 1:35,29.98
SBA,10/25/2025 1:40,29.97
SBA,10/25/2025 1:45,29.98
SBA,10/25/2025 1:50,29.98
SBA,10/25/2025 1:55,29.98
SBA,10/25/2025 2:00,29.98
SBA,10/25/2025 2:05,29.98
SBA,10/25/2025 2:10,29.98
SBA,10/25/2025 2:15,29.98
SBA,10/25/2025 2:20,29.99
SBA,10/25/2025 2:25,29.98
SBA,10/25/2025 2:30,29.98
SBA,10/25/2025 2:35,29.98
SBA,10/25/2025 2:40,29.98
SBA,10/25/2025 2:45,29.98
SBA,10/25/2025 2:50,29.99
SBA,10/25/2025 2:55,29.99
SBA,10/25/2025 3:00,29.99
SBA,10/25/2025 3:05,29.98
SBA,10/25/2025 3:10,29.99
SBA,10/25/2025 3:15,29.98
SBA,10/25/2025 3:20,29.98
SBA,10/25/2025 3:25,29.98
SBA,10/25/2025 3:30,29.98
SBA,10/25/2025 3:35,29.97
SBA,10/25/2025 3:40,29.97
SBA,10/25/2025 3:45,29.97
SBA,10/25/2025 3:50,29.97
SBA,10/25/2025 3:55,29.97
SBA,10/25/2025 4:00,29.97
SBA,10/25/2025 4:05,29.97
SBA,10/25/2025 4:10,29.97
SBA,10/25/2025 4:15,29.98
SBA,10/25/2025 4:20,29.98
SBA,10/25/2025 4:25,29.98
SBA,10/25/2025 4:30,29.98
SBA,10/25/2025 4:35,29.98
SBA,10/25/2025 4:40,29.98
SBA,10/25/2025 4:45,29.99
SBA,10/25/2025 4:50,29.99
SBA,10/25/2025 4:55,29.99
SBA,10/25/2025 5:00,29.99
SBA,10/25/2025 5:05,29.99
SBA,10/25/2025 5:10,29.99
SBA,10/25/2025 5:15,29.98
SBA,10/25/2025 5:20,29.98
SBA,10/25/2025 5:25,29.99
SBA,10/25/2025 5:30,29.99
SBA,10/25/2025 5:35,30
SBA,10/25/2025 5:40,30
SBA,10/25/2025 5:45,29.99
SBA,10/25/2025 5:50,30
SBA,10/25/2025 5:55,30
SBA,10/25/2025 6:00,30
SBA,10/25/2025 6:05,30
SBA,10/25/2025 6:10,30.01
SBA,10/25/2025 6:15,30.01
SBA,10/25/2025 6:20,30.01
SBA,10/25/2025 6:25,30.01
SBA,10/25/2025 6:30,30.01
SBA,10/25/2025 6:35,30.01
SBA,10/25/2025 6:40,30.01
SBA,10/25/2025 6:45,30.02
SBA,10/25/2025 6:50,30.02
SBA,10/25/2025 6:55,30.02
SBA,10/25/2025 7:00,30.01
SBA,10/25/2025 7:05,30.02
SBA,10/25/2025 7:10,30.01
SBA,10/25/2025 7:15,30.01
SBA,10/25/2025 7:20,30.01
SBA,10/25/2025 7:25,30.02
SBA,10/25/2025 7:30,30.02
SBA,10/25/2025 7:35,30.02
SBA,10/25/2025 7:40,30.02
SBA,10/25/2025 7:45,30.02
SBA,10/25/2025 7:50,30.02
SBA,10/25/2025 7:55,30.03
SBA,10/25/2025 8:00,30.03
SBA,10/25/2025 8:05,30.03
SBA,10/25/2025 8:10,30.03
SBA,10/25/2025 8:15,30.03
SBA,10/25/2025 8:20,30.04
SBA,10/25/2025 8:25,30.04
SBA,10/25/2025 8:30,30.04
SBA,10/25/2025 8:35,30.04
SBA,10/25/2025 8:40,30.04
SBA,10/25/2025 8:45,30.04
SBA,10/25/2025 8:50,30.05
SBA,10/25/2025 8:55,30.05
SBA,10/25/2025 9:00,30.05
SBA,10/25/2025 9:05,30.05
SBA,10/25/2025 9:10,30.05
SBA,10/25/2025 9:15,30.05
SBA,10/25/2025 9:20,30.05
SBA,10/25/2025 9:25,30.05
SBA,10/25/2025 9:30,30.05
SBA,10/25/2025 9:35,30.06
SBA,10/25/2025 9:40,30.06
SBA,10/25/2025 9:45,30.06
SBA,10/25/2025 9:50,30.06
SBA,10/25/2025 9:55,30.06
SBA,10/25/2025 10:00,30.05
SBA,10/25/2025 10:05,30.05
SBA,10/25/2025 10:10,30.05
SBA,10/25/2025 10:15,30.05
SBA,10/25/2025 10:20,30.05
SBA,10/25/2025 10:25,30.05
SBA,10/25/2025 10:30,30.05
SBA,10/25/2025 10:35,30.05
SBA,10/25/2025 10:40,30.06
SBA,10/25/2025 10:45,30.06
SBA,10/25/2025 10:50,30.05
SBA,10/25/2025 10:55,30.06
SBA,10/25/2025 11:00,30.06
SBA,10/25/2025 11:05,30.05
SBA,10/25/2025 11:10,30.05
SBA,10/25/2025 11:15,30.05
SBA,10/25/2025 11:20,30.05
SBA,10/25/2025 11:25,30.04
SBA,10/25/2025 11:30,30.04
SBA,10/25/2025 11:35,30.04
SBA,10/25/2025 11:40,30.04
SBA,10/25/2025 11:45,30.04
SBA,10/25/2025 11:50,30.04
SBA,10/25/2025 11:55,30.04
SBA,10/25/2025 12:00,30.03
SBA,10/25/2025 12:05,30.04
SBA,10/25/2025 12:10,30.04
SBA,10/25/2025 12:15,30.04
SBA,10/25/2025 12:20,30.03
SBA,10/25/2025 12:25,30.03
SBA,10/25/2025 12:30,30.04
SBA,10/25/2025 12:35,30.04
SBA,10/25/2025 12:40,30.03
SBA,10/25/2025 12:45,30.03
SBA,10/25/2025 12:50,30.02
SBA,10/25/2025 13:00,30.02
SBA,10/25/2025 13:10,30.01
SBA,10/25/2025 13:15,30.01
SBA,10/25/2025 13:20,30.01
SBA,10/25/2025 13:25,30.01
SBA,10/25/2025 13:30,30.01
SBA,10/25/2025 13:35,30.01
SBA,10/25/2025 13:40,30.01
SBA,10/25/2025 13:45,30.01
SBA,10/25/2025 13:50,30.01
SBA,10/25/2025 13:55,30
SBA,10/25/2025 14:00,30.01
SBA,10/25/2025 14:05,30
SBA,10/25/2025 14:10,30.01
SBA,10/25/2025 14:15,30
SBA,10/25/2025 14:20,30
SBA,10/25/2025 14:25,30
SBA,10/25/2025 14:30,30
SBA,10/25/2025 14:35,30
SBA,10/25/2025 14:45,30
SBA,10/25/2025 14:50,30
SBA,10/25/2025 14:55,30
SBA,10/25/2025 15:00,30
SBA,10/25/2025 15:10,29.99
SBA,10/25/2025 15:15,29.99
SBA,10/25/2025 15:20,29.99
SBA,10/25/2025 15:25,29.99
SBA,10/25/2025 15:30,29.99
SBA,10/25/2025 15:35,29.99
SBA,10/25/2025 15:40,29.99
SBA,10/25/2025 15:45,29.99
SBA,10/25/2025 15:50,29.99
SBA,10/25/2025 15:55,29.99
SBA,10/25/2025 16:00,29.99
SBA,10/25/2025 16:05,29.99
SBA,10/25/2025 16:10,29.98
SBA,10/25/2025 16:20,29.98
SBA,10/25/2025 16:30,29.98
SBA,10/25/2025 16:35,29.98
SBA,10/25/2025 16:40,29.98
SBA,10/25/2025 16:45,29.98
SBA,10/25/2025 16:50,29.98
SBA,10/25/2025 16:55,29.98
SBA,10/25/2025 17:00,29.98
SBA,10/25/2025 17:05,29.97
SBA,10/25/2025 17:10,29.97
SBA,10/25/2025 17:15,29.98
SBA,10/25/2025 17:20,29.98
SBA,10/25/2025 17:25,29.97
SBA,10/25/2025 17:30,29.98
SBA,10/25/2025 17:35,29.98
SBA,10/25/2025 17:40,29.98
SBA,10/25/2025 17:45,29.98
SBA,10/25/2025 17:50,29.98
SBA,10/25/2025 17:55,29.98
SBA,10/25/2025 18:00,29.97
SBA,10/25/2025 18:05,29.97
SBA,10/25/2025 18:15,29.97
SBA,10/25/2025 18:20,29.97
SBA,10/25/2025 18:25,29.97
SBA,10/25/2025 18:30,29.97
SBA,10/25/2025 18:35,29.98
SBA,10/25/2025 18:40,29.98
SBA,10/25/2025 18:50,29.98
SBA,10/25/2025 18:55,29.98
SBA,10/25/2025 19:05,29.98
SBA,10/25/2025 19:10,29.98
SBA,10/25/2025 19:15,29.98
SBA,10/25/2025 19:25,29.98
SBA,10/25/2025 19:30,29.99
SBA,10/25/2025 19:40,29.98
SBA,10/25/2025 19:45,29.98
SBA,10/25/2025 19:50,29.98
SBA,10/25/2025 19:55,29.97
SBA,10/25/2025 20:00,29.97
SBA,10/25/2025 20:05,29.97
SBA,10/25/2025 20:10,29.98
SBA,10/25/2025 20:15,29.98
SBA,10/25/2025 20:20,29.97
SBA,10/25/2025 20:25,29.98
SBA,10/25/2025 20:30,29.98
SBA,10/25/2025 20:35,29.98
SBA,10/25/2025 20:40,29.99
SBA,10/25/2025 20:45,29.99
SBA,10/25/2025 20:50,29.99
SBA,10/25/2025 20:55,29.99
SBA,10/25/2025 21:00,29.99
SBA,10/25/2025 21:05,29.98
SBA,10/25/2025 21:15,29.99
SBA,10/25/2025 21:20,29.99
SBA,10/25/2025 21:25,29.99
SBA,10/25/2025 21:30,29.98
SBA,10/25/2025 21:35,29.98
SBA,10/25/2025 21:40,29.99
SBA,10/25/2025 21:50,29.99
SBA,10/25/2025 21:55,29.99
SBA,10/25/2025 22:00,29.99
SBA,10/25/2025 22:05,29.99
SBA,10/25/2025 22:10,29.99
SBA,10/25/2025 22:15,29.99
SBA,10/25/2025 22:20,30
SBA,10/25/2025 22:30,29.99
SBA,10/25/2025 22:35,29.99
SBA,10/25/2025 22:40,29.99
SBA,10/25/2025 22:45,29.99
SBA,10/25/2025 22:50,30
SBA,10/25/2025 22:55,30
SBA,10/25/2025 23:00,30
SBA,10/25/2025 23:05,30
SBA,10/25/2025 23:10,30
SBA,10/25/2025 23:15,30.01
SBA,10/25/2025 23:20,30.01
SBA,10/25/2025 23:25,30.01
SBA,10/25/2025 23:30,30.01
SBA,10/25/2025 23:35,30.01
SBA,10/25/2025 23:40,30.01
SBA,10/25/2025 23:45,30.01
SBA,10/25/2025 23:50,30.01
SBA,10/25/2025 23:55,30
SBA,10/26/2025 0:00,30.01
SBA,10/26/2025 0:05,30.01
SBA,10/26/2025 0:10,30
SBA,10/26/2025 0:15,30
SBA,10/26/2025 0:20,30
SBA,10/26/2025 0:30,30.01
SBA,10/26/2025 0:35,30
SBA,10/26/2025 0:40,30
SBA,10/26/2025 0:45,30
SBA,10/26/2025 0:50,30
SBA,10/26/2025 0:55,30
SBA,10/26/2025 1:00,30
SBA,10/26/2025 1:05,30
SBA,10/26/2025 1:10,30
SBA,10/26/2025 1:15,30
SBA,10/26/2025 1:20,30
SBA,10/26/2025 1:25,30
SBA,10/26/2025 1:30,30
SBA,10/26/2025 1:35,30
SBA,10/26/2025 1:40,30
SBA,10/26/2025 1:45,30
SBA,10/26/2025 1:50,30
SBA,10/26/2025 1:55,30
SBA,10/26/2025 2:00,30
SBA,10/26/2025 2:05,30
SBA,10/26/2025 2:10,30
SBA,10/26/2025 2:15,30
SBA,10/26/2025 2:25,29.99
SBA,10/26/2025 2:30,29.99
SBA,10/26/2025 2:35,29.99
SBA,10/26/2025 2:40,29.99
SBA,10/26/2025 2:45,29.99
SBA,10/26/2025 2:50,29.99
SBA,10/26/2025 2:55,29.99
SBA,10/26/2025 3:00,29.99
SBA,10/26/2025 3:05,29.99
SBA,10/26/2025 3:10,29.99
SBA,10/26/2025 3:15,29.99
SBA,10/26/2025 3:20,29.99
SBA,10/26/2025 3:25,29.98
SBA,10/26/2025 3:30,29.98
SBA,10/26/2025 3:35,29.98
SBA,10/26/2025 3:40,29.98
SBA,10/26/2025 3:45,29.98
SBA,10/26/2025 3:50,29.98
SBA,10/26/2025 3:55,29.98
SBA,10/26/2025 4:00,29.98
SBA,10/26/2025 4:10,29.98
SBA,10/26/2025 4:15,29.98
SBA,10/26/2025 4:20,29.98
SBA,10/26/2025 4:25,29.98
SBA,10/26/2025 4:30,29.98
SBA,10/26/2025 4:35,29.98
SBA,10/26/2025 4:40,29.98
SBA,10/26/2025 4:45,29.98
SBA,10/26/2025 4:50,29.98
SBA,10/26/2025 4:55,29.98
SBA,10/26/2025 5:00,29.98
SBA,10/26/2025 5:05,29.98
SBA,10/26/2025 5:10,29.98
SBA,10/26/2025 5:15,29.98
SBA,10/26/2025 5:20,29.98
SBA,10/26/2025 5:25,29.98
SBA,10/26/2025 5:30,29.98
SBA,10/26/2025 5:35,29.98
SBA,10/26/2025 5:40,29.98
SBA,10/26/2025 5:45,29.98
SBA,10/26/2025 5:50,29.98
SBA,10/26/2025 5:55,29.98
SBA,10/26/2025 6:00,29.98
SBA,10/26/2025 6:05,29.99
SBA,10/26/2025 6:10,29.99
SBA,10/26/2025 6:15,29.99
SBA,10/26/2025 6:20,29.99
SBA,10/26/2025 6:25,30
SBA,10/26/2025 6:30,30
SBA,10/26/2025 6:35,30
SBA,10/26/2025 6:40,30
SBA,10/26/2025 6:45,30
SBA,10/26/2025 6:50,29.99
SBA,10/26/2025 6:55,29.99
SBA,10/26/2025 7:00,29.99
SBA,10/26/2025 7:05,30
SBA,10/26/2025 7:10,30
SBA,10/26/2025 7:15,30
SBA,10/26/2025 7:20,30
SBA,10/26/2025 7:25,30
SBA,10/26/2025 7:30,30
SBA,10/26/2025 7:35,30
SBA,10/26/2025 7:40,30.01
SBA,10/26/2025 7:45,30.01
SBA,10/26/2025 7:50,30.01
SBA,10/26/2025 7:55,30.01
SBA,10/26/2025 8:00,30.01
SBA,10/26/2025 8:05,30.01
SBA,10/26/2025 8:10,30.02
SBA,10/26/2025 8:15,30.02
SBA,10/26/2025 8:20,30.02
SBA,10/26/2025 8:25,30.02
SBA,10/26/2025 8:30,30.02
SBA,10/26/2025 8:35,30.02
SBA,10/26/2025 8:40,30.02
SBA,10/26/2025 8:45,30.03
SBA,10/26/2025 8:50,30.03
SBA,10/26/2025 8:55,30.03
SBA,10/26/2025 9:00,30.03
SBA,10/26/2025 9:05,30.04
SBA,10/26/2025 9:10,30.04
SBA,10/26/2025 9:15,30.04
SBA,10/26/2025 9:20,30.04
SBA,10/26/2025 9:25,30.04
SBA,10/26/2025 9:30,30.04
SBA,10/26/2025 9:35,30.05
SBA,10/26/2025 9:40,30.05
SBA,10/26/2025 9:45,30.05
SBA,10/26/2025 9:50,30.05
SBA,10/26/2025 9:55,30.05
SBA,10/26/2025 10:00,30.05
SBA,10/26/2025 10:05,30.05
SBA,10/26/2025 10:10,30.05
SBA,10/26/2025 10:15,30.05
SBA,10/26/2025 10:20,30.05
SBA,10/26/2025 10:25,30.05
SBA,10/26/2025 10:30,30.05
SBA,10/26/2025 10:35,30.05
SBA,10/26/2025 10:40,30.05
SBA,10/26/2025 10:45,30.05
SBA,10/26/2025 10:50,30.05
SBA,10/26/2025 10:55,30.05
SBA,10/26/2025 11:00,30.04
SBA,10/26/2025 11:05,30.04
SBA,10/26/2025 11:10,30.04
SBA,10/26/2025 11:15,30.04
SBA,10/26/2025 11:20,30.04
SBA,10/26/2025 11:25,30.04
SBA,10/26/2025 11:30,30.04
SBA,10/26/2025 11:35,30.04
SBA,10/26/2025 11:40,30.04
SBA,10/26/2025 11:45,30.04
SBA,10/26/2025 11:50,30.04
SBA,10/26/2025 11:55,30.03
SBA,10/26/2025 12:00,30.03
SBA,10/26/2025 12:05,30.03
SBA,10/26/2025 12:10,30.03
SBA,10/26/2025 12:15,30.03
SBA,10/26/2025 12:20,30.03
SBA,10/26/2025 12:25,30.03
SBA,10/26/2025 12:30,30.03
SBA,10/26/2025 12:35,30.03
SBA,10/26/2025 12:40,30.03
SBA,10/26/2025 12:45,30.03
SBA,10/26/2025 12:50,30.02
SBA,10/26/2025 12:55,30.02
SBA,10/26/2025 13:00,30.02
SBA,10/26/2025 13:05,30.02
SBA,10/26/2025 13:10,30.02
SBA,10/26/2025 13:15,30.02
SBA,10/26/2025 13:20,30.02
SBA,10/26/2025 13:25,30.02
SBA,10/26/2025 13:30,30.01
SBA,10/26/2025 13:35,30.01
SBA,10/26/2025 13:40,30.01
SBA,10/26/2025 13:45,30.01
SBA,10/26/2025 13:50,30.01
SBA,10/26/2025 13:55,30.01
SBA,10/26/2025 14:00,30
SBA,10/26/2025 14:05,30
SBA,10/26/2025 14:10,30
SBA,10/26/2025 14:15,30
SBA,10/26/2025 14:20,30
SBA,10/26/2025 14:25,29.99
SBA,10/26/2025 14:30,29.99
SBA,10/26/2025 14:35,29.99
SBA,10/26/2025 14:40,29.99
SBA,10/26/2025 14:45,29.99
SBA,10/26/2025 14:50,29.99
SBA,10/26/2025 14:55,29.99
SBA,10/26/2025 15:00,29.99
SBA,10/26/2025 15:05,29.99
SBA,10/26/2025 15:10,29.99
SBA,10/26/2025 15:15,29.99
SBA,10/26/2025 15:20,29.99
SBA,10/26/2025 15:25,29.99
SBA,10/26/2025 15:30,29.99
SBA,10/26/2025 15:35,29.99
SBA,10/26/2025 15:40,29.98
SBA,10/26/2025 15:45,29.98
SBA,10/26/2025 15:50,29.98
SBA,10/26/2025 15:55,29.98
SBA,10/26/2025 16:00,29.98
SBA,10/26/2025 16:05,29.98
SBA,10/26/2025 16:10,29.98
SBA,10/26/2025 16:15,29.98
SBA,10/26/2025 16:20,29.97
SBA,10/26/2025 16:25,29.97
SBA,10/26/2025 16:30,29.97
SBA,10/26/2025 16:35,29.97
SBA,10/26/2025 16:40,29.97
SBA,10/26/2025 16:45,29.97
SBA,10/26/2025 16:50,29.97
SBA,10/26/2025 16:55,29.96
SBA,10/26/2025 17:00,29.97
SBA,10/26/2025 17:05,29.96
SBA,10/26/2025 17:10,29.96
SBA,10/26/2025 17:15,29.96
SBA,10/26/2025 17:20,29.96
SBA,10/26/2025 17:25,29.95
SBA,10/26/2025 17:30,29.96
SBA,10/26/2025 17:35,29.95
SBA,10/26/2025 17:40,29.95
SBA,10/26/2025 17:45,29.95
SBA,10/26/2025 17:50,29.95
SBA,10/26/2025 17:55,29.95
SBA,10/26/2025 18:00,29.95
SBA,10/26/2025 18:05,29.95
SBA,10/26/2025 18:10,29.95
SBA,10/26/2025 18:15,29.94
SBA,10/26/2025 18:20,29.95
SBA,10/26/2025 18:25,29.95
SBA,10/26/2025 18:30,29.95
SBA,10/26/2025 18:35,29.95
SBA,10/26/2025 18:40,29.95
SBA,10/26/2025 18:45,29.95
SBA,10/26/2025 18:50,29.95
SBA,10/26/2025 18:55,29.95
SBA,10/26/2025 19:00,29.95
SBA,10/26/2025 19:05,29.96
SBA,10/26/2025 19:10,29.96
SBA,10/26/2025 19:15,29.96
SBA,10/26/2025 19:20,29.96
SBA,10/26/2025 19:25,29.96
SBA,10/26/2025 19:30,29.97
SBA,10/26/2025 19:35,29.97
SBA,10/26/2025 19:40,29.96
SBA,10/26/2025 19:45,29.96
SBA,10/26/2025 19:50,29.97
SBA,10/26/2025 19:55,29.97
SBA,10/26/2025 20:00,29.97
SBA,10/26/2025 20:05,29.97
SBA,10/26/2025 20:10,29.97
SBA,10/26/2025 20:15,29.97
SBA,10/26/2025 20:20,29.97
SBA,10/26/2025 20:25,29.97
SBA,10/26/2025 20:30,29.98
SBA,10/26/2025 20:35,29.98
SBA,10/26/2025 20:40,29.98
SBA,10/26/2025 20:45,29.98
SBA,10/26/2025 20:50,29.98
SBA,10/26/2025 20:55,29.98
SBA,10/26/2025 21:00,29.98
SBA,10/26/2025 21:05,29.98
SBA,10/26/2025 21:10,29.98
SBA,10/26/2025 21:15,29.98
SBA,10/26/2025 21:20,29.98
SBA,10/26/2025 21:25,29.98
SBA,10/26/2025 21:30,29.98
SBA,10/26/2025 21:35,29.98
SBA,10/26/2025 21:40,29.98
SBA,10/26/2025 21:45,29.97
SBA,10/26/2025 21:50,29.97
SBA,10/26/2025 21:55,29.98
SBA,10/26/2025 22:00,29.98
SBA,10/26/2025 22:05,29.98
SBA,10/26/2025 22:10,29.99
SBA,10/26/2025 22:15,29.99
SBA,10/26/2025 22:20,29.99
SBA,10/26/2025 22:25,29.99
SBA,10/26/2025 22:30,29.99
SBA,10/26/2025 22:35,29.99
SBA,10/26/2025 22:40,29.98
SBA,10/26/2025 22:45,29.99
SBA,10/26/2025 22:50,29.99
SBA,10/26/2025 22:55,29.99
SBA,10/26/2025 23:00,29.99
SBA,10/26/2025 23:05,29.98
SBA,10/26/2025 23:10,29.98
SBA,10/26/2025 23:15,29.98
SBA,10/26/2025 23:20,29.98
SBA,10/26/2025 23:25,29.98
SBA,10/26/2025 23:30,29.98
SBA,10/26/2025 23:35,29.98
SBA,10/26/2025 23:40,29.98
SBA,10/26/2025 23:45,29.98
SBA,10/26/2025 23:50,29.98
SBA,10/26/2025 23:55,29.97
SBA,10/27/2025 0:00,29.98
SBA,10/27/2025 0:05,29.97
SBA,10/27/2025 0:10,29.98
SBA,10/27/2025 0:15,29.97
SBA,10/27/2025 0:20,29.97
SBA,10/27/2025 0:25,29.97
SBA,10/27/2025 0:30,29.98
SBA,10/27/2025 0:35,29.97
SBA,10/27/2025 0:40,29.97
SBA,10/27/2025 0:45,29.97
SBA,10/27/2025 0:50,29.97
SBA,10/27/2025 0:55,29.97
SBA,10/27/2025 1:00,29.97
SBA,10/27/2025 1:05,29.97
SBA,10/27/2025 1:10,29.97
SBA,10/27/2025 1:15,29.97
SBA,10/27/2025 1:20,29.97
SBA,10/27/2025 1:25,29.97
SBA,10/27/2025 1:30,29.97
SBA,10/27/2025 1:35,29.96
SBA,10/27/2025 1:40,29.97
SBA,10/27/2025 1:45,29.97
SBA,10/27/2025 1:50,29.97
SBA,10/27/2025 1:55,29.97
SBA,10/27/2025 2:00,29.97
SBA,10/27/2025 2:05,29.97
SBA,10/27/2025 2:10,29.97
SBA,10/27/2025 2:15,29.97
SBA,10/27/2025 2:20,29.97
SBA,10/27/2025 2:25,29.97
SBA,10/27/2025 2:30,29.97
SBA,10/27/2025 2:35,29.97
SBA,10/27/2025 2:40,29.97
SBA,10/27/2025 2:45,29.97
SBA,10/27/2025 2:50,29.97
SBA,10/27/2025 2:55,29.97
SBA,10/27/2025 3:00,29.97
SBA,10/27/2025 3:05,29.97
SBA,10/27/2025 3:10,29.97
SBA,10/27/2025 3:15,29.97
SBA,10/27/2025 3:20,29.97
SBA,10/27/2025 3:25,29.96
SBA,10/27/2025 3:30,29.96
SBA,10/27/2025 3:35,29.96
SBA,10/27/2025 3:40,29.96
SBA,10/27/2025 3:45,29.96
SBA,10/27/2025 3:50,29.96
SBA,10/27/2025 3:55,29.96
SBA,10/27/2025 4:00,29.96
SBA,10/27/2025 4:05,29.96
SBA,10/27/2025 4:10,29.96
SBA,10/27/2025 4:15,29.96
SBA,10/27/2025 4:20,29.96
SBA,10/27/2025 4:25,29.96
SBA,10/27/2025 4:30,29.96
SBA,10/27/2025 4:35,29.96
SBA,10/27/2025 4:40,29.96
SBA,10/27/2025 4:45,29.96
SBA,10/27/2025 4:50,29.96
SBA,10/27/2025 4:55,29.97
SBA,10/27/2025 5:00,29.97
SBA,10/27/2025 5:05,29.97
SBA,10/27/2025 5:10,29.97
SBA,10/27/2025 5:15,29.98
SBA,10/27/2025 5:20,29.98
SBA,10/27/2025 5:25,29.97
SBA,10/27/2025 5:30,29.98
SBA,10/27/2025 5:35,29.98
SBA,10/27/2025 5:40,29.98
SBA,10/27/2025 5:45,29.98
SBA,10/27/2025 5:50,29.98
SBA,10/27/2025 5:55,29.99
SBA,10/27/2025 6:00,29.98
SBA,10/27/2025 6:05,29.99
SBA,10/27/2025 6:10,29.99
SBA,10/27/2025 6:15,29.99
SBA,10/27/2025 6:20,29.98
SBA,10/27/2025 6:25,29.99
SBA,10/27/2025 6:30,29.99
SBA,10/27/2025 6:35,29.98
SBA,10/27/2025 6:40,29.98
SBA,10/27/2025 6:45,29.98
SBA,10/27/2025 6:50,29.98
SBA,10/27/2025 6:55,29.99
SBA,10/27/2025 7:00,29.99
SBA,10/27/2025 7:05,29.99
SBA,10/27/2025 7:10,29.99
SBA,10/27/2025 7:15,29.99
SBA,10/27/2025 7:20,29.99
SBA,10/27/2025 7:25,29.99
SBA,10/27/2025 7:30,29.99
SBA,10/27/2025 7:35,29.99
SBA,10/27/2025 7:40,29.99
SBA,10/27/2025 7:45,29.99
SBA,10/27/2025 7:50,29.99
SBA,10/27/2025 7:55,30
SBA,10/27/2025 8:00,30
SBA,10/27/2025 8:05,30
SBA,10/27/2025 8:10,30
SBA,10/27/2025 8:15,30
SBA,10/27/2025 8:20,30
SBA,10/27/2025 8:25,30
SBA,10/27/2025 8:30,30
SBA,10/27/2025 8:35,30
SBA,10/27/2025 8:40,30
SBA,10/27/2025 8:45,30.01
SBA,10/27/2025 8:50,30.01
SBA,10/27/2025 8:55,30.01
SBA,10/27/2025 9:00,30.01
SBA,10/27/2025 9:05,30.01
SBA,10/27/2025 9:10,30.01
SBA,10/27/2025 9:15,30.01
SBA,10/27/2025 9:20,30.01
SBA,10/27/2025 9:25,30.01
SBA,10/27/2025 9:30,30.01
SBA,10/27/2025 9:35,30.01
SBA,10/27/2025 9:40,30.01
SBA,10/27/2025 9:45,30.01
SBA,10/27/2025 9:50,30
SBA,10/27/2025 9:55,30.01
SBA,10/27/2025 10:00,30
SBA,10/27/2025 10:05,30
SBA,10/27/2025 10:10,30
SBA,10/27/2025 10:15,30
SBA,10/27/2025 10:20,30
SBA,10/27/2025 10:25,30
SBA,10/27/2025 10:30,30
SBA,10/27/2025 10:35,30
SBA,10/27/2025 10:40,30.01
SBA,10/27/2025 10:45,30.01
SBA,10/27/2025 10:50,30.01
SBA,10/27/2025 10:55,30.01
SBA,10/27/2025 11:00,30.01
SBA,10/27/2025 11:05,30.01
SBA,10/27/2025 11:10,30
SBA,10/27/2025 11:15,30
SBA,10/27/2025 11:20,30
SBA,10/27/2025 11:25,30
SBA,10/27/2025 11:30,30
SBA,10/27/2025 11:35,30
SBA,10/27/2025 11:40,30
SBA,10/27/2025 11:45,30
SBA,10/27/2025 11:50,29.99
SBA,10/27/2025 11:55,29.99
SBA,10/27/2025 12:00,29.99
SBA,10/27/2025 12:05,29.99
SBA,10/27/2025 12:10,29.99
SBA,10/27/2025 12:15,29.99
SBA,10/27/2025 12:20,29.99
SBA,10/27/2025 12:25,29.98
SBA,10/27/2025 12:35,29.98
SBA,10/27/2025 12:40,29.98
SBA,10/27/2025 12:45,29.98
SBA,10/27/2025 12:50,29.97
SBA,10/27/2025 12:55,29.97
SBA,10/27/2025 13:00,29.97
SBA,10/27/2025 13:05,29.97
SBA,10/27/2025 13:10,29.96
SBA,10/27/2025 13:15,29.96
SBA,10/27/2025 13:20,29.96
SBA,10/27/2025 13:25,29.95
SBA,10/27/2025 13:30,29.96
SBA,10/27/2025 13:35,29.96
SBA,10/27/2025 13:40,29.96
SBA,10/27/2025 13:45,29.96
SBA,10/27/2025 13:50,29.96
SBA,10/27/2025 13:55,29.96
SBA,10/27/2025 14:00,29.95
SBA,10/27/2025 14:05,29.95
SBA,10/27/2025 14:10,29.94
SBA,10/27/2025 14:15,29.94
SBA,10/27/2025 14:20,29.94
SBA,10/27/2025 14:25,29.94
SBA,10/27/2025 14:30,29.94
SBA,10/27/2025 14:35,29.93
SBA,10/27/2025 14:40,29.93
SBA,10/27/2025 14:45,29.93
SBA,10/27/2025 14:50,29.93
SBA,10/27/2025 14:55,29.93
SBA,10/27/2025 15:00,29.93
SBA,10/27/2025 15:05,29.93
SBA,10/27/2025 15:10,29.93
SBA,10/27/2025 15:15,29.93
SBA,10/27/2025 15:20,29.93
SBA,10/27/2025 15:25,29.93
SBA,10/27/2025 15:30,29.93
SBA,10/27/2025 15:35,29.93
SBA,10/27/2025 15:40,29.92
SBA,10/27/2025 15:45,29.92
SBA,10/27/2025 15:50,29.92
SBA,10/27/2025 15:55,29.92
SBA,10/27/2025 16:00,29.92
SBA,10/27/2025 16:05,29.92
SBA,10/27/2025 16:10,29.92
SBA,10/27/2025 16:15,29.91
SBA,10/27/2025 16:20,29.91
SBA,10/27/2025 16:25,29.91
SBA,10/27/2025 16:30,29.91
SBA,10/27/2025 16:35,29.91
SBA,10/27/2025 16:40,29.91
SBA,10/27/2025 16:45,29.9
SBA,10/27/2025 16:50,29.9
SBA,10/27/2025 16:55,29.9
SBA,10/27/2025 17:00,29.91
SBA,10/27/2025 17:05,29.91
SBA,10/27/2025 17:10,29.91
SBA,10/27/2025 17:15,29.9
SBA,10/27/2025 17:20,29.9
SBA,10/27/2025 17:25,29.9
SBA,10/27/2025 17:30,29.9
SBA,10/27/2025 17:35,29.9
SBA,10/27/2025 17:40,29.9
SBA,10/27/2025 17:45,29.9
SBA,10/27/2025 17:50,29.9
SBA,10/27/2025 17:55,29.9
SBA,10/27/2025 18:00,29.9
SBA,10/27/2025 18:05,29.9
SBA,10/27/2025 18:10,29.9
SBA,10/27/2025 18:15,29.9
SBA,10/27/2025 18:20,29.9
SBA,10/27/2025 18:25,29.89
SBA,10/27/2025 18:30,29.89
SBA,10/27/2025 18:35,29.89
SBA,10/27/2025 18:40,29.89
SBA,10/27/2025 18:45,29.89
SBA,10/27/2025 18:50,29.89
SBA,10/27/2025 18:55,29.89
SBA,10/27/2025 19:00,29.9
SBA,10/27/2025 19:05,29.9
SBA,10/27/2025 19:10,29.9
SBA,10/27/2025 19:15,29.9
SBA,10/27/2025 19:20,29.9
SBA,10/27/2025 19:25,29.9
SBA,10/27/2025 19:30,29.9
SBA,10/27/2025 19:35,29.91
SBA,10/27/2025 19:40,29.91
SBA,10/27/2025 19:45,29.91
SBA,10/27/2025 19:50,29.91
SBA,10/27/2025 19:55,29.91
SBA,10/27/2025 20:00,29.91
SBA,10/27/2025 20:05,29.91
SBA,10/27/2025 20:10,29.92
SBA,10/27/2025 20:15,29.92
SBA,10/27/2025 20:20,29.91
SBA,10/27/2025 20:25,29.91
SBA,10/27/2025 20:30,29.91
SBA,10/27/2025 20:35,29.91
SBA,10/27/2025 20:40,29.91
SBA,10/27/2025 20:45,29.91
SBA,10/27/2025 20:50,29.91
SBA,10/27/2025 20:55,29.92
SBA,10/27/2025 21:00,29.92
SBA,10/27/2025 21:05,29.92
SBA,10/27/2025 21:10,29.92
SBA,10/27/2025 21:15,29.92
SBA,10/27/2025 21:20,29.92
SBA,10/27/2025 21:25,29.92
SBA,10/27/2025 21:30,29.92
SBA,10/27/2025 21:35,29.92
SBA,10/27/2025 21:40,29.92
SBA,10/27/2025 21:45,29.92
SBA,10/27/2025 21:50,29.93
SBA,10/27/2025 21:55,29.92
SBA,10/27/2025 22:00,29.93
SBA,10/27/2025 22:05,29.93
SBA,10/27/2025 22:10,29.93
SBA,10/27/2025 22:15,29.93
SBA,10/27/2025 22:20,29.93
SBA,10/27/2025 22:25,29.93
SBA,10/27/2025 22:30,29.93
SBA,10/27/2025 22:35,29.93
SBA,10/27/2025 22:40,29.93
SBA,10/27/2025 22:45,29.93
SBA,10/27/2025 22:50,29.93
SBA,10/27/2025 22:55,29.93
SBA,10/27/2025 23:00,29.93
SBA,10/27/2025 23:05,29.93
SBA,10/27/2025 23:10,29.93
SBA,10/27/2025 23:15,29.93
SBA,10/27/2025 23:20,29.93
SBA,10/27/2025 23:25,29.93
SBA,10/27/2025 23:30,29.92
SBA,10/27/2025 23:35,29.93
SBA,10/27/2025 23:40,29.92
SBA,10/27/2025 23:45,29.92
SBA,10/27/2025 23:50,29.92
SBA,10/27/2025 23:55,29.92
SBA,10/28/2025 0:00,29.92
SBA,10/28/2025 0:05,29.93
SBA,10/28/2025 0:10,29.93
SBA,10/28/2025 0:15,29.93
SBA,10/28/2025 0:20,29.92
SBA,10/28/2025 0:25,29.92
SBA,10/28/2025 0:30,29.92
SBA,10/28/2025 0:35,29.92
SBA,10/28/2025 0:40,29.92
SBA,10/28/2025 0:45,29.92
SBA,10/28/2025 0:50,29.92
SBA,10/28/2025 0:55,29.92
SBA,10/28/2025 1:00,29.92
SBA,10/28/2025 1:05,29.92
SBA,10/28/2025 1:10,29.92
SBA,10/28/2025 1:15,29.92
SBA,10/28/2025 1:20,29.92
SBA,10/28/2025 1:25,29.92
SBA,10/28/2025 1:30,29.92
SBA,10/28/2025 1:35,29.92
SBA,10/28/2025 1:40,29.92
SBA,10/28/2025 1:45,29.92
SBA,10/28/2025 1:50,29.92
SBA,10/28/2025 1:55,29.92
SBA,10/28/2025 2:00,29.92
SBA,10/28/2025 2:05,29.92
SBA,10/28/2025 2:10,29.92
SBA,10/28/2025 2:15,29.93
SBA,10/28/2025 2:20,29.93
SBA,10/28/2025 2:25,29.93
SBA,10/28/2025 2:30,29.93
SBA,10/28/2025 2:35,29.93
SBA,10/28/2025 2:40,29.93
SBA,10/28/2025 2:45,29.93
SBA,10/28/2025 2:50,29.93
SBA,10/28/2025 2:55,29.93
SBA,10/28/2025 3:00,29.93
SBA,10/28/2025 3:05,29.93
SBA,10/28/2025 3:10,29.94
SBA,10/28/2025 3:15,29.94
SBA,10/28/2025 3:20,29.93
SBA,10/28/2025 3:25,29.94
SBA,10/28/2025 3:30,29.94
SBA,10/28/2025 3:35,29.94
SBA,10/28/2025 3:40,29.94
SBA,10/28/2025 3:45,29.94
SBA,10/28/2025 3:50,29.94
SBA,10/28/2025 3:55,29.94
SBA,10/28/2025 4:00,29.93
SBA,10/28/2025 4:05,29.93
SBA,10/28/2025 4:10,29.93
SBA,10/28/2025 4:15,29.94
SBA,10/28/2025 4:20,29.94
SBA,10/28/2025 4:25,29.94
SBA,10/28/2025 4:30,29.94
SBA,10/28/2025 4:35,29.94
SBA,10/28/2025 4:40,29.94
SBA,10/28/2025 4:45,29.94
SBA,10/28/2025 4:50,29.94
SBA,10/28/2025 4:55,29.94
SBA,10/28/2025 5:00,29.94
SBA,10/28/2025 5:05,29.94
SBA,10/28/2025 5:10,29.94
SBA,10/28/2025 5:15,29.94
SBA,10/28/2025 5:20,29.95
SBA,10/28/2025 5:25,29.95
SBA,10/28/2025 5:30,29.95
SBA,10/28/2025 5:35,29.95
SBA,10/28/2025 5:40,29.95
SBA,10/28/2025 5:45,29.95
SBA,10/28/2025 5:50,29.95
SBA,10/28/2025 5:55,29.95
SBA,10/28/2025 6:00,29.95
SBA,10/28/2025 6:05,29.95
SBA,10/28/2025 6:10,29.95
SBA,10/28/2025 6:15,29.95
SBA,10/28/2025 6:20,29.95
SBA,10/28/2025 6:25,29.95
SBA,10/28/2025 6:30,29.95
SBA,10/28/2025 6:35,29.96
SBA,10/28/2025 6:40,29.96
SBA,10/28/2025 6:45,29.96
SBA,10/28/2025 6:50,29.96
SBA,10/28/2025 6:55,29.96
SBA,10/28/2025 7:00,29.96
SBA,10/28/2025 7:05,29.96
SBA,10/28/2025 7:10,29.96
SBA,10/28/2025 7:15,29.96
SBA,10/28/2025 7:20,29.96
SBA,10/28/2025 7:25,29.96
SBA,10/28/2025 7:30,29.96
SBA,10/28/2025 7:35,29.97
SBA,10/28/2025 7:40,29.97
SBA,10/28/2025 7:45,29.97
SBA,10/28/2025 7:50,29.97
SBA,10/28/2025 7:55,29.97
SBA,10/28/2025 8:00,29.97
SBA,10/28/2025 8:05,29.97
SBA,10/28/2025 8:10,29.98
SBA,10/28/2025 8:15,29.98
SBA,10/28/2025 8:20,29.98
SBA,10/28/2025 8:25,29.98
SBA,10/28/2025 8:30,29.99
SBA,10/28/2025 8:35,29.99
SBA,10/28/2025 8:40,29.99
SBA,10/28/2025 8:45,29.99
SBA,10/28/2025 8:50,29.99
SBA,10/28/2025 8:55,29.99
SBA,10/28/2025 9:00,29.99
SBA,10/28/2025 9:05,29.99
SBA,10/28/2025 9:10,29.99
SBA,10/28/2025 9:15,29.99
SBA,10/28/2025 9:20,29.99
SBA,10/28/2025 9:25,29.99
SBA,10/28/2025 9:30,29.99
SBA,10/28/2025 9:35,30
SBA,10/28/2025 9:40,30
SBA,10/28/2025 9:45,30
SBA,10/28/2025 9:50,30
SBA,10/28/2025 9:55,30
SBA,10/28/2025 10:00,30
SBA,10/28/2025 10:05,30
SBA,10/28/2025 10:10,30
SBA,10/28/2025 10:15,30
SBA,10/28/2025 10:20,30
SBA,10/28/2025 10:25,30
SBA,10/28/2025 10:30,30
SBA,10/28/2025 10:35,30
SBA,10/28/2025 10:40,29.99
SBA,10/28/2025 10:45,29.99
SBA,10/28/2025 10:50,29.99
SBA,10/28/2025 10:55,29.99
SBA,10/28/2025 11:00,29.99
SBA,10/28/2025 11:05,29.99
SBA,10/28/2025 11:10,29.99
SBA,10/28/2025 11:15,29.99
SBA,10/28/2025 11:20,29.99
SBA,10/28/2025 11:25,29.99
SBA,10/28/2025 11:30,29.99
SBA,10/28/2025 11:35,29.99
SBA,10/28/2025 11:40,29.99
SBA,10/28/2025 11:45,29.99
SBA,10/28/2025 11:50,29.99
SBA,10/28/2025 11:55,29.98
SBA,10/28/2025 12:00,29.98
SBA,10/28/2025 12:05,29.98
SBA,10/28/2025 12:10,29.98
SBA,10/28/2025 12:15,29.98
SBA,10/28/2025 12:20,29.98
SBA,10/28/2025 12:25,29.98
SBA,10/28/2025 12:30,29.98
SBA,10/28/2025 12:35,29.97
SBA,10/28/2025 12:40,29.97
SBA,10/28/2025 12:45,29.97
SBA,10/28/2025 12:50,29.97
SBA,10/28/2025 12:55,29.97
SBA,10/28/2025 13:00,29.96
SBA,10/28/2025 13:05,29.96
SBA,10/28/2025 13:10,29.96
SBA,10/28/2025 13:15,29.96
SBA,10/28/2025 13:20,29.96
SBA,10/28/2025 13:25,29.95
SBA,10/28/2025 13:30,29.95
SBA,10/28/2025 13:35,29.95
SBA,10/28/2025 13:40,29.95
SBA,10/28/2025 13:45,29.95
SBA,10/28/2025 13:50,29.95
SBA,10/28/2025 13:55,29.94
SBA,10/28/2025 14:00,29.94
SBA,10/28/2025 14:05,29.94
SBA,10/28/2025 14:10,29.94
SBA,10/28/2025 14:15,29.94
SBA,10/28/2025 14:20,29.94
SBA,10/28/2025 14:25,29.94
SBA,10/28/2025 14:30,29.94
SBA,10/28/2025 14:35,29.94
SBA,10/28/2025 14:40,29.94
SBA,10/28/2025 14:45,29.94
SBA,10/28/2025 14:50,29.94
SBA,10/28/2025 14:55,29.94
SBA,10/28/2025 15:00,29.94
SBA,10/28/2025 15:05,29.94
SBA,10/28/2025 15:10,29.94
SBA,10/28/2025 15:15,29.94
SBA,10/28/2025 15:20,29.94
SBA,10/28/2025 15:25,29.94
SBA,10/28/2025 15:30,29.94
SBA,10/28/2025 15:35,29.94
SBA,10/28/2025 15:40,29.94
SBA,10/28/2025 15:45,29.95
SBA,10/28/2025 15:50,29.95
SBA,10/28/2025 15:55,29.95
SBA,10/28/2025 16:00,29.95
SBA,10/28/2025 16:05,29.95
SBA,10/28/2025 16:10,29.95
SBA,10/28/2025 16:15,29.95
SBA,10/28/2025 16:20,29.95
SBA,10/28/2025 16:25,29.95
SBA,10/28/2025 16:30,29.95
SBA,10/28/2025 16:35,29.95
SBA,10/28/2025 16:40,29.95
SBA,10/28/2025 16:45,29.95
SBA,10/28/2025 16:50,29.95
SBA,10/28/2025 16:55,29.95
SBA,10/28/2025 17:00,29.95
SBA,10/28/2025 17:05,29.95
SBA,10/28/2025 17:10,29.95
SBA,10/28/2025 17:15,29.95
SBA,10/28/2025 17:20,29.95
SBA,10/28/2025 17:25,29.95
SBA,10/28/2025 17:30,29.95
SBA,10/28/2025 17:35,29.95
SBA,10/28/2025 17:40,29.95
SBA,10/28/2025 17:45,29.95
SBA,10/28/2025 17:50,29.95
SBA,10/28/2025 17:55,29.95
SBA,10/28/2025 18:00,29.95
SBA,10/28/2025 18:05,29.95
SBA,10/28/2025 18:10,29.95
SBA,10/28/2025 18:15,29.95
SBA,10/28/2025 18:20,29.95
SBA,10/28/2025 18:25,29.95
SBA,10/28/2025 18:30,29.96
SBA,10/28/2025 18:35,29.96
SBA,10/28/2025 18:40,29.96
SBA,10/28/2025 18:45,29.96
SBA,10/28/2025 18:50,29.96
SBA,10/28/2025 18:55,29.96
SBA,10/28/2025 19:00,29.97
SBA,10/28/2025 19:05,29.97
SBA,10/28/2025 19:10,29.97
SBA,10/28/2025 19:15,29.97
SBA,10/28/2025 19:20,29.97
SBA,10/28/2025 19:25,29.98
SBA,10/28/2025 19:30,29.98
SBA,10/28/2025 19:35,29.98
SBA,10/28/2025 19:40,29.98
SBA,10/28/2025 19:45,29.98
SBA,10/28/2025 19:50,29.98
SBA,10/28/2025 19:55,29.98
SBA,10/28/2025 20:00,29.98
SBA,10/28/2025 20:05,29.98
SBA,10/28/2025 20:10,29.98
SBA,10/28/2025 20:15,29.98
SBA,10/28/2025 20:20,29.99
SBA,10/28/2025 20:25,29.99
SBA,10/28/2025 20:30,29.99
SBA,10/28/2025 20:35,29.99
SBA,10/28/2025 20:40,29.99
SBA,10/28/2025 20:45,29.99
SBA,10/28/2025 20:50,29.99
SBA,10/28/2025 20:55,29.99
SBA,10/28/2025 21:00,29.99
SBA,10/28/2025 21:05,29.99
SBA,10/28/2025 21:10,29.99
SBA,10/28/2025 21:15,29.99
SBA,10/28/2025 21:20,29.99
SBA,10/28/2025 21:25,29.99
SBA,10/28/2025 21:30,29.99
SBA,10/28/2025 21:35,30
SBA,10/28/2025 21:40,30
SBA,10/28/2025 21:45,30
SBA,10/28/2025 21:50,30
SBA,10/28/2025 21:55,30
SBA,10/28/2025 22:00,30
SBA,10/28/2025 22:05,30
SBA,10/28/2025 22:10,30
SBA,10/28/2025 22:15,30
SBA,10/28/2025 22:20,30
SBA,10/28/2025 22:25,30
SBA,10/28/2025 22:30,30
SBA,10/28/2025 22:35,30
SBA,10/28/2025 22:40,30
SBA,10/28/2025 22:45,30
SBA,10/28/2025 22:50,30
SBA,10/28/2025 22:55,30.01
SBA,10/28/2025 23:00,30.01
SBA,10/28/2025 23:05,30.01
SBA,10/28/2025 23:10,30.01
SBA,10/28/2025 23:15,30.01
SBA,10/28/2025 23:20,30.01
SBA,10/28/2025 23:25,30
SBA,10/28/2025 23:30,30
SBA,10/28/2025 23:35,30
SBA,10/28/2025 23:40,30
SBA,10/28/2025 23:45,30
SBA,10/28/2025 23:50,30.01
SBA,10/28/2025 23:55,30
SBA,10/29/2025 0:00,30
SBA,10/29/2025 0:05,30
SBA,10/29/2025 0:10,30
SBA,10/29/2025 0:15,30.01
SBA,10/29/2025 0:20,30.01
SBA,10/29/2025 0:25,30.01
SBA,10/29/2025 0:30,30.01
SBA,10/29/2025 0:35,30.01
SBA,10/29/2025 0:40,30.01
SBA,10/29/2025 0:45,30.01
SBA,10/29/2025 0:50,30.01
SBA,10/29/2025 0:55,30.01
SBA,10/29/2025 1:00,30.01
SBA,10/29/2025 1:05,30.01
SBA,10/29/2025 1:10,30.01
SBA,10/29/2025 1:15,30.01
SBA,10/29/2025 1:20,30.01
SBA,10/29/2025 1:25,30.01
SBA,10/29/2025 1:30,30.01
SBA,10/29/2025 1:35,30.01
SBA,10/29/2025 1:40,30.01
SBA,10/29/2025 1:45,30.01
SBA,10/29/2025 1:50,30.01
SBA,10/29/2025 1:55,30
SBA,10/29/2025 2:00,30.01
SBA,10/29/2025 2:05,30.01
SBA,10/29/2025 2:10,30
SBA,10/29/2025 2:15,30
SBA,10/29/2025 2:20,30.01
SBA,10/29/2025 2:25,30
SBA,10/29/2025 2:30,30
SBA,10/29/2025 2:35,30.01
SBA,10/29/2025 2:40,30
SBA,10/29/2025 2:45,30
SBA,10/29/2025 2:50,30
SBA,10/29/2025 2:55,30
SBA,10/29/2025 3:00,30
SBA,10/29/2025 3:05,30
SBA,10/29/2025 3:10,29.99
SBA,10/29/2025 3:15,29.99
SBA,10/29/2025 3:20,29.99
SBA,10/29/2025 3:25,29.99
SBA,10/29/2025 3:30,29.99
SBA,10/29/2025 3:35,29.99
SBA,10/29/2025 3:40,29.99
SBA,10/29/2025 3:45,29.99
SBA,10/29/2025 3:50,29.99
SBA,10/29/2025 3:55,29.99
SBA,10/29/2025 4:00,29.99
SBA,10/29/2025 4:05,29.99
SBA,10/29/2025 4:10,29.99
SBA,10/29/2025 4:15,29.99
SBA,10/29/2025 4:20,29.99
SBA,10/29/2025 4:25,29.99
SBA,10/29/2025 4:30,29.99
SBA,10/29/2025 4:35,29.99
SBA,10/29/2025 4:40,29.99
SBA,10/29/2025 4:45,29.99
SBA,10/29/2025 4:50,29.99
SBA,10/29/2025 4:55,29.99
SBA,10/29/2025 5:00,29.99
SBA,10/29/2025 5:05,29.99
SBA,10/29/2025 5:10,29.99
SBA,10/29/2025 5:15,29.99
SBA,10/29/2025 5:20,29.99
SBA,10/29/2025 5:25,29.99
SBA,10/29/2025 5:30,29.99
SBA,10/29/2025 5:35,29.99
SBA,10/29/2025 5:40,29.99
SBA,10/29/2025 5:45,29.99
SBA,10/29/2025 5:50,29.99
SBA,10/29/2025 5:55,29.99
SBA,10/29/2025 6:00,29.99
SBA,10/29/2025 6:05,29.99
SBA,10/29/2025 6:10,29.99
SBA,10/29/2025 6:15,29.99
SBA,10/29/2025 6:20,30
SBA,10/29/2025 6:25,30
SBA,10/29/2025 6:30,30
SBA,10/29/2025 6:35,30
SBA,10/29/2025 6:40,30
SBA,10/29/2025 6:45,30
SBA,10/29/2025 6:50,30
SBA,10/29/2025 6:55,30
SBA,10/29/2025 7:00,30
SBA,10/29/2025 7:05,30
SBA,10/29/2025 7:10,30
SBA,10/29/2025 7:15,30
SBA,10/29/2025 7:20,30
SBA,10/29/2025 7:25,30
SBA,10/29/2025 7:30,30
SBA,10/29/2025 7:35,30
SBA,10/29/2025 7:40,30
SBA,10/29/2025 7:45,30
SBA,10/29/2025 7:50,30
SBA,10/29/2025 7:55,30.01
SBA,10/29/2025 8:00,30.01
SBA,10/29/2025 8:05,30.01
SBA,10/29/2025 8:10,30.01
SBA,10/29/2025 8:15,30.01
SBA,10/29/2025 8:20,30.01
SBA,10/29/2025 8:25,30.01
SBA,10/29/2025 8:30,30.02
SBA,10/29/2025 8:35,30.02
SBA,10/29/2025 8:40,30.02
SBA,10/29/2025 8:45,30.02
SBA,10/29/2025 8:50,30.02
SBA,10/29/2025 8:55,30.03
SBA,10/29/2025 9:00,30.03
SBA,10/29/2025 9:05,30.03
SBA,10/29/2025 9:10,30.03
SBA,10/29/2025 9:15,30.03
SBA,10/29/2025 9:20,30.03
SBA,10/29/2025 9:25,30.03
SBA,10/29/2025 9:30,30.03
SBA,10/29/2025 9:35,30.03
SBA,10/29/2025 9:40,30.03
SBA,10/29/2025 9:45,30.03
SBA,10/29/2025 9:50,30.03
SBA,10/29/2025 9:55,30.03
SBA,10/29/2025 10:00,30.02
SBA,10/29/2025 10:05,30.03
SBA,10/29/2025 10:10,30.02
SBA,10/29/2025 10:15,30.02
SBA,10/29/2025 10:20,30.02
SBA,10/29/2025 10:25,30.02
SBA,10/29/2025 10:30,30.02
SBA,10/29/2025 10:35,30.02
SBA,10/29/2025 10:40,30.02
SBA,10/29/2025 10:45,30.02
SBA,10/29/2025 10:50,30.02
SBA,10/29/2025 10:55,30.02
SBA,10/29/2025 11:00,30.02
SBA,10/29/2025 11:05,30.02
SBA,10/29/2025 11:10,30.02
SBA,10/29/2025 11:15,30.02
SBA,10/29/2025 11:20,30.02
SBA,10/29/2025 11:25,30.01
SBA,10/29/2025 11:30,30.01
SBA,10/29/2025 11:35,30.01
SBA,10/29/2025 11:40,30.01
SBA,10/29/2025 11:45,30.01
SBA,10/29/2025 11:50,30.01
SBA,10/29/2025 11:55,30
SBA,10/29/2025 12:00,30
SBA,10/29/2025 12:05,30
SBA,10/29/2025 12:10,30
SBA,10/29/2025 12:15,30
SBA,10/29/2025 12:20,30
SBA,10/29/2025 12:25,29.99
SBA,10/29/2025 12:30,29.99
SBA,10/29/2025 12:35,29.99
SBA,10/29/2025 12:40,29.99
SBA,10/29/2025 12:45,29.98
SBA,10/29/2025 12:50,29.98
SBA,10/29/2025 12:55,29.98
SBA,10/29/2025 13:00,29.98
SBA,10/29/2025 13:05,29.98
SBA,10/29/2025 13:10,29.97
SBA,10/29/2025 13:15,29.97
SBA,10/29/2025 13:20,29.97
SBA,10/29/2025 13:25,29.97
SBA,10/29/2025 13:30,29.96
SBA,10/29/2025 13:35,29.96
SBA,10/29/2025 13:40,29.96
SBA,10/29/2025 13:45,29.95
SBA,10/29/2025 13:50,29.95
SBA,10/29/2025 13:55,29.95
SBA,10/29/2025 14:00,29.95
SBA,10/29/2025 14:05,29.95
SBA,10/29/2025 14:10,29.94
SBA,10/29/2025 14:15,29.94
SBA,10/29/2025 14:20,29.94
SBA,10/29/2025 14:25,29.94
SBA,10/29/2025 14:30,29.94
SBA,10/29/2025 14:35,29.94
SBA,10/29/2025 14:40,29.94
SBA,10/29/2025 14:45,29.93
SBA,10/29/2025 14:50,29.93
SBA,10/29/2025 14:55,29.93
SBA,10/29/2025 15:00,29.93
SBA,10/29/2025 15:05,29.93
SBA,10/29/2025 15:10,29.93
SBA,10/29/2025 15:15,29.93
SBA,10/29/2025 15:20,29.93
SBA,10/29/2025 15:25,29.93
SBA,10/29/2025 15:30,29.92
SBA,10/29/2025 15:35,29.92
SBA,10/29/2025 15:40,29.92
SBA,10/29/2025 15:45,29.92
SBA,10/29/2025 15:50,29.92
SBA,10/29/2025 15:55,29.92
SBA,10/29/2025 16:00,29.92
SBA,10/29/2025 16:05,29.92
SBA,10/29/2025 16:10,29.93
SBA,10/29/2025 16:20,29.93
SBA,10/29/2025 16:25,29.93
SBA,10/29/2025 16:30,29.92
SBA,10/29/2025 16:35,29.92
SBA,10/29/2025 16:40,29.93
SBA,10/29/2025 16:45,29.92
SBA,10/29/2025 16:50,29.92
SBA,10/29/2025 16:55,29.92
SBA,10/29/2025 17:00,29.92
SBA,10/29/2025 17:05,29.92
SBA,10/29/2025 17:10,29.92
SBA,10/29/2025 17:15,29.92
SBA,10/29/2025 17:20,29.92
SBA,10/29/2025 17:25,29.92
SBA,10/29/2025 17:30,29.92
SBA,10/29/2025 17:35,29.92
SBA,10/29/2025 17:40,29.93
SBA,10/29/2025 17:45,29.93
SBA,10/29/2025 17:50,29.93
SBA,10/29/2025 17:55,29.93
SBA,10/29/2025 18:00,29.93
SBA,10/29/2025 18:05,29.93
SBA,10/29/2025 18:10,29.92
SBA,10/29/2025 18:15,29.92
SBA,10/29/2025 18:20,29.92
SBA,10/29/2025 18:25,29.92
SBA,10/29/2025 18:30,29.92
SBA,10/29/2025 18:35,29.92
SBA,10/29/2025 18:40,29.92
SBA,10/29/2025 18:45,29.93
SBA,10/29/2025 18:50,29.92
SBA,10/29/2025 18:55,29.92
SBA,10/29/2025 19:00,29.93
SBA,10/29/2025 19:05,29.93
SBA,10/29/2025 19:10,29.93
SBA,10/29/2025 19:15,29.93
SBA,10/29/2025 19:20,29.93
SBA,10/29/2025 19:25,29.93
SBA,10/29/2025 19:30,29.93
SBA,10/29/2025 19:35,29.93
SBA,10/29/2025 19:40,29.93
SBA,10/29/2025 19:45,29.93
SBA,10/29/2025 19:50,29.93
SBA,10/29/2025 19:55,29.93
SBA,10/29/2025 20:00,29.93
SBA,10/29/2025 20:05,29.93
SBA,10/29/2025 20:10,29.93
SBA,10/29/2025 20:15,29.93
SBA,10/29/2025 20:20,29.93
SBA,10/29/2025 20:25,29.93
SBA,10/29/2025 20:30,29.93
SBA,10/29/2025 20:35,29.93
SBA,10/29/2025 20:40,29.93
SBA,10/29/2025 20:45,29.94
SBA,10/29/2025 20:50,29.94
SBA,10/29/2025 20:55,29.94
SBA,10/29/2025 21:00,29.94
SBA,10/29/2025 21:05,29.94
SBA,10/29/2025 21:10,29.94
SBA,10/29/2025 21:15,29.94
SBA,10/29/2025 21:20,29.94
SBA,10/29/2025 21:25,29.94
SBA,10/29/2025 21:30,29.94
SBA,10/29/2025 21:35,29.94
SBA,10/29/2025 21:40,29.94
SBA,10/29/2025 21:45,29.94
SBA,10/29/2025 21:50,29.94
SBA,10/29/2025 21:55,29.94
SBA,10/29/2025 22:00,29.94
SBA,10/29/2025 22:05,29.95
SBA,10/29/2025 22:10,29.95
SBA,10/29/2025 22:15,29.95
SBA,10/29/2025 22:20,29.95
SBA,10/29/2025 22:25,29.95
SBA,10/29/2025 22:30,29.95
SBA,10/29/2025 22:35,29.95
SBA,10/29/2025 22:40,29.95
SBA,10/29/2025 22:45,29.95
SBA,10/29/2025 22:50,29.95
SBA,10/29/2025 22:55,29.95
SBA,10/29/2025 23:00,29.95
SBA,10/29/2025 23:05,29.95
SBA,10/29/2025 23:10,29.95
SBA,10/29/2025 23:15,29.95
SBA,10/29/2025 23:20,29.95
SBA,10/29/2025 23:25,29.94
SBA,10/29/2025 23:30,29.94
SBA,10/29/2025 23:35,29.94
SBA,10/29/2025 23:40,29.94
SBA,10/29/2025 23:45,29.94
SBA,10/29/2025 23:50,29.94
SBA,10/29/2025 23:55,29.94
SBA,10/30/2025 0:00,29.94
SBA,10/30/2025 0:05,29.93
SBA,10/30/2025 0:10,29.93
SBA,10/30/2025 0:15,29.93
SBA,10/30/2025 0:20,29.93
SBA,10/30/2025 0:25,29.93
SBA,10/30/2025 0:30,29.93
SBA,10/30/2025 0:35,29.93
SBA,10/30/2025 0:40,29.93
SBA,10/30/2025 0:45,29.93
SBA,10/30/2025 0:50,29.93
SBA,10/30/2025 0:55,29.92
SBA,10/30/2025 1:00,29.92
SBA,10/30/2025 1:05,29.92
SBA,10/30/2025 1:10,29.92
SBA,10/30/2025 1:15,29.92
SBA,10/30/2025 1:20,29.92
SBA,10/30/2025 1:25,29.92
SBA,10/30/2025 1:30,29.92
SBA,10/30/2025 1:35,29.92
SBA,10/30/2025 1:40,29.92
SBA,10/30/2025 1:45,29.92
SBA,10/30/2025 1:50,29.92
SBA,10/30/2025 1:55,29.92
SBA,10/30/2025 2:00,29.92
SBA,10/30/2025 2:05,29.92
SBA,10/30/2025 2:10,29.92
SBA,10/30/2025 2:15,29.92
SBA,10/30/2025 2:20,29.92
SBA,10/30/2025 2:25,29.92
SBA,10/30/2025 2:30,29.92
SBA,10/30/2025 2:35,29.92
SBA,10/30/2025 2:40,29.92
SBA,10/30/2025 2:45,29.92
SBA,10/30/2025 2:50,29.92
SBA,10/30/2025 2:55,29.92
SBA,10/30/2025 3:00,29.92
SBA,10/30/2025 3:05,29.92
SBA,10/30/2025 3:10,29.91
SBA,10/30/2025 3:15,29.91
SBA,10/30/2025 3:20,29.91
SBA,10/30/2025 3:25,29.91
SBA,10/30/2025 3:30,29.91
SBA,10/30/2025 3:35,29.91
SBA,10/30/2025 3:40,29.91
SBA,10/30/2025 3:45,29.91
SBA,10/30/2025 3:50,29.91
SBA,10/30/2025 3:55,29.91
SBA,10/30/2025 4:00,29.91
SBA,10/30/2025 4:05,29.91
SBA,10/30/2025 4:10,29.91
SBA,10/30/2025 4:15,29.91
SBA,10/30/2025 4:20,29.91
SBA,10/30/2025 4:25,29.91
SBA,10/30/2025 4:30,29.91
SBA,10/30/2025 4:35,29.91
SBA,10/30/2025 4:40,29.91
SBA,10/30/2025 4:45,29.91
SBA,10/30/2025 4:50,29.91
SBA,10/30/2025 4:55,29.91
SBA,10/30/2025 5:00,29.91
SBA,10/30/2025 5:05,29.91
SBA,10/30/2025 5:10,29.91
SBA,10/30/2025 5:15,29.91
SBA,10/30/2025 5:20,29.91
SBA,10/30/2025 5:25,29.91
SBA,10/30/2025 5:30,29.92
SBA,10/30/2025 5:35,29.92
SBA,10/30/2025 5:40,29.92
SBA,10/30/2025 5:45,29.92
SBA,10/30/2025 5:50,29.92
SBA,10/30/2025 5:55,29.92
SBA,10/30/2025 6:00,29.92
SBA,10/30/2025 6:05,29.92
SBA,10/30/2025 6:10,29.92
SBA,10/30/2025 6:15,29.92
SBA,10/30/2025 6:20,29.92
SBA,10/30/2025 6:25,29.92
SBA,10/30/2025 6:30,29.92
SBA,10/30/2025 6:35,29.92
SBA,10/30/2025 6:40,29.92
SBA,10/30/2025 6:45,29.92
SBA,10/30/2025 6:50,29.92
SBA,10/30/2025 6:55,29.92
SBA,10/30/2025 7:00,29.92
SBA,10/30/2025 7:05,29.93
SBA,10/30/2025 7:10,29.93
SBA,10/30/2025 7:15,29.93
SBA,10/30/2025 7:20,29.93
SBA,10/30/2025 7:25,29.93
SBA,10/30/2025 7:30,29.93
SBA,10/30/2025 7:35,29.93
SBA,10/30/2025 7:40,29.93
SBA,10/30/2025 7:45,29.93
SBA,10/30/2025 7:50,29.93
SBA,10/30/2025 7:55,29.93
SBA,10/30/2025 8:00,29.94
SBA,10/30/2025 8:05,29.94
SBA,10/30/2025 8:10,29.94
SBA,10/30/2025 8:15,29.94
SBA,10/30/2025 8:20,29.94
SBA,10/30/2025 8:25,29.94
SBA,10/30/2025 8:30,29.94
SBA,10/30/2025 8:35,29.95
SBA,10/30/2025 8:40,29.95
SBA,10/30/2025 8:45,29.95
SBA,10/30/2025 8:50,29.95
SBA,10/30/2025 8:55,29.95
SBA,10/30/2025 9:00,29.95
SBA,10/30/2025 9:05,29.95
SBA,10/30/2025 9:10,29.95
SBA,10/30/2025 9:15,29.95
SBA,10/30/2025 9:20,29.95
SBA,10/30/2025 9:25,29.95
SBA,10/30/2025 9:30,29.96
SBA,10/30/2025 9:35,29.96
SBA,10/30/2025 9:40,29.96
SBA,10/30/2025 9:45,29.96
SBA,10/30/2025 9:50,29.96
SBA,10/30/2025 9:55,29.96
SBA,10/30/2025 10:00,29.96
SBA,10/30/2025 10:05,29.96
SBA,10/30/2025 10:10,29.96
SBA,10/30/2025 10:15,29.96
SBA,10/30/2025 10:20,29.96
SBA,10/30/2025 10:25,29.96
SBA,10/30/2025 10:30,29.96
SBA,10/30/2025 10:35,29.96
SBA,10/30/2025 10:40,29.96
SBA,10/30/2025 10:45,29.96
SBA,10/30/2025 10:50,29.96
SBA,10/30/2025 10:55,29.96
SBA,10/30/2025 11:00,29.96
SBA,10/30/2025 11:05,29.96
SBA,10/30/2025 11:10,29.96
SBA,10/30/2025 11:15,29.96
SBA,10/30/2025 11:20,29.96
SBA,10/30/2025 11:25,29.96
SBA,10/30/2025 11:30,29.96
SBA,10/30/2025 11:35,29.96
SBA,10/30/2025 11:40,29.96
SBA,10/30/2025 11:45,29.96
SBA,10/30/2025 11:50,29.95
SBA,10/30/2025 11:55,29.95
SBA,10/30/2025 12:00,29.95
SBA,10/30/2025 12:05,29.95
SBA,10/30/2025 12:10,29.95
SBA,10/30/2025 12:15,29.95
SBA,10/30/2025 12:20,29.95
SBA,10/30/2025 12:25,29.94
SBA,10/30/2025 12:30,29.94
SBA,10/30/2025 12:35,29.94
SBA,10/30/2025 12:40,29.94
SBA,10/30/2025 12:45,29.93
SBA,10/30/2025 12:50,29.93
SBA,10/30/2025 12:55,29.93
SBA,10/30/2025 13:00,29.93
SBA,10/30/2025 13:05,29.93
SBA,10/30/2025 13:10,29.93
SBA,10/30/2025 13:15,29.92
SBA,10/30/2025 13:20,29.92
SBA,10/30/2025 13:25,29.92
SBA,10/30/2025 13:30,29.92
SBA,10/30/2025 13:35,29.92
SBA,10/30/2025 13:40,29.92
SBA,10/30/2025 13:45,29.92
SBA,10/30/2025 13:50,29.92
SBA,10/30/2025 13:55,29.91
SBA,10/30/2025 14:00,29.91
SBA,10/30/2025 14:05,29.91
SBA,10/30/2025 14:10,29.91
SBA,10/30/2025 14:15,29.91
SBA,10/30/2025 14:20,29.91
SBA,10/30/2025 14:25,29.91
SBA,10/30/2025 14:30,29.9
SBA,10/30/2025 14:35,29.9
SBA,10/30/2025 14:40,29.9
SBA,10/30/2025 14:45,29.9
SBA,10/30/2025 14:50,29.9
SBA,10/30/2025 14:55,29.9
SBA,10/30/2025 15:00,29.9
SBA,10/30/2025 15:05,29.9
SBA,10/30/2025 15:10,29.89
SBA,10/30/2025 15:15,29.89
SBA,10/30/2025 15:20,29.89
SBA,10/30/2025 15:25,29.89
SBA,10/30/2025 15:30,29.89
SBA,10/30/2025 15:35,29.89
SBA,10/30/2025 15:40,29.9
SBA,10/30/2025 15:45,29.9
SBA,10/30/2025 15:50,29.89
SBA,10/30/2025 15:55,29.89
SBA,10/30/2025 16:00,29.89
SBA,10/30/2025 16:05,29.89
SBA,10/30/2025 16:10,29.89
SBA,10/30/2025 16:15,29.89
SBA,10/30/2025 16:20,29.89
SBA,10/30/2025 16:25,29.89
SBA,10/30/2025 16:30,29.89
SBA,10/30/2025 16:35,29.89
SBA,10/30/2025 16:40,29.89
SBA,10/30/2025 16:45,29.89
SBA,10/30/2025 16:50,29.89
SBA,10/30/2025 16:55,29.89
SBA,10/30/2025 17:00,29.89
SBA,10/30/2025 17:05,29.89
SBA,10/30/2025 17:10,29.89
SBA,10/30/2025 17:15,29.89
SBA,10/30/2025 17:20,29.89
SBA,10/30/2025 17:25,29.89
SBA,10/30/2025 17:30,29.89
SBA,10/30/2025 17:35,29.89
SBA,10/30/2025 17:40,29.89
SBA,10/30/2025 17:45,29.89
SBA,10/30/2025 17:50,29.89
SBA,10/30/2025 17:55,29.89
SBA,10/30/2025 18:00,29.89
SBA,10/30/2025 18:05,29.89
SBA,10/30/2025 18:10,29.89
SBA,10/30/2025 18:15,29.89
SBA,10/30/2025 18:20,29.89
SBA,10/30/2025 18:25,29.89
SBA,10/30/2025 18:30,29.89
SBA,10/30/2025 18:35,29.89
SBA,10/30/2025 18:40,29.89
SBA,10/30/2025 18:45,29.89
SBA,10/30/2025 18:50,29.89
SBA,10/30/2025 18:55,29.89
SBA,10/30/2025 19:00,29.89
SBA,10/30/2025 19:05,29.89
SBA,10/30/2025 19:10,29.89
SBA,10/30/2025 19:15,29.89
SBA,10/30/2025 19:20,29.89
SBA,10/30/2025 19:25,29.89
SBA,10/30/2025 19:30,29.89
SBA,10/30/2025 19:35,29.89
SBA,10/30/2025 19:40,29.89
SBA,10/30/2025 19:45,29.89
SBA,10/30/2025 19:50,29.9
SBA,10/30/2025 19:55,29.9
SBA,10/30/2025 20:00,29.89
SBA,10/30/2025 20:05,29.89
SBA,10/30/2025 20:10,29.89
SBA,10/30/2025 20:15,29.89
SBA,10/30/2025 20:20,29.89
SBA,10/30/2025 20:25,29.89
SBA,10/30/2025 20:30,29.89
SBA,10/30/2025 20:35,29.89
SBA,10/30/2025 20:40,29.89
SBA,10/30/2025 20:45,29.89
SBA,10/30/2025 20:50,29.89
SBA,10/30/2025 20:55,29.89
SBA,10/30/2025 21:00,29.89
SBA,10/30/2025 21:05,29.89
SBA,10/30/2025 21:10,29.89
SBA,10/30/2025 21:15,29.89
SBA,10/30/2025 21:20,29.89
SBA,10/30/2025 21:25,29.89
SBA,10/30/2025 21:30,29.89
SBA,10/30/2025 21:35,29.9
SBA,10/30/2025 21:40,29.9
SBA,10/30/2025 21:45,29.9
SBA,10/30/2025 21:50,29.9
SBA,10/30/2025 21:55,29.9
SBA,10/30/2025 22:00,29.9
SBA,10/30/2025 22:05,29.9
SBA,10/30/2025 22:10,29.9
SBA,10/30/2025 22:15,29.9
SBA,10/30/2025 22:20,29.9
SBA,10/30/2025 22:25,29.9
SBA,10/30/2025 22:30,29.91
SBA,10/30/2025 22:35,29.91
SBA,10/30/2025 22:40,29.91
SBA,10/30/2025 22:45,29.91
SBA,10/30/2025 22:50,29.91
SBA,10/30/2025 22:55,29.91
SBA,10/30/2025 23:00,29.91
SBA,10/30/2025 23:05,29.91
SBA,10/30/2025 23:10,29.91
SBA,10/30/2025 23:15,29.91
SBA,10/30/2025 23:20,29.91
SBA,10/30/2025 23:25,29.91
SBA,10/30/2025 23:30,29.91
SBA,10/30/2025 23:35,29.91
SBA,10/30/2025 23:40,29.91
SBA,10/30/2025 23:45,29.91
SBA,10/30/2025 23:50,29.91
SBA,10/30/2025 23:55,29.91
SBA,10/31/2025 0:00,29.91
SBA,10/31/2025 0:05,29.9
SBA,10/31/2025 0:10,29.9
SBA,10/31/2025 0:15,29.9
SBA,10/31/2025 0:20,29.9
SBA,10/31/2025 0:25,29.9
SBA,10/31/2025 0:30,29.9
SBA,10/31/2025 0:35,29.9
SBA,10/31/2025 0:40,29.9
SBA,10/31/2025 0:45,29.91
SBA,10/31/2025 0:50,29.91
SBA,10/31/2025 0:55,29.91
SBA,10/31/2025 1:00,29.91
SBA,10/31/2025 1:05,29.91
SBA,10/31/2025 1:10,29.91
SBA,10/31/2025 1:15,29.91
SBA,10/31/2025 1:20,29.91
SBA,10/31/2025 1:25,29.91
SBA,10/31/2025 1:30,29.91
SBA,10/31/2025 1:35,29.91
SBA,10/31/2025 1:40,29.91
SBA,10/31/2025 1:45,29.91
SBA,10/31/2025 1:50,29.91
SBA,10/31/2025 1:55,29.91
SBA,10/31/2025 2:00,29.91
SBA,10/31/2025 2:05,29.91
SBA,10/31/2025 2:10,29.91
SBA,10/31/2025 2:15,29.91
SBA,10/31/2025 2:20,29.91
SBA,10/31/2025 2:25,29.92
SBA,10/31/2025 2:30,29.92
SBA,10/31/2025 2:35,29.92
SBA,10/31/2025 2:40,29.92
SBA,10/31/2025 2:45,29.92
SBA,10/31/2025 2:50,29.92
SBA,10/31/2025 2:55,29.91
SBA,10/31/2025 3:00,29.91
SBA,10/31/2025 3:05,29.91
SBA,10/31/2025 3:10,29.91
SBA,10/31/2025 3:15,29.91
SBA,10/31/2025 3:20,29.91
SBA,10/31/2025 3:25,29.91
SBA,10/31/2025 3:30,29.91
SBA,10/31/2025 3:35,29.91
SBA,10/31/2025 3:40,29.91
SBA,10/31/2025 3:45,29.91
SBA,10/31/2025 3:50,29.91
SBA,10/31/2025 3:55,29.92
SBA,10/31/2025 4:00,29.92
SBA,10/31/2025 4:05,29.92
SBA,10/31/2025 4:10,29.92
SBA,10/31/2025 4:15,29.92
SBA,10/31/2025 4:20,29.92
SBA,10/31/2025 4:25,29.92
SBA,10/31/2025 4:30,29.92
SBA,10/31/2025 4:35,29.92
SBA,10/31/2025 4:40,29.92
SBA,10/31/2025 4:45,29.92
SBA,10/31/2025 4:50,29.93
SBA,10/31/2025 4:55,29.93
SBA,10/31/2025 5:00,29.93
SBA,10/31/2025 5:05,29.93
SBA,10/31/2025 5:10,29.93
SBA,10/31/2025 5:15,29.93
SBA,10/31/2025 5:20,29.93
SBA,10/31/2025 5:25,29.93
SBA,10/31/2025 5:30,29.93
SBA,10/31/2025 5:35,29.94
SBA,10/31/2025 5:40,29.94
SBA,10/31/2025 5:45,29.94
SBA,10/31/2025 5:50,29.94
SBA,10/31/2025 5:55,29.94
SBA,10/31/2025 6:00,29.95
SBA,10/31/2025 6:05,29.94
SBA,10/31/2025 6:10,29.94
SBA,10/31/2025 6:15,29.94
SBA,10/31/2025 6:20,29.95
SBA,10/31/2025 6:25,29.95
SBA,10/31/2025 6:30,29.96
SBA,10/31/2025 6:35,29.96
SBA,10/31/2025 6:40,29.96
SBA,10/31/2025 6:45,29.96
SBA,10/31/2025 6:50,29.96
SBA,10/31/2025 6:55,29.96
SBA,10/31/2025 7:00,29.96
SBA,10/31/2025 7:05,29.96
SBA,10/31/2025 7:10,29.96
SBA,10/31/2025 7:15,29.96
SBA,10/31/2025 7:20,29.96
SBA,10/31/2025 7:25,29.96
SBA,10/31/2025 7:30,29.96
SBA,10/31/2025 7:35,29.96
SBA,10/31/2025 7:40,29.97
SBA,10/31/2025 7:45,29.97
SBA,10/31/2025 7:50,29.97
SBA,10/31/2025 7:55,29.97
SBA,10/31/2025 8:00,29.98
SBA,10/31/2025 8:05,29.98
SBA,10/31/2025 8:10,29.98
SBA,10/31/2025 8:15,29.98
SBA,10/31/2025 8:20,29.98
SBA,10/31/2025 8:25,29.99
SBA,10/31/2025 8:30,29.99
SBA,10/31/2025 8:35,29.99
SBA,10/31/2025 8:40,29.99
SBA,10/31/2025 8:45,30
SBA,10/31/2025 8:50,30
SBA,10/31/2025 8:55,30
SBA,10/31/2025 9:00,30
SBA,10/31/2025 9:05,30
SBA,10/31/2025 9:10,30.01
SBA,10/31/2025 9:15,30.01
SBA,10/31/2025 9:20,30.01
SBA,10/31/2025 9:25,30.01
SBA,10/31/2025 9:30,30.01
SBA,10/31/2025 9:35,30.01
SBA,10/31/2025 9:40,30.01
SBA,10/31/2025 9:45,30.02
SBA,10/31/2025 9:50,30.02
SBA,10/31/2025 9:55,30.02
SBA,10/31/2025 10:00,30.02
SBA,10/31/2025 10:05,30.02
SBA,10/31/2025 10:10,30.02
SBA,10/31/2025 10:15,30.02
SBA,10/31/2025 10:20,30.02
SBA,10/31/2025 10:25,30.02
SBA,10/31/2025 10:30,30.02
SBA,10/31/2025 10:35,30.02
SBA,10/31/2025 10:40,30.02
SBA,10/31/2025 10:45,30.02
SBA,10/31/2025 10:50,30.02
SBA,10/31/2025 10:55,30.02
SBA,10/31/2025 11:00,30.02
SBA,10/31/2025 11:05,30.02
SBA,10/31/2025 11:10,30.02
SBA,10/31/2025 11:15,30.02
SBA,10/31/2025 11:20,30.02
SBA,10/31/2025 11:25,30.01
SBA,10/31/2025 11:30,30.01
SBA,10/31/2025 11:35,30.01
SBA,10/31/2025 11:40,30.02
SBA,10/31/2025 11:45,30.02
SBA,10/31/2025 11:50,30.02
SBA,10/31/2025 11:55,30.01
SBA,10/31/2025 12:00,30.01
SBA,10/31/2025 12:05,30.02
SBA,10/31/2025 12:10,30.01
SBA,10/31/2025 12:15,30.02
SBA,10/31/2025 12:20,30.01
SBA,10/31/2025 12:25,30.01
SBA,10/31/2025 12:30,30.01
SBA,10/31/2025 12:35,30.01
SBA,10/31/2025 12:40,30.01
SBA,10/31/2025 12:45,30.01
SBA,10/31/2025 12:50,30
SBA,10/31/2025 12:55,30
SBA,10/31/2025 13:00,30
SBA,10/31/2025 13:05,30
SBA,10/31/2025 13:10,29.99
SBA,10/31/2025 13:15,29.99
SBA,10/31/2025 13:20,29.99
SBA,10/31/2025 13:25,29.99
SBA,10/31/2025 13:30,29.99
SBA,10/31/2025 13:35,29.99
SBA,10/31/2025 13:40,29.99
SBA,10/31/2025 13:45,29.99
SBA,10/31/2025 13:50,29.99
SBA,10/31/2025 13:55,29.98
SBA,10/31/2025 14:00,29.98
SBA,10/31/2025 14:05,29.98
SBA,10/31/2025 14:10,29.98
SBA,10/31/2025 14:15,29.98
SBA,10/31/2025 14:20,29.97
SBA,10/31/2025 14:25,29.97
SBA,10/31/2025 14:30,29.97
SBA,10/31/2025 14:35,29.97
SBA,10/31/2025 14:40,29.97
SBA,10/31/2025 14:45,29.96
SBA,10/31/2025 14:50,29.96
SBA,10/31/2025 14:55,29.96
SBA,10/31/2025 15:00,29.96
SBA,10/31/2025 15:05,29.96
SBA,10/31/2025 15:10,29.96
SBA,10/31/2025 15:15,29.96
SBA,10/31/2025 15:20,29.96
SBA,10/31/2025 15:25,29.96
SBA,10/31/2025 15:30,29.96
SBA,10/31/2025 15:35,29.96
SBA,10/31/2025 15:40,29.96
SBA,10/31/2025 15:45,29.96
SBA,10/31/2025 15:50,29.96
SBA,10/31/2025 15:55,29.96
SBA,10/31/2025 16:00,29.96
SBA,10/31/2025 16:05,29.96
SBA,10/31/2025 16:10,29.96
SBA,10/31/2025 16:15,29.96
SBA,10/31/2025 16:20,29.96
SBA,10/31/2025 16:25,29.96
SBA,10/31/2025 16:30,29.95
SBA,10/31/2025 16:35,29.96
SBA,10/31/2025 16:40,29.95
SBA,10/31/2025 16:45,29.95
SBA,10/31/2025 16:50,29.95
SBA,10/31/2025 16:55,29.95
SBA,10/31/2025 17:00,29.95
SBA,10/31/2025 17:05,29.95
SBA,10/31/2025 17:10,29.95
SBA,10/31/2025 17:15,29.95
SBA,10/31/2025 17:20,29.95
SBA,10/31/2025 17:25,29.95
SBA,10/31/2025 17:30,29.95
SBA,10/31/2025 17:35,29.95
SBA,10/31/2025 17:40,29.95
SBA,10/31/2025 17:45,29.95
SBA,10/31/2025 17:50,29.95
SBA,10/31/2025 17:55,29.95
SBA,10/31/2025 18:00,29.95
SBA,10/31/2025 18:05,29.95
SBA,10/31/2025 18:10,29.95
SBA,10/31/2025 18:15,29.95
SBA,10/31/2025 18:20,29.95
SBA,10/31/2025 18:25,29.95
SBA,10/31/2025 18:30,29.95
SBA,10/31/2025 18:35,29.95
SBA,10/31/2025 18:40,29.95
SBA,10/31/2025 18:45,29.96
SBA,10/31/2025 18:50,29.96
SBA,10/31/2025 18:55,29.96
SBA,10/31/2025 19:00,29.96
SBA,10/31/2025 19:05,29.96
SBA,10/31/2025 19:10,29.96
SBA,10/31/2025 19:15,29.96
SBA,10/31/2025 19:20,29.96
SBA,10/31/2025 19:25,29.96
SBA,10/31/2025 19:30,29.96
SBA,10/31/2025 19:35,29.97
SBA,10/31/2025 19:40,29.97
SBA,10/31/2025 19:45,29.97
SBA,10/31/2025 19:50,29.97
SBA,10/31/2025 19:55,29.97
SBA,10/31/2025 20:00,29.97
SBA,10/31/2025 20:05,29.97
SBA,10/31/2025 20:10,29.97
SBA,10/31/2025 20:15,29.97
SBA,10/31/2025 20:20,29.97
SBA,10/31/2025 20:25,29.97
SBA,10/31/2025 20:30,29.97
SBA,10/31/2025 20:35,29.97
SBA,10/31/2025 20:40,29.98
SBA,10/31/2025 20:45,29.98
SBA,10/31/2025 20:50,29.98
SBA,10/31/2025 20:55,29.98
SBA,10/31/2025 21:00,29.98
SBA,10/31/2025 21:05,29.98
SBA,10/31/2025 21:10,29.98
SBA,10/31/2025 21:15,29.98
SBA,10/31/2025 21:20,29.98
SBA,10/31/2025 21:25,29.99
SBA,10/31/2025 21:30,29.99
SBA,10/31/2025 21:35,29.99
SBA,10/31/2025 21:40,29.99
SBA,10/31/2025 21:45,29.99
SBA,10/31/2025 21:50,29.99
SBA,10/31/2025 21:55,29.99
SBA,10/31/2025 22:00,29.99
SBA,10/31/2025 22:05,29.99
SBA,10/31/2025 22:10,29.99
SBA,10/31/2025 22:15,29.99
SBA,10/31/2025 22:20,29.99
SBA,10/31/2025 22:25,30
SBA,10/31/2025 22:30,30
SBA,10/31/2025 22:35,30
SBA,10/31/2025 22:40,30
SBA,10/31/2025 22:45,30
SBA,10/31/2025 22:50,30
SBA,10/31/2025 22:55,30
SBA,10/31/2025 23:00,30
SBA,10/31/2025 23:05,30
SBA,10/31/2025 23:10,30
SBA,10/31/2025 23:15,29.99
SBA,10/31/2025 23:20,29.99
SBA,10/31/2025 23:25,30
SBA,10/31/2025 23:30,30
SBA,10/31/2025 23:35,30
SBA,10/31/2025 23:40,30
SBA,10/31/2025 23:45,30
SBA,10/31/2025 23:50,30
SBA,10/31/2025 23:55,30
SBA,11/1/2025 0:00,30
SBA,11/1/2025 0:05,30
SBA,11/1/2025 0:10,30
SBA,11/1/2025 0:15,30
SBA,11/1/2025 0:20,30
SBA,11/1/2025 0:25,30
SBA,11/1/2025 0:30,30
SBA,11/1/2025 0:35,30
SBA,11/1/2025 0:40,30
SBA,11/1/2025 0:45,30
SBA,11/1/2025 0:50,30
SBA,11/1/2025 0:55,30
SBA,11/1/2025 1:00,30
SBA,11/1/2025 1:05,30
SBA,11/1/2025 1:10,30
SBA,11/1/2025 1:15,30
SBA,11/1/2025 1:20,30
SBA,11/1/2025 1:25,30.01
SBA,11/1/2025 1:30,30
SBA,11/1/2025 1:35,30
SBA,11/1/2025 1:40,30
SBA,11/1/2025 1:45,30
SBA,11/1/2025 1:50,30.01
SBA,11/1/2025 1:55,30.01
SBA,11/1/2025 2:00,30
SBA,11/1/2025 2:05,30
SBA,11/1/2025 2:10,30.01
SBA,11/1/2025 2:15,30.01
SBA,11/1/2025 2:20,30.01
SBA,11/1/2025 2:25,30.01
SBA,11/1/2025 2:30,30.01
SBA,11/1/2025 2:35,30.01
SBA,11/1/2025 2:40,30.01
SBA,11/1/2025 2:45,30.01
SBA,11/1/2025 2:50,30.01
SBA,11/1/2025 2:55,30
SBA,11/1/2025 3:00,30
SBA,11/1/2025 3:05,30
SBA,11/1/2025 3:10,30
SBA,11/1/2025 3:15,30
SBA,11/1/2025 3:20,30
SBA,11/1/2025 3:25,30
SBA,11/1/2025 3:30,30
SBA,11/1/2025 3:35,30
SBA,11/1/2025 3:40,30
SBA,11/1/2025 3:45,29.99
SBA,11/1/2025 3:50,29.99
SBA,11/1/2025 3:55,30
SBA,11/1/2025 4:00,30
SBA,11/1/2025 4:05,30
SBA,11/1/2025 4:10,30
SBA,11/1/2025 4:15,30
SBA,11/1/2025 4:20,30
SBA,11/1/2025 4:25,30
SBA,11/1/2025 4:30,30
SBA,11/1/2025 4:35,30
SBA,11/1/2025 4:40,30
SBA,11/1/2025 4:45,30
SBA,11/1/2025 4:50,30
SBA,11/1/2025 4:55,30.01
SBA,11/1/2025 5:00,30.01
SBA,11/1/2025 5:05,30.01
SBA,11/1/2025 5:10,30.01
SBA,11/1/2025 5:15,30.01
SBA,11/1/2025 5:20,30.01
SBA,11/1/2025 5:25,30.01
SBA,11/1/2025 5:30,30.01
SBA,11/1/2025 5:35,30.01
SBA,11/1/2025 5:40,30.02
SBA,11/1/2025 5:45,30.02
SBA,11/1/2025 5:50,30.02
SBA,11/1/2025 5:55,30.02
SBA,11/1/2025 6:00,30.02
SBA,11/1/2025 6:05,30.03
SBA,11/1/2025 6:10,30.03
SBA,11/1/2025 6:15,30.03
SBA,11/1/2025 6:20,30.03
SBA,11/1/2025 6:25,30.03
SBA,11/1/2025 6:30,30.03
SBA,11/1/2025 6:35,30.03
SBA,11/1/2025 6:40,30.04
SBA,11/1/2025 6:45,30.04
SBA,11/1/2025 6:50,30.04
SBA,11/1/2025 6:55,30.04
SBA,11/1/2025 7:00,30.04
SBA,11/1/2025 7:05,30.04
SBA,11/1/2025 7:10,30.04
SBA,11/1/2025 7:15,30.04
SBA,11/1/2025 7:20,30.04
SBA,11/1/2025 7:25,30.04
SBA,11/1/2025 7:30,30.04
SBA,11/1/2025 7:35,30.04
SBA,11/1/2025 7:40,30.04
SBA,11/1/2025 7:45,30.04
SBA,11/1/2025 7:50,30.05
SBA,11/1/2025 7:55,30.05
SBA,11/1/2025 8:00,30.05
SBA,11/1/2025 8:05,30.05
SBA,11/1/2025 8:10,30.05
SBA,11/1/2025 8:15,30.05
SBA,11/1/2025 8:20,30.06
SBA,11/1/2025 8:25,30.06
SBA,11/1/2025 8:30,30.06
SBA,11/1/2025 8:35,30.06
SBA,11/1/2025 8:40,30.06
SBA,11/1/2025 8:45,30.06
SBA,11/1/2025 8:50,30.07
SBA,11/1/2025 8:55,30.07
SBA,11/1/2025 9:00,30.07
SBA,11/1/2025 9:05,30.07
SBA,11/1/2025 9:10,30.07
SBA,11/1/2025 9:15,30.07
SBA,11/1/2025 9:20,30.07
SBA,11/1/2025 9:25,30.08
SBA,11/1/2025 9:30,30.08
SBA,11/1/2025 9:35,30.08
SBA,11/1/2025 9:40,30.08
SBA,11/1/2025 9:45,30.08
SBA,11/1/2025 9:50,30.08
SBA,11/1/2025 9:55,30.08
SBA,11/1/2025 10:00,30.08
SBA,11/1/2025 10:05,30.08
SBA,11/1/2025 10:10,30.08
SBA,11/1/2025 10:15,30.08
SBA,11/1/2025 10:20,30.08
SBA,11/1/2025 10:25,30.08
SBA,11/1/2025 10:30,30.08
SBA,11/1/2025 10:35,30.08
SBA,11/1/2025 10:40,30.08
SBA,11/1/2025 10:45,30.08
SBA,11/1/2025 10:50,30.08
SBA,11/1/2025 10:55,30.08
SBA,11/1/2025 11:00,30.08
SBA,11/1/2025 11:05,30.08
SBA,11/1/2025 11:10,30.08
SBA,11/1/2025 11:15,30.08
SBA,11/1/2025 11:20,30.08
SBA,11/1/2025 11:25,30.08
SBA,11/1/2025 11:30,30.08
SBA,11/1/2025 11:35,30.08
SBA,11/1/2025 11:40,30.08
SBA,11/1/2025 11:45,30.08
SBA,11/1/2025 11:50,30.08
SBA,11/1/2025 11:55,30.07
SBA,11/1/2025 12:00,30.07
SBA,11/1/2025 12:05,30.07
SBA,11/1/2025 12:10,30.07
SBA,11/1/2025 12:15,30.07
SBA,11/1/2025 12:20,30.07
SBA,11/1/2025 12:25,30.07
SBA,11/1/2025 12:30,30.06
SBA,11/1/2025 12:35,30.06
SBA,11/1/2025 12:40,30.06
SBA,11/1/2025 12:45,30.06
SBA,11/1/2025 12:50,30.05
SBA,11/1/2025 12:55,30.05
SBA,11/1/2025 13:00,30.05
SBA,11/1/2025 13:05,30.05
SBA,11/1/2025 13:10,30.05
SBA,11/1/2025 13:15,30.04
SBA,11/1/2025 13:20,30.04
SBA,11/1/2025 13:25,30.04
SBA,11/1/2025 13:30,30.04
SBA,11/1/2025 13:35,30.04
SBA,11/1/2025 13:40,30.04
SBA,11/1/2025 13:45,30.03
SBA,11/1/2025 13:50,30.03
SBA,11/1/2025 13:55,30.03
SBA,11/1/2025 14:00,30.03
SBA,11/1/2025 14:05,30.03
SBA,11/1/2025 14:10,30.02
SBA,11/1/2025 14:15,30.02
SBA,11/1/2025 14:20,30.02
SBA,11/1/2025 14:25,30.02
SBA,11/1/2025 14:30,30.02
SBA,11/1/2025 14:35,30.02
SBA,11/1/2025 14:40,30.02
SBA,11/1/2025 14:45,30.02
SBA,11/1/2025 14:50,30.02
SBA,11/1/2025 14:55,30.02
SBA,11/1/2025 15:00,30.02
SBA,11/1/2025 15:05,30.01
SBA,11/1/2025 15:10,30.01
SBA,11/1/2025 15:15,30.01
SBA,11/1/2025 15:20,30.01
SBA,11/1/2025 15:25,30.01
SBA,11/1/2025 15:30,30.01
SBA,11/1/2025 15:35,30.01
SBA,11/1/2025 15:40,30.01
SBA,11/1/2025 15:45,30.01
SBA,11/1/2025 15:50,30.01
SBA,11/1/2025 15:55,30.01
SBA,11/1/2025 16:00,30.01
SBA,11/1/2025 16:05,30.01
SBA,11/1/2025 16:10,30.01
SBA,11/1/2025 16:15,30.01
SBA,11/1/2025 16:20,30.01
SBA,11/1/2025 16:25,30.01
SBA,11/1/2025 16:30,30
SBA,11/1/2025 16:35,30
SBA,11/1/2025 16:40,30
SBA,11/1/2025 16:45,30
SBA,11/1/2025 16:50,30
SBA,11/1/2025 16:55,30
SBA,11/1/2025 17:00,30
SBA,11/1/2025 17:05,30
SBA,11/1/2025 17:10,30
SBA,11/1/2025 17:15,30
SBA,11/1/2025 17:20,30
SBA,11/1/2025 17:25,30
SBA,11/1/2025 17:30,30
SBA,11/1/2025 17:35,30
SBA,11/1/2025 17:40,30
SBA,11/1/2025 17:45,30
SBA,11/1/2025 17:50,30
SBA,11/1/2025 17:55,30
SBA,11/1/2025 18:00,30
SBA,11/1/2025 18:05,30
SBA,11/1/2025 18:10,30
SBA,11/1/2025 18:15,30
SBA,11/1/2025 18:20,30.01
SBA,11/1/2025 18:25,30
SBA,11/1/2025 18:30,30
SBA,11/1/2025 18:35,30
SBA,11/1/2025 18:40,30
SBA,11/1/2025 18:45,30
SBA,11/1/2025 18:50,30
SBA,11/1/2025 18:55,30
SBA,11/1/2025 19:00,30.01
SBA,11/1/2025 19:05,30.01
SBA,11/1/2025 19:10,30.01
SBA,11/1/2025 19:15,30.01
SBA,11/1/2025 19:20,30.01
SBA,11/1/2025 19:25,30.01
SBA,11/1/2025 19:30,30.02
SBA,11/1/2025 19:35,30.02
SBA,11/1/2025 19:40,30.02
SBA,11/1/2025 19:45,30.02
SBA,11/1/2025 19:50,30.02
SBA,11/1/2025 19:55,30.02
SBA,11/1/2025 20:00,30.02
SBA,11/1/2025 20:05,30.02
SBA,11/1/2025 20:10,30.02
SBA,11/1/2025 20:15,30.02
SBA,11/1/2025 20:20,30.02
SBA,11/1/2025 20:25,30.02
SBA,11/1/2025 20:30,30.02
SBA,11/1/2025 20:35,30.02
SBA,11/1/2025 20:40,30.02
SBA,11/1/2025 20:45,30.02
SBA,11/1/2025 20:50,30.02
SBA,11/1/2025 20:55,30.02
SBA,11/1/2025 21:00,30.02
SBA,11/1/2025 21:05,30.02
SBA,11/1/2025 21:10,30.02
SBA,11/1/2025 21:15,30.02
SBA,11/1/2025 21:20,30.02
SBA,11/1/2025 21:25,30.02
SBA,11/1/2025 21:30,30.03
SBA,11/1/2025 21:35,30.03
SBA,11/1/2025 21:40,30.03
SBA,11/1/2025 21:45,30.03
SBA,11/1/2025 21:50,30.03
SBA,11/1/2025 21:55,30.03
SBA,11/1/2025 22:00,30.04
SBA,11/1/2025 22:05,30.04
SBA,11/1/2025 22:10,30.04
SBA,11/1/2025 22:15,30.04
SBA,11/1/2025 22:20,30.04
SBA,11/1/2025 22:25,30.04
SBA,11/1/2025 22:30,30.03
SBA,11/1/2025 22:35,30.03
SBA,11/1/2025 22:40,30.03
SBA,11/1/2025 22:45,30.03
SBA,11/1/2025 22:50,30.03
SBA,11/1/2025 22:55,30.03
SBA,11/1/2025 23:00,30.04
SBA,11/1/2025 23:05,30.04
SBA,11/1/2025 23:10,30.04
SBA,11/1/2025 23:15,30.04
SBA,11/1/2025 23:20,30.04
SBA,11/1/2025 23:25,30.05
SBA,11/1/2025 23:30,30.05
SBA,11/1/2025 23:35,30.05
SBA,11/1/2025 23:40,30.05
SBA,11/1/2025 23:45,30.05
SBA,11/1/2025 23:50,30.05
SBA,11/1/2025 23:55,30.05
SBA,11/2/2025 0:00,30.05
SBA,11/2/2025 0:05,30.05
SBA,11/2/2025 0:10,30.05
SBA,11/2/2025 0:15,30.05
SBA,11/2/2025 0:20,30.05
SBA,11/2/2025 0:25,30.05
SBA,11/2/2025 0:30,30.05
SBA,11/2/2025 0:35,30.05
SBA,11/2/2025 0:40,30.05
SBA,11/2/2025 0:45,30.05
SBA,11/2/2025 0:50,30.05
SBA,11/2/2025 0:55,30.05
SBA,11/2/2025 1:00,30.06
SBA,11/2/2025 1:05,30.06
SBA,11/2/2025 1:10,30.06
SBA,11/2/2025 1:15,30.06
SBA,11/2/2025 1:20,30.06
SBA,11/2/2025 1:25,30.06
SBA,11/2/2025 1:30,30.06
SBA,11/2/2025 1:35,30.06
SBA,11/2/2025 1:40,30.06
SBA,11/2/2025 1:45,30.06
SBA,11/2/2025 1:50,30.06
SBA,11/2/2025 1:55,30.06
SBA,11/2/2025 1:00,30.05
SBA,11/2/2025 1:05,30.05
SBA,11/2/2025 1:10,30.05
SBA,11/2/2025 1:15,30.05
SBA,11/2/2025 1:20,30.05
SBA,11/2/2025 1:25,30.05
SBA,11/2/2025 1:30,30.05
SBA,11/2/2025 1:35,30.05
SBA,11/2/2025 1:40,30.05
SBA,11/2/2025 1:45,30.05
SBA,11/2/2025 1:50,30.05
SBA,11/2/2025 1:55,30.05
SBA,11/2/2025 2:00,30.05
SBA,11/2/2025 2:05,30.05
SBA,11/2/2025 2:10,30.05
SBA,11/2/2025 2:15,30.05
SBA,11/2/2025 2:20,30.05
SBA,11/2/2025 2:25,30.04
SBA,11/2/2025 2:30,30.04
SBA,11/2/2025 2:35,30.04
SBA,11/2/2025 2:40,30.04
SBA,11/2/2025 2:45,30.04
SBA,11/2/2025 2:50,30.04
SBA,11/2/2025 2:55,30.04
SBA,11/2/2025 3:00,30.04
SBA,11/2/2025 3:05,30.04
SBA,11/2/2025 3:10,30.03
SBA,11/2/2025 3:15,30.03
SBA,11/2/2025 3:20,30.03
SBA,11/2/2025 3:25,30.03
SBA,11/2/2025 3:30,30.03
SBA,11/2/2025 3:35,30.03
SBA,11/2/2025 3:40,30.04
SBA,11/2/2025 3:45,30.04
SBA,11/2/2025 3:50,30.03
SBA,11/2/2025 3:55,30.03
SBA,11/2/2025 4:00,30.03
SBA,11/2/2025 4:05,30.03
SBA,11/2/2025 4:10,30.03
SBA,11/2/2025 4:15,30.03
SBA,11/2/2025 4:20,30.03
SBA,11/2/2025 4:25,30.03
SBA,11/2/2025 4:30,30.03
SBA,11/2/2025 4:35,30.03
SBA,11/2/2025 4:40,30.03
SBA,11/2/2025 4:45,30.03
SBA,11/2/2025 4:50,30.03
SBA,11/2/2025 4:55,30.03
SBA,11/2/2025 5:00,30.03
SBA,11/2/2025 5:05,30.03
SBA,11/2/2025 5:10,30.03
SBA,11/2/2025 5:15,30.03
SBA,11/2/2025 5:20,30.03
SBA,11/2/2025 5:25,30.03
SBA,11/2/2025 5:30,30.03
SBA,11/2/2025 5:35,30.03
SBA,11/2/2025 5:40,30.03
SBA,11/2/2025 5:45,30.02
SBA,11/2/2025 5:50,30.02
SBA,11/2/2025 5:55,30.02
SBA,11/2/2025 6:00,30.02
SBA,11/2/2025 6:05,30.02
SBA,11/2/2025 6:10,30.02
SBA,11/2/2025 6:15,30.02
SBA,11/2/2025 6:20,30.02
SBA,11/2/2025 6:25,30.02
SBA,11/2/2025 6:30,30.02
SBA,11/2/2025 6:35,30.02
SBA,11/2/2025 6:40,30.02
SBA,11/2/2025 6:45,30.03
SBA,11/2/2025 6:50,30.03
SBA,11/2/2025 6:55,30.03
SBA,11/2/2025 7:00,30.03
SBA,11/2/2025 7:05,30.03
SBA,11/2/2025 7:10,30.03
SBA,11/2/2025 7:15,30.03
SBA,11/2/2025 7:20,30.03
SBA,11/2/2025 7:25,30.03
SBA,11/2/2025 7:30,30.04
SBA,11/2/2025 7:35,30.03
SBA,11/2/2025 7:40,30.04
SBA,11/2/2025 7:45,30.04
SBA,11/2/2025 7:50,30.05
SBA,11/2/2025 7:55,30.06
SBA,11/2/2025 8:00,30.07
SBA,11/2/2025 8:05,30.07
SBA,11/2/2025 8:10,30.07
SBA,11/2/2025 8:15,30.08
SBA,11/2/2025 8:20,30.08
SBA,11/2/2025 8:25,30.08
SBA,11/2/2025 8:30,30.08
SBA,11/2/2025 8:35,30.08
SBA,11/2/2025 8:40,30.09
SBA,11/2/2025 8:45,30.09
SBA,11/2/2025 8:50,30.09
SBA,11/2/2025 8:55,30.09
SBA,11/2/2025 9:00,30.1
SBA,11/2/2025 9:05,30.1
SBA,11/2/2025 9:10,30.1
SBA,11/2/2025 9:15,30.1
SBA,11/2/2025 9:20,30.1
SBA,11/2/2025 9:25,30.1
SBA,11/2/2025 9:30,30.1
SBA,11/2/2025 9:35,30.1
SBA,11/2/2025 9:40,30.09
SBA,11/2/2025 9:45,30.09
SBA,11/2/2025 9:50,30.09
SBA,11/2/2025 9:55,30.09
SBA,11/2/2025 10:00,30.09
SBA,11/2/2025 10:05,30.09
SBA,11/2/2025 10:10,30.09
SBA,11/2/2025 10:15,30.09
SBA,11/2/2025 10:20,30.09
SBA,11/2/2025 10:25,30.09
SBA,11/2/2025 10:30,30.09
SBA,11/2/2025 10:35,30.09
SBA,11/2/2025 10:40,30.09
SBA,11/2/2025 10:45,30.09
SBA,11/2/2025 10:50,30.09
SBA,11/2/2025 10:55,30.09
SBA,11/2/2025 11:00,30.09
SBA,11/2/2025 11:05,30.09
SBA,11/2/2025 11:10,30.09
SBA,11/2/2025 11:15,30.08
SBA,11/2/2025 11:20,30.08
SBA,11/2/2025 11:25,30.07
SBA,11/2/2025 11:30,30.07
SBA,11/2/2025 11:35,30.07
SBA,11/2/2025 11:40,30.07
SBA,11/2/2025 11:45,30.06
SBA,11/2/2025 11:50,30.06
SBA,11/2/2025 11:55,30.06
SBA,11/2/2025 12:00,30.06
SBA,11/2/2025 12:05,30.05
SBA,11/2/2025 12:10,30.05
SBA,11/2/2025 12:15,30.05
SBA,11/2/2025 12:20,30.05
SBA,11/2/2025 12:25,30.04
SBA,11/2/2025 12:30,30.04
SBA,11/2/2025 12:35,30.04
SBA,11/2/2025 12:40,30.04
SBA,11/2/2025 12:45,30.04
SBA,11/2/2025 12:50,30.04
SBA,11/2/2025 12:55,30.03
SBA,11/2/2025 13:00,30.03
SBA,11/2/2025 13:05,30.03
SBA,11/2/2025 13:10,30.02
SBA,11/2/2025 13:15,30.02
SBA,11/2/2025 13:20,30.02
SBA,11/2/2025 13:25,30.01
SBA,11/2/2025 13:30,30.01
SBA,11/2/2025 13:35,30.01
SBA,11/2/2025 13:40,30.01
SBA,11/2/2025 13:45,30.01
SBA,11/2/2025 13:50,30
SBA,11/2/2025 13:55,30
SBA,11/2/2025 14:00,30
SBA,11/2/2025 14:05,29.99
SBA,11/2/2025 14:10,29.99
SBA,11/2/2025 14:15,29.99
SBA,11/2/2025 14:20,29.99
SBA,11/2/2025 14:25,29.99
SBA,11/2/2025 14:30,29.99
SBA,11/2/2025 14:35,29.99
SBA,11/2/2025 14:40,29.99
SBA,11/2/2025 14:45,29.99
SBA,11/2/2025 14:50,29.99
SBA,11/2/2025 14:55,29.99
SBA,11/2/2025 15:00,29.99
SBA,11/2/2025 15:05,29.99
SBA,11/2/2025 15:10,29.99
SBA,11/2/2025 15:15,29.99
SBA,11/2/2025 15:20,29.99
SBA,11/2/2025 15:25,29.99
SBA,11/2/2025 15:30,29.99
SBA,11/2/2025 15:35,29.99
SBA,11/2/2025 15:40,29.99
SBA,11/2/2025 15:45,29.99
SBA,11/2/2025 15:50,30
SBA,11/2/2025 15:55,30
SBA,11/2/2025 16:00,30
SBA,11/2/2025 16:05,29.99
SBA,11/2/2025 16:10,29.99
SBA,11/2/2025 16:15,29.99
SBA,11/2/2025 16:20,29.99
SBA,11/2/2025 16:25,29.99
SBA,11/2/2025 16:30,29.98
SBA,11/2/2025 16:35,29.98
SBA,11/2/2025 16:40,29.98
SBA,11/2/2025 16:45,29.98
SBA,11/2/2025 16:50,29.98
SBA,11/2/2025 16:55,29.98
SBA,11/2/2025 17:00,29.98
SBA,11/2/2025 17:05,29.99
SBA,11/2/2025 17:10,29.99
SBA,11/2/2025 17:15,29.99
SBA,11/2/2025 17:20,29.99
SBA,11/2/2025 17:25,29.99
SBA,11/2/2025 17:30,29.99
SBA,11/2/2025 17:35,29.99
SBA,11/2/2025 17:40,29.99
SBA,11/2/2025 17:45,29.99
SBA,11/2/2025 17:50,29.99
SBA,11/2/2025 17:55,29.99
SBA,11/2/2025 18:00,30
SBA,11/2/2025 18:05,30
SBA,11/2/2025 18:10,30
SBA,11/2/2025 18:15,30
SBA,11/2/2025 18:20,30
SBA,11/2/2025 18:25,30
SBA,11/2/2025 18:30,30
SBA,11/2/2025 18:35,30
SBA,11/2/2025 18:40,30
SBA,11/2/2025 18:45,30
SBA,11/2/2025 18:50,30.01
SBA,11/2/2025 18:55,30.01
SBA,11/2/2025 19:00,30.01
SBA,11/2/2025 19:05,30.01
SBA,11/2/2025 19:10,30.01
SBA,11/2/2025 19:15,30.01
SBA,11/2/2025 19:20,30.01
SBA,11/2/2025 19:25,30.01
SBA,11/2/2025 19:30,30
SBA,11/2/2025 19:35,30
SBA,11/2/2025 19:40,30
SBA,11/2/2025 19:45,30
SBA,11/2/2025 19:50,30
SBA,11/2/2025 19:55,30.01
SBA,11/2/2025 20:00,30.01
SBA,11/2/2025 20:05,30.01
SBA,11/2/2025 20:10,30.01
SBA,11/2/2025 20:15,30.01
SBA,11/2/2025 20:20,30.02
SBA,11/2/2025 20:25,30.02
SBA,11/2/2025 20:30,30.02
SBA,11/2/2025 20:35,30.02
SBA,11/2/2025 20:40,30.03
SBA,11/2/2025 20:45,30.03
SBA,11/2/2025 20:50,30.03
SBA,11/2/2025 20:55,30.03
SBA,11/2/2025 21:00,30.03
SBA,11/2/2025 21:05,30.03
SBA,11/2/2025 21:10,30.03
SBA,11/2/2025 21:15,30.03
SBA,11/2/2025 21:20,30.03
SBA,11/2/2025 21:25,30.03
SBA,11/2/2025 21:30,30.03
SBA,11/2/2025 21:35,30.03
SBA,11/2/2025 21:40,30.03
SBA,11/2/2025 21:45,30.03
SBA,11/2/2025 21:50,30.03
SBA,11/2/2025 21:55,30.03
SBA,11/2/2025 22:00,30.03
SBA,11/2/2025 22:05,30.03
SBA,11/2/2025 22:10,30.03
SBA,11/2/2025 22:15,30.04
SBA,11/2/2025 22:20,30.04
SBA,11/2/2025 22:25,30.04
SBA,11/2/2025 22:30,30.04
SBA,11/2/2025 22:35,30.04
SBA,11/2/2025 22:40,30.04
SBA,11/2/2025 22:45,30.04
SBA,11/2/2025 22:50,30.04
SBA,11/2/2025 22:55,30.04
SBA,11/2/2025 23:00,30.04
SBA,11/2/2025 23:05,30.04
SBA,11/2/2025 23:10,30.03
SBA,11/2/2025 23:15,30.03
SBA,11/2/2025 23:20,30.03
SBA,11/2/2025 23:25,30.03
SBA,11/2/2025 23:30,30.02
SBA,11/2/2025 23:35,30.02
SBA,11/2/2025 23:40,30.02
SBA,11/2/2025 23:45,30.03
SBA,11/2/2025 23:50,30.03
SBA,11/2/2025 23:55,30.03
SBA,11/3/2025 0:00,30.03
SBA,11/3/2025 0:05,30.03
SBA,11/3/2025 0:10,30.03
SBA,11/3/2025 0:15,30.03
SBA,11/3/2025 0:20,30.02
SBA,11/3/2025 0:25,30.02
SBA,11/3/2025 0:30,30.02
SBA,11/3/2025 0:35,30.02
SBA,11/3/2025 0:40,30.03
SBA,11/3/2025 0:45,30.03
SBA,11/3/2025 0:50,30.03
SBA,11/3/2025 0:55,30.03
SBA,11/3/2025 1:00,30.03
SBA,11/3/2025 1:05,30.03
SBA,11/3/2025 1:10,30.03
SBA,11/3/2025 1:15,30.03
SBA,11/3/2025 1:20,30.03
SBA,11/3/2025 1:25,30.03
SBA,11/3/2025 1:30,30.02
SBA,11/3/2025 1:35,30.02
SBA,11/3/2025 1:40,30.02
SBA,11/3/2025 1:45,30.02
SBA,11/3/2025 1:50,30.02
SBA,11/3/2025 1:55,30.01
SBA,11/3/2025 2:00,30.02
SBA,11/3/2025 2:05,30.02
SBA,11/3/2025 2:10,30.02
SBA,11/3/2025 2:15,30.01
SBA,11/3/2025 2:20,30.01
SBA,11/3/2025 2:25,30.01
SBA,11/3/2025 2:30,30.01
SBA,11/3/2025 2:35,30.01
SBA,11/3/2025 2:40,30.02
SBA,11/3/2025 2:45,30.02
SBA,11/3/2025 2:50,30.02
SBA,11/3/2025 2:55,30.02
SBA,11/3/2025 3:00,30.02
SBA,11/3/2025 3:05,30.02
SBA,11/3/2025 3:10,30.02
SBA,11/3/2025 3:15,30.02
SBA,11/3/2025 3:20,30.02
SBA,11/3/2025 3:25,30.02
SBA,11/3/2025 3:30,30.02
SBA,11/3/2025 3:35,30.02
SBA,11/3/2025 3:40,30.02
SBA,11/3/2025 3:45,30.03
SBA,11/3/2025 3:50,30.03
SBA,11/3/2025 3:55,30.03
SBA,11/3/2025 4:00,30.03
SBA,11/3/2025 4:05,30.03
SBA,11/3/2025 4:10,30.03
SBA,11/3/2025 4:15,30.04
SBA,11/3/2025 4:20,30.04
SBA,11/3/2025 4:25,30.04
SBA,11/3/2025 4:30,30.04
SBA,11/3/2025 4:35,30.04
SBA,11/3/2025 4:40,30.04
SBA,11/3/2025 4:45,30.04
SBA,11/3/2025 4:50,30.04
SBA,11/3/2025 4:55,30.04
SBA,11/3/2025 5:00,30.04
SBA,11/3/2025 5:05,30.05
SBA,11/3/2025 5:10,30.05
SBA,11/3/2025 5:15,30.05
SBA,11/3/2025 5:20,30.05
SBA,11/3/2025 5:25,30.05
SBA,11/3/2025 5:30,30.05
SBA,11/3/2025 5:35,30.05
SBA,11/3/2025 5:40,30.05
SBA,11/3/2025 5:45,30.05
SBA,11/3/2025 5:50,30.05
SBA,11/3/2025 5:55,30.05
SBA,11/3/2025 6:00,30.05
SBA,11/3/2025 6:05,30.05
SBA,11/3/2025 6:10,30.05
SBA,11/3/2025 6:15,30.05
SBA,11/3/2025 6:20,30.05
SBA,11/3/2025 6:25,30.05
SBA,11/3/2025 6:30,30.06
SBA,11/3/2025 6:35,30.06
SBA,11/3/2025 6:40,30.06
SBA,11/3/2025 6:45,30.06
SBA,11/3/2025 6:50,30.06
SBA,11/3/2025 6:55,30.06
SBA,11/3/2025 7:00,30.06
SBA,11/3/2025 7:05,30.06
SBA,11/3/2025 7:10,30.06
SBA,11/3/2025 7:15,30.06
SBA,11/3/2025 7:20,30.06
SBA,11/3/2025 7:25,30.06
SBA,11/3/2025 7:30,30.06
SBA,11/3/2025 7:35,30.06
SBA,11/3/2025 7:40,30.06
SBA,11/3/2025 7:45,30.06
SBA,11/3/2025 7:50,30.07
SBA,11/3/2025 7:55,30.07
SBA,11/3/2025 8:00,30.07
SBA,11/3/2025 8:05,30.07
SBA,11/3/2025 8:10,30.07
SBA,11/3/2025 8:15,30.07
SBA,11/3/2025 8:20,30.07
SBA,11/3/2025 8:25,30.07
SBA,11/3/2025 8:30,30.07
SBA,11/3/2025 8:35,30.07
SBA,11/3/2025 8:40,30.07
SBA,11/3/2025 8:45,30.07
SBA,11/3/2025 8:50,30.07
SBA,11/3/2025 8:55,30.07
SBA,11/3/2025 9:00,30.07
SBA,11/3/2025 9:05,30.07
SBA,11/3/2025 9:10,30.07
SBA,11/3/2025 9:15,30.07
SBA,11/3/2025 9:20,30.07
SBA,11/3/2025 9:25,30.07
SBA,11/3/2025 9:30,30.07
SBA,11/3/2025 9:35,30.07
SBA,11/3/2025 9:40,30.07
SBA,11/3/2025 9:45,30.07
SBA,11/3/2025 9:50,30.07
SBA,11/3/2025 9:55,30.07
SBA,11/3/2025 10:00,30.08
SBA,11/3/2025 10:05,30.08
SBA,11/3/2025 10:10,30.08
SBA,11/3/2025 10:15,30.08
SBA,11/3/2025 10:20,30.08
SBA,11/3/2025 10:25,30.07
SBA,11/3/2025 10:30,30.07
SBA,11/3/2025 10:35,30.07
SBA,11/3/2025 10:40,30.07
SBA,11/3/2025 10:45,30.07
SBA,11/3/2025 10:50,30.07
SBA,11/3/2025 10:55,30.07
SBA,11/3/2025 11:00,30.07
SBA,11/3/2025 11:05,30.07
SBA,11/3/2025 11:10,30.07
SBA,11/3/2025 11:15,30.07
SBA,11/3/2025 11:20,30.07
SBA,11/3/2025 11:25,30.07
SBA,11/3/2025 11:30,30.07
SBA,11/3/2025 11:35,30.06
SBA,11/3/2025 11:40,30.06
SBA,11/3/2025 11:45,30.06
SBA,11/3/2025 11:50,30.06
SBA,11/3/2025 11:55,30.06
SBA,11/3/2025 12:00,30.05
SBA,11/3/2025 12:05,30.05
SBA,11/3/2025 12:10,30.05
SBA,11/3/2025 12:15,30.05
SBA,11/3/2025 12:20,30.05
SBA,11/3/2025 12:25,30.04
SBA,11/3/2025 12:30,30.04
SBA,11/3/2025 12:35,30.04
SBA,11/3/2025 12:40,30.04
SBA,11/3/2025 12:45,30.04
SBA,11/3/2025 12:50,30.04
SBA,11/3/2025 12:55,30.04
SBA,11/3/2025 13:00,30.04
SBA,11/3/2025 13:05,30.03
SBA,11/3/2025 13:10,30.03
SBA,11/3/2025 13:15,30.03
SBA,11/3/2025 13:20,30.03
SBA,11/3/2025 13:25,30.03
SBA,11/3/2025 13:30,30.03
SBA,11/3/2025 13:35,30.03
SBA,11/3/2025 13:40,30.03
SBA,11/3/2025 13:45,30.03
SBA,11/3/2025 13:50,30.03
SBA,11/3/2025 13:55,30.03
SBA,11/3/2025 14:00,30.03
SBA,11/3/2025 14:05,30.02
SBA,11/3/2025 14:10,30.02
SBA,11/3/2025 14:15,30.02
SBA,11/3/2025 14:20,30.02
SBA,11/3/2025 14:25,30.02
SBA,11/3/2025 14:30,30.02
SBA,11/3/2025 14:35,30.02
SBA,11/3/2025 14:40,30.02
SBA,11/3/2025 14:45,30.02
SBA,11/3/2025 14:50,30.02
SBA,11/3/2025 14:55,30.01
SBA,11/3/2025 15:00,30.01
SBA,11/3/2025 15:05,30.01
SBA,11/3/2025 15:10,30.01
SBA,11/3/2025 15:15,30.01
SBA,11/3/2025 15:20,30.01
SBA,11/3/2025 15:25,30.01
SBA,11/3/2025 15:30,30.01
SBA,11/3/2025 15:35,30.01
SBA,11/3/2025 15:40,30.01
SBA,11/3/2025 15:45,30.01
SBA,11/3/2025 15:50,30.01
SBA,11/3/2025 15:55,30.01
SBA,11/3/2025 16:00,30.01
SBA,11/3/2025 16:05,30.01
SBA,11/3/2025 16:10,30.01
SBA,11/3/2025 16:15,30.02
SBA,11/3/2025 16:20,30.02
SBA,11/3/2025 16:25,30.01
SBA,11/3/2025 16:30,30.02
SBA,11/3/2025 16:35,30.02
SBA,11/3/2025 16:40,30.02
SBA,11/3/2025 16:45,30.02
SBA,11/3/2025 16:50,30.02
SBA,11/3/2025 16:55,30.02
SBA,11/3/2025 17:00,30.02
SBA,11/3/2025 17:05,30.02
SBA,11/3/2025 17:10,30.02
SBA,11/3/2025 17:15,30.02
SBA,11/3/2025 17:20,30.02
SBA,11/3/2025 17:25,30.02
SBA,11/3/2025 17:30,30.02
SBA,11/3/2025 17:35,30.02
SBA,11/3/2025 17:40,30.02
SBA,11/3/2025 17:45,30.02
SBA,11/3/2025 17:50,30.02
SBA,11/3/2025 17:55,30.02
SBA,11/3/2025 18:00,30.03
SBA,11/3/2025 18:05,30.03
SBA,11/3/2025 18:10,30.03
SBA,11/3/2025 18:15,30.03
SBA,11/3/2025 18:20,30.03
SBA,11/3/2025 18:25,30.03
SBA,11/3/2025 18:30,30.03
SBA,11/3/2025 18:35,30.03
SBA,11/3/2025 18:40,30.03
SBA,11/3/2025 18:45,30.03
SBA,11/3/2025 18:50,30.03
SBA,11/3/2025 18:55,30.03
SBA,11/3/2025 19:00,30.02
SBA,11/3/2025 19:05,30.03
SBA,11/3/2025 19:10,30.02
SBA,11/3/2025 19:15,30.03
SBA,11/3/2025 19:20,30.03
SBA,11/3/2025 19:25,30.03
SBA,11/3/2025 19:30,30.03
SBA,11/3/2025 19:35,30.03
SBA,11/3/2025 19:40,30.04
SBA,11/3/2025 19:45,30.04
SBA,11/3/2025 19:50,30.04
SBA,11/3/2025 19:55,30.04
SBA,11/3/2025 20:00,30.04
SBA,11/3/2025 20:05,30.05
SBA,11/3/2025 20:10,30.05
SBA,11/3/2025 20:15,30.05
SBA,11/3/2025 20:20,30.05
SBA,11/3/2025 20:25,30.05
SBA,11/3/2025 20:30,30.05
SBA,11/3/2025 20:35,30.04
SBA,11/3/2025 20:40,30.05
SBA,11/3/2025 20:45,30.05
SBA,11/3/2025 20:50,30.05
SBA,11/3/2025 20:55,30.05
SBA,11/3/2025 21:00,30.05
SBA,11/3/2025 21:05,30.05
SBA,11/3/2025 21:10,30.05
SBA,11/3/2025 21:15,30.05
SBA,11/3/2025 21:20,30.05
SBA,11/3/2025 21:25,30.05
SBA,11/3/2025 21:30,30.05
SBA,11/3/2025 21:35,30.05
SBA,11/3/2025 21:40,30.06
SBA,11/3/2025 21:45,30.06
SBA,11/3/2025 21:50,30.06
SBA,11/3/2025 21:55,30.06
SBA,11/3/2025 22:00,30.06
SBA,11/3/2025 22:05,30.06
SBA,11/3/2025 22:10,30.06
SBA,11/3/2025 22:15,30.06
SBA,11/3/2025 22:20,30.06
SBA,11/3/2025 22:25,30.06
SBA,11/3/2025 22:30,30.06
SBA,11/3/2025 22:35,30.06
SBA,11/3/2025 22:40,30.06
SBA,11/3/2025 22:45,30.05
SBA,11/3/2025 22:50,30.06
SBA,11/3/2025 22:55,30.06
SBA,11/3/2025 23:00,30.06
SBA,11/3/2025 23:05,30.06
SBA,11/3/2025 23:10,30.06
SBA,11/3/2025 23:15,30.06
SBA,11/3/2025 23:20,30.06
SBA,11/3/2025 23:25,30.06
SBA,11/3/2025 23:30,30.06
SBA,11/3/2025 23:35,30.07
SBA,11/3/2025 23:40,30.07
SBA,11/3/2025 23:45,30.07
SBA,11/3/2025 23:50,30.07
SBA,11/3/2025 23:55,30.07
SBA,11/4/2025 0:00,30.07
SBA,11/4/2025 0:05,30.07
SBA,11/4/2025 0:10,30.07
SBA,11/4/2025 0:15,30.07
SBA,11/4/2025 0:20,30.07
SBA,11/4/2025 0:25,30.08
SBA,11/4/2025 0:30,30.07
SBA,11/4/2025 0:35,30.07
SBA,11/4/2025 0:40,30.08
SBA,11/4/2025 0:45,30.08
SBA,11/4/2025 0:50,30.07
SBA,11/4/2025 0:55,30.08
SBA,11/4/2025 1:00,30.08
SBA,11/4/2025 1:05,30.08
SBA,11/4/2025 1:10,30.08
SBA,11/4/2025 1:15,30.08
SBA,11/4/2025 1:20,30.08
SBA,11/4/2025 1:25,30.07
SBA,11/4/2025 1:30,30.07
SBA,11/4/2025 1:35,30.07
SBA,11/4/2025 1:40,30.08
SBA,11/4/2025 1:45,30.08
SBA,11/4/2025 1:50,30.08
SBA,11/4/2025 1:55,30.08
SBA,11/4/2025 2:00,30.08
SBA,11/4/2025 2:05,30.08
SBA,11/4/2025 2:10,30.08
SBA,11/4/2025 2:15,30.08
SBA,11/4/2025 2:20,30.08
SBA,11/4/2025 2:25,30.07
SBA,11/4/2025 2:30,30.07
SBA,11/4/2025 2:35,30.07
SBA,11/4/2025 2:40,30.07
SBA,11/4/2025 2:45,30.07
SBA,11/4/2025 2:50,30.07
SBA,11/4/2025 2:55,30.07
SBA,11/4/2025 3:00,30.07
SBA,11/4/2025 3:05,30.07
SBA,11/4/2025 3:10,30.07
SBA,11/4/2025 3:15,30.07
SBA,11/4/2025 3:20,30.07
SBA,11/4/2025 3:25,30.07
SBA,11/4/2025 3:30,30.07
SBA,11/4/2025 3:35,30.07
SBA,11/4/2025 3:40,30.07
SBA,11/4/2025 3:45,30.07
SBA,11/4/2025 3:50,30.06
SBA,11/4/2025 3:55,30.06
SBA,11/4/2025 4:00,30.06
SBA,11/4/2025 4:05,30.06
SBA,11/4/2025 4:10,30.06
SBA,11/4/2025 4:15,30.07
SBA,11/4/2025 4:20,30.07
SBA,11/4/2025 4:25,30.07
SBA,11/4/2025 4:30,30.07
SBA,11/4/2025 4:35,30.07
SBA,11/4/2025 4:40,30.07
SBA,11/4/2025 4:45,30.08
SBA,11/4/2025 4:50,30.08
SBA,11/4/2025 4:55,30.08
SBA,11/4/2025 5:00,30.08
SBA,11/4/2025 5:05,30.08
SBA,11/4/2025 5:10,30.08
SBA,11/4/2025 5:15,30.08
SBA,11/4/2025 5:20,30.08
SBA,11/4/2025 5:25,30.08
SBA,11/4/2025 5:30,30.08
SBA,11/4/2025 5:35,30.08
SBA,11/4/2025 5:40,30.08
SBA,11/4/2025 5:45,30.08
SBA,11/4/2025 5:50,30.08
SBA,11/4/2025 5:55,30.08
SBA,11/4/2025 6:00,30.08
SBA,11/4/2025 6:05,30.08
SBA,11/4/2025 6:10,30.08
SBA,11/4/2025 6:15,30.08
SBA,11/4/2025 6:20,30.08
SBA,11/4/2025 6:25,30.08
SBA,11/4/2025 6:30,30.08
SBA,11/4/2025 6:35,30.09
SBA,11/4/2025 6:40,30.09
SBA,11/4/2025 6:45,30.09
SBA,11/4/2025 6:50,30.09
SBA,11/4/2025 6:55,30.09
SBA,11/4/2025 7:00,30.09
SBA,11/4/2025 7:05,30.09
SBA,11/4/2025 7:10,30.09
SBA,11/4/2025 7:15,30.1
SBA,11/4/2025 7:20,30.1
SBA,11/4/2025 7:25,30.1
SBA,11/4/2025 7:30,30.1
SBA,11/4/2025 7:35,30.1
SBA,11/4/2025 7:40,30.1
SBA,11/4/2025 7:45,30.1
SBA,11/4/2025 7:50,30.11
SBA,11/4/2025 7:55,30.11
SBA,11/4/2025 8:00,30.11
SBA,11/4/2025 8:05,30.11
SBA,11/4/2025 8:10,30.11
SBA,11/4/2025 8:15,30.11
SBA,11/4/2025 8:20,30.11
SBA,11/4/2025 8:25,30.11
SBA,11/4/2025 8:30,30.11
SBA,11/4/2025 8:35,30.11
SBA,11/4/2025 8:40,30.11
SBA,11/4/2025 8:45,30.11
SBA,11/4/2025 8:50,30.11
SBA,11/4/2025 8:55,30.11
SBA,11/4/2025 9:00,30.11
SBA,11/4/2025 9:05,30.11
SBA,11/4/2025 9:10,30.12
SBA,11/4/2025 9:15,30.11
SBA,11/4/2025 9:20,30.11
SBA,11/4/2025 9:25,30.11
SBA,11/4/2025 9:30,30.11
SBA,11/4/2025 9:35,30.11
SBA,11/4/2025 9:40,30.11
SBA,11/4/2025 9:45,30.11
SBA,11/4/2025 9:50,30.11
SBA,11/4/2025 9:55,30.12
SBA,11/4/2025 10:00,30.11
SBA,11/4/2025 10:05,30.11
SBA,11/4/2025 10:10,30.11
SBA,11/4/2025 10:15,30.11
SBA,11/4/2025 10:20,30.11
SBA,11/4/2025 10:25,30.11
SBA,11/4/2025 10:30,30.11
SBA,11/4/2025 10:35,30.11
SBA,11/4/2025 10:40,30.11
SBA,11/4/2025 10:45,30.12
SBA,11/4/2025 10:50,30.12
SBA,11/4/2025 10:55,30.12
SBA,11/4/2025 11:00,30.12
SBA,11/4/2025 11:05,30.12
SBA,11/4/2025 11:10,30.12
SBA,11/4/2025 11:15,30.12
SBA,11/4/2025 11:20,30.12
SBA,11/4/2025 11:25,30.11
SBA,11/4/2025 11:30,30.11
SBA,11/4/2025 11:35,30.11
SBA,11/4/2025 11:40,30.11
SBA,11/4/2025 11:45,30.11
SBA,11/4/2025 11:50,30.11
SBA,11/4/2025 11:55,30.11
SBA,11/4/2025 12:00,30.11
SBA,11/4/2025 12:05,30.11
SBA,11/4/2025 12:10,30.1
SBA,11/4/2025 12:15,30.1
SBA,11/4/2025 12:20,30.1
SBA,11/4/2025 12:25,30.09
SBA,11/4/2025 12:30,30.09
SBA,11/4/2025 12:35,30.09
SBA,11/4/2025 12:40,30.09
SBA,11/4/2025 12:45,30.09
SBA,11/4/2025 12:50,30.09
SBA,11/4/2025 12:55,30.08
SBA,11/4/2025 13:00,30.08
SBA,11/4/2025 13:05,30.08
SBA,11/4/2025 13:10,30.08
SBA,11/4/2025 13:15,30.08
SBA,11/4/2025 13:20,30.08
SBA,11/4/2025 13:25,30.07
SBA,11/4/2025 13:30,30.07
SBA,11/4/2025 13:35,30.07
SBA,11/4/2025 13:40,30.07
SBA,11/4/2025 13:45,30.07
SBA,11/4/2025 13:50,30.07
SBA,11/4/2025 13:55,30.07
SBA,11/4/2025 14:00,30.07
SBA,11/4/2025 14:05,30.07
SBA,11/4/2025 14:10,30.07
SBA,11/4/2025 14:15,30.07
SBA,11/4/2025 14:20,30.06
SBA,11/4/2025 14:25,30.06
SBA,11/4/2025 14:30,30.06
SBA,11/4/2025 14:35,30.06
SBA,11/4/2025 14:40,30.06
SBA,11/4/2025 14:45,30.06
SBA,11/4/2025 14:50,30.06
SBA,11/4/2025 14:55,30.06
SBA,11/4/2025 15:00,30.06
SBA,11/4/2025 15:05,30.06
SBA,11/4/2025 15:10,30.06
SBA,11/4/2025 15:15,30.06
SBA,11/4/2025 15:20,30.06
SBA,11/4/2025 15:25,30.06
SBA,11/4/2025 15:30,30.06
SBA,11/4/2025 15:35,30.06
SBA,11/4/2025 15:40,30.05
SBA,11/4/2025 15:45,30.05
SBA,11/4/2025 15:50,30.05
SBA,11/4/2025 15:55,30.05
SBA,11/4/2025 16:00,30.06
SBA,11/4/2025 16:05,30.06
SBA,11/4/2025 16:10,30.06
SBA,11/4/2025 16:15,30.06
SBA,11/4/2025 16:20,30.05
SBA,11/4/2025 16:25,30.05
SBA,11/4/2025 16:30,30.05
SBA,11/4/2025 16:35,30.05
SBA,11/4/2025 16:40,30.05
SBA,11/4/2025 16:45,30.05
SBA,11/4/2025 16:50,30.05
SBA,11/4/2025 16:55,30.05
SBA,11/4/2025 17:00,30.05
SBA,11/4/2025 17:05,30.05
SBA,11/4/2025 17:10,30.05
SBA,11/4/2025 17:15,30.05
SBA,11/4/2025 17:20,30.05
SBA,11/4/2025 17:25,30.05
SBA,11/4/2025 17:30,30.05
SBA,11/4/2025 17:35,30.05
SBA,11/4/2025 17:40,30.05
SBA,11/4/2025 17:45,30.05
SBA,11/4/2025 17:50,30.05
SBA,11/4/2025 17:55,30.05
SBA,11/4/2025 18:00,30.05
SBA,11/4/2025 18:05,30.05
SBA,11/4/2025 18:10,30.06
SBA,11/4/2025 18:15,30.06
SBA,11/4/2025 18:20,30.06
SBA,11/4/2025 18:25,30.06
SBA,11/4/2025 18:30,30.06
SBA,11/4/2025 18:35,30.06
SBA,11/4/2025 18:40,30.06
SBA,11/4/2025 18:45,30.06
SBA,11/4/2025 18:50,30.06
SBA,11/4/2025 18:55,30.06
SBA,11/4/2025 19:00,30.06
SBA,11/4/2025 19:05,30.06
SBA,11/4/2025 19:10,30.06
SBA,11/4/2025 19:15,30.06
SBA,11/4/2025 19:20,30.06
SBA,11/4/2025 19:25,30.06
SBA,11/4/2025 19:30,30.07
SBA,11/4/2025 19:35,30.07
SBA,11/4/2025 19:40,30.07
SBA,11/4/2025 19:45,30.07
SBA,11/4/2025 19:50,30.07
SBA,11/4/2025 19:55,30.07
SBA,11/4/2025 20:00,30.08
SBA,11/4/2025 20:05,30.08
SBA,11/4/2025 20:10,30.09
SBA,11/4/2025 20:15,30.09
SBA,11/4/2025 20:20,30.1
SBA,11/4/2025 20:25,30.1
SBA,11/4/2025 20:30,30.1
SBA,11/4/2025 20:35,30.1
SBA,11/4/2025 20:40,30.1
SBA,11/4/2025 20:45,30.1
SBA,11/4/2025 20:50,30.1
SBA,11/4/2025 20:55,30.11
SBA,11/4/2025 21:00,30.11
SBA,11/4/2025 21:05,30.11
SBA,11/4/2025 21:10,30.11
SBA,11/4/2025 21:15,30.11
SBA,11/4/2025 21:20,30.11
SBA,11/4/2025 21:25,30.11
SBA,11/4/2025 21:30,30.11
SBA,11/4/2025 21:35,30.11
SBA,11/4/2025 21:40,30.11
SBA,11/4/2025 21:45,30.12
SBA,11/4/2025 21:50,30.12
SBA,11/4/2025 21:55,30.12
SBA,11/4/2025 22:00,30.12
SBA,11/4/2025 22:05,30.12
SBA,11/4/2025 22:10,30.12
SBA,11/4/2025 22:15,30.12
SBA,11/4/2025 22:20,30.11
SBA,11/4/2025 22:25,30.12
SBA,11/4/2025 22:30,30.12
SBA,11/4/2025 22:35,30.12
SBA,11/4/2025 22:40,30.12
SBA,11/4/2025 22:45,30.12
SBA,11/4/2025 22:50,30.11
SBA,11/4/2025 22:55,30.11
SBA,11/4/2025 23:00,30.1
SBA,11/4/2025 23:05,30.1
SBA,11/4/2025 23:10,30.1
SBA,11/4/2025 23:15,30.1
SBA,11/4/2025 23:20,30.1
SBA,11/4/2025 23:25,30.1
SBA,11/4/2025 23:30,30.1
SBA,11/4/2025 23:35,30.1
SBA,11/4/2025 23:40,30.11
SBA,11/4/2025 23:45,30.11
SBA,11/4/2025 23:50,30.11
SBA,11/4/2025 23:55,30.12
SBA,11/5/2025 0:00,30.12
SBA,11/5/2025 0:05,30.12
SBA,11/5/2025 0:10,30.12
SBA,11/5/2025 0:15,30.13
SBA,11/5/2025 0:20,30.13
SBA,11/5/2025 0:25,30.13
SBA,11/5/2025 0:30,30.13
SBA,11/5/2025 0:35,30.13
SBA,11/5/2025 0:40,30.12
SBA,11/5/2025 0:45,30.13
SBA,11/5/2025 0:50,30.12
SBA,11/5/2025 0:55,30.12
SBA,11/5/2025 1:00,30.12
SBA,11/5/2025 1:05,30.12
SBA,11/5/2025 1:10,30.12
SBA,11/5/2025 1:15,30.13
SBA,11/5/2025 1:20,30.13
SBA,11/5/2025 1:25,30.13
SBA,11/5/2025 1:30,30.13
SBA,11/5/2025 1:35,30.13
SBA,11/5/2025 1:40,30.12
SBA,11/5/2025 1:45,30.12
SBA,11/5/2025 1:50,30.12
SBA,11/5/2025 1:55,30.12
SBA,11/5/2025 2:00,30.11
SBA,11/5/2025 2:05,30.12
SBA,11/5/2025 2:10,30.12
SBA,11/5/2025 2:15,30.11
SBA,11/5/2025 2:20,30.11
SBA,11/5/2025 2:25,30.11
SBA,11/5/2025 2:30,30.12
SBA,11/5/2025 2:35,30.12
SBA,11/5/2025 2:40,30.13
SBA,11/5/2025 2:45,30.12
SBA,11/5/2025 2:50,30.13
SBA,11/5/2025 2:55,30.14
SBA,11/5/2025 3:00,30.14
SBA,11/5/2025 3:05,30.14
SBA,11/5/2025 3:10,30.14
SBA,11/5/2025 3:15,30.14
SBA,11/5/2025 3:20,30.15
SBA,11/5/2025 3:25,30.15
SBA,11/5/2025 3:30,30.15
SBA,11/5/2025 3:35,30.16
SBA,11/5/2025 3:40,30.16
SBA,11/5/2025 3:45,30.16
SBA,11/5/2025 3:50,30.16
SBA,11/5/2025 3:55,30.15
SBA,11/5/2025 4:00,30.15
SBA,11/5/2025 4:05,30.15
SBA,11/5/2025 4:10,30.15
SBA,11/5/2025 4:15,30.16
SBA,11/5/2025 4:20,30.16
SBA,11/5/2025 4:25,30.17
SBA,11/5/2025 4:30,30.17
SBA,11/5/2025 4:35,30.17
SBA,11/5/2025 4:40,30.17
SBA,11/5/2025 4:45,30.17
SBA,11/5/2025 4:50,30.17
SBA,11/5/2025 4:55,30.16
SBA,11/5/2025 5:00,30.16
SBA,11/5/2025 5:05,30.16
SBA,11/5/2025 5:10,30.16
SBA,11/5/2025 5:15,30.16
SBA,11/5/2025 5:20,30.16
SBA,11/5/2025 5:25,30.15
SBA,11/5/2025 5:30,30.15
SBA,11/5/2025 5:35,30.15
SBA,11/5/2025 5:40,30.15
SBA,11/5/2025 5:45,30.15
SBA,11/5/2025 5:50,30.15
SBA,11/5/2025 5:55,30.15
SBA,11/5/2025 6:00,30.15
SBA,11/5/2025 6:05,30.15
SBA,11/5/2025 6:10,30.16
SBA,11/5/2025 6:15,30.15
SBA,11/5/2025 6:20,30.16
SBA,11/5/2025 6:25,30.16
SBA,11/5/2025 6:30,30.16
SBA,11/5/2025 6:35,30.16
SBA,11/5/2025 6:40,30.17
SBA,11/5/2025 6:45,30.17
SBA,11/5/2025 6:50,30.17
SBA,11/5/2025 6:55,30.18
SBA,11/5/2025 7:00,30.18
SBA,11/5/2025 7:05,30.19
SBA,11/5/2025 7:10,30.19
SBA,11/5/2025 7:15,30.19
SBA,11/5/2025 7:20,30.19
SBA,11/5/2025 7:25,30.19
SBA,11/5/2025 7:30,30.19
SBA,11/5/2025 7:35,30.19
SBA,11/5/2025 7:40,30.19
SBA,11/5/2025 7:45,30.19
SBA,11/5/2025 7:50,30.19
SBA,11/5/2025 7:55,30.2
SBA,11/5/2025 8:00,30.2
SBA,11/5/2025 8:05,30.2
SBA,11/5/2025 8:10,30.2
SBA,11/5/2025 8:15,30.21
SBA,11/5/2025 8:20,30.21
SBA,11/5/2025 8:25,30.21
SBA,11/5/2025 8:30,30.21
SBA,11/5/2025 8:35,30.21
SBA,11/5/2025 8:40,30.22
SBA,11/5/2025 8:45,30.22
SBA,11/5/2025 8:50,30.22
SBA,11/5/2025 8:55,30.23
SBA,11/5/2025 9:00,30.23
SBA,11/5/2025 9:05,30.23
SBA,11/5/2025 9:10,30.24
SBA,11/5/2025 9:15,30.24
SBA,11/5/2025 9:20,30.24
SBA,11/5/2025 9:25,30.24
SBA,11/5/2025 9:30,30.24
SBA,11/5/2025 9:35,30.24
SBA,11/5/2025 9:40,30.24
SBA,11/5/2025 9:45,30.24
SBA,11/5/2025 9:50,30.23
SBA,11/5/2025 9:55,30.23
SBA,11/5/2025 10:00,30.24
SBA,11/5/2025 10:05,30.24
SBA,11/5/2025 10:10,30.24
SBA,11/5/2025 10:15,30.24
SBA,11/5/2025 10:20,30.24
SBA,11/5/2025 10:25,30.23
SBA,11/5/2025 10:30,30.23
SBA,11/5/2025 10:40,30.24
SBA,11/5/2025 10:45,30.24
SBA,11/5/2025 10:50,30.24
SBA,11/5/2025 10:55,30.24
SBA,11/5/2025 11:00,30.24
SBA,11/5/2025 11:05,30.24
SBA,11/5/2025 11:10,30.24
SBA,11/5/2025 11:15,30.23
SBA,11/5/2025 11:20,30.23
SBA,11/5/2025 11:25,30.22
SBA,11/5/2025 11:30,30.22
SBA,11/5/2025 11:35,30.22
SBA,11/5/2025 11:40,30.22
SBA,11/5/2025 11:45,30.22
SBA,11/5/2025 11:50,30.22
SBA,11/5/2025 11:55,30.22
SBA,11/5/2025 12:00,30.21
SBA,11/5/2025 12:05,30.21
SBA,11/5/2025 12:10,30.21
SBA,11/5/2025 12:15,30.21
SBA,11/5/2025 12:20,30.2
SBA,11/5/2025 12:25,30.2
SBA,11/5/2025 12:30,30.2
SBA,11/5/2025 12:35,30.19
SBA,11/5/2025 12:40,30.19
SBA,11/5/2025 12:45,30.19
SBA,11/5/2025 12:50,30.18
SBA,11/5/2025 12:55,30.18
SBA,11/5/2025 13:00,30.18
SBA,11/5/2025 13:05,30.18
SBA,11/5/2025 13:10,30.18
SBA,11/5/2025 13:15,30.18
SBA,11/5/2025 13:20,30.18
SBA,11/5/2025 13:25,30.17
SBA,11/5/2025 13:30,30.17
SBA,11/5/2025 13:35,30.17
SBA,11/5/2025 13:40,30.17
SBA,11/5/2025 13:45,30.17
SBA,11/5/2025 13:50,30.17
SBA,11/5/2025 13:55,30.17
SBA,11/5/2025 14:00,30.17
SBA,11/5/2025 14:05,30.17
SBA,11/5/2025 14:10,30.17
SBA,11/5/2025 14:15,30.17
SBA,11/5/2025 14:20,30.17
SBA,11/5/2025 14:25,30.17
SBA,11/5/2025 14:30,30.17
SBA,11/5/2025 14:35,30.17
SBA,11/5/2025 14:40,30.17
SBA,11/5/2025 14:45,30.17
SBA,11/5/2025 14:50,30.17
SBA,11/5/2025 14:55,30.16
SBA,11/5/2025 15:00,30.16
SBA,11/5/2025 15:05,30.16
SBA,11/5/2025 15:10,30.16
SBA,11/5/2025 15:15,30.16
SBA,11/5/2025 15:20,30.16
SBA,11/5/2025 15:25,30.16
SBA,11/5/2025 15:30,30.16
SBA,11/5/2025 15:35,30.16
SBA,11/5/2025 15:40,30.16
SBA,11/5/2025 15:45,30.16
SBA,11/5/2025 15:50,30.15
SBA,11/5/2025 15:55,30.15
SBA,11/5/2025 16:00,30.16
SBA,11/5/2025 16:05,30.16
SBA,11/5/2025 16:10,30.16
SBA,11/5/2025 16:15,30.16
SBA,11/5/2025 16:20,30.16
SBA,11/5/2025 16:25,30.16
SBA,11/5/2025 16:30,30.17
SBA,11/5/2025 16:35,30.17
SBA,11/5/2025 16:40,30.17
SBA,11/5/2025 16:45,30.17
SBA,11/5/2025 16:50,30.17
SBA,11/5/2025 16:55,30.17
SBA,11/5/2025 17:00,30.17
SBA,11/5/2025 17:05,30.17
SBA,11/5/2025 17:10,30.17
SBA,11/5/2025 17:15,30.17
SBA,11/5/2025 17:20,30.17
SBA,11/5/2025 17:25,30.17
SBA,11/5/2025 17:30,30.17
SBA,11/5/2025 17:35,30.17
SBA,11/5/2025 17:40,30.17
SBA,11/5/2025 17:45,30.17
SBA,11/5/2025 17:50,30.18
SBA,11/5/2025 17:55,30.18
SBA,11/5/2025 18:00,30.18
SBA,11/5/2025 18:05,30.18
SBA,11/5/2025 18:10,30.18
SBA,11/5/2025 18:15,30.18
SBA,11/5/2025 18:20,30.18
SBA,11/5/2025 18:25,30.19
SBA,11/5/2025 18:30,30.18
SBA,11/5/2025 18:35,30.18
SBA,11/5/2025 18:40,30.18
SBA,11/5/2025 18:45,30.18
SBA,11/5/2025 18:50,30.18
SBA,11/5/2025 18:55,30.18
SBA,11/5/2025 19:00,30.18
SBA,11/5/2025 19:05,30.18
SBA,11/5/2025 19:10,30.18
SBA,11/5/2025 19:15,30.18
SBA,11/5/2025 19:20,30.17
SBA,11/5/2025 19:25,30.18
SBA,11/5/2025 19:30,30.18
SBA,11/5/2025 19:35,30.18
SBA,11/5/2025 19:40,30.18
SBA,11/5/2025 19:45,30.18
SBA,11/5/2025 19:50,30.18
SBA,11/5/2025 19:55,30.18
SBA,11/5/2025 20:00,30.18
SBA,11/5/2025 20:05,30.19
SBA,11/5/2025 20:10,30.19
SBA,11/5/2025 20:15,30.19
SBA,11/5/2025 20:20,30.19
SBA,11/5/2025 20:25,30.19
SBA,11/5/2025 20:30,30.19
SBA,11/5/2025 20:35,30.19
SBA,11/5/2025 20:40,30.19
SBA,11/5/2025 20:45,30.19
SBA,11/5/2025 20:50,30.19
SBA,11/5/2025 20:55,30.19
SBA,11/5/2025 21:00,30.19
SBA,11/5/2025 21:05,30.19
SBA,11/5/2025 21:10,30.19
SBA,11/5/2025 21:15,30.19
SBA,11/5/2025 21:20,30.19
SBA,11/5/2025 21:25,30.19
SBA,11/5/2025 21:30,30.19
SBA,11/5/2025 21:35,30.19
SBA,11/5/2025 21:40,30.19
SBA,11/5/2025 21:45,30.19
SBA,11/5/2025 21:50,30.19
SBA,11/5/2025 21:55,30.19
SBA,11/5/2025 22:00,30.19
SBA,11/5/2025 22:05,30.19
SBA,11/5/2025 22:10,30.19
SBA,11/5/2025 22:15,30.19
SBA,11/5/2025 22:20,30.19
SBA,11/5/2025 22:25,30.19
SBA,11/5/2025 22:30,30.19
SBA,11/5/2025 22:35,30.19
SBA,11/5/2025 22:40,30.19
SBA,11/5/2025 22:45,30.19
SBA,11/5/2025 22:50,30.19
SBA,11/5/2025 22:55,30.19
SBA,11/5/2025 23:00,30.19
SBA,11/5/2025 23:05,30.19
SBA,11/5/2025 23:10,30.19
SBA,11/5/2025 23:15,30.18
SBA,11/5/2025 23:20,30.18
SBA,11/5/2025 23:25,30.18
SBA,11/5/2025 23:30,30.18
SBA,11/5/2025 23:35,30.18
SBA,11/5/2025 23:40,30.18
SBA,11/5/2025 23:45,30.18
SBA,11/5/2025 23:50,30.18
SBA,11/5/2025 23:55,30.18
SBA,11/6/2025 0:00,30.18
SBA,11/6/2025 0:05,30.18
SBA,11/6/2025 0:10,30.18
SBA,11/6/2025 0:15,30.18
SBA,11/6/2025 0:20,30.17
SBA,11/6/2025 0:25,30.17
SBA,11/6/2025 0:30,30.17
SBA,11/6/2025 0:35,30.17
SBA,11/6/2025 0:40,30.17
SBA,11/6/2025 0:45,30.17
SBA,11/6/2025 0:50,30.17
SBA,11/6/2025 0:55,30.17
SBA,11/6/2025 1:00,30.17
SBA,11/6/2025 1:05,30.17
SBA,11/6/2025 1:10,30.16
SBA,11/6/2025 1:15,30.16
SBA,11/6/2025 1:20,30.16
SBA,11/6/2025 1:25,30.16
SBA,11/6/2025 1:30,30.16
SBA,11/6/2025 1:35,30.15
SBA,11/6/2025 1:40,30.15
SBA,11/6/2025 1:45,30.15
SBA,11/6/2025 1:50,30.15
SBA,11/6/2025 1:55,30.15
SBA,11/6/2025 2:00,30.15
SBA,11/6/2025 2:05,30.15
SBA,11/6/2025 2:10,30.15
SBA,11/6/2025 2:15,30.14
SBA,11/6/2025 2:20,30.14
SBA,11/6/2025 2:25,30.14
SBA,11/6/2025 2:30,30.14
SBA,11/6/2025 2:35,30.14
SBA,11/6/2025 2:40,30.14
SBA,11/6/2025 2:45,30.14
SBA,11/6/2025 2:50,30.14
SBA,11/6/2025 2:55,30.14
SBA,11/6/2025 3:00,30.14
SBA,11/6/2025 3:05,30.14
SBA,11/6/2025 3:10,30.14
SBA,11/6/2025 3:15,30.14
SBA,11/6/2025 3:20,30.14
SBA,11/6/2025 3:25,30.13
SBA,11/6/2025 3:30,30.13
SBA,11/6/2025 3:35,30.13
SBA,11/6/2025 3:40,30.13
SBA,11/6/2025 3:45,30.13
SBA,11/6/2025 3:50,30.13
SBA,11/6/2025 3:55,30.13
SBA,11/6/2025 4:00,30.13
SBA,11/6/2025 4:05,30.13
SBA,11/6/2025 4:10,30.12
SBA,11/6/2025 4:15,30.12
SBA,11/6/2025 4:20,30.12
SBA,11/6/2025 4:25,30.12
SBA,11/6/2025 4:30,30.12
SBA,11/6/2025 4:35,30.11
SBA,11/6/2025 4:40,30.11
SBA,11/6/2025 4:45,30.11
SBA,11/6/2025 4:50,30.11
SBA,11/6/2025 4:55,30.11
SBA,11/6/2025 5:00,30.11
SBA,11/6/2025 5:05,30.11
SBA,11/6/2025 5:10,30.11
SBA,11/6/2025 5:15,30.11
SBA,11/6/2025 5:20,30.11
SBA,11/6/2025 5:25,30.11
SBA,11/6/2025 5:30,30.11
SBA,11/6/2025 5:35,30.11
SBA,11/6/2025 5:40,30.11
SBA,11/6/2025 5:45,30.11
SBA,11/6/2025 5:50,30.11
SBA,11/6/2025 5:55,30.11
SBA,11/6/2025 6:00,30.11
SBA,11/6/2025 6:05,30.11
SBA,11/6/2025 6:10,30.12
SBA,11/6/2025 6:15,30.12
SBA,11/6/2025 6:20,30.12
SBA,11/6/2025 6:25,30.12
SBA,11/6/2025 6:30,30.12
SBA,11/6/2025 6:35,30.12
SBA,11/6/2025 6:40,30.12
SBA,11/6/2025 6:45,30.12
SBA,11/6/2025 6:50,30.12
SBA,11/6/2025 6:55,30.12
SBA,11/6/2025 7:00,30.13
SBA,11/6/2025 7:05,30.13
SBA,11/6/2025 7:10,30.13
SBA,11/6/2025 7:15,30.13
SBA,11/6/2025 7:20,30.13
SBA,11/6/2025 7:25,30.13
SBA,11/6/2025 7:30,30.13
SBA,11/6/2025 7:35,30.13
SBA,11/6/2025 7:40,30.13
SBA,11/6/2025 7:45,30.14
SBA,11/6/2025 7:50,30.14
SBA,11/6/2025 7:55,30.14
SBA,11/6/2025 8:00,30.14
SBA,11/6/2025 8:05,30.14
SBA,11/6/2025 8:10,30.14
SBA,11/6/2025 8:15,30.14
SBA,11/6/2025 8:20,30.14
SBA,11/6/2025 8:25,30.14
SBA,11/6/2025 8:30,30.14
SBA,11/6/2025 8:35,30.14
SBA,11/6/2025 8:40,30.14
SBA,11/6/2025 8:45,30.14
SBA,11/6/2025 8:50,30.14
SBA,11/6/2025 8:55,30.14
SBA,11/6/2025 9:00,30.14
SBA,11/6/2025 9:05,30.13
SBA,11/6/2025 9:10,30.13
SBA,11/6/2025 9:15,30.13
SBA,11/6/2025 9:20,30.14
SBA,11/6/2025 9:25,30.14
SBA,11/6/2025 9:30,30.13
SBA,11/6/2025 9:35,30.13
SBA,11/6/2025 9:40,30.13
SBA,11/6/2025 9:45,30.13
SBA,11/6/2025 9:50,30.13
SBA,11/6/2025 9:55,30.13
SBA,11/6/2025 10:00,30.13
SBA,11/6/2025 10:05,30.13
SBA,11/6/2025 10:10,30.13
SBA,11/6/2025 10:15,30.13
SBA,11/6/2025 10:20,30.13
SBA,11/6/2025 10:25,30.12
SBA,11/6/2025 10:30,30.12
SBA,11/6/2025 10:35,30.12
SBA,11/6/2025 10:40,30.12
SBA,11/6/2025 10:45,30.12
SBA,11/6/2025 10:50,30.12
SBA,11/6/2025 10:55,30.12
SBA,11/6/2025 11:00,30.12
SBA,11/6/2025 11:05,30.12
SBA,11/6/2025 11:10,30.11
SBA,11/6/2025 11:15,30.11
SBA,11/6/2025 11:20,30.11
SBA,11/6/2025 11:25,30.11
SBA,11/6/2025 11:30,30.11
SBA,11/6/2025 11:35,30.11
SBA,11/6/2025 11:40,30.1
SBA,11/6/2025 11:45,30.1
SBA,11/6/2025 11:50,30.09
SBA,11/6/2025 11:55,30.09
SBA,11/6/2025 12:00,30.09
SBA,11/6/2025 12:05,30.09
SBA,11/6/2025 12:10,30.08
SBA,11/6/2025 12:15,30.08
SBA,11/6/2025 12:20,30.08
SBA,11/6/2025 12:25,30.08
SBA,11/6/2025 12:30,30.08
SBA,11/6/2025 12:35,30.08
SBA,11/6/2025 12:40,30.07
SBA,11/6/2025 12:45,30.07
SBA,11/6/2025 12:50,30.07
SBA,11/6/2025 12:55,30.07
SBA,11/6/2025 13:00,30.07
SBA,11/6/2025 13:05,30.07
SBA,11/6/2025 13:10,30.06
SBA,11/6/2025 13:15,30.06
SBA,11/6/2025 13:20,30.06
SBA,11/6/2025 13:25,30.06
SBA,11/6/2025 13:30,30.05
SBA,11/6/2025 13:35,30.05
SBA,11/6/2025 13:40,30.05
SBA,11/6/2025 13:45,30.05
SBA,11/6/2025 13:50,30.05
SBA,11/6/2025 13:55,30.04
SBA,11/6/2025 14:00,30.04
SBA,11/6/2025 14:05,30.04
SBA,11/6/2025 14:10,30.04
SBA,11/6/2025 14:15,30.04
SBA,11/6/2025 14:20,30.04
SBA,11/6/2025 14:25,30.03
SBA,11/6/2025 14:30,30.03
SBA,11/6/2025 14:35,30.03
SBA,11/6/2025 14:40,30.03
SBA,11/6/2025 14:45,30.03
SBA,11/6/2025 14:50,30.03
SBA,11/6/2025 14:55,30.03
SBA,11/6/2025 15:00,30.03
SBA,11/6/2025 15:05,30.02
SBA,11/6/2025 15:10,30.02
SBA,11/6/2025 15:15,30.02
SBA,11/6/2025 15:20,30.02
SBA,11/6/2025 15:25,30.02
SBA,11/6/2025 15:30,30.02
SBA,11/6/2025 15:35,30.02
SBA,11/6/2025 15:40,30.01
SBA,11/6/2025 15:45,30.01
SBA,11/6/2025 15:50,30.01
SBA,11/6/2025 15:55,30.01
SBA,11/6/2025 16:00,30.01
SBA,11/6/2025 16:05,30.01
SBA,11/6/2025 16:10,30.01
SBA,11/6/2025 16:15,30.01
SBA,11/6/2025 16:20,30.01
SBA,11/6/2025 16:25,30.01
SBA,11/6/2025 16:30,30.01
SBA,11/6/2025 16:35,30.01
SBA,11/6/2025 16:40,30.01
SBA,11/6/2025 16:45,30.01
SBA,11/6/2025 16:50,30.01
SBA,11/6/2025 16:55,30.01
SBA,11/6/2025 17:00,30.01
SBA,11/6/2025 17:05,30.01
SBA,11/6/2025 17:10,30
SBA,11/6/2025 17:15,30
SBA,11/6/2025 17:20,30.01
SBA,11/6/2025 17:25,30
SBA,11/6/2025 17:30,30
SBA,11/6/2025 17:35,30
SBA,11/6/2025 17:40,30
SBA,11/6/2025 17:45,30
SBA,11/6/2025 17:50,30
SBA,11/6/2025 17:55,30
SBA,11/6/2025 18:00,30
SBA,11/6/2025 18:05,30.01
SBA,11/6/2025 18:10,30.01
SBA,11/6/2025 18:15,30
SBA,11/6/2025 18:20,30
SBA,11/6/2025 18:25,30
SBA,11/6/2025 18:30,30
SBA,11/6/2025 18:35,30
SBA,11/6/2025 18:40,30
SBA,11/6/2025 18:45,30
SBA,11/6/2025 18:50,30
SBA,11/6/2025 18:55,30
SBA,11/6/2025 19:00,30
SBA,11/6/2025 19:05,30
SBA,11/6/2025 19:10,30
SBA,11/6/2025 19:15,30
SBA,11/6/2025 19:20,30
SBA,11/6/2025 19:25,30
SBA,11/6/2025 19:30,30
SBA,11/6/2025 19:35,30
SBA,11/6/2025 19:40,30
SBA,11/6/2025 19:45,30
SBA,11/6/2025 19:50,30
SBA,11/6/2025 19:55,30
SBA,11/6/2025 20:00,30
SBA,11/6/2025 20:05,30
SBA,11/6/2025 20:10,30
SBA,11/6/2025 20:15,30
SBA,11/6/2025 20:20,30
SBA,11/6/2025 20:25,30
SBA,11/6/2025 20:30,30
SBA,11/6/2025 20:35,30
SBA,11/6/2025 20:40,30
SBA,11/6/2025 20:45,30
SBA,11/6/2025 20:50,30.01
SBA,11/6/2025 20:55,30.01
SBA,11/6/2025 21:00,30
SBA,11/6/2025 21:05,30.01
SBA,11/6/2025 21:10,30.01
SBA,11/6/2025 21:15,30.01
SBA,11/6/2025 21:20,30.01
SBA,11/6/2025 21:25,30.01
SBA,11/6/2025 21:30,30.01
SBA,11/6/2025 21:35,30.01
SBA,11/6/2025 21:40,30.01
SBA,11/6/2025 21:45,30.01
SBA,11/6/2025 21:50,30.01
SBA,11/6/2025 21:55,30.01
SBA,11/6/2025 22:00,30.01
SBA,11/6/2025 22:05,30.01
SBA,11/6/2025 22:10,30.01
SBA,11/6/2025 22:15,30.01
SBA,11/6/2025 22:20,30.01
SBA,11/6/2025 22:25,30
SBA,11/6/2025 22:30,30.01
SBA,11/6/2025 22:35,30.01
SBA,11/6/2025 22:40,30.01
SBA,11/6/2025 22:45,30.01
SBA,11/6/2025 22:50,30.01
SBA,11/6/2025 22:55,30
SBA,11/6/2025 23:00,30.01
SBA,11/6/2025 23:05,30.01
SBA,11/6/2025 23:10,30.01
SBA,11/6/2025 23:15,30
SBA,11/6/2025 23:20,30
SBA,11/6/2025 23:25,30
SBA,11/6/2025 23:30,30
SBA,11/6/2025 23:35,30
SBA,11/6/2025 23:40,30
SBA,11/6/2025 23:45,30
SBA,11/6/2025 23:50,30
SBA,11/6/2025 23:55,29.99
SBA,11/7/2025 0:00,30
SBA,11/7/2025 0:05,29.99
SBA,11/7/2025 0:10,29.99
SBA,11/7/2025 0:15,29.99
SBA,11/7/2025 0:20,29.99
SBA,11/7/2025 0:25,29.99
SBA,11/7/2025 0:30,29.99
SBA,11/7/2025 0:35,29.98
SBA,11/7/2025 0:40,29.99
SBA,11/7/2025 0:45,29.98
SBA,11/7/2025 0:50,29.98
SBA,11/7/2025 0:55,29.98
SBA,11/7/2025 1:00,29.98
SBA,11/7/2025 1:05,29.98
SBA,11/7/2025 1:10,29.98
SBA,11/7/2025 1:15,29.98
SBA,11/7/2025 1:20,29.98
SBA,11/7/2025 1:25,29.98
SBA,11/7/2025 1:30,29.97
SBA,11/7/2025 1:35,29.97
SBA,11/7/2025 1:40,29.97
SBA,11/7/2025 1:45,29.97
SBA,11/7/2025 1:50,29.97
SBA,11/7/2025 1:55,29.97
SBA,11/7/2025 2:00,29.97
SBA,11/7/2025 2:05,29.97
SBA,11/7/2025 2:10,29.97
SBA,11/7/2025 2:15,29.96
SBA,11/7/2025 2:20,29.96
SBA,11/7/2025 2:25,29.96
SBA,11/7/2025 2:30,29.96
SBA,11/7/2025 2:35,29.96
SBA,11/7/2025 2:40,29.96
SBA,11/7/2025 2:45,29.96
SBA,11/7/2025 2:50,29.96
SBA,11/7/2025 2:55,29.96
SBA,11/7/2025 3:00,29.96
SBA,11/7/2025 3:05,29.96
SBA,11/7/2025 3:10,29.95
SBA,11/7/2025 3:15,29.95
SBA,11/7/2025 3:20,29.95
SBA,11/7/2025 3:25,29.95
SBA,11/7/2025 3:30,29.95
SBA,11/7/2025 3:35,29.95
SBA,11/7/2025 3:40,29.94
SBA,11/7/2025 3:45,29.94
SBA,11/7/2025 3:50,29.94
SBA,11/7/2025 3:55,29.94
SBA,11/7/2025 4:00,29.94
SBA,11/7/2025 4:05,29.94
SBA,11/7/2025 4:10,29.94
SBA,11/7/2025 4:15,29.94
SBA,11/7/2025 4:20,29.94
SBA,11/7/2025 4:25,29.94
SBA,11/7/2025 4:30,29.94
SBA,11/7/2025 4:35,29.94
SBA,11/7/2025 4:40,29.95
SBA,11/7/2025 4:45,29.94
SBA,11/7/2025 4:50,29.95
SBA,11/7/2025 4:55,29.95
SBA,11/7/2025 5:00,29.95
SBA,11/7/2025 5:05,29.95
SBA,11/7/2025 5:10,29.95
SBA,11/7/2025 5:15,29.95
SBA,11/7/2025 5:20,29.95
SBA,11/7/2025 5:25,29.95
SBA,11/7/2025 5:30,29.95
SBA,11/7/2025 5:35,29.95
SBA,11/7/2025 5:40,29.95
SBA,11/7/2025 5:45,29.95
SBA,11/7/2025 5:50,29.95
SBA,11/7/2025 5:55,29.95
SBA,11/7/2025 6:00,29.95
SBA,11/7/2025 6:05,29.95
SBA,11/7/2025 6:10,29.96
SBA,11/7/2025 6:15,29.96
SBA,11/7/2025 6:20,29.96
SBA,11/7/2025 6:25,29.96
SBA,11/7/2025 6:30,29.96
SBA,11/7/2025 6:35,29.96
SBA,11/7/2025 6:40,29.96
SBA,11/7/2025 6:45,29.96
SBA,11/7/2025 6:50,29.97
SBA,11/7/2025 6:55,29.97
SBA,11/7/2025 7:00,29.97
SBA,11/7/2025 7:05,29.97
SBA,11/7/2025 7:10,29.97
SBA,11/7/2025 7:15,29.97
SBA,11/7/2025 7:20,29.97
SBA,11/7/2025 7:25,29.97
SBA,11/7/2025 7:30,29.97
SBA,11/7/2025 7:35,29.97
SBA,11/7/2025 7:40,29.97
SBA,11/7/2025 7:45,29.97
SBA,11/7/2025 7:50,29.97
SBA,11/7/2025 7:55,29.98
SBA,11/7/2025 8:00,29.98
SBA,11/7/2025 8:05,29.97
SBA,11/7/2025 8:10,29.97
SBA,11/7/2025 8:15,29.97
SBA,11/7/2025 8:20,29.97
SBA,11/7/2025 8:25,29.97
SBA,11/7/2025 8:30,29.97
SBA,11/7/2025 8:35,29.98
SBA,11/7/2025 8:40,29.98
SBA,11/7/2025 8:45,29.98
SBA,11/7/2025 8:50,29.97
SBA,11/7/2025 8:55,29.97
SBA,11/7/2025 9:00,29.97
SBA,11/7/2025 9:05,29.97
SBA,11/7/2025 9:10,29.98
SBA,11/7/2025 9:15,29.98
SBA,11/7/2025 9:20,29.98
SBA,11/7/2025 9:25,29.98
SBA,11/7/2025 9:30,29.98
SBA,11/7/2025 9:35,29.98
SBA,11/7/2025 9:40,29.98
SBA,11/7/2025 9:45,29.98
SBA,11/7/2025 9:50,29.98
SBA,11/7/2025 9:55,29.98
SBA,11/7/2025 10:00,29.98
SBA,11/7/2025 10:05,29.98
SBA,11/7/2025 10:10,29.98
SBA,11/7/2025 10:15,29.98
SBA,11/7/2025 10:20,29.97
SBA,11/7/2025 10:25,29.97
SBA,11/7/2025 10:30,29.97
SBA,11/7/2025 10:35,29.97
SBA,11/7/2025 10:40,29.97
SBA,11/7/2025 10:45,29.96
SBA,11/7/2025 10:50,29.96
SBA,11/7/2025 10:55,29.96
SBA,11/7/2025 11:00,29.95
SBA,11/7/2025 11:05,29.95
SBA,11/7/2025 11:10,29.95
SBA,11/7/2025 11:15,29.95
SBA,11/7/2025 11:20,29.94
SBA,11/7/2025 11:25,29.94
SBA,11/7/2025 11:30,29.94
SBA,11/7/2025 11:35,29.94
SBA,11/7/2025 11:40,29.93
SBA,11/7/2025 11:45,29.93
SBA,11/7/2025 11:50,29.93
SBA,11/7/2025 11:55,29.93
SBA,11/7/2025 12:00,29.92
SBA,11/7/2025 12:05,29.92
SBA,11/7/2025 12:10,29.92
SBA,11/7/2025 12:15,29.91
SBA,11/7/2025 12:20,29.91
SBA,11/7/2025 12:25,29.91
SBA,11/7/2025 12:30,29.91
SBA,11/7/2025 12:35,29.9
SBA,11/7/2025 12:40,29.9
SBA,11/7/2025 12:45,29.9
SBA,11/7/2025 12:50,29.89
SBA,11/7/2025 12:55,29.89
SBA,11/7/2025 13:00,29.88
SBA,11/7/2025 13:05,29.88
SBA,11/7/2025 13:10,29.88
SBA,11/7/2025 13:15,29.88
SBA,11/7/2025 13:20,29.88
SBA,11/7/2025 13:25,29.88
SBA,11/7/2025 13:30,29.87
SBA,11/7/2025 13:35,29.87
SBA,11/7/2025 13:40,29.87
SBA,11/7/2025 13:45,29.87
SBA,11/7/2025 13:50,29.87
SBA,11/7/2025 13:55,29.87
SBA,11/7/2025 14:00,29.86
SBA,11/7/2025 14:05,29.86
SBA,11/7/2025 14:10,29.86
SBA,11/7/2025 14:15,29.86
SBA,11/7/2025 14:20,29.86
SBA,11/7/2025 14:25,29.85
SBA,11/7/2025 14:30,29.86
SBA,11/7/2025 14:35,29.85
SBA,11/7/2025 14:40,29.85
SBA,11/7/2025 14:45,29.85
SBA,11/7/2025 14:50,29.85
SBA,11/7/2025 14:55,29.85
SBA,11/7/2025 15:00,29.85
SBA,11/7/2025 15:05,29.85
SBA,11/7/2025 15:10,29.85
SBA,11/7/2025 15:15,29.85
SBA,11/7/2025 15:20,29.85
SBA,11/7/2025 15:25,29.84
SBA,11/7/2025 15:30,29.85
SBA,11/7/2025 15:35,29.85
SBA,11/7/2025 15:40,29.85
SBA,11/7/2025 15:45,29.84
SBA,11/7/2025 15:50,29.84
SBA,11/7/2025 15:55,29.84
SBA,11/7/2025 16:00,29.84
SBA,11/7/2025 16:05,29.84
SBA,11/7/2025 16:10,29.84
SBA,11/7/2025 16:15,29.84
SBA,11/7/2025 16:20,29.84
SBA,11/7/2025 16:25,29.84
SBA,11/7/2025 16:30,29.84
SBA,11/7/2025 16:35,29.84
SBA,11/7/2025 16:40,29.84
SBA,11/7/2025 16:45,29.84
SBA,11/7/2025 16:50,29.84
SBA,11/7/2025 16:55,29.84
SBA,11/7/2025 17:00,29.84
SBA,11/7/2025 17:05,29.84
SBA,11/7/2025 17:10,29.84
SBA,11/7/2025 17:15,29.84
SBA,11/7/2025 17:20,29.84
SBA,11/7/2025 17:25,29.84
SBA,11/7/2025 17:30,29.84
SBA,11/7/2025 17:35,29.84
SBA,11/7/2025 17:40,29.84
SBA,11/7/2025 17:45,29.84
SBA,11/7/2025 17:50,29.84
SBA,11/7/2025 17:55,29.84
SBA,11/7/2025 18:00,29.84
SBA,11/7/2025 18:05,29.84
SBA,11/7/2025 18:10,29.84
SBA,11/7/2025 18:15,29.84
SBA,11/7/2025 18:20,29.85
SBA,11/7/2025 18:25,29.84
SBA,11/7/2025 18:30,29.84
SBA,11/7/2025 18:35,29.84
SBA,11/7/2025 18:40,29.84
SBA,11/7/2025 18:45,29.84
SBA,11/7/2025 18:50,29.84
SBA,11/7/2025 18:55,29.84
SBA,11/7/2025 19:00,29.83
SBA,11/7/2025 19:05,29.83
SBA,11/7/2025 19:10,29.83
SBA,11/7/2025 19:15,29.83
SBA,11/7/2025 19:20,29.83
SBA,11/7/2025 19:25,29.83
SBA,11/7/2025 19:30,29.83
SBA,11/7/2025 19:35,29.83
SBA,11/7/2025 19:40,29.83
SBA,11/7/2025 19:45,29.83
SBA,11/7/2025 19:50,29.84
SBA,11/7/2025 19:55,29.84
SBA,11/7/2025 20:00,29.84
SBA,11/7/2025 20:05,29.84
SBA,11/7/2025 20:10,29.84
SBA,11/7/2025 20:15,29.85
SBA,11/7/2025 20:20,29.85
SBA,11/7/2025 20:25,29.84
SBA,11/7/2025 20:30,29.85
SBA,11/7/2025 20:35,29.85
SBA,11/7/2025 20:40,29.85
SBA,11/7/2025 20:45,29.85
SBA,11/7/2025 20:50,29.85
SBA,11/7/2025 20:55,29.85
SBA,11/7/2025 21:00,29.85
SBA,11/7/2025 21:05,29.86
SBA,11/7/2025 21:10,29.86
SBA,11/7/2025 21:15,29.86
SBA,11/7/2025 21:20,29.86
SBA,11/7/2025 21:25,29.86
SBA,11/7/2025 21:30,29.86
SBA,11/7/2025 21:35,29.86
SBA,11/7/2025 21:40,29.86
SBA,11/7/2025 21:45,29.86
SBA,11/7/2025 21:50,29.86
SBA,11/7/2025 21:55,29.86
SBA,11/7/2025 22:00,29.86
SBA,11/7/2025 22:05,29.86
SBA,11/7/2025 22:10,29.87
SBA,11/7/2025 22:15,29.87
SBA,11/7/2025 22:20,29.86
SBA,11/7/2025 22:25,29.87
SBA,11/7/2025 22:30,29.87
SBA,11/7/2025 22:35,29.87
SBA,11/7/2025 22:40,29.87
SBA,11/7/2025 22:45,29.87
SBA,11/7/2025 22:50,29.87
SBA,11/7/2025 22:55,29.87
SBA,11/7/2025 23:00,29.87
SBA,11/7/2025 23:05,29.87
SBA,11/7/2025 23:10,29.87
SBA,11/7/2025 23:15,29.87
SBA,11/7/2025 23:20,29.87
SBA,11/7/2025 23:25,29.87
SBA,11/7/2025 23:30,29.87
SBA,11/7/2025 23:35,29.88
SBA,11/7/2025 23:40,29.88
SBA,11/7/2025 23:45,29.88
SBA,11/7/2025 23:50,29.88
SBA,11/7/2025 23:55,29.88
SBA,11/8/2025 0:00,29.88
SBA,11/8/2025 0:05,29.88
SBA,11/8/2025 0:10,29.88
SBA,11/8/2025 0:15,29.88
SBA,11/8/2025 0:20,29.88
SBA,11/8/2025 0:25,29.88
SBA,11/8/2025 0:30,29.88
SBA,11/8/2025 0:35,29.88
SBA,11/8/2025 0:40,29.88
SBA,11/8/2025 0:45,29.88
SBA,11/8/2025 0:50,29.88
SBA,11/8/2025 0:55,29.88
SBA,11/8/2025 1:00,29.88
SBA,11/8/2025 1:05,29.87
SBA,11/8/2025 1:10,29.88
SBA,11/8/2025 1:15,29.88
SBA,11/8/2025 1:20,29.88
SBA,11/8/2025 1:25,29.88
SBA,11/8/2025 1:30,29.88
SBA,11/8/2025 1:35,29.88
SBA,11/8/2025 1:40,29.88
SBA,11/8/2025 1:45,29.88
SBA,11/8/2025 1:50,29.88
SBA,11/8/2025 1:55,29.88
SBA,11/8/2025 2:00,29.88
SBA,11/8/2025 2:05,29.88
SBA,11/8/2025 2:10,29.88
SBA,11/8/2025 2:15,29.88
SBA,11/8/2025 2:20,29.88
SBA,11/8/2025 2:25,29.88
SBA,11/8/2025 2:30,29.87
SBA,11/8/2025 2:35,29.87
SBA,11/8/2025 2:40,29.87
SBA,11/8/2025 2:45,29.87
SBA,11/8/2025 2:50,29.87
SBA,11/8/2025 2:55,29.87
SBA,11/8/2025 3:00,29.87
SBA,11/8/2025 3:05,29.87
SBA,11/8/2025 3:10,29.87
SBA,11/8/2025 3:15,29.87
SBA,11/8/2025 3:20,29.87
SBA,11/8/2025 3:25,29.87
SBA,11/8/2025 3:30,29.87
SBA,11/8/2025 3:35,29.87
SBA,11/8/2025 3:40,29.87
SBA,11/8/2025 3:45,29.87
SBA,11/8/2025 3:50,29.87
SBA,11/8/2025 3:55,29.87
SBA,11/8/2025 4:00,29.87
SBA,11/8/2025 4:05,29.87
SBA,11/8/2025 4:10,29.88
SBA,11/8/2025 4:15,29.88
SBA,11/8/2025 4:20,29.88
SBA,11/8/2025 4:25,29.88
SBA,11/8/2025 4:30,29.88
SBA,11/8/2025 4:35,29.87
SBA,11/8/2025 4:40,29.87
SBA,11/8/2025 4:45,29.88
SBA,11/8/2025 4:50,29.88
SBA,11/8/2025 4:55,29.88
SBA,11/8/2025 5:00,29.88
SBA,11/8/2025 5:05,29.88
SBA,11/8/2025 5:10,29.88
SBA,11/8/2025 5:15,29.89
SBA,11/8/2025 5:20,29.89
SBA,11/8/2025 5:25,29.89
SBA,11/8/2025 5:30,29.89
SBA,11/8/2025 5:35,29.89
SBA,11/8/2025 5:40,29.89
SBA,11/8/2025 5:45,29.89
SBA,11/8/2025 5:50,29.89
SBA,11/8/2025 5:55,29.89
SBA,11/8/2025 6:00,29.89
SBA,11/8/2025 6:05,29.89
SBA,11/8/2025 6:10,29.9
SBA,11/8/2025 6:15,29.9
SBA,11/8/2025 6:20,29.9
SBA,11/8/2025 6:25,29.9
SBA,11/8/2025 6:30,29.9
SBA,11/8/2025 6:35,29.9
SBA,11/8/2025 6:40,29.91
SBA,11/8/2025 6:45,29.91
SBA,11/8/2025 6:50,29.91
SBA,11/8/2025 6:55,29.91
SBA,11/8/2025 7:00,29.91
SBA,11/8/2025 7:05,29.91
SBA,11/8/2025 7:10,29.91
SBA,11/8/2025 7:15,29.91
SBA,11/8/2025 7:20,29.91
SBA,11/8/2025 7:25,29.92
SBA,11/8/2025 7:30,29.92
SBA,11/8/2025 7:35,29.92
SBA,11/8/2025 7:40,29.92
SBA,11/8/2025 7:45,29.92
SBA,11/8/2025 7:50,29.92
SBA,11/8/2025 7:55,29.92
SBA,11/8/2025 8:00,29.92
SBA,11/8/2025 8:05,29.93
SBA,11/8/2025 8:10,29.93
SBA,11/8/2025 8:15,29.93
SBA,11/8/2025 8:20,29.93
SBA,11/8/2025 8:25,29.93
SBA,11/8/2025 8:30,29.93
SBA,11/8/2025 8:35,29.93
SBA,11/8/2025 8:40,29.93
SBA,11/8/2025 8:45,29.93
SBA,11/8/2025 8:50,29.93
SBA,11/8/2025 8:55,29.93
SBA,11/8/2025 9:00,29.94
SBA,11/8/2025 9:05,29.94
SBA,11/8/2025 9:10,29.94
SBA,11/8/2025 9:15,29.94
SBA,11/8/2025 9:20,29.94
SBA,11/8/2025 9:25,29.94
SBA,11/8/2025 9:30,29.94
SBA,11/8/2025 9:35,29.94
SBA,11/8/2025 9:40,29.94
SBA,11/8/2025 9:45,29.94
SBA,11/8/2025 9:50,29.94
SBA,11/8/2025 9:55,29.94
SBA,11/8/2025 10:00,29.94
SBA,11/8/2025 10:05,29.94
SBA,11/8/2025 10:10,29.94
SBA,11/8/2025 10:15,29.94
SBA,11/8/2025 10:20,29.94
SBA,11/8/2025 10:25,29.94
SBA,11/8/2025 10:30,29.95
SBA,11/8/2025 10:35,29.94
SBA,11/8/2025 10:40,29.94
SBA,11/8/2025 10:45,29.94
SBA,11/8/2025 10:50,29.94
SBA,11/8/2025 10:55,29.94
SBA,11/8/2025 11:00,29.94
SBA,11/8/2025 11:05,29.94
SBA,11/8/2025 11:10,29.94
SBA,11/8/2025 11:15,29.94
SBA,11/8/2025 11:20,29.94
SBA,11/8/2025 11:25,29.94
SBA,11/8/2025 11:30,29.94
SBA,11/8/2025 11:35,29.94
SBA,11/8/2025 11:40,29.94
SBA,11/8/2025 11:45,29.94
SBA,11/8/2025 11:50,29.94
SBA,11/8/2025 11:55,29.94
SBA,11/8/2025 12:00,29.94
SBA,11/8/2025 12:05,29.94
SBA,11/8/2025 12:10,29.94
SBA,11/8/2025 12:15,29.94
SBA,11/8/2025 12:20,29.94
SBA,11/8/2025 12:25,29.94
SBA,11/8/2025 12:30,29.94
SBA,11/8/2025 12:35,29.93
SBA,11/8/2025 12:40,29.94
SBA,11/8/2025 12:45,29.93
SBA,11/8/2025 12:50,29.93
SBA,11/8/2025 12:55,29.93
SBA,11/8/2025 13:00,29.93
SBA,11/8/2025 13:05,29.93
SBA,11/8/2025 13:10,29.93
SBA,11/8/2025 13:15,29.92
SBA,11/8/2025 13:20,29.92
SBA,11/8/2025 13:25,29.92
SBA,11/8/2025 13:30,29.92
SBA,11/8/2025 13:35,29.92
SBA,11/8/2025 13:40,29.92
SBA,11/8/2025 13:45,29.92
SBA,11/8/2025 13:50,29.92
SBA,11/8/2025 13:55,29.92
SBA,11/8/2025 14:00,29.92
SBA,11/8/2025 14:05,29.92
SBA,11/8/2025 14:10,29.92
SBA,11/8/2025 14:15,29.92
SBA,11/8/2025 14:20,29.92
SBA,11/8/2025 14:25,29.92
SBA,11/8/2025 14:30,29.92
SBA,11/8/2025 14:35,29.92
SBA,11/8/2025 14:40,29.91
SBA,11/8/2025 14:45,29.91
SBA,11/8/2025 14:50,29.91
SBA,11/8/2025 14:55,29.91
SBA,11/8/2025 15:00,29.91
SBA,11/8/2025 15:05,29.91
SBA,11/8/2025 15:10,29.91
SBA,11/8/2025 15:15,29.91
SBA,11/8/2025 15:20,29.91
SBA,11/8/2025 15:25,29.91
SBA,11/8/2025 15:30,29.91
SBA,11/8/2025 15:35,29.91
SBA,11/8/2025 15:40,29.91
SBA,11/8/2025 15:45,29.91
SBA,11/8/2025 15:50,29.91
SBA,11/8/2025 15:55,29.91
SBA,11/8/2025 16:00,29.91
SBA,11/8/2025 16:05,29.91
SBA,11/8/2025 16:10,29.91
SBA,11/8/2025 16:15,29.91
SBA,11/8/2025 16:20,29.91
SBA,11/8/2025 16:25,29.91
SBA,11/8/2025 16:30,29.91
SBA,11/8/2025 16:35,29.91
SBA,11/8/2025 16:40,29.91
SBA,11/8/2025 16:45,29.91
SBA,11/8/2025 16:50,29.91
SBA,11/8/2025 16:55,29.91
SBA,11/8/2025 17:00,29.91
SBA,11/8/2025 17:05,29.91
SBA,11/8/2025 17:10,29.92
SBA,11/8/2025 17:15,29.92
SBA,11/8/2025 17:20,29.92
SBA,11/8/2025 17:25,29.92
SBA,11/8/2025 17:30,29.93
SBA,11/8/2025 17:35,29.93
SBA,11/8/2025 17:40,29.93
SBA,11/8/2025 17:45,29.93
SBA,11/8/2025 17:50,29.93
SBA,11/8/2025 17:55,29.93
SBA,11/8/2025 18:00,29.94
SBA,11/8/2025 18:05,29.94
SBA,11/8/2025 18:10,29.94
SBA,11/8/2025 18:15,29.94
SBA,11/8/2025 18:20,29.94
SBA,11/8/2025 18:25,29.95
SBA,11/8/2025 18:30,29.95
SBA,11/8/2025 18:35,29.95
SBA,11/8/2025 18:40,29.95
SBA,11/8/2025 18:45,29.95
SBA,11/8/2025 18:50,29.95
SBA,11/8/2025 18:55,29.95
SBA,11/8/2025 19:00,29.96
SBA,11/8/2025 19:05,29.96
SBA,11/8/2025 19:10,29.96
SBA,11/8/2025 19:15,29.96
SBA,11/8/2025 19:20,29.96
SBA,11/8/2025 19:25,29.96
SBA,11/8/2025 19:30,29.97
SBA,11/8/2025 19:35,29.97
SBA,11/8/2025 19:40,29.97
SBA,11/8/2025 19:45,29.97
SBA,11/8/2025 19:50,29.97
SBA,11/8/2025 19:55,29.97
SBA,11/8/2025 20:00,29.97
SBA,11/8/2025 20:05,29.97
SBA,11/8/2025 20:10,29.97
SBA,11/8/2025 20:15,29.98
SBA,11/8/2025 20:20,29.98
SBA,11/8/2025 20:25,29.97
SBA,11/8/2025 20:30,29.97
SBA,11/8/2025 20:35,29.97
SBA,11/8/2025 20:40,29.97
SBA,11/8/2025 20:45,29.98
SBA,11/8/2025 20:50,29.98
SBA,11/8/2025 20:55,29.98
SBA,11/8/2025 21:00,29.98
SBA,11/8/2025 21:05,29.99
SBA,11/8/2025 21:10,29.99
SBA,11/8/2025 21:15,30
SBA,11/8/2025 21:20,30
SBA,11/8/2025 21:25,30
SBA,11/8/2025 21:30,30
SBA,11/8/2025 21:35,30
SBA,11/8/2025 21:40,30
SBA,11/8/2025 21:45,30
SBA,11/8/2025 21:50,30
SBA,11/8/2025 21:55,30
SBA,11/8/2025 22:00,30
SBA,11/8/2025 22:05,30.01
SBA,11/8/2025 22:10,30.01
SBA,11/8/2025 22:15,30.01
SBA,11/8/2025 22:20,30.01
SBA,11/8/2025 22:25,30.01
SBA,11/8/2025 22:30,30.01
SBA,11/8/2025 22:35,30.02
SBA,11/8/2025 22:40,30.02
SBA,11/8/2025 22:45,30.02
SBA,11/8/2025 22:50,30.02
SBA,11/8/2025 22:55,30.02
SBA,11/8/2025 23:00,30.02
SBA,11/8/2025 23:05,30.02
SBA,11/8/2025 23:10,30.02
SBA,11/8/2025 23:15,30.02
SBA,11/8/2025 23:20,30.03
SBA,11/8/2025 23:25,30.03
SBA,11/8/2025 23:30,30.03
SBA,11/8/2025 23:35,30.03
SBA,11/8/2025 23:40,30.03
SBA,11/8/2025 23:45,30.03
SBA,11/8/2025 23:50,30.03
SBA,11/8/2025 23:55,30.03
SBA,11/9/2025 0:00,30.03
SBA,11/9/2025 0:05,30.02
SBA,11/9/2025 0:10,30.02
SBA,11/9/2025 0:15,30.02
SBA,11/9/2025 0:20,30.02
SBA,11/9/2025 0:25,30.03
SBA,11/9/2025 0:30,30.02
SBA,11/9/2025 0:35,30.02
SBA,11/9/2025 0:40,30.03
SBA,11/9/2025 0:45,30.02
SBA,11/9/2025 0:50,30.02
SBA,11/9/2025 0:55,30.02
SBA,11/9/2025 1:00,30.03
SBA,11/9/2025 1:05,30.03
SBA,11/9/2025 1:10,30.03
SBA,11/9/2025 1:15,30.03
SBA,11/9/2025 1:20,30.03
SBA,11/9/2025 1:25,30.03
SBA,11/9/2025 1:30,30.03
SBA,11/9/2025 1:35,30.04
SBA,11/9/2025 1:40,30.03
SBA,11/9/2025 1:45,30.03
SBA,11/9/2025 1:50,30.03
SBA,11/9/2025 1:55,30.03
SBA,11/9/2025 2:00,30.03
SBA,11/9/2025 2:05,30.03
SBA,11/9/2025 2:10,30.03
SBA,11/9/2025 2:15,30.03
SBA,11/9/2025 2:20,30.03
SBA,11/9/2025 2:25,30.02
SBA,11/9/2025 2:30,30.02
SBA,11/9/2025 2:35,30.02
SBA,11/9/2025 2:40,30.02
SBA,11/9/2025 2:45,30.02
SBA,11/9/2025 2:50,30.02
SBA,11/9/2025 2:55,30.02
SBA,11/9/2025 3:00,30.02
SBA,11/9/2025 3:05,30.02
SBA,11/9/2025 3:10,30.02
SBA,11/9/2025 3:15,30.02
SBA,11/9/2025 3:20,30.02
SBA,11/9/2025 3:25,30.02
SBA,11/9/2025 3:30,30.02
SBA,11/9/2025 3:35,30.02
SBA,11/9/2025 3:40,30.02
SBA,11/9/2025 3:45,30.02
SBA,11/9/2025 3:50,30.02
SBA,11/9/2025 3:55,30.02
SBA,11/9/2025 4:00,30.02
SBA,11/9/2025 4:05,30.02
SBA,11/9/2025 4:10,30.02
SBA,11/9/2025 4:15,30.02
SBA,11/9/2025 4:20,30.03
SBA,11/9/2025 4:25,30.03
SBA,11/9/2025 4:30,30.03
SBA,11/9/2025 4:35,30.03
SBA,11/9/2025 4:40,30.02
SBA,11/9/2025 4:45,30.03
SBA,11/9/2025 4:50,30.03
SBA,11/9/2025 4:55,30.03
SBA,11/9/2025 5:00,30.03
SBA,11/9/2025 5:05,30.03
SBA,11/9/2025 5:10,30.03
SBA,11/9/2025 5:15,30.03
SBA,11/9/2025 5:20,30.03
SBA,11/9/2025 5:25,30.03
SBA,11/9/2025 5:30,30.03
SBA,11/9/2025 5:35,30.03
SBA,11/9/2025 5:40,30.03
SBA,11/9/2025 5:45,30.03
SBA,11/9/2025 5:50,30.04
SBA,11/9/2025 5:55,30.04
SBA,11/9/2025 6:00,30.04
SBA,11/9/2025 6:05,30.04
SBA,11/9/2025 6:10,30.04
SBA,11/9/2025 6:15,30.04
SBA,11/9/2025 6:20,30.04
SBA,11/9/2025 6:25,30.04
SBA,11/9/2025 6:30,30.04
SBA,11/9/2025 6:35,30.04
SBA,11/9/2025 6:40,30.05
SBA,11/9/2025 6:45,30.05
SBA,11/9/2025 6:50,30.05
SBA,11/9/2025 6:55,30.05
SBA,11/9/2025 7:00,30.06
SBA,11/9/2025 7:05,30.06
SBA,11/9/2025 7:10,30.06
SBA,11/9/2025 7:15,30.07
SBA,11/9/2025 7:20,30.07
SBA,11/9/2025 7:25,30.07
SBA,11/9/2025 7:30,30.07
SBA,11/9/2025 7:35,30.07
SBA,11/9/2025 7:40,30.07
SBA,11/9/2025 7:45,30.08
SBA,11/9/2025 7:50,30.08
SBA,11/9/2025 7:55,30.08
SBA,11/9/2025 8:00,30.08
SBA,11/9/2025 8:05,30.08
SBA,11/9/2025 8:10,30.08
SBA,11/9/2025 8:15,30.08
SBA,11/9/2025 8:20,30.08
SBA,11/9/2025 8:25,30.08
SBA,11/9/2025 8:30,30.08
SBA,11/9/2025 8:35,30.08
SBA,11/9/2025 8:40,30.08
SBA,11/9/2025 8:45,30.08
SBA,11/9/2025 8:50,30.08
SBA,11/9/2025 8:55,30.08
SBA,11/9/2025 9:00,30.08
SBA,11/9/2025 9:05,30.08
SBA,11/9/2025 9:10,30.09
SBA,11/9/2025 9:15,30.09
SBA,11/9/2025 9:20,30.09
SBA,11/9/2025 9:25,30.09
SBA,11/9/2025 9:30,30.09
SBA,11/9/2025 9:35,30.09
SBA,11/9/2025 9:40,30.09
SBA,11/9/2025 9:45,30.09
SBA,11/9/2025 9:50,30.09
SBA,11/9/2025 9:55,30.09
SBA,11/9/2025 10:00,30.09
SBA,11/9/2025 10:05,30.08
SBA,11/9/2025 10:10,30.08
SBA,11/9/2025 10:15,30.08
SBA,11/9/2025 10:20,30.08
SBA,11/9/2025 10:25,30.08
SBA,11/9/2025 10:30,30.08
SBA,11/9/2025 10:35,30.07
SBA,11/9/2025 10:40,30.07
SBA,11/9/2025 10:45,30.07
SBA,11/9/2025 10:50,30.07
SBA,11/9/2025 10:55,30.07
SBA,11/9/2025 11:00,30.07
SBA,11/9/2025 11:05,30.07
SBA,11/9/2025 11:10,30.07
SBA,11/9/2025 11:15,30.07
SBA,11/9/2025 11:20,30.07
SBA,11/9/2025 11:25,30.07
SBA,11/9/2025 11:30,30.06
SBA,11/9/2025 11:35,30.06
SBA,11/9/2025 11:40,30.06
SBA,11/9/2025 11:45,30.06
SBA,11/9/2025 11:50,30.06
SBA,11/9/2025 11:55,30.06
SBA,11/9/2025 12:00,30.06
SBA,11/9/2025 12:05,30.05
SBA,11/9/2025 12:10,30.05
SBA,11/9/2025 12:15,30.05
SBA,11/9/2025 12:20,30.05
SBA,11/9/2025 12:25,30.04
SBA,11/9/2025 12:30,30.04
SBA,11/9/2025 12:35,30.04
SBA,11/9/2025 12:40,30.04
SBA,11/9/2025 12:45,30.04
SBA,11/9/2025 12:50,30.04
SBA,11/9/2025 12:55,30.04
SBA,11/9/2025 13:00,30.04
SBA,11/9/2025 13:05,30.04
SBA,11/9/2025 13:10,30.04
SBA,11/9/2025 13:15,30.04
SBA,11/9/2025 13:20,30.03
SBA,11/9/2025 13:25,30.03
SBA,11/9/2025 13:30,30.03
SBA,11/9/2025 13:35,30.03
SBA,11/9/2025 13:40,30.03
SBA,11/9/2025 13:45,30.03
SBA,11/9/2025 13:50,30.03
SBA,11/9/2025 13:55,30.03
SBA,11/9/2025 14:00,30.03
SBA,11/9/2025 14:05,30.04
SBA,11/9/2025 14:10,30.03
SBA,11/9/2025 14:15,30.03
SBA,11/9/2025 14:20,30.03
SBA,11/9/2025 14:25,30.03
SBA,11/9/2025 14:30,30.03
SBA,11/9/2025 14:35,30.04
SBA,11/9/2025 14:40,30.04
SBA,11/9/2025 14:45,30.04
SBA,11/9/2025 14:50,30.04
SBA,11/9/2025 14:55,30.04
SBA,11/9/2025 15:00,30.04
SBA,11/9/2025 15:05,30.04
SBA,11/9/2025 15:10,30.04
SBA,11/9/2025 15:15,30.04
SBA,11/9/2025 15:20,30.04
SBA,11/9/2025 15:25,30.04
SBA,11/9/2025 15:30,30.04
SBA,11/9/2025 15:35,30.04
SBA,11/9/2025 15:40,30.04
SBA,11/9/2025 15:45,30.04
SBA,11/9/2025 15:50,30.05
SBA,11/9/2025 15:55,30.05
SBA,11/9/2025 16:00,30.05
SBA,11/9/2025 16:05,30.05
SBA,11/9/2025 16:10,30.05
SBA,11/9/2025 16:15,30.05
SBA,11/9/2025 16:20,30.05
SBA,11/9/2025 16:25,30.06
SBA,11/9/2025 16:30,30.06
SBA,11/9/2025 16:35,30.06
SBA,11/9/2025 16:40,30.06
SBA,11/9/2025 16:45,30.06
SBA,11/9/2025 16:50,30.06
SBA,11/9/2025 16:55,30.06
SBA,11/9/2025 17:00,30.06
SBA,11/9/2025 17:05,30.06
SBA,11/9/2025 17:10,30.06
SBA,11/9/2025 17:15,30.07
SBA,11/9/2025 17:20,30.07
SBA,11/9/2025 17:25,30.06
SBA,11/9/2025 17:30,30.06
SBA,11/9/2025 17:35,30.07
SBA,11/9/2025 17:40,30.07
SBA,11/9/2025 17:45,30.07
SBA,11/9/2025 17:50,30.07
SBA,11/9/2025 17:55,30.08
SBA,11/9/2025 18:00,30.08
SBA,11/9/2025 18:05,30.08
SBA,11/9/2025 18:10,30.08
SBA,11/9/2025 18:15,30.08
SBA,11/9/2025 18:20,30.08
SBA,11/9/2025 18:25,30.08
SBA,11/9/2025 18:30,30.08
SBA,11/9/2025 18:35,30.08
SBA,11/9/2025 18:40,30.09
SBA,11/9/2025 18:45,30.09
SBA,11/9/2025 18:50,30.09
SBA,11/9/2025 18:55,30.09
SBA,11/9/2025 19:00,30.09
SBA,11/9/2025 19:05,30.09
SBA,11/9/2025 19:10,30.09
SBA,11/9/2025 19:15,30.1
SBA,11/9/2025 19:20,30.09
SBA,11/9/2025 19:25,30.09
SBA,11/9/2025 19:30,30.09
SBA,11/9/2025 19:35,30.09
SBA,11/9/2025 19:40,30.09
SBA,11/9/2025 19:45,30.08
SBA,11/9/2025 19:50,30.08
SBA,11/9/2025 19:55,30.08
SBA,11/9/2025 20:00,30.08
SBA,11/9/2025 20:05,30.08
SBA,11/9/2025 20:10,30.08
SBA,11/9/2025 20:15,30.08
SBA,11/9/2025 20:20,30.08
SBA,11/9/2025 20:25,30.08
SBA,11/9/2025 20:30,30.08
SBA,11/9/2025 20:35,30.09
SBA,11/9/2025 20:40,30.09
SBA,11/9/2025 20:45,30.09
SBA,11/9/2025 20:50,30.09
SBA,11/9/2025 20:55,30.1
SBA,11/9/2025 21:00,30.1
SBA,11/9/2025 21:05,30.1
SBA,11/9/2025 21:10,30.1
SBA,11/9/2025 21:15,30.1
SBA,11/9/2025 21:20,30.1
SBA,11/9/2025 21:25,30.1
SBA,11/9/2025 21:30,30.1
SBA,11/9/2025 21:35,30.1
SBA,11/9/2025 21:40,30.1
SBA,11/9/2025 21:45,30.1
SBA,11/9/2025 21:50,30.1
SBA,11/9/2025 21:55,30.1
SBA,11/9/2025 22:00,30.1
SBA,11/9/2025 22:05,30.1
SBA,11/9/2025 22:10,30.1
SBA,11/9/2025 22:15,30.1
SBA,11/9/2025 22:20,30.09
SBA,11/9/2025 22:25,30.1
SBA,11/9/2025 22:30,30.09
SBA,11/9/2025 22:35,30.09
SBA,11/9/2025 22:40,30.1
SBA,11/9/2025 22:45,30.1
SBA,11/9/2025 22:50,30.1
SBA,11/9/2025 22:55,30.09
SBA,11/9/2025 23:00,30.09
SBA,11/9/2025 23:05,30.09
SBA,11/9/2025 23:10,30.09
SBA,11/9/2025 23:15,30.09
SBA,11/9/2025 23:20,30.09
SBA,11/9/2025 23:25,30.09
SBA,11/9/2025 23:30,30.09
SBA,11/9/2025 23:35,30.1
SBA,11/9/2025 23:40,30.1
SBA,11/9/2025 23:45,30.1
SBA,11/9/2025 23:50,30.1
SBA,11/9/2025 23:55,30.1
SBA,11/10/2025 0:00,30.1
SBA,11/10/2025 0:05,30.11
SBA,11/10/2025 0:10,30.11
SBA,11/10/2025 0:15,30.11
SBA,11/10/2025 0:20,30.11
SBA,11/10/2025 0:25,30.11
SBA,11/10/2025 0:30,30.11
SBA,11/10/2025 0:35,30.11
SBA,11/10/2025 0:40,30.11
SBA,11/10/2025 0:45,30.11
SBA,11/10/2025 0:50,30.11
SBA,11/10/2025 0:55,30.12
SBA,11/10/2025 1:00,30.12
SBA,11/10/2025 1:05,30.12
SBA,11/10/2025 1:10,30.12
SBA,11/10/2025 1:15,30.12
SBA,11/10/2025 1:20,30.12
SBA,11/10/2025 1:25,30.12
SBA,11/10/2025 1:30,30.12
SBA,11/10/2025 1:35,30.12
SBA,11/10/2025 1:40,30.12
SBA,11/10/2025 1:45,30.12
SBA,11/10/2025 1:50,30.12
SBA,11/10/2025 1:55,30.12
SBA,11/10/2025 2:00,30.12
SBA,11/10/2025 2:05,30.12
SBA,11/10/2025 2:10,30.12
SBA,11/10/2025 2:15,30.12
SBA,11/10/2025 2:20,30.12
SBA,11/10/2025 2:25,30.12
SBA,11/10/2025 2:30,30.12
SBA,11/10/2025 2:35,30.12
SBA,11/10/2025 2:40,30.12
SBA,11/10/2025 2:45,30.12
SBA,11/10/2025 2:50,30.11
SBA,11/10/2025 2:55,30.11
SBA,11/10/2025 3:00,30.11
SBA,11/10/2025 3:05,30.11
SBA,11/10/2025 3:10,30.11
SBA,11/10/2025 3:15,30.11
SBA,11/10/2025 3:20,30.11
SBA,11/10/2025 3:25,30.12
SBA,11/10/2025 3:30,30.12
SBA,11/10/2025 3:35,30.12
SBA,11/10/2025 3:40,30.12
SBA,11/10/2025 3:45,30.12
SBA,11/10/2025 3:50,30.12
SBA,11/10/2025 3:55,30.11
SBA,11/10/2025 4:00,30.11
SBA,11/10/2025 4:05,30.11
SBA,11/10/2025 4:10,30.11
SBA,11/10/2025 4:15,30.11
SBA,11/10/2025 4:20,30.11
SBA,11/10/2025 4:25,30.11
SBA,11/10/2025 4:30,30.11
SBA,11/10/2025 4:35,30.11
SBA,11/10/2025 4:40,30.11
SBA,11/10/2025 4:45,30.11
SBA,11/10/2025 4:50,30.11
SBA,11/10/2025 4:55,30.12
SBA,11/10/2025 5:00,30.12
SBA,11/10/2025 5:05,30.12
SBA,11/10/2025 5:10,30.12
SBA,11/10/2025 5:15,30.12
SBA,11/10/2025 5:20,30.11
SBA,11/10/2025 5:25,30.11
SBA,11/10/2025 5:30,30.11
SBA,11/10/2025 5:35,30.11
SBA,11/10/2025 5:40,30.11
SBA,11/10/2025 5:45,30.11
SBA,11/10/2025 5:50,30.11
SBA,11/10/2025 5:55,30.11
SBA,11/10/2025 6:00,30.11
SBA,11/10/2025 6:05,30.11
SBA,11/10/2025 6:10,30.12
SBA,11/10/2025 6:15,30.11
SBA,11/10/2025 6:20,30.12
SBA,11/10/2025 6:25,30.12
SBA,11/10/2025 6:30,30.12
SBA,11/10/2025 6:35,30.13
SBA,11/10/2025 6:40,30.13
SBA,11/10/2025 6:45,30.13
SBA,11/10/2025 6:50,30.13
SBA,11/10/2025 6:55,30.13
SBA,11/10/2025 7:00,30.14
SBA,11/10/2025 7:05,30.14
SBA,11/10/2025 7:10,30.14
SBA,11/10/2025 7:15,30.14
SBA,11/10/2025 7:20,30.14
SBA,11/10/2025 7:25,30.14
SBA,11/10/2025 7:30,30.14
SBA,11/10/2025 7:35,30.14
SBA,11/10/2025 7:40,30.14
SBA,11/10/2025 7:45,30.14
SBA,11/10/2025 7:50,30.14
SBA,11/10/2025 7:55,30.14
SBA,11/10/2025 8:00,30.14
SBA,11/10/2025 8:05,30.15
SBA,11/10/2025 8:10,30.15
SBA,11/10/2025 8:15,30.15
SBA,11/10/2025 8:20,30.15
SBA,11/10/2025 8:25,30.15
SBA,11/10/2025 8:30,30.15
SBA,11/10/2025 8:35,30.15
SBA,11/10/2025 8:40,30.15
SBA,11/10/2025 8:45,30.15
SBA,11/10/2025 8:50,30.15
SBA,11/10/2025 8:55,30.15
SBA,11/10/2025 9:00,30.15
SBA,11/10/2025 9:05,30.15
SBA,11/10/2025 9:10,30.15
SBA,11/10/2025 9:15,30.15
SBA,11/10/2025 9:20,30.15
SBA,11/10/2025 9:25,30.15
SBA,11/10/2025 9:30,30.15
SBA,11/10/2025 9:35,30.15
SBA,11/10/2025 9:40,30.14
SBA,11/10/2025 9:45,30.14
SBA,11/10/2025 9:50,30.14
SBA,11/10/2025 9:55,30.14
SBA,11/10/2025 10:00,30.14
SBA,11/10/2025 10:05,30.14
SBA,11/10/2025 10:10,30.14
SBA,11/10/2025 10:15,30.14
SBA,11/10/2025 10:20,30.14
SBA,11/10/2025 10:25,30.14
SBA,11/10/2025 10:30,30.13
SBA,11/10/2025 10:35,30.13
SBA,11/10/2025 10:40,30.13
SBA,11/10/2025 10:45,30.13
SBA,11/10/2025 10:50,30.13
SBA,11/10/2025 10:55,30.13
SBA,11/10/2025 11:00,30.13
SBA,11/10/2025 11:05,30.12
SBA,11/10/2025 11:10,30.12
SBA,11/10/2025 11:15,30.12
SBA,11/10/2025 11:20,30.12
SBA,11/10/2025 11:25,30.12
SBA,11/10/2025 11:30,30.11
SBA,11/10/2025 11:35,30.12
SBA,11/10/2025 11:40,30.12
SBA,11/10/2025 11:45,30.12
SBA,11/10/2025 11:50,30.11
SBA,11/10/2025 11:55,30.11
SBA,11/10/2025 12:00,30.11
SBA,11/10/2025 12:05,30.11
SBA,11/10/2025 12:10,30.11
SBA,11/10/2025 12:15,30.11
SBA,11/10/2025 12:20,30.11
SBA,11/10/2025 12:25,30.11
SBA,11/10/2025 12:30,30.1
SBA,11/10/2025 12:35,30.1
SBA,11/10/2025 12:40,30.1
SBA,11/10/2025 12:45,30.1
SBA,11/10/2025 12:50,30.09
SBA,11/10/2025 12:55,30.09
SBA,11/10/2025 13:00,30.09
SBA,11/10/2025 13:05,30.08
SBA,11/10/2025 13:10,30.08
SBA,11/10/2025 13:15,30.08
SBA,11/10/2025 13:20,30.08
SBA,11/10/2025 13:25,30.08
SBA,11/10/2025 13:30,30.07
SBA,11/10/2025 13:35,30.07
SBA,11/10/2025 13:40,30.07
SBA,11/10/2025 13:45,30.06
SBA,11/10/2025 13:50,30.06
SBA,11/10/2025 13:55,30.06
SBA,11/10/2025 14:00,30.06
SBA,11/10/2025 14:05,30.06
SBA,11/10/2025 14:10,30.06
SBA,11/10/2025 14:15,30.06
SBA,11/10/2025 14:20,30.06
SBA,11/10/2025 14:25,30.07
SBA,11/10/2025 14:30,30.07
SBA,11/10/2025 14:35,30.07
SBA,11/10/2025 14:40,30.07
SBA,11/10/2025 14:45,30.08
SBA,11/10/2025 14:50,30.08
SBA,11/10/2025 14:55,30.08
SBA,11/10/2025 15:00,30.08
SBA,11/10/2025 15:05,30.08
SBA,11/10/2025 15:10,30.08
SBA,11/10/2025 15:15,30.08
SBA,11/10/2025 15:20,30.08
SBA,11/10/2025 15:25,30.08
SBA,11/10/2025 15:30,30.07
SBA,11/10/2025 15:35,30.07
SBA,11/10/2025 15:40,30.07
SBA,11/10/2025 15:45,30.07
SBA,11/10/2025 15:50,30.07
SBA,11/10/2025 15:55,30.07
SBA,11/10/2025 16:00,30.07
SBA,11/10/2025 16:05,30.07
SBA,11/10/2025 16:10,30.07
SBA,11/10/2025 16:15,30.07
SBA,11/10/2025 16:20,30.07
SBA,11/10/2025 16:25,30.07
SBA,11/10/2025 16:30,30.07
SBA,11/10/2025 16:35,30.07
SBA,11/10/2025 16:40,30.07
SBA,11/10/2025 16:45,30.07
SBA,11/10/2025 16:50,30.07
SBA,11/10/2025 16:55,30.07
SBA,11/10/2025 17:00,30.07
SBA,11/10/2025 17:05,30.07
SBA,11/10/2025 17:10,30.07
SBA,11/10/2025 17:15,30.07
SBA,11/10/2025 17:20,30.07
SBA,11/10/2025 17:25,30.07
SBA,11/10/2025 17:30,30.07
SBA,11/10/2025 17:35,30.07
SBA,11/10/2025 17:40,30.07
SBA,11/10/2025 17:45,30.07
SBA,11/10/2025 17:50,30.07
SBA,11/10/2025 17:55,30.07
SBA,11/10/2025 18:00,30.07
SBA,11/10/2025 18:05,30.08
SBA,11/10/2025 18:10,30.08
SBA,11/10/2025 18:15,30.08
SBA,11/10/2025 18:20,30.08
SBA,11/10/2025 18:25,30.09
SBA,11/10/2025 18:30,30.09
SBA,11/10/2025 18:35,30.09
SBA,11/10/2025 18:40,30.09
SBA,11/10/2025 18:45,30.09
SBA,11/10/2025 18:50,30.09
SBA,11/10/2025 18:55,30.09
SBA,11/10/2025 19:00,30.09
SBA,11/10/2025 19:05,30.09
SBA,11/10/2025 19:10,30.1
SBA,11/10/2025 19:15,30.1
SBA,11/10/2025 19:20,30.1
SBA,11/10/2025 19:25,30.1
SBA,11/10/2025 19:30,30.1
SBA,11/10/2025 19:35,30.11
SBA,11/10/2025 19:40,30.11
SBA,11/10/2025 19:45,30.11
SBA,11/10/2025 19:50,30.11
SBA,11/10/2025 19:55,30.1
SBA,11/10/2025 20:00,30.1
SBA,11/10/2025 20:05,30.1
SBA,11/10/2025 20:10,30.1
SBA,11/10/2025 20:15,30.1
SBA,11/10/2025 20:20,30.1
SBA,11/10/2025 20:25,30.1
SBA,11/10/2025 20:30,30.1
SBA,11/10/2025 20:35,30.1
SBA,11/10/2025 20:40,30.1
SBA,11/10/2025 20:45,30.11
SBA,11/10/2025 20:50,30.11
SBA,11/10/2025 20:55,30.11
SBA,11/10/2025 21:00,30.11
SBA,11/10/2025 21:05,30.11
SBA,11/10/2025 21:10,30.11
SBA,11/10/2025 21:15,30.1
SBA,11/10/2025 21:20,30.1
SBA,11/10/2025 21:25,30.1
SBA,11/10/2025 21:30,30.1
SBA,11/10/2025 21:35,30.1
SBA,11/10/2025 21:40,30.1
SBA,11/10/2025 21:45,30.1
SBA,11/10/2025 21:50,30.1
SBA,11/10/2025 21:55,30.1
SBA,11/10/2025 22:00,30.1
SBA,11/10/2025 22:05,30.1
SBA,11/10/2025 22:10,30.1
SBA,11/10/2025 22:15,30.1
SBA,11/10/2025 22:20,30.1
SBA,11/10/2025 22:25,30.1
SBA,11/10/2025 22:30,30.09
SBA,11/10/2025 22:35,30.09
SBA,11/10/2025 22:40,30.09
SBA,11/10/2025 22:45,30.09
SBA,11/10/2025 22:50,30.09
SBA,11/10/2025 22:55,30.09
SBA,11/10/2025 23:00,30.09
SBA,11/10/2025 23:05,30.09
SBA,11/10/2025 23:10,30.09
SBA,11/10/2025 23:15,30.09
SBA,11/10/2025 23:20,30.09
SBA,11/10/2025 23:25,30.09
SBA,11/10/2025 23:30,30.09
SBA,11/10/2025 23:35,30.09
SBA,11/10/2025 23:40,30.09
SBA,11/10/2025 23:45,30.09
SBA,11/10/2025 23:50,30.09
SBA,11/10/2025 23:55,30.09
SBA,11/11/2025 0:00,30.09
SBA,11/11/2025 0:05,30.09
SBA,11/11/2025 0:10,30.08
SBA,11/11/2025 0:15,30.08
SBA,11/11/2025 0:20,30.08
SBA,11/11/2025 0:25,30.08
SBA,11/11/2025 0:30,30.08
SBA,11/11/2025 0:35,30.08
SBA,11/11/2025 0:40,30.08
SBA,11/11/2025 0:45,30.08
SBA,11/11/2025 0:50,30.08
SBA,11/11/2025 0:55,30.08
SBA,11/11/2025 1:00,30.08
SBA,11/11/2025 1:05,30.08
SBA,11/11/2025 1:10,30.08
SBA,11/11/2025 1:15,30.08
SBA,11/11/2025 1:20,30.08
SBA,11/11/2025 1:25,30.07
SBA,11/11/2025 1:30,30.08
SBA,11/11/2025 1:35,30.08
SBA,11/11/2025 1:40,30.07
SBA,11/11/2025 1:45,30.07
SBA,11/11/2025 1:50,30.07
SBA,11/11/2025 1:55,30.07
SBA,11/11/2025 2:00,30.07
SBA,11/11/2025 2:05,30.07
SBA,11/11/2025 2:10,30.07
SBA,11/11/2025 2:15,30.07
SBA,11/11/2025 2:20,30.07
SBA,11/11/2025 2:25,30.07
SBA,11/11/2025 2:30,30.07
SBA,11/11/2025 2:35,30.07
SBA,11/11/2025 2:40,30.07
SBA,11/11/2025 2:45,30.07
SBA,11/11/2025 2:50,30.06
SBA,11/11/2025 2:55,30.07
SBA,11/11/2025 3:00,30.06
SBA,11/11/2025 3:05,30.06
SBA,11/11/2025 3:10,30.06
SBA,11/11/2025 3:15,30.06
SBA,11/11/2025 3:20,30.05
SBA,11/11/2025 3:25,30.05
SBA,11/11/2025 3:30,30.05
SBA,11/11/2025 3:35,30.06
SBA,11/11/2025 3:40,30.06
SBA,11/11/2025 3:45,30.05
SBA,11/11/2025 3:50,30.05
SBA,11/11/2025 3:55,30.05
SBA,11/11/2025 4:00,30.05
SBA,11/11/2025 4:05,30.05
SBA,11/11/2025 4:10,30.05
SBA,11/11/2025 4:15,30.05
SBA,11/11/2025 4:20,30.05
SBA,11/11/2025 4:25,30.05
SBA,11/11/2025 4:30,30.05
SBA,11/11/2025 4:35,30.05
SBA,11/11/2025 4:40,30.05
SBA,11/11/2025 4:45,30.05
SBA,11/11/2025 4:50,30.05
SBA,11/11/2025 4:55,30.05
SBA,11/11/2025 5:00,30.05
SBA,11/11/2025 5:05,30.06
SBA,11/11/2025 5:10,30.05
SBA,11/11/2025 5:15,30.06
SBA,11/11/2025 5:20,30.06
SBA,11/11/2025 5:25,30.06
SBA,11/11/2025 5:30,30.06
SBA,11/11/2025 5:35,30.07
SBA,11/11/2025 5:40,30.07
SBA,11/11/2025 5:45,30.07
SBA,11/11/2025 5:50,30.06
SBA,11/11/2025 5:55,30.06
SBA,11/11/2025 6:00,30.06
SBA,11/11/2025 6:05,30.07
SBA,11/11/2025 6:10,30.07
SBA,11/11/2025 6:15,30.06
SBA,11/11/2025 6:20,30.07
SBA,11/11/2025 6:25,30.07
SBA,11/11/2025 6:30,30.07
SBA,11/11/2025 6:35,30.07
SBA,11/11/2025 6:40,30.07
SBA,11/11/2025 6:45,30.07
SBA,11/11/2025 6:50,30.08
SBA,11/11/2025 6:55,30.08
SBA,11/11/2025 7:00,30.08
SBA,11/11/2025 7:05,30.08
SBA,11/11/2025 7:10,30.08
SBA,11/11/2025 7:15,30.08
SBA,11/11/2025 7:20,30.08
SBA,11/11/2025 7:25,30.09
SBA,11/11/2025 7:30,30.09
SBA,11/11/2025 7:35,30.09
SBA,11/11/2025 7:40,30.1
SBA,11/11/2025 7:45,30.1
SBA,11/11/2025 7:50,30.1
SBA,11/11/2025 7:55,30.1
SBA,11/11/2025 8:00,30.1
SBA,11/11/2025 8:05,30.1
SBA,11/11/2025 8:10,30.1
SBA,11/11/2025 8:15,30.1
SBA,11/11/2025 8:20,30.1
SBA,11/11/2025 8:25,30.1
SBA,11/11/2025 8:30,30.11
SBA,11/11/2025 8:35,30.11
SBA,11/11/2025 8:40,30.11
SBA,11/11/2025 8:45,30.11
SBA,11/11/2025 8:50,30.11
SBA,11/11/2025 8:55,30.11
SBA,11/11/2025 9:00,30.11
SBA,11/11/2025 9:05,30.1
SBA,11/11/2025 9:10,30.1
SBA,11/11/2025 9:15,30.1
SBA,11/11/2025 9:20,30.1
SBA,11/11/2025 9:25,30.11
SBA,11/11/2025 9:30,30.11
SBA,11/11/2025 9:35,30.11
SBA,11/11/2025 9:40,30.11
SBA,11/11/2025 9:45,30.11
SBA,11/11/2025 9:50,30.11
SBA,11/11/2025 9:55,30.11
SBA,11/11/2025 10:00,30.11
SBA,11/11/2025 10:05,30.11
SBA,11/11/2025 10:10,30.1
SBA,11/11/2025 10:15,30.1
SBA,11/11/2025 10:20,30.1
SBA,11/11/2025 10:25,30.1
SBA,11/11/2025 10:30,30.09
SBA,11/11/2025 10:35,30.09
SBA,11/11/2025 10:40,30.09
SBA,11/11/2025 10:45,30.09
SBA,11/11/2025 10:50,30.09
SBA,11/11/2025 10:55,30.09
SBA,11/11/2025 11:00,30.09
SBA,11/11/2025 11:05,30.1
SBA,11/11/2025 11:10,30.1
SBA,11/11/2025 11:15,30.1
SBA,11/11/2025 11:20,30.1
SBA,11/11/2025 11:25,30.1
SBA,11/11/2025 11:30,30.1
SBA,11/11/2025 11:35,30.1
SBA,11/11/2025 11:40,30.09
SBA,11/11/2025 11:45,30.08
SBA,11/11/2025 11:50,30.07
SBA,11/11/2025 11:55,30.07
SBA,11/11/2025 12:00,30.07
SBA,11/11/2025 12:05,30.07
SBA,11/11/2025 12:10,30.07
SBA,11/11/2025 12:15,30.06
SBA,11/11/2025 12:20,30.06
SBA,11/11/2025 12:25,30.06
SBA,11/11/2025 12:30,30.05
SBA,11/11/2025 12:35,30.05
SBA,11/11/2025 12:40,30.04
SBA,11/11/2025 12:45,30.04
SBA,11/11/2025 12:50,30.04
SBA,11/11/2025 12:55,30.04
SBA,11/11/2025 13:00,30.04
SBA,11/11/2025 13:05,30.05
SBA,11/11/2025 13:10,30.05
SBA,11/11/2025 13:15,30.05
SBA,11/11/2025 13:20,30.05
SBA,11/11/2025 13:25,30.05
SBA,11/11/2025 13:30,30.05
SBA,11/11/2025 13:35,30.05
SBA,11/11/2025 13:40,30.04
SBA,11/11/2025 13:45,30.04
SBA,11/11/2025 13:50,30.04
SBA,11/11/2025 13:55,30.04
SBA,11/11/2025 14:00,30.04
SBA,11/11/2025 14:05,30.03
SBA,11/11/2025 14:10,30.03
SBA,11/11/2025 14:15,30.03
SBA,11/11/2025 14:20,30.02
SBA,11/11/2025 14:25,30.02
SBA,11/11/2025 14:30,30.02
SBA,11/11/2025 14:35,30.02
SBA,11/11/2025 14:40,30.02
SBA,11/11/2025 14:45,30.02
SBA,11/11/2025 14:50,30.03
SBA,11/11/2025 14:55,30.03
SBA,11/11/2025 15:00,30.04
SBA,11/11/2025 15:05,30.04
SBA,11/11/2025 15:10,30.04
SBA,11/11/2025 15:15,30.04
SBA,11/11/2025 15:20,30.04
SBA,11/11/2025 15:25,30.04
SBA,11/11/2025 15:30,30.04
SBA,11/11/2025 15:35,30.03
SBA,11/11/2025 15:40,30.03
SBA,11/11/2025 15:45,30.02
SBA,11/11/2025 15:50,30.02
SBA,11/11/2025 15:55,30.02
SBA,11/11/2025 16:00,30.02
SBA,11/11/2025 16:05,30.03
SBA,11/11/2025 16:10,30.03
SBA,11/11/2025 16:15,30.03
SBA,11/11/2025 16:20,30.04
SBA,11/11/2025 16:25,30.04
SBA,11/11/2025 16:30,30.04
SBA,11/11/2025 16:35,30.04
SBA,11/11/2025 16:40,30.03
SBA,11/11/2025 16:45,30.03
SBA,11/11/2025 16:50,30.03
SBA,11/11/2025 16:55,30.03
SBA,11/11/2025 17:00,30.03
SBA,11/11/2025 17:05,30.03
SBA,11/11/2025 17:10,30.03
SBA,11/11/2025 17:15,30.03
SBA,11/11/2025 17:20,30.04
SBA,11/11/2025 17:25,30.04
SBA,11/11/2025 17:30,30.04
SBA,11/11/2025 17:35,30.04
SBA,11/11/2025 17:40,30.04
SBA,11/11/2025 17:45,30.04
SBA,11/11/2025 17:50,30.04
SBA,11/11/2025 17:55,30.04
SBA,11/11/2025 18:00,30.04
SBA,11/11/2025 18:05,30.04
SBA,11/11/2025 18:10,30.03
SBA,11/11/2025 18:15,30.04
SBA,11/11/2025 18:20,30.04
SBA,11/11/2025 18:25,30.04
SBA,11/11/2025 18:30,30.03
SBA,11/11/2025 18:35,30.03
SBA,11/11/2025 18:40,30.03
SBA,11/11/2025 18:45,30.03
SBA,11/11/2025 18:50,30.03
SBA,11/11/2025 18:55,30.03
SBA,11/11/2025 19:00,30.03
SBA,11/11/2025 19:05,30.03
SBA,11/11/2025 19:10,30.03
SBA,11/11/2025 19:15,30.03
SBA,11/11/2025 19:20,30.03
SBA,11/11/2025 19:25,30.03
SBA,11/11/2025 19:30,30.03
SBA,11/11/2025 19:35,30.02
SBA,11/11/2025 19:40,30.03
SBA,11/11/2025 19:45,30.03
SBA,11/11/2025 19:50,30.03
SBA,11/11/2025 19:55,30.03
SBA,11/11/2025 20:00,30.03
SBA,11/11/2025 20:05,30.04
SBA,11/11/2025 20:10,30.03
SBA,11/11/2025 20:15,30.03
SBA,11/11/2025 20:20,30.03
SBA,11/11/2025 20:25,30.04
SBA,11/11/2025 20:30,30.04
SBA,11/11/2025 20:35,30.04
SBA,11/11/2025 20:40,30.04
SBA,11/11/2025 20:45,30.03
SBA,11/11/2025 20:50,30.03
SBA,11/11/2025 20:55,30.03
SBA,11/11/2025 21:00,30.03
SBA,11/11/2025 21:05,30.03
SBA,11/11/2025 21:10,30.04
SBA,11/11/2025 21:15,30.04
SBA,11/11/2025 21:20,30.04
SBA,11/11/2025 21:25,30.04
SBA,11/11/2025 21:30,30.04
SBA,11/11/2025 21:35,30.05
SBA,11/11/2025 21:40,30.04
SBA,11/11/2025 21:45,30.04
SBA,11/11/2025 21:50,30.04
SBA,11/11/2025 21:55,30.04
SBA,11/11/2025 22:00,30.04
SBA,11/11/2025 22:05,30.04
SBA,11/11/2025 22:10,30.04
SBA,11/11/2025 22:15,30.03
SBA,11/11/2025 22:20,30.03
SBA,11/11/2025 22:25,30.03
SBA,11/11/2025 22:30,30.03
SBA,11/11/2025 22:35,30.03
SBA,11/11/2025 22:40,30.03
SBA,11/11/2025 22:45,30.03
SBA,11/11/2025 22:50,30.03
SBA,11/11/2025 22:55,30.03
SBA,11/11/2025 23:00,30.03
SBA,11/11/2025 23:05,30.03
SBA,11/11/2025 23:10,30.03
SBA,11/11/2025 23:15,30.03
SBA,11/11/2025 23:20,30.03
SBA,11/11/2025 23:25,30.03
SBA,11/11/2025 23:30,30.03
SBA,11/11/2025 23:35,30.04
SBA,11/11/2025 23:40,30.04
SBA,11/11/2025 23:45,30.04
SBA,11/11/2025 23:50,30.04
SBA,11/11/2025 23:55,30.04
SBA,11/12/2025 0:00,30.04
SBA,11/12/2025 0:05,30.04
SBA,11/12/2025 0:10,30.03
SBA,11/12/2025 0:15,30.03
SBA,11/12/2025 0:20,30.03
SBA,11/12/2025 0:25,30.03
SBA,11/12/2025 0:30,30.03
SBA,11/12/2025 0:35,30.03
SBA,11/12/2025 0:40,30.03
SBA,11/12/2025 0:45,30.02
SBA,11/12/2025 0:50,30.02
SBA,11/12/2025 0:55,30.02
SBA,11/12/2025 1:00,30.03
SBA,11/12/2025 1:05,30.03
SBA,11/12/2025 1:10,30.03
SBA,11/12/2025 1:15,30.03
SBA,11/12/2025 1:20,30.04
SBA,11/12/2025 1:25,30.04
SBA,11/12/2025 1:30,30.04
SBA,11/12/2025 1:35,30.04
SBA,11/12/2025 1:40,30.04
SBA,11/12/2025 1:45,30.04
SBA,11/12/2025 1:50,30.04
SBA,11/12/2025 1:55,30.03
SBA,11/12/2025 2:00,30.03
SBA,11/12/2025 2:05,30.02
SBA,11/12/2025 2:10,30.02
SBA,11/12/2025 2:15,30.02
SBA,11/12/2025 2:20,30.02
SBA,11/12/2025 2:25,30.02
SBA,11/12/2025 2:30,30.02
SBA,11/12/2025 2:35,30.03
SBA,11/12/2025 2:40,30.03
SBA,11/12/2025 2:45,30.04
SBA,11/12/2025 2:50,30.04
SBA,11/12/2025 2:55,30.04
SBA,11/12/2025 3:00,30.04
SBA,11/12/2025 3:05,30.04
SBA,11/12/2025 3:10,30.04
SBA,11/12/2025 3:15,30.04
SBA,11/12/2025 3:20,30.04
SBA,11/12/2025 3:25,30.03
SBA,11/12/2025 3:30,30.03
SBA,11/12/2025 3:35,30.03
SBA,11/12/2025 3:40,30.03
SBA,11/12/2025 3:45,30.03
SBA,11/12/2025 3:50,30.03
SBA,11/12/2025 3:55,30.03
SBA,11/12/2025 4:00,30.03
SBA,11/12/2025 4:05,30.03
SBA,11/12/2025 4:10,30.03
SBA,11/12/2025 4:15,30.03
SBA,11/12/2025 4:20,30.03
SBA,11/12/2025 4:25,30.04
SBA,11/12/2025 4:30,30.04
SBA,11/12/2025 4:35,30.04
SBA,11/12/2025 4:40,30.04
SBA,11/12/2025 4:45,30.04
SBA,11/12/2025 4:50,30.04
SBA,11/12/2025 4:55,30.04
SBA,11/12/2025 5:00,30.05
SBA,11/12/2025 5:05,30.05
SBA,11/12/2025 5:10,30.04
SBA,11/12/2025 5:15,30.04
SBA,11/12/2025 5:20,30.04
SBA,11/12/2025 5:25,30.04
SBA,11/12/2025 5:30,30.04
SBA,11/12/2025 5:35,30.03
SBA,11/12/2025 5:40,30.03
SBA,11/12/2025 5:45,30.04
SBA,11/12/2025 5:50,30.04
SBA,11/12/2025 5:55,30.04
SBA,11/12/2025 6:00,30.04
SBA,11/12/2025 6:05,30.04
SBA,11/12/2025 6:10,30.04
SBA,11/12/2025 6:15,30.04
SBA,11/12/2025 6:20,30.04
SBA,11/12/2025 6:25,30.04
SBA,11/12/2025 6:30,30.04
SBA,11/12/2025 6:35,30.05
SBA,11/12/2025 6:40,30.03
SBA,11/12/2025 6:45,30.04
SBA,11/12/2025 6:50,30.05
SBA,11/12/2025 6:55,30.04
SBA,11/12/2025 7:00,30.04
SBA,11/12/2025 7:05,30.03
SBA,11/12/2025 7:10,30.04
SBA,11/12/2025 7:15,30.05
SBA,11/12/2025 7:20,30.05
SBA,11/12/2025 7:25,30.05
SBA,11/12/2025 7:30,30.06
SBA,11/12/2025 7:35,30.07
SBA,11/12/2025 7:40,30.07
SBA,11/12/2025 7:45,30.07
SBA,11/12/2025 7:50,30.08
SBA,11/12/2025 7:55,30.08
SBA,11/12/2025 8:00,30.09
SBA,11/12/2025 8:05,30.09
SBA,11/12/2025 8:10,30.09
SBA,11/12/2025 8:15,30.09
SBA,11/12/2025 8:20,30.08
SBA,11/12/2025 8:25,30.08
SBA,11/12/2025 8:30,30.08
SBA,11/12/2025 8:35,30.08
SBA,11/12/2025 8:40,30.08
SBA,11/12/2025 8:45,30.07
SBA,11/12/2025 8:50,30.08
SBA,11/12/2025 8:55,30.07
SBA,11/12/2025 9:00,30.08
SBA,11/12/2025 9:05,30.08
SBA,11/12/2025 9:10,30.08
SBA,11/12/2025 9:15,30.09
SBA,11/12/2025 9:20,30.09
SBA,11/12/2025 9:25,30.08
SBA,11/12/2025 9:30,30.08
SBA,11/12/2025 9:35,30.08
SBA,11/12/2025 9:40,30.08
SBA,11/12/2025 9:45,30.09
SBA,11/12/2025 9:50,30.09
SBA,11/12/2025 9:55,30.09
SBA,11/12/2025 10:00,30.09
SBA,11/12/2025 10:05,30.09
SBA,11/12/2025 10:10,30.1
SBA,11/12/2025 10:15,30.09
SBA,11/12/2025 10:20,30.09
SBA,11/12/2025 10:25,30.08
SBA,11/12/2025 10:30,30.08
SBA,11/12/2025 10:35,30.08
SBA,11/12/2025 10:40,30.08
SBA,11/12/2025 10:45,30.08
SBA,11/12/2025 10:50,30.07
SBA,11/12/2025 10:55,30.07
SBA,11/12/2025 11:00,30.08
SBA,11/12/2025 11:05,30.07
SBA,11/12/2025 11:10,30.08
SBA,11/12/2025 11:15,30.08
SBA,11/12/2025 11:20,30.08
SBA,11/12/2025 11:25,30.09
SBA,11/12/2025 11:30,30.09
SBA,11/12/2025 11:35,30.09
SBA,11/12/2025 11:40,30.08
SBA,11/12/2025 11:45,30.08
SBA,11/12/2025 11:50,30.07
SBA,11/12/2025 11:55,30.06
SBA,11/12/2025 12:00,30.06
SBA,11/12/2025 12:05,30.05
SBA,11/12/2025 12:10,30.05
SBA,11/12/2025 12:15,30.05
SBA,11/12/2025 12:20,30.04
SBA,11/12/2025 12:25,30.04
SBA,11/12/2025 12:30,30.03
SBA,11/12/2025 12:35,30.02
SBA,11/12/2025 12:40,30.02
SBA,11/12/2025 12:45,30.02
SBA,11/12/2025 12:50,30.02
SBA,11/12/2025 12:55,30.02
SBA,11/12/2025 13:00,30.03
SBA,11/12/2025 13:05,30.02
SBA,11/12/2025 13:10,30.02
SBA,11/12/2025 13:15,30.02
SBA,11/12/2025 13:20,30.02
SBA,11/12/2025 13:25,30.03
SBA,11/12/2025 13:30,30.03
SBA,11/12/2025 13:35,30.03
SBA,11/12/2025 13:40,30.03
SBA,11/12/2025 13:45,30.02
SBA,11/12/2025 13:50,30.02
SBA,11/12/2025 13:55,30.02
SBA,11/12/2025 14:00,30.02
SBA,11/12/2025 14:05,30.02
SBA,11/12/2025 14:10,30.03
SBA,11/12/2025 14:15,30.03
SBA,11/12/2025 14:20,30.02
SBA,11/12/2025 14:25,30.02
SBA,11/12/2025 14:30,30.01
SBA,11/12/2025 14:35,30.01
SBA,11/12/2025 14:40,30.01
SBA,11/12/2025 14:45,30.01
SBA,11/12/2025 14:50,30.01
SBA,11/12/2025 14:55,30.01
SBA,11/12/2025 15:00,30.01
SBA,11/12/2025 15:05,30.01
SBA,11/12/2025 15:10,30.01
SBA,11/12/2025 15:15,30.01
SBA,11/12/2025 15:20,30.01
SBA,11/12/2025 15:25,30.01
SBA,11/12/2025 15:30,30.01
SBA,11/12/2025 15:35,30.01
SBA,11/12/2025 15:40,30.01
SBA,11/12/2025 15:45,30.01
SBA,11/12/2025 15:50,30.01
SBA,11/12/2025 15:55,30
SBA,11/12/2025 16:00,30
SBA,11/12/2025 16:05,30
SBA,11/12/2025 16:10,30
SBA,11/12/2025 16:15,30.01
SBA,11/12/2025 16:20,30.01
SBA,11/12/2025 16:25,30.01
SBA,11/12/2025 16:30,30.01
SBA,11/12/2025 16:35,30.01
SBA,11/12/2025 16:40,30.01
SBA,11/12/2025 16:45,30.01
SBA,11/12/2025 16:50,30.01
SBA,11/12/2025 16:55,30.01
SBA,11/12/2025 17:00,30.01
SBA,11/12/2025 17:05,30.01
SBA,11/12/2025 17:10,30.01
SBA,11/12/2025 17:15,30.01
SBA,11/12/2025 17:20,30.01
SBA,11/12/2025 17:25,30.01
SBA,11/12/2025 17:30,30
SBA,11/12/2025 17:35,30.01
SBA,11/12/2025 17:40,30.01
SBA,11/12/2025 17:45,30.01
SBA,11/12/2025 17:50,30.01
SBA,11/12/2025 17:55,30.01
SBA,11/12/2025 18:00,30.02
SBA,11/12/2025 18:05,30.02
SBA,11/12/2025 18:10,30.02
SBA,11/12/2025 18:15,30.02
SBA,11/12/2025 18:20,30.03
SBA,11/12/2025 18:25,30.03
SBA,11/12/2025 18:30,30.03
SBA,11/12/2025 18:35,30.02
SBA,11/12/2025 18:40,30.02
SBA,11/12/2025 18:45,30.02
SBA,11/12/2025 18:50,30.02
SBA,11/12/2025 18:55,30.02
SBA,11/12/2025 19:00,30.02
SBA,11/12/2025 19:05,30.02
SBA,11/12/2025 19:10,30.03
SBA,11/12/2025 19:15,30.02
SBA,11/12/2025 19:20,30.02
SBA,11/12/2025 19:25,30.02
SBA,11/12/2025 19:30,30.03
SBA,11/12/2025 19:35,30.03
SBA,11/12/2025 19:40,30.03
SBA,11/12/2025 19:45,30.03
SBA,11/12/2025 19:50,30.03
SBA,11/12/2025 19:55,30.03
SBA,11/12/2025 20:00,30.03
SBA,11/12/2025 20:05,30.03
SBA,11/12/2025 20:10,30.04
SBA,11/12/2025 20:15,30.04
SBA,11/12/2025 20:20,30.04
SBA,11/12/2025 20:25,30.04
SBA,11/12/2025 20:30,30.04
SBA,11/12/2025 20:35,30.04
SBA,11/12/2025 20:40,30.04
SBA,11/12/2025 20:45,30.04
SBA,11/12/2025 20:50,30.04
SBA,11/12/2025 20:55,30.04
SBA,11/12/2025 21:00,30.04
SBA,11/12/2025 21:05,30.05
SBA,11/12/2025 21:10,30.05
SBA,11/12/2025 21:15,30.04
SBA,11/12/2025 21:20,30.05
SBA,11/12/2025 21:25,30.05
SBA,11/12/2025 21:30,30.05
SBA,11/12/2025 21:35,30.04
SBA,11/12/2025 21:40,30.04
SBA,11/12/2025 21:45,30.04
SBA,11/12/2025 21:50,30.04
SBA,11/12/2025 21:55,30.04
SBA,11/12/2025 22:00,30.04
SBA,11/12/2025 22:05,30.04
SBA,11/12/2025 22:10,30.04
SBA,11/12/2025 22:15,30.04
SBA,11/12/2025 22:20,30.04
SBA,11/12/2025 22:25,30.04
SBA,11/12/2025 22:30,30.04
SBA,11/12/2025 22:35,30.04
SBA,11/12/2025 22:40,30.04
SBA,11/12/2025 22:45,30.03
SBA,11/12/2025 22:50,30.04
SBA,11/12/2025 22:55,30.04
SBA,11/12/2025 23:00,30.03
SBA,11/12/2025 23:05,30.04
SBA,11/12/2025 23:10,30.04
SBA,11/12/2025 23:15,30.04
SBA,11/12/2025 23:20,30.03
SBA,11/12/2025 23:25,30.03
SBA,11/12/2025 23:30,30.03
SBA,11/12/2025 23:35,30.03
SBA,11/12/2025 23:40,30.03
SBA,11/12/2025 23:45,30.03
SBA,11/12/2025 23:50,30.03
SBA,11/12/2025 23:55,30.03
SBA,11/13/2025 0:00,30.03
SBA,11/13/2025 0:05,30.03
SBA,11/13/2025 0:10,30.03
SBA,11/13/2025 0:15,30.03
SBA,11/13/2025 0:20,30.03
SBA,11/13/2025 0:25,30.03
SBA,11/13/2025 0:30,30.03
SBA,11/13/2025 0:35,30.03
SBA,11/13/2025 0:40,30.02
SBA,11/13/2025 0:45,30.03
SBA,11/13/2025 0:50,30.03
SBA,11/13/2025 0:55,30.02
SBA,11/13/2025 1:00,30.02
SBA,11/13/2025 1:05,30.02
SBA,11/13/2025 1:10,30.02
SBA,11/13/2025 1:15,30.03
SBA,11/13/2025 1:20,30.02
SBA,11/13/2025 1:25,30.02
SBA,11/13/2025 1:30,30.02
SBA,11/13/2025 1:35,30.02
SBA,11/13/2025 1:40,30.01
SBA,11/13/2025 1:45,30.01
SBA,11/13/2025 1:50,30.01
SBA,11/13/2025 1:55,30.01
SBA,11/13/2025 2:00,30
SBA,11/13/2025 2:05,30
SBA,11/13/2025 2:10,30
SBA,11/13/2025 2:15,30
SBA,11/13/2025 2:20,30
SBA,11/13/2025 2:25,30
SBA,11/13/2025 2:30,30
SBA,11/13/2025 2:35,30
SBA,11/13/2025 2:40,30
SBA,11/13/2025 2:45,30
SBA,11/13/2025 2:50,30
SBA,11/13/2025 2:55,30
SBA,11/13/2025 3:00,30
SBA,11/13/2025 3:05,30
SBA,11/13/2025 3:10,30
SBA,11/13/2025 3:15,30
SBA,11/13/2025 3:20,30
SBA,11/13/2025 3:25,29.99
SBA,11/13/2025 3:30,29.99
SBA,11/13/2025 3:35,30
SBA,11/13/2025 3:40,30
SBA,11/13/2025 3:45,30
SBA,11/13/2025 3:50,30
SBA,11/13/2025 3:55,29.99
SBA,11/13/2025 4:00,29.99
SBA,11/13/2025 4:05,29.99
SBA,11/13/2025 4:10,29.99
SBA,11/13/2025 4:15,29.99
SBA,11/13/2025 4:20,29.99
SBA,11/13/2025 4:25,29.99
SBA,11/13/2025 4:30,29.99
SBA,11/13/2025 4:35,29.99
SBA,11/13/2025 4:40,29.99
SBA,11/13/2025 4:45,30
SBA,11/13/2025 4:50,29.99
SBA,11/13/2025 4:55,29.99
SBA,11/13/2025 5:00,29.99
SBA,11/13/2025 5:05,30
SBA,11/13/2025 5:10,30
SBA,11/13/2025 5:15,30.01
SBA,11/13/2025 5:20,30.01
SBA,11/13/2025 5:25,30.01
SBA,11/13/2025 5:30,30.01
SBA,11/13/2025 5:35,30.01
SBA,11/13/2025 5:40,30.01
SBA,11/13/2025 5:45,30.01
SBA,11/13/2025 5:50,30.02
SBA,11/13/2025 5:55,30.02
SBA,11/13/2025 6:00,30.02
SBA,11/13/2025 6:05,30.02
SBA,11/13/2025 6:10,30.02
SBA,11/13/2025 6:15,30.02
SBA,11/13/2025 6:20,30.02
SBA,11/13/2025 6:25,30.02
SBA,11/13/2025 6:30,30.02
SBA,11/13/2025 6:35,30.03
SBA,11/13/2025 6:40,30.03
SBA,11/13/2025 6:45,30.03
SBA,11/13/2025 6:50,30.02
SBA,11/13/2025 6:55,30.02
SBA,11/13/2025 7:00,30.03
SBA,11/13/2025 7:05,30.03
SBA,11/13/2025 7:10,30.03
SBA,11/13/2025 7:15,30.03
SBA,11/13/2025 7:20,30.03
SBA,11/13/2025 7:25,30.03
SBA,11/13/2025 7:30,30.03
SBA,11/13/2025 7:35,30.03
SBA,11/13/2025 7:40,30.04
SBA,11/13/2025 7:45,30.04
SBA,11/13/2025 7:50,30.04
SBA,11/13/2025 7:55,30.04
SBA,11/13/2025 8:00,30.04
SBA,11/13/2025 8:05,30.04
SBA,11/13/2025 8:10,30.04
SBA,11/13/2025 8:15,30.04
SBA,11/13/2025 8:20,30.04
SBA,11/13/2025 8:25,30.04
SBA,11/13/2025 8:30,30.04
SBA,11/13/2025 8:35,30.04
SBA,11/13/2025 8:40,30.04
SBA,11/13/2025 8:45,30.03
SBA,11/13/2025 8:50,30.03
SBA,11/13/2025 8:55,30.03
SBA,11/13/2025 9:00,30.03
SBA,11/13/2025 9:05,30.03
SBA,11/13/2025 9:10,30.03
SBA,11/13/2025 9:15,30.04
SBA,11/13/2025 9:20,30.03
SBA,11/13/2025 9:25,30.03
SBA,11/13/2025 9:30,30.03
SBA,11/13/2025 9:35,30.03
SBA,11/13/2025 9:40,30.03
SBA,11/13/2025 9:45,30.03
SBA,11/13/2025 9:50,30.04
SBA,11/13/2025 9:55,30.04
SBA,11/13/2025 10:00,30.04
SBA,11/13/2025 10:05,30.04
SBA,11/13/2025 10:10,30.04
SBA,11/13/2025 10:15,30.03
SBA,11/13/2025 10:20,30.04
SBA,11/13/2025 10:25,30.04
SBA,11/13/2025 10:30,30.04
SBA,11/13/2025 10:35,30.04
SBA,11/13/2025 10:40,30.04
SBA,11/13/2025 10:45,30.04
SBA,11/13/2025 10:50,30.03
SBA,11/13/2025 10:55,30.03
SBA,11/13/2025 11:00,30.03
SBA,11/13/2025 11:05,30.03
SBA,11/13/2025 11:10,30.03
SBA,11/13/2025 11:15,30.03
SBA,11/13/2025 11:20,30.03
SBA,11/13/2025 11:25,30.02
SBA,11/13/2025 11:30,30.02
SBA,11/13/2025 11:35,30.01
SBA,11/13/2025 11:40,30.01
SBA,11/13/2025 11:45,30.01
SBA,11/13/2025 11:50,30.01
SBA,11/13/2025 11:55,30.01
SBA,11/13/2025 12:00,30
SBA,11/13/2025 12:05,30
SBA,11/13/2025 12:10,29.99
SBA,11/13/2025 12:15,30
SBA,11/13/2025 12:20,30
SBA,11/13/2025 12:25,29.99
SBA,11/13/2025 12:30,29.99
SBA,11/13/2025 12:35,29.99
SBA,11/13/2025 12:40,29.99
SBA,11/13/2025 12:45,29.99
SBA,11/13/2025 12:50,29.98
SBA,11/13/2025 12:55,29.98
SBA,11/13/2025 13:00,29.99
SBA,11/13/2025 13:05,29.98
SBA,11/13/2025 13:10,29.98
SBA,11/13/2025 13:15,29.98
SBA,11/13/2025 13:20,29.98
SBA,11/13/2025 13:25,29.98
SBA,11/13/2025 13:30,29.98
SBA,11/13/2025 13:35,29.97
SBA,11/13/2025 13:40,29.97
SBA,11/13/2025 13:45,29.97
SBA,11/13/2025 13:50,29.96
SBA,11/13/2025 13:55,29.96
SBA,11/13/2025 14:00,29.96
SBA,11/13/2025 14:05,29.96
SBA,11/13/2025 14:10,29.96
SBA,11/13/2025 14:15,29.95
SBA,11/13/2025 14:20,29.95
SBA,11/13/2025 14:25,29.96
SBA,11/13/2025 14:30,29.96
SBA,11/13/2025 14:35,29.97
SBA,11/13/2025 14:40,29.97
SBA,11/13/2025 14:45,29.97
SBA,11/13/2025 14:50,29.97
SBA,11/13/2025 14:55,29.97
SBA,11/13/2025 15:00,29.97
SBA,11/13/2025 15:05,29.96
SBA,11/13/2025 15:10,29.97
SBA,11/13/2025 15:15,29.96
SBA,11/13/2025 15:20,29.96
SBA,11/13/2025 15:25,29.96
SBA,11/13/2025 15:30,29.96
SBA,11/13/2025 15:35,29.95
SBA,11/13/2025 15:40,29.96
SBA,11/13/2025 15:45,29.96
SBA,11/13/2025 15:50,29.95
SBA,11/13/2025 15:55,29.95
SBA,11/13/2025 16:00,29.96
SBA,11/13/2025 16:05,29.97
SBA,11/13/2025 16:10,29.98
SBA,11/13/2025 16:15,29.97
SBA,11/13/2025 16:20,29.96
SBA,11/13/2025 16:25,29.96
SBA,11/13/2025 16:30,29.96
SBA,11/13/2025 16:35,29.96
SBA,11/13/2025 16:40,29.97
SBA,11/13/2025 16:45,29.98
SBA,11/13/2025 16:50,29.97
SBA,11/13/2025 16:55,29.98
SBA,11/13/2025 17:00,29.99
SBA,11/13/2025 17:05,29.98
SBA,11/13/2025 17:10,29.97
SBA,11/13/2025 17:15,29.97
SBA,11/13/2025 17:20,29.97
SBA,11/13/2025 17:25,29.96
SBA,11/13/2025 17:30,29.95
SBA,11/13/2025 17:35,29.96
SBA,11/13/2025 17:40,29.95
SBA,11/13/2025 17:45,29.96
SBA,11/13/2025 17:50,29.96
SBA,11/13/2025 17:55,29.96
SBA,11/13/2025 18:00,29.97
SBA,11/13/2025 18:05,29.97
SBA,11/13/2025 18:10,29.97
SBA,11/13/2025 18:15,29.97
SBA,11/13/2025 18:20,29.97
SBA,11/13/2025 18:25,29.97
SBA,11/13/2025 18:30,29.97
SBA,11/13/2025 18:35,29.97
SBA,11/13/2025 18:40,29.97
SBA,11/13/2025 18:45,29.97
SBA,11/13/2025 18:50,29.97
SBA,11/13/2025 18:55,29.97
SBA,11/13/2025 19:00,29.97
SBA,11/13/2025 19:05,29.97
SBA,11/13/2025 19:10,29.97
SBA,11/13/2025 19:15,29.97
SBA,11/13/2025 19:20,29.97
SBA,11/13/2025 19:25,29.97
SBA,11/13/2025 19:30,29.97
SBA,11/13/2025 19:35,29.97
SBA,11/13/2025 19:40,29.97
SBA,11/13/2025 19:45,29.97
SBA,11/13/2025 19:50,29.97
SBA,11/13/2025 19:55,29.97
SBA,11/13/2025 20:00,29.97
SBA,11/13/2025 20:05,29.97
SBA,11/13/2025 20:10,29.97
SBA,11/13/2025 20:15,29.97
SBA,11/13/2025 20:20,29.97
SBA,11/13/2025 20:25,29.97
SBA,11/13/2025 20:30,29.97
SBA,11/13/2025 20:35,29.97
SBA,11/13/2025 20:40,29.97
SBA,11/13/2025 20:45,29.97
SBA,11/13/2025 20:50,29.96
SBA,11/13/2025 20:55,29.96
SBA,11/13/2025 21:00,29.96
SBA,11/13/2025 21:05,29.95
SBA,11/13/2025 21:10,29.96
SBA,11/13/2025 21:15,29.96
SBA,11/13/2025 21:20,29.96
SBA,11/13/2025 21:25,29.96
SBA,11/13/2025 21:30,29.96
SBA,11/13/2025 21:35,29.96
SBA,11/13/2025 21:40,29.96
SBA,11/13/2025 21:45,29.96
SBA,11/13/2025 21:50,29.96
SBA,11/13/2025 21:55,29.96
SBA,11/13/2025 22:00,29.95
SBA,11/13/2025 22:05,29.95
SBA,11/13/2025 22:10,29.95
SBA,11/13/2025 22:15,29.95
SBA,11/13/2025 22:20,29.95
SBA,11/13/2025 22:25,29.95
SBA,11/13/2025 22:30,29.95
SBA,11/13/2025 22:35,29.94
SBA,11/13/2025 22:40,29.94
SBA,11/13/2025 22:45,29.94
SBA,11/13/2025 22:50,29.94
SBA,11/13/2025 22:55,29.95
SBA,11/13/2025 23:00,29.95
SBA,11/13/2025 23:05,29.95
SBA,11/13/2025 23:10,29.96
SBA,11/13/2025 23:15,29.95
SBA,11/13/2025 23:20,29.96
SBA,11/13/2025 23:25,29.96
SBA,11/13/2025 23:30,29.95
SBA,11/13/2025 23:35,29.95
SBA,11/13/2025 23:40,29.95
SBA,11/13/2025 23:45,29.94
SBA,11/13/2025 23:50,29.94
SBA,11/13/2025 23:55,29.94
SBA,11/14/2025 0:00,29.94
SBA,11/14/2025 0:05,29.94
SBA,11/14/2025 0:10,29.94
SBA,11/14/2025 0:15,29.94
SBA,11/14/2025 0:20,29.94
SBA,11/14/2025 0:25,29.93
SBA,11/14/2025 0:30,29.93
SBA,11/14/2025 0:35,29.93
SBA,11/14/2025 0:40,29.93
SBA,11/14/2025 0:45,29.92
SBA,11/14/2025 0:50,29.92
SBA,11/14/2025 0:55,29.92
SBA,11/14/2025 1:00,29.92
SBA,11/14/2025 1:05,29.92
SBA,11/14/2025 1:10,29.92
SBA,11/14/2025 1:15,29.92
SBA,11/14/2025 1:20,29.92
SBA,11/14/2025 1:25,29.92
SBA,11/14/2025 1:30,29.91
SBA,11/14/2025 1:35,29.91
SBA,11/14/2025 1:40,29.91
SBA,11/14/2025 1:45,29.91
SBA,11/14/2025 1:50,29.91
SBA,11/14/2025 1:55,29.91
SBA,11/14/2025 2:00,29.91
SBA,11/14/2025 2:05,29.91
SBA,11/14/2025 2:10,29.91
SBA,11/14/2025 2:15,29.91
SBA,11/14/2025 2:20,29.91
SBA,11/14/2025 2:25,29.91
SBA,11/14/2025 2:30,29.91
SBA,11/14/2025 2:35,29.91
SBA,11/14/2025 2:40,29.91
SBA,11/14/2025 2:45,29.91
SBA,11/14/2025 2:50,29.91
SBA,11/14/2025 2:55,29.91
SBA,11/14/2025 3:00,29.91
SBA,11/14/2025 3:05,29.9
SBA,11/14/2025 3:10,29.9
SBA,11/14/2025 3:15,29.9
SBA,11/14/2025 3:20,29.9
SBA,11/14/2025 3:25,29.9
SBA,11/14/2025 3:30,29.9
SBA,11/14/2025 3:35,29.91
SBA,11/14/2025 3:40,29.91
SBA,11/14/2025 3:45,29.91
SBA,11/14/2025 3:50,29.9
SBA,11/14/2025 3:55,29.9
SBA,11/14/2025 4:00,29.9
SBA,11/14/2025 4:05,29.9
SBA,11/14/2025 4:10,29.9
SBA,11/14/2025 4:15,29.91
SBA,11/14/2025 4:20,29.91
SBA,11/14/2025 4:25,29.91
SBA,11/14/2025 4:30,29.91
SBA,11/14/2025 4:35,29.9
SBA,11/14/2025 4:40,29.9
SBA,11/14/2025 4:45,29.91
SBA,11/14/2025 4:50,29.91
SBA,11/14/2025 4:55,29.91
SBA,11/14/2025 5:00,29.91
SBA,11/14/2025 5:05,29.9
SBA,11/14/2025 5:10,29.9
SBA,11/14/2025 5:15,29.9
SBA,11/14/2025 5:20,29.9
SBA,11/14/2025 5:25,29.91
SBA,11/14/2025 5:30,29.9
SBA,11/14/2025 5:35,29.91
SBA,11/14/2025 5:40,29.91
SBA,11/14/2025 5:45,29.91
SBA,11/14/2025 5:50,29.91
SBA,11/14/2025 5:55,29.91
SBA,11/14/2025 6:00,29.91
SBA,11/14/2025 6:05,29.91
SBA,11/14/2025 6:10,29.91
SBA,11/14/2025 6:15,29.91
SBA,11/14/2025 6:20,29.91
SBA,11/14/2025 6:25,29.91
SBA,11/14/2025 6:30,29.92
SBA,11/14/2025 6:35,29.92
SBA,11/14/2025 6:40,29.92
SBA,11/14/2025 6:45,29.92
SBA,11/14/2025 6:50,29.93
SBA,11/14/2025 6:55,29.93
SBA,11/14/2025 7:00,29.93
SBA,11/14/2025 7:05,29.93
SBA,11/14/2025 7:10,29.93
SBA,11/14/2025 7:15,29.94
SBA,11/14/2025 7:20,29.94
SBA,11/14/2025 7:25,29.95
SBA,11/14/2025 7:30,29.95
SBA,11/14/2025 7:35,29.95
SBA,11/14/2025 7:40,29.95
SBA,11/14/2025 7:45,29.95
SBA,11/14/2025 7:50,29.95
SBA,11/14/2025 7:55,29.96
SBA,11/14/2025 8:00,29.96
SBA,11/14/2025 8:05,29.96
SBA,11/14/2025 8:10,29.96
SBA,11/14/2025 8:15,29.97
SBA,11/14/2025 8:20,29.97
SBA,11/14/2025 8:25,29.97
SBA,11/14/2025 8:30,29.97
SBA,11/14/2025 8:35,29.97
SBA,11/14/2025 8:40,29.98
SBA,11/14/2025 8:45,29.97
SBA,11/14/2025 8:50,29.97
SBA,11/14/2025 8:55,29.97
SBA,11/14/2025 9:00,29.97
SBA,11/14/2025 9:05,29.97
SBA,11/14/2025 9:10,29.98
SBA,11/14/2025 9:15,29.98
SBA,11/14/2025 9:20,29.97
SBA,11/14/2025 9:25,29.97
SBA,11/14/2025 9:30,29.97
SBA,11/14/2025 9:35,29.97
SBA,11/14/2025 9:40,29.97
SBA,11/14/2025 9:45,29.98
SBA,11/14/2025 9:50,29.98
SBA,11/14/2025 9:55,29.98
SBA,11/14/2025 10:00,29.98
SBA,11/14/2025 10:05,29.98
SBA,11/14/2025 10:10,29.98
SBA,11/14/2025 10:15,29.98
SBA,11/14/2025 10:20,29.98
SBA,11/14/2025 10:25,29.97
SBA,11/14/2025 10:30,29.97
SBA,11/14/2025 10:35,29.97
SBA,11/14/2025 10:40,29.97
SBA,11/14/2025 10:45,29.97
SBA,11/14/2025 10:50,29.97
SBA,11/14/2025 10:55,29.97
SBA,11/14/2025 11:00,29.97
SBA,11/14/2025 11:05,29.97
SBA,11/14/2025 11:10,29.97
SBA,11/14/2025 11:15,29.97
SBA,11/14/2025 11:20,29.97
SBA,11/14/2025 11:25,29.96
SBA,11/14/2025 11:30,29.96
SBA,11/14/2025 11:35,29.96
SBA,11/14/2025 11:40,29.96
SBA,11/14/2025 11:45,29.96
SBA,11/14/2025 11:50,29.96
SBA,11/14/2025 11:55,29.96
SBA,11/14/2025 12:00,29.96
SBA,11/14/2025 12:05,29.96
SBA,11/14/2025 12:10,29.95
SBA,11/14/2025 12:15,29.95
SBA,11/14/2025 12:20,29.95
SBA,11/14/2025 12:25,29.95
SBA,11/14/2025 12:30,29.95
SBA,11/14/2025 12:35,29.95
SBA,11/14/2025 12:40,29.94
SBA,11/14/2025 12:45,29.94
SBA,11/14/2025 12:50,29.94
SBA,11/14/2025 12:55,29.94
SBA,11/14/2025 13:00,29.94
SBA,11/14/2025 13:05,29.93
SBA,11/14/2025 13:10,29.93
SBA,11/14/2025 13:15,29.93
SBA,11/14/2025 13:20,29.93
SBA,11/14/2025 13:25,29.93
SBA,11/14/2025 13:30,29.93
SBA,11/14/2025 13:35,29.93
SBA,11/14/2025 13:40,29.93
SBA,11/14/2025 13:45,29.93
SBA,11/14/2025 13:50,29.92
SBA,11/14/2025 13:55,29.92
SBA,11/14/2025 14:00,29.92
SBA,11/14/2025 14:05,29.92
SBA,11/14/2025 14:10,29.92
SBA,11/14/2025 14:15,29.92
SBA,11/14/2025 14:20,29.92
SBA,11/14/2025 14:25,29.92
SBA,11/14/2025 14:30,29.92
SBA,11/14/2025 14:35,29.92
SBA,11/14/2025 14:40,29.92
SBA,11/14/2025 14:45,29.92
SBA,11/14/2025 14:50,29.92
SBA,11/14/2025 14:55,29.92
SBA,11/14/2025 15:00,29.92
SBA,11/14/2025 15:05,29.92
SBA,11/14/2025 15:15,29.93
SBA,11/14/2025 15:20,29.92
SBA,11/14/2025 15:25,29.93
SBA,11/14/2025 15:30,29.93
SBA,11/14/2025 15:35,29.93
SBA,11/14/2025 15:40,29.93
SBA,11/14/2025 15:45,29.93
SBA,11/14/2025 15:50,29.93
SBA,11/14/2025 15:55,29.93
SBA,11/14/2025 16:00,29.93
SBA,11/14/2025 16:05,29.93
SBA,11/14/2025 16:10,29.93
SBA,11/14/2025 16:15,29.93
SBA,11/14/2025 16:20,29.92
SBA,11/14/2025 16:25,29.92
SBA,11/14/2025 16:30,29.92
SBA,11/14/2025 16:35,29.92
SBA,11/14/2025 16:40,29.92
SBA,11/14/2025 16:45,29.92
SBA,11/14/2025 16:50,29.92
SBA,11/14/2025 16:55,29.92
SBA,11/14/2025 17:00,29.92
SBA,11/14/2025 17:05,29.92
SBA,11/14/2025 17:10,29.93
SBA,11/14/2025 17:15,29.93
SBA,11/14/2025 17:20,29.92
SBA,11/14/2025 17:25,29.92
SBA,11/14/2025 17:30,29.92
SBA,11/14/2025 17:35,29.92
SBA,11/14/2025 17:40,29.92
SBA,11/14/2025 17:45,29.92
SBA,11/14/2025 17:50,29.92
SBA,11/14/2025 17:55,29.92
SBA,11/14/2025 18:00,29.92
SBA,11/14/2025 18:05,29.92
SBA,11/14/2025 18:10,29.92
SBA,11/14/2025 18:15,29.92
SBA,11/14/2025 18:20,29.92
SBA,11/14/2025 18:25,29.92
SBA,11/14/2025 18:30,29.92
SBA,11/14/2025 18:35,29.93
SBA,11/14/2025 18:40,29.92
SBA,11/14/2025 18:45,29.92
SBA,11/14/2025 18:50,29.93
SBA,11/14/2025 18:55,29.93
SBA,11/14/2025 19:00,29.92
SBA,11/14/2025 19:05,29.92
SBA,11/14/2025 19:10,29.92
SBA,11/14/2025 19:15,29.92
SBA,11/14/2025 19:20,29.92
SBA,11/14/2025 19:25,29.92
SBA,11/14/2025 19:30,29.92
SBA,11/14/2025 19:35,29.92
SBA,11/14/2025 19:40,29.92
SBA,11/14/2025 19:45,29.92
SBA,11/14/2025 19:50,29.93
SBA,11/14/2025 19:55,29.93
SBA,11/14/2025 20:00,29.93
SBA,11/14/2025 20:05,29.93
SBA,11/14/2025 20:10,29.93
SBA,11/14/2025 20:15,29.93
SBA,11/14/2025 20:20,29.93
SBA,11/14/2025 20:25,29.93
SBA,11/14/2025 20:30,29.93
SBA,11/14/2025 20:35,29.93
SBA,11/14/2025 20:40,29.93
SBA,11/14/2025 20:45,29.93
SBA,11/14/2025 20:50,29.93
SBA,11/14/2025 20:55,29.93
SBA,11/14/2025 21:00,29.93
SBA,11/14/2025 21:05,29.93
SBA,11/14/2025 21:10,29.93
SBA,11/14/2025 21:15,29.93
SBA,11/14/2025 21:20,29.93
SBA,11/14/2025 21:25,29.93
SBA,11/14/2025 21:30,29.93
SBA,11/14/2025 21:35,29.93
SBA,11/14/2025 21:40,29.92
SBA,11/14/2025 21:45,29.92
SBA,11/14/2025 21:50,29.92
SBA,11/14/2025 21:55,29.92
SBA,11/14/2025 22:00,29.92
SBA,11/14/2025 22:05,29.92
SBA,11/14/2025 22:10,29.92
SBA,11/14/2025 22:15,29.92
SBA,11/14/2025 22:20,29.92
SBA,11/14/2025 22:25,29.92
SBA,11/14/2025 22:30,29.92
SBA,11/14/2025 22:35,29.91
SBA,11/14/2025 22:40,29.91
SBA,11/14/2025 22:45,29.91
SBA,11/14/2025 22:50,29.91
SBA,11/14/2025 22:55,29.91
SBA,11/14/2025 23:00,29.91
SBA,11/14/2025 23:05,29.92
SBA,11/14/2025 23:10,29.91
SBA,11/14/2025 23:15,29.91
SBA,11/14/2025 23:20,29.91
SBA,11/14/2025 23:25,29.91
SBA,11/14/2025 23:30,29.91
SBA,11/14/2025 23:35,29.9
SBA,11/14/2025 23:40,29.9
SBA,11/14/2025 23:45,29.9
SBA,11/14/2025 23:50,29.9
SBA,11/14/2025 23:55,29.9
SBA,11/15/2025 0:00,29.9
SBA,11/15/2025 0:05,29.9
SBA,11/15/2025 0:10,29.9
SBA,11/15/2025 0:15,29.9
SBA,11/15/2025 0:20,29.89
SBA,11/15/2025 0:25,29.89
SBA,11/15/2025 0:30,29.89
SBA,11/15/2025 0:35,29.89
SBA,11/15/2025 0:40,29.88
SBA,11/15/2025 0:45,29.88
SBA,11/15/2025 0:50,29.88
SBA,11/15/2025 0:55,29.88
SBA,11/15/2025 1:00,29.88
SBA,11/15/2025 1:05,29.88
SBA,11/15/2025 1:10,29.88
SBA,11/15/2025 1:15,29.88
SBA,11/15/2025 1:20,29.88
SBA,11/15/2025 1:25,29.87
SBA,11/15/2025 1:30,29.87
SBA,11/15/2025 1:35,29.86
SBA,11/15/2025 1:40,29.86
SBA,11/15/2025 1:45,29.86
SBA,11/15/2025 1:50,29.86
SBA,11/15/2025 1:55,29.86
SBA,11/15/2025 2:00,29.86
SBA,11/15/2025 2:05,29.85
SBA,11/15/2025 2:10,29.85
SBA,11/15/2025 2:15,29.84
SBA,11/15/2025 2:20,29.84
SBA,11/15/2025 2:25,29.84
SBA,11/15/2025 2:30,29.84
SBA,11/15/2025 2:35,29.84
SBA,11/15/2025 2:40,29.83
SBA,11/15/2025 2:45,29.83
SBA,11/15/2025 2:50,29.83
SBA,11/15/2025 2:55,29.83
SBA,11/15/2025 3:00,29.84
SBA,11/15/2025 3:05,29.84
SBA,11/15/2025 3:10,29.84
SBA,11/15/2025 3:15,29.84
SBA,11/15/2025 3:20,29.84
SBA,11/15/2025 3:25,29.84
SBA,11/15/2025 3:30,29.84
SBA,11/15/2025 3:35,29.84
SBA,11/15/2025 3:40,29.85
SBA,11/15/2025 3:45,29.85
SBA,11/15/2025 3:50,29.85
SBA,11/15/2025 3:55,29.86
SBA,11/15/2025 4:00,29.85
SBA,11/15/2025 4:05,29.85
SBA,11/15/2025 4:10,29.84
SBA,11/15/2025 4:15,29.84
SBA,11/15/2025 4:20,29.84
SBA,11/15/2025 4:25,29.82
SBA,11/15/2025 4:30,29.82
SBA,11/15/2025 4:35,29.82
SBA,11/15/2025 4:40,29.82
SBA,11/15/2025 4:45,29.81
SBA,11/15/2025 4:50,29.81
SBA,11/15/2025 4:55,29.8
SBA,11/15/2025 5:00,29.8
SBA,11/15/2025 5:05,29.8
SBA,11/15/2025 5:10,29.81
SBA,11/15/2025 5:15,29.81
SBA,11/15/2025 5:20,29.81
SBA,11/15/2025 5:25,29.8
SBA,11/15/2025 5:30,29.81
SBA,11/15/2025 5:35,29.81
SBA,11/15/2025 5:40,29.81
SBA,11/15/2025 5:45,29.81
SBA,11/15/2025 5:50,29.81
SBA,11/15/2025 5:55,29.8
SBA,11/15/2025 6:00,29.81
SBA,11/15/2025 6:05,29.81
SBA,11/15/2025 6:10,29.81
SBA,11/15/2025 6:15,29.81
SBA,11/15/2025 6:20,29.81
SBA,11/15/2025 6:25,29.81
SBA,11/15/2025 6:30,29.81
SBA,11/15/2025 6:35,29.81
SBA,11/15/2025 6:40,29.81
SBA,11/15/2025 6:45,29.81
SBA,11/15/2025 6:50,29.8
SBA,11/15/2025 6:55,29.81
SBA,11/15/2025 7:00,29.8
SBA,11/15/2025 7:05,29.8
SBA,11/15/2025 7:10,29.8
SBA,11/15/2025 7:15,29.81
SBA,11/15/2025 7:20,29.82
SBA,11/15/2025 7:25,29.83
SBA,11/15/2025 7:30,29.83
SBA,11/15/2025 7:35,29.83
SBA,11/15/2025 7:40,29.83
SBA,11/15/2025 7:45,29.82
SBA,11/15/2025 7:50,29.81
SBA,11/15/2025 7:55,29.8
SBA,11/15/2025 8:00,29.81
SBA,11/15/2025 8:05,29.82
SBA,11/15/2025 8:10,29.82
SBA,11/15/2025 8:15,29.82
SBA,11/15/2025 8:20,29.82
SBA,11/15/2025 8:25,29.82
SBA,11/15/2025 8:30,29.82
SBA,11/15/2025 8:35,29.83
SBA,11/15/2025 8:40,29.83
SBA,11/15/2025 8:45,29.83
SBA,11/15/2025 8:50,29.83
SBA,11/15/2025 8:55,29.83
SBA,11/15/2025 9:00,29.84
SBA,11/15/2025 9:05,29.84
SBA,11/15/2025 9:10,29.84
SBA,11/15/2025 9:15,29.84
SBA,11/15/2025 9:20,29.84
SBA,11/15/2025 9:25,29.84
SBA,11/15/2025 9:30,29.85
SBA,11/15/2025 9:35,29.85
SBA,11/15/2025 9:40,29.85
SBA,11/15/2025 9:45,29.85
SBA,11/15/2025 9:50,29.84
SBA,11/15/2025 9:55,29.84
SBA,11/15/2025 10:00,29.83
SBA,11/15/2025 10:05,29.83
SBA,11/15/2025 10:10,29.82
SBA,11/15/2025 10:15,29.82
SBA,11/15/2025 10:20,29.81
SBA,11/15/2025 10:25,29.81
SBA,11/15/2025 10:30,29.81
SBA,11/15/2025 10:35,29.8
SBA,11/15/2025 10:40,29.8
SBA,11/15/2025 10:45,29.8
SBA,11/15/2025 10:50,29.79
SBA,11/15/2025 10:55,29.79
SBA,11/15/2025 11:00,29.78
SBA,11/15/2025 11:05,29.78
SBA,11/15/2025 11:10,29.79
SBA,11/15/2025 11:15,29.79
SBA,11/15/2025 11:20,29.78
SBA,11/15/2025 11:25,29.78
SBA,11/15/2025 11:30,29.79
SBA,11/15/2025 11:35,29.79
SBA,11/15/2025 11:40,29.79
SBA,11/15/2025 11:45,29.79
SBA,11/15/2025 11:50,29.8
SBA,11/15/2025 11:55,29.8
SBA,11/15/2025 12:00,29.8
SBA,11/15/2025 12:05,29.8
SBA,11/15/2025 12:10,29.8
SBA,11/15/2025 12:15,29.8
SBA,11/15/2025 12:20,29.8
SBA,11/15/2025 12:25,29.79
SBA,11/15/2025 12:30,29.79
SBA,11/15/2025 12:35,29.79
SBA,11/15/2025 12:40,29.79
SBA,11/15/2025 12:45,29.79
SBA,11/15/2025 12:50,29.78
SBA,11/15/2025 12:55,29.78
SBA,11/15/2025 13:00,29.78
SBA,11/15/2025 13:05,29.78
SBA,11/15/2025 13:10,29.78
SBA,11/15/2025 13:15,29.78
SBA,11/15/2025 13:20,29.78
SBA,11/15/2025 13:25,29.78
SBA,11/15/2025 13:30,29.78
SBA,11/15/2025 13:35,29.78
SBA,11/15/2025 13:40,29.77
SBA,11/15/2025 13:45,29.77
SBA,11/15/2025 13:50,29.77
SBA,11/15/2025 13:55,29.77
SBA,11/15/2025 14:00,29.77
SBA,11/15/2025 14:05,29.77
SBA,11/15/2025 14:10,29.77
SBA,11/15/2025 14:15,29.77
SBA,11/15/2025 14:20,29.76
SBA,11/15/2025 14:25,29.77
SBA,11/15/2025 14:30,29.76
SBA,11/15/2025 14:35,29.77
SBA,11/15/2025 14:40,29.77
SBA,11/15/2025 14:45,29.77
SBA,11/15/2025 14:50,29.77
SBA,11/15/2025 14:55,29.77
SBA,11/15/2025 15:00,29.77
SBA,11/15/2025 15:05,29.77
SBA,11/15/2025 15:10,29.77
SBA,11/15/2025 15:15,29.77
SBA,11/15/2025 15:20,29.77
SBA,11/15/2025 15:25,29.77
SBA,11/15/2025 15:30,29.77
SBA,11/15/2025 15:35,29.77
SBA,11/15/2025 15:40,29.77
SBA,11/15/2025 15:45,29.77
SBA,11/15/2025 15:50,29.77
SBA,11/15/2025 15:55,29.77
SBA,11/15/2025 16:00,29.77
SBA,11/15/2025 16:05,29.78
SBA,11/15/2025 16:10,29.78
SBA,11/15/2025 16:15,29.78
SBA,11/15/2025 16:20,29.78
SBA,11/15/2025 16:25,29.78
SBA,11/15/2025 16:30,29.78
SBA,11/15/2025 16:35,29.78
SBA,11/15/2025 16:40,29.79
SBA,11/15/2025 16:45,29.79
SBA,11/15/2025 16:50,29.79
SBA,11/15/2025 16:55,29.79
SBA,11/15/2025 17:00,29.79
SBA,11/15/2025 17:05,29.79
SBA,11/15/2025 17:10,29.79
SBA,11/15/2025 17:15,29.79
SBA,11/15/2025 17:20,29.79
SBA,11/15/2025 17:25,29.79
SBA,11/15/2025 17:30,29.79
SBA,11/15/2025 17:35,29.79
SBA,11/15/2025 17:40,29.8
SBA,11/15/2025 17:45,29.8
SBA,11/15/2025 17:50,29.8
SBA,11/15/2025 17:55,29.8
SBA,11/15/2025 18:00,29.8
SBA,11/15/2025 18:05,29.8
SBA,11/15/2025 18:10,29.8
SBA,11/15/2025 18:15,29.8
SBA,11/15/2025 18:20,29.8
SBA,11/15/2025 18:25,29.8
SBA,11/15/2025 18:30,29.8
SBA,11/15/2025 18:35,29.81
SBA,11/15/2025 18:40,29.81
SBA,11/15/2025 18:45,29.81
SBA,11/15/2025 18:50,29.81
SBA,11/15/2025 18:55,29.81
SBA,11/15/2025 19:00,29.81
SBA,11/15/2025 19:05,29.81
SBA,11/15/2025 19:10,29.81
SBA,11/15/2025 19:15,29.81
SBA,11/15/2025 19:20,29.81
SBA,11/15/2025 19:25,29.81
SBA,11/15/2025 19:30,29.81
SBA,11/15/2025 19:35,29.81
SBA,11/15/2025 19:40,29.82
SBA,11/15/2025 19:45,29.82
SBA,11/15/2025 19:50,29.82
SBA,11/15/2025 19:55,29.82
SBA,11/15/2025 20:00,29.83
SBA,11/15/2025 20:05,29.83
SBA,11/15/2025 20:10,29.83
SBA,11/15/2025 20:15,29.83
SBA,11/15/2025 20:20,29.83
SBA,11/15/2025 20:25,29.83
SBA,11/15/2025 20:30,29.83
SBA,11/15/2025 20:35,29.84
SBA,11/15/2025 20:40,29.84
SBA,11/15/2025 20:45,29.84
SBA,11/15/2025 20:50,29.84
SBA,11/15/2025 20:55,29.84
SBA,11/15/2025 21:00,29.85
SBA,11/15/2025 21:05,29.85
SBA,11/15/2025 21:10,29.85
SBA,11/15/2025 21:15,29.85
SBA,11/15/2025 21:20,29.86
SBA,11/15/2025 21:25,29.86
SBA,11/15/2025 21:30,29.86
SBA,11/15/2025 21:35,29.86
SBA,11/15/2025 21:40,29.86
SBA,11/15/2025 21:45,29.86
SBA,11/15/2025 21:50,29.86
SBA,11/15/2025 21:55,29.87
SBA,11/15/2025 22:00,29.87
SBA,11/15/2025 22:05,29.87
SBA,11/15/2025 22:10,29.87
SBA,11/15/2025 22:15,29.87
SBA,11/15/2025 22:20,29.87
SBA,11/15/2025 22:25,29.87
SBA,11/15/2025 22:30,29.88
SBA,11/15/2025 22:35,29.88
SBA,11/15/2025 22:40,29.88
SBA,11/15/2025 22:45,29.88
SBA,11/15/2025 22:50,29.88
SBA,11/15/2025 22:55,29.88
SBA,11/15/2025 23:00,29.88
SBA,11/15/2025 23:05,29.88
SBA,11/15/2025 23:10,29.88
SBA,11/15/2025 23:15,29.88
SBA,11/15/2025 23:20,29.88
SBA,11/15/2025 23:25,29.88
SBA,11/15/2025 23:30,29.88
SBA,11/15/2025 23:35,29.88
SBA,11/15/2025 23:40,29.88
SBA,11/15/2025 23:45,29.88
SBA,11/15/2025 23:50,29.88
SBA,11/15/2025 23:55,29.88
SBA,11/16/2025 0:00,29.88
SBA,11/16/2025 0:05,29.88
SBA,11/16/2025 0:10,29.88
SBA,11/16/2025 0:15,29.88
SBA,11/16/2025 0:20,29.88
SBA,11/16/2025 0:25,29.88
SBA,11/16/2025 0:30,29.88
SBA,11/16/2025 0:35,29.88
SBA,11/16/2025 0:40,29.88
SBA,11/16/2025 0:45,29.88
SBA,11/16/2025 0:50,29.88
SBA,11/16/2025 0:55,29.88
SBA,11/16/2025 1:00,29.88
SBA,11/16/2025 1:05,29.89
SBA,11/16/2025 1:10,29.89
SBA,11/16/2025 1:15,29.89
SBA,11/16/2025 1:20,29.89
SBA,11/16/2025 1:25,29.89
SBA,11/16/2025 1:30,29.89
SBA,11/16/2025 1:35,29.89
SBA,11/16/2025 1:40,29.89
SBA,11/16/2025 1:45,29.88
SBA,11/16/2025 1:50,29.88
SBA,11/16/2025 1:55,29.88
SBA,11/16/2025 2:00,29.88
SBA,11/16/2025 2:05,29.88
SBA,11/16/2025 2:10,29.88
SBA,11/16/2025 2:15,29.88
SBA,11/16/2025 2:20,29.88
SBA,11/16/2025 2:25,29.88
SBA,11/16/2025 2:30,29.88
SBA,11/16/2025 2:35,29.89
SBA,11/16/2025 2:40,29.88
SBA,11/16/2025 2:45,29.88
SBA,11/16/2025 2:50,29.88
SBA,11/16/2025 2:55,29.89
SBA,11/16/2025 3:00,29.89
SBA,11/16/2025 3:05,29.89
SBA,11/16/2025 3:10,29.89
SBA,11/16/2025 3:15,29.89
SBA,11/16/2025 3:20,29.89
SBA,11/16/2025 3:25,29.89
SBA,11/16/2025 3:30,29.89
SBA,11/16/2025 3:35,29.9
SBA,11/16/2025 3:40,29.89
SBA,11/16/2025 3:45,29.89
SBA,11/16/2025 3:50,29.9
SBA,11/16/2025 3:55,29.9
SBA,11/16/2025 4:00,29.89
SBA,11/16/2025 4:05,29.9
SBA,11/16/2025 4:10,29.91
SBA,11/16/2025 4:15,29.91
SBA,11/16/2025 4:20,29.91
SBA,11/16/2025 4:25,29.91
SBA,11/16/2025 4:30,29.91
SBA,11/16/2025 4:35,29.91
SBA,11/16/2025 4:40,29.91
SBA,11/16/2025 4:45,29.92
SBA,11/16/2025 4:50,29.92
SBA,11/16/2025 4:55,29.92
SBA,11/16/2025 5:00,29.92
SBA,11/16/2025 5:05,29.92
SBA,11/16/2025 5:10,29.92
SBA,11/16/2025 5:15,29.92
SBA,11/16/2025 5:20,29.92
SBA,11/16/2025 5:25,29.92
SBA,11/16/2025 5:30,29.92
SBA,11/16/2025 5:35,29.92
SBA,11/16/2025 5:40,29.92
SBA,11/16/2025 5:45,29.92
SBA,11/16/2025 5:50,29.92
SBA,11/16/2025 5:55,29.92
SBA,11/16/2025 6:00,29.93
SBA,11/16/2025 6:05,29.93
SBA,11/16/2025 6:10,29.92
SBA,11/16/2025 6:15,29.93
SBA,11/16/2025 6:20,29.93
SBA,11/16/2025 6:25,29.93
SBA,11/16/2025 6:30,29.93
SBA,11/16/2025 6:35,29.93
SBA,11/16/2025 6:40,29.94
SBA,11/16/2025 6:45,29.94
SBA,11/16/2025 6:50,29.94
SBA,11/16/2025 6:55,29.95
SBA,11/16/2025 7:00,29.95
SBA,11/16/2025 7:05,29.95
SBA,11/16/2025 7:10,29.95
SBA,11/16/2025 7:15,29.95
SBA,11/16/2025 7:20,29.95
SBA,11/16/2025 7:25,29.95
SBA,11/16/2025 7:30,29.95
SBA,11/16/2025 7:35,29.95
SBA,11/16/2025 7:40,29.95
SBA,11/16/2025 7:45,29.95
SBA,11/16/2025 7:50,29.95
SBA,11/16/2025 7:55,29.95
SBA,11/16/2025 8:00,29.95
SBA,11/16/2025 8:05,29.95
SBA,11/16/2025 8:10,29.96
SBA,11/16/2025 8:15,29.96
SBA,11/16/2025 8:20,29.95
SBA,11/16/2025 8:25,29.96
SBA,11/16/2025 8:30,29.96
SBA,11/16/2025 8:35,29.96
SBA,11/16/2025 8:40,29.96
SBA,11/16/2025 8:45,29.96
SBA,11/16/2025 8:50,29.96
SBA,11/16/2025 8:55,29.96
SBA,11/16/2025 9:00,29.97
SBA,11/16/2025 9:05,29.97
SBA,11/16/2025 9:10,29.97
SBA,11/16/2025 9:15,29.97
SBA,11/16/2025 9:20,29.97
SBA,11/16/2025 9:25,29.98
SBA,11/16/2025 9:30,29.98
SBA,11/16/2025 9:35,29.98
SBA,11/16/2025 9:40,29.98
SBA,11/16/2025 9:45,29.98
SBA,11/16/2025 9:50,29.98
SBA,11/16/2025 9:55,29.98
SBA,11/16/2025 10:00,29.98
SBA,11/16/2025 10:05,29.98
SBA,11/16/2025 10:10,29.98
SBA,11/16/2025 10:15,29.98
SBA,11/16/2025 10:20,29.98
SBA,11/16/2025 10:25,29.98
SBA,11/16/2025 10:30,29.98
SBA,11/16/2025 10:35,29.98
SBA,11/16/2025 10:40,29.98
SBA,11/16/2025 10:45,29.98
SBA,11/16/2025 10:50,29.98
SBA,11/16/2025 10:55,29.98
SBA,11/16/2025 11:00,29.98
SBA,11/16/2025 11:05,29.98
SBA,11/16/2025 11:10,29.98
SBA,11/16/2025 11:15,29.98
SBA,11/16/2025 11:20,29.98
SBA,11/16/2025 11:25,29.98
SBA,11/16/2025 11:30,29.98
SBA,11/16/2025 11:35,29.98
SBA,11/16/2025 11:40,29.98
SBA,11/16/2025 11:45,29.97
SBA,11/16/2025 11:50,29.97
SBA,11/16/2025 11:55,29.97
SBA,11/16/2025 12:00,29.97
SBA,11/16/2025 12:05,29.97
SBA,11/16/2025 12:10,29.97
SBA,11/16/2025 12:15,29.96
SBA,11/16/2025 12:20,29.96
SBA,11/16/2025 12:25,29.96
SBA,11/16/2025 12:30,29.96
SBA,11/16/2025 12:35,29.96
SBA,11/16/2025 12:40,29.96
SBA,11/16/2025 12:45,29.96
SBA,11/16/2025 12:50,29.95
SBA,11/16/2025 12:55,29.95
SBA,11/16/2025 13:00,29.95
SBA,11/16/2025 13:05,29.95
SBA,11/16/2025 13:10,29.95
SBA,11/16/2025 13:15,29.95
SBA,11/16/2025 13:20,29.95
SBA,11/16/2025 13:25,29.95
SBA,11/16/2025 13:30,29.95
SBA,11/16/2025 13:35,29.95
SBA,11/16/2025 13:40,29.95
SBA,11/16/2025 13:45,29.95
SBA,11/16/2025 13:50,29.95
SBA,11/16/2025 13:55,29.94
SBA,11/16/2025 14:00,29.95
SBA,11/16/2025 14:05,29.95
SBA,11/16/2025 14:10,29.95
SBA,11/16/2025 14:15,29.95
SBA,11/16/2025 14:20,29.95
SBA,11/16/2025 14:25,29.95
SBA,11/16/2025 14:30,29.95
SBA,11/16/2025 14:35,29.95
SBA,11/16/2025 14:40,29.95
SBA,11/16/2025 14:45,29.95
SBA,11/16/2025 14:50,29.95
SBA,11/16/2025 14:55,29.95
SBA,11/16/2025 15:00,29.95
SBA,11/16/2025 15:05,29.95
SBA,11/16/2025 15:10,29.95
SBA,11/16/2025 15:15,29.95
SBA,11/16/2025 15:20,29.95
SBA,11/16/2025 15:25,29.95
SBA,11/16/2025 15:30,29.95
SBA,11/16/2025 15:35,29.95
SBA,11/16/2025 15:40,29.95
SBA,11/16/2025 15:45,29.95
SBA,11/16/2025 15:50,29.95
SBA,11/16/2025 15:55,29.95
SBA,11/16/2025 16:00,29.94
SBA,11/16/2025 16:05,29.95
SBA,11/16/2025 16:10,29.94
SBA,11/16/2025 16:15,29.94
SBA,11/16/2025 16:20,29.94
SBA,11/16/2025 16:25,29.95
SBA,11/16/2025 16:30,29.95
SBA,11/16/2025 16:35,29.95
SBA,11/16/2025 16:40,29.95
SBA,11/16/2025 16:45,29.95
SBA,11/16/2025 16:50,29.95
SBA,11/16/2025 16:55,29.95
SBA,11/16/2025 17:00,29.96
SBA,11/16/2025 17:05,29.95
SBA,11/16/2025 17:10,29.95
SBA,11/16/2025 17:15,29.95
SBA,11/16/2025 17:20,29.95
SBA,11/16/2025 17:25,29.95
SBA,11/16/2025 17:30,29.94
SBA,11/16/2025 17:35,29.94
SBA,11/16/2025 17:40,29.94
SBA,11/16/2025 17:45,29.94
SBA,11/16/2025 17:50,29.94
SBA,11/16/2025 17:55,29.95
SBA,11/16/2025 18:00,29.95
SBA,11/16/2025 18:05,29.95
SBA,11/16/2025 18:10,29.95
SBA,11/16/2025 18:15,29.95
SBA,11/16/2025 18:20,29.95
SBA,11/16/2025 18:25,29.95
SBA,11/16/2025 18:30,29.95
SBA,11/16/2025 18:35,29.95
SBA,11/16/2025 18:40,29.95
SBA,11/16/2025 18:45,29.95
SBA,11/16/2025 18:50,29.95
SBA,11/16/2025 18:55,29.95
SBA,11/16/2025 19:00,29.95
SBA,11/16/2025 19:05,29.96
SBA,11/16/2025 19:10,29.96
SBA,11/16/2025 19:15,29.95
SBA,11/16/2025 19:20,29.95
SBA,11/16/2025 19:25,29.95
SBA,11/16/2025 19:30,29.95
SBA,11/16/2025 19:35,29.95
SBA,11/16/2025 19:40,29.95
SBA,11/16/2025 19:45,29.96
SBA,11/16/2025 19:50,29.95
SBA,11/16/2025 19:55,29.96
SBA,11/16/2025 20:00,29.96
SBA,11/16/2025 20:05,29.96
SBA,11/16/2025 20:10,29.95
SBA,11/16/2025 20:15,29.96
SBA,11/16/2025 20:20,29.96
SBA,11/16/2025 20:25,29.96
SBA,11/16/2025 20:30,29.96
SBA,11/16/2025 20:35,29.96
SBA,11/16/2025 20:40,29.96
SBA,11/16/2025 20:45,29.96
SBA,11/16/2025 20:50,29.96
SBA,11/16/2025 20:55,29.96
SBA,11/16/2025 21:00,29.96
SBA,11/16/2025 21:05,29.97
SBA,11/16/2025 21:10,29.97
SBA,11/16/2025 21:15,29.97
SBA,11/16/2025 21:20,29.97
SBA,11/16/2025 21:25,29.97
SBA,11/16/2025 21:30,29.97
SBA,11/16/2025 21:35,29.97
SBA,11/16/2025 21:40,29.97
SBA,11/16/2025 21:45,29.97
SBA,11/16/2025 21:50,29.97
SBA,11/16/2025 21:55,29.97
SBA,11/16/2025 22:00,29.97
SBA,11/16/2025 22:05,29.97
SBA,11/16/2025 22:10,29.97
SBA,11/16/2025 22:15,29.97
SBA,11/16/2025 22:20,29.97
SBA,11/16/2025 22:25,29.97
SBA,11/16/2025 22:30,29.98
SBA,11/16/2025 22:35,29.98
SBA,11/16/2025 22:40,29.98
SBA,11/16/2025 22:45,29.98
SBA,11/16/2025 22:50,29.98
SBA,11/16/2025 22:55,29.98
SBA,11/16/2025 23:00,29.98
SBA,11/16/2025 23:05,29.98
SBA,11/16/2025 23:10,29.98
SBA,11/16/2025 23:15,29.98
SBA,11/16/2025 23:20,29.97
SBA,11/16/2025 23:25,29.97
SBA,11/16/2025 23:30,29.97
SBA,11/16/2025 23:35,29.97
SBA,11/16/2025 23:40,29.96
SBA,11/16/2025 23:45,29.96
SBA,11/16/2025 23:50,29.96
SBA,11/16/2025 23:55,29.96
SBA,11/17/2025 0:00,29.96
SBA,11/17/2025 0:05,29.96
SBA,11/17/2025 0:10,29.96
SBA,11/17/2025 0:15,29.96
SBA,11/17/2025 0:20,29.95
SBA,11/17/2025 0:25,29.95
SBA,11/17/2025 0:30,29.95
SBA,11/17/2025 0:35,29.95
SBA,11/17/2025 0:40,29.95
SBA,11/17/2025 0:45,29.95
SBA,11/17/2025 0:50,29.95
SBA,11/17/2025 0:55,29.95
SBA,11/17/2025 1:00,29.95
SBA,11/17/2025 1:05,29.95
SBA,11/17/2025 1:10,29.95
SBA,11/17/2025 1:15,29.95
SBA,11/17/2025 1:20,29.94
SBA,11/17/2025 1:25,29.95
SBA,11/17/2025 1:30,29.94
SBA,11/17/2025 1:35,29.94
SBA,11/17/2025 1:40,29.94
SBA,11/17/2025 1:45,29.94
SBA,11/17/2025 1:50,29.94
SBA,11/17/2025 1:55,29.94
SBA,11/17/2025 2:00,29.93
SBA,11/17/2025 2:05,29.93
SBA,11/17/2025 2:10,29.93
SBA,11/17/2025 2:15,29.93
SBA,11/17/2025 2:20,29.93
SBA,11/17/2025 2:25,29.93
SBA,11/17/2025 2:30,29.93
SBA,11/17/2025 2:35,29.93
SBA,11/17/2025 2:40,29.93
SBA,11/17/2025 2:45,29.93
SBA,11/17/2025 2:50,29.93
SBA,11/17/2025 2:55,29.92
SBA,11/17/2025 3:00,29.92
SBA,11/17/2025 3:05,29.93
SBA,11/17/2025 3:10,29.92
SBA,11/17/2025 3:15,29.92
SBA,11/17/2025 3:20,29.92
SBA,11/17/2025 3:25,29.91
SBA,11/17/2025 3:30,29.91
SBA,11/17/2025 3:35,29.91
SBA,11/17/2025 3:40,29.91
SBA,11/17/2025 3:45,29.91
SBA,11/17/2025 3:50,29.91
SBA,11/17/2025 3:55,29.91
SBA,11/17/2025 4:00,29.9
SBA,11/17/2025 4:05,29.91
SBA,11/17/2025 4:10,29.91
SBA,11/17/2025 4:15,29.9
SBA,11/17/2025 4:20,29.9
SBA,11/17/2025 4:25,29.9
SBA,11/17/2025 4:30,29.9
SBA,11/17/2025 4:35,29.9
SBA,11/17/2025 4:40,29.9
SBA,11/17/2025 4:45,29.9
SBA,11/17/2025 4:50,29.89
SBA,11/17/2025 4:55,29.89
SBA,11/17/2025 5:00,29.89
SBA,11/17/2025 5:05,29.89
SBA,11/17/2025 5:10,29.89
SBA,11/17/2025 5:15,29.89
SBA,11/17/2025 5:20,29.89
SBA,11/17/2025 5:25,29.89
SBA,11/17/2025 5:30,29.89
SBA,11/17/2025 5:35,29.89
SBA,11/17/2025 5:40,29.89
SBA,11/17/2025 5:45,29.89
SBA,11/17/2025 5:50,29.89
SBA,11/17/2025 5:55,29.89
SBA,11/17/2025 6:00,29.89
SBA,11/17/2025 6:05,29.9
SBA,11/17/2025 6:10,29.89
SBA,11/17/2025 6:15,29.89
SBA,11/17/2025 6:20,29.89
SBA,11/17/2025 6:25,29.9
SBA,11/17/2025 6:30,29.9
SBA,11/17/2025 6:35,29.89
SBA,11/17/2025 6:40,29.9
SBA,11/17/2025 6:45,29.9
SBA,11/17/2025 6:50,29.9
SBA,11/17/2025 6:55,29.9
SBA,11/17/2025 7:00,29.9
SBA,11/17/2025 7:05,29.91
SBA,11/17/2025 7:10,29.9
SBA,11/17/2025 7:15,29.9
SBA,11/17/2025 7:20,29.9
SBA,11/17/2025 7:25,29.89
SBA,11/17/2025 7:30,29.9
SBA,11/17/2025 7:35,29.91
SBA,11/17/2025 7:40,29.91
SBA,11/17/2025 7:45,29.91
SBA,11/17/2025 7:50,29.91
SBA,11/17/2025 7:55,29.9
SBA,11/17/2025 8:00,29.9
SBA,11/17/2025 8:05,29.9
SBA,11/17/2025 8:10,29.9
SBA,11/17/2025 8:15,29.9
SBA,11/17/2025 8:20,29.9
SBA,11/17/2025 8:25,29.9
SBA,11/17/2025 8:30,29.9
SBA,11/17/2025 8:35,29.9
SBA,11/17/2025 8:40,29.9
SBA,11/17/2025 8:45,29.9
SBA,11/17/2025 8:50,29.89
SBA,11/17/2025 8:55,29.9
SBA,11/17/2025 9:00,29.9
SBA,11/17/2025 9:05,29.9
SBA,11/17/2025 9:15,29.9
SBA,11/17/2025 9:20,29.9
SBA,11/17/2025 9:25,29.9
SBA,11/17/2025 9:30,29.9
SBA,11/17/2025 9:35,29.9
SBA,11/17/2025 9:40,29.9
SBA,11/17/2025 9:45,29.9
SBA,11/17/2025 9:50,29.9
SBA,11/17/2025 9:55,29.9
SBA,11/17/2025 10:00,29.89
SBA,11/17/2025 10:05,29.89
SBA,11/17/2025 10:10,29.89
SBA,11/17/2025 10:15,29.89
SBA,11/17/2025 10:20,29.89
SBA,11/17/2025 10:25,29.89
SBA,11/17/2025 10:30,29.89
SBA,11/17/2025 10:35,29.88
SBA,11/17/2025 10:40,29.88
SBA,11/17/2025 10:45,29.88
SBA,11/17/2025 10:50,29.88
SBA,11/17/2025 10:55,29.87
SBA,11/17/2025 11:00,29.87
SBA,11/17/2025 11:05,29.87
SBA,11/17/2025 11:10,29.87
SBA,11/17/2025 11:15,29.87
SBA,11/17/2025 11:20,29.87
SBA,11/17/2025 11:25,29.87
SBA,11/17/2025 11:30,29.86
SBA,11/17/2025 11:35,29.86
SBA,11/17/2025 11:40,29.85
SBA,11/17/2025 11:45,29.85
SBA,11/17/2025 11:50,29.85
SBA,11/17/2025 11:55,29.85
SBA,11/17/2025 12:00,29.85
SBA,11/17/2025 12:05,29.86
SBA,11/17/2025 12:10,29.86
SBA,11/17/2025 12:15,29.85
SBA,11/17/2025 12:20,29.85
SBA,11/17/2025 12:25,29.85
SBA,11/17/2025 12:30,29.86
SBA,11/17/2025 12:35,29.87
SBA,11/17/2025 12:40,29.86
SBA,11/17/2025 12:45,29.85
SBA,11/17/2025 12:50,29.85
SBA,11/17/2025 12:55,29.84
SBA,11/17/2025 13:00,29.84
SBA,11/17/2025 13:05,29.84
SBA,11/17/2025 13:10,29.84
SBA,11/17/2025 13:15,29.84
SBA,11/17/2025 13:20,29.84
SBA,11/17/2025 13:25,29.83
SBA,11/17/2025 13:30,29.84
SBA,11/17/2025 13:35,29.84
SBA,11/17/2025 13:40,29.84
SBA,11/17/2025 13:45,29.84
SBA,11/17/2025 13:50,29.84
SBA,11/17/2025 13:55,29.84
SBA,11/17/2025 14:00,29.84
SBA,11/17/2025 14:05,29.84
SBA,11/17/2025 14:10,29.83
SBA,11/17/2025 14:15,29.83
SBA,11/17/2025 14:20,29.83
SBA,11/17/2025 14:25,29.83
SBA,11/17/2025 14:30,29.83
SBA,11/17/2025 14:35,29.83
SBA,11/17/2025 14:40,29.83
SBA,11/17/2025 14:45,29.83
SBA,11/17/2025 14:50,29.83
SBA,11/17/2025 14:55,29.83
SBA,11/17/2025 15:00,29.83
SBA,11/17/2025 15:05,29.83
SBA,11/17/2025 15:10,29.83
SBA,11/17/2025 15:15,29.83
SBA,11/17/2025 15:20,29.83
SBA,11/17/2025 15:25,29.83
SBA,11/17/2025 15:30,29.83
SBA,11/17/2025 15:35,29.83
SBA,11/17/2025 15:40,29.83
SBA,11/17/2025 15:45,29.83
SBA,11/17/2025 15:50,29.83
SBA,11/17/2025 15:55,29.83
SBA,11/17/2025 16:00,29.83
SBA,11/17/2025 16:05,29.83
SBA,11/17/2025 16:10,29.83
SBA,11/17/2025 16:15,29.83
SBA,11/17/2025 16:20,29.83
SBA,11/17/2025 16:25,29.83
SBA,11/17/2025 16:30,29.83
SBA,11/17/2025 16:35,29.83
SBA,11/17/2025 16:40,29.83
SBA,11/17/2025 16:45,29.83
SBA,11/17/2025 16:50,29.83
SBA,11/17/2025 16:55,29.83
SBA,11/17/2025 17:00,29.83
SBA,11/17/2025 17:05,29.83
SBA,11/17/2025 17:10,29.84
SBA,11/17/2025 17:15,29.84
SBA,11/17/2025 17:20,29.84
SBA,11/17/2025 17:25,29.84
SBA,11/17/2025 17:30,29.84
SBA,11/17/2025 17:35,29.84
SBA,11/17/2025 17:40,29.84
SBA,11/17/2025 17:45,29.84
SBA,11/17/2025 17:50,29.84
SBA,11/17/2025 17:55,29.85
SBA,11/17/2025 18:00,29.84
SBA,11/17/2025 18:05,29.84
SBA,11/17/2025 18:10,29.85
SBA,11/17/2025 18:15,29.85
SBA,11/17/2025 18:20,29.85
SBA,11/17/2025 18:25,29.85
SBA,11/17/2025 18:30,29.85
SBA,11/17/2025 18:35,29.85
SBA,11/17/2025 18:40,29.85
SBA,11/17/2025 18:45,29.85
SBA,11/17/2025 18:50,29.85
SBA,11/17/2025 18:55,29.85
SBA,11/17/2025 19:00,29.85
SBA,11/17/2025 19:05,29.85
SBA,11/17/2025 19:10,29.86
SBA,11/17/2025 19:15,29.86
SBA,11/17/2025 19:20,29.86
SBA,11/17/2025 19:25,29.86
SBA,11/17/2025 19:30,29.86
SBA,11/17/2025 19:35,29.86
SBA,11/17/2025 19:40,29.86
SBA,11/17/2025 19:45,29.86
SBA,11/17/2025 19:50,29.86
SBA,11/17/2025 19:55,29.86
SBA,11/17/2025 20:00,29.87
SBA,11/17/2025 20:05,29.87
SBA,11/17/2025 20:10,29.87
SBA,11/17/2025 20:15,29.87
SBA,11/17/2025 20:20,29.87
SBA,11/17/2025 20:25,29.87
SBA,11/17/2025 20:30,29.87
SBA,11/17/2025 20:35,29.87
SBA,11/17/2025 20:40,29.87
SBA,11/17/2025 20:45,29.87
SBA,11/17/2025 20:50,29.87
SBA,11/17/2025 20:55,29.87
SBA,11/17/2025 21:00,29.87
SBA,11/17/2025 21:05,29.87
SBA,11/17/2025 21:10,29.87
SBA,11/17/2025 21:15,29.87
SBA,11/17/2025 21:20,29.87
SBA,11/17/2025 21:25,29.88
SBA,11/17/2025 21:30,29.88
SBA,11/17/2025 21:35,29.88
SBA,11/17/2025 21:40,29.88
SBA,11/17/2025 21:45,29.88
SBA,11/17/2025 21:50,29.87
SBA,11/17/2025 21:55,29.88
SBA,11/17/2025 22:00,29.88
SBA,11/17/2025 22:05,29.88
SBA,11/17/2025 22:10,29.88
SBA,11/17/2025 22:15,29.88
SBA,11/17/2025 22:20,29.88
SBA,11/17/2025 22:25,29.88
SBA,11/17/2025 22:30,29.88
SBA,11/17/2025 22:35,29.88
SBA,11/17/2025 22:40,29.88
SBA,11/17/2025 22:45,29.88
SBA,11/17/2025 22:50,29.88
SBA,11/17/2025 22:55,29.89
SBA,11/17/2025 23:00,29.88
SBA,11/17/2025 23:05,29.89
SBA,11/17/2025 23:10,29.89
SBA,11/17/2025 23:15,29.89
SBA,11/17/2025 23:20,29.89
SBA,11/17/2025 23:25,29.89
SBA,11/17/2025 23:30,29.89
SBA,11/17/2025 23:35,29.89
SBA,11/17/2025 23:40,29.89
SBA,11/17/2025 23:45,29.89
SBA,11/17/2025 23:50,29.89
SBA,11/17/2025 23:55,29.89
SBA,11/18/2025 0:00,29.89
SBA,11/18/2025 0:05,29.89
SBA,11/18/2025 0:10,29.89
SBA,11/18/2025 0:15,29.89
SBA,11/18/2025 0:20,29.89
SBA,11/18/2025 0:25,29.89
SBA,11/18/2025 0:30,29.88
SBA,11/18/2025 0:35,29.89
SBA,11/18/2025 0:40,29.89
SBA,11/18/2025 0:45,29.89
SBA,11/18/2025 0:50,29.89
SBA,11/18/2025 0:55,29.89
SBA,11/18/2025 1:00,29.89
SBA,11/18/2025 1:05,29.89
SBA,11/18/2025 1:10,29.89
SBA,11/18/2025 1:15,29.88
SBA,11/18/2025 1:20,29.89
SBA,11/18/2025 1:25,29.89
SBA,11/18/2025 1:30,29.89
SBA,11/18/2025 1:35,29.89
SBA,11/18/2025 1:40,29.89
SBA,11/18/2025 1:45,29.89
SBA,11/18/2025 1:50,29.89
SBA,11/18/2025 1:55,29.89
SBA,11/18/2025 2:00,29.89
SBA,11/18/2025 2:05,29.89
SBA,11/18/2025 2:10,29.89
SBA,11/18/2025 2:15,29.88
SBA,11/18/2025 2:20,29.88
SBA,11/18/2025 2:25,29.88
SBA,11/18/2025 2:30,29.88
SBA,11/18/2025 2:35,29.88
SBA,11/18/2025 2:40,29.88
SBA,11/18/2025 2:45,29.88
SBA,11/18/2025 2:50,29.88
SBA,11/18/2025 2:55,29.88
SBA,11/18/2025 3:00,29.88
SBA,11/18/2025 3:05,29.88
SBA,11/18/2025 3:10,29.88
SBA,11/18/2025 3:15,29.87
SBA,11/18/2025 3:20,29.87
SBA,11/18/2025 3:25,29.87
SBA,11/18/2025 3:30,29.87
SBA,11/18/2025 3:35,29.87
SBA,11/18/2025 3:40,29.88
SBA,11/18/2025 3:45,29.87
SBA,11/18/2025 3:50,29.88
SBA,11/18/2025 3:55,29.88
SBA,11/18/2025 4:00,29.87
SBA,11/18/2025 4:05,29.87
SBA,11/18/2025 4:10,29.87
SBA,11/18/2025 4:15,29.87
SBA,11/18/2025 4:20,29.87
SBA,11/18/2025 4:25,29.87
SBA,11/18/2025 4:30,29.88
SBA,11/18/2025 4:35,29.88
SBA,11/18/2025 4:40,29.88
SBA,11/18/2025 4:45,29.88
SBA,11/18/2025 4:50,29.88
SBA,11/18/2025 4:55,29.88
SBA,11/18/2025 5:00,29.88
SBA,11/18/2025 5:05,29.88
SBA,11/18/2025 5:10,29.88
SBA,11/18/2025 5:15,29.89
SBA,11/18/2025 5:20,29.89
SBA,11/18/2025 5:25,29.89
SBA,11/18/2025 5:30,29.89
SBA,11/18/2025 5:35,29.89
SBA,11/18/2025 5:40,29.89
SBA,11/18/2025 5:45,29.89
SBA,11/18/2025 5:50,29.89
SBA,11/18/2025 5:55,29.89
SBA,11/18/2025 6:00,29.89
SBA,11/18/2025 6:05,29.9
SBA,11/18/2025 6:10,29.9
SBA,11/18/2025 6:15,29.9
SBA,11/18/2025 6:20,29.9
SBA,11/18/2025 6:25,29.9
SBA,11/18/2025 6:30,29.9
SBA,11/18/2025 6:35,29.9
SBA,11/18/2025 6:40,29.9
SBA,11/18/2025 6:45,29.9
SBA,11/18/2025 6:50,29.9
SBA,11/18/2025 6:55,29.9
SBA,11/18/2025 7:00,29.91
SBA,11/18/2025 7:05,29.91
SBA,11/18/2025 7:10,29.91
SBA,11/18/2025 7:15,29.91
SBA,11/18/2025 7:20,29.91
SBA,11/18/2025 7:25,29.91
SBA,11/18/2025 7:30,29.91
SBA,11/18/2025 7:35,29.92
SBA,11/18/2025 7:40,29.92
SBA,11/18/2025 7:45,29.92
SBA,11/18/2025 7:50,29.92
SBA,11/18/2025 7:55,29.92
SBA,11/18/2025 8:00,29.92
SBA,11/18/2025 8:05,29.93
SBA,11/18/2025 8:10,29.93
SBA,11/18/2025 8:15,29.93
SBA,11/18/2025 8:20,29.93
SBA,11/18/2025 8:25,29.93
SBA,11/18/2025 8:30,29.93
SBA,11/18/2025 8:35,29.93
SBA,11/18/2025 8:40,29.93
SBA,11/18/2025 8:45,29.93
SBA,11/18/2025 8:50,29.93
SBA,11/18/2025 8:55,29.94
SBA,11/18/2025 9:00,29.94
SBA,11/18/2025 9:05,29.94
SBA,11/18/2025 9:10,29.94
SBA,11/18/2025 9:15,29.94
SBA,11/18/2025 9:20,29.94
SBA,11/18/2025 9:25,29.94
SBA,11/18/2025 9:30,29.94
SBA,11/18/2025 9:35,29.94
SBA,11/18/2025 9:40,29.94
SBA,11/18/2025 9:45,29.94
SBA,11/18/2025 9:50,29.94
SBA,11/18/2025 9:55,29.94
SBA,11/18/2025 10:00,29.94
SBA,11/18/2025 10:05,29.94
SBA,11/18/2025 10:10,29.94
SBA,11/18/2025 10:15,29.94
SBA,11/18/2025 10:20,29.94
SBA,11/18/2025 10:25,29.94
SBA,11/18/2025 10:30,29.94
SBA,11/18/2025 10:35,29.94
SBA,11/18/2025 10:40,29.94
SBA,11/18/2025 10:45,29.94
SBA,11/18/2025 10:50,29.94
SBA,11/18/2025 10:55,29.94
SBA,11/18/2025 11:00,29.94
SBA,11/18/2025 11:05,29.93
SBA,11/18/2025 11:10,29.93
SBA,11/18/2025 11:15,29.93
SBA,11/18/2025 11:20,29.93
SBA,11/18/2025 11:25,29.93
SBA,11/18/2025 11:30,29.92
SBA,11/18/2025 11:35,29.92
SBA,11/18/2025 11:40,29.92
SBA,11/18/2025 11:45,29.92
SBA,11/18/2025 11:50,29.92
SBA,11/18/2025 11:55,29.91
SBA,11/18/2025 12:00,29.91
SBA,11/18/2025 12:05,29.91
SBA,11/18/2025 12:10,29.91
SBA,11/18/2025 12:15,29.91
SBA,11/18/2025 12:20,29.91
SBA,11/18/2025 12:25,29.91
SBA,11/18/2025 12:30,29.9
SBA,11/18/2025 12:35,29.9
SBA,11/18/2025 12:40,29.9
SBA,11/18/2025 12:45,29.9
SBA,11/18/2025 12:50,29.9
SBA,11/18/2025 12:55,29.9
SBA,11/18/2025 13:00,29.9
SBA,11/18/2025 13:05,29.9
SBA,11/18/2025 13:10,29.9
SBA,11/18/2025 13:15,29.9
SBA,11/18/2025 13:20,29.9
SBA,11/18/2025 13:25,29.9
SBA,11/18/2025 13:30,29.9
SBA,11/18/2025 13:35,29.9
SBA,11/18/2025 13:40,29.9
SBA,11/18/2025 13:45,29.9
SBA,11/18/2025 13:50,29.9
SBA,11/18/2025 13:55,29.9
SBA,11/18/2025 14:00,29.9
SBA,11/18/2025 14:05,29.9
SBA,11/18/2025 14:10,29.9
SBA,11/18/2025 14:15,29.9
SBA,11/18/2025 14:20,29.9
SBA,11/18/2025 14:25,29.9
SBA,11/18/2025 14:30,29.9
SBA,11/18/2025 14:35,29.9
SBA,11/18/2025 14:40,29.9
SBA,11/18/2025 14:45,29.9
SBA,11/18/2025 14:50,29.91
SBA,11/18/2025 14:55,29.91
SBA,11/18/2025 15:00,29.91
SBA,11/18/2025 15:05,29.91
SBA,11/18/2025 15:10,29.91
SBA,11/18/2025 15:15,29.91
SBA,11/18/2025 15:20,29.91
SBA,11/18/2025 15:25,29.91
SBA,11/18/2025 15:30,29.91
SBA,11/18/2025 15:35,29.91
SBA,11/18/2025 15:40,29.91
SBA,11/18/2025 15:45,29.91
SBA,11/18/2025 15:50,29.91
SBA,11/18/2025 15:55,29.91
SBA,11/18/2025 16:00,29.91
SBA,11/18/2025 16:05,29.91
SBA,11/18/2025 16:10,29.9
SBA,11/18/2025 16:15,29.91
SBA,11/18/2025 16:20,29.91
SBA,11/18/2025 16:25,29.91
SBA,11/18/2025 16:30,29.91
SBA,11/18/2025 16:35,29.91
SBA,11/18/2025 16:40,29.92
SBA,11/18/2025 16:45,29.92
SBA,11/18/2025 16:50,29.92
SBA,11/18/2025 16:55,29.92
SBA,11/18/2025 17:00,29.93
SBA,11/18/2025 17:05,29.93
SBA,11/18/2025 17:10,29.93
SBA,11/18/2025 17:15,29.93
SBA,11/18/2025 17:20,29.93
SBA,11/18/2025 17:25,29.94
SBA,11/18/2025 17:30,29.94
SBA,11/18/2025 17:35,29.94
SBA,11/18/2025 17:40,29.94
SBA,11/18/2025 17:45,29.94
SBA,11/18/2025 17:50,29.95
SBA,11/18/2025 17:55,29.95
SBA,11/18/2025 18:00,29.95
SBA,11/18/2025 18:05,29.95
SBA,11/18/2025 18:10,29.95
SBA,11/18/2025 18:15,29.95
SBA,11/18/2025 18:20,29.96
SBA,11/18/2025 18:25,29.96
SBA,11/18/2025 18:30,29.96
SBA,11/18/2025 18:35,29.97
SBA,11/18/2025 18:40,29.97
SBA,11/18/2025 18:45,29.97
SBA,11/18/2025 18:50,29.97
SBA,11/18/2025 18:55,29.97
SBA,11/18/2025 19:00,29.97
SBA,11/18/2025 19:05,29.97
SBA,11/18/2025 19:10,29.97
SBA,11/18/2025 19:15,29.97
SBA,11/18/2025 19:20,29.97
SBA,11/18/2025 19:25,29.98
SBA,11/18/2025 19:30,29.98
SBA,11/18/2025 19:35,29.98
SBA,11/18/2025 19:40,29.98
SBA,11/18/2025 19:45,29.98
SBA,11/18/2025 19:50,29.98
SBA,11/18/2025 19:55,29.98
SBA,11/18/2025 20:00,29.98
SBA,11/18/2025 20:05,29.98
SBA,11/18/2025 20:10,29.98
SBA,11/18/2025 20:15,29.98
SBA,11/18/2025 20:20,29.98
SBA,11/18/2025 20:25,29.98
SBA,11/18/2025 20:30,29.98
SBA,11/18/2025 20:35,29.98
SBA,11/18/2025 20:40,29.98
SBA,11/18/2025 20:45,29.98
SBA,11/18/2025 20:50,29.98
SBA,11/18/2025 20:55,29.98
SBA,11/18/2025 21:00,29.98
SBA,11/18/2025 21:05,29.98
SBA,11/18/2025 21:10,29.99
SBA,11/18/2025 21:15,29.99
SBA,11/18/2025 21:20,29.99
SBA,11/18/2025 21:25,29.99
SBA,11/18/2025 21:30,29.99
SBA,11/18/2025 21:35,29.99
SBA,11/18/2025 21:40,29.99
SBA,11/18/2025 21:45,29.99
SBA,11/18/2025 21:50,29.99
SBA,11/18/2025 21:55,29.99
SBA,11/18/2025 22:00,30
SBA,11/18/2025 22:05,30
SBA,11/18/2025 22:10,30
SBA,11/18/2025 22:15,30
SBA,11/18/2025 22:20,29.99
SBA,11/18/2025 22:25,29.99
SBA,11/18/2025 22:30,29.99
SBA,11/18/2025 22:35,29.99
SBA,11/18/2025 22:40,29.99
SBA,11/18/2025 22:45,29.99
SBA,11/18/2025 22:50,29.99
SBA,11/18/2025 22:55,29.99
SBA,11/18/2025 23:00,29.99
SBA,11/18/2025 23:05,29.99
SBA,11/18/2025 23:10,29.99
SBA,11/18/2025 23:15,30
SBA,11/18/2025 23:20,30
SBA,11/18/2025 23:25,30
SBA,11/18/2025 23:30,30
SBA,11/18/2025 23:35,30
SBA,11/18/2025 23:40,30
SBA,11/18/2025 23:45,30
SBA,11/18/2025 23:50,30
SBA,11/18/2025 23:55,30
SBA,11/19/2025 0:00,30
SBA,11/19/2025 0:05,30
SBA,11/19/2025 0:10,30
SBA,11/19/2025 0:15,30
SBA,11/19/2025 0:20,30
SBA,11/19/2025 0:25,30
SBA,11/19/2025 0:30,30
SBA,11/19/2025 0:35,30
SBA,11/19/2025 0:40,30
SBA,11/19/2025 0:45,30.01
SBA,11/19/2025 0:50,30
SBA,11/19/2025 0:55,30
SBA,11/19/2025 1:00,30
SBA,11/19/2025 1:05,30
SBA,11/19/2025 1:10,30
SBA,11/19/2025 1:15,30
SBA,11/19/2025 1:20,30
SBA,11/19/2025 1:25,30
SBA,11/19/2025 1:30,30
SBA,11/19/2025 1:35,30
SBA,11/19/2025 1:40,30.01
SBA,11/19/2025 1:45,30.01
SBA,11/19/2025 1:50,30.01
SBA,11/19/2025 1:55,30
SBA,11/19/2025 2:00,30
SBA,11/19/2025 2:05,30
SBA,11/19/2025 2:10,30
SBA,11/19/2025 2:15,30
SBA,11/19/2025 2:20,30.01
SBA,11/19/2025 2:25,30.01
SBA,11/19/2025 2:30,30.01
SBA,11/19/2025 2:35,30.01
SBA,11/19/2025 2:40,30.01
SBA,11/19/2025 2:45,30.01
SBA,11/19/2025 2:50,30.01
SBA,11/19/2025 2:55,30.01
SBA,11/19/2025 3:00,30.01
SBA,11/19/2025 3:05,30.02
SBA,11/19/2025 3:10,30.02
SBA,11/19/2025 3:15,30.01
SBA,11/19/2025 3:20,30.01
SBA,11/19/2025 3:25,30.01
SBA,11/19/2025 3:30,30.02
SBA,11/19/2025 3:35,30.02
SBA,11/19/2025 3:40,30.02
SBA,11/19/2025 3:45,30.02
SBA,11/19/2025 3:50,30.02
SBA,11/19/2025 3:55,30.02
SBA,11/19/2025 4:00,30.01
SBA,11/19/2025 4:05,30.01
SBA,11/19/2025 4:10,30.02
SBA,11/19/2025 4:15,30.01
SBA,11/19/2025 4:20,30.01
SBA,11/19/2025 4:25,30.02
SBA,11/19/2025 4:30,30.02
SBA,11/19/2025 4:35,30.02
SBA,11/19/2025 4:40,30.02
SBA,11/19/2025 4:45,30.02
SBA,11/19/2025 4:50,30.03
SBA,11/19/2025 4:55,30.03
SBA,11/19/2025 5:00,30.03
SBA,11/19/2025 5:05,30.03
SBA,11/19/2025 5:10,30.03
SBA,11/19/2025 5:15,30.03
SBA,11/19/2025 5:20,30.03
SBA,11/19/2025 5:25,30.03
SBA,11/19/2025 5:30,30.03
SBA,11/19/2025 5:35,30.03
SBA,11/19/2025 5:40,30.03
SBA,11/19/2025 5:45,30.03
SBA,11/19/2025 5:50,30.03
SBA,11/19/2025 5:55,30.03
SBA,11/19/2025 6:00,30.03
SBA,11/19/2025 6:05,30.03
SBA,11/19/2025 6:10,30.03
SBA,11/19/2025 6:15,30.03
SBA,11/19/2025 6:20,30.03
SBA,11/19/2025 6:25,30.03
SBA,11/19/2025 6:30,30.03
SBA,11/19/2025 6:35,30.03
SBA,11/19/2025 6:40,30.03
SBA,11/19/2025 6:45,30.04
SBA,11/19/2025 6:50,30.04
SBA,11/19/2025 6:55,30.04
SBA,11/19/2025 7:00,30.04
SBA,11/19/2025 7:05,30.04
SBA,11/19/2025 7:10,30.04
SBA,11/19/2025 7:15,30.05
SBA,11/19/2025 7:20,30.05
SBA,11/19/2025 7:25,30.05
SBA,11/19/2025 7:30,30.05
SBA,11/19/2025 7:35,30.05
SBA,11/19/2025 7:40,30.05
SBA,11/19/2025 7:45,30.05
SBA,11/19/2025 7:50,30.05
SBA,11/19/2025 7:55,30.05
SBA,11/19/2025 8:00,30.05
SBA,11/19/2025 8:05,30.05
SBA,11/19/2025 8:10,30.06
SBA,11/19/2025 8:15,30.06
SBA,11/19/2025 8:20,30.06
SBA,11/19/2025 8:25,30.06
SBA,11/19/2025 8:30,30.06
SBA,11/19/2025 8:35,30.06
SBA,11/19/2025 8:40,30.06
SBA,11/19/2025 8:45,30.06
SBA,11/19/2025 8:50,30.06
SBA,11/19/2025 8:55,30.06
SBA,11/19/2025 9:00,30.06
SBA,11/19/2025 9:05,30.06
SBA,11/19/2025 9:10,30.06
SBA,11/19/2025 9:15,30.06
SBA,11/19/2025 9:20,30.07
SBA,11/19/2025 9:25,30.07
SBA,11/19/2025 9:30,30.07
SBA,11/19/2025 9:35,30.07
SBA,11/19/2025 9:40,30.07
SBA,11/19/2025 9:45,30.07
SBA,11/19/2025 9:50,30.07
SBA,11/19/2025 9:55,30.07
SBA,11/19/2025 10:00,30.07
SBA,11/19/2025 10:05,30.07
SBA,11/19/2025 10:10,30.07
SBA,11/19/2025 10:15,30.07
SBA,11/19/2025 10:20,30.07
SBA,11/19/2025 10:25,30.07
SBA,11/19/2025 10:30,30.07
SBA,11/19/2025 10:35,30.07
SBA,11/19/2025 10:40,30.07
SBA,11/19/2025 10:45,30.07
SBA,11/19/2025 10:50,30.07
SBA,11/19/2025 10:55,30.07
SBA,11/19/2025 11:00,30.07
SBA,11/19/2025 11:05,30.07
SBA,11/19/2025 11:10,30.06
SBA,11/19/2025 11:15,30.06
SBA,11/19/2025 11:20,30.06
SBA,11/19/2025 11:25,30.06
SBA,11/19/2025 11:30,30.06
SBA,11/19/2025 11:35,30.05
SBA,11/19/2025 11:40,30.05
SBA,11/19/2025 11:45,30.05
SBA,11/19/2025 11:50,30.05
SBA,11/19/2025 11:55,30.05
SBA,11/19/2025 12:00,30.04
SBA,11/19/2025 12:05,30.04
SBA,11/19/2025 12:10,30.04
SBA,11/19/2025 12:15,30.04
SBA,11/19/2025 12:20,30.04
SBA,11/19/2025 12:25,30.03
SBA,11/19/2025 12:30,30.03
SBA,11/19/2025 12:35,30.03
SBA,11/19/2025 12:40,30.03
SBA,11/19/2025 12:45,30.03
SBA,11/19/2025 12:50,30.02
SBA,11/19/2025 12:55,30.02
SBA,11/19/2025 13:00,30.02
SBA,11/19/2025 13:05,30.02
SBA,11/19/2025 13:10,30.02
SBA,11/19/2025 13:15,30.02
SBA,11/19/2025 13:20,30.02
SBA,11/19/2025 13:25,30.02
SBA,11/19/2025 13:30,30.02
SBA,11/19/2025 13:35,30.01
SBA,11/19/2025 13:40,30.01
SBA,11/19/2025 13:45,30.01
SBA,11/19/2025 13:50,30
SBA,11/19/2025 13:55,30
SBA,11/19/2025 14:00,30
SBA,11/19/2025 14:05,30
SBA,11/19/2025 14:10,30
SBA,11/19/2025 14:15,30
SBA,11/19/2025 14:20,30
SBA,11/19/2025 14:25,30
SBA,11/19/2025 14:30,30
SBA,11/19/2025 14:35,30
SBA,11/19/2025 14:40,30
SBA,11/19/2025 14:45,30
SBA,11/19/2025 14:50,30
SBA,11/19/2025 14:55,30
SBA,11/19/2025 15:00,30
SBA,11/19/2025 15:05,30
SBA,11/19/2025 15:10,30.01
SBA,11/19/2025 15:15,30.01
SBA,11/19/2025 15:20,30
SBA,11/19/2025 15:25,30
SBA,11/19/2025 15:30,30
SBA,11/19/2025 15:35,30
SBA,11/19/2025 15:40,30
SBA,11/19/2025 15:45,30
SBA,11/19/2025 15:50,30
SBA,11/19/2025 15:55,30
SBA,11/19/2025 16:00,30
SBA,11/19/2025 16:05,30
SBA,11/19/2025 16:10,30
SBA,11/19/2025 16:15,30
SBA,11/19/2025 16:20,30
SBA,11/19/2025 16:25,30
SBA,11/19/2025 16:30,30
SBA,11/19/2025 16:35,30
SBA,11/19/2025 16:40,30
SBA,11/19/2025 16:45,30
SBA,11/19/2025 16:50,30
SBA,11/19/2025 16:55,30
SBA,11/19/2025 17:00,30
SBA,11/19/2025 17:05,30
SBA,11/19/2025 17:10,30
SBA,11/19/2025 17:15,30
SBA,11/19/2025 17:20,30
SBA,11/19/2025 17:25,30
SBA,11/19/2025 17:30,30
SBA,11/19/2025 17:35,30
SBA,11/19/2025 17:40,30.01
SBA,11/19/2025 17:45,30.01
SBA,11/19/2025 17:50,30.01
SBA,11/19/2025 17:55,30.01
SBA,11/19/2025 18:00,30.01
SBA,11/19/2025 18:05,30.01
SBA,11/19/2025 18:10,30.01
SBA,11/19/2025 18:15,30.01
SBA,11/19/2025 18:20,30.01
SBA,11/19/2025 18:25,30.01
SBA,11/19/2025 18:30,30.01
SBA,11/19/2025 18:35,30.01
SBA,11/19/2025 18:40,30.01
SBA,11/19/2025 18:45,30.01
SBA,11/19/2025 18:50,30.01
SBA,11/19/2025 18:55,30.01
SBA,11/19/2025 19:00,30.02
SBA,11/19/2025 19:05,30.02
SBA,11/19/2025 19:10,30.02
SBA,11/19/2025 19:15,30.02
SBA,11/19/2025 19:20,30.02
SBA,11/19/2025 19:25,30.02
SBA,11/19/2025 19:30,30.02
SBA,11/19/2025 19:35,30.02
SBA,11/19/2025 19:40,30.01
SBA,11/19/2025 19:45,30.02
SBA,11/19/2025 19:50,30.02
SBA,11/19/2025 19:55,30.02
SBA,11/19/2025 20:00,30.02
SBA,11/19/2025 20:05,30.01
SBA,11/19/2025 20:10,30.01
SBA,11/19/2025 20:15,30.01
SBA,11/19/2025 20:20,30.01
SBA,11/19/2025 20:25,30.01
SBA,11/19/2025 20:30,30.01
SBA,11/19/2025 20:35,30.01
SBA,11/19/2025 20:40,30.02
SBA,11/19/2025 20:45,30.02
SBA,11/19/2025 20:50,30.02
SBA,11/19/2025 20:55,30.02
SBA,11/19/2025 21:00,30.02
SBA,11/19/2025 21:05,30.02
SBA,11/19/2025 21:10,30.02
SBA,11/19/2025 21:15,30.02
SBA,11/19/2025 21:20,30.02
SBA,11/19/2025 21:25,30.02
SBA,11/19/2025 21:30,30.02
SBA,11/19/2025 21:35,30.02
SBA,11/19/2025 21:40,30.02
SBA,11/19/2025 21:45,30.01
SBA,11/19/2025 21:50,30.01
SBA,11/19/2025 21:55,30.01
SBA,11/19/2025 22:00,30.01
SBA,11/19/2025 22:05,30.02
SBA,11/19/2025 22:10,30.02
SBA,11/19/2025 22:15,30.02
SBA,11/19/2025 22:20,30.02
SBA,11/19/2025 22:25,30.02
SBA,11/19/2025 22:30,30.02
SBA,11/19/2025 22:35,30.02
SBA,11/19/2025 22:40,30.02
SBA,11/19/2025 22:45,30.02
SBA,11/19/2025 22:50,30.02
SBA,11/19/2025 22:55,30.03
SBA,11/19/2025 23:00,30.03
SBA,11/19/2025 23:05,30.02
SBA,11/19/2025 23:10,30.02
SBA,11/19/2025 23:15,30.03
SBA,11/19/2025 23:20,30.04
SBA,11/19/2025 23:25,30.04
SBA,11/19/2025 23:30,30.04
SBA,11/19/2025 23:35,30.05
SBA,11/19/2025 23:40,30.05
SBA,11/19/2025 23:45,30.04
SBA,11/19/2025 23:50,30.04
SBA,11/19/2025 23:55,30.04
SBA,11/20/2025 0:00,30.04
SBA,11/20/2025 0:05,30.04
SBA,11/20/2025 0:10,30.04
SBA,11/20/2025 0:15,30.04
SBA,11/20/2025 0:20,30.04
SBA,11/20/2025 0:25,30.04
SBA,11/20/2025 0:30,30.04
SBA,11/20/2025 0:35,30.03
SBA,11/20/2025 0:40,30.03
SBA,11/20/2025 0:45,30.03
SBA,11/20/2025 0:50,30.03
SBA,11/20/2025 0:55,30.03
SBA,11/20/2025 1:00,30.02
SBA,11/20/2025 1:05,30.02
SBA,11/20/2025 1:10,30.02
SBA,11/20/2025 1:15,30.02
SBA,11/20/2025 1:20,30.02
SBA,11/20/2025 1:25,30.01
SBA,11/20/2025 1:30,30.01
SBA,11/20/2025 1:35,30.02
SBA,11/20/2025 1:40,30.01
SBA,11/20/2025 1:45,30.01
SBA,11/20/2025 1:50,30.02
SBA,11/20/2025 1:55,30.02
SBA,11/20/2025 2:00,30.02
SBA,11/20/2025 2:05,30.02
SBA,11/20/2025 2:10,30.01
SBA,11/20/2025 2:15,30.02
SBA,11/20/2025 2:20,30.02
SBA,11/20/2025 2:25,30.01
SBA,11/20/2025 2:30,30.01
SBA,11/20/2025 2:35,30.01
SBA,11/20/2025 2:40,30.01
SBA,11/20/2025 2:45,30.02
SBA,11/20/2025 2:50,30.02
SBA,11/20/2025 2:55,30.02
SBA,11/20/2025 3:00,30.02
SBA,11/20/2025 3:05,30.01
SBA,11/20/2025 3:10,30.01
SBA,11/20/2025 3:15,30.01
SBA,11/20/2025 3:20,30.01
SBA,11/20/2025 3:25,30.01
SBA,11/20/2025 3:30,30.01
SBA,11/20/2025 3:35,30.01
SBA,11/20/2025 3:40,30.01
SBA,11/20/2025 3:45,30.02
SBA,11/20/2025 3:50,30.01
SBA,11/20/2025 3:55,30.01
SBA,11/20/2025 4:00,30.01
SBA,11/20/2025 4:05,30.01
SBA,11/20/2025 4:10,30
SBA,11/20/2025 4:15,30
SBA,11/20/2025 4:20,30
SBA,11/20/2025 4:25,30
SBA,11/20/2025 4:30,30
SBA,11/20/2025 4:35,30
SBA,11/20/2025 4:40,30
SBA,11/20/2025 4:45,30
SBA,11/20/2025 4:50,30
SBA,11/20/2025 4:55,30
SBA,11/20/2025 5:00,30
SBA,11/20/2025 5:05,30
SBA,11/20/2025 5:10,30
SBA,11/20/2025 5:15,30
SBA,11/20/2025 5:20,30
SBA,11/20/2025 5:25,30
SBA,11/20/2025 5:30,30
SBA,11/20/2025 5:35,30.01
SBA,11/20/2025 5:40,30.01
SBA,11/20/2025 5:45,30.01
SBA,11/20/2025 5:50,30.01
SBA,11/20/2025 5:55,30.01
SBA,11/20/2025 6:00,30.01
SBA,11/20/2025 6:05,30.01
SBA,11/20/2025 6:10,30.01
SBA,11/20/2025 6:15,30.01
SBA,11/20/2025 6:20,30.01
SBA,11/20/2025 6:25,30.01
SBA,11/20/2025 6:30,30.01
SBA,11/20/2025 6:35,30.01
SBA,11/20/2025 6:40,30.01
SBA,11/20/2025 6:45,30.01
SBA,11/20/2025 6:50,30.01
SBA,11/20/2025 6:55,30.01
SBA,11/20/2025 7:00,30.01
SBA,11/20/2025 7:05,30.01
SBA,11/20/2025 7:10,30.01
SBA,11/20/2025 7:15,30.01
SBA,11/20/2025 7:20,30.01
SBA,11/20/2025 7:25,30.01
SBA,11/20/2025 7:30,30.02
SBA,11/20/2025 7:35,30.02
SBA,11/20/2025 7:40,30.01
SBA,11/20/2025 7:45,30.02
SBA,11/20/2025 7:50,30.02
SBA,11/20/2025 7:55,30.02
SBA,11/20/2025 8:00,30.02
SBA,11/20/2025 8:05,30.02
SBA,11/20/2025 8:10,30.01
SBA,11/20/2025 8:15,30.02
SBA,11/20/2025 8:20,30.02
SBA,11/20/2025 8:25,30.02
SBA,11/20/2025 8:30,30.02
SBA,11/20/2025 8:35,30.02
SBA,11/20/2025 8:40,30.02
SBA,11/20/2025 8:45,30.02
SBA,11/20/2025 8:50,30.02
SBA,11/20/2025 8:55,30.02
SBA,11/20/2025 9:00,30.02
SBA,11/20/2025 9:05,30.02
SBA,11/20/2025 9:10,30.02
SBA,11/20/2025 9:15,30.02
SBA,11/20/2025 9:20,30.02
SBA,11/20/2025 9:25,30.02
SBA,11/20/2025 9:30,30.02
SBA,11/20/2025 9:35,30.02
SBA,11/20/2025 9:40,30.02
SBA,11/20/2025 9:45,30.02
SBA,11/20/2025 9:50,30.03
SBA,11/20/2025 9:55,30.03
SBA,11/20/2025 10:00,30.02
SBA,11/20/2025 10:05,30.02
SBA,11/20/2025 10:10,30.02
SBA,11/20/2025 10:15,30.02
SBA,11/20/2025 10:20,30.02
SBA,11/20/2025 10:25,30.02
SBA,11/20/2025 10:30,30.02
SBA,11/20/2025 10:35,30.02
SBA,11/20/2025 10:40,30.01
SBA,11/20/2025 10:45,30.01
SBA,11/20/2025 10:50,30.01
SBA,11/20/2025 10:55,30.01
SBA,11/20/2025 11:00,30.02
SBA,11/20/2025 11:05,30.01
SBA,11/20/2025 11:10,30.01
SBA,11/20/2025 11:15,30.01
SBA,11/20/2025 11:20,30.01
SBA,11/20/2025 11:25,30
SBA,11/20/2025 11:30,30
SBA,11/20/2025 11:35,30
SBA,11/20/2025 11:40,30
SBA,11/20/2025 11:45,29.99
SBA,11/20/2025 11:50,29.99
SBA,11/20/2025 11:55,29.99
SBA,11/20/2025 12:00,29.99
SBA,11/20/2025 12:05,29.98
SBA,11/20/2025 12:10,29.98
SBA,11/20/2025 12:15,29.97
SBA,11/20/2025 12:20,29.97
SBA,11/20/2025 12:25,29.97
SBA,11/20/2025 12:30,29.96
SBA,11/20/2025 12:35,29.96
SBA,11/20/2025 12:40,29.96
SBA,11/20/2025 12:45,29.96
SBA,11/20/2025 12:50,29.95
SBA,11/20/2025 12:55,29.96
SBA,11/20/2025 13:00,29.95
SBA,11/20/2025 13:05,29.95
SBA,11/20/2025 13:10,29.95
SBA,11/20/2025 13:15,29.95
SBA,11/20/2025 13:20,29.95
SBA,11/20/2025 13:25,29.94
SBA,11/20/2025 13:30,29.94
SBA,11/20/2025 13:35,29.94
SBA,11/20/2025 13:40,29.94
SBA,11/20/2025 13:45,29.94
SBA,11/20/2025 13:50,29.94
SBA,11/20/2025 13:55,29.94
SBA,11/20/2025 14:00,29.93
SBA,11/20/2025 14:05,29.93
SBA,11/20/2025 14:10,29.93
SBA,11/20/2025 14:15,29.93
SBA,11/20/2025 14:20,29.93
SBA,11/20/2025 14:25,29.93
SBA,11/20/2025 14:30,29.93
SBA,11/20/2025 14:35,29.93
SBA,11/20/2025 14:40,29.93
SBA,11/20/2025 14:45,29.92
SBA,11/20/2025 14:50,29.92
SBA,11/20/2025 14:55,29.92
SBA,11/20/2025 15:00,29.92
SBA,11/20/2025 15:05,29.92
SBA,11/20/2025 15:10,29.92
SBA,11/20/2025 15:15,29.92
SBA,11/20/2025 15:20,29.91
SBA,11/20/2025 15:25,29.91
SBA,11/20/2025 15:30,29.91
SBA,11/20/2025 15:35,29.91
SBA,11/20/2025 15:40,29.91
SBA,11/20/2025 15:45,29.91
SBA,11/20/2025 15:50,29.91
SBA,11/20/2025 15:55,29.91
SBA,11/20/2025 16:00,29.9
SBA,11/20/2025 16:05,29.9
SBA,11/20/2025 16:10,29.9
SBA,11/20/2025 16:15,29.9
SBA,11/20/2025 16:20,29.9
SBA,11/20/2025 16:25,29.9
SBA,11/20/2025 16:30,29.9
SBA,11/20/2025 16:35,29.9
SBA,11/20/2025 16:40,29.9
SBA,11/20/2025 16:45,29.9
SBA,11/20/2025 16:50,29.9
SBA,11/20/2025 16:55,29.9
SBA,11/20/2025 17:00,29.9
SBA,11/20/2025 17:05,29.9
SBA,11/20/2025 17:10,29.9
SBA,11/20/2025 17:15,29.9
SBA,11/20/2025 17:20,29.89
SBA,11/20/2025 17:25,29.89
SBA,11/20/2025 17:30,29.9
SBA,11/20/2025 17:35,29.9
SBA,11/20/2025 17:40,29.9
SBA,11/20/2025 17:45,29.9
SBA,11/20/2025 17:50,29.89
SBA,11/20/2025 17:55,29.89
SBA,11/20/2025 18:00,29.89
SBA,11/20/2025 18:05,29.89
SBA,11/20/2025 18:10,29.9
SBA,11/20/2025 18:15,29.9
SBA,11/20/2025 18:20,29.9
SBA,11/20/2025 18:25,29.9
SBA,11/20/2025 18:30,29.9
SBA,11/20/2025 18:35,29.91
SBA,11/20/2025 18:40,29.91
SBA,11/20/2025 18:45,29.91
SBA,11/20/2025 18:50,29.91
SBA,11/20/2025 18:55,29.91
SBA,11/20/2025 19:00,29.91
SBA,11/20/2025 19:05,29.91
SBA,11/20/2025 19:10,29.91
SBA,11/20/2025 19:15,29.91
SBA,11/20/2025 19:20,29.91
SBA,11/20/2025 19:25,29.91
SBA,11/20/2025 19:30,29.9
SBA,11/20/2025 19:35,29.9
SBA,11/20/2025 19:40,29.9
SBA,11/20/2025 19:45,29.9
SBA,11/20/2025 19:50,29.9
SBA,11/20/2025 19:55,29.9
SBA,11/20/2025 20:00,29.9
SBA,11/20/2025 20:05,29.9
SBA,11/20/2025 20:10,29.9
SBA,11/20/2025 20:15,29.9
SBA,11/20/2025 20:20,29.9
SBA,11/20/2025 20:25,29.9
SBA,11/20/2025 20:30,29.9
SBA,11/20/2025 20:35,29.9
SBA,11/20/2025 20:40,29.9
SBA,11/20/2025 20:45,29.89
SBA,11/20/2025 20:50,29.89
SBA,11/20/2025 20:55,29.89
SBA,11/20/2025 21:00,29.89
SBA,11/20/2025 21:05,29.89
SBA,11/20/2025 21:10,29.89
SBA,11/20/2025 21:15,29.88
SBA,11/20/2025 21:20,29.88
SBA,11/20/2025 21:25,29.88
SBA,11/20/2025 21:30,29.88
SBA,11/20/2025 21:35,29.87
SBA,11/20/2025 21:40,29.87
SBA,11/20/2025 21:45,29.87
SBA,11/20/2025 21:50,29.87
SBA,11/20/2025 21:55,29.87
SBA,11/20/2025 22:00,29.87
SBA,11/20/2025 22:05,29.86
SBA,11/20/2025 22:10,29.86
SBA,11/20/2025 22:15,29.86
SBA,11/20/2025 22:20,29.85
SBA,11/20/2025 22:25,29.85
SBA,11/20/2025 22:30,29.85
SBA,11/20/2025 22:35,29.85
SBA,11/20/2025 22:40,29.85
SBA,11/20/2025 22:45,29.85
SBA,11/20/2025 22:50,29.85
SBA,11/20/2025 22:55,29.85
SBA,11/20/2025 23:00,29.85
SBA,11/20/2025 23:05,29.84
SBA,11/20/2025 23:10,29.84
SBA,11/20/2025 23:15,29.85
SBA,11/20/2025 23:20,29.85
SBA,11/20/2025 23:25,29.85
SBA,11/20/2025 23:30,29.85
SBA,11/20/2025 23:35,29.85
SBA,11/20/2025 23:40,29.84
SBA,11/20/2025 23:45,29.84
SBA,11/20/2025 23:50,29.84
SBA,11/20/2025 23:55,29.84
SBA,11/21/2025 0:00,29.84
SBA,11/21/2025 0:05,29.84
SBA,11/21/2025 0:10,29.84
SBA,11/21/2025 0:15,29.84
SBA,11/21/2025 0:20,29.84
SBA,11/21/2025 0:25,29.84
SBA,11/21/2025 0:30,29.85
SBA,11/21/2025 0:35,29.85
SBA,11/21/2025 0:40,29.85
SBA,11/21/2025 0:45,29.85
SBA,11/21/2025 0:50,29.85
SBA,11/21/2025 0:55,29.85
SBA,11/21/2025 1:00,29.85
SBA,11/21/2025 1:05,29.85
SBA,11/21/2025 1:10,29.85
SBA,11/21/2025 1:15,29.85
SBA,11/21/2025 1:20,29.85
SBA,11/21/2025 1:25,29.85
SBA,11/21/2025 1:30,29.85
SBA,11/21/2025 1:35,29.85
SBA,11/21/2025 1:40,29.85
SBA,11/21/2025 1:45,29.85
SBA,11/21/2025 1:50,29.85
SBA,11/21/2025 1:55,29.85
SBA,11/21/2025 2:00,29.84
SBA,11/21/2025 2:05,29.84
SBA,11/21/2025 2:10,29.84
SBA,11/21/2025 2:15,29.84
SBA,11/21/2025 2:20,29.84
SBA,11/21/2025 2:25,29.84
SBA,11/21/2025 2:30,29.84
SBA,11/21/2025 2:35,29.83
SBA,11/21/2025 2:40,29.83
SBA,11/21/2025 2:45,29.83
SBA,11/21/2025 2:50,29.83
SBA,11/21/2025 2:55,29.83
SBA,11/21/2025 3:00,29.83
SBA,11/21/2025 3:05,29.83
SBA,11/21/2025 3:10,29.83
SBA,11/21/2025 3:15,29.83
SBA,11/21/2025 3:20,29.83
SBA,11/21/2025 3:25,29.83
SBA,11/21/2025 3:30,29.83
SBA,11/21/2025 3:35,29.83
SBA,11/21/2025 3:40,29.83
SBA,11/21/2025 3:45,29.83
SBA,11/21/2025 3:50,29.83
SBA,11/21/2025 3:55,29.83
SBA,11/21/2025 4:00,29.84
SBA,11/21/2025 4:05,29.84
SBA,11/21/2025 4:10,29.84
SBA,11/21/2025 4:15,29.84
SBA,11/21/2025 4:20,29.84
SBA,11/21/2025 4:25,29.84
SBA,11/21/2025 4:30,29.84
SBA,11/21/2025 4:35,29.84
SBA,11/21/2025 4:40,29.84
SBA,11/21/2025 4:45,29.85
SBA,11/21/2025 4:50,29.85
SBA,11/21/2025 4:55,29.85
SBA,11/21/2025 5:00,29.84
SBA,11/21/2025 5:05,29.84
SBA,11/21/2025 5:10,29.84
SBA,11/21/2025 5:15,29.84
SBA,11/21/2025 5:20,29.84
SBA,11/21/2025 5:25,29.84
SBA,11/21/2025 5:30,29.84
SBA,11/21/2025 5:35,29.85
SBA,11/21/2025 5:40,29.85
SBA,11/21/2025 5:45,29.85
SBA,11/21/2025 5:50,29.85
SBA,11/21/2025 5:55,29.86
SBA,11/21/2025 6:00,29.86
SBA,11/21/2025 6:05,29.86
SBA,11/21/2025 6:10,29.87
SBA,11/21/2025 6:15,29.87
SBA,11/21/2025 6:20,29.87
SBA,11/21/2025 6:25,29.87
SBA,11/21/2025 6:30,29.87
SBA,11/21/2025 6:35,29.87
SBA,11/21/2025 6:40,29.88
SBA,11/21/2025 6:45,29.88
SBA,11/21/2025 6:50,29.88
SBA,11/21/2025 6:55,29.88
SBA,11/21/2025 7:00,29.88
SBA,11/21/2025 7:05,29.88
SBA,11/21/2025 7:10,29.89
SBA,11/21/2025 7:15,29.89
SBA,11/21/2025 7:20,29.89
SBA,11/21/2025 7:25,29.89
SBA,11/21/2025 7:30,29.89
SBA,11/21/2025 7:35,29.89
SBA,11/21/2025 7:40,29.9
SBA,11/21/2025 7:45,29.9
SBA,11/21/2025 7:50,29.9
SBA,11/21/2025 7:55,29.91
SBA,11/21/2025 8:00,29.91
SBA,11/21/2025 8:05,29.92
SBA,11/21/2025 8:10,29.92
SBA,11/21/2025 8:15,29.92
SBA,11/21/2025 8:20,29.93
SBA,11/21/2025 8:25,29.93
SBA,11/21/2025 8:30,29.94
SBA,11/21/2025 8:35,29.94
SBA,11/21/2025 8:40,29.94
SBA,11/21/2025 8:45,29.94
SBA,11/21/2025 8:50,29.94
SBA,11/21/2025 8:55,29.94
SBA,11/21/2025 9:00,29.94
SBA,11/21/2025 9:05,29.93
SBA,11/21/2025 9:10,29.94
SBA,11/21/2025 9:15,29.94
SBA,11/21/2025 9:20,29.93
SBA,11/21/2025 9:25,29.93
SBA,11/21/2025 9:30,29.93
SBA,11/21/2025 9:35,29.93
SBA,11/21/2025 9:40,29.92
SBA,11/21/2025 9:45,29.92
SBA,11/21/2025 9:50,29.92
SBA,11/21/2025 9:55,29.93
SBA,11/21/2025 10:00,29.93
SBA,11/21/2025 10:05,29.93
SBA,11/21/2025 10:10,29.93
SBA,11/21/2025 10:15,29.94
SBA,11/21/2025 10:20,29.93
SBA,11/21/2025 10:25,29.93
SBA,11/21/2025 10:30,29.93
SBA,11/21/2025 10:35,29.93
SBA,11/21/2025 10:40,29.93
SBA,11/21/2025 10:45,29.93
SBA,11/21/2025 10:50,29.93
SBA,11/21/2025 10:55,29.93
SBA,11/21/2025 11:00,29.92
SBA,11/21/2025 11:05,29.92
SBA,11/21/2025 11:10,29.92
SBA,11/21/2025 11:15,29.92
SBA,11/21/2025 11:20,29.91
SBA,11/21/2025 11:25,29.91
SBA,11/21/2025 11:30,29.91
SBA,11/21/2025 11:35,29.91
SBA,11/21/2025 11:40,29.91
SBA,11/21/2025 11:45,29.91
SBA,11/21/2025 11:50,29.91
SBA,11/21/2025 11:55,29.92
SBA,11/21/2025 12:00,29.92
SBA,11/21/2025 12:05,29.92
SBA,11/21/2025 12:10,29.91
SBA,11/21/2025 12:15,29.92
SBA,11/21/2025 12:20,29.92
SBA,11/21/2025 12:25,29.91
SBA,11/21/2025 12:30,29.92
SBA,11/21/2025 12:35,29.91
SBA,11/21/2025 12:40,29.91
SBA,11/21/2025 12:45,29.91
SBA,11/21/2025 12:50,29.91
SBA,11/21/2025 12:55,29.91
SBA,11/21/2025 13:00,29.91
SBA,11/21/2025 13:05,29.91
SBA,11/21/2025 13:10,29.91
SBA,11/21/2025 13:15,29.91
SBA,11/21/2025 13:20,29.91
SBA,11/21/2025 13:25,29.91
SBA,11/21/2025 13:30,29.92
SBA,11/21/2025 13:35,29.91
SBA,11/21/2025 13:40,29.91
SBA,11/21/2025 13:45,29.91
SBA,11/21/2025 13:50,29.91
SBA,11/21/2025 13:55,29.91
SBA,11/21/2025 14:00,29.91
SBA,11/21/2025 14:05,29.92
SBA,11/21/2025 14:10,29.92
SBA,11/21/2025 14:15,29.92
SBA,11/21/2025 14:20,29.92
SBA,11/21/2025 14:25,29.92
SBA,11/21/2025 14:30,29.92
SBA,11/21/2025 14:35,29.92
SBA,11/21/2025 14:40,29.92
SBA,11/21/2025 14:45,29.92
SBA,11/21/2025 14:50,29.92
SBA,11/21/2025 14:55,29.93
SBA,11/21/2025 15:00,29.93
SBA,11/21/2025 15:05,29.93
SBA,11/21/2025 15:10,29.93
SBA,11/21/2025 15:15,29.93
SBA,11/21/2025 15:20,29.93
SBA,11/21/2025 15:25,29.93
SBA,11/21/2025 15:30,29.93
SBA,11/21/2025 15:35,29.93
SBA,11/21/2025 15:40,29.93
SBA,11/21/2025 15:45,29.93
SBA,11/21/2025 15:50,29.93
SBA,11/21/2025 15:55,29.93
SBA,11/21/2025 16:00,29.94
SBA,11/21/2025 16:05,29.94
SBA,11/21/2025 16:10,29.94
SBA,11/21/2025 16:15,29.94
SBA,11/21/2025 16:20,29.94
SBA,11/21/2025 16:25,29.94
SBA,11/21/2025 16:30,29.94
SBA,11/21/2025 16:35,29.95
SBA,11/21/2025 16:40,29.95
SBA,11/21/2025 16:45,29.95
SBA,11/21/2025 16:50,29.95
SBA,11/21/2025 16:55,29.95
SBA,11/21/2025 17:00,29.96
SBA,11/21/2025 17:05,29.96
SBA,11/21/2025 17:10,29.96
SBA,11/21/2025 17:15,29.96
SBA,11/21/2025 17:20,29.96
SBA,11/21/2025 17:25,29.96
SBA,11/21/2025 17:30,29.96
SBA,11/21/2025 17:35,29.96
SBA,11/21/2025 17:40,29.96
SBA,11/21/2025 17:45,29.96
SBA,11/21/2025 17:50,29.96
SBA,11/21/2025 17:55,29.96
SBA,11/21/2025 18:00,29.97
SBA,11/21/2025 18:05,29.97
SBA,11/21/2025 18:10,29.97
SBA,11/21/2025 18:15,29.97
SBA,11/21/2025 18:20,29.97
SBA,11/21/2025 18:25,29.97
SBA,11/21/2025 18:30,29.98
SBA,11/21/2025 18:35,29.98
SBA,11/21/2025 18:40,29.98
SBA,11/21/2025 18:45,29.98
SBA,11/21/2025 18:50,29.98
SBA,11/21/2025 18:55,29.98
SBA,11/21/2025 19:00,29.98
SBA,11/21/2025 19:05,29.98
SBA,11/21/2025 19:10,29.98
SBA,11/21/2025 19:15,29.98
SBA,11/21/2025 19:20,29.98
SBA,11/21/2025 19:25,29.99
SBA,11/21/2025 19:30,29.99
SBA,11/21/2025 19:35,29.99
SBA,11/21/2025 19:40,29.99
SBA,11/21/2025 19:45,29.99
SBA,11/21/2025 19:50,29.99
SBA,11/21/2025 19:55,29.99
SBA,11/21/2025 20:00,29.99
SBA,11/21/2025 20:05,30
SBA,11/21/2025 20:10,29.99
SBA,11/21/2025 20:15,29.99
SBA,11/21/2025 20:20,29.99
SBA,11/21/2025 20:25,29.99
SBA,11/21/2025 20:30,29.99
SBA,11/21/2025 20:35,29.99
SBA,11/21/2025 20:40,29.99
SBA,11/21/2025 20:45,29.99
SBA,11/21/2025 20:50,29.99
SBA,11/21/2025 20:55,29.99
SBA,11/21/2025 21:00,29.99
SBA,11/21/2025 21:05,30
SBA,11/21/2025 21:10,30
SBA,11/21/2025 21:15,30
SBA,11/21/2025 21:20,30
SBA,11/21/2025 21:25,30
SBA,11/21/2025 21:30,30
SBA,11/21/2025 21:35,30
SBA,11/21/2025 21:40,30
SBA,11/21/2025 21:45,30
SBA,11/21/2025 21:50,30.01
SBA,11/21/2025 21:55,30.01
SBA,11/21/2025 22:00,30.01
SBA,11/21/2025 22:05,30.01
SBA,11/21/2025 22:10,30.01
SBA,11/21/2025 22:15,30.01
SBA,11/21/2025 22:20,30.01
SBA,11/21/2025 22:25,30.01
SBA,11/21/2025 22:30,30.01
SBA,11/21/2025 22:35,30
SBA,11/21/2025 22:40,30
SBA,11/21/2025 22:45,30
SBA,11/21/2025 22:50,30
SBA,11/21/2025 22:55,30
SBA,11/21/2025 23:00,30
SBA,11/21/2025 23:05,30
SBA,11/21/2025 23:10,30
SBA,11/21/2025 23:15,30
SBA,11/21/2025 23:20,30
SBA,11/21/2025 23:25,30
SBA,11/21/2025 23:30,30
SBA,11/21/2025 23:35,30
SBA,11/21/2025 23:40,30
SBA,11/21/2025 23:45,30
SBA,11/21/2025 23:50,30
SBA,11/21/2025 23:55,30
SBA,11/22/2025 0:00,30
SBA,11/22/2025 0:05,30
SBA,11/22/2025 0:10,30
SBA,11/22/2025 0:15,30
SBA,11/22/2025 0:20,30
SBA,11/22/2025 0:25,30
SBA,11/22/2025 0:30,30
SBA,11/22/2025 0:35,30
SBA,11/22/2025 0:40,30
SBA,11/22/2025 0:45,29.99
SBA,11/22/2025 0:50,29.99
SBA,11/22/2025 0:55,29.99
SBA,11/22/2025 1:00,29.99
SBA,11/22/2025 1:05,29.99
SBA,11/22/2025 1:10,29.99
SBA,11/22/2025 1:15,29.99
SBA,11/22/2025 1:20,29.99
SBA,11/22/2025 1:25,29.99
SBA,11/22/2025 1:30,29.99
SBA,11/22/2025 1:35,29.99
SBA,11/22/2025 1:40,29.99
SBA,11/22/2025 1:45,29.98
SBA,11/22/2025 1:50,29.98
SBA,11/22/2025 1:55,29.98
SBA,11/22/2025 2:00,29.98
SBA,11/22/2025 2:05,29.98
SBA,11/22/2025 2:10,29.98
SBA,11/22/2025 2:15,29.98
SBA,11/22/2025 2:20,29.97
SBA,11/22/2025 2:25,29.97
SBA,11/22/2025 2:30,29.97
SBA,11/22/2025 2:35,29.97
SBA,11/22/2025 2:40,29.97
SBA,11/22/2025 2:45,29.97
SBA,11/22/2025 2:50,29.97
SBA,11/22/2025 2:55,29.97
SBA,11/22/2025 3:00,29.96
SBA,11/22/2025 3:05,29.96
SBA,11/22/2025 3:10,29.96
SBA,11/22/2025 3:15,29.96
SBA,11/22/2025 3:20,29.96
SBA,11/22/2025 3:25,29.96
SBA,11/22/2025 3:30,29.96
SBA,11/22/2025 3:35,29.96
SBA,11/22/2025 3:40,29.96
SBA,11/22/2025 3:45,29.96
SBA,11/22/2025 3:50,29.96
SBA,11/22/2025 3:55,29.96
SBA,11/22/2025 4:00,29.96
SBA,11/22/2025 4:05,29.96
SBA,11/22/2025 4:10,29.96
SBA,11/22/2025 4:15,29.96
SBA,11/22/2025 4:20,29.96
SBA,11/22/2025 4:25,29.95
SBA,11/22/2025 4:30,29.96
SBA,11/22/2025 4:35,29.96
SBA,11/22/2025 4:40,29.96
SBA,11/22/2025 4:45,29.95
SBA,11/22/2025 4:50,29.95
SBA,11/22/2025 4:55,29.95
SBA,11/22/2025 5:00,29.95
SBA,11/22/2025 5:05,29.95
SBA,11/22/2025 5:10,29.95
SBA,11/22/2025 5:15,29.95
SBA,11/22/2025 5:20,29.96
SBA,11/22/2025 5:25,29.96
SBA,11/22/2025 5:30,29.96
SBA,11/22/2025 5:35,29.96
SBA,11/22/2025 5:40,29.96
SBA,11/22/2025 5:45,29.97
SBA,11/22/2025 5:50,29.97
SBA,11/22/2025 5:55,29.97
SBA,11/22/2025 6:00,29.97
SBA,11/22/2025 6:05,29.97
SBA,11/22/2025 6:10,29.97
SBA,11/22/2025 6:15,29.97
SBA,11/22/2025 6:20,29.97
SBA,11/22/2025 6:25,29.97
SBA,11/22/2025 6:30,29.96
SBA,11/22/2025 6:35,29.96
SBA,11/22/2025 6:40,29.96
SBA,11/22/2025 6:45,29.96
SBA,11/22/2025 6:50,29.96
SBA,11/22/2025 6:55,29.96
SBA,11/22/2025 7:00,29.96
SBA,11/22/2025 7:05,29.96
SBA,11/22/2025 7:10,29.96
SBA,11/22/2025 7:15,29.96
SBA,11/22/2025 7:20,29.96
SBA,11/22/2025 7:25,29.95
SBA,11/22/2025 7:30,29.95
SBA,11/22/2025 7:35,29.96
SBA,11/22/2025 7:40,29.96
SBA,11/22/2025 7:45,29.96
SBA,11/22/2025 7:50,29.96
SBA,11/22/2025 7:55,29.96
SBA,11/22/2025 8:00,29.96
SBA,11/22/2025 8:05,29.96
SBA,11/22/2025 8:10,29.96
SBA,11/22/2025 8:15,29.97
SBA,11/22/2025 8:20,29.97
SBA,11/22/2025 8:25,29.97
SBA,11/22/2025 8:30,29.97
SBA,11/22/2025 8:35,29.97
SBA,11/22/2025 8:40,29.97
SBA,11/22/2025 8:45,29.97
SBA,11/22/2025 8:50,29.97
SBA,11/22/2025 8:55,29.97
SBA,11/22/2025 9:00,29.97
SBA,11/22/2025 9:05,29.97
SBA,11/22/2025 9:10,29.97
SBA,11/22/2025 9:15,29.97
SBA,11/22/2025 9:20,29.97
SBA,11/22/2025 9:25,29.97
SBA,11/22/2025 9:30,29.98
SBA,11/22/2025 9:35,29.99
SBA,11/22/2025 9:40,29.99
SBA,11/22/2025 9:45,29.99
SBA,11/22/2025 9:50,29.99
SBA,11/22/2025 9:55,29.98
SBA,11/22/2025 10:00,29.99
SBA,11/22/2025 10:05,29.98
SBA,11/22/2025 10:10,29.98
SBA,11/22/2025 10:15,29.98
SBA,11/22/2025 10:20,29.98
SBA,11/22/2025 10:25,29.98
SBA,11/22/2025 10:30,29.97
SBA,11/22/2025 10:35,29.97
SBA,11/22/2025 10:40,29.97
SBA,11/22/2025 10:45,29.97
SBA,11/22/2025 10:50,29.97
SBA,11/22/2025 10:55,29.96
SBA,11/22/2025 11:00,29.96
SBA,11/22/2025 11:05,29.96
SBA,11/22/2025 11:10,29.96
SBA,11/22/2025 11:15,29.96
SBA,11/22/2025 11:20,29.96
SBA,11/22/2025 11:25,29.96
SBA,11/22/2025 11:30,29.95
SBA,11/22/2025 11:35,29.95
SBA,11/22/2025 11:40,29.95
SBA,11/22/2025 11:45,29.95
SBA,11/22/2025 11:50,29.95
SBA,11/22/2025 11:55,29.95
SBA,11/22/2025 12:00,29.95
SBA,11/22/2025 12:05,29.95
SBA,11/22/2025 12:10,29.95
SBA,11/22/2025 12:15,29.94
SBA,11/22/2025 12:20,29.94
SBA,11/22/2025 12:25,29.94
SBA,11/22/2025 12:30,29.94
SBA,11/22/2025 12:35,29.94
SBA,11/22/2025 12:40,29.94
SBA,11/22/2025 12:45,29.94
SBA,11/22/2025 12:50,29.94
SBA,11/22/2025 12:55,29.94
SBA,11/22/2025 13:00,29.94
SBA,11/22/2025 13:05,29.94
SBA,11/22/2025 13:10,29.94
SBA,11/22/2025 13:15,29.94
SBA,11/22/2025 13:20,29.94
SBA,11/22/2025 13:25,29.94
SBA,11/22/2025 13:30,29.94
SBA,11/22/2025 13:35,29.94
SBA,11/22/2025 13:40,29.94
SBA,11/22/2025 13:45,29.94
SBA,11/22/2025 13:50,29.93
SBA,11/22/2025 13:55,29.93
SBA,11/22/2025 14:00,29.93
SBA,11/22/2025 14:05,29.93
SBA,11/22/2025 14:10,29.93
SBA,11/22/2025 14:15,29.93
SBA,11/22/2025 14:20,29.93
SBA,11/22/2025 14:25,29.93
SBA,11/22/2025 14:30,29.93
SBA,11/22/2025 14:35,29.93
SBA,11/22/2025 14:40,29.94
SBA,11/22/2025 14:45,29.94
SBA,11/22/2025 14:50,29.94
SBA,11/22/2025 14:55,29.94
SBA,11/22/2025 15:00,29.94
SBA,11/22/2025 15:05,29.94
SBA,11/22/2025 15:10,29.94
SBA,11/22/2025 15:15,29.94
SBA,11/22/2025 15:20,29.94
SBA,11/22/2025 15:25,29.94
SBA,11/22/2025 15:30,29.94
SBA,11/22/2025 15:35,29.94
SBA,11/22/2025 15:40,29.94
SBA,11/22/2025 15:45,29.95
SBA,11/22/2025 15:50,29.95
SBA,11/22/2025 15:55,29.95
SBA,11/22/2025 16:00,29.95
SBA,11/22/2025 16:05,29.95
SBA,11/22/2025 16:10,29.95
SBA,11/22/2025 16:15,29.95
SBA,11/22/2025 16:20,29.95
SBA,11/22/2025 16:25,29.95
SBA,11/22/2025 16:30,29.95
SBA,11/22/2025 16:35,29.95
SBA,11/22/2025 16:40,29.95
SBA,11/22/2025 16:45,29.95
SBA,11/22/2025 16:50,29.95
SBA,11/22/2025 16:55,29.96
SBA,11/22/2025 17:00,29.95
SBA,11/22/2025 17:05,29.95
SBA,11/22/2025 17:10,29.95
SBA,11/22/2025 17:15,29.95
SBA,11/22/2025 17:20,29.95
SBA,11/22/2025 17:25,29.95
SBA,11/22/2025 17:30,29.95
SBA,11/22/2025 17:35,29.95
SBA,11/22/2025 17:40,29.95
SBA,11/22/2025 17:45,29.95
SBA,11/22/2025 17:50,29.96
SBA,11/22/2025 17:55,29.96
SBA,11/22/2025 18:00,29.95
SBA,11/22/2025 18:05,29.96
SBA,11/22/2025 18:10,29.96
SBA,11/22/2025 18:15,29.96
SBA,11/22/2025 18:20,29.96
SBA,11/22/2025 18:25,29.96
SBA,11/22/2025 18:30,29.96
SBA,11/22/2025 18:35,29.96
SBA,11/22/2025 18:40,29.96
SBA,11/22/2025 18:45,29.96
SBA,11/22/2025 18:50,29.96
SBA,11/22/2025 18:55,29.96
SBA,11/22/2025 19:00,29.97
SBA,11/22/2025 19:05,29.97
SBA,11/22/2025 19:10,29.97
SBA,11/22/2025 19:15,29.97
SBA,11/22/2025 19:20,29.97
SBA,11/22/2025 19:25,29.97
SBA,11/22/2025 19:30,29.97
SBA,11/22/2025 19:35,29.97
SBA,11/22/2025 19:40,29.97
SBA,11/22/2025 19:45,29.97
SBA,11/22/2025 19:50,29.97
SBA,11/22/2025 19:55,29.97
SBA,11/22/2025 20:00,29.97
SBA,11/22/2025 20:05,29.97
SBA,11/22/2025 20:10,29.97
SBA,11/22/2025 20:15,29.97
SBA,11/22/2025 20:20,29.97
SBA,11/22/2025 20:25,29.97
SBA,11/22/2025 20:30,29.97
SBA,11/22/2025 20:35,29.97
SBA,11/22/2025 20:40,29.98
SBA,11/22/2025 20:45,29.97
SBA,11/22/2025 20:50,29.97
SBA,11/22/2025 20:55,29.97
SBA,11/22/2025 21:00,29.97
SBA,11/22/2025 21:05,29.97
SBA,11/22/2025 21:10,29.97
SBA,11/22/2025 21:15,29.98
SBA,11/22/2025 21:20,29.98
SBA,11/22/2025 21:25,29.98
SBA,11/22/2025 21:30,29.98
SBA,11/22/2025 21:35,29.98
SBA,11/22/2025 21:40,29.98
SBA,11/22/2025 21:45,29.98
SBA,11/22/2025 21:50,29.98
SBA,11/22/2025 21:55,29.98
SBA,11/22/2025 22:00,29.98
SBA,11/22/2025 22:05,29.98
SBA,11/22/2025 22:10,29.98
SBA,11/22/2025 22:15,29.98
SBA,11/22/2025 22:20,29.98
SBA,11/22/2025 22:25,29.98
SBA,11/22/2025 22:30,29.98
SBA,11/22/2025 22:35,29.98
SBA,11/22/2025 22:40,29.98
SBA,11/22/2025 22:45,29.98
SBA,11/22/2025 22:50,29.98
SBA,11/22/2025 22:55,29.98
SBA,11/22/2025 23:00,29.98
SBA,11/22/2025 23:05,29.98
SBA,11/22/2025 23:10,29.98
SBA,11/22/2025 23:15,29.98
SBA,11/22/2025 23:20,29.98
SBA,11/22/2025 23:25,29.98
SBA,11/22/2025 23:30,29.98
SBA,11/22/2025 23:35,29.98
SBA,11/22/2025 23:40,29.98
SBA,11/22/2025 23:45,29.98
SBA,11/22/2025 23:50,29.98
SBA,11/22/2025 23:55,29.98
SBA,11/23/2025 0:00,29.99
SBA,11/23/2025 0:05,29.99
SBA,11/23/2025 0:10,29.99
SBA,11/23/2025 0:15,29.99
SBA,11/23/2025 0:20,29.99
SBA,11/23/2025 0:25,29.99
SBA,11/23/2025 0:30,29.99
SBA,11/23/2025 0:35,29.98
SBA,11/23/2025 0:40,29.98
SBA,11/23/2025 0:45,29.98
SBA,11/23/2025 0:50,29.98
SBA,11/23/2025 0:55,29.98
SBA,11/23/2025 1:00,29.98
SBA,11/23/2025 1:05,29.98
SBA,11/23/2025 1:10,29.98
SBA,11/23/2025 1:15,29.98
SBA,11/23/2025 1:20,29.98
SBA,11/23/2025 1:25,29.98
SBA,11/23/2025 1:30,29.98
SBA,11/23/2025 1:35,29.98
SBA,11/23/2025 1:40,29.99
SBA,11/23/2025 1:45,29.98
SBA,11/23/2025 1:50,29.98
SBA,11/23/2025 1:55,29.98
SBA,11/23/2025 2:00,29.98
SBA,11/23/2025 2:05,29.98
SBA,11/23/2025 2:10,29.98
SBA,11/23/2025 2:15,29.98
SBA,11/23/2025 2:20,29.98
SBA,11/23/2025 2:25,29.98
SBA,11/23/2025 2:30,29.99
SBA,11/23/2025 2:35,29.98
SBA,11/23/2025 2:40,29.98
SBA,11/23/2025 2:45,29.98
SBA,11/23/2025 2:50,29.98
SBA,11/23/2025 2:55,29.98
SBA,11/23/2025 3:00,29.98
SBA,11/23/2025 3:05,29.98
SBA,11/23/2025 3:10,29.98
SBA,11/23/2025 3:15,29.98
SBA,11/23/2025 3:20,29.98
SBA,11/23/2025 3:25,29.99
SBA,11/23/2025 3:30,29.99
SBA,11/23/2025 3:35,29.99
SBA,11/23/2025 3:40,29.99
SBA,11/23/2025 3:45,29.99
SBA,11/23/2025 3:50,29.99
SBA,11/23/2025 3:55,29.99
SBA,11/23/2025 4:00,29.99
SBA,11/23/2025 4:05,29.99
SBA,11/23/2025 4:10,29.99
SBA,11/23/2025 4:15,29.99
SBA,11/23/2025 4:20,29.99
SBA,11/23/2025 4:25,29.99
SBA,11/23/2025 4:30,29.99
SBA,11/23/2025 4:35,29.99
SBA,11/23/2025 4:40,29.99
SBA,11/23/2025 4:45,29.99
SBA,11/23/2025 4:50,29.99
SBA,11/23/2025 4:55,29.99
SBA,11/23/2025 5:00,29.99
SBA,11/23/2025 5:05,29.99
SBA,11/23/2025 5:10,29.99
SBA,11/23/2025 5:15,29.99
SBA,11/23/2025 5:20,29.99
SBA,11/23/2025 5:25,29.99
SBA,11/23/2025 5:30,29.99
SBA,11/23/2025 5:35,30
SBA,11/23/2025 5:40,30
SBA,11/23/2025 5:45,30
SBA,11/23/2025 5:50,30
SBA,11/23/2025 5:55,30
SBA,11/23/2025 6:00,30
SBA,11/23/2025 6:05,30.01
SBA,11/23/2025 6:10,30
SBA,11/23/2025 6:15,30.01
SBA,11/23/2025 6:20,30.01
SBA,11/23/2025 6:25,30.01
SBA,11/23/2025 6:30,30.01
SBA,11/23/2025 6:35,30.01
SBA,11/23/2025 6:40,30.01
SBA,11/23/2025 6:45,30.02
SBA,11/23/2025 6:50,30.02
SBA,11/23/2025 6:55,30.02
SBA,11/23/2025 7:00,30.02
SBA,11/23/2025 7:05,30.02
SBA,11/23/2025 7:10,30.02
SBA,11/23/2025 7:15,30.02
SBA,11/23/2025 7:20,30.03
SBA,11/23/2025 7:25,30.02
SBA,11/23/2025 7:30,30.03
SBA,11/23/2025 7:35,30.03
SBA,11/23/2025 7:40,30.03
SBA,11/23/2025 7:45,30.03
SBA,11/23/2025 7:50,30.03
SBA,11/23/2025 7:55,30.03
SBA,11/23/2025 8:00,30.03
SBA,11/23/2025 8:05,30.03
SBA,11/23/2025 8:10,30.03
SBA,11/23/2025 8:15,30.04
SBA,11/23/2025 8:20,30.04
SBA,11/23/2025 8:25,30.04
SBA,11/23/2025 8:30,30.04
SBA,11/23/2025 8:35,30.04
SBA,11/23/2025 8:40,30.04
SBA,11/23/2025 8:45,30.05
SBA,11/23/2025 8:50,30.05
SBA,11/23/2025 8:55,30.05
SBA,11/23/2025 9:00,30.05
SBA,11/23/2025 9:05,30.05
SBA,11/23/2025 9:10,30.05
SBA,11/23/2025 9:15,30.06
SBA,11/23/2025 9:20,30.06
SBA,11/23/2025 9:25,30.06
SBA,11/23/2025 9:30,30.06
SBA,11/23/2025 9:35,30.06
SBA,11/23/2025 9:40,30.06
SBA,11/23/2025 9:45,30.07
SBA,11/23/2025 9:50,30.07
SBA,11/23/2025 9:55,30.07
SBA,11/23/2025 10:00,30.07
SBA,11/23/2025 10:05,30.07
SBA,11/23/2025 10:10,30.07
SBA,11/23/2025 10:15,30.07
SBA,11/23/2025 10:20,30.07
SBA,11/23/2025 10:25,30.07
SBA,11/23/2025 10:30,30.07
SBA,11/23/2025 10:35,30.07
SBA,11/23/2025 10:40,30.07
SBA,11/23/2025 10:45,30.06
SBA,11/23/2025 10:50,30.06
SBA,11/23/2025 10:55,30.06
SBA,11/23/2025 11:00,30.06
SBA,11/23/2025 11:05,30.06
SBA,11/23/2025 11:10,30.06
SBA,11/23/2025 11:15,30.06
SBA,11/23/2025 11:20,30.06
SBA,11/23/2025 11:25,30.06
SBA,11/23/2025 11:30,30.05
SBA,11/23/2025 11:35,30.05
SBA,11/23/2025 11:40,30.05
SBA,11/23/2025 11:45,30.05
SBA,11/23/2025 11:50,30.05
SBA,11/23/2025 11:55,30.05
SBA,11/23/2025 12:00,30.05
SBA,11/23/2025 12:05,30.05
SBA,11/23/2025 12:10,30.05
SBA,11/23/2025 12:15,30.05
SBA,11/23/2025 12:20,30.05
SBA,11/23/2025 12:25,30.05
SBA,11/23/2025 12:30,30.05
SBA,11/23/2025 12:35,30.05
SBA,11/23/2025 12:40,30.05
SBA,11/23/2025 12:45,30.05
SBA,11/23/2025 12:50,30.05
SBA,11/23/2025 12:55,30.05
SBA,11/23/2025 13:00,30.05
SBA,11/23/2025 13:05,30.05
SBA,11/23/2025 13:10,30.05
SBA,11/23/2025 13:15,30.05
SBA,11/23/2025 13:20,30.05
SBA,11/23/2025 13:25,30.05
SBA,11/23/2025 13:30,30.05
SBA,11/23/2025 13:35,30.04
SBA,11/23/2025 13:40,30.04
SBA,11/23/2025 13:45,30.04
SBA,11/23/2025 13:50,30.04
SBA,11/23/2025 13:55,30.04
SBA,11/23/2025 14:00,30.04
SBA,11/23/2025 14:05,30.04
SBA,11/23/2025 14:10,30.04
SBA,11/23/2025 14:15,30.04
SBA,11/23/2025 14:20,30.05
SBA,11/23/2025 14:25,30.05
SBA,11/23/2025 14:30,30.05
SBA,11/23/2025 14:35,30.05
SBA,11/23/2025 14:40,30.05
SBA,11/23/2025 14:45,30.05
SBA,11/23/2025 14:50,30.05
SBA,11/23/2025 14:55,30.05
SBA,11/23/2025 15:00,30.06
SBA,11/23/2025 15:05,30.06
SBA,11/23/2025 15:10,30.06
SBA,11/23/2025 15:15,30.06
SBA,11/23/2025 15:20,30.06
SBA,11/23/2025 15:25,30.06
SBA,11/23/2025 15:30,30.06
SBA,11/23/2025 15:35,30.06
SBA,11/23/2025 15:40,30.07
SBA,11/23/2025 15:45,30.07
SBA,11/23/2025 15:50,30.07
SBA,11/23/2025 15:55,30.07
SBA,11/23/2025 16:00,30.07
SBA,11/23/2025 16:05,30.07
SBA,11/23/2025 16:10,30.07
SBA,11/23/2025 16:15,30.07
SBA,11/23/2025 16:20,30.07
SBA,11/23/2025 16:25,30.07
SBA,11/23/2025 16:30,30.07
SBA,11/23/2025 16:35,30.07
SBA,11/23/2025 16:40,30.07
SBA,11/23/2025 16:45,30.07
SBA,11/23/2025 16:50,30.07
SBA,11/23/2025 16:55,30.07
SBA,11/23/2025 17:00,30.07
SBA,11/23/2025 17:05,30.07
SBA,11/23/2025 17:10,30.07
SBA,11/23/2025 17:15,30.08
SBA,11/23/2025 17:20,30.08
SBA,11/23/2025 17:25,30.08
SBA,11/23/2025 17:30,30.08
SBA,11/23/2025 17:35,30.08
SBA,11/23/2025 17:40,30.08
SBA,11/23/2025 17:45,30.08
SBA,11/23/2025 17:50,30.08
SBA,11/23/2025 17:55,30.08
SBA,11/23/2025 18:00,30.08
SBA,11/23/2025 18:05,30.08
SBA,11/23/2025 18:10,30.08
SBA,11/23/2025 18:15,30.08
SBA,11/23/2025 18:20,30.08
SBA,11/23/2025 18:25,30.08
SBA,11/23/2025 18:30,30.08
SBA,11/23/2025 18:35,30.08
SBA,11/23/2025 18:40,30.08
SBA,11/23/2025 18:45,30.09
SBA,11/23/2025 18:50,30.09
SBA,11/23/2025 18:55,30.09
SBA,11/23/2025 19:00,30.09
SBA,11/23/2025 19:05,30.09
SBA,11/23/2025 19:10,30.09
SBA,11/23/2025 19:15,30.09
SBA,11/23/2025 19:20,30.09
SBA,11/23/2025 19:25,30.09
SBA,11/23/2025 19:30,30.09
SBA,11/23/2025 19:35,30.09
SBA,11/23/2025 19:40,30.1
SBA,11/23/2025 19:45,30.1
SBA,11/23/2025 19:50,30.1
SBA,11/23/2025 19:55,30.1
SBA,11/23/2025 20:00,30.1
SBA,11/23/2025 20:05,30.1
SBA,11/23/2025 20:10,30.1
SBA,11/23/2025 20:15,30.1
SBA,11/23/2025 20:20,30.1
SBA,11/23/2025 20:25,30.1
SBA,11/23/2025 20:30,30.1
SBA,11/23/2025 20:35,30.11
SBA,11/23/2025 20:40,30.11
SBA,11/23/2025 20:45,30.11
SBA,11/23/2025 20:50,30.11
SBA,11/23/2025 20:55,30.11
SBA,11/23/2025 21:00,30.11
SBA,11/23/2025 21:05,30.12
SBA,11/23/2025 21:10,30.12
SBA,11/23/2025 21:15,30.12
SBA,11/23/2025 21:20,30.11
SBA,11/23/2025 21:25,30.11
SBA,11/23/2025 21:30,30.12
SBA,11/23/2025 21:35,30.12
SBA,11/23/2025 21:40,30.12
SBA,11/23/2025 21:45,30.12
SBA,11/23/2025 21:50,30.12
SBA,11/23/2025 21:55,30.12
SBA,11/23/2025 22:00,30.12
SBA,11/23/2025 22:05,30.12
SBA,11/23/2025 22:10,30.12
SBA,11/23/2025 22:15,30.12
SBA,11/23/2025 22:20,30.12
SBA,11/23/2025 22:25,30.12
SBA,11/23/2025 22:30,30.12
SBA,11/23/2025 22:35,30.12
SBA,11/23/2025 22:40,30.12
SBA,11/23/2025 22:45,30.13
SBA,11/23/2025 22:50,30.12
SBA,11/23/2025 22:55,30.12
SBA,11/23/2025 23:00,30.12
SBA,11/23/2025 23:05,30.12
SBA,11/23/2025 23:10,30.12
SBA,11/23/2025 23:15,30.12
SBA,11/23/2025 23:20,30.12
SBA,11/23/2025 23:25,30.12
SBA,11/23/2025 23:30,30.12
SBA,11/23/2025 23:35,30.13
SBA,11/23/2025 23:40,30.13
SBA,11/23/2025 23:45,30.12
SBA,11/23/2025 23:50,30.13
SBA,11/23/2025 23:55,30.13
SBA,11/24/2025 0:00,30.13
SBA,11/24/2025 0:05,30.13
SBA,11/24/2025 0:10,30.13
SBA,11/24/2025 0:15,30.13
SBA,11/24/2025 0:20,30.13
SBA,11/24/2025 0:25,30.13
SBA,11/24/2025 0:30,30.13
SBA,11/24/2025 0:35,30.13
SBA,11/24/2025 0:40,30.13
SBA,11/24/2025 0:45,30.13
SBA,11/24/2025 0:50,30.13
SBA,11/24/2025 0:55,30.13
SBA,11/24/2025 1:00,30.13
SBA,11/24/2025 1:05,30.13
SBA,11/24/2025 1:10,30.13
SBA,11/24/2025 1:15,30.13
SBA,11/24/2025 1:20,30.13
SBA,11/24/2025 1:25,30.13
SBA,11/24/2025 1:30,30.13
SBA,11/24/2025 1:35,30.13
SBA,11/24/2025 1:40,30.13
SBA,11/24/2025 1:45,30.13
SBA,11/24/2025 1:50,30.13
SBA,11/24/2025 1:55,30.13
SBA,11/24/2025 2:00,30.13
SBA,11/24/2025 2:05,30.13
SBA,11/24/2025 2:10,30.13
SBA,11/24/2025 2:15,30.13
SBA,11/24/2025 2:20,30.13
SBA,11/24/2025 2:25,30.13
SBA,11/24/2025 2:30,30.13
SBA,11/24/2025 2:35,30.13
SBA,11/24/2025 2:40,30.13
SBA,11/24/2025 2:45,30.13
SBA,11/24/2025 2:50,30.13
SBA,11/24/2025 2:55,30.13
SBA,11/24/2025 3:00,30.13
SBA,11/24/2025 3:05,30.13
SBA,11/24/2025 3:10,30.13
SBA,11/24/2025 3:15,30.12
SBA,11/24/2025 3:20,30.13
SBA,11/24/2025 3:25,30.13
SBA,11/24/2025 3:30,30.13
SBA,11/24/2025 3:35,30.13
SBA,11/24/2025 3:40,30.12
SBA,11/24/2025 3:45,30.12
SBA,11/24/2025 3:50,30.13
SBA,11/24/2025 3:55,30.13
SBA,11/24/2025 4:00,30.13
SBA,11/24/2025 4:05,30.13
SBA,11/24/2025 4:10,30.13
SBA,11/24/2025 4:15,30.13
SBA,11/24/2025 4:20,30.13
SBA,11/24/2025 4:25,30.13
SBA,11/24/2025 4:30,30.13
SBA,11/24/2025 4:35,30.13
SBA,11/24/2025 4:40,30.13
SBA,11/24/2025 4:45,30.13
SBA,11/24/2025 4:50,30.13
SBA,11/24/2025 4:55,30.13
SBA,11/24/2025 5:00,30.13
SBA,11/24/2025 5:05,30.13
SBA,11/24/2025 5:10,30.13
SBA,11/24/2025 5:15,30.13
SBA,11/24/2025 5:20,30.14
SBA,11/24/2025 5:25,30.14
SBA,11/24/2025 5:30,30.14
SBA,11/24/2025 5:35,30.14
SBA,11/24/2025 5:40,30.14
SBA,11/24/2025 5:45,30.14
SBA,11/24/2025 5:50,30.14
SBA,11/24/2025 5:55,30.14
SBA,11/24/2025 6:00,30.14
SBA,11/24/2025 6:05,30.14
SBA,11/24/2025 6:10,30.14
SBA,11/24/2025 6:15,30.15
SBA,11/24/2025 6:20,30.15
SBA,11/24/2025 6:25,30.15
SBA,11/24/2025 6:30,30.15
SBA,11/24/2025 6:35,30.15
SBA,11/24/2025 6:40,30.15
SBA,11/24/2025 6:45,30.15
SBA,11/24/2025 6:50,30.15
SBA,11/24/2025 6:55,30.15
SBA,11/24/2025 7:00,30.15
SBA,11/24/2025 7:05,30.15
SBA,11/24/2025 7:10,30.15
SBA,11/24/2025 7:15,30.16
SBA,11/24/2025 7:20,30.16
SBA,11/24/2025 7:25,30.16
SBA,11/24/2025 7:30,30.16
SBA,11/24/2025 7:35,30.16
SBA,11/24/2025 7:40,30.16
SBA,11/24/2025 7:45,30.17
SBA,11/24/2025 7:50,30.17
SBA,11/24/2025 7:55,30.17
SBA,11/24/2025 8:00,30.17
SBA,11/24/2025 8:05,30.17
SBA,11/24/2025 8:10,30.17
SBA,11/24/2025 8:15,30.17
SBA,11/24/2025 8:20,30.17
SBA,11/24/2025 8:25,30.17
SBA,11/24/2025 8:30,30.17
SBA,11/24/2025 8:35,30.17
SBA,11/24/2025 8:40,30.17
SBA,11/24/2025 8:45,30.17
SBA,11/24/2025 8:50,30.17
SBA,11/24/2025 8:55,30.17
SBA,11/24/2025 9:00,30.17
SBA,11/24/2025 9:05,30.18
SBA,11/24/2025 9:10,30.18
SBA,11/24/2025 9:15,30.18
SBA,11/24/2025 9:20,30.17
SBA,11/24/2025 9:25,30.18
SBA,11/24/2025 9:30,30.18
SBA,11/24/2025 9:35,30.18
SBA,11/24/2025 9:40,30.18
SBA,11/24/2025 9:45,30.18
SBA,11/24/2025 9:50,30.18
SBA,11/24/2025 9:55,30.18
SBA,11/24/2025 10:00,30.18
SBA,11/24/2025 10:05,30.18
SBA,11/24/2025 10:10,30.18
SBA,11/24/2025 10:15,30.18
SBA,11/24/2025 10:20,30.18
SBA,11/24/2025 10:25,30.17
SBA,11/24/2025 10:30,30.17
SBA,11/24/2025 10:35,30.17
SBA,11/24/2025 10:40,30.17
SBA,11/24/2025 10:45,30.17
SBA,11/24/2025 10:50,30.17
SBA,11/24/2025 10:55,30.16
SBA,11/24/2025 11:00,30.16
SBA,11/24/2025 11:05,30.16
SBA,11/24/2025 11:10,30.15
SBA,11/24/2025 11:15,30.15
SBA,11/24/2025 11:20,30.15
SBA,11/24/2025 11:25,30.15
SBA,11/24/2025 11:30,30.14
SBA,11/24/2025 11:35,30.14
SBA,11/24/2025 11:40,30.14
SBA,11/24/2025 11:45,30.14
SBA,11/24/2025 11:50,30.14
SBA,11/24/2025 11:55,30.14
SBA,11/24/2025 12:00,30.13
SBA,11/24/2025 12:05,30.13
SBA,11/24/2025 12:10,30.13
SBA,11/24/2025 12:15,30.12
SBA,11/24/2025 12:20,30.12
SBA,11/24/2025 12:25,30.12
SBA,11/24/2025 12:30,30.12
SBA,11/24/2025 12:35,30.12
SBA,11/24/2025 12:40,30.12
SBA,11/24/2025 12:45,30.12
SBA,11/24/2025 12:50,30.11
SBA,11/24/2025 12:55,30.11
SBA,11/24/2025 13:00,30.11
SBA,11/24/2025 13:05,30.11
SBA,11/24/2025 13:10,30.11
SBA,11/24/2025 13:15,30.11
SBA,11/24/2025 13:20,30.11
SBA,11/24/2025 13:25,30.1
SBA,11/24/2025 13:30,30.1
SBA,11/24/2025 13:35,30.1
SBA,11/24/2025 13:40,30.1
SBA,11/24/2025 13:45,30.1
SBA,11/24/2025 13:50,30.1
SBA,11/24/2025 13:55,30.1
SBA,11/24/2025 14:00,30.1
SBA,11/24/2025 14:05,30.1
SBA,11/24/2025 14:10,30.1
SBA,11/24/2025 14:15,30.1
SBA,11/24/2025 14:20,30.1
SBA,11/24/2025 14:25,30.1
SBA,11/24/2025 14:30,30.1
SBA,11/24/2025 14:35,30.1
SBA,11/24/2025 14:40,30.09
SBA,11/24/2025 14:45,30.09
SBA,11/24/2025 14:50,30.09
SBA,11/24/2025 14:55,30.09
SBA,11/24/2025 15:00,30.09
SBA,11/24/2025 15:05,30.09
SBA,11/24/2025 15:10,30.09
SBA,11/24/2025 15:15,30.09
SBA,11/24/2025 15:20,30.09
SBA,11/24/2025 15:25,30.09
SBA,11/24/2025 15:30,30.09
SBA,11/24/2025 15:35,30.09
SBA,11/24/2025 15:40,30.09
SBA,11/24/2025 15:45,30.09
SBA,11/24/2025 15:50,30.09
SBA,11/24/2025 15:55,30.09
SBA,11/24/2025 16:00,30.09
SBA,11/24/2025 16:05,30.09
SBA,11/24/2025 16:10,30.09
SBA,11/24/2025 16:15,30.09
SBA,11/24/2025 16:20,30.09
SBA,11/24/2025 16:25,30.09
SBA,11/24/2025 16:30,30.08
SBA,11/24/2025 16:35,30.08
SBA,11/24/2025 16:40,30.09
SBA,11/24/2025 16:45,30.09
SBA,11/24/2025 16:50,30.09
SBA,11/24/2025 16:55,30.09
SBA,11/24/2025 17:00,30.09
SBA,11/24/2025 17:05,30.09
SBA,11/24/2025 17:10,30.09
SBA,11/24/2025 17:15,30.09
SBA,11/24/2025 17:20,30.09
SBA,11/24/2025 17:25,30.09
SBA,11/24/2025 17:30,30.09
SBA,11/24/2025 17:35,30.09
SBA,11/24/2025 17:40,30.09
SBA,11/24/2025 17:45,30.09
SBA,11/24/2025 17:50,30.09
SBA,11/24/2025 17:55,30.09
SBA,11/24/2025 18:00,30.1
SBA,11/24/2025 18:05,30.1
SBA,11/24/2025 18:10,30.1
SBA,11/24/2025 18:15,30.1
SBA,11/24/2025 18:20,30.1
SBA,11/24/2025 18:25,30.1
SBA,11/24/2025 18:30,30.1
SBA,11/24/2025 18:35,30.1
SBA,11/24/2025 18:40,30.1
SBA,11/24/2025 18:45,30.1
SBA,11/24/2025 18:50,30.1
SBA,11/24/2025 18:55,30.1
SBA,11/24/2025 19:00,30.1
SBA,11/24/2025 19:05,30.1
SBA,11/24/2025 19:10,30.1
SBA,11/24/2025 19:15,30.1
SBA,11/24/2025 19:20,30.1
SBA,11/24/2025 19:25,30.1
SBA,11/24/2025 19:30,30.1
SBA,11/24/2025 19:35,30.1
SBA,11/24/2025 19:40,30.11
SBA,11/24/2025 19:45,30.11
SBA,11/24/2025 19:50,30.11
SBA,11/24/2025 19:55,30.11
SBA,11/24/2025 20:00,30.11
SBA,11/24/2025 20:05,30.11
SBA,11/24/2025 20:10,30.11
SBA,11/24/2025 20:15,30.11
SBA,11/24/2025 20:20,30.11
SBA,11/24/2025 20:25,30.11
SBA,11/24/2025 20:30,30.11
SBA,11/24/2025 20:35,30.11
SBA,11/24/2025 20:40,30.1
SBA,11/24/2025 20:45,30.1
SBA,11/24/2025 20:50,30.1
SBA,11/24/2025 20:55,30.1
SBA,11/24/2025 21:00,30.1
SBA,11/24/2025 21:05,30.1
SBA,11/24/2025 21:10,30.1
SBA,11/24/2025 21:15,30.1
SBA,11/24/2025 21:20,30.1
SBA,11/24/2025 21:25,30.09
SBA,11/24/2025 21:30,30.09
SBA,11/24/2025 21:35,30.09
SBA,11/24/2025 21:40,30.09
SBA,11/24/2025 21:45,30.1
SBA,11/24/2025 21:50,30.09
SBA,11/24/2025 21:55,30.09
SBA,11/24/2025 22:00,30.1
SBA,11/24/2025 22:05,30.1
SBA,11/24/2025 22:10,30.1
SBA,11/24/2025 22:15,30.1
SBA,11/24/2025 22:20,30.1
SBA,11/24/2025 22:25,30.1
SBA,11/24/2025 22:30,30.1
SBA,11/24/2025 22:35,30.1
SBA,11/24/2025 22:40,30.1
SBA,11/24/2025 22:45,30.1
SBA,11/24/2025 22:50,30.1
SBA,11/24/2025 22:55,30.1
SBA,11/24/2025 23:00,30.1
SBA,11/24/2025 23:05,30.1
SBA,11/24/2025 23:10,30.11
SBA,11/24/2025 23:15,30.11
SBA,11/24/2025 23:20,30.11
SBA,11/24/2025 23:25,30.11
SBA,11/24/2025 23:30,30.11
SBA,11/24/2025 23:35,30.11
SBA,11/24/2025 23:40,30.11
SBA,11/24/2025 23:45,30.11
SBA,11/24/2025 23:50,30.1
SBA,11/24/2025 23:55,30.1
SBA,11/25/2025 0:00,30.1
SBA,11/25/2025 0:05,30.1
SBA,11/25/2025 0:10,30.1
SBA,11/25/2025 0:15,30.1
SBA,11/25/2025 0:20,30.1
SBA,11/25/2025 0:25,30.09
SBA,11/25/2025 0:30,30.09
SBA,11/25/2025 0:35,30.1
SBA,11/25/2025 0:40,30.09
SBA,11/25/2025 0:45,30.09
SBA,11/25/2025 0:50,30.09
SBA,11/25/2025 0:55,30.09
SBA,11/25/2025 1:00,30.09
SBA,11/25/2025 1:05,30.09
SBA,11/25/2025 1:10,30.09
SBA,11/25/2025 1:15,30.09
SBA,11/25/2025 1:20,30.09
SBA,11/25/2025 1:25,30.09
SBA,11/25/2025 1:30,30.09
SBA,11/25/2025 1:35,30.09
SBA,11/25/2025 1:40,30.09
SBA,11/25/2025 1:45,30.08
SBA,11/25/2025 1:50,30.08
SBA,11/25/2025 1:55,30.08
SBA,11/25/2025 2:00,30.09
SBA,11/25/2025 2:05,30.09
SBA,11/25/2025 2:10,30.09
SBA,11/25/2025 2:15,30.09
SBA,11/25/2025 2:20,30.08
SBA,11/25/2025 2:25,30.08
SBA,11/25/2025 2:30,30.08
SBA,11/25/2025 2:35,30.08
SBA,11/25/2025 2:40,30.08
SBA,11/25/2025 2:45,30.08
SBA,11/25/2025 2:50,30.08
SBA,11/25/2025 2:55,30.08
SBA,11/25/2025 3:00,30.08
SBA,11/25/2025 3:05,30.08
SBA,11/25/2025 3:10,30.08
SBA,11/25/2025 3:15,30.08
SBA,11/25/2025 3:20,30.08
SBA,11/25/2025 3:25,30.08
SBA,11/25/2025 3:30,30.08
SBA,11/25/2025 3:35,30.08
SBA,11/25/2025 3:40,30.08
SBA,11/25/2025 3:45,30.08
SBA,11/25/2025 3:50,30.08
SBA,11/25/2025 3:55,30.08
SBA,11/25/2025 4:00,30.08
SBA,11/25/2025 4:05,30.07
SBA,11/25/2025 4:10,30.07
SBA,11/25/2025 4:15,30.07
SBA,11/25/2025 4:20,30.08
SBA,11/25/2025 4:25,30.07
SBA,11/25/2025 4:30,30.07
SBA,11/25/2025 4:35,30.07
SBA,11/25/2025 4:40,30.07
SBA,11/25/2025 4:45,30.08
SBA,11/25/2025 4:50,30.08
SBA,11/25/2025 4:55,30.08
SBA,11/25/2025 5:00,30.08
SBA,11/25/2025 5:05,30.08
SBA,11/25/2025 5:10,30.08
SBA,11/25/2025 5:15,30.08
SBA,11/25/2025 5:20,30.08
SBA,11/25/2025 5:25,30.08
SBA,11/25/2025 5:30,30.07
SBA,11/25/2025 5:35,30.07
SBA,11/25/2025 5:40,30.07
SBA,11/25/2025 5:45,30.08
SBA,11/25/2025 5:50,30.08
SBA,11/25/2025 5:55,30.08
SBA,11/25/2025 6:00,30.08
SBA,11/25/2025 6:05,30.08
SBA,11/25/2025 6:10,30.08
SBA,11/25/2025 6:15,30.08
SBA,11/25/2025 6:20,30.08
SBA,11/25/2025 6:25,30.08
SBA,11/25/2025 6:30,30.08
SBA,11/25/2025 6:35,30.09
SBA,11/25/2025 6:40,30.09
SBA,11/25/2025 6:45,30.09
SBA,11/25/2025 6:50,30.09
SBA,11/25/2025 6:55,30.09
SBA,11/25/2025 7:00,30.09
SBA,11/25/2025 7:05,30.09
SBA,11/25/2025 7:10,30.09
SBA,11/25/2025 7:15,30.09
SBA,11/25/2025 7:20,30.09
SBA,11/25/2025 7:25,30.09
SBA,11/25/2025 7:30,30.09
SBA,11/25/2025 7:35,30.09
SBA,11/25/2025 7:40,30.09
SBA,11/25/2025 7:45,30.09
SBA,11/25/2025 7:50,30.09
SBA,11/25/2025 7:55,30.09
SBA,11/25/2025 8:00,30.09
SBA,11/25/2025 8:05,30.09
SBA,11/25/2025 8:10,30.09
SBA,11/25/2025 8:15,30.09
SBA,11/25/2025 8:20,30.09
SBA,11/25/2025 8:25,30.09
SBA,11/25/2025 8:30,30.09
SBA,11/25/2025 8:35,30.09
SBA,11/25/2025 8:40,30.09
SBA,11/25/2025 8:45,30.1
SBA,11/25/2025 8:50,30.1
SBA,11/25/2025 8:55,30.1
SBA,11/25/2025 9:00,30.1
SBA,11/25/2025 9:05,30.1
SBA,11/25/2025 9:10,30.1
SBA,11/25/2025 9:15,30.1
SBA,11/25/2025 9:20,30.1
SBA,11/25/2025 9:25,30.1
SBA,11/25/2025 9:30,30.1
SBA,11/25/2025 9:35,30.11
SBA,11/25/2025 9:40,30.1
SBA,11/25/2025 9:45,30.1
SBA,11/25/2025 9:50,30.1
SBA,11/25/2025 9:55,30.1
SBA,11/25/2025 10:00,30.1
SBA,11/25/2025 10:05,30.1
SBA,11/25/2025 10:10,30.1
SBA,11/25/2025 10:15,30.1
SBA,11/25/2025 10:20,30.1
SBA,11/25/2025 10:25,30.1
SBA,11/25/2025 10:30,30.1
SBA,11/25/2025 10:35,30.1
SBA,11/25/2025 10:40,30.1
SBA,11/25/2025 10:45,30.1
SBA,11/25/2025 10:50,30.09
SBA,11/25/2025 10:55,30.09
SBA,11/25/2025 11:00,30.09
SBA,11/25/2025 11:05,30.09
SBA,11/25/2025 11:10,30.09
SBA,11/25/2025 11:15,30.08
SBA,11/25/2025 11:20,30.08
SBA,11/25/2025 11:25,30.08
SBA,11/25/2025 11:30,30.08
SBA,11/25/2025 11:35,30.08
SBA,11/25/2025 11:40,30.08
SBA,11/25/2025 11:45,30.08
SBA,11/25/2025 11:50,30.07
SBA,11/25/2025 11:55,30.07
SBA,11/25/2025 12:00,30.07
SBA,11/25/2025 12:05,30.07
SBA,11/25/2025 12:10,30.07
SBA,11/25/2025 12:15,30.06
SBA,11/25/2025 12:20,30.06
SBA,11/25/2025 12:25,30.06
SBA,11/25/2025 12:30,30.06
SBA,11/25/2025 12:35,30.06
SBA,11/25/2025 12:40,30.06
SBA,11/25/2025 12:45,30.06
SBA,11/25/2025 12:50,30.05
SBA,11/25/2025 12:55,30.05
SBA,11/25/2025 13:00,30.05
SBA,11/25/2025 13:05,30.05
SBA,11/25/2025 13:10,30.05
SBA,11/25/2025 13:15,30.05
SBA,11/25/2025 13:20,30.04
SBA,11/25/2025 13:25,30.04
SBA,11/25/2025 13:30,30.04
SBA,11/25/2025 13:35,30.04
SBA,11/25/2025 13:40,30.04
SBA,11/25/2025 13:45,30.04
SBA,11/25/2025 13:50,30.04
SBA,11/25/2025 13:55,30.04
SBA,11/25/2025 14:00,30.04
SBA,11/25/2025 14:05,30.04
SBA,11/25/2025 14:10,30.04
SBA,11/25/2025 14:15,30.04
SBA,11/25/2025 14:20,30.04
SBA,11/25/2025 14:25,30.04
SBA,11/25/2025 14:30,30.04
SBA,11/25/2025 14:35,30.04
SBA,11/25/2025 14:40,30.04
SBA,11/25/2025 14:45,30.04
SBA,11/25/2025 14:50,30.04
SBA,11/25/2025 14:55,30.04
SBA,11/25/2025 15:00,30.04
SBA,11/25/2025 15:05,30.04
SBA,11/25/2025 15:10,30.03
SBA,11/25/2025 15:15,30.03
SBA,11/25/2025 15:20,30.03
SBA,11/25/2025 15:25,30.03
SBA,11/25/2025 15:30,30.03
SBA,11/25/2025 15:35,30.03
SBA,11/25/2025 15:40,30.03
SBA,11/25/2025 15:45,30.03
SBA,11/25/2025 15:50,30.03
SBA,11/25/2025 15:55,30.03
SBA,11/25/2025 16:00,30.03
SBA,11/25/2025 16:05,30.03
SBA,11/25/2025 16:10,30.03
SBA,11/25/2025 16:15,30.03
SBA,11/25/2025 16:20,30.03
SBA,11/25/2025 16:25,30.03
SBA,11/25/2025 16:30,30.03
SBA,11/25/2025 16:35,30.03
SBA,11/25/2025 16:40,30.03
SBA,11/25/2025 16:45,30.04
SBA,11/25/2025 16:50,30.04
SBA,11/25/2025 16:55,30.04
SBA,11/25/2025 17:00,30.04
SBA,11/25/2025 17:05,30.04
SBA,11/25/2025 17:10,30.04
SBA,11/25/2025 17:15,30.04
SBA,11/25/2025 17:20,30.04
SBA,11/25/2025 17:25,30.04
SBA,11/25/2025 17:30,30.04
SBA,11/25/2025 17:35,30.04
SBA,11/25/2025 17:40,30.04
SBA,11/25/2025 17:45,30.04
SBA,11/25/2025 17:50,30.04
SBA,11/25/2025 17:55,30.04
SBA,11/25/2025 18:00,30.05
SBA,11/25/2025 18:05,30.05
SBA,11/25/2025 18:10,30.05
SBA,11/25/2025 18:15,30.05
SBA,11/25/2025 18:20,30.05
SBA,11/25/2025 18:25,30.05
SBA,11/25/2025 18:30,30.05
SBA,11/25/2025 18:35,30.05
SBA,11/25/2025 18:40,30.05
SBA,11/25/2025 18:45,30.06
SBA,11/25/2025 18:50,30.06
SBA,11/25/2025 18:55,30.06
SBA,11/25/2025 19:00,30.06
SBA,11/25/2025 19:05,30.06
SBA,11/25/2025 19:10,30.06
SBA,11/25/2025 19:15,30.06
SBA,11/25/2025 19:20,30.06
SBA,11/25/2025 19:25,30.06
SBA,11/25/2025 19:30,30.06
SBA,11/25/2025 19:35,30.06
SBA,11/25/2025 19:40,30.06
SBA,11/25/2025 19:45,30.06
SBA,11/25/2025 19:50,30.06
SBA,11/25/2025 19:55,30.06
SBA,11/25/2025 20:00,30.06
SBA,11/25/2025 20:05,30.06
SBA,11/25/2025 20:10,30.06
SBA,11/25/2025 20:15,30.06
SBA,11/25/2025 20:20,30.07
SBA,11/25/2025 20:25,30.07
SBA,11/25/2025 20:30,30.07
SBA,11/25/2025 20:35,30.07
SBA,11/25/2025 20:40,30.07
SBA,11/25/2025 20:45,30.07
SBA,11/25/2025 20:50,30.07
SBA,11/25/2025 20:55,30.07
SBA,11/25/2025 21:00,30.07
SBA,11/25/2025 21:05,30.07
SBA,11/25/2025 21:10,30.08
SBA,11/25/2025 21:15,30.08
SBA,11/25/2025 21:20,30.08
SBA,11/25/2025 21:25,30.08
SBA,11/25/2025 21:30,30.08
SBA,11/25/2025 21:35,30.08
SBA,11/25/2025 21:40,30.08
SBA,11/25/2025 21:45,30.09
SBA,11/25/2025 21:50,30.09
SBA,11/25/2025 21:55,30.09
SBA,11/25/2025 22:00,30.09
SBA,11/25/2025 22:05,30.09
SBA,11/25/2025 22:10,30.09
SBA,11/25/2025 22:15,30.09
SBA,11/25/2025 22:20,30.09
SBA,11/25/2025 22:25,30.09
SBA,11/25/2025 22:30,30.08
SBA,11/25/2025 22:35,30.08
SBA,11/25/2025 22:40,30.08
SBA,11/25/2025 22:45,30.08
SBA,11/25/2025 22:50,30.08
SBA,11/25/2025 22:55,30.08
SBA,11/25/2025 23:00,30.08
SBA,11/25/2025 23:05,30.08
SBA,11/25/2025 23:10,30.08
SBA,11/25/2025 23:15,30.08
SBA,11/25/2025 23:20,30.08
SBA,11/25/2025 23:25,30.08
SBA,11/25/2025 23:30,30.08
SBA,11/25/2025 23:35,30.08
SBA,11/25/2025 23:40,30.08
SBA,11/25/2025 23:45,30.08
SBA,11/25/2025 23:50,30.08
SBA,11/25/2025 23:55,30.08
SBA,11/26/2025 0:00,30.08
SBA,11/26/2025 0:05,30.08
SBA,11/26/2025 0:10,30.08
SBA,11/26/2025 0:15,30.08
SBA,11/26/2025 0:20,30.08
SBA,11/26/2025 0:25,30.08
SBA,11/26/2025 0:30,30.07
SBA,11/26/2025 0:35,30.07
SBA,11/26/2025 0:40,30.07
SBA,11/26/2025 0:45,30.07
SBA,11/26/2025 0:50,30.07
SBA,11/26/2025 0:55,30.07
SBA,11/26/2025 1:00,30.07
SBA,11/26/2025 1:05,30.07
SBA,11/26/2025 1:10,30.07
SBA,11/26/2025 1:15,30.07
SBA,11/26/2025 1:20,30.07
SBA,11/26/2025 1:25,30.07
SBA,11/26/2025 1:30,30.07
SBA,11/26/2025 1:35,30.07
SBA,11/26/2025 1:40,30.07
SBA,11/26/2025 1:45,30.07
SBA,11/26/2025 1:50,30.07
SBA,11/26/2025 1:55,30.07
SBA,11/26/2025 2:00,30.07
SBA,11/26/2025 2:05,30.07
SBA,11/26/2025 2:10,30.07
SBA,11/26/2025 2:15,30.07
SBA,11/26/2025 2:20,30.07
SBA,11/26/2025 2:25,30.07
SBA,11/26/2025 2:30,30.07
SBA,11/26/2025 2:35,30.06
SBA,11/26/2025 2:40,30.06
SBA,11/26/2025 2:45,30.06
SBA,11/26/2025 2:50,30.06
SBA,11/26/2025 2:55,30.06
SBA,11/26/2025 3:00,30.06
SBA,11/26/2025 3:05,30.06
SBA,11/26/2025 3:10,30.06
SBA,11/26/2025 3:15,30.06
SBA,11/26/2025 3:20,30.06
SBA,11/26/2025 3:25,30.06
SBA,11/26/2025 3:30,30.06
SBA,11/26/2025 3:35,30.06
SBA,11/26/2025 3:40,30.06
SBA,11/26/2025 3:45,30.06
SBA,11/26/2025 3:50,30.06
SBA,11/26/2025 3:55,30.06
SBA,11/26/2025 4:00,30.06
SBA,11/26/2025 4:05,30.06
SBA,11/26/2025 4:10,30.06
SBA,11/26/2025 4:15,30.06
SBA,11/26/2025 4:20,30.06
SBA,11/26/2025 4:25,30.06
SBA,11/26/2025 4:30,30.06
SBA,11/26/2025 4:35,30.06
SBA,11/26/2025 4:40,30.06
SBA,11/26/2025 4:45,30.06
SBA,11/26/2025 4:50,30.06
SBA,11/26/2025 4:55,30.06
SBA,11/26/2025 5:00,30.06
SBA,11/26/2025 5:05,30.06
SBA,11/26/2025 5:10,30.06
SBA,11/26/2025 5:15,30.06
SBA,11/26/2025 5:20,30.06
SBA,11/26/2025 5:25,30.06
SBA,11/26/2025 5:30,30.07
SBA,11/26/2025 5:35,30.07
SBA,11/26/2025 5:40,30.07
SBA,11/26/2025 5:45,30.07
SBA,11/26/2025 5:50,30.07
SBA,11/26/2025 5:55,30.07
SBA,11/26/2025 6:00,30.07
SBA,11/26/2025 6:05,30.07
SBA,11/26/2025 6:10,30.07
SBA,11/26/2025 6:15,30.08
SBA,11/26/2025 6:20,30.08
SBA,11/26/2025 6:25,30.08
SBA,11/26/2025 6:30,30.08
SBA,11/26/2025 6:35,30.08
SBA,11/26/2025 6:40,30.08
SBA,11/26/2025 6:45,30.08
SBA,11/26/2025 6:50,30.08
SBA,11/26/2025 6:55,30.08
SBA,11/26/2025 7:00,30.08
SBA,11/26/2025 7:05,30.08
SBA,11/26/2025 7:10,30.08
SBA,11/26/2025 7:15,30.08
SBA,11/26/2025 7:20,30.09
SBA,11/26/2025 7:25,30.09
SBA,11/26/2025 7:30,30.09
SBA,11/26/2025 7:35,30.09
SBA,11/26/2025 7:40,30.09
SBA,11/26/2025 7:45,30.09
SBA,11/26/2025 7:50,30.09
SBA,11/26/2025 7:55,30.09
SBA,11/26/2025 8:00,30.09
SBA,11/26/2025 8:05,30.1
SBA,11/26/2025 8:10,30.1
SBA,11/26/2025 8:15,30.1
SBA,11/26/2025 8:20,30.1
SBA,11/26/2025 8:25,30.1
SBA,11/26/2025 8:30,30.1
SBA,11/26/2025 8:35,30.1
SBA,11/26/2025 8:40,30.11
SBA,11/26/2025 8:45,30.11
SBA,11/26/2025 8:50,30.11
SBA,11/26/2025 8:55,30.11
SBA,11/26/2025 9:00,30.11
SBA,11/26/2025 9:05,30.1
SBA,11/26/2025 9:10,30.1
SBA,11/26/2025 9:15,30.1
SBA,11/26/2025 9:20,30.11
SBA,11/26/2025 9:25,30.11
SBA,11/26/2025 9:30,30.11
SBA,11/26/2025 9:35,30.11
SBA,11/26/2025 9:40,30.11
SBA,11/26/2025 9:45,30.11
SBA,11/26/2025 9:50,30.11
SBA,11/26/2025 9:55,30.11
SBA,11/26/2025 10:00,30.1
SBA,11/26/2025 10:05,30.1
SBA,11/26/2025 10:10,30.1
SBA,11/26/2025 10:15,30.1
SBA,11/26/2025 10:20,30.1
SBA,11/26/2025 10:25,30.1
SBA,11/26/2025 10:30,30.1
SBA,11/26/2025 10:35,30.09
SBA,11/26/2025 10:40,30.09
SBA,11/26/2025 10:45,30.09
SBA,11/26/2025 10:50,30.09
SBA,11/26/2025 10:55,30.09
SBA,11/26/2025 11:00,30.08
SBA,11/26/2025 11:05,30.08
SBA,11/26/2025 11:10,30.08
SBA,11/26/2025 11:15,30.07
SBA,11/26/2025 11:20,30.07
SBA,11/26/2025 11:25,30.07
SBA,11/26/2025 11:30,30.07
SBA,11/26/2025 11:35,30.06
SBA,11/26/2025 11:40,30.06
SBA,11/26/2025 11:45,30.06
SBA,11/26/2025 11:50,30.06
SBA,11/26/2025 11:55,30.06
SBA,11/26/2025 12:00,30.06
SBA,11/26/2025 12:05,30.05
SBA,11/26/2025 12:10,30.05
SBA,11/26/2025 12:15,30.05
SBA,11/26/2025 12:20,30.05
SBA,11/26/2025 12:25,30.05
SBA,11/26/2025 12:30,30.05
SBA,11/26/2025 12:35,30.05
SBA,11/26/2025 12:40,30.05
SBA,11/26/2025 12:45,30.05
SBA,11/26/2025 12:50,30.05
SBA,11/26/2025 12:55,30.05
SBA,11/26/2025 13:00,30.05
SBA,11/26/2025 13:05,30.05
SBA,11/26/2025 13:10,30.05
SBA,11/26/2025 13:15,30.04
SBA,11/26/2025 13:20,30.04
SBA,11/26/2025 13:25,30.04
SBA,11/26/2025 13:30,30.04
SBA,11/26/2025 13:35,30.04
SBA,11/26/2025 13:40,30.04
SBA,11/26/2025 13:45,30.04
SBA,11/26/2025 13:50,30.03
SBA,11/26/2025 13:55,30.03
SBA,11/26/2025 14:00,30.03
SBA,11/26/2025 14:05,30.03
SBA,11/26/2025 14:10,30.03
SBA,11/26/2025 14:15,30.03
SBA,11/26/2025 14:20,30.03
SBA,11/26/2025 14:25,30.03
SBA,11/26/2025 14:30,30.03
SBA,11/26/2025 14:35,30.03
SBA,11/26/2025 14:40,30.03
SBA,11/26/2025 14:45,30.03
SBA,11/26/2025 14:50,30.03
SBA,11/26/2025 14:55,30.03
SBA,11/26/2025 15:00,30.03
SBA,11/26/2025 15:05,30.03
SBA,11/26/2025 15:10,30.03
SBA,11/26/2025 15:15,30.03
SBA,11/26/2025 15:20,30.02
SBA,11/26/2025 15:25,30.02
SBA,11/26/2025 15:30,30.02
SBA,11/26/2025 15:35,30.02
SBA,11/26/2025 15:40,30.02
SBA,11/26/2025 15:45,30.02
SBA,11/26/2025 15:50,30.02
SBA,11/26/2025 15:55,30.02
SBA,11/26/2025 16:00,30.02
SBA,11/26/2025 16:05,30.02
SBA,11/26/2025 16:10,30.02
SBA,11/26/2025 16:15,30.02
SBA,11/26/2025 16:20,30.02
SBA,11/26/2025 16:25,30.02
SBA,11/26/2025 16:30,30.02
SBA,11/26/2025 16:35,30.02
SBA,11/26/2025 16:40,30.02
SBA,11/26/2025 16:45,30.02
SBA,11/26/2025 16:50,30.02
SBA,11/26/2025 16:55,30.02
SBA,11/26/2025 17:00,30.02
SBA,11/26/2025 17:05,30.03
SBA,11/26/2025 17:10,30.03
SBA,11/26/2025 17:15,30.03
SBA,11/26/2025 17:20,30.03
SBA,11/26/2025 17:25,30.03
SBA,11/26/2025 17:30,30.03
SBA,11/26/2025 17:35,30.03
SBA,11/26/2025 17:40,30.03
SBA,11/26/2025 17:45,30.03
SBA,11/26/2025 17:50,30.03
SBA,11/26/2025 17:55,30.03
SBA,11/26/2025 18:00,30.03
SBA,11/26/2025 18:05,30.04
SBA,11/26/2025 18:10,30.04
SBA,11/26/2025 18:15,30.04
SBA,11/26/2025 18:20,30.04
SBA,11/26/2025 18:25,30.04
SBA,11/26/2025 18:30,30.04
SBA,11/26/2025 18:35,30.04
SBA,11/26/2025 18:40,30.04
SBA,11/26/2025 18:45,30.05
SBA,11/26/2025 18:50,30.05
SBA,11/26/2025 18:55,30.05
SBA,11/26/2025 19:00,30.05
SBA,11/26/2025 19:05,30.05
SBA,11/26/2025 19:10,30.05
SBA,11/26/2025 19:15,30.05
SBA,11/26/2025 19:20,30.05
SBA,11/26/2025 19:25,30.05
SBA,11/26/2025 19:30,30.05
SBA,11/26/2025 19:35,30.05
SBA,11/26/2025 19:40,30.05
SBA,11/26/2025 19:45,30.05
SBA,11/26/2025 19:50,30.06
SBA,11/26/2025 19:55,30.06
SBA,11/26/2025 20:00,30.06
SBA,11/26/2025 20:05,30.06
SBA,11/26/2025 20:10,30.06
SBA,11/26/2025 20:15,30.06
SBA,11/26/2025 20:20,30.06
SBA,11/26/2025 20:25,30.06
SBA,11/26/2025 20:30,30.06
SBA,11/26/2025 20:35,30.07
SBA,11/26/2025 20:40,30.07
SBA,11/26/2025 20:45,30.07
SBA,11/26/2025 20:50,30.07
SBA,11/26/2025 20:55,30.07
SBA,11/26/2025 21:00,30.07
SBA,11/26/2025 21:05,30.07
SBA,11/26/2025 21:10,30.07
SBA,11/26/2025 21:15,30.07
SBA,11/26/2025 21:20,30.07
SBA,11/26/2025 21:25,30.07
SBA,11/26/2025 21:30,30.07
SBA,11/26/2025 21:35,30.07
SBA,11/26/2025 21:40,30.07
SBA,11/26/2025 21:45,30.07
SBA,11/26/2025 21:50,30.07
SBA,11/26/2025 21:55,30.07
SBA,11/26/2025 22:00,30.07
SBA,11/26/2025 22:05,30.07
SBA,11/26/2025 22:10,30.07
SBA,11/26/2025 22:15,30.07
SBA,11/26/2025 22:20,30.07
SBA,11/26/2025 22:25,30.07
SBA,11/26/2025 22:30,30.07
SBA,11/26/2025 22:35,30.07
SBA,11/26/2025 22:40,30.07
SBA,11/26/2025 22:45,30.07
SBA,11/26/2025 22:50,30.07
SBA,11/26/2025 22:55,30.07
SBA,11/26/2025 23:00,30.07
SBA,11/26/2025 23:05,30.07
SBA,11/26/2025 23:10,30.07
SBA,11/26/2025 23:15,30.07
SBA,11/26/2025 23:20,30.07
SBA,11/26/2025 23:25,30.07
SBA,11/26/2025 23:30,30.07
SBA,11/26/2025 23:35,30.07
SBA,11/26/2025 23:40,30.07
SBA,11/26/2025 23:45,30.07
SBA,11/26/2025 23:50,30.07
SBA,11/26/2025 23:55,30.07
SBA,11/27/2025 0:00,30.07
SBA,11/27/2025 0:05,30.06
SBA,11/27/2025 0:10,30.07
SBA,11/27/2025 0:15,30.06
SBA,11/27/2025 0:20,30.06
SBA,11/27/2025 0:25,30.06
SBA,11/27/2025 0:30,30.06
SBA,11/27/2025 0:35,30.06
SBA,11/27/2025 0:40,30.06
SBA,11/27/2025 0:45,30.06
SBA,11/27/2025 0:50,30.06
SBA,11/27/2025 0:55,30.06
SBA,11/27/2025 1:00,30.06
SBA,11/27/2025 1:05,30.06
SBA,11/27/2025 1:10,30.06
SBA,11/27/2025 1:15,30.06
SBA,11/27/2025 1:20,30.06
SBA,11/27/2025 1:25,30.06
SBA,11/27/2025 1:30,30.06
SBA,11/27/2025 1:35,30.06
SBA,11/27/2025 1:40,30.06
SBA,11/27/2025 1:45,30.06
SBA,11/27/2025 1:50,30.06
SBA,11/27/2025 1:55,30.06
SBA,11/27/2025 2:00,30.05
SBA,11/27/2025 2:05,30.05
SBA,11/27/2025 2:10,30.05
SBA,11/27/2025 2:15,30.05
SBA,11/27/2025 2:20,30.05
SBA,11/27/2025 2:25,30.05
SBA,11/27/2025 2:30,30.05
SBA,11/27/2025 2:35,30.05
SBA,11/27/2025 2:40,30.04
SBA,11/27/2025 2:45,30.04
SBA,11/27/2025 2:50,30.04
SBA,11/27/2025 2:55,30.04
SBA,11/27/2025 3:00,30.04
SBA,11/27/2025 3:05,30.04
SBA,11/27/2025 3:10,30.04
SBA,11/27/2025 3:15,30.04
SBA,11/27/2025 3:20,30.04
SBA,11/27/2025 3:25,30.04
SBA,11/27/2025 3:30,30.04
SBA,11/27/2025 3:35,30.04
SBA,11/27/2025 3:40,30.04
SBA,11/27/2025 3:45,30.04
SBA,11/27/2025 3:50,30.04
SBA,11/27/2025 3:55,30.04
SBA,11/27/2025 4:00,30.04
SBA,11/27/2025 4:05,30.04
SBA,11/27/2025 4:10,30.04
SBA,11/27/2025 4:15,30.04
SBA,11/27/2025 4:20,30.03
SBA,11/27/2025 4:25,30.03
SBA,11/27/2025 4:30,30.03
SBA,11/27/2025 4:35,30.03
SBA,11/27/2025 4:40,30.03
SBA,11/27/2025 4:45,30.03
SBA,11/27/2025 4:50,30.03
SBA,11/27/2025 4:55,30.03
SBA,11/27/2025 5:00,30.04
SBA,11/27/2025 5:05,30.03
SBA,11/27/2025 5:10,30.04
SBA,11/27/2025 5:15,30.04
SBA,11/27/2025 5:20,30.03
SBA,11/27/2025 5:25,30.04
SBA,11/27/2025 5:30,30.04
SBA,11/27/2025 5:35,30.04
SBA,11/27/2025 5:40,30.04
SBA,11/27/2025 5:45,30.04
SBA,11/27/2025 5:50,30.04
SBA,11/27/2025 5:55,30.04
SBA,11/27/2025 6:00,30.04
SBA,11/27/2025 6:05,30.04
SBA,11/27/2025 6:10,30.04
SBA,11/27/2025 6:15,30.04
SBA,11/27/2025 6:20,30.04
SBA,11/27/2025 6:25,30.04
SBA,11/27/2025 6:30,30.04
SBA,11/27/2025 6:35,30.04
SBA,11/27/2025 6:40,30.04
SBA,11/27/2025 6:45,30.04
SBA,11/27/2025 6:50,30.04
SBA,11/27/2025 6:55,30.04
SBA,11/27/2025 7:00,30.04
SBA,11/27/2025 7:05,30.04
SBA,11/27/2025 7:10,30.04
SBA,11/27/2025 7:15,30.05
SBA,11/27/2025 7:20,30.05
SBA,11/27/2025 7:25,30.05
SBA,11/27/2025 7:30,30.05
SBA,11/27/2025 7:35,30.05
SBA,11/27/2025 7:40,30.05
SBA,11/27/2025 7:45,30.05
SBA,11/27/2025 7:50,30.05
SBA,11/27/2025 7:55,30.05
SBA,11/27/2025 8:00,30.05
SBA,11/27/2025 8:05,30.05
SBA,11/27/2025 8:10,30.05
SBA,11/27/2025 8:15,30.05
SBA,11/27/2025 8:20,30.05
SBA,11/27/2025 8:25,30.06
SBA,11/27/2025 8:30,30.06
SBA,11/27/2025 8:35,30.06
SBA,11/27/2025 8:40,30.06
SBA,11/27/2025 8:45,30.06
SBA,11/27/2025 8:50,30.06
SBA,11/27/2025 8:55,30.06
SBA,11/27/2025 9:00,30.06
SBA,11/27/2025 9:05,30.06
SBA,11/27/2025 9:10,30.07
SBA,11/27/2025 9:15,30.07
SBA,11/27/2025 9:20,30.07
SBA,11/27/2025 9:25,30.07
SBA,11/27/2025 9:30,30.07
SBA,11/27/2025 9:35,30.07
SBA,11/27/2025 9:40,30.07
SBA,11/27/2025 9:45,30.07
SBA,11/27/2025 9:50,30.07
SBA,11/27/2025 9:55,30.07
SBA,11/27/2025 10:00,30.07
SBA,11/27/2025 10:05,30.06
SBA,11/27/2025 10:10,30.06
SBA,11/27/2025 10:15,30.06
SBA,11/27/2025 10:20,30.06
SBA,11/27/2025 10:25,30.06
SBA,11/27/2025 10:30,30.06
SBA,11/27/2025 10:35,30.05
SBA,11/27/2025 10:40,30.05
SBA,11/27/2025 10:45,30.05
SBA,11/27/2025 10:50,30.05
SBA,11/27/2025 10:55,30.05
SBA,11/27/2025 11:00,30.05
SBA,11/27/2025 11:05,30.04
SBA,11/27/2025 11:10,30.04
SBA,11/27/2025 11:15,30.04
SBA,11/27/2025 11:20,30.04
SBA,11/27/2025 11:25,30.03
SBA,11/27/2025 11:30,30.03
SBA,11/27/2025 11:35,30.03
SBA,11/27/2025 11:40,30.03
SBA,11/27/2025 11:45,30.02
SBA,11/27/2025 11:50,30.02
SBA,11/27/2025 11:55,30.02
SBA,11/27/2025 12:00,30.02
SBA,11/27/2025 12:05,30.01
SBA,11/27/2025 12:10,30.01
SBA,11/27/2025 12:15,30.01
SBA,11/27/2025 12:20,30.01
SBA,11/27/2025 12:25,30.02
SBA,11/27/2025 12:30,30.02
SBA,11/27/2025 12:35,30.02
SBA,11/27/2025 12:40,30.02
SBA,11/27/2025 12:45,30.01
SBA,11/27/2025 12:50,30.02
SBA,11/27/2025 12:55,30.02
SBA,11/27/2025 13:00,30.02
SBA,11/27/2025 13:05,30.02
SBA,11/27/2025 13:10,30.01
SBA,11/27/2025 13:15,30.01
SBA,11/27/2025 13:20,30.01
SBA,11/27/2025 13:25,30.01
SBA,11/27/2025 13:30,30.01
SBA,11/27/2025 13:35,30.01
SBA,11/27/2025 13:40,30.01
SBA,11/27/2025 13:45,30
SBA,11/27/2025 13:50,30
SBA,11/27/2025 13:55,30
SBA,11/27/2025 14:00,30
SBA,11/27/2025 14:05,30
SBA,11/27/2025 14:10,30
SBA,11/27/2025 14:15,30
SBA,11/27/2025 14:20,30
SBA,11/27/2025 14:25,30
SBA,11/27/2025 14:30,30
SBA,11/27/2025 14:35,30
SBA,11/27/2025 14:40,30
SBA,11/27/2025 14:45,30
SBA,11/27/2025 14:50,30
SBA,11/27/2025 14:55,30
SBA,11/27/2025 15:00,30
SBA,11/27/2025 15:05,30
SBA,11/27/2025 15:10,30
SBA,11/27/2025 15:15,30
SBA,11/27/2025 15:20,30
SBA,11/27/2025 15:25,30
SBA,11/27/2025 15:30,30
SBA,11/27/2025 15:35,30
SBA,11/27/2025 15:40,30
SBA,11/27/2025 15:45,30
SBA,11/27/2025 15:50,30
SBA,11/27/2025 15:55,30
SBA,11/27/2025 16:00,30
SBA,11/27/2025 16:05,30
SBA,11/27/2025 16:10,30
SBA,11/27/2025 16:15,30
SBA,11/27/2025 16:20,30
SBA,11/27/2025 16:25,30
SBA,11/27/2025 16:30,30
SBA,11/27/2025 16:35,29.99
SBA,11/27/2025 16:40,29.99
SBA,11/27/2025 16:45,29.99
SBA,11/27/2025 16:50,29.99
SBA,11/27/2025 16:55,29.99
SBA,11/27/2025 17:00,30
SBA,11/27/2025 17:05,30
SBA,11/27/2025 17:10,30
SBA,11/27/2025 17:15,30
SBA,11/27/2025 17:20,30
SBA,11/27/2025 17:25,30
SBA,11/27/2025 17:30,30
SBA,11/27/2025 17:35,30
SBA,11/27/2025 17:40,30.01
SBA,11/27/2025 17:45,30.01
SBA,11/27/2025 17:50,30.01
SBA,11/27/2025 17:55,30.01
SBA,11/27/2025 18:00,30.01
SBA,11/27/2025 18:05,30.01
SBA,11/27/2025 18:10,30.01
SBA,11/27/2025 18:15,30.01
SBA,11/27/2025 18:20,30.01
SBA,11/27/2025 18:25,30.01
SBA,11/27/2025 18:30,30.01
SBA,11/27/2025 18:35,30.01
SBA,11/27/2025 18:40,30.01
SBA,11/27/2025 18:45,30.02
SBA,11/27/2025 18:50,30.02
SBA,11/27/2025 18:55,30.02
SBA,11/27/2025 19:00,30.02
SBA,11/27/2025 19:05,30.02
SBA,11/27/2025 19:10,30.02
SBA,11/27/2025 19:15,30.02
SBA,11/27/2025 19:20,30.02
SBA,11/27/2025 19:25,30.02
SBA,11/27/2025 19:30,30.02
SBA,11/27/2025 19:35,30.02
SBA,11/27/2025 19:40,30.02
SBA,11/27/2025 19:45,30.02
SBA,11/27/2025 19:50,30.02
SBA,11/27/2025 19:55,30.02
SBA,11/27/2025 20:00,30.02
SBA,11/27/2025 20:05,30.02
SBA,11/27/2025 20:10,30.02
SBA,11/27/2025 20:15,30.02
SBA,11/27/2025 20:20,30.02
SBA,11/27/2025 20:25,30.02
SBA,11/27/2025 20:30,30.02
SBA,11/27/2025 20:35,30.02
SBA,11/27/2025 20:40,30.02
SBA,11/27/2025 20:45,30.02
SBA,11/27/2025 20:50,30.02
SBA,11/27/2025 20:55,30.02
SBA,11/27/2025 21:00,30.02
SBA,11/27/2025 21:05,30.02
SBA,11/27/2025 21:10,30.02
SBA,11/27/2025 21:15,30.03
SBA,11/27/2025 21:20,30.03
SBA,11/27/2025 21:25,30.03
SBA,11/27/2025 21:30,30.03
SBA,11/27/2025 21:35,30.03
SBA,11/27/2025 21:40,30.03
SBA,11/27/2025 21:45,30.03
SBA,11/27/2025 21:50,30.03
SBA,11/27/2025 21:55,30.03
SBA,11/27/2025 22:00,30.03
SBA,11/27/2025 22:05,30.03
SBA,11/27/2025 22:10,30.03
SBA,11/27/2025 22:15,30.03
SBA,11/27/2025 22:20,30.03
SBA,11/27/2025 22:25,30.03
SBA,11/27/2025 22:30,30.03
SBA,11/27/2025 22:35,30.03
SBA,11/27/2025 22:40,30.03
SBA,11/27/2025 22:45,30.03
SBA,11/27/2025 22:50,30.03
SBA,11/27/2025 22:55,30.03
SBA,11/27/2025 23:00,30.02
SBA,11/27/2025 23:05,30.02
SBA,11/27/2025 23:10,30.02
SBA,11/27/2025 23:15,30.02
SBA,11/27/2025 23:20,30.02
SBA,11/27/2025 23:25,30.02
SBA,11/27/2025 23:30,30.03
SBA,11/27/2025 23:35,30.03
SBA,11/27/2025 23:40,30.03
SBA,11/27/2025 23:45,30.03
SBA,11/27/2025 23:50,30.03
SBA,11/27/2025 23:55,30.03
SBA,11/28/2025 0:00,30.02
SBA,11/28/2025 0:05,30.02
SBA,11/28/2025 0:10,30.02
SBA,11/28/2025 0:15,30.02
SBA,11/28/2025 0:20,30.02
SBA,11/28/2025 0:25,30.02
SBA,11/28/2025 0:30,30.02
SBA,11/28/2025 0:35,30.02
SBA,11/28/2025 0:40,30.02
SBA,11/28/2025 0:45,30.02
SBA,11/28/2025 0:50,30.01
SBA,11/28/2025 0:55,30.01
SBA,11/28/2025 1:00,30.02
SBA,11/28/2025 1:05,30.01
SBA,11/28/2025 1:10,30.01
SBA,11/28/2025 1:15,30.01
SBA,11/28/2025 1:20,30.01
SBA,11/28/2025 1:25,30.01
SBA,11/28/2025 1:30,30.01
SBA,11/28/2025 1:35,30.01
SBA,11/28/2025 1:40,30.01
SBA,11/28/2025 1:45,30.01
SBA,11/28/2025 1:50,30.01
SBA,11/28/2025 1:55,30.01
SBA,11/28/2025 2:00,30.01
SBA,11/28/2025 2:05,30.01
SBA,11/28/2025 2:10,30.01
SBA,11/28/2025 2:15,30
SBA,11/28/2025 2:20,30
SBA,11/28/2025 2:25,30
SBA,11/28/2025 2:30,30
SBA,11/28/2025 2:35,30
SBA,11/28/2025 2:40,30
SBA,11/28/2025 2:45,30
SBA,11/28/2025 2:50,30
SBA,11/28/2025 2:55,30
SBA,11/28/2025 3:00,30
SBA,11/28/2025 3:05,29.99
SBA,11/28/2025 3:10,30
SBA,11/28/2025 3:15,30
SBA,11/28/2025 3:20,30
SBA,11/28/2025 3:25,30
SBA,11/28/2025 3:30,30
SBA,11/28/2025 3:35,30
SBA,11/28/2025 3:40,30
SBA,11/28/2025 3:45,30
SBA,11/28/2025 3:50,30
SBA,11/28/2025 3:55,30
SBA,11/28/2025 4:00,30
SBA,11/28/2025 4:05,30
SBA,11/28/2025 4:10,30
SBA,11/28/2025 4:15,30
SBA,11/28/2025 4:20,30
SBA,11/28/2025 4:25,30
SBA,11/28/2025 4:30,30.01
SBA,11/28/2025 4:35,30.01
SBA,11/28/2025 4:40,30.01
SBA,11/28/2025 4:45,30
SBA,11/28/2025 4:50,30
SBA,11/28/2025 4:55,30
SBA,11/28/2025 5:00,30.01
SBA,11/28/2025 5:05,30
SBA,11/28/2025 5:10,30.01
SBA,11/28/2025 5:15,30.01
SBA,11/28/2025 5:20,30
SBA,11/28/2025 5:25,30.01
SBA,11/28/2025 5:30,30.01
SBA,11/28/2025 5:35,30.01
SBA,11/28/2025 5:40,30
SBA,11/28/2025 5:45,30
SBA,11/28/2025 5:50,30.01
SBA,11/28/2025 5:55,30.01
SBA,11/28/2025 6:00,30.01
SBA,11/28/2025 6:05,30.01
SBA,11/28/2025 6:10,30.01
SBA,11/28/2025 6:15,30.02
SBA,11/28/2025 6:20,30.01
SBA,11/28/2025 6:25,30.01
SBA,11/28/2025 6:30,30.01
SBA,11/28/2025 6:35,30.01
SBA,11/28/2025 6:40,30.01
SBA,11/28/2025 6:45,30.01
SBA,11/28/2025 6:50,30.01
SBA,11/28/2025 6:55,30.01
SBA,11/28/2025 7:00,30.02
SBA,11/28/2025 7:05,30.02
SBA,11/28/2025 7:10,30.02
SBA,11/28/2025 7:15,30.03
SBA,11/28/2025 7:20,30.03
SBA,11/28/2025 7:25,30.03
SBA,11/28/2025 7:30,30.03
SBA,11/28/2025 7:35,30.03
SBA,11/28/2025 7:40,30.03
SBA,11/28/2025 7:45,30.03
SBA,11/28/2025 7:50,30.03
SBA,11/28/2025 7:55,30.03
SBA,11/28/2025 8:00,30.03
SBA,11/28/2025 8:05,30.03
SBA,11/28/2025 8:10,30.03
SBA,11/28/2025 8:15,30.04
SBA,11/28/2025 8:20,30.04
SBA,11/28/2025 8:25,30.04
SBA,11/28/2025 8:30,30.04
SBA,11/28/2025 8:35,30.04
SBA,11/28/2025 8:40,30.04
SBA,11/28/2025 8:45,30.04
SBA,11/28/2025 8:50,30.04
SBA,11/28/2025 8:55,30.04
SBA,11/28/2025 9:00,30.04
SBA,11/28/2025 9:05,30.04
SBA,11/28/2025 9:10,30.04
SBA,11/28/2025 9:15,30.04
SBA,11/28/2025 9:20,30.04
SBA,11/28/2025 9:25,30.04
SBA,11/28/2025 9:30,30.04
SBA,11/28/2025 9:35,30.04
SBA,11/28/2025 9:40,30.04
SBA,11/28/2025 9:45,30.04
SBA,11/28/2025 9:50,30.04
SBA,11/28/2025 9:55,30.04
SBA,11/28/2025 10:00,30.04
SBA,11/28/2025 10:05,30.04
SBA,11/28/2025 10:10,30.04
SBA,11/28/2025 10:15,30.04
SBA,11/28/2025 10:20,30.04
SBA,11/28/2025 10:25,30.04
SBA,11/28/2025 10:30,30.03
SBA,11/28/2025 10:35,30.03
SBA,11/28/2025 10:40,30.03
SBA,11/28/2025 10:45,30.03
SBA,11/28/2025 10:50,30.03
SBA,11/28/2025 10:55,30.03
SBA,11/28/2025 11:00,30.02
SBA,11/28/2025 11:05,30.02
SBA,11/28/2025 11:10,30.02
SBA,11/28/2025 11:15,30.02
SBA,11/28/2025 11:20,30.02
SBA,11/28/2025 11:25,30.01
SBA,11/28/2025 11:30,30.02
SBA,11/28/2025 11:35,30.02
SBA,11/28/2025 11:40,30.01
SBA,11/28/2025 11:45,30.01
SBA,11/28/2025 11:50,30.01
SBA,11/28/2025 11:55,30.01
SBA,11/28/2025 12:00,30
SBA,11/28/2025 12:05,30
SBA,11/28/2025 12:10,30
SBA,11/28/2025 12:15,30
SBA,11/28/2025 12:20,30
SBA,11/28/2025 12:25,30
SBA,11/28/2025 12:30,29.99
SBA,11/28/2025 12:35,29.99
SBA,11/28/2025 12:40,29.99
SBA,11/28/2025 12:45,29.99
SBA,11/28/2025 12:50,29.99
SBA,11/28/2025 12:55,29.99
SBA,11/28/2025 13:00,29.98
SBA,11/28/2025 13:05,29.98
SBA,11/28/2025 13:10,29.98
SBA,11/28/2025 13:15,29.98
SBA,11/28/2025 13:20,29.98
SBA,11/28/2025 13:25,29.98
SBA,11/28/2025 13:30,29.98
SBA,11/28/2025 13:35,29.98
SBA,11/28/2025 13:40,29.97
SBA,11/28/2025 13:45,29.97
SBA,11/28/2025 13:50,29.97
SBA,11/28/2025 13:55,29.97
SBA,11/28/2025 14:00,29.97
SBA,11/28/2025 14:05,29.97
SBA,11/28/2025 14:10,29.97
SBA,11/28/2025 14:15,29.97
SBA,11/28/2025 14:20,29.97
SBA,11/28/2025 14:25,29.97
SBA,11/28/2025 14:30,29.97
SBA,11/28/2025 14:35,29.97
SBA,11/28/2025 14:40,29.97
SBA,11/28/2025 14:45,29.97
SBA,11/28/2025 14:50,29.97
SBA,11/28/2025 14:55,29.97
SBA,11/28/2025 15:00,29.97
SBA,11/28/2025 15:05,29.97
SBA,11/28/2025 15:10,29.97
SBA,11/28/2025 15:15,29.97
SBA,11/28/2025 15:20,29.96
SBA,11/28/2025 15:25,29.96
SBA,11/28/2025 15:30,29.96
SBA,11/28/2025 15:35,29.96
SBA,11/28/2025 15:40,29.96
SBA,11/28/2025 15:45,29.96
SBA,11/28/2025 15:50,29.96
SBA,11/28/2025 15:55,29.96
SBA,11/28/2025 16:00,29.96
SBA,11/28/2025 16:05,29.96
SBA,11/28/2025 16:10,29.96
SBA,11/28/2025 16:15,29.97
SBA,11/28/2025 16:20,29.97
SBA,11/28/2025 16:25,29.97
SBA,11/28/2025 16:30,29.97
SBA,11/28/2025 16:35,29.97
SBA,11/28/2025 16:40,29.97
SBA,11/28/2025 16:45,29.97
SBA,11/28/2025 16:50,29.97
SBA,11/28/2025 16:55,29.97
SBA,11/28/2025 17:00,29.97
SBA,11/28/2025 17:05,29.97
SBA,11/28/2025 17:10,29.97
SBA,11/28/2025 17:15,29.97
SBA,11/28/2025 17:20,29.97
SBA,11/28/2025 17:25,29.97
SBA,11/28/2025 17:30,29.97
SBA,11/28/2025 17:35,29.97
SBA,11/28/2025 17:40,29.97
SBA,11/28/2025 17:45,29.97
SBA,11/28/2025 17:50,29.97
SBA,11/28/2025 17:55,29.97
SBA,11/28/2025 18:00,29.97
SBA,11/28/2025 18:05,29.98
SBA,11/28/2025 18:10,29.98
SBA,11/28/2025 18:15,29.98
SBA,11/28/2025 18:20,29.99
SBA,11/28/2025 18:25,29.99
SBA,11/28/2025 18:30,29.99
SBA,11/28/2025 18:35,29.98
SBA,11/28/2025 18:40,29.98
SBA,11/28/2025 18:45,29.98
SBA,11/28/2025 18:50,29.98
SBA,11/28/2025 18:55,29.98
SBA,11/28/2025 19:00,29.99
SBA,11/28/2025 19:05,29.99
SBA,11/28/2025 19:10,29.99
SBA,11/28/2025 19:15,29.99
SBA,11/28/2025 19:20,29.99
SBA,11/28/2025 19:25,29.99
SBA,11/28/2025 19:30,29.99
SBA,11/28/2025 19:35,29.99
SBA,11/28/2025 19:40,29.99
SBA,11/28/2025 19:45,30
SBA,11/28/2025 19:50,29.99
SBA,11/28/2025 19:55,29.99
SBA,11/28/2025 20:00,29.99
SBA,11/28/2025 20:05,29.99
SBA,11/28/2025 20:10,29.99
SBA,11/28/2025 20:15,29.99
SBA,11/28/2025 20:20,29.99
SBA,11/28/2025 20:25,29.99
SBA,11/28/2025 20:30,29.99
SBA,11/28/2025 20:35,29.99
SBA,11/28/2025 20:40,30
SBA,11/28/2025 20:45,30
SBA,11/28/2025 20:50,29.99
SBA,11/28/2025 20:55,30
SBA,11/28/2025 21:00,30
SBA,11/28/2025 21:05,30
SBA,11/28/2025 21:10,30
SBA,11/28/2025 21:15,30
SBA,11/28/2025 21:20,30
SBA,11/28/2025 21:25,30
SBA,11/28/2025 21:30,30
SBA,11/28/2025 21:35,30
SBA,11/28/2025 21:40,30.01
SBA,11/28/2025 21:45,30.01
SBA,11/28/2025 21:50,30.01
SBA,11/28/2025 21:55,30.01
SBA,11/28/2025 22:00,30.01
SBA,11/28/2025 22:05,30.01
SBA,11/28/2025 22:10,30.01
SBA,11/28/2025 22:15,30.01
SBA,11/28/2025 22:20,30.01
SBA,11/28/2025 22:25,30.01
SBA,11/28/2025 22:30,30.01
SBA,11/28/2025 22:35,30.01
SBA,11/28/2025 22:40,30.01
SBA,11/28/2025 22:45,30.01
SBA,11/28/2025 22:50,30.01
SBA,11/28/2025 22:55,30.01
SBA,11/28/2025 23:00,30.01
SBA,11/28/2025 23:05,30
SBA,11/28/2025 23:10,30
SBA,11/28/2025 23:15,30
SBA,11/28/2025 23:20,30
SBA,11/28/2025 23:25,30
SBA,11/28/2025 23:30,30
SBA,11/28/2025 23:35,30
SBA,11/28/2025 23:40,30
SBA,11/28/2025 23:45,30
SBA,11/28/2025 23:50,30
SBA,11/28/2025 23:55,30
SBA,11/29/2025 0:00,30
SBA,11/29/2025 0:05,30
SBA,11/29/2025 0:10,30
SBA,11/29/2025 0:15,30
SBA,11/29/2025 0:20,30
SBA,11/29/2025 0:25,30
SBA,11/29/2025 0:30,30
SBA,11/29/2025 0:35,30
SBA,11/29/2025 0:40,30
SBA,11/29/2025 0:45,30.01
SBA,11/29/2025 0:50,30
SBA,11/29/2025 0:55,30.01
SBA,11/29/2025 1:00,30.01
SBA,11/29/2025 1:05,30
SBA,11/29/2025 1:10,30.01
SBA,11/29/2025 1:15,30.01
SBA,11/29/2025 1:20,30
SBA,11/29/2025 1:25,30
SBA,11/29/2025 1:30,30
SBA,11/29/2025 1:35,30
SBA,11/29/2025 1:40,30
SBA,11/29/2025 1:45,30
SBA,11/29/2025 1:50,30
SBA,11/29/2025 1:55,30
SBA,11/29/2025 2:00,30
SBA,11/29/2025 2:05,30
SBA,11/29/2025 2:10,30
SBA,11/29/2025 2:15,30
SBA,11/29/2025 2:20,30.01
SBA,11/29/2025 2:25,30.01
SBA,11/29/2025 2:30,30.01
SBA,11/29/2025 2:35,30.01
SBA,11/29/2025 2:40,30.01
SBA,11/29/2025 2:45,30.01
SBA,11/29/2025 2:50,30.01
SBA,11/29/2025 2:55,30.01
SBA,11/29/2025 3:00,30.01
SBA,11/29/2025 3:05,30.01
SBA,11/29/2025 3:10,30
SBA,11/29/2025 3:15,30
SBA,11/29/2025 3:20,30
SBA,11/29/2025 3:25,30
SBA,11/29/2025 3:30,30
SBA,11/29/2025 3:35,30
SBA,11/29/2025 3:40,30
SBA,11/29/2025 3:45,30
SBA,11/29/2025 3:50,29.99
SBA,11/29/2025 3:55,29.99
SBA,11/29/2025 4:00,29.99
SBA,11/29/2025 4:05,29.99
SBA,11/29/2025 4:10,30
SBA,11/29/2025 4:15,30
SBA,11/29/2025 4:20,30
SBA,11/29/2025 4:25,30
SBA,11/29/2025 4:30,30
SBA,11/29/2025 4:35,30.01
SBA,11/29/2025 4:40,30.01
SBA,11/29/2025 4:45,30.01
SBA,11/29/2025 4:50,30.01
SBA,11/29/2025 4:55,30.01
SBA,11/29/2025 5:00,30.02
SBA,11/29/2025 5:05,30.02
SBA,11/29/2025 5:10,30.02
SBA,11/29/2025 5:15,30.01
SBA,11/29/2025 5:20,30.01
SBA,11/29/2025 5:25,30.01
SBA,11/29/2025 5:30,30.01
SBA,11/29/2025 5:35,30.01
SBA,11/29/2025 5:40,30.01
SBA,11/29/2025 5:45,30.01
SBA,11/29/2025 5:50,30.02
SBA,11/29/2025 5:55,30.02
SBA,11/29/2025 6:00,30.02
SBA,11/29/2025 6:05,30.02
SBA,11/29/2025 6:10,30.02
SBA,11/29/2025 6:15,30.02
SBA,11/29/2025 6:20,30.02
SBA,11/29/2025 6:25,30.02
SBA,11/29/2025 6:30,30.02
SBA,11/29/2025 6:35,30.02
SBA,11/29/2025 6:40,30.02
SBA,11/29/2025 6:45,30.02
SBA,11/29/2025 6:50,30.02
SBA,11/29/2025 6:55,30.02
SBA,11/29/2025 7:00,30.02
SBA,11/29/2025 7:05,30.02
SBA,11/29/2025 7:10,30.02
SBA,11/29/2025 7:15,30.02
SBA,11/29/2025 7:20,30.02
SBA,11/29/2025 7:25,30.02
SBA,11/29/2025 7:30,30.02
SBA,11/29/2025 7:35,30.03
SBA,11/29/2025 7:40,30.03
SBA,11/29/2025 7:45,30.03
SBA,11/29/2025 7:50,30.03
SBA,11/29/2025 7:55,30.03
SBA,11/29/2025 8:00,30.03
SBA,11/29/2025 8:05,30.03
SBA,11/29/2025 8:10,30.03
SBA,11/29/2025 8:15,30.03
SBA,11/29/2025 8:20,30.04
SBA,11/29/2025 8:25,30.04
SBA,11/29/2025 8:30,30.04
SBA,11/29/2025 8:35,30.04
SBA,11/29/2025 8:40,30.04
SBA,11/29/2025 8:45,30.04
SBA,11/29/2025 8:50,30.04
SBA,11/29/2025 8:55,30.04
SBA,11/29/2025 9:00,30.04
SBA,11/29/2025 9:05,30.04
SBA,11/29/2025 9:10,30.04
SBA,11/29/2025 9:15,30.04
SBA,11/29/2025 9:20,30.04
SBA,11/29/2025 9:25,30.03
SBA,11/29/2025 9:30,30.03
SBA,11/29/2025 9:35,30.03
SBA,11/29/2025 9:40,30.03
SBA,11/29/2025 9:45,30.03
SBA,11/29/2025 9:50,30.04
SBA,11/29/2025 9:55,30.04
SBA,11/29/2025 10:00,30.04
SBA,11/29/2025 10:05,30.04
SBA,11/29/2025 10:10,30.04
SBA,11/29/2025 10:15,30.04
SBA,11/29/2025 10:20,30.04
SBA,11/29/2025 10:25,30.04
SBA,11/29/2025 10:30,30.04
SBA,11/29/2025 10:35,30.04
SBA,11/29/2025 10:40,30.04
SBA,11/29/2025 10:45,30.04
SBA,11/29/2025 10:50,30.04
SBA,11/29/2025 10:55,30.04
SBA,11/29/2025 11:00,30.04
SBA,11/29/2025 11:05,30.03
SBA,11/29/2025 11:10,30.03
SBA,11/29/2025 11:15,30.03
SBA,11/29/2025 11:20,30.02
SBA,11/29/2025 11:25,30.02
SBA,11/29/2025 11:30,30.02
SBA,11/29/2025 11:35,30.02
SBA,11/29/2025 11:40,30.02
SBA,11/29/2025 11:45,30.02
SBA,11/29/2025 11:50,30.02
SBA,11/29/2025 11:55,30.02
SBA,11/29/2025 12:00,30.02
SBA,11/29/2025 12:05,30.01
SBA,11/29/2025 12:10,30.01
SBA,11/29/2025 12:15,30.01
SBA,11/29/2025 12:20,30
SBA,11/29/2025 12:25,30
SBA,11/29/2025 12:30,30
SBA,11/29/2025 12:35,30
SBA,11/29/2025 12:40,30
SBA,11/29/2025 12:45,30
SBA,11/29/2025 12:50,30
SBA,11/29/2025 12:55,30
SBA,11/29/2025 13:00,29.99
SBA,11/29/2025 13:05,29.99
SBA,11/29/2025 13:10,29.99
SBA,11/29/2025 13:15,29.99
SBA,11/29/2025 13:20,29.99
SBA,11/29/2025 13:25,29.99
SBA,11/29/2025 13:30,29.98
SBA,11/29/2025 13:35,29.98
SBA,11/29/2025 13:40,29.98
SBA,11/29/2025 13:45,29.98
SBA,11/29/2025 13:50,29.98
SBA,11/29/2025 13:55,29.97
SBA,11/29/2025 14:00,29.97
SBA,11/29/2025 14:05,29.97
SBA,11/29/2025 14:10,29.97
SBA,11/29/2025 14:15,29.97
SBA,11/29/2025 14:20,29.97
SBA,11/29/2025 14:25,29.97
SBA,11/29/2025 14:30,29.97
SBA,11/29/2025 14:35,29.97
SBA,11/29/2025 14:40,29.98
SBA,11/29/2025 14:45,29.98
SBA,11/29/2025 14:50,29.97
SBA,11/29/2025 14:55,29.97
SBA,11/29/2025 15:00,29.97
SBA,11/29/2025 15:05,29.97
SBA,11/29/2025 15:10,29.97
SBA,11/29/2025 15:15,29.97
SBA,11/29/2025 15:20,29.97
SBA,11/29/2025 15:25,29.97
SBA,11/29/2025 15:30,29.97
SBA,11/29/2025 15:35,29.97
SBA,11/29/2025 15:40,29.97
SBA,11/29/2025 15:45,29.97
SBA,11/29/2025 15:50,29.97
SBA,11/29/2025 15:55,29.97
SBA,11/29/2025 16:00,29.96
SBA,11/29/2025 16:05,29.96
SBA,11/29/2025 16:10,29.97
SBA,11/29/2025 16:15,29.97
SBA,11/29/2025 16:20,29.97
SBA,11/29/2025 16:25,29.97
SBA,11/29/2025 16:30,29.97
SBA,11/29/2025 16:35,29.97
SBA,11/29/2025 16:40,29.97
SBA,11/29/2025 16:45,29.98
SBA,11/29/2025 16:50,29.98
SBA,11/29/2025 16:55,29.98
SBA,11/29/2025 17:00,29.98
SBA,11/29/2025 17:05,29.98
SBA,11/29/2025 17:10,29.98
SBA,11/29/2025 17:15,29.98
SBA,11/29/2025 17:20,29.98
SBA,11/29/2025 17:25,29.99
SBA,11/29/2025 17:30,29.99
SBA,11/29/2025 17:35,29.99
SBA,11/29/2025 17:40,29.99
SBA,11/29/2025 17:45,29.99
SBA,11/29/2025 17:50,30
SBA,11/29/2025 17:55,30
SBA,11/29/2025 18:00,30
SBA,11/29/2025 18:05,30
SBA,11/29/2025 18:10,30
SBA,11/29/2025 18:15,30
SBA,11/29/2025 18:20,30
SBA,11/29/2025 18:25,30
SBA,11/29/2025 18:30,30
SBA,11/29/2025 18:35,30
SBA,11/29/2025 18:40,30
SBA,11/29/2025 18:45,30
SBA,11/29/2025 18:50,30
SBA,11/29/2025 18:55,30
SBA,11/29/2025 19:00,30
SBA,11/29/2025 19:05,30
SBA,11/29/2025 19:10,29.99
SBA,11/29/2025 19:15,29.99
SBA,11/29/2025 19:20,29.99
SBA,11/29/2025 19:25,30
SBA,11/29/2025 19:30,30
SBA,11/29/2025 19:35,30
SBA,11/29/2025 19:40,30
SBA,11/29/2025 19:45,30
SBA,11/29/2025 19:50,30
SBA,11/29/2025 19:55,30.01
SBA,11/29/2025 20:00,30.01
SBA,11/29/2025 20:05,30.01
SBA,11/29/2025 20:10,30.01
SBA,11/29/2025 20:15,30.01
SBA,11/29/2025 20:20,30.01
SBA,11/29/2025 20:25,30.01
SBA,11/29/2025 20:30,30.01
SBA,11/29/2025 20:35,30.01
SBA,11/29/2025 20:40,30
SBA,11/29/2025 20:45,30
SBA,11/29/2025 20:50,30
SBA,11/29/2025 20:55,30
SBA,11/29/2025 21:00,30
SBA,11/29/2025 21:05,30
SBA,11/29/2025 21:10,29.99
SBA,11/29/2025 21:15,29.99
SBA,11/29/2025 21:20,29.99
SBA,11/29/2025 21:25,29.99
SBA,11/29/2025 21:30,29.99
SBA,11/29/2025 21:35,29.99
SBA,11/29/2025 21:40,29.99
SBA,11/29/2025 21:45,29.99
SBA,11/29/2025 21:50,29.99
SBA,11/29/2025 21:55,29.99
SBA,11/29/2025 22:00,29.99
SBA,11/29/2025 22:05,29.99
SBA,11/29/2025 22:10,29.99
SBA,11/29/2025 22:15,29.99
SBA,11/29/2025 22:20,29.99
SBA,11/29/2025 22:25,29.99
SBA,11/29/2025 22:30,30
SBA,11/29/2025 22:35,29.99
SBA,11/29/2025 22:40,30
SBA,11/29/2025 22:45,30
SBA,11/29/2025 22:50,30
SBA,11/29/2025 22:55,30
SBA,11/29/2025 23:00,30
SBA,11/29/2025 23:05,30
SBA,11/29/2025 23:10,30
SBA,11/29/2025 23:15,30
SBA,11/29/2025 23:20,29.99
SBA,11/29/2025 23:25,29.99
SBA,11/29/2025 23:30,29.99
SBA,11/29/2025 23:35,29.99
SBA,11/29/2025 23:40,29.99
SBA,11/29/2025 23:45,29.99
SBA,11/29/2025 23:50,29.99
SBA,11/29/2025 23:55,29.99
SBA,11/30/2025 0:00,29.99
SBA,11/30/2025 0:05,30
SBA,11/30/2025 0:10,30
SBA,11/30/2025 0:15,30
SBA,11/30/2025 0:20,30
SBA,11/30/2025 0:25,30
SBA,11/30/2025 0:30,29.99
SBA,11/30/2025 0:35,29.99
SBA,11/30/2025 0:40,29.99
SBA,11/30/2025 0:45,29.99
SBA,11/30/2025 0:50,29.99
SBA,11/30/2025 0:55,29.99
SBA,11/30/2025 1:00,29.99
SBA,11/30/2025 1:05,29.99
SBA,11/30/2025 1:10,29.98
SBA,11/30/2025 1:15,29.98
SBA,11/30/2025 1:20,29.98
SBA,11/30/2025 1:25,29.98
SBA,11/30/2025 1:30,29.98
SBA,11/30/2025 1:35,29.98
SBA,11/30/2025 1:40,29.98
SBA,11/30/2025 1:45,29.98
SBA,11/30/2025 1:50,29.98
SBA,11/30/2025 1:55,29.99
SBA,11/30/2025 2:00,29.98
SBA,11/30/2025 2:05,29.98
SBA,11/30/2025 2:10,29.99
SBA,11/30/2025 2:15,29.99
SBA,11/30/2025 2:20,29.99
SBA,11/30/2025 2:25,29.99
SBA,11/30/2025 2:30,29.99
SBA,11/30/2025 2:35,29.99
SBA,11/30/2025 2:40,29.99
SBA,11/30/2025 2:45,29.99
SBA,11/30/2025 2:50,29.98
SBA,11/30/2025 2:55,29.98
SBA,11/30/2025 3:00,29.98
SBA,11/30/2025 3:05,29.98
SBA,11/30/2025 3:10,29.98
SBA,11/30/2025 3:15,29.98
SBA,11/30/2025 3:20,29.98
SBA,11/30/2025 3:25,29.98
SBA,11/30/2025 3:30,29.98
SBA,11/30/2025 3:35,29.98
SBA,11/30/2025 3:40,29.98
SBA,11/30/2025 3:45,29.99
SBA,11/30/2025 3:50,29.99
SBA,11/30/2025 3:55,29.99
SBA,11/30/2025 4:00,29.99
SBA,11/30/2025 4:05,29.99
SBA,11/30/2025 4:10,29.99
SBA,11/30/2025 4:15,29.99
SBA,11/30/2025 4:20,29.99
SBA,11/30/2025 4:25,29.99
SBA,11/30/2025 4:30,29.99
SBA,11/30/2025 4:35,29.99
SBA,11/30/2025 4:40,29.98
SBA,11/30/2025 4:45,29.98
SBA,11/30/2025 4:50,29.98
SBA,11/30/2025 4:55,29.98
SBA,11/30/2025 5:00,29.98
SBA,11/30/2025 5:05,29.98
SBA,11/30/2025 5:10,29.98
SBA,11/30/2025 5:15,29.98
SBA,11/30/2025 5:20,29.98
SBA,11/30/2025 5:25,29.98
SBA,11/30/2025 5:30,29.98
SBA,11/30/2025 5:35,29.98
SBA,11/30/2025 5:40,29.98
SBA,11/30/2025 5:45,29.98
SBA,11/30/2025 5:50,29.98
SBA,11/30/2025 5:55,29.98
SBA,11/30/2025 6:00,29.98
SBA,11/30/2025 6:05,29.98
SBA,11/30/2025 6:10,29.98
SBA,11/30/2025 6:15,29.98
SBA,11/30/2025 6:20,29.98
SBA,11/30/2025 6:25,29.98
SBA,11/30/2025 6:30,29.99
SBA,11/30/2025 6:35,29.99
SBA,11/30/2025 6:40,29.98
SBA,11/30/2025 6:45,29.98
SBA,11/30/2025 6:50,29.98
SBA,11/30/2025 6:55,29.98
SBA,11/30/2025 7:00,29.98
SBA,11/30/2025 7:05,29.98
SBA,11/30/2025 7:10,29.98
SBA,11/30/2025 7:15,29.98
SBA,11/30/2025 7:20,29.98
SBA,11/30/2025 7:25,29.98
SBA,11/30/2025 7:30,29.98
SBA,11/30/2025 7:35,29.98
SBA,11/30/2025 7:40,29.99
SBA,11/30/2025 7:45,29.99
SBA,11/30/2025 7:50,29.99
SBA,11/30/2025 7:55,29.99
SBA,11/30/2025 8:00,29.99
SBA,11/30/2025 8:05,29.99
SBA,11/30/2025 8:10,29.99
SBA,11/30/2025 8:15,29.99
SBA,11/30/2025 8:20,29.99
SBA,11/30/2025 8:25,29.99
SBA,11/30/2025 8:30,29.99
SBA,11/30/2025 8:35,29.99
SBA,11/30/2025 8:40,29.99
SBA,11/30/2025 8:45,29.99
SBA,11/30/2025 8:50,30
SBA,11/30/2025 8:55,29.99
SBA,11/30/2025 9:00,29.99
SBA,11/30/2025 9:05,30
SBA,11/30/2025 9:10,29.99
SBA,11/30/2025 9:15,29.99
SBA,11/30/2025 9:20,30
SBA,11/30/2025 9:25,30
SBA,11/30/2025 9:30,30
SBA,11/30/2025 9:35,30
SBA,11/30/2025 9:40,30
SBA,11/30/2025 9:45,30
SBA,11/30/2025 9:50,30
SBA,11/30/2025 9:55,30
SBA,11/30/2025 10:00,30
SBA,11/30/2025 10:05,30
SBA,11/30/2025 10:10,30
SBA,11/30/2025 10:15,30
SBA,11/30/2025 10:20,30
SBA,11/30/2025 10:25,30
SBA,11/30/2025 10:30,30
SBA,11/30/2025 10:35,30
SBA,11/30/2025 10:40,30
SBA,11/30/2025 10:45,30
SBA,11/30/2025 10:50,30
SBA,11/30/2025 10:55,29.99
SBA,11/30/2025 11:00,29.99
SBA,11/30/2025 11:05,29.99
SBA,11/30/2025 11:10,29.99
SBA,11/30/2025 11:15,29.99
SBA,11/30/2025 11:20,29.99
SBA,11/30/2025 11:25,29.99
SBA,11/30/2025 11:30,29.98
SBA,11/30/2025 11:35,29.98
SBA,11/30/2025 11:40,29.98
SBA,11/30/2025 11:45,29.98
SBA,11/30/2025 11:50,29.97
SBA,11/30/2025 11:55,29.97
SBA,11/30/2025 12:00,29.97
SBA,11/30/2025 12:05,29.97
SBA,11/30/2025 12:10,29.97
SBA,11/30/2025 12:15,29.97
SBA,11/30/2025 12:20,29.96
SBA,11/30/2025 12:25,29.96
SBA,11/30/2025 12:30,29.96
SBA,11/30/2025 12:35,29.96
SBA,11/30/2025 12:40,29.96
SBA,11/30/2025 12:45,29.96
SBA,11/30/2025 12:50,29.96
SBA,11/30/2025 12:55,29.96
SBA,11/30/2025 13:00,29.96
SBA,11/30/2025 13:05,29.96
SBA,11/30/2025 13:10,29.96
SBA,11/30/2025 13:15,29.95
SBA,11/30/2025 13:20,29.95
SBA,11/30/2025 13:25,29.95
SBA,11/30/2025 13:30,29.95
SBA,11/30/2025 13:35,29.95
SBA,11/30/2025 13:40,29.95
SBA,11/30/2025 13:45,29.95
SBA,11/30/2025 13:50,29.95
SBA,11/30/2025 13:55,29.95
SBA,11/30/2025 14:00,29.94
SBA,11/30/2025 14:05,29.94
SBA,11/30/2025 14:10,29.94
SBA,11/30/2025 14:15,29.94
SBA,11/30/2025 14:20,29.94
SBA,11/30/2025 14:25,29.94
SBA,11/30/2025 14:30,29.94
SBA,11/30/2025 14:35,29.94
SBA,11/30/2025 14:40,29.94
SBA,11/30/2025 14:45,29.94
SBA,11/30/2025 14:50,29.94
SBA,11/30/2025 14:55,29.94
SBA,11/30/2025 15:00,29.93
SBA,11/30/2025 15:05,29.93
SBA,11/30/2025 15:10,29.93
SBA,11/30/2025 15:15,29.93
SBA,11/30/2025 15:20,29.93
SBA,11/30/2025 15:25,29.94
SBA,11/30/2025 15:30,29.94
SBA,11/30/2025 15:35,29.94
SBA,11/30/2025 15:40,29.94
SBA,11/30/2025 15:45,29.94
SBA,11/30/2025 15:50,29.94
SBA,11/30/2025 15:55,29.94
SBA,11/30/2025 16:00,29.94
SBA,11/30/2025 16:05,29.94
SBA,11/30/2025 16:10,29.94
SBA,11/30/2025 16:15,29.94
SBA,11/30/2025 16:20,29.94
SBA,11/30/2025 16:25,29.94
SBA,11/30/2025 16:30,29.94
SBA,11/30/2025 16:35,29.94
SBA,11/30/2025 16:40,29.94
SBA,11/30/2025 16:45,29.94
SBA,11/30/2025 16:50,29.94
SBA,11/30/2025 16:55,29.94
SBA,11/30/2025 17:00,29.94
SBA,11/30/2025 17:05,29.94
SBA,11/30/2025 17:10,29.95
SBA,11/30/2025 17:15,29.95
SBA,11/30/2025 17:20,29.95
SBA,11/30/2025 17:25,29.95
SBA,11/30/2025 17:30,29.95
SBA,11/30/2025 17:35,29.95
SBA,11/30/2025 17:40,29.95
SBA,11/30/2025 17:45,29.95
SBA,11/30/2025 17:50,29.95
SBA,11/30/2025 17:55,29.95
SBA,11/30/2025 18:00,29.95
SBA,11/30/2025 18:05,29.95
SBA,11/30/2025 18:10,29.95
SBA,11/30/2025 18:15,29.95
SBA,11/30/2025 18:20,29.95
SBA,11/30/2025 18:25,29.95
SBA,11/30/2025 18:30,29.95
SBA,11/30/2025 18:35,29.95
SBA,11/30/2025 18:40,29.95
SBA,11/30/2025 18:45,29.95
SBA,11/30/2025 18:50,29.96
SBA,11/30/2025 18:55,29.96
SBA,11/30/2025 19:00,29.96
SBA,11/30/2025 19:05,29.96
SBA,11/30/2025 19:10,29.96
SBA,11/30/2025 19:15,29.96
SBA,11/30/2025 19:20,29.96
SBA,11/30/2025 19:25,29.96
SBA,11/30/2025 19:30,29.96
SBA,11/30/2025 19:35,29.96
SBA,11/30/2025 19:40,29.96
SBA,11/30/2025 19:45,29.96
SBA,11/30/2025 19:50,29.96
SBA,11/30/2025 19:55,29.96
SBA,11/30/2025 20:00,29.96
SBA,11/30/2025 20:05,29.96
SBA,11/30/2025 20:10,29.97
SBA,11/30/2025 20:15,29.97
SBA,11/30/2025 20:20,29.97
SBA,11/30/2025 20:25,29.97
SBA,11/30/2025 20:30,29.97
SBA,11/30/2025 20:35,29.97
SBA,11/30/2025 20:40,29.97
SBA,11/30/2025 20:45,29.98
SBA,11/30/2025 20:50,29.98
SBA,11/30/2025 20:55,29.98
SBA,11/30/2025 21:00,29.98
SBA,11/30/2025 21:05,29.98
SBA,11/30/2025 21:10,29.98
SBA,11/30/2025 21:15,29.99
SBA,11/30/2025 21:20,29.98
SBA,11/30/2025 21:25,29.98
SBA,11/30/2025 21:30,29.98
SBA,11/30/2025 21:35,29.98
SBA,11/30/2025 21:40,29.98
SBA,11/30/2025 21:45,29.98
SBA,11/30/2025 21:50,29.99
SBA,11/30/2025 21:55,29.99
SBA,11/30/2025 22:00,29.99
SBA,11/30/2025 22:05,29.99
SBA,11/30/2025 22:10,29.99
SBA,11/30/2025 22:15,29.99
SBA,11/30/2025 22:20,29.99
SBA,11/30/2025 22:25,29.99
SBA,11/30/2025 22:30,29.99
SBA,11/30/2025 22:35,29.99
SBA,11/30/2025 22:40,29.99
SBA,11/30/2025 22:45,29.99
SBA,11/30/2025 22:50,30
SBA,11/30/2025 22:55,30
SBA,11/30/2025 23:00,30
SBA,11/30/2025 23:05,30
SBA,11/30/2025 23:10,30
SBA,11/30/2025 23:15,30
SBA,11/30/2025 23:20,30
SBA,11/30/2025 23:25,30
SBA,11/30/2025 23:30,30
SBA,11/30/2025 23:35,30
SBA,11/30/2025 23:40,30
SBA,11/30/2025 23:45,30.01
SBA,11/30/2025 23:50,30
SBA,11/30/2025 23:55,30
SBA,12/1/2025 0:00,30
SBA,12/1/2025 0:05,30
SBA,12/1/2025 0:10,30
SBA,12/1/2025 0:15,30.01
SBA,12/1/2025 0:20,30.01
SBA,12/1/2025 0:25,30.01
SBA,12/1/2025 0:30,30.01
SBA,12/1/2025 0:35,30.01
SBA,12/1/2025 0:40,30
SBA,12/1/2025 0:45,30.01
SBA,12/1/2025 0:50,30
SBA,12/1/2025 0:55,30.01
SBA,12/1/2025 1:00,30
SBA,12/1/2025 1:05,30
SBA,12/1/2025 1:10,30
SBA,12/1/2025 1:15,30.01
SBA,12/1/2025 1:20,30
SBA,12/1/2025 1:25,30
SBA,12/1/2025 1:30,30.01
SBA,12/1/2025 1:35,30.01
SBA,12/1/2025 1:40,30.01
SBA,12/1/2025 1:45,30.01
SBA,12/1/2025 1:50,30.01
SBA,12/1/2025 1:55,30.01
SBA,12/1/2025 2:00,30.01
SBA,12/1/2025 2:05,30.01
SBA,12/1/2025 2:10,30.01
SBA,12/1/2025 2:15,30.01
SBA,12/1/2025 2:20,30.01
SBA,12/1/2025 2:25,30.01
SBA,12/1/2025 2:30,30
SBA,12/1/2025 2:35,30
SBA,12/1/2025 2:40,30
SBA,12/1/2025 2:45,30
SBA,12/1/2025 2:50,30
SBA,12/1/2025 2:55,30
SBA,12/1/2025 3:00,30
SBA,12/1/2025 3:05,30
SBA,12/1/2025 3:10,30
SBA,12/1/2025 3:15,29.99
SBA,12/1/2025 3:20,30
SBA,12/1/2025 3:25,30
SBA,12/1/2025 3:30,29.99
SBA,12/1/2025 3:35,29.99
SBA,12/1/2025 3:40,29.99
SBA,12/1/2025 3:45,30
SBA,12/1/2025 3:50,29.99
SBA,12/1/2025 3:55,29.99
SBA,12/1/2025 4:00,29.99
SBA,12/1/2025 4:05,29.99
SBA,12/1/2025 4:10,29.99
SBA,12/1/2025 4:15,30
SBA,12/1/2025 4:20,30
SBA,12/1/2025 4:25,30
SBA,12/1/2025 4:30,30
SBA,12/1/2025 4:35,30
SBA,12/1/2025 4:40,30
SBA,12/1/2025 4:45,30
SBA,12/1/2025 4:50,30
SBA,12/1/2025 4:55,30.01
SBA,12/1/2025 5:00,30.01
SBA,12/1/2025 5:05,30.01
SBA,12/1/2025 5:10,30.01
SBA,12/1/2025 5:15,30.01
SBA,12/1/2025 5:20,30.01
SBA,12/1/2025 5:25,30.01
SBA,12/1/2025 5:30,30.01
SBA,12/1/2025 5:35,30.01
SBA,12/1/2025 5:40,30.01
SBA,12/1/2025 5:45,30.01
SBA,12/1/2025 5:50,30.02
SBA,12/1/2025 5:55,30.02
SBA,12/1/2025 6:00,30.02
SBA,12/1/2025 6:05,30.02
SBA,12/1/2025 6:10,30.02
SBA,12/1/2025 6:15,30.02
SBA,12/1/2025 6:20,30.02
SBA,12/1/2025 6:25,30.02
SBA,12/1/2025 6:30,30.02
SBA,12/1/2025 6:35,30.02
SBA,12/1/2025 6:40,30.02
SBA,12/1/2025 6:45,30.02
SBA,12/1/2025 6:50,30.02
SBA,12/1/2025 6:55,30.02
SBA,12/1/2025 7:00,30.03
SBA,12/1/2025 7:05,30.03
SBA,12/1/2025 7:10,30.03
SBA,12/1/2025 7:15,30.03
SBA,12/1/2025 7:20,30.04
SBA,12/1/2025 7:25,30.04
SBA,12/1/2025 7:30,30.04
SBA,12/1/2025 7:35,30.04
SBA,12/1/2025 7:40,30.04
SBA,12/1/2025 7:45,30.04
SBA,12/1/2025 7:50,30.05
SBA,12/1/2025 7:55,30.05
SBA,12/1/2025 8:00,30.05
SBA,12/1/2025 8:05,30.05
SBA,12/1/2025 8:10,30.05
SBA,12/1/2025 8:15,30.05
SBA,12/1/2025 8:20,30.05
SBA,12/1/2025 8:25,30.06
SBA,12/1/2025 8:30,30.06
SBA,12/1/2025 8:35,30.06
SBA,12/1/2025 8:40,30.06
SBA,12/1/2025 8:45,30.06
SBA,12/1/2025 8:50,30.06
SBA,12/1/2025 8:55,30.06
SBA,12/1/2025 9:00,30.06
SBA,12/1/2025 9:05,30.07
SBA,12/1/2025 9:10,30.06
SBA,12/1/2025 9:15,30.06
SBA,12/1/2025 9:20,30.06
SBA,12/1/2025 9:25,30.07
SBA,12/1/2025 9:30,30.07
SBA,12/1/2025 9:35,30.07
SBA,12/1/2025 9:40,30.07
SBA,12/1/2025 9:45,30.07
SBA,12/1/2025 9:50,30.07
SBA,12/1/2025 9:55,30.07
SBA,12/1/2025 10:00,30.06
SBA,12/1/2025 10:05,30.06
SBA,12/1/2025 10:10,30.06
SBA,12/1/2025 10:15,30.07
SBA,12/1/2025 10:20,30.06
SBA,12/1/2025 10:25,30.07
SBA,12/1/2025 10:30,30.06
SBA,12/1/2025 10:35,30.06
SBA,12/1/2025 10:40,30.06
SBA,12/1/2025 10:45,30.06
SBA,12/1/2025 10:50,30.06
SBA,12/1/2025 10:55,30.06
SBA,12/1/2025 11:00,30.06
SBA,12/1/2025 11:05,30.06
SBA,12/1/2025 11:10,30.05
SBA,12/1/2025 11:15,30.05
SBA,12/1/2025 11:20,30.05
SBA,12/1/2025 11:25,30.05
SBA,12/1/2025 11:30,30.05
SBA,12/1/2025 11:35,30.05
SBA,12/1/2025 11:40,30.04
SBA,12/1/2025 11:45,30.04
SBA,12/1/2025 11:50,30.04
SBA,12/1/2025 11:55,30.04
SBA,12/1/2025 12:00,30.03
SBA,12/1/2025 12:05,30.03
SBA,12/1/2025 12:10,30.03
SBA,12/1/2025 12:15,30.03
SBA,12/1/2025 12:20,30.03
SBA,12/1/2025 12:25,30.03
SBA,12/1/2025 12:30,30.02
SBA,12/1/2025 12:35,30.02
SBA,12/1/2025 12:40,30.02
SBA,12/1/2025 12:45,30.02
SBA,12/1/2025 12:50,30.02
SBA,12/1/2025 12:55,30.02
SBA,12/1/2025 13:00,30.01
SBA,12/1/2025 13:05,30.01
SBA,12/1/2025 13:10,30.01
SBA,12/1/2025 13:15,30.01
SBA,12/1/2025 13:20,30.01
SBA,12/1/2025 13:25,30
SBA,12/1/2025 13:30,30
SBA,12/1/2025 13:35,30
SBA,12/1/2025 13:40,30
SBA,12/1/2025 13:45,30
SBA,12/1/2025 13:50,30
SBA,12/1/2025 13:55,30
SBA,12/1/2025 14:00,30
SBA,12/1/2025 14:05,30
SBA,12/1/2025 14:10,30
SBA,12/1/2025 14:15,30
SBA,12/1/2025 14:20,30
SBA,12/1/2025 14:25,30
SBA,12/1/2025 14:30,30
SBA,12/1/2025 14:35,30
SBA,12/1/2025 14:40,30
SBA,12/1/2025 14:45,30
SBA,12/1/2025 14:50,30
SBA,12/1/2025 14:55,30
SBA,12/1/2025 15:00,30
SBA,12/1/2025 15:05,30
SBA,12/1/2025 15:10,30
SBA,12/1/2025 15:15,30
SBA,12/1/2025 15:20,30
SBA,12/1/2025 15:25,30
SBA,12/1/2025 15:30,30
SBA,12/1/2025 15:35,30
SBA,12/1/2025 15:40,30
SBA,12/1/2025 15:45,30
SBA,12/1/2025 15:50,30
SBA,12/1/2025 15:55,30
SBA,12/1/2025 16:00,30
SBA,12/1/2025 16:05,30
SBA,12/1/2025 16:10,30
SBA,12/1/2025 16:15,30
SBA,12/1/2025 16:20,30
SBA,12/1/2025 16:25,30
SBA,12/1/2025 16:30,30
SBA,12/1/2025 16:35,30.01
SBA,12/1/2025 16:40,30.01
SBA,12/1/2025 16:45,30.01
SBA,12/1/2025 16:50,30
SBA,12/1/2025 16:55,30.01
SBA,12/1/2025 17:00,30.01
SBA,12/1/2025 17:05,30.01
SBA,12/1/2025 17:10,30.01
SBA,12/1/2025 17:15,30.01
SBA,12/1/2025 17:20,30.01
SBA,12/1/2025 17:25,30.01
SBA,12/1/2025 17:30,30.01
SBA,12/1/2025 17:35,30.01
SBA,12/1/2025 17:40,30.01
SBA,12/1/2025 17:45,30.01
SBA,12/1/2025 17:50,30.01
SBA,12/1/2025 17:55,30.02
SBA,12/1/2025 18:00,30.02
SBA,12/1/2025 18:05,30.02
SBA,12/1/2025 18:10,30.02
SBA,12/1/2025 18:15,30.02
SBA,12/1/2025 18:20,30.02
SBA,12/1/2025 18:25,30.02
SBA,12/1/2025 18:30,30.02
SBA,12/1/2025 18:35,30.02
SBA,12/1/2025 18:40,30.02
SBA,12/1/2025 18:45,30.02
SBA,12/1/2025 18:50,30.03
SBA,12/1/2025 18:55,30.03
SBA,12/1/2025 19:00,30.03
SBA,12/1/2025 19:05,30.03
SBA,12/1/2025 19:10,30.03
SBA,12/1/2025 19:15,30.03
SBA,12/1/2025 19:20,30.03
SBA,12/1/2025 19:25,30.03
SBA,12/1/2025 19:30,30.04
SBA,12/1/2025 19:35,30.04
SBA,12/1/2025 19:40,30.04
SBA,12/1/2025 19:45,30.04
SBA,12/1/2025 19:50,30.04
SBA,12/1/2025 19:55,30.04
SBA,12/1/2025 20:00,30.04
SBA,12/1/2025 20:05,30.04
SBA,12/1/2025 20:10,30.04
SBA,12/1/2025 20:15,30.04
SBA,12/1/2025 20:20,30.04
SBA,12/1/2025 20:25,30.04
SBA,12/1/2025 20:30,30.04
SBA,12/1/2025 20:35,30.04
SBA,12/1/2025 20:40,30.04
SBA,12/1/2025 20:45,30.04
SBA,12/1/2025 20:50,30.04
SBA,12/1/2025 20:55,30.04
SBA,12/1/2025 21:00,30.04
SBA,12/1/2025 21:05,30.04
SBA,12/1/2025 21:10,30.05
SBA,12/1/2025 21:15,30.05
SBA,12/1/2025 21:20,30.04
SBA,12/1/2025 21:25,30.04
SBA,12/1/2025 21:30,30.04
SBA,12/1/2025 21:35,30.04
SBA,12/1/2025 21:40,30.04
SBA,12/1/2025 21:45,30.04
SBA,12/1/2025 21:50,30.04
SBA,12/1/2025 21:55,30.04
SBA,12/1/2025 22:00,30.04
SBA,12/1/2025 22:05,30.04
SBA,12/1/2025 22:10,30.04
SBA,12/1/2025 22:15,30.04
SBA,12/1/2025 22:20,30.04
SBA,12/1/2025 22:25,30.04
SBA,12/1/2025 22:30,30.04
SBA,12/1/2025 22:35,30.04
SBA,12/1/2025 22:40,30.04
SBA,12/1/2025 22:45,30.04
SBA,12/1/2025 22:50,30.04
SBA,12/1/2025 22:55,30.04
SBA,12/1/2025 23:00,30.04
SBA,12/1/2025 23:05,30.04
SBA,12/1/2025 23:10,30.04
SBA,12/1/2025 23:15,30.04
SBA,12/1/2025 23:20,30.04
SBA,12/1/2025 23:25,30.04
SBA,12/1/2025 23:30,30.04
SBA,12/1/2025 23:35,30.04
SBA,12/1/2025 23:40,30.04
SBA,12/1/2025 23:45,30.04
SBA,12/1/2025 23:50,30.04
SBA,12/1/2025 23:55,30.04
SBA,12/2/2025 0:00,30.04
SBA,12/2/2025 0:05,30.04
SBA,12/2/2025 0:10,30.04
SBA,12/2/2025 0:15,30.04
SBA,12/2/2025 0:20,30.04
SBA,12/2/2025 0:25,30.04
SBA,12/2/2025 0:30,30.04
SBA,12/2/2025 0:35,30.04
SBA,12/2/2025 0:40,30.04
SBA,12/2/2025 0:45,30.04
SBA,12/2/2025 0:50,30.04
SBA,12/2/2025 0:55,30.04
SBA,12/2/2025 1:00,30.04
SBA,12/2/2025 1:05,30.04
SBA,12/2/2025 1:10,30.04
SBA,12/2/2025 1:15,30.04
SBA,12/2/2025 1:20,30.04
SBA,12/2/2025 1:25,30.04
SBA,12/2/2025 1:30,30.04
SBA,12/2/2025 1:35,30.04
SBA,12/2/2025 1:40,30.04
SBA,12/2/2025 1:45,30.04
SBA,12/2/2025 1:50,30.04
SBA,12/2/2025 1:55,30.04
SBA,12/2/2025 2:00,30.05
SBA,12/2/2025 2:05,30.05
SBA,12/2/2025 2:10,30.05
SBA,12/2/2025 2:15,30.05
SBA,12/2/2025 2:20,30.05
SBA,12/2/2025 2:25,30.05
SBA,12/2/2025 2:30,30.05
SBA,12/2/2025 2:35,30.05
SBA,12/2/2025 2:40,30.04
SBA,12/2/2025 2:45,30.04
SBA,12/2/2025 2:50,30.04
SBA,12/2/2025 2:55,30.04
SBA,12/2/2025 3:00,30.04
SBA,12/2/2025 3:05,30.03
SBA,12/2/2025 3:10,30.04
SBA,12/2/2025 3:15,30.04
SBA,12/2/2025 3:20,30.03
SBA,12/2/2025 3:25,30.03
SBA,12/2/2025 3:30,30.03
SBA,12/2/2025 3:35,30.03
SBA,12/2/2025 3:40,30.03
SBA,12/2/2025 3:45,30.03
SBA,12/2/2025 3:50,30.03
SBA,12/2/2025 3:55,30.03
SBA,12/2/2025 4:00,30.02
SBA,12/2/2025 4:05,30.02
SBA,12/2/2025 4:10,30.02
SBA,12/2/2025 4:15,30.02
SBA,12/2/2025 4:20,30.02
SBA,12/2/2025 4:25,30.01
SBA,12/2/2025 4:30,30.01
SBA,12/2/2025 4:35,30.01
SBA,12/2/2025 4:40,30.01
SBA,12/2/2025 4:45,30.01
SBA,12/2/2025 4:50,30.01
SBA,12/2/2025 4:55,30.01
SBA,12/2/2025 5:00,30.01
SBA,12/2/2025 5:05,30.01
SBA,12/2/2025 5:10,30.02
SBA,12/2/2025 5:15,30.02
SBA,12/2/2025 5:20,30.02
SBA,12/2/2025 5:25,30.02
SBA,12/2/2025 5:30,30.02
SBA,12/2/2025 5:35,30.02
SBA,12/2/2025 5:40,30.02
SBA,12/2/2025 5:45,30.02
SBA,12/2/2025 5:50,30.03
SBA,12/2/2025 5:55,30.03
SBA,12/2/2025 6:00,30.03
SBA,12/2/2025 6:05,30.03
SBA,12/2/2025 6:10,30.03
SBA,12/2/2025 6:15,30.04
SBA,12/2/2025 6:20,30.04
SBA,12/2/2025 6:25,30.04
SBA,12/2/2025 6:30,30.04
SBA,12/2/2025 6:35,30.04
SBA,12/2/2025 6:40,30.04
SBA,12/2/2025 6:45,30.04
SBA,12/2/2025 6:50,30.04
SBA,12/2/2025 6:55,30.04
SBA,12/2/2025 7:00,30.04
SBA,12/2/2025 7:05,30.04
SBA,12/2/2025 7:10,30.05
SBA,12/2/2025 7:15,30.05
SBA,12/2/2025 7:20,30.05
SBA,12/2/2025 7:25,30.05
SBA,12/2/2025 7:30,30.05
SBA,12/2/2025 7:35,30.05
SBA,12/2/2025 7:40,30.05
SBA,12/2/2025 7:45,30.05
SBA,12/2/2025 7:50,30.05
SBA,12/2/2025 7:55,30.05
SBA,12/2/2025 8:00,30.05
SBA,12/2/2025 8:05,30.05
SBA,12/2/2025 8:10,30.05
SBA,12/2/2025 8:15,30.06
SBA,12/2/2025 8:20,30.06
SBA,12/2/2025 8:25,30.06
SBA,12/2/2025 8:30,30.06
SBA,12/2/2025 8:35,30.06
SBA,12/2/2025 8:40,30.07
SBA,12/2/2025 8:45,30.07
SBA,12/2/2025 8:50,30.07
SBA,12/2/2025 8:55,30.07
SBA,12/2/2025 9:00,30.07
SBA,12/2/2025 9:05,30.07
SBA,12/2/2025 9:10,30.07
SBA,12/2/2025 9:15,30.07
SBA,12/2/2025 9:20,30.08
SBA,12/2/2025 9:25,30.08
SBA,12/2/2025 9:30,30.08
SBA,12/2/2025 9:35,30.07
SBA,12/2/2025 9:40,30.07
SBA,12/2/2025 9:45,30.08
SBA,12/2/2025 9:50,30.07
SBA,12/2/2025 9:55,30.07
SBA,12/2/2025 10:00,30.07
SBA,12/2/2025 10:05,30.07
SBA,12/2/2025 10:10,30.07
SBA,12/2/2025 10:15,30.07
SBA,12/2/2025 10:20,30.06
SBA,12/2/2025 10:25,30.06
SBA,12/2/2025 10:30,30.06
SBA,12/2/2025 10:35,30.06
SBA,12/2/2025 10:40,30.06
SBA,12/2/2025 10:45,30.06
SBA,12/2/2025 10:50,30.06
SBA,12/2/2025 10:55,30.05
SBA,12/2/2025 11:00,30.05
SBA,12/2/2025 11:05,30.05
SBA,12/2/2025 11:10,30.05
SBA,12/2/2025 11:15,30.04
SBA,12/2/2025 11:20,30.04
SBA,12/2/2025 11:25,30.04
SBA,12/2/2025 11:30,30.04
SBA,12/2/2025 11:35,30.04
SBA,12/2/2025 11:40,30.04
SBA,12/2/2025 11:45,30.04
SBA,12/2/2025 11:50,30.04
SBA,12/2/2025 11:55,30.03
SBA,12/2/2025 12:00,30.03
SBA,12/2/2025 12:05,30.03
SBA,12/2/2025 12:10,30.03
SBA,12/2/2025 12:15,30.02
SBA,12/2/2025 12:20,30.02
SBA,12/2/2025 12:25,30.02
SBA,12/2/2025 12:30,30.02
SBA,12/2/2025 12:35,30.02
SBA,12/2/2025 12:40,30.02
SBA,12/2/2025 12:45,30.01
SBA,12/2/2025 12:50,30.01
SBA,12/2/2025 12:55,30.01
SBA,12/2/2025 13:00,30.01
SBA,12/2/2025 13:05,30.01
SBA,12/2/2025 13:10,30
SBA,12/2/2025 13:15,30
SBA,12/2/2025 13:20,30
SBA,12/2/2025 13:25,29.99
SBA,12/2/2025 13:30,29.99
SBA,12/2/2025 13:35,29.99
SBA,12/2/2025 13:40,29.99
SBA,12/2/2025 13:45,29.99
SBA,12/2/2025 13:50,29.99
SBA,12/2/2025 13:55,29.98
SBA,12/2/2025 14:00,29.98
SBA,12/2/2025 14:05,29.98
SBA,12/2/2025 14:10,29.98
SBA,12/2/2025 14:15,29.98
SBA,12/2/2025 14:20,29.98
SBA,12/2/2025 14:25,29.98
SBA,12/2/2025 14:30,29.98
SBA,12/2/2025 14:35,29.98
SBA,12/2/2025 14:40,29.98
SBA,12/2/2025 14:45,29.98
SBA,12/2/2025 14:50,29.98
SBA,12/2/2025 14:55,29.97
SBA,12/2/2025 15:00,29.98
SBA,12/2/2025 15:05,29.98
SBA,12/2/2025 15:10,29.97
SBA,12/2/2025 15:15,29.97
SBA,12/2/2025 15:20,29.97
SBA,12/2/2025 15:25,29.97
SBA,12/2/2025 15:30,29.97
SBA,12/2/2025 15:35,29.97
SBA,12/2/2025 15:40,29.97
SBA,12/2/2025 15:45,29.96
SBA,12/2/2025 15:50,29.96
SBA,12/2/2025 15:55,29.96
SBA,12/2/2025 16:00,29.96
SBA,12/2/2025 16:05,29.96
SBA,12/2/2025 16:10,29.96
SBA,12/2/2025 16:15,29.96
SBA,12/2/2025 16:20,29.96
SBA,12/2/2025 16:25,29.96
SBA,12/2/2025 16:30,29.96
SBA,12/2/2025 16:35,29.96
SBA,12/2/2025 16:40,29.96
SBA,12/2/2025 16:45,29.96
SBA,12/2/2025 16:50,29.96
SBA,12/2/2025 16:55,29.96
SBA,12/2/2025 17:00,29.95
SBA,12/2/2025 17:05,29.96
SBA,12/2/2025 17:10,29.95
SBA,12/2/2025 17:15,29.95
SBA,12/2/2025 17:20,29.96
SBA,12/2/2025 17:25,29.96
SBA,12/2/2025 17:30,29.95
SBA,12/2/2025 17:35,29.95
SBA,12/2/2025 17:40,29.95
SBA,12/2/2025 17:45,29.95
SBA,12/2/2025 17:50,29.95
SBA,12/2/2025 17:55,29.95
SBA,12/2/2025 18:00,29.95
SBA,12/2/2025 18:05,29.95
SBA,12/2/2025 18:10,29.95
SBA,12/2/2025 18:20,29.94
SBA,12/2/2025 18:25,29.95
SBA,12/2/2025 18:30,29.95
SBA,12/2/2025 18:35,29.95
SBA,12/2/2025 18:40,29.95
SBA,12/2/2025 18:45,29.95
SBA,12/2/2025 18:50,29.95
SBA,12/2/2025 18:55,29.95
SBA,12/2/2025 19:00,29.95
SBA,12/2/2025 19:05,29.95
SBA,12/2/2025 19:10,29.95
SBA,12/2/2025 19:15,29.95
SBA,12/2/2025 19:20,29.95
SBA,12/2/2025 19:25,29.95
SBA,12/2/2025 19:30,29.95
SBA,12/2/2025 19:35,29.95
SBA,12/2/2025 19:40,29.95
SBA,12/2/2025 19:45,29.95
SBA,12/2/2025 19:50,29.95
SBA,12/2/2025 19:55,29.95
SBA,12/2/2025 20:00,29.95
SBA,12/2/2025 20:05,29.95
SBA,12/2/2025 20:10,29.95
SBA,12/2/2025 20:15,29.95
SBA,12/2/2025 20:20,29.95
SBA,12/2/2025 20:25,29.95
SBA,12/2/2025 20:30,29.95
SBA,12/2/2025 20:35,29.95
SBA,12/2/2025 20:40,29.95
SBA,12/2/2025 20:45,29.95
SBA,12/2/2025 20:50,29.95
SBA,12/2/2025 20:55,29.95
SBA,12/2/2025 21:00,29.95
SBA,12/2/2025 21:05,29.96
SBA,12/2/2025 21:10,29.95
SBA,12/2/2025 21:15,29.95
SBA,12/2/2025 21:20,29.95
SBA,12/2/2025 21:25,29.95
SBA,12/2/2025 21:30,29.95
SBA,12/2/2025 21:35,29.95
SBA,12/2/2025 21:40,29.95
SBA,12/2/2025 21:45,29.95
SBA,12/2/2025 21:50,29.95
SBA,12/2/2025 21:55,29.96
SBA,12/2/2025 22:00,29.96
SBA,12/2/2025 22:05,29.96
SBA,12/2/2025 22:10,29.96
SBA,12/2/2025 22:15,29.96
SBA,12/2/2025 22:20,29.96
SBA,12/2/2025 22:25,29.95
SBA,12/2/2025 22:30,29.96
SBA,12/2/2025 22:35,29.96
SBA,12/2/2025 22:40,29.95
SBA,12/2/2025 22:45,29.95
SBA,12/2/2025 22:50,29.95
SBA,12/2/2025 22:55,29.95
SBA,12/2/2025 23:00,29.95
SBA,12/2/2025 23:05,29.95
SBA,12/2/2025 23:10,29.95
SBA,12/2/2025 23:15,29.95
SBA,12/2/2025 23:20,29.94
SBA,12/2/2025 23:25,29.94
SBA,12/2/2025 23:30,29.94
SBA,12/2/2025 23:35,29.94
SBA,12/2/2025 23:40,29.94
SBA,12/2/2025 23:45,29.94
SBA,12/2/2025 23:50,29.94
SBA,12/2/2025 23:55,29.93
SBA,12/3/2025 0:00,29.93
SBA,12/3/2025 0:05,29.93
SBA,12/3/2025 0:10,29.93
SBA,12/3/2025 0:15,29.93
SBA,12/3/2025 0:20,29.93
SBA,12/3/2025 0:25,29.93
SBA,12/3/2025 0:30,29.93
SBA,12/3/2025 0:35,29.93
SBA,12/3/2025 0:40,29.93
SBA,12/3/2025 0:45,29.93
SBA,12/3/2025 0:50,29.93
SBA,12/3/2025 0:55,29.93
SBA,12/3/2025 1:00,29.93
SBA,12/3/2025 1:05,29.93
SBA,12/3/2025 1:10,29.93
SBA,12/3/2025 1:15,29.93
SBA,12/3/2025 1:20,29.93
SBA,12/3/2025 1:25,29.93
SBA,12/3/2025 1:30,29.93
SBA,12/3/2025 1:35,29.93
SBA,12/3/2025 1:40,29.93
SBA,12/3/2025 1:45,29.93
SBA,12/3/2025 1:50,29.94
SBA,12/3/2025 1:55,29.94
SBA,12/3/2025 2:00,29.94
SBA,12/3/2025 2:05,29.94
SBA,12/3/2025 2:10,29.94
SBA,12/3/2025 2:15,29.93
SBA,12/3/2025 2:20,29.93
SBA,12/3/2025 2:25,29.93
SBA,12/3/2025 2:30,29.93
SBA,12/3/2025 2:35,29.93
SBA,12/3/2025 2:40,29.93
SBA,12/3/2025 2:45,29.93
SBA,12/3/2025 2:50,29.93
SBA,12/3/2025 2:55,29.93
SBA,12/3/2025 3:00,29.93
SBA,12/3/2025 3:05,29.93
SBA,12/3/2025 3:10,29.93
SBA,12/3/2025 3:15,29.93
SBA,12/3/2025 3:20,29.93
SBA,12/3/2025 3:25,29.93
SBA,12/3/2025 3:30,29.93
SBA,12/3/2025 3:35,29.93
SBA,12/3/2025 3:40,29.92
SBA,12/3/2025 3:45,29.92
SBA,12/3/2025 3:50,29.92
SBA,12/3/2025 3:55,29.92
SBA,12/3/2025 4:00,29.92
SBA,12/3/2025 4:05,29.93
SBA,12/3/2025 4:10,29.93
SBA,12/3/2025 4:15,29.93
SBA,12/3/2025 4:20,29.93
SBA,12/3/2025 4:25,29.93
SBA,12/3/2025 4:30,29.93
SBA,12/3/2025 4:35,29.93
SBA,12/3/2025 4:40,29.94
SBA,12/3/2025 4:45,29.94
SBA,12/3/2025 4:50,29.94
SBA,12/3/2025 4:55,29.94
SBA,12/3/2025 5:00,29.94
SBA,12/3/2025 5:05,29.94
SBA,12/3/2025 5:10,29.94
SBA,12/3/2025 5:15,29.94
SBA,12/3/2025 5:20,29.94
SBA,12/3/2025 5:25,29.94
SBA,12/3/2025 5:30,29.95
SBA,12/3/2025 5:35,29.95
SBA,12/3/2025 5:40,29.95
SBA,12/3/2025 5:45,29.96
SBA,12/3/2025 5:50,29.96
SBA,12/3/2025 5:55,29.96
SBA,12/3/2025 6:00,29.96
SBA,12/3/2025 6:05,29.96
SBA,12/3/2025 6:10,29.96
SBA,12/3/2025 6:15,29.96
SBA,12/3/2025 6:20,29.96
SBA,12/3/2025 6:25,29.96
SBA,12/3/2025 6:30,29.96
SBA,12/3/2025 6:35,29.96
SBA,12/3/2025 6:40,29.96
SBA,12/3/2025 6:45,29.97
SBA,12/3/2025 6:50,29.97
SBA,12/3/2025 6:55,29.97
SBA,12/3/2025 7:00,29.97
SBA,12/3/2025 7:05,29.98
SBA,12/3/2025 7:10,29.97
SBA,12/3/2025 7:15,29.98
SBA,12/3/2025 7:20,29.98
SBA,12/3/2025 7:25,29.98
SBA,12/3/2025 7:30,29.99
SBA,12/3/2025 7:35,29.99
SBA,12/3/2025 7:40,29.99
SBA,12/3/2025 7:45,29.99
SBA,12/3/2025 7:50,29.99
SBA,12/3/2025 7:55,29.99
SBA,12/3/2025 8:00,30
SBA,12/3/2025 8:05,30
SBA,12/3/2025 8:10,30
SBA,12/3/2025 8:15,30
SBA,12/3/2025 8:20,30
SBA,12/3/2025 8:25,30.01
SBA,12/3/2025 8:30,30.01
SBA,12/3/2025 8:35,30.01
SBA,12/3/2025 8:40,30.01
SBA,12/3/2025 8:45,30.02
SBA,12/3/2025 8:50,30.02
SBA,12/3/2025 8:55,30.02
SBA,12/3/2025 9:00,30.03
SBA,12/3/2025 9:05,30.03
SBA,12/3/2025 9:10,30.03
SBA,12/3/2025 9:15,30.03
SBA,12/3/2025 9:20,30.03
SBA,12/3/2025 9:25,30.03
SBA,12/3/2025 9:30,30.03
SBA,12/3/2025 9:35,30.04
SBA,12/3/2025 9:40,30.04
SBA,12/3/2025 9:45,30.04
SBA,12/3/2025 9:50,30.04
SBA,12/3/2025 9:55,30.04
SBA,12/3/2025 10:00,30.04
SBA,12/3/2025 10:05,30.04
SBA,12/3/2025 10:10,30.04
SBA,12/3/2025 10:15,30.04
SBA,12/3/2025 10:20,30.04
SBA,12/3/2025 10:25,30.04
SBA,12/3/2025 10:30,30.04
SBA,12/3/2025 10:35,30.04
SBA,12/3/2025 10:40,30.05
SBA,12/3/2025 10:45,30.05
SBA,12/3/2025 10:50,30.05
SBA,12/3/2025 10:55,30.05
SBA,12/3/2025 11:00,30.05
SBA,12/3/2025 11:05,30.05
SBA,12/3/2025 11:10,30.04
SBA,12/3/2025 11:15,30.04
SBA,12/3/2025 11:20,30.04
SBA,12/3/2025 11:25,30.04
SBA,12/3/2025 11:30,30.04
SBA,12/3/2025 11:35,30.05
SBA,12/3/2025 11:40,30.04
SBA,12/3/2025 11:45,30.04
SBA,12/3/2025 11:50,30.04
SBA,12/3/2025 11:55,30.04
SBA,12/3/2025 12:00,30.04
SBA,12/3/2025 12:05,30.04
SBA,12/3/2025 12:10,30.04
SBA,12/3/2025 12:15,30.04
SBA,12/3/2025 12:20,30.04
SBA,12/3/2025 12:25,30.03
SBA,12/3/2025 12:30,30.03
SBA,12/3/2025 12:35,30.04
SBA,12/3/2025 12:40,30.03
SBA,12/3/2025 12:45,30.03
SBA,12/3/2025 12:50,30.03
SBA,12/3/2025 12:55,30.03
SBA,12/3/2025 13:00,30.03
SBA,12/3/2025 13:05,30.03
SBA,12/3/2025 13:10,30.02
SBA,12/3/2025 13:15,30.02
SBA,12/3/2025 13:20,30.02
SBA,12/3/2025 13:25,30.02
SBA,12/3/2025 13:30,30.02
SBA,12/3/2025 13:35,30.02
SBA,12/3/2025 13:40,30.02
SBA,12/3/2025 13:45,30.02
SBA,12/3/2025 13:50,30.02
SBA,12/3/2025 13:55,30.02
SBA,12/3/2025 14:00,30.01
SBA,12/3/2025 14:05,30.01
SBA,12/3/2025 14:10,30.01
SBA,12/3/2025 14:15,30.01
SBA,12/3/2025 14:20,30.02
SBA,12/3/2025 14:25,30.02
SBA,12/3/2025 14:30,30.02
SBA,12/3/2025 14:35,30.02
SBA,12/3/2025 14:40,30.02
SBA,12/3/2025 14:45,30.02
SBA,12/3/2025 14:50,30.02
SBA,12/3/2025 14:55,30.02
SBA,12/3/2025 15:00,30.02
SBA,12/3/2025 15:05,30.02
SBA,12/3/2025 15:10,30.02
SBA,12/3/2025 15:15,30.02
SBA,12/3/2025 15:20,30.02
SBA,12/3/2025 15:25,30.02
SBA,12/3/2025 15:30,30.02
SBA,12/3/2025 15:35,30.02
SBA,12/3/2025 15:40,30.02
SBA,12/3/2025 15:45,30.03
SBA,12/3/2025 15:50,30.03
SBA,12/3/2025 15:55,30.03
SBA,12/3/2025 16:00,30.03
SBA,12/3/2025 16:05,30.03
SBA,12/3/2025 16:10,30.03
SBA,12/3/2025 16:15,30.03
SBA,12/3/2025 16:20,30.03
SBA,12/3/2025 16:25,30.03
SBA,12/3/2025 16:30,30.03
SBA,12/3/2025 16:35,30.03
SBA,12/3/2025 16:40,30.03
SBA,12/3/2025 16:45,30.03
SBA,12/3/2025 16:50,30.03
SBA,12/3/2025 16:55,30.04
SBA,12/3/2025 17:00,30.04
SBA,12/3/2025 17:05,30.04
SBA,12/3/2025 17:10,30.04
SBA,12/3/2025 17:15,30.04
SBA,12/3/2025 17:20,30.05
SBA,12/3/2025 17:25,30.05
SBA,12/3/2025 17:30,30.05
SBA,12/3/2025 17:35,30.05
SBA,12/3/2025 17:40,30.05
SBA,12/3/2025 17:45,30.05
SBA,12/3/2025 17:50,30.06
SBA,12/3/2025 17:55,30.06
SBA,12/3/2025 18:00,30.06
SBA,12/3/2025 18:05,30.06
SBA,12/3/2025 18:10,30.06
SBA,12/3/2025 18:15,30.06
SBA,12/3/2025 18:20,30.07
SBA,12/3/2025 18:25,30.07
SBA,12/3/2025 18:30,30.07
SBA,12/3/2025 18:35,30.07
SBA,12/3/2025 18:40,30.08
SBA,12/3/2025 18:45,30.07
SBA,12/3/2025 18:50,30.08
SBA,12/3/2025 18:55,30.08
SBA,12/3/2025 19:00,30.08
SBA,12/3/2025 19:05,30.08
SBA,12/3/2025 19:10,30.08
SBA,12/3/2025 19:15,30.09
SBA,12/3/2025 19:20,30.09
SBA,12/3/2025 19:25,30.09
SBA,12/3/2025 19:30,30.09
SBA,12/3/2025 19:35,30.09
SBA,12/3/2025 19:40,30.09
SBA,12/3/2025 19:45,30.09
SBA,12/3/2025 19:50,30.09
SBA,12/3/2025 19:55,30.1
SBA,12/3/2025 20:00,30.1
SBA,12/3/2025 20:05,30.1
SBA,12/3/2025 20:10,30.1
SBA,12/3/2025 20:15,30.11
SBA,12/3/2025 20:20,30.11
SBA,12/3/2025 20:25,30.11
SBA,12/3/2025 20:30,30.11
SBA,12/3/2025 20:35,30.11
SBA,12/3/2025 20:40,30.11
SBA,12/3/2025 20:45,30.11
SBA,12/3/2025 20:50,30.11
SBA,12/3/2025 20:55,30.11
SBA,12/3/2025 21:00,30.12
SBA,12/3/2025 21:05,30.12
SBA,12/3/2025 21:10,30.12
SBA,12/3/2025 21:15,30.12
SBA,12/3/2025 21:20,30.12
SBA,12/3/2025 21:25,30.12
SBA,12/3/2025 21:30,30.12
SBA,12/3/2025 21:35,30.12
SBA,12/3/2025 21:40,30.12
SBA,12/3/2025 21:45,30.13
SBA,12/3/2025 21:50,30.13
SBA,12/3/2025 21:55,30.13
SBA,12/3/2025 22:00,30.13
SBA,12/3/2025 22:05,30.13
SBA,12/3/2025 22:10,30.13
SBA,12/3/2025 22:15,30.13
SBA,12/3/2025 22:20,30.13
SBA,12/3/2025 22:25,30.13
SBA,12/3/2025 22:30,30.13
SBA,12/3/2025 22:35,30.13
SBA,12/3/2025 22:40,30.13
SBA,12/3/2025 22:45,30.13
SBA,12/3/2025 22:50,30.13
SBA,12/3/2025 22:55,30.13
SBA,12/3/2025 23:00,30.13
SBA,12/3/2025 23:05,30.13
SBA,12/3/2025 23:10,30.13
SBA,12/3/2025 23:15,30.13
SBA,12/3/2025 23:20,30.13
SBA,12/3/2025 23:25,30.13
SBA,12/3/2025 23:30,30.13
SBA,12/3/2025 23:35,30.13
SBA,12/3/2025 23:40,30.13
SBA,12/3/2025 23:45,30.13
SBA,12/3/2025 23:50,30.13
SBA,12/3/2025 23:55,30.13
SBA,12/4/2025 0:00,30.13
SBA,12/4/2025 0:05,30.13
SBA,12/4/2025 0:10,30.13
SBA,12/4/2025 0:15,30.13
SBA,12/4/2025 0:20,30.13
SBA,12/4/2025 0:25,30.13
SBA,12/4/2025 0:30,30.13
SBA,12/4/2025 0:35,30.13
SBA,12/4/2025 0:40,30.13
SBA,12/4/2025 0:45,30.14
SBA,12/4/2025 0:50,30.13
SBA,12/4/2025 0:55,30.13
SBA,12/4/2025 1:00,30.13
SBA,12/4/2025 1:05,30.13
SBA,12/4/2025 1:10,30.13
SBA,12/4/2025 1:15,30.13
SBA,12/4/2025 1:20,30.13
SBA,12/4/2025 1:25,30.13
SBA,12/4/2025 1:30,30.13
SBA,12/4/2025 1:35,30.12
SBA,12/4/2025 1:40,30.12
SBA,12/4/2025 1:45,30.12
SBA,12/4/2025 1:50,30.12
SBA,12/4/2025 1:55,30.12
SBA,12/4/2025 2:00,30.12
SBA,12/4/2025 2:05,30.11
SBA,12/4/2025 2:10,30.11
SBA,12/4/2025 2:15,30.11
SBA,12/4/2025 2:20,30.11
SBA,12/4/2025 2:25,30.11
SBA,12/4/2025 2:30,30.11
SBA,12/4/2025 2:35,30.11
SBA,12/4/2025 2:40,30.11
SBA,12/4/2025 2:45,30.11
SBA,12/4/2025 2:50,30.11
SBA,12/4/2025 2:55,30.11
SBA,12/4/2025 3:00,30.11
SBA,12/4/2025 3:05,30.11
SBA,12/4/2025 3:10,30.11
SBA,12/4/2025 3:15,30.11
SBA,12/4/2025 3:20,30.11
SBA,12/4/2025 3:25,30.11
SBA,12/4/2025 3:30,30.11
SBA,12/4/2025 3:35,30.11
SBA,12/4/2025 3:40,30.11
SBA,12/4/2025 3:45,30.11
SBA,12/4/2025 3:50,30.11
SBA,12/4/2025 3:55,30.1
SBA,12/4/2025 4:00,30.1
SBA,12/4/2025 4:05,30.1
SBA,12/4/2025 4:10,30.1
SBA,12/4/2025 4:15,30.1
SBA,12/4/2025 4:20,30.1
SBA,12/4/2025 4:25,30.11
SBA,12/4/2025 4:30,30.1
SBA,12/4/2025 4:35,30.11
SBA,12/4/2025 4:40,30.11
SBA,12/4/2025 4:45,30.11
SBA,12/4/2025 4:50,30.11
SBA,12/4/2025 4:55,30.11
SBA,12/4/2025 5:00,30.11
SBA,12/4/2025 5:05,30.11
SBA,12/4/2025 5:10,30.11
SBA,12/4/2025 5:15,30.11
SBA,12/4/2025 5:20,30.11
SBA,12/4/2025 5:25,30.12
SBA,12/4/2025 5:30,30.12
SBA,12/4/2025 5:35,30.12
SBA,12/4/2025 5:40,30.12
SBA,12/4/2025 5:45,30.13
SBA,12/4/2025 5:50,30.13
SBA,12/4/2025 5:55,30.13
SBA,12/4/2025 6:00,30.13
SBA,12/4/2025 6:05,30.14
SBA,12/4/2025 6:10,30.14
SBA,12/4/2025 6:15,30.14
SBA,12/4/2025 6:20,30.14
SBA,12/4/2025 6:25,30.14
SBA,12/4/2025 6:30,30.14
SBA,12/4/2025 6:35,30.14
SBA,12/4/2025 6:40,30.14
SBA,12/4/2025 6:45,30.15
SBA,12/4/2025 6:50,30.15
SBA,12/4/2025 6:55,30.15
SBA,12/4/2025 7:00,30.15
SBA,12/4/2025 7:05,30.16
SBA,12/4/2025 7:10,30.16
SBA,12/4/2025 7:15,30.16
SBA,12/4/2025 7:20,30.16
SBA,12/4/2025 7:25,30.17
SBA,12/4/2025 7:30,30.16
SBA,12/4/2025 7:35,30.17
SBA,12/4/2025 7:40,30.17
SBA,12/4/2025 7:45,30.17
SBA,12/4/2025 7:50,30.17
SBA,12/4/2025 7:55,30.17
SBA,12/4/2025 8:00,30.17
SBA,12/4/2025 8:05,30.18
SBA,12/4/2025 8:10,30.18
SBA,12/4/2025 8:15,30.18
SBA,12/4/2025 8:20,30.19
SBA,12/4/2025 8:25,30.19
SBA,12/4/2025 8:30,30.19
SBA,12/4/2025 8:35,30.19
SBA,12/4/2025 8:40,30.19
SBA,12/4/2025 8:45,30.19
SBA,12/4/2025 8:50,30.19
SBA,12/4/2025 8:55,30.19
SBA,12/4/2025 9:00,30.2
SBA,12/4/2025 9:05,30.2
SBA,12/4/2025 9:10,30.2
SBA,12/4/2025 9:15,30.2
SBA,12/4/2025 9:20,30.2
SBA,12/4/2025 9:25,30.2
SBA,12/4/2025 9:30,30.2
SBA,12/4/2025 9:35,30.2
SBA,12/4/2025 9:40,30.21
SBA,12/4/2025 9:45,30.21
SBA,12/4/2025 9:50,30.21
SBA,12/4/2025 9:55,30.21
SBA,12/4/2025 10:00,30.21
SBA,12/4/2025 10:05,30.21
SBA,12/4/2025 10:10,30.21
SBA,12/4/2025 10:15,30.21
SBA,12/4/2025 10:20,30.22
SBA,12/4/2025 10:25,30.22
SBA,12/4/2025 10:30,30.22
SBA,12/4/2025 10:35,30.22
SBA,12/4/2025 10:40,30.21
SBA,12/4/2025 10:45,30.21
SBA,12/4/2025 10:50,30.21
SBA,12/4/2025 10:55,30.21
SBA,12/4/2025 11:00,30.21
SBA,12/4/2025 11:05,30.21
SBA,12/4/2025 11:10,30.21
SBA,12/4/2025 11:15,30.2
SBA,12/4/2025 11:20,30.2
SBA,12/4/2025 11:25,30.2
SBA,12/4/2025 11:30,30.19
SBA,12/4/2025 11:35,30.19
SBA,12/4/2025 11:40,30.19
SBA,12/4/2025 11:45,30.18
SBA,12/4/2025 11:50,30.18
SBA,12/4/2025 11:55,30.18
SBA,12/4/2025 12:00,30.18
SBA,12/4/2025 12:05,30.18
SBA,12/4/2025 12:10,30.17
SBA,12/4/2025 12:15,30.17
SBA,12/4/2025 12:20,30.17
SBA,12/4/2025 12:25,30.17
SBA,12/4/2025 12:30,30.17
SBA,12/4/2025 12:35,30.17
SBA,12/4/2025 12:40,30.17
SBA,12/4/2025 12:45,30.17
SBA,12/4/2025 12:50,30.16
SBA,12/4/2025 12:55,30.16
SBA,12/4/2025 13:00,30.16
SBA,12/4/2025 13:05,30.16
SBA,12/4/2025 13:10,30.16
SBA,12/4/2025 13:15,30.16
SBA,12/4/2025 13:20,30.15
SBA,12/4/2025 13:25,30.15
SBA,12/4/2025 13:30,30.16
SBA,12/4/2025 13:35,30.16
SBA,12/4/2025 13:40,30.15
SBA,12/4/2025 13:45,30.15
SBA,12/4/2025 13:50,30.15
SBA,12/4/2025 13:55,30.15
SBA,12/4/2025 14:00,30.15
SBA,12/4/2025 14:05,30.15
SBA,12/4/2025 14:10,30.15
SBA,12/4/2025 14:15,30.15
SBA,12/4/2025 14:20,30.15
SBA,12/4/2025 14:25,30.15
SBA,12/4/2025 14:30,30.15
SBA,12/4/2025 14:35,30.15
SBA,12/4/2025 14:40,30.14
SBA,12/4/2025 14:45,30.14
SBA,12/4/2025 14:50,30.14
SBA,12/4/2025 14:55,30.15
SBA,12/4/2025 15:00,30.14
SBA,12/4/2025 15:05,30.14
SBA,12/4/2025 15:10,30.15
SBA,12/4/2025 15:15,30.15
SBA,12/4/2025 15:20,30.15
SBA,12/4/2025 15:25,30.15
SBA,12/4/2025 15:30,30.15
SBA,12/4/2025 15:35,30.15
SBA,12/4/2025 15:40,30.15
SBA,12/4/2025 15:45,30.15
SBA,12/4/2025 15:50,30.15
SBA,12/4/2025 15:55,30.15
SBA,12/4/2025 16:00,30.15
SBA,12/4/2025 16:05,30.15
SBA,12/4/2025 16:10,30.14
SBA,12/4/2025 16:15,30.14
SBA,12/4/2025 16:20,30.15
SBA,12/4/2025 16:25,30.15
SBA,12/4/2025 16:30,30.14
SBA,12/4/2025 16:35,30.14
SBA,12/4/2025 16:40,30.14
SBA,12/4/2025 16:45,30.14
SBA,12/4/2025 16:50,30.14
SBA,12/4/2025 16:55,30.14
SBA,12/4/2025 17:00,30.15
SBA,12/4/2025 17:05,30.15
SBA,12/4/2025 17:10,30.15
SBA,12/4/2025 17:15,30.15
SBA,12/4/2025 17:20,30.15
SBA,12/4/2025 17:25,30.15
SBA,12/4/2025 17:30,30.15
SBA,12/4/2025 17:35,30.16
SBA,12/4/2025 17:40,30.16
SBA,12/4/2025 17:45,30.16
SBA,12/4/2025 17:50,30.16
SBA,12/4/2025 17:55,30.16
SBA,12/4/2025 18:00,30.16
SBA,12/4/2025 18:05,30.15
SBA,12/4/2025 18:10,30.15
SBA,12/4/2025 18:15,30.15
SBA,12/4/2025 18:20,30.15
SBA,12/4/2025 18:25,30.15
SBA,12/4/2025 18:30,30.15
SBA,12/4/2025 18:35,30.15
SBA,12/4/2025 18:40,30.15
SBA,12/4/2025 18:45,30.15
SBA,12/4/2025 18:50,30.15
SBA,12/4/2025 18:55,30.16
SBA,12/4/2025 19:00,30.16
SBA,12/4/2025 19:05,30.16
SBA,12/4/2025 19:10,30.16
SBA,12/4/2025 19:15,30.16
SBA,12/4/2025 19:20,30.16
SBA,12/4/2025 19:25,30.16
SBA,12/4/2025 19:30,30.16
SBA,12/4/2025 19:35,30.15
SBA,12/4/2025 19:40,30.15
SBA,12/4/2025 19:45,30.15
SBA,12/4/2025 19:50,30.15
SBA,12/4/2025 19:55,30.15
SBA,12/4/2025 20:00,30.16
SBA,12/4/2025 20:05,30.16
SBA,12/4/2025 20:10,30.16
SBA,12/4/2025 20:15,30.16
SBA,12/4/2025 20:20,30.16
SBA,12/4/2025 20:25,30.16
SBA,12/4/2025 20:30,30.16
SBA,12/4/2025 20:35,30.16
SBA,12/4/2025 20:40,30.16
SBA,12/4/2025 20:45,30.15
SBA,12/4/2025 20:50,30.15
SBA,12/4/2025 20:55,30.16
SBA,12/4/2025 21:00,30.16
SBA,12/4/2025 21:05,30.16
SBA,12/4/2025 21:10,30.16
SBA,12/4/2025 21:15,30.16
SBA,12/4/2025 21:20,30.16
SBA,12/4/2025 21:25,30.16
SBA,12/4/2025 21:30,30.16
SBA,12/4/2025 21:35,30.16
SBA,12/4/2025 21:40,30.16
SBA,12/4/2025 21:45,30.16
SBA,12/4/2025 21:50,30.16
SBA,12/4/2025 21:55,30.16
SBA,12/4/2025 22:00,30.16
SBA,12/4/2025 22:05,30.16
SBA,12/4/2025 22:10,30.16
SBA,12/4/2025 22:15,30.16
SBA,12/4/2025 22:20,30.16
SBA,12/4/2025 22:25,30.16
SBA,12/4/2025 22:30,30.16
SBA,12/4/2025 22:35,30.16
SBA,12/4/2025 22:40,30.16
SBA,12/4/2025 22:45,30.15
SBA,12/4/2025 22:50,30.15
SBA,12/4/2025 22:55,30.15
SBA,12/4/2025 23:00,30.15
SBA,12/4/2025 23:05,30.15
SBA,12/4/2025 23:10,30.15
SBA,12/4/2025 23:15,30.16
SBA,12/4/2025 23:20,30.16
SBA,12/4/2025 23:25,30.16
SBA,12/4/2025 23:30,30.16
SBA,12/4/2025 23:35,30.16
SBA,12/4/2025 23:40,30.16
SBA,12/4/2025 23:45,30.15
SBA,12/4/2025 23:50,30.15
SBA,12/4/2025 23:55,30.15
SBA,12/5/2025 0:00,30.15
SBA,12/5/2025 0:05,30.14
SBA,12/5/2025 0:10,30.14
SBA,12/5/2025 0:15,30.15
SBA,12/5/2025 0:20,30.15
SBA,12/5/2025 0:25,30.14
SBA,12/5/2025 0:30,30.14
SBA,12/5/2025 0:35,30.14
SBA,12/5/2025 0:40,30.14
SBA,12/5/2025 0:45,30.14
SBA,12/5/2025 0:50,30.14
SBA,12/5/2025 0:55,30.13
SBA,12/5/2025 1:00,30.13
SBA,12/5/2025 1:05,30.14
SBA,12/5/2025 1:10,30.13
SBA,12/5/2025 1:15,30.13
SBA,12/5/2025 1:20,30.13
SBA,12/5/2025 1:25,30.13
SBA,12/5/2025 1:30,30.12
SBA,12/5/2025 1:35,30.12
SBA,12/5/2025 1:40,30.12
SBA,12/5/2025 1:45,30.12
SBA,12/5/2025 1:50,30.12
SBA,12/5/2025 1:55,30.12
SBA,12/5/2025 2:00,30.11
SBA,12/5/2025 2:05,30.11
SBA,12/5/2025 2:10,30.11
SBA,12/5/2025 2:15,30.12
SBA,12/5/2025 2:20,30.11
SBA,12/5/2025 2:25,30.11
SBA,12/5/2025 2:30,30.11
SBA,12/5/2025 2:35,30.11
SBA,12/5/2025 2:40,30.11
SBA,12/5/2025 2:45,30.11
SBA,12/5/2025 2:50,30.11
SBA,12/5/2025 2:55,30.11
SBA,12/5/2025 3:00,30.11
SBA,12/5/2025 3:05,30.11
SBA,12/5/2025 3:10,30.11
SBA,12/5/2025 3:15,30.11
SBA,12/5/2025 3:20,30.1
SBA,12/5/2025 3:25,30.1
SBA,12/5/2025 3:30,30.1
SBA,12/5/2025 3:35,30.1
SBA,12/5/2025 3:40,30.09
SBA,12/5/2025 3:45,30.09
SBA,12/5/2025 3:50,30.08
SBA,12/5/2025 3:55,30.08
SBA,12/5/2025 4:00,30.08
SBA,12/5/2025 4:05,30.08
SBA,12/5/2025 4:10,30.08
SBA,12/5/2025 4:15,30.08
SBA,12/5/2025 4:20,30.08
SBA,12/5/2025 4:25,30.07
SBA,12/5/2025 4:30,30.08
SBA,12/5/2025 4:35,30.07
SBA,12/5/2025 4:40,30.07
SBA,12/5/2025 4:45,30.07
SBA,12/5/2025 4:50,30.07
SBA,12/5/2025 4:55,30.07
SBA,12/5/2025 5:00,30.08
SBA,12/5/2025 5:05,30.08
SBA,12/5/2025 5:10,30.08
SBA,12/5/2025 5:15,30.08
SBA,12/5/2025 5:20,30.08
SBA,12/5/2025 5:25,30.08
SBA,12/5/2025 5:30,30.08
SBA,12/5/2025 5:35,30.08
SBA,12/5/2025 5:40,30.08
SBA,12/5/2025 5:45,30.08
SBA,12/5/2025 5:50,30.08
SBA,12/5/2025 5:55,30.09
SBA,12/5/2025 6:00,30.09
SBA,12/5/2025 6:05,30.09
SBA,12/5/2025 6:10,30.09
SBA,12/5/2025 6:15,30.09
SBA,12/5/2025 6:20,30.09
SBA,12/5/2025 6:25,30.09
SBA,12/5/2025 6:30,30.09
SBA,12/5/2025 6:35,30.09
SBA,12/5/2025 6:40,30.09
SBA,12/5/2025 6:45,30.1
SBA,12/5/2025 6:50,30.09
SBA,12/5/2025 6:55,30.09
SBA,12/5/2025 7:00,30.1
SBA,12/5/2025 7:05,30.1
SBA,12/5/2025 7:10,30.1
SBA,12/5/2025 7:15,30.1
SBA,12/5/2025 7:20,30.11
SBA,12/5/2025 7:25,30.11
SBA,12/5/2025 7:30,30.11
SBA,12/5/2025 7:35,30.11
SBA,12/5/2025 7:40,30.11
SBA,12/5/2025 7:45,30.11
SBA,12/5/2025 7:50,30.11
SBA,12/5/2025 7:55,30.11
SBA,12/5/2025 8:00,30.11
SBA,12/5/2025 8:05,30.11
SBA,12/5/2025 8:10,30.11
SBA,12/5/2025 8:15,30.12
SBA,12/5/2025 8:20,30.11
SBA,12/5/2025 8:25,30.11
SBA,12/5/2025 8:30,30.11
SBA,12/5/2025 8:35,30.11
SBA,12/5/2025 8:40,30.11
SBA,12/5/2025 8:45,30.11
SBA,12/5/2025 8:50,30.11
SBA,12/5/2025 8:55,30.11
SBA,12/5/2025 9:00,30.11
SBA,12/5/2025 9:05,30.11
SBA,12/5/2025 9:10,30.11
SBA,12/5/2025 9:15,30.11
SBA,12/5/2025 9:20,30.11
SBA,12/5/2025 9:25,30.11
SBA,12/5/2025 9:30,30.11
SBA,12/5/2025 9:35,30.11
SBA,12/5/2025 9:40,30.11
SBA,12/5/2025 9:45,30.11
SBA,12/5/2025 9:50,30.12
SBA,12/5/2025 9:55,30.12
SBA,12/5/2025 10:00,30.12
SBA,12/5/2025 10:05,30.11
SBA,12/5/2025 10:10,30.11
SBA,12/5/2025 10:15,30.11
SBA,12/5/2025 10:20,30.11
SBA,12/5/2025 10:25,30.11
SBA,12/5/2025 10:30,30.11
SBA,12/5/2025 10:35,30.1
SBA,12/5/2025 10:40,30.1
SBA,12/5/2025 10:45,30.1
SBA,12/5/2025 10:50,30.1
SBA,12/5/2025 10:55,30.1
SBA,12/5/2025 11:00,30.1
SBA,12/5/2025 11:05,30.1
SBA,12/5/2025 11:10,30.09
SBA,12/5/2025 11:15,30.08
SBA,12/5/2025 11:20,30.08
SBA,12/5/2025 11:25,30.08
SBA,12/5/2025 11:30,30.07
SBA,12/5/2025 11:35,30.07
SBA,12/5/2025 11:40,30.07
SBA,12/5/2025 11:45,30.06
SBA,12/5/2025 11:50,30.06
SBA,12/5/2025 11:55,30.06
SBA,12/5/2025 12:00,30.06
SBA,12/5/2025 12:05,30.06
SBA,12/5/2025 12:10,30.06
SBA,12/5/2025 12:15,30.06
SBA,12/5/2025 12:20,30.07
SBA,12/5/2025 12:25,30.07
SBA,12/5/2025 12:30,30.06
SBA,12/5/2025 12:35,30.06
SBA,12/5/2025 12:40,30.06
SBA,12/5/2025 12:45,30.05
SBA,12/5/2025 12:50,30.05
SBA,12/5/2025 12:55,30.05
SBA,12/5/2025 13:00,30.05
SBA,12/5/2025 13:05,30.05
SBA,12/5/2025 13:10,30.05
SBA,12/5/2025 13:15,30.05
SBA,12/5/2025 13:20,30.05
SBA,12/5/2025 13:25,30.04
SBA,12/5/2025 13:30,30.04
SBA,12/5/2025 13:35,30.04
SBA,12/5/2025 13:40,30.04
SBA,12/5/2025 13:45,30.04
SBA,12/5/2025 13:50,30.04
SBA,12/5/2025 13:55,30.03
SBA,12/5/2025 14:00,30.03
SBA,12/5/2025 14:05,30.03
SBA,12/5/2025 14:10,30.03
SBA,12/5/2025 14:15,30.03
SBA,12/5/2025 14:20,30.03
SBA,12/5/2025 14:25,30.03
SBA,12/5/2025 14:30,30.03
SBA,12/5/2025 14:35,30.03
SBA,12/5/2025 14:40,30.03
SBA,12/5/2025 14:45,30.03
SBA,12/5/2025 14:50,30.03
SBA,12/5/2025 14:55,30.03
SBA,12/5/2025 15:00,30.03
SBA,12/5/2025 15:05,30.03
SBA,12/5/2025 15:10,30.03
SBA,12/5/2025 15:15,30.03
SBA,12/5/2025 15:20,30.03
SBA,12/5/2025 15:25,30.03
SBA,12/5/2025 15:30,30.03
SBA,12/5/2025 15:35,30.03
SBA,12/5/2025 15:40,30.03
SBA,12/5/2025 15:45,30.03
SBA,12/5/2025 15:50,30.03
SBA,12/5/2025 15:55,30.03
SBA,12/5/2025 16:00,30.03
SBA,12/5/2025 16:05,30.02
SBA,12/5/2025 16:10,30.02
SBA,12/5/2025 16:15,30.02
SBA,12/5/2025 16:20,30.02
SBA,12/5/2025 16:25,30.02
SBA,12/5/2025 16:30,30.02
SBA,12/5/2025 16:35,30.02
SBA,12/5/2025 16:40,30.02
SBA,12/5/2025 16:45,30.02
SBA,12/5/2025 16:50,30.02
SBA,12/5/2025 16:55,30.02
SBA,12/5/2025 17:00,30.02
SBA,12/5/2025 17:05,30.02
SBA,12/5/2025 17:10,30.02
SBA,12/5/2025 17:15,30.02
SBA,12/5/2025 17:20,30.02
SBA,12/5/2025 17:25,30.02
SBA,12/5/2025 17:30,30.02
SBA,12/5/2025 17:35,30.03
SBA,12/5/2025 17:40,30.03
SBA,12/5/2025 17:45,30.03
SBA,12/5/2025 17:50,30.03
SBA,12/5/2025 17:55,30.03
SBA,12/5/2025 18:00,30.03
SBA,12/5/2025 18:05,30.03
SBA,12/5/2025 18:10,30.03
SBA,12/5/2025 18:15,30.03
SBA,12/5/2025 18:20,30.03
SBA,12/5/2025 18:25,30.03
SBA,12/5/2025 18:30,30.03
SBA,12/5/2025 18:35,30.03
SBA,12/5/2025 18:40,30.03
SBA,12/5/2025 18:45,30.03
SBA,12/5/2025 18:50,30.03
SBA,12/5/2025 18:55,30.04
SBA,12/5/2025 19:00,30.03
SBA,12/5/2025 19:05,30.03
SBA,12/5/2025 19:10,30.03
SBA,12/5/2025 19:15,30.03
SBA,12/5/2025 19:20,30.03
SBA,12/5/2025 19:25,30.03
SBA,12/5/2025 19:30,30.04
SBA,12/5/2025 19:35,30.04
SBA,12/5/2025 19:40,30.04
SBA,12/5/2025 19:45,30.04
SBA,12/5/2025 19:50,30.04
SBA,12/5/2025 19:55,30.04
SBA,12/5/2025 20:00,30.04
SBA,12/5/2025 20:05,30.04
SBA,12/5/2025 20:10,30.04
SBA,12/5/2025 20:15,30.04
SBA,12/5/2025 20:20,30.04
SBA,12/5/2025 20:25,30.04
SBA,12/5/2025 20:30,30.04
SBA,12/5/2025 20:35,30.05
SBA,12/5/2025 20:40,30.04
SBA,12/5/2025 20:45,30.04
SBA,12/5/2025 20:50,30.04
SBA,12/5/2025 20:55,30.04
SBA,12/5/2025 21:00,30.04
SBA,12/5/2025 21:05,30.05
SBA,12/5/2025 21:10,30.05
SBA,12/5/2025 21:15,30.05
SBA,12/5/2025 21:20,30.05
SBA,12/5/2025 21:25,30.04
SBA,12/5/2025 21:30,30.04
SBA,12/5/2025 21:35,30.04
SBA,12/5/2025 21:40,30.05
SBA,12/5/2025 21:45,30.05
SBA,12/5/2025 21:50,30.05
SBA,12/5/2025 21:55,30.05
SBA,12/5/2025 22:00,30.05
SBA,12/5/2025 22:05,30.05
SBA,12/5/2025 22:10,30.05
SBA,12/5/2025 22:15,30.05
SBA,12/5/2025 22:20,30.05
SBA,12/5/2025 22:25,30.05
SBA,12/5/2025 22:30,30.05
SBA,12/5/2025 22:35,30.04
SBA,12/5/2025 22:40,30.04
SBA,12/5/2025 22:45,30.04
SBA,12/5/2025 22:50,30.04
SBA,12/5/2025 22:55,30.04
SBA,12/5/2025 23:00,30.04
SBA,12/5/2025 23:05,30.04
SBA,12/5/2025 23:10,30.04
SBA,12/5/2025 23:15,30.04
SBA,12/5/2025 23:20,30.05
SBA,12/5/2025 23:25,30.05
SBA,12/5/2025 23:30,30.04
SBA,12/5/2025 23:35,30.04
SBA,12/5/2025 23:40,30.04
SBA,12/5/2025 23:45,30.04
SBA,12/5/2025 23:50,30.04
SBA,12/5/2025 23:55,30.04
SBA,12/6/2025 0:00,30.04
SBA,12/6/2025 0:05,30.05
SBA,12/6/2025 0:10,30.04
SBA,12/6/2025 0:15,30.04
SBA,12/6/2025 0:20,30.04
SBA,12/6/2025 0:25,30.04
SBA,12/6/2025 0:30,30.04
SBA,12/6/2025 0:35,30.04
SBA,12/6/2025 0:40,30.04
SBA,12/6/2025 0:45,30.04
SBA,12/6/2025 0:50,30.04
SBA,12/6/2025 0:55,30.03
SBA,12/6/2025 1:00,30.03
SBA,12/6/2025 1:05,30.04
SBA,12/6/2025 1:10,30.03
SBA,12/6/2025 1:15,30.03
SBA,12/6/2025 1:20,30.03
SBA,12/6/2025 1:25,30.03
SBA,12/6/2025 1:30,30.04
SBA,12/6/2025 1:35,30.04
SBA,12/6/2025 1:40,30.03
SBA,12/6/2025 1:45,30.04
SBA,12/6/2025 1:50,30.04
SBA,12/6/2025 1:55,30.03
SBA,12/6/2025 2:00,30.03
SBA,12/6/2025 2:05,30.03
SBA,12/6/2025 2:10,30.03
SBA,12/6/2025 2:15,30.03
SBA,12/6/2025 2:20,30.03
SBA,12/6/2025 2:25,30.03
SBA,12/6/2025 2:30,30.03
SBA,12/6/2025 2:35,30.03
SBA,12/6/2025 2:40,30.03
SBA,12/6/2025 2:45,30.03
SBA,12/6/2025 2:50,30.03
SBA,12/6/2025 2:55,30.02
SBA,12/6/2025 3:00,30.02
SBA,12/6/2025 3:05,30.02
SBA,12/6/2025 3:10,30.02
SBA,12/6/2025 3:15,30.02
SBA,12/6/2025 3:20,30.02
SBA,12/6/2025 3:25,30.02
SBA,12/6/2025 3:30,30.02
SBA,12/6/2025 3:35,30.02
SBA,12/6/2025 3:40,30.02
SBA,12/6/2025 3:45,30.02
SBA,12/6/2025 3:50,30.02
SBA,12/6/2025 3:55,30.02
SBA,12/6/2025 4:00,30.02
SBA,12/6/2025 4:05,30.02
SBA,12/6/2025 4:10,30.02
SBA,12/6/2025 4:15,30.01
SBA,12/6/2025 4:20,30.01
SBA,12/6/2025 4:25,30.02
SBA,12/6/2025 4:30,30.02
SBA,12/6/2025 4:35,30.02
SBA,12/6/2025 4:40,30.02
SBA,12/6/2025 4:45,30.02
SBA,12/6/2025 4:50,30.02
SBA,12/6/2025 4:55,30.02
SBA,12/6/2025 5:00,30.02
SBA,12/6/2025 5:05,30.02
SBA,12/6/2025 5:10,30.02
SBA,12/6/2025 5:15,30.02
SBA,12/6/2025 5:20,30.02
SBA,12/6/2025 5:25,30.02
SBA,12/6/2025 5:30,30.02
SBA,12/6/2025 5:35,30.02
SBA,12/6/2025 5:40,30.02
SBA,12/6/2025 5:45,30.02
SBA,12/6/2025 5:50,30.02
SBA,12/6/2025 5:55,30.03
SBA,12/6/2025 6:00,30.03
SBA,12/6/2025 6:05,30.03
SBA,12/6/2025 6:10,30.03
SBA,12/6/2025 6:15,30.03
SBA,12/6/2025 6:20,30.03
SBA,12/6/2025 6:25,30.04
SBA,12/6/2025 6:30,30.04
SBA,12/6/2025 6:35,30.04
SBA,12/6/2025 6:40,30.04
SBA,12/6/2025 6:45,30.04
SBA,12/6/2025 6:50,30.04
SBA,12/6/2025 6:55,30.05
SBA,12/6/2025 7:00,30.05
SBA,12/6/2025 7:05,30.04
SBA,12/6/2025 7:10,30.05
SBA,12/6/2025 7:15,30.05
SBA,12/6/2025 7:20,30.05
SBA,12/6/2025 7:25,30.05
SBA,12/6/2025 7:30,30.05
SBA,12/6/2025 7:35,30.05
SBA,12/6/2025 7:40,30.05
SBA,12/6/2025 7:45,30.05
SBA,12/6/2025 7:50,30.05
SBA,12/6/2025 7:55,30.05
SBA,12/6/2025 8:00,30.06
SBA,12/6/2025 8:05,30.06
SBA,12/6/2025 8:10,30.06
SBA,12/6/2025 8:15,30.06
SBA,12/6/2025 8:20,30.06
SBA,12/6/2025 8:25,30.06
SBA,12/6/2025 8:30,30.06
SBA,12/6/2025 8:35,30.06
SBA,12/6/2025 8:40,30.06
SBA,12/6/2025 8:45,30.06
SBA,12/6/2025 8:50,30.06
SBA,12/6/2025 8:55,30.06
SBA,12/6/2025 9:00,30.06
SBA,12/6/2025 9:05,30.06
SBA,12/6/2025 9:10,30.06
SBA,12/6/2025 9:15,30.06
SBA,12/6/2025 9:20,30.06
SBA,12/6/2025 9:25,30.06
SBA,12/6/2025 9:30,30.06
SBA,12/6/2025 9:35,30.07
SBA,12/6/2025 9:40,30.07
SBA,12/6/2025 9:45,30.07
SBA,12/6/2025 9:50,30.07
SBA,12/6/2025 9:55,30.07
SBA,12/6/2025 10:00,30.07
SBA,12/6/2025 10:05,30.07
SBA,12/6/2025 10:10,30.06
SBA,12/6/2025 10:15,30.06
SBA,12/6/2025 10:20,30.06
SBA,12/6/2025 10:25,30.06
SBA,12/6/2025 10:30,30.06
SBA,12/6/2025 10:35,30.06
SBA,12/6/2025 10:40,30.06
SBA,12/6/2025 10:45,30.05
SBA,12/6/2025 10:50,30.05
SBA,12/6/2025 10:55,30.05
SBA,12/6/2025 11:00,30.05
SBA,12/6/2025 11:05,30.05
SBA,12/6/2025 11:10,30.05
SBA,12/6/2025 11:15,30.05
SBA,12/6/2025 11:20,30.05
SBA,12/6/2025 11:25,30.04
SBA,12/6/2025 11:30,30.04
SBA,12/6/2025 11:35,30.04
SBA,12/6/2025 11:40,30.04
SBA,12/6/2025 11:45,30.03
SBA,12/6/2025 11:50,30.04
SBA,12/6/2025 11:55,30.04
SBA,12/6/2025 12:00,30.03
SBA,12/6/2025 12:05,30.03
SBA,12/6/2025 12:10,30.03
SBA,12/6/2025 12:15,30.03
SBA,12/6/2025 12:20,30.03
SBA,12/6/2025 12:25,30.03
SBA,12/6/2025 12:30,30.03
SBA,12/6/2025 12:35,30.02
SBA,12/6/2025 12:40,30.02
SBA,12/6/2025 12:45,30.03
SBA,12/6/2025 12:50,30.02
SBA,12/6/2025 12:55,30.02
SBA,12/6/2025 13:00,30.02
SBA,12/6/2025 13:05,30.02
SBA,12/6/2025 13:10,30.02
SBA,12/6/2025 13:15,30.02
SBA,12/6/2025 13:20,30.02
SBA,12/6/2025 13:25,30.01
SBA,12/6/2025 13:30,30.01
SBA,12/6/2025 13:35,30.01
SBA,12/6/2025 13:40,30.01
SBA,12/6/2025 13:45,30.01
SBA,12/6/2025 13:50,30.01
SBA,12/6/2025 13:55,30.01
SBA,12/6/2025 14:00,30
SBA,12/6/2025 14:05,30
SBA,12/6/2025 14:10,30
SBA,12/6/2025 14:15,30
SBA,12/6/2025 14:20,30
SBA,12/6/2025 14:25,30
SBA,12/6/2025 14:30,30
SBA,12/6/2025 14:35,30
SBA,12/6/2025 14:40,30
SBA,12/6/2025 14:45,30
SBA,12/6/2025 14:50,30
SBA,12/6/2025 14:55,30
SBA,12/6/2025 15:00,30
SBA,12/6/2025 15:05,30
SBA,12/6/2025 15:10,30
SBA,12/6/2025 15:15,30
SBA,12/6/2025 15:20,30
SBA,12/6/2025 15:25,30
SBA,12/6/2025 15:30,30.01
SBA,12/6/2025 15:35,30
SBA,12/6/2025 15:40,30
SBA,12/6/2025 15:45,30
SBA,12/6/2025 15:50,30
SBA,12/6/2025 15:55,30
SBA,12/6/2025 16:00,30
SBA,12/6/2025 16:05,30.01
SBA,12/6/2025 16:10,30
SBA,12/6/2025 16:15,30.01
SBA,12/6/2025 16:20,30.01
SBA,12/6/2025 16:25,30.01
SBA,12/6/2025 16:30,30.01
SBA,12/6/2025 16:35,30.01
SBA,12/6/2025 16:40,30.01
SBA,12/6/2025 16:45,30.01
SBA,12/6/2025 16:50,30.02
SBA,12/6/2025 16:55,30.01
SBA,12/6/2025 17:00,30.02
SBA,12/6/2025 17:05,30.02
SBA,12/6/2025 17:10,30.02
SBA,12/6/2025 17:15,30.02
SBA,12/6/2025 17:20,30.02
SBA,12/6/2025 17:25,30.03
SBA,12/6/2025 17:30,30.03
SBA,12/6/2025 17:35,30.03
SBA,12/6/2025 17:40,30.03
SBA,12/6/2025 17:45,30.03
SBA,12/6/2025 17:50,30.04
SBA,12/6/2025 17:55,30.04
SBA,12/6/2025 18:00,30.04
SBA,12/6/2025 18:05,30.04
SBA,12/6/2025 18:10,30.04
SBA,12/6/2025 18:15,30.04
SBA,12/6/2025 18:20,30.04
SBA,12/6/2025 18:25,30.04
SBA,12/6/2025 18:30,30.04
SBA,12/6/2025 18:35,30.04
SBA,12/6/2025 18:40,30.04
SBA,12/6/2025 18:45,30.04
SBA,12/6/2025 18:50,30.04
SBA,12/6/2025 18:55,30.04
SBA,12/6/2025 19:00,30.04
SBA,12/6/2025 19:05,30.04
SBA,12/6/2025 19:10,30.04
SBA,12/6/2025 19:15,30.04
SBA,12/6/2025 19:20,30.04
SBA,12/6/2025 19:25,30.05
SBA,12/6/2025 19:30,30.05
SBA,12/6/2025 19:35,30.05
SBA,12/6/2025 19:40,30.05
SBA,12/6/2025 19:45,30.05
SBA,12/6/2025 19:50,30.05
SBA,12/6/2025 19:55,30.05
SBA,12/6/2025 20:00,30.05
SBA,12/6/2025 20:05,30.05
SBA,12/6/2025 20:10,30.05
SBA,12/6/2025 20:15,30.05
SBA,12/6/2025 20:20,30.06
SBA,12/6/2025 20:25,30.05
SBA,12/6/2025 20:30,30.05
SBA,12/6/2025 20:35,30.05
SBA,12/6/2025 20:40,30.05
SBA,12/6/2025 20:45,30.06
SBA,12/6/2025 20:50,30.05
SBA,12/6/2025 20:55,30.06
SBA,12/6/2025 21:00,30.06
SBA,12/6/2025 21:05,30.06
SBA,12/6/2025 21:10,30.06
SBA,12/6/2025 21:15,30.06
SBA,12/6/2025 21:20,30.06
SBA,12/6/2025 21:25,30.07
SBA,12/6/2025 21:30,30.07
SBA,12/6/2025 21:35,30.07
SBA,12/6/2025 21:40,30.07
SBA,12/6/2025 21:45,30.07
SBA,12/6/2025 21:50,30.07
SBA,12/6/2025 21:55,30.07
SBA,12/6/2025 22:00,30.07
SBA,12/6/2025 22:05,30.07
SBA,12/6/2025 22:10,30.07
SBA,12/6/2025 22:15,30.08
SBA,12/6/2025 22:20,30.08
SBA,12/6/2025 22:25,30.08
SBA,12/6/2025 22:30,30.08
SBA,12/6/2025 22:35,30.08
SBA,12/6/2025 22:40,30.08
SBA,12/6/2025 22:45,30.08
SBA,12/6/2025 22:50,30.08
SBA,12/6/2025 22:55,30.08
SBA,12/6/2025 23:00,30.08
SBA,12/6/2025 23:05,30.08
SBA,12/6/2025 23:10,30.08
SBA,12/6/2025 23:15,30.08
SBA,12/6/2025 23:20,30.08
SBA,12/6/2025 23:25,30.08
SBA,12/6/2025 23:30,30.08
SBA,12/6/2025 23:35,30.08
SBA,12/6/2025 23:40,30.08
SBA,12/6/2025 23:45,30.08
SBA,12/6/2025 23:50,30.08
SBA,12/6/2025 23:55,30.08
SBA,12/7/2025 0:00,30.08
SBA,12/7/2025 0:05,30.08
SBA,12/7/2025 0:10,30.08
SBA,12/7/2025 0:15,30.08
SBA,12/7/2025 0:20,30.08
SBA,12/7/2025 0:25,30.08
SBA,12/7/2025 0:30,30.08
SBA,12/7/2025 0:35,30.08
SBA,12/7/2025 0:40,30.08
SBA,12/7/2025 0:45,30.08
SBA,12/7/2025 0:50,30.07
SBA,12/7/2025 0:55,30.08
SBA,12/7/2025 1:00,30.08
SBA,12/7/2025 1:05,30.07
SBA,12/7/2025 1:10,30.07
SBA,12/7/2025 1:15,30.07
SBA,12/7/2025 1:20,30.07
SBA,12/7/2025 1:25,30.07
SBA,12/7/2025 1:30,30.07
SBA,12/7/2025 1:35,30.07
SBA,12/7/2025 1:40,30.08
SBA,12/7/2025 1:45,30.08
SBA,12/7/2025 1:50,30.08
SBA,12/7/2025 1:55,30.08
SBA,12/7/2025 2:00,30.08
SBA,12/7/2025 2:05,30.08
SBA,12/7/2025 2:10,30.08
SBA,12/7/2025 2:15,30.08
SBA,12/7/2025 2:20,30.08
SBA,12/7/2025 2:25,30.08
SBA,12/7/2025 2:30,30.09
SBA,12/7/2025 2:35,30.09
SBA,12/7/2025 2:40,30.09
SBA,12/7/2025 2:45,30.09
SBA,12/7/2025 2:50,30.09
SBA,12/7/2025 2:55,30.09
SBA,12/7/2025 3:00,30.09
SBA,12/7/2025 3:05,30.09
SBA,12/7/2025 3:10,30.09
SBA,12/7/2025 3:15,30.09
SBA,12/7/2025 3:20,30.09
SBA,12/7/2025 3:25,30.09
SBA,12/7/2025 3:30,30.09
SBA,12/7/2025 3:35,30.09
SBA,12/7/2025 3:40,30.09
SBA,12/7/2025 3:45,30.09
SBA,12/7/2025 3:50,30.09
SBA,12/7/2025 3:55,30.09
SBA,12/7/2025 4:00,30.09
SBA,12/7/2025 4:05,30.09
SBA,12/7/2025 4:10,30.08
SBA,12/7/2025 4:15,30.08
SBA,12/7/2025 4:20,30.08
SBA,12/7/2025 4:25,30.08
SBA,12/7/2025 4:30,30.08
SBA,12/7/2025 4:35,30.08
SBA,12/7/2025 4:40,30.08
SBA,12/7/2025 4:45,30.08
SBA,12/7/2025 4:50,30.08
SBA,12/7/2025 4:55,30.09
SBA,12/7/2025 5:00,30.08
SBA,12/7/2025 5:05,30.09
SBA,12/7/2025 5:10,30.09
SBA,12/7/2025 5:15,30.09
SBA,12/7/2025 5:20,30.09
SBA,12/7/2025 5:25,30.09
SBA,12/7/2025 5:30,30.09
SBA,12/7/2025 5:35,30.09
SBA,12/7/2025 5:40,30.09
SBA,12/7/2025 5:45,30.09
SBA,12/7/2025 5:50,30.1
SBA,12/7/2025 5:55,30.1
SBA,12/7/2025 6:00,30.1
SBA,12/7/2025 6:05,30.1
SBA,12/7/2025 6:10,30.1
SBA,12/7/2025 6:15,30.1
SBA,12/7/2025 6:20,30.1
SBA,12/7/2025 6:25,30.11
SBA,12/7/2025 6:30,30.11
SBA,12/7/2025 6:35,30.11
SBA,12/7/2025 6:40,30.11
SBA,12/7/2025 6:45,30.11
SBA,12/7/2025 6:50,30.12
SBA,12/7/2025 6:55,30.12
SBA,12/7/2025 7:00,30.12
SBA,12/7/2025 7:05,30.12
SBA,12/7/2025 7:10,30.13
SBA,12/7/2025 7:15,30.13
SBA,12/7/2025 7:20,30.13
SBA,12/7/2025 7:25,30.13
SBA,12/7/2025 7:30,30.13
SBA,12/7/2025 7:35,30.13
SBA,12/7/2025 7:40,30.13
SBA,12/7/2025 7:45,30.13
SBA,12/7/2025 7:50,30.13
SBA,12/7/2025 7:55,30.13
SBA,12/7/2025 8:00,30.14
SBA,12/7/2025 8:05,30.14
SBA,12/7/2025 8:10,30.14
SBA,12/7/2025 8:15,30.14
SBA,12/7/2025 8:20,30.14
SBA,12/7/2025 8:25,30.14
SBA,12/7/2025 8:30,30.14
SBA,12/7/2025 8:35,30.14
SBA,12/7/2025 8:40,30.14
SBA,12/7/2025 8:45,30.14
SBA,12/7/2025 8:50,30.15
SBA,12/7/2025 8:55,30.15
SBA,12/7/2025 9:00,30.15
SBA,12/7/2025 9:05,30.15
SBA,12/7/2025 9:10,30.15
SBA,12/7/2025 9:15,30.16
SBA,12/7/2025 9:20,30.16
SBA,12/7/2025 9:25,30.16
SBA,12/7/2025 9:30,30.16
SBA,12/7/2025 9:35,30.16
SBA,12/7/2025 9:40,30.16
SBA,12/7/2025 9:45,30.16
SBA,12/7/2025 9:50,30.16
SBA,12/7/2025 9:55,30.16
SBA,12/7/2025 10:00,30.16
SBA,12/7/2025 10:05,30.16
SBA,12/7/2025 10:10,30.16
SBA,12/7/2025 10:15,30.15
SBA,12/7/2025 10:20,30.15
SBA,12/7/2025 10:25,30.16
SBA,12/7/2025 10:30,30.15
SBA,12/7/2025 10:35,30.15
SBA,12/7/2025 10:40,30.15
SBA,12/7/2025 10:45,30.15
SBA,12/7/2025 10:50,30.15
SBA,12/7/2025 10:55,30.15
SBA,12/7/2025 11:00,30.15
SBA,12/7/2025 11:05,30.15
SBA,12/7/2025 11:10,30.15
SBA,12/7/2025 11:15,30.15
SBA,12/7/2025 11:20,30.15
SBA,12/7/2025 11:25,30.14
SBA,12/7/2025 11:30,30.14
SBA,12/7/2025 11:35,30.14
SBA,12/7/2025 11:40,30.14
SBA,12/7/2025 11:45,30.13
SBA,12/7/2025 11:50,30.13
SBA,12/7/2025 11:55,30.13
SBA,12/7/2025 12:00,30.13
SBA,12/7/2025 12:05,30.13
SBA,12/7/2025 12:10,30.13
SBA,12/7/2025 12:15,30.13
SBA,12/7/2025 12:20,30.12
SBA,12/7/2025 12:25,30.12
SBA,12/7/2025 12:30,30.12
SBA,12/7/2025 12:35,30.12
SBA,12/7/2025 12:40,30.12
SBA,12/7/2025 12:45,30.12
SBA,12/7/2025 12:50,30.11
SBA,12/7/2025 12:55,30.11
SBA,12/7/2025 13:00,30.11
SBA,12/7/2025 13:05,30.11
SBA,12/7/2025 13:10,30.11
SBA,12/7/2025 13:15,30.11
SBA,12/7/2025 13:20,30.11
SBA,12/7/2025 13:25,30.11
SBA,12/7/2025 13:30,30.11
SBA,12/7/2025 13:35,30.11
SBA,12/7/2025 13:40,30.11
SBA,12/7/2025 13:45,30.11
SBA,12/7/2025 13:50,30.11
SBA,12/7/2025 13:55,30.11
SBA,12/7/2025 14:00,30.11
SBA,12/7/2025 14:05,30.11
SBA,12/7/2025 14:10,30.11
SBA,12/7/2025 14:15,30.1
SBA,12/7/2025 14:20,30.1
SBA,12/7/2025 14:25,30.1
SBA,12/7/2025 14:30,30.1
SBA,12/7/2025 14:35,30.1
SBA,12/7/2025 14:40,30.1
SBA,12/7/2025 14:45,30.1
SBA,12/7/2025 14:50,30.1
SBA,12/7/2025 14:55,30.1
SBA,12/7/2025 15:00,30.1
SBA,12/7/2025 15:05,30.1
SBA,12/7/2025 15:10,30.1
SBA,12/7/2025 15:15,30.1
SBA,12/7/2025 15:20,30.1
SBA,12/7/2025 15:25,30.1
SBA,12/7/2025 15:30,30.1
SBA,12/7/2025 15:35,30.1
SBA,12/7/2025 15:40,30.1
SBA,12/7/2025 15:45,30.1
SBA,12/7/2025 15:50,30.1
SBA,12/7/2025 15:55,30.1
SBA,12/7/2025 16:00,30.1
SBA,12/7/2025 16:05,30.1
SBA,12/7/2025 16:10,30.1
SBA,12/7/2025 16:15,30.1
SBA,12/7/2025 16:20,30.1
SBA,12/7/2025 16:25,30.1
SBA,12/7/2025 16:30,30.1
SBA,12/7/2025 16:35,30.1
SBA,12/7/2025 16:40,30.1
SBA,12/7/2025 16:45,30.1
SBA,12/7/2025 16:50,30.11
SBA,12/7/2025 16:55,30.11
SBA,12/7/2025 17:00,30.11
SBA,12/7/2025 17:05,30.11
SBA,12/7/2025 17:10,30.11
SBA,12/7/2025 17:15,30.11
SBA,12/7/2025 17:20,30.11
SBA,12/7/2025 17:25,30.12
SBA,12/7/2025 17:30,30.12
SBA,12/7/2025 17:35,30.12
SBA,12/7/2025 17:40,30.12
SBA,12/7/2025 17:45,30.12
SBA,12/7/2025 17:50,30.13
SBA,12/7/2025 17:55,30.13
SBA,12/7/2025 18:00,30.13
SBA,12/7/2025 18:05,30.13
SBA,12/7/2025 18:10,30.13
SBA,12/7/2025 18:15,30.13
SBA,12/7/2025 18:20,30.13
SBA,12/7/2025 18:25,30.13
SBA,12/7/2025 18:30,30.13
SBA,12/7/2025 18:35,30.13
SBA,12/7/2025 18:40,30.13
SBA,12/7/2025 18:45,30.13
SBA,12/7/2025 18:50,30.13
SBA,12/7/2025 18:55,30.13
SBA,12/7/2025 19:00,30.13
SBA,12/7/2025 19:05,30.13
SBA,12/7/2025 19:10,30.13
SBA,12/7/2025 19:15,30.13
SBA,12/7/2025 19:20,30.13
SBA,12/7/2025 19:25,30.13
SBA,12/7/2025 19:30,30.13
SBA,12/7/2025 19:35,30.13
SBA,12/7/2025 19:40,30.13
SBA,12/7/2025 19:45,30.14
SBA,12/7/2025 19:50,30.13
SBA,12/7/2025 19:55,30.14
SBA,12/7/2025 20:00,30.14
SBA,12/7/2025 20:05,30.14
SBA,12/7/2025 20:10,30.14
SBA,12/7/2025 20:15,30.14
SBA,12/7/2025 20:20,30.14
SBA,12/7/2025 20:25,30.14
SBA,12/7/2025 20:30,30.14
SBA,12/7/2025 20:35,30.14
SBA,12/7/2025 20:40,30.14
SBA,12/7/2025 20:45,30.14
SBA,12/7/2025 20:50,30.14
SBA,12/7/2025 20:55,30.14
SBA,12/7/2025 21:00,30.14
SBA,12/7/2025 21:05,30.14
SBA,12/7/2025 21:10,30.14
SBA,12/7/2025 21:15,30.14
SBA,12/7/2025 21:20,30.14
SBA,12/7/2025 21:25,30.14
SBA,12/7/2025 21:30,30.15
SBA,12/7/2025 21:35,30.15
SBA,12/7/2025 21:40,30.14
SBA,12/7/2025 21:45,30.14
SBA,12/7/2025 21:50,30.14
SBA,12/7/2025 21:55,30.14
SBA,12/7/2025 22:00,30.15
SBA,12/7/2025 22:05,30.14
SBA,12/7/2025 22:10,30.15
SBA,12/7/2025 22:15,30.15
SBA,12/7/2025 22:20,30.14
SBA,12/7/2025 22:25,30.14
SBA,12/7/2025 22:30,30.15
SBA,12/7/2025 22:35,30.15
SBA,12/7/2025 22:40,30.15
SBA,12/7/2025 22:45,30.15
SBA,12/7/2025 22:50,30.15
SBA,12/7/2025 22:55,30.15
SBA,12/7/2025 23:00,30.15
SBA,12/7/2025 23:05,30.15
SBA,12/7/2025 23:10,30.15
SBA,12/7/2025 23:15,30.15
SBA,12/7/2025 23:20,30.15
SBA,12/7/2025 23:25,30.15
SBA,12/7/2025 23:30,30.15
SBA,12/7/2025 23:35,30.15
SBA,12/7/2025 23:40,30.15
SBA,12/7/2025 23:45,30.15
SBA,12/7/2025 23:50,30.15
SBA,12/7/2025 23:55,30.15
SBA,12/8/2025 0:00,30.14
SBA,12/8/2025 0:05,30.14
SBA,12/8/2025 0:10,30.14
SBA,12/8/2025 0:15,30.14
SBA,12/8/2025 0:20,30.14
SBA,12/8/2025 0:25,30.14
SBA,12/8/2025 0:30,30.14
SBA,12/8/2025 0:35,30.13
SBA,12/8/2025 0:40,30.13
SBA,12/8/2025 0:45,30.13
SBA,12/8/2025 0:50,30.13
SBA,12/8/2025 0:55,30.12
SBA,12/8/2025 1:00,30.12
SBA,12/8/2025 1:05,30.13
SBA,12/8/2025 1:10,30.12
SBA,12/8/2025 1:15,30.13
SBA,12/8/2025 1:20,30.13
SBA,12/8/2025 1:25,30.13
SBA,12/8/2025 1:30,30.13
SBA,12/8/2025 1:35,30.13
SBA,12/8/2025 1:40,30.13
SBA,12/8/2025 1:45,30.13
SBA,12/8/2025 1:50,30.13
SBA,12/8/2025 1:55,30.14
SBA,12/8/2025 2:00,30.14
SBA,12/8/2025 2:05,30.13
SBA,12/8/2025 2:10,30.13
SBA,12/8/2025 2:15,30.13
SBA,12/8/2025 2:20,30.13
SBA,12/8/2025 2:25,30.13
SBA,12/8/2025 2:30,30.13
SBA,12/8/2025 2:35,30.13
SBA,12/8/2025 2:40,30.13
SBA,12/8/2025 2:45,30.13
SBA,12/8/2025 2:50,30.13
SBA,12/8/2025 2:55,30.13
SBA,12/8/2025 3:00,30.13
SBA,12/8/2025 3:05,30.12
SBA,12/8/2025 3:10,30.12
SBA,12/8/2025 3:15,30.12
SBA,12/8/2025 3:20,30.12
SBA,12/8/2025 3:25,30.12
SBA,12/8/2025 3:30,30.12
SBA,12/8/2025 3:35,30.12
SBA,12/8/2025 3:40,30.12
SBA,12/8/2025 3:45,30.12
SBA,12/8/2025 3:50,30.12
SBA,12/8/2025 3:55,30.12
SBA,12/8/2025 4:00,30.12
SBA,12/8/2025 4:05,30.12
SBA,12/8/2025 4:10,30.13
SBA,12/8/2025 4:15,30.13
SBA,12/8/2025 4:20,30.13
SBA,12/8/2025 4:25,30.13
SBA,12/8/2025 4:30,30.13
SBA,12/8/2025 4:35,30.13
SBA,12/8/2025 4:40,30.13
SBA,12/8/2025 4:45,30.13
SBA,12/8/2025 4:50,30.13
SBA,12/8/2025 4:55,30.13
SBA,12/8/2025 5:00,30.13
SBA,12/8/2025 5:05,30.13
SBA,12/8/2025 5:10,30.13
SBA,12/8/2025 5:15,30.13
SBA,12/8/2025 5:20,30.13
SBA,12/8/2025 5:25,30.13
SBA,12/8/2025 5:30,30.13
SBA,12/8/2025 5:35,30.13
SBA,12/8/2025 5:40,30.13
SBA,12/8/2025 5:45,30.13
SBA,12/8/2025 5:50,30.13
SBA,12/8/2025 5:55,30.14
SBA,12/8/2025 6:00,30.14
SBA,12/8/2025 6:05,30.14
SBA,12/8/2025 6:10,30.14
SBA,12/8/2025 6:15,30.14
SBA,12/8/2025 6:20,30.15
SBA,12/8/2025 6:25,30.15
SBA,12/8/2025 6:30,30.15
SBA,12/8/2025 6:35,30.15
SBA,12/8/2025 6:40,30.16
SBA,12/8/2025 6:45,30.16
SBA,12/8/2025 6:50,30.15
SBA,12/8/2025 6:55,30.15
SBA,12/8/2025 7:00,30.15
SBA,12/8/2025 7:05,30.15
SBA,12/8/2025 7:10,30.15
SBA,12/8/2025 7:15,30.16
SBA,12/8/2025 7:20,30.16
SBA,12/8/2025 7:25,30.16
SBA,12/8/2025 7:30,30.16
SBA,12/8/2025 7:35,30.16
SBA,12/8/2025 7:40,30.16
SBA,12/8/2025 7:45,30.16
SBA,12/8/2025 7:50,30.16
SBA,12/8/2025 7:55,30.16
SBA,12/8/2025 8:00,30.16
SBA,12/8/2025 8:05,30.16
SBA,12/8/2025 8:10,30.16
SBA,12/8/2025 8:15,30.17
SBA,12/8/2025 8:20,30.17
SBA,12/8/2025 8:25,30.17
SBA,12/8/2025 8:30,30.17
SBA,12/8/2025 8:35,30.17
SBA,12/8/2025 8:40,30.17
SBA,12/8/2025 8:45,30.17
SBA,12/8/2025 8:50,30.17
SBA,12/8/2025 8:55,30.17
SBA,12/8/2025 9:00,30.17
SBA,12/8/2025 9:05,30.17
SBA,12/8/2025 9:10,30.17
SBA,12/8/2025 9:15,30.17
SBA,12/8/2025 9:20,30.17
SBA,12/8/2025 9:25,30.17
SBA,12/8/2025 9:30,30.18
SBA,12/8/2025 9:35,30.18
SBA,12/8/2025 9:40,30.18
SBA,12/8/2025 9:45,30.18
SBA,12/8/2025 9:50,30.18
SBA,12/8/2025 9:55,30.18
SBA,12/8/2025 10:00,30.18
SBA,12/8/2025 10:05,30.18
SBA,12/8/2025 10:10,30.18
SBA,12/8/2025 10:15,30.18
SBA,12/8/2025 10:20,30.18
SBA,12/8/2025 10:25,30.18
SBA,12/8/2025 10:30,30.18
SBA,12/8/2025 10:35,30.17
SBA,12/8/2025 10:40,30.17
SBA,12/8/2025 10:45,30.17
SBA,12/8/2025 10:50,30.17
SBA,12/8/2025 10:55,30.16
SBA,12/8/2025 11:00,30.16
SBA,12/8/2025 11:05,30.16
SBA,12/8/2025 11:10,30.15
SBA,12/8/2025 11:15,30.16
SBA,12/8/2025 11:20,30.15
SBA,12/8/2025 11:25,30.15
SBA,12/8/2025 11:30,30.15
SBA,12/8/2025 11:35,30.15
SBA,12/8/2025 11:40,30.14
SBA,12/8/2025 11:45,30.14
SBA,12/8/2025 11:50,30.14
SBA,12/8/2025 11:55,30.14
SBA,12/8/2025 12:00,30.14
SBA,12/8/2025 12:05,30.13
SBA,12/8/2025 12:10,30.13
SBA,12/8/2025 12:15,30.13
SBA,12/8/2025 12:20,30.13
SBA,12/8/2025 12:25,30.13
SBA,12/8/2025 12:30,30.12
SBA,12/8/2025 12:35,30.12
SBA,12/8/2025 12:40,30.12
SBA,12/8/2025 12:45,30.11
SBA,12/8/2025 12:50,30.11
SBA,12/8/2025 12:55,30.11
SBA,12/8/2025 13:00,30.11
SBA,12/8/2025 13:05,30.1
SBA,12/8/2025 13:10,30.11
SBA,12/8/2025 13:15,30.1
SBA,12/8/2025 13:20,30.1
SBA,12/8/2025 13:25,30.1
SBA,12/8/2025 13:30,30.1
SBA,12/8/2025 13:35,30.1
SBA,12/8/2025 13:40,30.1
SBA,12/8/2025 13:45,30.1
SBA,12/8/2025 13:50,30.1
SBA,12/8/2025 13:55,30.1
SBA,12/8/2025 14:00,30.1
SBA,12/8/2025 14:05,30.09
SBA,12/8/2025 14:10,30.09
SBA,12/8/2025 14:15,30.09
SBA,12/8/2025 14:20,30.09
SBA,12/8/2025 14:25,30.09
SBA,12/8/2025 14:30,30.09
SBA,12/8/2025 14:35,30.09
SBA,12/8/2025 14:40,30.09
SBA,12/8/2025 14:45,30.08
SBA,12/8/2025 14:50,30.08
SBA,12/8/2025 14:55,30.08
SBA,12/8/2025 15:00,30.08
SBA,12/8/2025 15:05,30.09
SBA,12/8/2025 15:10,30.09
SBA,12/8/2025 15:15,30.09
SBA,12/8/2025 15:20,30.08
SBA,12/8/2025 15:25,30.08
SBA,12/8/2025 15:30,30.08
SBA,12/8/2025 15:35,30.08
SBA,12/8/2025 15:40,30.08
SBA,12/8/2025 15:45,30.08
SBA,12/8/2025 15:50,30.08
SBA,12/8/2025 15:55,30.09
SBA,12/8/2025 16:00,30.09
SBA,12/8/2025 16:05,30.09
SBA,12/8/2025 16:10,30.08
SBA,12/8/2025 16:15,30.08
SBA,12/8/2025 16:20,30.08
SBA,12/8/2025 16:25,30.08
SBA,12/8/2025 16:30,30.08
SBA,12/8/2025 16:35,30.08
SBA,12/8/2025 16:40,30.08
SBA,12/8/2025 16:45,30.08
SBA,12/8/2025 16:50,30.08
SBA,12/8/2025 16:55,30.08
SBA,12/8/2025 17:00,30.08
SBA,12/8/2025 17:05,30.08
SBA,12/8/2025 17:10,30.08
SBA,12/8/2025 17:15,30.08
SBA,12/8/2025 17:20,30.09
SBA,12/8/2025 17:25,30.09
SBA,12/8/2025 17:30,30.1
SBA,12/8/2025 17:35,30.1
SBA,12/8/2025 17:40,30.1
SBA,12/8/2025 17:45,30.1
SBA,12/8/2025 17:50,30.1
SBA,12/8/2025 17:55,30.1
SBA,12/8/2025 18:00,30.09
SBA,12/8/2025 18:05,30.1
SBA,12/8/2025 18:10,30.09
SBA,12/8/2025 18:15,30.09
SBA,12/8/2025 18:20,30.1
SBA,12/8/2025 18:25,30.1
SBA,12/8/2025 18:30,30.1
SBA,12/8/2025 18:35,30.1
SBA,12/8/2025 18:40,30.1
SBA,12/8/2025 18:45,30.1
SBA,12/8/2025 18:50,30.1
SBA,12/8/2025 18:55,30.1
SBA,12/8/2025 19:00,30.1
SBA,12/8/2025 19:05,30.1
SBA,12/8/2025 19:10,30.1
SBA,12/8/2025 19:15,30.1
SBA,12/8/2025 19:20,30.1
SBA,12/8/2025 19:25,30.1
SBA,12/8/2025 19:30,30.1
SBA,12/8/2025 19:35,30.1
SBA,12/8/2025 19:40,30.1
SBA,12/8/2025 19:45,30.1
SBA,12/8/2025 19:50,30.1
SBA,12/8/2025 19:55,30.1
SBA,12/8/2025 20:00,30.1
SBA,12/8/2025 20:05,30.1
SBA,12/8/2025 20:10,30.1
SBA,12/8/2025 20:15,30.1
SBA,12/8/2025 20:20,30.1
SBA,12/8/2025 20:25,30.1
SBA,12/8/2025 20:30,30.1
SBA,12/8/2025 20:35,30.1
SBA,12/8/2025 20:40,30.1
SBA,12/8/2025 20:45,30.1
SBA,12/8/2025 20:50,30.1
SBA,12/8/2025 20:55,30.1
SBA,12/8/2025 21:00,30.1
SBA,12/8/2025 21:05,30.1
SBA,12/8/2025 21:10,30.11
SBA,12/8/2025 21:15,30.1
SBA,12/8/2025 21:20,30.1
SBA,12/8/2025 21:25,30.11
SBA,12/8/2025 21:30,30.11
SBA,12/8/2025 21:35,30.11
SBA,12/8/2025 21:40,30.11
SBA,12/8/2025 21:45,30.11
SBA,12/8/2025 21:50,30.11
SBA,12/8/2025 21:55,30.11
SBA,12/8/2025 22:00,30.1
SBA,12/8/2025 22:05,30.1
SBA,12/8/2025 22:10,30.1
SBA,12/8/2025 22:15,30.1
SBA,12/8/2025 22:20,30.11
SBA,12/8/2025 22:25,30.1
SBA,12/8/2025 22:30,30.1
SBA,12/8/2025 22:35,30.1
SBA,12/8/2025 22:40,30.1
SBA,12/8/2025 22:45,30.1
SBA,12/8/2025 22:50,30.1
SBA,12/8/2025 22:55,30.1
SBA,12/8/2025 23:00,30.1
SBA,12/8/2025 23:05,30.1
SBA,12/8/2025 23:10,30.1
SBA,12/8/2025 23:15,30.1
SBA,12/8/2025 23:20,30.1
SBA,12/8/2025 23:25,30.1
SBA,12/8/2025 23:30,30.1
SBA,12/8/2025 23:35,30.1
SBA,12/8/2025 23:40,30.1
SBA,12/8/2025 23:45,30.1
SBA,12/8/2025 23:50,30.1
SBA,12/8/2025 23:55,30.1
SBA,12/9/2025 0:00,30.1
SBA,12/9/2025 0:05,30.1
SBA,12/9/2025 0:10,30.1
SBA,12/9/2025 0:15,30.09
SBA,12/9/2025 0:20,30.09
SBA,12/9/2025 0:25,30.09
SBA,12/9/2025 0:30,30.09
SBA,12/9/2025 0:35,30.08
SBA,12/9/2025 0:40,30.08
SBA,12/9/2025 0:45,30.08
SBA,12/9/2025 0:50,30.08
SBA,12/9/2025 0:55,30.08
SBA,12/9/2025 1:00,30.08
SBA,12/9/2025 1:05,30.08
SBA,12/9/2025 1:10,30.08
SBA,12/9/2025 1:15,30.08
SBA,12/9/2025 1:20,30.08
SBA,12/9/2025 1:25,30.08
SBA,12/9/2025 1:30,30.08
SBA,12/9/2025 1:35,30.08
SBA,12/9/2025 1:40,30.08
SBA,12/9/2025 1:45,30.08
SBA,12/9/2025 1:50,30.08
SBA,12/9/2025 1:55,30.08
SBA,12/9/2025 2:00,30.07
SBA,12/9/2025 2:05,30.07
SBA,12/9/2025 2:10,30.07
SBA,12/9/2025 2:15,30.07
SBA,12/9/2025 2:20,30.07
SBA,12/9/2025 2:25,30.07
SBA,12/9/2025 2:30,30.07
SBA,12/9/2025 2:35,30.07
SBA,12/9/2025 2:40,30.07
SBA,12/9/2025 2:45,30.07
SBA,12/9/2025 2:50,30.07
SBA,12/9/2025 2:55,30.07
SBA,12/9/2025 3:00,30.06
SBA,12/9/2025 3:05,30.07
SBA,12/9/2025 3:10,30.06
SBA,12/9/2025 3:15,30.06
SBA,12/9/2025 3:20,30.06
SBA,12/9/2025 3:25,30.06
SBA,12/9/2025 3:30,30.06
SBA,12/9/2025 3:35,30.06
SBA,12/9/2025 3:40,30.06
SBA,12/9/2025 3:45,30.06
SBA,12/9/2025 3:50,30.06
SBA,12/9/2025 3:55,30.06
SBA,12/9/2025 4:00,30.06
SBA,12/9/2025 4:05,30.06
SBA,12/9/2025 4:10,30.05
SBA,12/9/2025 4:15,30.05
SBA,12/9/2025 4:20,30.05
SBA,12/9/2025 4:25,30.05
SBA,12/9/2025 4:30,30.05
SBA,12/9/2025 4:35,30.05
SBA,12/9/2025 4:40,30.05
SBA,12/9/2025 4:45,30.05
SBA,12/9/2025 4:50,30.05
SBA,12/9/2025 4:55,30.05
SBA,12/9/2025 5:00,30.05
SBA,12/9/2025 5:05,30.05
SBA,12/9/2025 5:10,30.05
SBA,12/9/2025 5:15,30.06
SBA,12/9/2025 5:20,30.06
SBA,12/9/2025 5:25,30.06
SBA,12/9/2025 5:30,30.06
SBA,12/9/2025 5:35,30.06
SBA,12/9/2025 5:40,30.06
SBA,12/9/2025 5:45,30.06
SBA,12/9/2025 5:50,30.06
SBA,12/9/2025 5:55,30.06
SBA,12/9/2025 6:00,30.06
SBA,12/9/2025 6:05,30.06
SBA,12/9/2025 6:10,30.06
SBA,12/9/2025 6:15,30.06
SBA,12/9/2025 6:20,30.07
SBA,12/9/2025 6:25,30.07
SBA,12/9/2025 6:30,30.07
SBA,12/9/2025 6:35,30.07
SBA,12/9/2025 6:40,30.07
SBA,12/9/2025 6:45,30.07
SBA,12/9/2025 6:50,30.07
SBA,12/9/2025 6:55,30.07
SBA,12/9/2025 7:00,30.07
SBA,12/9/2025 7:05,30.07
SBA,12/9/2025 7:10,30.07
SBA,12/9/2025 7:15,30.07
SBA,12/9/2025 7:20,30.07
SBA,12/9/2025 7:25,30.07
SBA,12/9/2025 7:30,30.07
SBA,12/9/2025 7:35,30.07
SBA,12/9/2025 7:40,30.07
SBA,12/9/2025 7:45,30.07
SBA,12/9/2025 7:50,30.07
SBA,12/9/2025 7:55,30.07
SBA,12/9/2025 8:00,30.07
SBA,12/9/2025 8:05,30.07
SBA,12/9/2025 8:10,30.07
SBA,12/9/2025 8:15,30.07
SBA,12/9/2025 8:20,30.07
SBA,12/9/2025 8:25,30.07
SBA,12/9/2025 8:30,30.07
SBA,12/9/2025 8:35,30.07
SBA,12/9/2025 8:40,30.07
SBA,12/9/2025 8:45,30.07
SBA,12/9/2025 8:50,30.07
SBA,12/9/2025 8:55,30.07
SBA,12/9/2025 9:00,30.08
SBA,12/9/2025 9:05,30.08
SBA,12/9/2025 9:10,30.08
SBA,12/9/2025 9:15,30.08
SBA,12/9/2025 9:20,30.08
SBA,12/9/2025 9:25,30.08
SBA,12/9/2025 9:30,30.08
SBA,12/9/2025 9:35,30.09
SBA,12/9/2025 9:40,30.09
SBA,12/9/2025 9:45,30.09
SBA,12/9/2025 9:50,30.09
SBA,12/9/2025 9:55,30.08
SBA,12/9/2025 10:00,30.08
SBA,12/9/2025 10:05,30.08
SBA,12/9/2025 10:10,30.08
SBA,12/9/2025 10:15,30.08
SBA,12/9/2025 10:20,30.08
SBA,12/9/2025 10:25,30.08
SBA,12/9/2025 10:30,30.08
SBA,12/9/2025 10:35,30.07
SBA,12/9/2025 10:40,30.07
SBA,12/9/2025 10:45,30.07
SBA,12/9/2025 10:50,30.07
SBA,12/9/2025 10:55,30.07
SBA,12/9/2025 11:00,30.07
SBA,12/9/2025 11:05,30.06
SBA,12/9/2025 11:10,30.06
SBA,12/9/2025 11:15,30.06
SBA,12/9/2025 11:20,30.06
SBA,12/9/2025 11:25,30.05
SBA,12/9/2025 11:30,30.05
SBA,12/9/2025 11:35,30.05
SBA,12/9/2025 11:40,30.04
SBA,12/9/2025 11:45,30.04
SBA,12/9/2025 11:50,30.04
SBA,12/9/2025 11:55,30.04
SBA,12/9/2025 12:00,30.03
SBA,12/9/2025 12:05,30.03
SBA,12/9/2025 12:10,30.03
SBA,12/9/2025 12:15,30.03
SBA,12/9/2025 12:20,30.02
SBA,12/9/2025 12:25,30.02
SBA,12/9/2025 12:30,30.02
SBA,12/9/2025 12:35,30.02
SBA,12/9/2025 12:40,30.01
SBA,12/9/2025 12:45,30.01
SBA,12/9/2025 12:50,30.01
SBA,12/9/2025 12:55,30.01
SBA,12/9/2025 13:00,30.01
SBA,12/9/2025 13:05,30
SBA,12/9/2025 13:10,30
SBA,12/9/2025 13:15,30
SBA,12/9/2025 13:20,30
SBA,12/9/2025 13:25,30
SBA,12/9/2025 13:30,30
SBA,12/9/2025 13:35,30
SBA,12/9/2025 13:40,30
SBA,12/9/2025 13:45,30
SBA,12/9/2025 13:50,30
SBA,12/9/2025 13:55,30
SBA,12/9/2025 14:00,30
SBA,12/9/2025 14:05,30
SBA,12/9/2025 14:10,30
SBA,12/9/2025 14:15,30
SBA,12/9/2025 14:20,29.99
SBA,12/9/2025 14:25,29.99
SBA,12/9/2025 14:30,29.99
SBA,12/9/2025 14:35,29.99
SBA,12/9/2025 14:40,29.99
SBA,12/9/2025 14:45,29.99
SBA,12/9/2025 14:50,29.99
SBA,12/9/2025 14:55,29.99
SBA,12/9/2025 15:00,29.99
SBA,12/9/2025 15:05,29.99
SBA,12/9/2025 15:10,29.99
SBA,12/9/2025 15:15,29.99
SBA,12/9/2025 15:20,29.99
SBA,12/9/2025 15:25,29.99
SBA,12/9/2025 15:30,29.99
SBA,12/9/2025 15:35,29.99
SBA,12/9/2025 15:40,29.99
SBA,12/9/2025 15:45,29.99
SBA,12/9/2025 15:50,30
SBA,12/9/2025 15:55,29.99
SBA,12/9/2025 16:00,29.99
SBA,12/9/2025 16:05,29.99
SBA,12/9/2025 16:10,29.99
SBA,12/9/2025 16:15,29.99
SBA,12/9/2025 16:20,29.99
SBA,12/9/2025 16:25,29.99
SBA,12/9/2025 16:30,29.99
SBA,12/9/2025 16:35,29.99
SBA,12/9/2025 16:40,29.99
SBA,12/9/2025 16:45,29.99
SBA,12/9/2025 16:50,29.99
SBA,12/9/2025 16:55,29.99
SBA,12/9/2025 17:00,29.99
SBA,12/9/2025 17:05,29.99
SBA,12/9/2025 17:10,29.99
SBA,12/9/2025 17:15,29.99
SBA,12/9/2025 17:20,29.99
SBA,12/9/2025 17:25,29.99
SBA,12/9/2025 17:30,29.99
SBA,12/9/2025 17:35,29.99
SBA,12/9/2025 17:40,29.99
SBA,12/9/2025 17:45,29.99
SBA,12/9/2025 17:50,29.99
SBA,12/9/2025 17:55,29.99
SBA,12/9/2025 18:00,29.99
SBA,12/9/2025 18:05,30
SBA,12/9/2025 18:10,30
SBA,12/9/2025 18:15,30
SBA,12/9/2025 18:20,30
SBA,12/9/2025 18:25,30
SBA,12/9/2025 18:30,30
SBA,12/9/2025 18:35,30
SBA,12/9/2025 18:40,29.99
SBA,12/9/2025 18:45,30
SBA,12/9/2025 18:50,29.99
SBA,12/9/2025 18:55,29.99
SBA,12/9/2025 19:00,29.99
SBA,12/9/2025 19:05,30
SBA,12/9/2025 19:10,29.99
SBA,12/9/2025 19:15,29.99
SBA,12/9/2025 19:20,30
SBA,12/9/2025 19:25,29.99
SBA,12/9/2025 19:30,29.99
SBA,12/9/2025 19:35,29.99
SBA,12/9/2025 19:40,30
SBA,12/9/2025 19:45,30
SBA,12/9/2025 19:50,30
SBA,12/9/2025 19:55,30
SBA,12/9/2025 20:00,30
SBA,12/9/2025 20:05,30
SBA,12/9/2025 20:10,30
SBA,12/9/2025 20:15,30
SBA,12/9/2025 20:20,30
SBA,12/9/2025 20:25,30
SBA,12/9/2025 20:30,30
SBA,12/9/2025 20:35,30
SBA,12/9/2025 20:40,30
SBA,12/9/2025 20:45,30
SBA,12/9/2025 20:50,30
SBA,12/9/2025 20:55,30
SBA,12/9/2025 21:00,30
SBA,12/9/2025 21:05,30.01
SBA,12/9/2025 21:10,30.01
SBA,12/9/2025 21:15,30.01
SBA,12/9/2025 21:20,30.01
SBA,12/9/2025 21:25,30.01
SBA,12/9/2025 21:30,30.01
SBA,12/9/2025 21:35,30.01
SBA,12/9/2025 21:40,30.01
SBA,12/9/2025 21:45,30.01
SBA,12/9/2025 21:50,30.01
SBA,12/9/2025 21:55,30.01
SBA,12/9/2025 22:00,30.01
SBA,12/9/2025 22:05,30.01
SBA,12/9/2025 22:10,30.01
SBA,12/9/2025 22:15,30.01
SBA,12/9/2025 22:20,30.01
SBA,12/9/2025 22:25,30.01
SBA,12/9/2025 22:30,30.01
SBA,12/9/2025 22:35,30.01
SBA,12/9/2025 22:40,30.01
SBA,12/9/2025 22:45,30.02
SBA,12/9/2025 22:50,30.02
SBA,12/9/2025 22:55,30.02
SBA,12/9/2025 23:00,30.02
SBA,12/9/2025 23:05,30.02
SBA,12/9/2025 23:10,30.02
SBA,12/9/2025 23:15,30.02
SBA,12/9/2025 23:20,30.02
SBA,12/9/2025 23:25,30.02
SBA,12/9/2025 23:30,30.02
SBA,12/9/2025 23:35,30.02
SBA,12/9/2025 23:40,30.02
SBA,12/9/2025 23:45,30.02
SBA,12/9/2025 23:50,30.02
SBA,12/9/2025 23:55,30.02
SBA,12/10/2025 0:00,30.02
SBA,12/10/2025 0:05,30.02
SBA,12/10/2025 0:10,30.01
SBA,12/10/2025 0:15,30.01
SBA,12/10/2025 0:20,30.01
SBA,12/10/2025 0:25,30.01
SBA,12/10/2025 0:30,30.01
SBA,12/10/2025 0:35,30.01
SBA,12/10/2025 0:40,30.01
SBA,12/10/2025 0:45,30.01
SBA,12/10/2025 0:50,30.01
SBA,12/10/2025 0:55,30.01
SBA,12/10/2025 1:00,30
SBA,12/10/2025 1:05,30
SBA,12/10/2025 1:10,30
SBA,12/10/2025 1:15,30
SBA,12/10/2025 1:20,30
SBA,12/10/2025 1:25,30
SBA,12/10/2025 1:30,30
SBA,12/10/2025 1:35,30.01
SBA,12/10/2025 1:40,30.01
SBA,12/10/2025 1:45,30.01
SBA,12/10/2025 1:50,30.01
SBA,12/10/2025 1:55,30.01
SBA,12/10/2025 2:00,30.01
SBA,12/10/2025 2:05,30.01
SBA,12/10/2025 2:10,30.01
SBA,12/10/2025 2:15,30.01
SBA,12/10/2025 2:20,30.01
SBA,12/10/2025 2:25,30.01
SBA,12/10/2025 2:30,30.01
SBA,12/10/2025 2:35,30.01
SBA,12/10/2025 2:40,30.01
SBA,12/10/2025 2:45,30.01
SBA,12/10/2025 2:50,30.01
SBA,12/10/2025 2:55,30.01
SBA,12/10/2025 3:00,30.01
SBA,12/10/2025 3:05,30.01
SBA,12/10/2025 3:10,30.01
SBA,12/10/2025 3:15,30.01
SBA,12/10/2025 3:20,30.01
SBA,12/10/2025 3:25,30.01
SBA,12/10/2025 3:30,30.01
SBA,12/10/2025 3:35,30.01
SBA,12/10/2025 3:40,30.01
SBA,12/10/2025 3:45,30.01
SBA,12/10/2025 3:50,30
SBA,12/10/2025 3:55,30
SBA,12/10/2025 4:00,30
SBA,12/10/2025 4:05,30
SBA,12/10/2025 4:10,30
SBA,12/10/2025 4:15,30
SBA,12/10/2025 4:20,30
SBA,12/10/2025 4:25,30
SBA,12/10/2025 4:30,30
SBA,12/10/2025 4:35,30
SBA,12/10/2025 4:40,30
SBA,12/10/2025 4:45,30
SBA,12/10/2025 4:50,30
SBA,12/10/2025 4:55,30
SBA,12/10/2025 5:00,30
SBA,12/10/2025 5:05,30
SBA,12/10/2025 5:10,30
SBA,12/10/2025 5:15,30
SBA,12/10/2025 5:20,30
SBA,12/10/2025 5:25,30
SBA,12/10/2025 5:30,30.01
SBA,12/10/2025 5:35,30.01
SBA,12/10/2025 5:40,30.01
SBA,12/10/2025 5:45,30.01
SBA,12/10/2025 5:50,30.01
SBA,12/10/2025 5:55,30.02
SBA,12/10/2025 6:00,30.02
SBA,12/10/2025 6:05,30.02
SBA,12/10/2025 6:10,30.02
SBA,12/10/2025 6:15,30.02
SBA,12/10/2025 6:20,30.02
SBA,12/10/2025 6:25,30.02
SBA,12/10/2025 6:30,30.02
SBA,12/10/2025 6:35,30.02
SBA,12/10/2025 6:40,30.02
SBA,12/10/2025 6:45,30.02
SBA,12/10/2025 6:50,30.02
SBA,12/10/2025 6:55,30.02
SBA,12/10/2025 7:00,30.03
SBA,12/10/2025 7:05,30.03
SBA,12/10/2025 7:10,30.03
SBA,12/10/2025 7:15,30.03
SBA,12/10/2025 7:20,30.03
SBA,12/10/2025 7:25,30.03
SBA,12/10/2025 7:30,30.03
SBA,12/10/2025 7:35,30.03
SBA,12/10/2025 7:40,30.03
SBA,12/10/2025 7:45,30.03
SBA,12/10/2025 7:50,30.03
SBA,12/10/2025 7:55,30.03
SBA,12/10/2025 8:00,30.03
SBA,12/10/2025 8:05,30.03
SBA,12/10/2025 8:10,30.03
SBA,12/10/2025 8:15,30.03
SBA,12/10/2025 8:20,30.03
SBA,12/10/2025 8:25,30.03
SBA,12/10/2025 8:30,30.03
SBA,12/10/2025 8:35,30.03
SBA,12/10/2025 8:40,30.03
SBA,12/10/2025 8:45,30.04
SBA,12/10/2025 8:50,30.04
SBA,12/10/2025 8:55,30.04
SBA,12/10/2025 9:00,30.04
SBA,12/10/2025 9:05,30.04
SBA,12/10/2025 9:10,30.04
SBA,12/10/2025 9:15,30.04
SBA,12/10/2025 9:20,30.04
SBA,12/10/2025 9:25,30.04
SBA,12/10/2025 9:30,30.04
SBA,12/10/2025 9:35,30.04
SBA,12/10/2025 9:40,30.05
SBA,12/10/2025 9:45,30.05
SBA,12/10/2025 9:50,30.05
SBA,12/10/2025 9:55,30.05
SBA,12/10/2025 10:00,30.05
SBA,12/10/2025 10:05,30.05
SBA,12/10/2025 10:10,30.04
SBA,12/10/2025 10:15,30.04
SBA,12/10/2025 10:20,30.04
SBA,12/10/2025 10:25,30.04
SBA,12/10/2025 10:30,30.04
SBA,12/10/2025 10:35,30.04
SBA,12/10/2025 10:40,30.04
SBA,12/10/2025 10:45,30.04
SBA,12/10/2025 10:50,30.03
SBA,12/10/2025 11:00,30.03
SBA,12/10/2025 11:05,30.03
SBA,12/10/2025 11:10,30.03
SBA,12/10/2025 11:15,30.02
SBA,12/10/2025 11:20,30.02
SBA,12/10/2025 11:25,30.02
SBA,12/10/2025 11:30,30.02
SBA,12/10/2025 11:35,30.02
SBA,12/10/2025 11:40,30.01
SBA,12/10/2025 11:45,30.01
SBA,12/10/2025 11:50,30.01
SBA,12/10/2025 11:55,30
SBA,12/10/2025 12:00,30
SBA,12/10/2025 12:05,30
SBA,12/10/2025 12:10,30
SBA,12/10/2025 12:15,30
SBA,12/10/2025 12:20,29.99
SBA,12/10/2025 12:25,29.99
SBA,12/10/2025 12:30,29.99
SBA,12/10/2025 12:35,29.99
SBA,12/10/2025 12:40,29.99
SBA,12/10/2025 12:45,29.98
SBA,12/10/2025 12:50,29.98
SBA,12/10/2025 12:55,29.98
SBA,12/10/2025 13:00,29.98
SBA,12/10/2025 13:05,29.98
SBA,12/10/2025 13:10,29.98
SBA,12/10/2025 13:15,29.98
SBA,12/10/2025 13:20,29.98
SBA,12/10/2025 13:25,29.98
SBA,12/10/2025 13:30,29.98
SBA,12/10/2025 13:35,29.98
SBA,12/10/2025 13:40,29.98
SBA,12/10/2025 13:45,29.98
SBA,12/10/2025 13:50,29.98
SBA,12/10/2025 13:55,29.98
SBA,12/10/2025 14:00,29.97
SBA,12/10/2025 14:05,29.97
SBA,12/10/2025 14:10,29.97
SBA,12/10/2025 14:15,29.97
SBA,12/10/2025 14:20,29.97
SBA,12/10/2025 14:25,29.97
SBA,12/10/2025 14:30,29.97
SBA,12/10/2025 14:35,29.97
SBA,12/10/2025 14:40,29.97
SBA,12/10/2025 14:45,29.97
SBA,12/10/2025 14:50,29.97
SBA,12/10/2025 14:55,29.97
SBA,12/10/2025 15:00,29.97
SBA,12/10/2025 15:05,29.97
SBA,12/10/2025 15:10,29.98
SBA,12/10/2025 15:15,29.98
SBA,12/10/2025 15:20,29.98
SBA,12/10/2025 15:25,29.98
SBA,12/10/2025 15:30,29.97
SBA,12/10/2025 15:35,29.97
SBA,12/10/2025 15:40,29.98
SBA,12/10/2025 15:45,29.97
SBA,12/10/2025 15:50,29.97
SBA,12/10/2025 15:55,29.97
SBA,12/10/2025 16:00,29.98
SBA,12/10/2025 16:05,29.98
SBA,12/10/2025 16:10,29.98
SBA,12/10/2025 16:15,29.98
SBA,12/10/2025 16:20,29.98
SBA,12/10/2025 16:25,29.98
SBA,12/10/2025 16:30,29.98
SBA,12/10/2025 16:35,29.98
SBA,12/10/2025 16:40,29.98
SBA,12/10/2025 16:45,29.98
SBA,12/10/2025 16:50,29.98
SBA,12/10/2025 16:55,29.98
SBA,12/10/2025 17:00,29.98
SBA,12/10/2025 17:05,29.98
SBA,12/10/2025 17:10,29.98
SBA,12/10/2025 17:15,29.98
SBA,12/10/2025 17:20,29.98
SBA,12/10/2025 17:25,29.98
SBA,12/10/2025 17:30,29.99
SBA,12/10/2025 17:35,29.99
SBA,12/10/2025 17:40,29.99
SBA,12/10/2025 17:45,29.99
SBA,12/10/2025 17:50,29.99
SBA,12/10/2025 17:55,29.99
SBA,12/10/2025 18:00,29.99
SBA,12/10/2025 18:05,29.99
SBA,12/10/2025 18:10,29.99
SBA,12/10/2025 18:15,30
SBA,12/10/2025 18:20,30
SBA,12/10/2025 18:25,30
SBA,12/10/2025 18:30,30
SBA,12/10/2025 18:35,30
SBA,12/10/2025 18:40,30
SBA,12/10/2025 18:45,30
SBA,12/10/2025 18:50,30
SBA,12/10/2025 18:55,30
SBA,12/10/2025 19:00,30
SBA,12/10/2025 19:05,30
SBA,12/10/2025 19:10,30
SBA,12/10/2025 19:15,30
SBA,12/10/2025 19:20,30
SBA,12/10/2025 19:25,30
SBA,12/10/2025 19:30,30.01
SBA,12/10/2025 19:35,30.01
SBA,12/10/2025 19:40,30.01
SBA,12/10/2025 19:45,30.01
SBA,12/10/2025 19:50,30.01
SBA,12/10/2025 19:55,30.01
SBA,12/10/2025 20:00,30.01
SBA,12/10/2025 20:05,30.01
SBA,12/10/2025 20:10,30.01
SBA,12/10/2025 20:15,30.01
SBA,12/10/2025 20:20,30.01
SBA,12/10/2025 20:25,30.01
SBA,12/10/2025 20:30,30.01
SBA,12/10/2025 20:35,30.02
SBA,12/10/2025 20:40,30.02
SBA,12/10/2025 20:45,30.02
SBA,12/10/2025 20:50,30.01
SBA,12/10/2025 20:55,30.02
SBA,12/10/2025 21:00,30.01
SBA,12/10/2025 21:05,30.01
SBA,12/10/2025 21:10,30.01
SBA,12/10/2025 21:15,30.01
SBA,12/10/2025 21:20,30.01
SBA,12/10/2025 21:25,30.01
SBA,12/10/2025 21:30,30.01
SBA,12/10/2025 21:35,30.01
SBA,12/10/2025 21:40,30.02
SBA,12/10/2025 21:45,30.02
SBA,12/10/2025 21:50,30.02
SBA,12/10/2025 21:55,30.02
SBA,12/10/2025 22:00,30.02
SBA,12/10/2025 22:05,30.02
SBA,12/10/2025 22:10,30.02
SBA,12/10/2025 22:15,30.02
SBA,12/10/2025 22:20,30.02
SBA,12/10/2025 22:25,30.02
SBA,12/10/2025 22:30,30.02
SBA,12/10/2025 22:35,30.02
SBA,12/10/2025 22:40,30.02
SBA,12/10/2025 22:45,30.02
SBA,12/10/2025 22:50,30.02
SBA,12/10/2025 22:55,30.02
SBA,12/10/2025 23:00,30.01
SBA,12/10/2025 23:05,30.01
SBA,12/10/2025 23:10,30.01
SBA,12/10/2025 23:15,30.01
SBA,12/10/2025 23:20,30.01
SBA,12/10/2025 23:25,30
SBA,12/10/2025 23:30,30
SBA,12/10/2025 23:35,30
SBA,12/10/2025 23:40,30
SBA,12/10/2025 23:45,30
SBA,12/10/2025 23:50,30
SBA,12/10/2025 23:55,30
SBA,12/11/2025 0:00,30
SBA,12/11/2025 0:05,30
SBA,12/11/2025 0:10,30
SBA,12/11/2025 0:15,30
SBA,12/11/2025 0:20,30
SBA,12/11/2025 0:25,30
SBA,12/11/2025 0:30,30
SBA,12/11/2025 0:35,30
SBA,12/11/2025 0:40,30
SBA,12/11/2025 0:45,30
SBA,12/11/2025 0:50,30
SBA,12/11/2025 0:55,30
SBA,12/11/2025 1:00,29.99
SBA,12/11/2025 1:05,29.99
SBA,12/11/2025 1:10,29.99
SBA,12/11/2025 1:15,29.99
SBA,12/11/2025 1:20,29.99
SBA,12/11/2025 1:25,29.99
SBA,12/11/2025 1:30,29.99
SBA,12/11/2025 1:35,29.99
SBA,12/11/2025 1:40,29.99
SBA,12/11/2025 1:45,29.99
SBA,12/11/2025 1:50,29.99
SBA,12/11/2025 1:55,29.99
SBA,12/11/2025 2:00,29.99
SBA,12/11/2025 2:05,29.99
SBA,12/11/2025 2:10,29.99
SBA,12/11/2025 2:15,29.99
SBA,12/11/2025 2:20,29.99
SBA,12/11/2025 2:25,29.99
SBA,12/11/2025 2:30,29.99
SBA,12/11/2025 2:35,29.99
SBA,12/11/2025 2:40,29.99
SBA,12/11/2025 2:45,29.99
SBA,12/11/2025 2:50,29.99
SBA,12/11/2025 2:55,29.99
SBA,12/11/2025 3:00,29.99
SBA,12/11/2025 3:05,29.99
SBA,12/11/2025 3:10,29.99
SBA,12/11/2025 3:15,29.99
SBA,12/11/2025 3:20,29.99
SBA,12/11/2025 3:25,29.99
SBA,12/11/2025 3:30,29.99
SBA,12/11/2025 3:35,29.99
SBA,12/11/2025 3:40,29.99
SBA,12/11/2025 3:45,29.99
SBA,12/11/2025 3:50,29.99
SBA,12/11/2025 3:55,29.99
SBA,12/11/2025 4:00,29.99
SBA,12/11/2025 4:05,29.99
SBA,12/11/2025 4:10,29.99
SBA,12/11/2025 4:15,29.99
SBA,12/11/2025 4:20,29.99
SBA,12/11/2025 4:25,29.99
SBA,12/11/2025 4:30,29.99
SBA,12/11/2025 4:35,29.99
SBA,12/11/2025 4:40,29.99
SBA,12/11/2025 4:45,29.99
SBA,12/11/2025 4:50,29.99
SBA,12/11/2025 4:55,29.99
SBA,12/11/2025 5:00,30
SBA,12/11/2025 5:05,30
SBA,12/11/2025 5:10,30
SBA,12/11/2025 5:15,29.99
SBA,12/11/2025 5:20,30
SBA,12/11/2025 5:25,30
SBA,12/11/2025 5:30,30
SBA,12/11/2025 5:35,30
SBA,12/11/2025 5:40,30
SBA,12/11/2025 5:45,30
SBA,12/11/2025 5:50,30
SBA,12/11/2025 5:55,30
SBA,12/11/2025 6:00,30
SBA,12/11/2025 6:05,30.01
SBA,12/11/2025 6:10,30.01
SBA,12/11/2025 6:15,30.01
SBA,12/11/2025 6:20,30.01
SBA,12/11/2025 6:25,30.01
SBA,12/11/2025 6:30,30.01
SBA,12/11/2025 6:35,30.01
SBA,12/11/2025 6:40,30.01
SBA,12/11/2025 6:45,30.01
SBA,12/11/2025 6:50,30.01
SBA,12/11/2025 6:55,30.01
SBA,12/11/2025 7:00,30.01
SBA,12/11/2025 7:05,30.01
SBA,12/11/2025 7:10,30.02
SBA,12/11/2025 7:15,30.02
SBA,12/11/2025 7:20,30.02
SBA,12/11/2025 7:25,30.02
SBA,12/11/2025 7:30,30.02
SBA,12/11/2025 7:35,30.02
SBA,12/11/2025 7:40,30.02
SBA,12/11/2025 7:45,30.02
SBA,12/11/2025 7:50,30.02
SBA,12/11/2025 7:55,30.02
SBA,12/11/2025 8:00,30.02
SBA,12/11/2025 8:05,30.02
SBA,12/11/2025 8:10,30.02
SBA,12/11/2025 8:15,30.02
SBA,12/11/2025 8:20,30.02
SBA,12/11/2025 8:25,30.02
SBA,12/11/2025 8:30,30.02
SBA,12/11/2025 8:35,30.03
SBA,12/11/2025 8:40,30.03
SBA,12/11/2025 8:45,30.03
SBA,12/11/2025 8:50,30.03
SBA,12/11/2025 8:55,30.03
SBA,12/11/2025 9:00,30.03
SBA,12/11/2025 9:05,30.03
SBA,12/11/2025 9:10,30.03
SBA,12/11/2025 9:15,30.03
SBA,12/11/2025 9:20,30.03
SBA,12/11/2025 9:25,30.03
SBA,12/11/2025 9:30,30.03
SBA,12/11/2025 9:35,30.03
SBA,12/11/2025 9:40,30.03
SBA,12/11/2025 9:45,30.03
SBA,12/11/2025 9:50,30.03
SBA,12/11/2025 9:55,30.03
SBA,12/11/2025 10:00,30.03
SBA,12/11/2025 10:05,30.03
SBA,12/11/2025 10:10,30.03
SBA,12/11/2025 10:15,30.03
SBA,12/11/2025 10:20,30.03
SBA,12/11/2025 10:25,30.03
SBA,12/11/2025 10:30,30.03
SBA,12/11/2025 10:35,30.03
SBA,12/11/2025 10:40,30.03
SBA,12/11/2025 10:45,30.02
SBA,12/11/2025 10:50,30.02
SBA,12/11/2025 10:55,30.02
SBA,12/11/2025 11:00,30.02
SBA,12/11/2025 11:05,30.01
SBA,12/11/2025 11:10,30.01
SBA,12/11/2025 11:15,30.01
SBA,12/11/2025 11:20,30
SBA,12/11/2025 11:25,30
SBA,12/11/2025 11:30,30
SBA,12/11/2025 11:35,30
SBA,12/11/2025 11:40,29.99
SBA,12/11/2025 11:45,29.99
SBA,12/11/2025 11:50,29.99
SBA,12/11/2025 11:55,29.99
SBA,12/11/2025 12:00,29.99
SBA,12/11/2025 12:05,29.99
SBA,12/11/2025 12:10,29.98
SBA,12/11/2025 12:15,29.98
SBA,12/11/2025 12:20,29.98
SBA,12/11/2025 12:25,29.98
SBA,12/11/2025 12:30,29.97
SBA,12/11/2025 12:35,29.97
SBA,12/11/2025 12:40,29.97
SBA,12/11/2025 12:45,29.97
SBA,12/11/2025 12:50,29.97
SBA,12/11/2025 12:55,29.96
SBA,12/11/2025 13:00,29.96
SBA,12/11/2025 13:05,29.96
SBA,12/11/2025 13:10,29.96
SBA,12/11/2025 13:15,29.96
SBA,12/11/2025 13:20,29.96
SBA,12/11/2025 13:25,29.96
SBA,12/11/2025 13:30,29.96
SBA,12/11/2025 13:35,29.96
SBA,12/11/2025 13:40,29.96
SBA,12/11/2025 13:45,29.96
SBA,12/11/2025 13:50,29.95
SBA,12/11/2025 13:55,29.95
SBA,12/11/2025 14:00,29.95
SBA,12/11/2025 14:05,29.95
SBA,12/11/2025 14:10,29.95
SBA,12/11/2025 14:15,29.95
SBA,12/11/2025 14:20,29.95
SBA,12/11/2025 14:25,29.95
SBA,12/11/2025 14:30,29.95
SBA,12/11/2025 14:35,29.95
SBA,12/11/2025 14:40,29.95
SBA,12/11/2025 14:45,29.95
SBA,12/11/2025 14:50,29.95
SBA,12/11/2025 14:55,29.95
SBA,12/11/2025 15:00,29.94
SBA,12/11/2025 15:05,29.94
SBA,12/11/2025 15:10,29.94
SBA,12/11/2025 15:15,29.94
SBA,12/11/2025 15:20,29.94
SBA,12/11/2025 15:25,29.95
SBA,12/11/2025 15:30,29.95
SBA,12/11/2025 15:35,29.94
SBA,12/11/2025 15:40,29.95
SBA,12/11/2025 15:45,29.95
SBA,12/11/2025 15:50,29.94
SBA,12/11/2025 15:55,29.95
SBA,12/11/2025 16:00,29.95
SBA,12/11/2025 16:05,29.95
SBA,12/11/2025 16:10,29.95
SBA,12/11/2025 16:15,29.95
SBA,12/11/2025 16:20,29.95
SBA,12/11/2025 16:25,29.95
SBA,12/11/2025 16:30,29.95
SBA,12/11/2025 16:35,29.95
SBA,12/11/2025 16:40,29.95
SBA,12/11/2025 16:45,29.95
SBA,12/11/2025 16:50,29.95
SBA,12/11/2025 16:55,29.95
SBA,12/11/2025 17:00,29.95
SBA,12/11/2025 17:05,29.95
SBA,12/11/2025 17:10,29.95
SBA,12/11/2025 17:15,29.95
SBA,12/11/2025 17:20,29.95
SBA,12/11/2025 17:25,29.95
SBA,12/11/2025 17:30,29.95
SBA,12/11/2025 17:35,29.95
SBA,12/11/2025 17:40,29.95
SBA,12/11/2025 17:45,29.95
SBA,12/11/2025 17:50,29.95
SBA,12/11/2025 17:55,29.96
SBA,12/11/2025 18:00,29.96
SBA,12/11/2025 18:05,29.96
SBA,12/11/2025 18:10,29.96
SBA,12/11/2025 18:15,29.96
SBA,12/11/2025 18:20,29.96
SBA,12/11/2025 18:25,29.96
SBA,12/11/2025 18:30,29.96
SBA,12/11/2025 18:35,29.96
SBA,12/11/2025 18:40,29.96
SBA,12/11/2025 18:45,29.97
SBA,12/11/2025 18:50,29.97
SBA,12/11/2025 18:55,29.97
SBA,12/11/2025 19:00,29.97
SBA,12/11/2025 19:05,29.97
SBA,12/11/2025 19:10,29.97
SBA,12/11/2025 19:15,29.97
SBA,12/11/2025 19:20,29.97
SBA,12/11/2025 19:25,29.97
SBA,12/11/2025 19:30,29.97
SBA,12/11/2025 19:35,29.97
SBA,12/11/2025 19:40,29.98
SBA,12/11/2025 19:45,29.98
SBA,12/11/2025 19:50,29.98
SBA,12/11/2025 19:55,29.98
SBA,12/11/2025 20:00,29.99
SBA,12/11/2025 20:05,29.99
SBA,12/11/2025 20:10,29.99
SBA,12/11/2025 20:15,29.99
SBA,12/11/2025 20:20,29.99
SBA,12/11/2025 20:25,29.99
SBA,12/11/2025 20:30,29.99
SBA,12/11/2025 20:35,29.99
SBA,12/11/2025 20:40,29.99
SBA,12/11/2025 20:45,29.99
SBA,12/11/2025 20:50,29.99
SBA,12/11/2025 20:55,29.99
SBA,12/11/2025 21:00,29.99
SBA,12/11/2025 21:05,29.99
SBA,12/11/2025 21:10,29.99
SBA,12/11/2025 21:15,29.99
SBA,12/11/2025 21:20,29.99
SBA,12/11/2025 21:25,29.99
SBA,12/11/2025 21:30,29.99
SBA,12/11/2025 21:35,29.99
SBA,12/11/2025 21:40,29.99
SBA,12/11/2025 21:45,29.99
SBA,12/11/2025 21:50,29.99
SBA,12/11/2025 21:55,29.99
SBA,12/11/2025 22:00,29.99
SBA,12/11/2025 22:05,29.99
SBA,12/11/2025 22:10,29.99
SBA,12/11/2025 22:15,29.99
SBA,12/11/2025 22:20,29.99
SBA,12/11/2025 22:25,29.99
SBA,12/11/2025 22:30,29.99
SBA,12/11/2025 22:35,29.99
SBA,12/11/2025 22:40,29.99
SBA,12/11/2025 22:45,29.99
SBA,12/11/2025 22:50,29.99
SBA,12/11/2025 22:55,29.99
SBA,12/11/2025 23:00,29.99
SBA,12/11/2025 23:05,29.99
SBA,12/11/2025 23:10,29.99
SBA,12/11/2025 23:15,29.99
SBA,12/11/2025 23:20,29.99
SBA,12/11/2025 23:25,29.99
SBA,12/11/2025 23:30,29.99
SBA,12/11/2025 23:35,29.99
SBA,12/11/2025 23:40,29.98
SBA,12/11/2025 23:45,29.98
SBA,12/11/2025 23:50,29.98
SBA,12/11/2025 23:55,29.98
SBA,12/12/2025 0:00,29.98
SBA,12/12/2025 0:05,29.98
SBA,12/12/2025 0:10,29.99
SBA,12/12/2025 0:15,29.99
SBA,12/12/2025 0:20,29.99
SBA,12/12/2025 0:25,29.99
SBA,12/12/2025 0:30,29.99
SBA,12/12/2025 0:35,29.99
SBA,12/12/2025 0:40,29.99
SBA,12/12/2025 0:45,29.99
SBA,12/12/2025 0:50,29.99
SBA,12/12/2025 0:55,29.99
SBA,12/12/2025 1:00,29.98
SBA,12/12/2025 1:05,29.98
SBA,12/12/2025 1:10,29.98
SBA,12/12/2025 1:15,29.98
SBA,12/12/2025 1:20,29.98
SBA,12/12/2025 1:25,29.98
SBA,12/12/2025 1:30,29.98
SBA,12/12/2025 1:35,29.98
SBA,12/12/2025 1:40,29.98
SBA,12/12/2025 1:45,29.98
SBA,12/12/2025 1:50,29.99
SBA,12/12/2025 1:55,29.99
SBA,12/12/2025 2:00,29.99
SBA,12/12/2025 2:05,29.99
SBA,12/12/2025 2:10,29.99
SBA,12/12/2025 2:15,29.99
SBA,12/12/2025 2:20,29.99
SBA,12/12/2025 2:25,29.99
SBA,12/12/2025 2:30,30
SBA,12/12/2025 2:35,29.99
SBA,12/12/2025 2:40,29.99
SBA,12/12/2025 2:45,30
SBA,12/12/2025 2:50,30
SBA,12/12/2025 2:55,30
SBA,12/12/2025 3:00,30
SBA,12/12/2025 3:05,29.99
SBA,12/12/2025 3:10,30
SBA,12/12/2025 3:15,30
SBA,12/12/2025 3:20,30
SBA,12/12/2025 3:25,30
SBA,12/12/2025 3:30,30
SBA,12/12/2025 3:35,30
SBA,12/12/2025 3:40,30
SBA,12/12/2025 3:45,30
SBA,12/12/2025 3:50,30
SBA,12/12/2025 3:55,30
SBA,12/12/2025 4:00,30
SBA,12/12/2025 4:05,29.99
SBA,12/12/2025 4:10,29.99
SBA,12/12/2025 4:15,29.99
SBA,12/12/2025 4:20,29.99
SBA,12/12/2025 4:25,29.99
SBA,12/12/2025 4:30,29.99
SBA,12/12/2025 4:35,29.99
SBA,12/12/2025 4:40,29.99
SBA,12/12/2025 4:45,29.99
SBA,12/12/2025 4:50,29.99
SBA,12/12/2025 4:55,29.99
SBA,12/12/2025 5:00,29.99
SBA,12/12/2025 5:05,29.99
SBA,12/12/2025 5:10,29.99
SBA,12/12/2025 5:15,29.99
SBA,12/12/2025 5:20,29.99
SBA,12/12/2025 5:25,29.99
SBA,12/12/2025 5:30,30
SBA,12/12/2025 5:35,30
SBA,12/12/2025 5:40,30
SBA,12/12/2025 5:45,30
SBA,12/12/2025 5:50,30
SBA,12/12/2025 5:55,30
SBA,12/12/2025 6:00,30
SBA,12/12/2025 6:05,30
SBA,12/12/2025 6:10,30.01
SBA,12/12/2025 6:15,30.01
SBA,12/12/2025 6:20,30.01
SBA,12/12/2025 6:25,30.01
SBA,12/12/2025 6:30,30.01
SBA,12/12/2025 6:35,30.01
SBA,12/12/2025 6:40,30.01
SBA,12/12/2025 6:45,30.01
SBA,12/12/2025 6:50,30.01
SBA,12/12/2025 6:55,30.01
SBA,12/12/2025 7:00,30.01
SBA,12/12/2025 7:05,30.01
SBA,12/12/2025 7:10,30.01
SBA,12/12/2025 7:15,30.01
SBA,12/12/2025 7:20,30.01
SBA,12/12/2025 7:25,30.02
SBA,12/12/2025 7:30,30.02
SBA,12/12/2025 7:35,30.02
SBA,12/12/2025 7:40,30.02
SBA,12/12/2025 7:45,30.02
SBA,12/12/2025 7:50,30.02
SBA,12/12/2025 7:55,30.02
SBA,12/12/2025 8:00,30.02
SBA,12/12/2025 8:05,30.02
SBA,12/12/2025 8:10,30.03
SBA,12/12/2025 8:15,30.03
SBA,12/12/2025 8:20,30.03
SBA,12/12/2025 8:25,30.03
SBA,12/12/2025 8:30,30.03
SBA,12/12/2025 8:35,30.03
SBA,12/12/2025 8:40,30.03
SBA,12/12/2025 8:45,30.04
SBA,12/12/2025 8:50,30.04
SBA,12/12/2025 8:55,30.04
SBA,12/12/2025 9:00,30.04
SBA,12/12/2025 9:05,30.04
SBA,12/12/2025 9:10,30.04
SBA,12/12/2025 9:15,30.04
SBA,12/12/2025 9:20,30.05
SBA,12/12/2025 9:25,30.05
SBA,12/12/2025 9:30,30.05
SBA,12/12/2025 9:35,30.05
SBA,12/12/2025 9:40,30.05
SBA,12/12/2025 9:45,30.05
SBA,12/12/2025 9:50,30.05
SBA,12/12/2025 9:55,30.05
SBA,12/12/2025 10:00,30.05
SBA,12/12/2025 10:05,30.05
SBA,12/12/2025 10:10,30.05
SBA,12/12/2025 10:15,30.05
SBA,12/12/2025 10:20,30.04
SBA,12/12/2025 10:25,30.04
SBA,12/12/2025 10:30,30.04
SBA,12/12/2025 10:35,30.04
SBA,12/12/2025 10:40,30.04
SBA,12/12/2025 10:45,30.04
SBA,12/12/2025 10:50,30.04
SBA,12/12/2025 10:55,30.03
SBA,12/12/2025 11:00,30.03
SBA,12/12/2025 11:05,30.03
SBA,12/12/2025 11:10,30.03
SBA,12/12/2025 11:15,30.03
SBA,12/12/2025 11:20,30.02
SBA,12/12/2025 11:25,30.02
SBA,12/12/2025 11:30,30.02
SBA,12/12/2025 11:35,30.02
SBA,12/12/2025 11:40,30.01
SBA,12/12/2025 11:45,30.01
SBA,12/12/2025 11:50,30.01
SBA,12/12/2025 11:55,30.01
SBA,12/12/2025 12:00,30.01
SBA,12/12/2025 12:05,30.01
SBA,12/12/2025 12:10,30.01
SBA,12/12/2025 12:15,30
SBA,12/12/2025 12:20,30
SBA,12/12/2025 12:25,30
SBA,12/12/2025 12:30,30
SBA,12/12/2025 12:35,30
SBA,12/12/2025 12:40,30
SBA,12/12/2025 12:45,30
SBA,12/12/2025 12:50,29.99
SBA,12/12/2025 12:55,29.99
SBA,12/12/2025 13:00,29.99
SBA,12/12/2025 13:05,29.99
SBA,12/12/2025 13:10,29.99
SBA,12/12/2025 13:15,29.98
SBA,12/12/2025 13:20,29.98
SBA,12/12/2025 13:25,29.98
SBA,12/12/2025 13:30,29.98
SBA,12/12/2025 13:35,29.97
SBA,12/12/2025 13:40,29.97
SBA,12/12/2025 13:45,29.97
SBA,12/12/2025 13:50,29.97
SBA,12/12/2025 13:55,29.97
SBA,12/12/2025 14:00,29.97
SBA,12/12/2025 14:05,29.97
SBA,12/12/2025 14:10,29.97
SBA,12/12/2025 14:15,29.97
SBA,12/12/2025 14:20,29.97
SBA,12/12/2025 14:25,29.97
SBA,12/12/2025 14:30,29.96
SBA,12/12/2025 14:35,29.96
SBA,12/12/2025 14:40,29.96
SBA,12/12/2025 14:45,29.97
SBA,12/12/2025 14:50,29.97
SBA,12/12/2025 14:55,29.97
SBA,12/12/2025 15:00,29.97
SBA,12/12/2025 15:05,29.97
SBA,12/12/2025 15:10,29.97
SBA,12/12/2025 15:15,29.98
SBA,12/12/2025 15:20,29.98
SBA,12/12/2025 15:25,29.98
SBA,12/12/2025 15:30,29.98
SBA,12/12/2025 15:35,29.98
SBA,12/12/2025 15:40,29.98
SBA,12/12/2025 15:45,29.98
SBA,12/12/2025 15:50,29.98
SBA,12/12/2025 15:55,29.98
SBA,12/12/2025 16:00,29.98
SBA,12/12/2025 16:05,29.98
SBA,12/12/2025 16:10,29.98
SBA,12/12/2025 16:15,29.98
SBA,12/12/2025 16:20,29.98
SBA,12/12/2025 16:25,29.98
SBA,12/12/2025 16:30,29.98
SBA,12/12/2025 16:35,29.98
SBA,12/12/2025 16:40,29.98
SBA,12/12/2025 16:45,29.98
SBA,12/12/2025 16:50,29.98
SBA,12/12/2025 16:55,29.98
SBA,12/12/2025 17:00,29.98
SBA,12/12/2025 17:05,29.98
SBA,12/12/2025 17:10,29.98
SBA,12/12/2025 17:15,29.98
SBA,12/12/2025 17:20,29.98
SBA,12/12/2025 17:25,29.98
SBA,12/12/2025 17:30,29.98
SBA,12/12/2025 17:35,29.98
SBA,12/12/2025 17:40,29.99
SBA,12/12/2025 17:45,29.99
SBA,12/12/2025 17:50,29.99
SBA,12/12/2025 17:55,29.99
SBA,12/12/2025 18:00,29.99
SBA,12/12/2025 18:05,29.99
SBA,12/12/2025 18:10,29.99
SBA,12/12/2025 18:15,30
SBA,12/12/2025 18:20,30
SBA,12/12/2025 18:25,30
SBA,12/12/2025 18:30,30
SBA,12/12/2025 18:35,30
SBA,12/12/2025 18:40,30
SBA,12/12/2025 18:45,30
SBA,12/12/2025 18:50,30
SBA,12/12/2025 18:55,30
SBA,12/12/2025 19:00,30
SBA,12/12/2025 19:05,30
SBA,12/12/2025 19:10,30
SBA,12/12/2025 19:15,30.01
SBA,12/12/2025 19:20,30.01
SBA,12/12/2025 19:25,30.01
SBA,12/12/2025 19:30,30.01
SBA,12/12/2025 19:35,30.01
SBA,12/12/2025 19:40,30.01
SBA,12/12/2025 19:45,30.01
SBA,12/12/2025 19:50,30.01
SBA,12/12/2025 19:55,30.01
SBA,12/12/2025 20:00,30.01
SBA,12/12/2025 20:05,30.01
SBA,12/12/2025 20:10,30.01
SBA,12/12/2025 20:15,30.01
SBA,12/12/2025 20:20,30.01
SBA,12/12/2025 20:25,30.01
SBA,12/12/2025 20:30,30.01
SBA,12/12/2025 20:35,30.01
SBA,12/12/2025 20:40,30.01
SBA,12/12/2025 20:45,30.01
SBA,12/12/2025 20:50,30.02
SBA,12/12/2025 20:55,30.02
SBA,12/12/2025 21:00,30.02
SBA,12/12/2025 21:05,30.02
SBA,12/12/2025 21:10,30.02
SBA,12/12/2025 21:15,30.02
SBA,12/12/2025 21:20,30.03
SBA,12/12/2025 21:25,30.03
SBA,12/12/2025 21:30,30.03
SBA,12/12/2025 21:35,30.03
SBA,12/12/2025 21:40,30.03
SBA,12/12/2025 21:45,30.03
SBA,12/12/2025 21:50,30.03
SBA,12/12/2025 21:55,30.03
SBA,12/12/2025 22:00,30.03
SBA,12/12/2025 22:05,30.03
SBA,12/12/2025 22:10,30.03
SBA,12/12/2025 22:15,30.03
SBA,12/12/2025 22:20,30.03
SBA,12/12/2025 22:25,30.04
SBA,12/12/2025 22:30,30.04
SBA,12/12/2025 22:35,30.04
SBA,12/12/2025 22:40,30.04
SBA,12/12/2025 22:45,30.04
SBA,12/12/2025 22:50,30.04
SBA,12/12/2025 22:55,30.04
SBA,12/12/2025 23:00,30.04
SBA,12/12/2025 23:05,30.04
SBA,12/12/2025 23:10,30.04
SBA,12/12/2025 23:15,30.04
SBA,12/12/2025 23:20,30.04
SBA,12/12/2025 23:25,30.04
SBA,12/12/2025 23:30,30.03
SBA,12/12/2025 23:35,30.03
SBA,12/12/2025 23:40,30.03
SBA,12/12/2025 23:45,30.03
SBA,12/12/2025 23:50,30.03
SBA,12/12/2025 23:55,30.03
SBA,12/13/2025 0:00,30.03
SBA,12/13/2025 0:05,30.03
SBA,12/13/2025 0:10,30.03
SBA,12/13/2025 0:15,30.02
SBA,12/13/2025 0:20,30.02
SBA,12/13/2025 0:25,30.02
SBA,12/13/2025 0:30,30.02
SBA,12/13/2025 0:35,30.02
SBA,12/13/2025 0:40,30.02
SBA,12/13/2025 0:45,30.02
SBA,12/13/2025 0:50,30.02
SBA,12/13/2025 0:55,30.02
SBA,12/13/2025 1:00,30.02
SBA,12/13/2025 1:05,30.02
SBA,12/13/2025 1:10,30.02
SBA,12/13/2025 1:15,30.02
SBA,12/13/2025 1:20,30.03
SBA,12/13/2025 1:25,30.03
SBA,12/13/2025 1:30,30.03
SBA,12/13/2025 1:35,30.03
SBA,12/13/2025 1:40,30.03
SBA,12/13/2025 1:45,30.03
SBA,12/13/2025 1:50,30.03
SBA,12/13/2025 1:55,30.03
SBA,12/13/2025 2:00,30.03
SBA,12/13/2025 2:05,30.03
SBA,12/13/2025 2:10,30.03
SBA,12/13/2025 2:15,30.03
SBA,12/13/2025 2:20,30.03
SBA,12/13/2025 2:25,30.03
SBA,12/13/2025 2:30,30.03
SBA,12/13/2025 2:35,30.03
SBA,12/13/2025 2:40,30.03
SBA,12/13/2025 2:45,30.03
SBA,12/13/2025 2:50,30.03
SBA,12/13/2025 2:55,30.03
SBA,12/13/2025 3:00,30.03
SBA,12/13/2025 3:05,30.03
SBA,12/13/2025 3:10,30.03
SBA,12/13/2025 3:15,30.03
SBA,12/13/2025 3:20,30.03
SBA,12/13/2025 3:25,30.03
SBA,12/13/2025 3:30,30.03
SBA,12/13/2025 3:35,30.03
SBA,12/13/2025 3:40,30.03
SBA,12/13/2025 3:45,30.03
SBA,12/13/2025 3:50,30.03
SBA,12/13/2025 3:55,30.03
SBA,12/13/2025 4:00,30.03
SBA,12/13/2025 4:05,30.02
SBA,12/13/2025 4:10,30.02
SBA,12/13/2025 4:15,30.02
SBA,12/13/2025 4:20,30.02
SBA,12/13/2025 4:25,30.02
SBA,12/13/2025 4:30,30.02
SBA,12/13/2025 4:35,30.02
SBA,12/13/2025 4:40,30.02
SBA,12/13/2025 4:45,30.02
SBA,12/13/2025 4:50,30.02
SBA,12/13/2025 4:55,30.03
SBA,12/13/2025 5:00,30.03
SBA,12/13/2025 5:05,30.03
SBA,12/13/2025 5:10,30.03
SBA,12/13/2025 5:15,30.03
SBA,12/13/2025 5:20,30.03
SBA,12/13/2025 5:25,30.03
SBA,12/13/2025 5:30,30.03
SBA,12/13/2025 5:35,30.03
SBA,12/13/2025 5:40,30.03
SBA,12/13/2025 5:45,30.03
SBA,12/13/2025 5:50,30.03
SBA,12/13/2025 5:55,30.04
SBA,12/13/2025 6:00,30.04
SBA,12/13/2025 6:05,30.04
SBA,12/13/2025 6:10,30.04
SBA,12/13/2025 6:15,30.04
SBA,12/13/2025 6:20,30.04
SBA,12/13/2025 6:25,30.04
SBA,12/13/2025 6:30,30.04
SBA,12/13/2025 6:35,30.04
SBA,12/13/2025 6:40,30.04
SBA,12/13/2025 6:45,30.04
SBA,12/13/2025 6:50,30.04
SBA,12/13/2025 6:55,30.04
SBA,12/13/2025 7:00,30.04
SBA,12/13/2025 7:05,30.04
SBA,12/13/2025 7:10,30.04
SBA,12/13/2025 7:15,30.04
SBA,12/13/2025 7:20,30.05
SBA,12/13/2025 7:25,30.05
SBA,12/13/2025 7:30,30.04
SBA,12/13/2025 7:35,30.05
SBA,12/13/2025 7:40,30.05
SBA,12/13/2025 7:45,30.05
SBA,12/13/2025 7:50,30.05
SBA,12/13/2025 7:55,30.05
SBA,12/13/2025 8:00,30.05
SBA,12/13/2025 8:05,30.05
SBA,12/13/2025 8:10,30.05
SBA,12/13/2025 8:15,30.05
SBA,12/13/2025 8:20,30.05
SBA,12/13/2025 8:25,30.05
SBA,12/13/2025 8:30,30.05
SBA,12/13/2025 8:35,30.06
SBA,12/13/2025 8:40,30.06
SBA,12/13/2025 8:45,30.06
SBA,12/13/2025 8:50,30.07
SBA,12/13/2025 8:55,30.07
SBA,12/13/2025 9:00,30.07
SBA,12/13/2025 9:05,30.07
SBA,12/13/2025 9:10,30.07
SBA,12/13/2025 9:15,30.06
SBA,12/13/2025 9:20,30.07
SBA,12/13/2025 9:25,30.07
SBA,12/13/2025 9:30,30.07
SBA,12/13/2025 9:35,30.07
SBA,12/13/2025 9:40,30.07
SBA,12/13/2025 9:45,30.07
SBA,12/13/2025 9:50,30.07
SBA,12/13/2025 9:55,30.07
SBA,12/13/2025 10:00,30.07
SBA,12/13/2025 10:05,30.07
SBA,12/13/2025 10:10,30.07
SBA,12/13/2025 10:15,30.07
SBA,12/13/2025 10:20,30.07
SBA,12/13/2025 10:25,30.06
SBA,12/13/2025 10:30,30.06
SBA,12/13/2025 10:35,30.06
SBA,12/13/2025 10:40,30.06
SBA,12/13/2025 10:45,30.06
SBA,12/13/2025 10:50,30.06
SBA,12/13/2025 10:55,30.05
SBA,12/13/2025 11:00,30.05
SBA,12/13/2025 11:05,30.05
SBA,12/13/2025 11:10,30.05
SBA,12/13/2025 11:15,30.05
SBA,12/13/2025 11:20,30.05
SBA,12/13/2025 11:25,30.05
SBA,12/13/2025 11:30,30.04
SBA,12/13/2025 11:35,30.04
SBA,12/13/2025 11:40,30.04
SBA,12/13/2025 11:45,30.04
SBA,12/13/2025 11:50,30.04
SBA,12/13/2025 11:55,30.03
SBA,12/13/2025 12:00,30.03
SBA,12/13/2025 12:05,30.03
SBA,12/13/2025 12:10,30.03
SBA,12/13/2025 12:15,30.03
SBA,12/13/2025 12:20,30.02
SBA,12/13/2025 12:25,30.02
SBA,12/13/2025 12:30,30.02
SBA,12/13/2025 12:35,30.02
SBA,12/13/2025 12:40,30.02
SBA,12/13/2025 12:45,30.01
SBA,12/13/2025 12:50,30.01
SBA,12/13/2025 12:55,30.01
SBA,12/13/2025 13:00,30.01
SBA,12/13/2025 13:05,30.01
SBA,12/13/2025 13:10,30.01
SBA,12/13/2025 13:15,30.01
SBA,12/13/2025 13:20,30.01
SBA,12/13/2025 13:25,30.01
SBA,12/13/2025 13:30,30.01
SBA,12/13/2025 13:35,30.01
SBA,12/13/2025 13:40,30.01
SBA,12/13/2025 13:45,30
SBA,12/13/2025 13:50,30
SBA,12/13/2025 13:55,30
SBA,12/13/2025 14:00,30
SBA,12/13/2025 14:05,30
SBA,12/13/2025 14:10,30
SBA,12/13/2025 14:15,30.01
SBA,12/13/2025 14:20,30.01
SBA,12/13/2025 14:25,30.01
SBA,12/13/2025 14:30,30.01
SBA,12/13/2025 14:35,30.01
SBA,12/13/2025 14:40,30.01
SBA,12/13/2025 14:45,30.01
SBA,12/13/2025 14:50,30.01
SBA,12/13/2025 14:55,30.01
SBA,12/13/2025 15:00,30.01
SBA,12/13/2025 15:05,30
SBA,12/13/2025 15:10,30
SBA,12/13/2025 15:15,30
SBA,12/13/2025 15:20,30
SBA,12/13/2025 15:25,30
SBA,12/13/2025 15:30,30
SBA,12/13/2025 15:35,30
SBA,12/13/2025 15:40,30
SBA,12/13/2025 15:45,30
SBA,12/13/2025 15:50,30
SBA,12/13/2025 15:55,30
SBA,12/13/2025 16:00,30
SBA,12/13/2025 16:05,30
SBA,12/13/2025 16:10,30
SBA,12/13/2025 16:15,30.01
SBA,12/13/2025 16:20,30.01
SBA,12/13/2025 16:25,30.01
SBA,12/13/2025 16:30,30.01
SBA,12/13/2025 16:35,30.01
SBA,12/13/2025 16:40,30.01
SBA,12/13/2025 16:45,30.01
SBA,12/13/2025 16:50,30.01
SBA,12/13/2025 16:55,30.01
SBA,12/13/2025 17:00,30.01
SBA,12/13/2025 17:05,30.01
SBA,12/13/2025 17:10,30.01
SBA,12/13/2025 17:15,30.01
SBA,12/13/2025 17:20,30.01
SBA,12/13/2025 17:25,30.01
SBA,12/13/2025 17:30,30.02
SBA,12/13/2025 17:35,30.02
SBA,12/13/2025 17:40,30.02
SBA,12/13/2025 17:45,30.02
SBA,12/13/2025 17:50,30.02
SBA,12/13/2025 17:55,30.02
SBA,12/13/2025 18:00,30.02
SBA,12/13/2025 18:05,30.02
SBA,12/13/2025 18:10,30.02
SBA,12/13/2025 18:15,30.02
SBA,12/13/2025 18:20,30.02
SBA,12/13/2025 18:25,30.02
SBA,12/13/2025 18:30,30.02
SBA,12/13/2025 18:35,30.02
SBA,12/13/2025 18:40,30.03
SBA,12/13/2025 18:45,30.03
SBA,12/13/2025 18:50,30.03
SBA,12/13/2025 18:55,30.03
SBA,12/13/2025 19:00,30.03
SBA,12/13/2025 19:05,30.03
SBA,12/13/2025 19:10,30.03
SBA,12/13/2025 19:15,30.03
SBA,12/13/2025 19:20,30.03
SBA,12/13/2025 19:25,30.03
SBA,12/13/2025 19:30,30.03
SBA,12/13/2025 19:35,30.03
SBA,12/13/2025 19:40,30.03
SBA,12/13/2025 19:45,30.03
SBA,12/13/2025 19:50,30.04
SBA,12/13/2025 19:55,30.04
SBA,12/13/2025 20:00,30.03
SBA,12/13/2025 20:05,30.04
SBA,12/13/2025 20:10,30.04
SBA,12/13/2025 20:15,30.04
SBA,12/13/2025 20:20,30.03
SBA,12/13/2025 20:25,30.03
SBA,12/13/2025 20:30,30.03
SBA,12/13/2025 20:35,30.03
SBA,12/13/2025 20:40,30.04
SBA,12/13/2025 20:45,30.04
SBA,12/13/2025 20:50,30.04
SBA,12/13/2025 20:55,30.04
SBA,12/13/2025 21:00,30.04
SBA,12/13/2025 21:05,30.04
SBA,12/13/2025 21:10,30.04
SBA,12/13/2025 21:15,30.04
SBA,12/13/2025 21:20,30.04
SBA,12/13/2025 21:25,30.04
SBA,12/13/2025 21:30,30.04
SBA,12/13/2025 21:35,30.04
SBA,12/13/2025 21:40,30.04
SBA,12/13/2025 21:45,30.04
SBA,12/13/2025 21:50,30.04
SBA,12/13/2025 21:55,30.05
SBA,12/13/2025 22:00,30.05
SBA,12/13/2025 22:05,30.05
SBA,12/13/2025 22:10,30.04
SBA,12/13/2025 22:15,30.05
SBA,12/13/2025 22:20,30.05
SBA,12/13/2025 22:25,30.05
SBA,12/13/2025 22:30,30.05
SBA,12/13/2025 22:35,30.05
SBA,12/13/2025 22:40,30.05
SBA,12/13/2025 22:45,30.05
SBA,12/13/2025 22:50,30.05
SBA,12/13/2025 22:55,30.05
SBA,12/13/2025 23:00,30.05
SBA,12/13/2025 23:05,30.05
SBA,12/13/2025 23:10,30.05
SBA,12/13/2025 23:15,30.05
SBA,12/13/2025 23:20,30.05
SBA,12/13/2025 23:25,30.05
SBA,12/13/2025 23:30,30.05
SBA,12/13/2025 23:35,30.05
SBA,12/13/2025 23:40,30.05
SBA,12/13/2025 23:45,30.05
SBA,12/13/2025 23:50,30.04
SBA,12/13/2025 23:55,30.04
SBA,12/14/2025 0:00,30.04
SBA,12/14/2025 0:05,30.04
SBA,12/14/2025 0:10,30.04
SBA,12/14/2025 0:15,30.05
SBA,12/14/2025 0:20,30.05
SBA,12/14/2025 0:25,30.05
SBA,12/14/2025 0:30,30.05
SBA,12/14/2025 0:35,30.05
SBA,12/14/2025 0:40,30.05
SBA,12/14/2025 0:45,30.05
SBA,12/14/2025 0:50,30.05
SBA,12/14/2025 0:55,30.04
SBA,12/14/2025 1:00,30.04
SBA,12/14/2025 1:05,30.04
SBA,12/14/2025 1:10,30.04
SBA,12/14/2025 1:15,30.04
SBA,12/14/2025 1:20,30.04
SBA,12/14/2025 1:25,30.04
SBA,12/14/2025 1:30,30.04
SBA,12/14/2025 1:35,30.04
SBA,12/14/2025 1:40,30.04
SBA,12/14/2025 1:45,30.05
SBA,12/14/2025 1:50,30.05
SBA,12/14/2025 1:55,30.05
SBA,12/14/2025 2:00,30.05
SBA,12/14/2025 2:05,30.05
SBA,12/14/2025 2:10,30.05
SBA,12/14/2025 2:15,30.05
SBA,12/14/2025 2:20,30.05
SBA,12/14/2025 2:25,30.05
SBA,12/14/2025 2:30,30.05
SBA,12/14/2025 2:35,30.05
SBA,12/14/2025 2:40,30.04
SBA,12/14/2025 2:45,30.05
SBA,12/14/2025 2:50,30.05
SBA,12/14/2025 2:55,30.05
SBA,12/14/2025 3:00,30.04
SBA,12/14/2025 3:05,30.04
SBA,12/14/2025 3:10,30.04
SBA,12/14/2025 3:15,30.05
SBA,12/14/2025 3:20,30.05
SBA,12/14/2025 3:25,30.04
SBA,12/14/2025 3:30,30.05
SBA,12/14/2025 3:35,30.05
SBA,12/14/2025 3:40,30.05
SBA,12/14/2025 3:45,30.06
SBA,12/14/2025 3:50,30.06
SBA,12/14/2025 3:55,30.06
SBA,12/14/2025 4:00,30.06
SBA,12/14/2025 4:05,30.06
SBA,12/14/2025 4:10,30.06
SBA,12/14/2025 4:15,30.06
SBA,12/14/2025 4:20,30.06
SBA,12/14/2025 4:25,30.06
SBA,12/14/2025 4:30,30.06
SBA,12/14/2025 4:35,30.06
SBA,12/14/2025 4:40,30.05
SBA,12/14/2025 4:45,30.06
SBA,12/14/2025 4:50,30.06
SBA,12/14/2025 4:55,30.06
SBA,12/14/2025 5:00,30.06
SBA,12/14/2025 5:05,30.06
SBA,12/14/2025 5:10,30.06
SBA,12/14/2025 5:15,30.06
SBA,12/14/2025 5:20,30.06
SBA,12/14/2025 5:25,30.06
SBA,12/14/2025 5:30,30.06
SBA,12/14/2025 5:35,30.06
SBA,12/14/2025 5:40,30.06
SBA,12/14/2025 5:45,30.06
SBA,12/14/2025 5:50,30.06
SBA,12/14/2025 5:55,30.07
SBA,12/14/2025 6:00,30.07
SBA,12/14/2025 6:05,30.07
SBA,12/14/2025 6:10,30.07
SBA,12/14/2025 6:15,30.07
SBA,12/14/2025 6:20,30.07
SBA,12/14/2025 6:25,30.07
SBA,12/14/2025 6:30,30.07
SBA,12/14/2025 6:35,30.07
SBA,12/14/2025 6:40,30.07
SBA,12/14/2025 6:45,30.07
SBA,12/14/2025 6:50,30.07
SBA,12/14/2025 6:55,30.07
SBA,12/14/2025 7:00,30.07
SBA,12/14/2025 7:05,30.07
SBA,12/14/2025 7:10,30.08
SBA,12/14/2025 7:15,30.08
SBA,12/14/2025 7:20,30.08
SBA,12/14/2025 7:25,30.08
SBA,12/14/2025 7:30,30.08
SBA,12/14/2025 7:35,30.08
SBA,12/14/2025 7:40,30.08
SBA,12/14/2025 7:45,30.09
SBA,12/14/2025 7:50,30.09
SBA,12/14/2025 7:55,30.09
SBA,12/14/2025 8:00,30.09
SBA,12/14/2025 8:05,30.1
SBA,12/14/2025 8:10,30.1
SBA,12/14/2025 8:15,30.1
SBA,12/14/2025 8:20,30.1
SBA,12/14/2025 8:25,30.1
SBA,12/14/2025 8:30,30.1
SBA,12/14/2025 8:35,30.1
SBA,12/14/2025 8:40,30.1
SBA,12/14/2025 8:45,30.1
SBA,12/14/2025 8:50,30.1
SBA,12/14/2025 8:55,30.1
SBA,12/14/2025 9:00,30.1
SBA,12/14/2025 9:05,30.1
SBA,12/14/2025 9:10,30.11
SBA,12/14/2025 9:15,30.11
SBA,12/14/2025 9:20,30.12
SBA,12/14/2025 9:25,30.12
SBA,12/14/2025 9:30,30.13
SBA,12/14/2025 9:35,30.13
SBA,12/14/2025 9:40,30.12
SBA,12/14/2025 9:45,30.12
SBA,12/14/2025 9:50,30.12
SBA,12/14/2025 9:55,30.11
SBA,12/14/2025 10:00,30.11
SBA,12/14/2025 10:05,30.11
SBA,12/14/2025 10:10,30.11
SBA,12/14/2025 10:15,30.11
SBA,12/14/2025 10:20,30.11
SBA,12/14/2025 10:25,30.11
SBA,12/14/2025 10:30,30.11
SBA,12/14/2025 10:35,30.11
SBA,12/14/2025 10:40,30.11
SBA,12/14/2025 10:45,30.11
SBA,12/14/2025 10:50,30.11
SBA,12/14/2025 10:55,30.1
SBA,12/14/2025 11:00,30.1
SBA,12/14/2025 11:05,30.1
SBA,12/14/2025 11:10,30.09
SBA,12/14/2025 11:15,30.1
SBA,12/14/2025 11:20,30.1
SBA,12/14/2025 11:25,30.1
SBA,12/14/2025 11:30,30.09
SBA,12/14/2025 11:35,30.09
SBA,12/14/2025 11:40,30.09
SBA,12/14/2025 11:45,30.09
SBA,12/14/2025 11:50,30.09
SBA,12/14/2025 11:55,30.09
SBA,12/14/2025 12:00,30.08
SBA,12/14/2025 12:05,30.08
SBA,12/14/2025 12:10,30.08
SBA,12/14/2025 12:15,30.09
SBA,12/14/2025 12:20,30.08
SBA,12/14/2025 12:25,30.08
SBA,12/14/2025 12:30,30.08
SBA,12/14/2025 12:35,30.08
SBA,12/14/2025 12:40,30.08
SBA,12/14/2025 12:45,30.07
SBA,12/14/2025 12:50,30.07
SBA,12/14/2025 12:55,30.07
SBA,12/14/2025 13:00,30.07
SBA,12/14/2025 13:05,30.07
SBA,12/14/2025 13:10,30.06
SBA,12/14/2025 13:15,30.06
SBA,12/14/2025 13:20,30.06
SBA,12/14/2025 13:25,30.06
SBA,12/14/2025 13:30,30.06
SBA,12/14/2025 13:35,30.06
SBA,12/14/2025 13:40,30.06
SBA,12/14/2025 13:45,30.06
SBA,12/14/2025 13:50,30.06
SBA,12/14/2025 13:55,30.06
SBA,12/14/2025 14:00,30.06
SBA,12/14/2025 14:05,30.06
SBA,12/14/2025 14:10,30.05
SBA,12/14/2025 14:15,30.05
SBA,12/14/2025 14:20,30.05
SBA,12/14/2025 14:25,30.05
SBA,12/14/2025 14:30,30.05
SBA,12/14/2025 14:35,30.05
SBA,12/14/2025 14:40,30.05
SBA,12/14/2025 14:45,30.05
SBA,12/14/2025 14:50,30.05
SBA,12/14/2025 14:55,30.05
SBA,12/14/2025 15:00,30.05
SBA,12/14/2025 15:05,30.05
SBA,12/14/2025 15:10,30.05
SBA,12/14/2025 15:15,30.05
SBA,12/14/2025 15:20,30.05
SBA,12/14/2025 15:25,30.05
SBA,12/14/2025 15:30,30.05
SBA,12/14/2025 15:35,30.05
SBA,12/14/2025 15:40,30.05
SBA,12/14/2025 15:45,30.05
SBA,12/14/2025 15:50,30.05
SBA,12/14/2025 15:55,30.05
SBA,12/14/2025 16:00,30.05
SBA,12/14/2025 16:05,30.05
SBA,12/14/2025 16:10,30.05
SBA,12/14/2025 16:15,30.05
SBA,12/14/2025 16:20,30.05
SBA,12/14/2025 16:25,30.05
SBA,12/14/2025 16:30,30.05
SBA,12/14/2025 16:35,30.05
SBA,12/14/2025 16:40,30.05
SBA,12/14/2025 16:45,30.05
SBA,12/14/2025 16:50,30.05
SBA,12/14/2025 16:55,30.04
SBA,12/14/2025 17:00,30.04
SBA,12/14/2025 17:05,30.04
SBA,12/14/2025 17:10,30.04
SBA,12/14/2025 17:15,30.04
SBA,12/14/2025 17:20,30.04
SBA,12/14/2025 17:25,30.05
SBA,12/14/2025 17:30,30.04
SBA,12/14/2025 17:35,30.05
SBA,12/14/2025 17:40,30.05
SBA,12/14/2025 17:45,30.05
SBA,12/14/2025 17:50,30.05
SBA,12/14/2025 17:55,30.05
SBA,12/14/2025 18:00,30.05
SBA,12/14/2025 18:05,30.05
SBA,12/14/2025 18:10,30.05
SBA,12/14/2025 18:15,30.05
SBA,12/14/2025 18:20,30.06
SBA,12/14/2025 18:25,30.06
SBA,12/14/2025 18:30,30.06
SBA,12/14/2025 18:35,30.06
SBA,12/14/2025 18:40,30.06
SBA,12/14/2025 18:45,30.06
SBA,12/14/2025 18:50,30.06
SBA,12/14/2025 18:55,30.06
SBA,12/14/2025 19:00,30.06
SBA,12/14/2025 19:05,30.06
SBA,12/14/2025 19:10,30.06
SBA,12/14/2025 19:15,30.06
SBA,12/14/2025 19:20,30.06
SBA,12/14/2025 19:25,30.06
SBA,12/14/2025 19:30,30.06
SBA,12/14/2025 19:35,30.06
SBA,12/14/2025 19:40,30.06
SBA,12/14/2025 19:45,30.07
SBA,12/14/2025 19:50,30.07
SBA,12/14/2025 19:55,30.07
SBA,12/14/2025 20:00,30.07
SBA,12/14/2025 20:05,30.07
SBA,12/14/2025 20:10,30.07
SBA,12/14/2025 20:15,30.07
SBA,12/14/2025 20:20,30.08
SBA,12/14/2025 20:25,30.08
SBA,12/14/2025 20:30,30.08
SBA,12/14/2025 20:35,30.08
SBA,12/14/2025 20:40,30.08
SBA,12/14/2025 20:45,30.08
SBA,12/14/2025 20:50,30.08
SBA,12/14/2025 20:55,30.08
SBA,12/14/2025 21:00,30.09
SBA,12/14/2025 21:05,30.09
SBA,12/14/2025 21:10,30.09
SBA,12/14/2025 21:15,30.09
SBA,12/14/2025 21:20,30.09
SBA,12/14/2025 21:25,30.09
SBA,12/14/2025 21:30,30.09
SBA,12/14/2025 21:35,30.09
SBA,12/14/2025 21:40,30.09
SBA,12/14/2025 21:45,30.09
SBA,12/14/2025 21:50,30.09
SBA,12/14/2025 21:55,30.09
SBA,12/14/2025 22:00,30.09
SBA,12/14/2025 22:05,30.09
SBA,12/14/2025 22:10,30.09
SBA,12/14/2025 22:15,30.09
SBA,12/14/2025 22:20,30.09
SBA,12/14/2025 22:25,30.09
SBA,12/14/2025 22:30,30.1
SBA,12/14/2025 22:35,30.09
SBA,12/14/2025 22:40,30.09
SBA,12/14/2025 22:45,30.1
SBA,12/14/2025 22:50,30.09
SBA,12/14/2025 22:55,30.09
SBA,12/14/2025 23:00,30.1
SBA,12/14/2025 23:05,30.1
SBA,12/14/2025 23:10,30.1
SBA,12/14/2025 23:15,30.1
SBA,12/14/2025 23:20,30.1
SBA,12/14/2025 23:25,30.1
SBA,12/14/2025 23:30,30.1
SBA,12/14/2025 23:35,30.1
SBA,12/14/2025 23:40,30.1
SBA,12/14/2025 23:45,30.1
SBA,12/14/2025 23:50,30.1
SBA,12/14/2025 23:55,30.1
SBA,12/15/2025 0:00,30.09
SBA,12/15/2025 0:05,30.09
SBA,12/15/2025 0:10,30.09
SBA,12/15/2025 0:15,30.09
SBA,12/15/2025 0:20,30.1
SBA,12/15/2025 0:25,30.1
SBA,12/15/2025 0:30,30.09
SBA,12/15/2025 0:35,30.09
SBA,12/15/2025 0:40,30.09
SBA,12/15/2025 0:45,30.1
SBA,12/15/2025 0:50,30.09
SBA,12/15/2025 0:55,30.09
SBA,12/15/2025 1:00,30.1
SBA,12/15/2025 1:05,30.1
SBA,12/15/2025 1:10,30.1
SBA,12/15/2025 1:15,30.1
SBA,12/15/2025 1:20,30.1
SBA,12/15/2025 1:25,30.1
SBA,12/15/2025 1:30,30.1
SBA,12/15/2025 1:35,30.1
SBA,12/15/2025 1:40,30.1
SBA,12/15/2025 1:45,30.1
SBA,12/15/2025 1:50,30.1
SBA,12/15/2025 1:55,30.1
SBA,12/15/2025 2:00,30.1
SBA,12/15/2025 2:05,30.1
SBA,12/15/2025 2:10,30.1
SBA,12/15/2025 2:15,30.11
SBA,12/15/2025 2:20,30.11
SBA,12/15/2025 2:25,30.11
SBA,12/15/2025 2:30,30.11
SBA,12/15/2025 2:35,30.11
SBA,12/15/2025 2:40,30.11
SBA,12/15/2025 2:45,30.11
SBA,12/15/2025 2:50,30.12
SBA,12/15/2025 2:55,30.11
SBA,12/15/2025 3:00,30.11
SBA,12/15/2025 3:05,30.11
SBA,12/15/2025 3:10,30.11
SBA,12/15/2025 3:15,30.11
SBA,12/15/2025 3:20,30.1
SBA,12/15/2025 3:25,30.1
SBA,12/15/2025 3:30,30.1
SBA,12/15/2025 3:35,30.1
SBA,12/15/2025 3:40,30.1
SBA,12/15/2025 3:45,30.1
SBA,12/15/2025 3:50,30.1
SBA,12/15/2025 3:55,30.1
SBA,12/15/2025 4:00,30.1
SBA,12/15/2025 4:05,30.1
SBA,12/15/2025 4:10,30.1
SBA,12/15/2025 4:15,30.1
SBA,12/15/2025 4:20,30.1
SBA,12/15/2025 4:25,30.1
SBA,12/15/2025 4:30,30.1
SBA,12/15/2025 4:35,30.1
SBA,12/15/2025 4:40,30.1
SBA,12/15/2025 4:45,30.1
SBA,12/15/2025 4:50,30.1
SBA,12/15/2025 4:55,30.1
SBA,12/15/2025 5:00,30.1
SBA,12/15/2025 5:05,30.1
SBA,12/15/2025 5:10,30.1
SBA,12/15/2025 5:15,30.1
SBA,12/15/2025 5:20,30.1
SBA,12/15/2025 5:25,30.1
SBA,12/15/2025 5:30,30.1
SBA,12/15/2025 5:35,30.1
SBA,12/15/2025 5:40,30.11
SBA,12/15/2025 5:45,30.11
SBA,12/15/2025 5:50,30.11
SBA,12/15/2025 5:55,30.11
SBA,12/15/2025 6:00,30.11
SBA,12/15/2025 6:05,30.11
SBA,12/15/2025 6:10,30.11
SBA,12/15/2025 6:15,30.12
SBA,12/15/2025 6:20,30.12
SBA,12/15/2025 6:25,30.12
SBA,12/15/2025 6:30,30.12
SBA,12/15/2025 6:35,30.12
SBA,12/15/2025 6:40,30.12
SBA,12/15/2025 6:45,30.12
SBA,12/15/2025 6:50,30.12
SBA,12/15/2025 6:55,30.12
SBA,12/15/2025 7:00,30.12
SBA,12/15/2025 7:05,30.12
SBA,12/15/2025 7:10,30.12
SBA,12/15/2025 7:15,30.12
SBA,12/15/2025 7:20,30.12
SBA,12/15/2025 7:25,30.12
SBA,12/15/2025 7:30,30.12
SBA,12/15/2025 7:35,30.12
SBA,12/15/2025 7:40,30.12
SBA,12/15/2025 7:45,30.12
SBA,12/15/2025 7:50,30.12
SBA,12/15/2025 7:55,30.13
SBA,12/15/2025 8:00,30.13
SBA,12/15/2025 8:05,30.13
SBA,12/15/2025 8:10,30.13
SBA,12/15/2025 8:15,30.14
SBA,12/15/2025 8:20,30.14
SBA,12/15/2025 8:25,30.14
SBA,12/15/2025 8:30,30.14
SBA,12/15/2025 8:35,30.14
SBA,12/15/2025 8:40,30.14
SBA,12/15/2025 8:45,30.14
SBA,12/15/2025 8:50,30.14
SBA,12/15/2025 8:55,30.14
SBA,12/15/2025 9:00,30.14
SBA,12/15/2025 9:05,30.14
SBA,12/15/2025 9:10,30.15
SBA,12/15/2025 9:15,30.15
SBA,12/15/2025 9:20,30.15
SBA,12/15/2025 9:25,30.15
SBA,12/15/2025 9:30,30.15
SBA,12/15/2025 9:35,30.15
SBA,12/15/2025 9:40,30.15
SBA,12/15/2025 9:45,30.15
SBA,12/15/2025 9:50,30.15
SBA,12/15/2025 9:55,30.15
SBA,12/15/2025 10:00,30.15
SBA,12/15/2025 10:05,30.15
SBA,12/15/2025 10:10,30.15
SBA,12/15/2025 10:15,30.15
SBA,12/15/2025 10:20,30.15
SBA,12/15/2025 10:25,30.15
SBA,12/15/2025 10:30,30.15
SBA,12/15/2025 10:35,30.15
SBA,12/15/2025 10:40,30.15
SBA,12/15/2025 10:45,30.15
SBA,12/15/2025 10:50,30.14
SBA,12/15/2025 10:55,30.14
SBA,12/15/2025 11:00,30.14
SBA,12/15/2025 11:05,30.14
SBA,12/15/2025 11:10,30.13
SBA,12/15/2025 11:15,30.13
SBA,12/15/2025 11:20,30.13
SBA,12/15/2025 11:25,30.13
SBA,12/15/2025 11:30,30.13
SBA,12/15/2025 11:35,30.12
SBA,12/15/2025 11:40,30.12
SBA,12/15/2025 11:45,30.12
SBA,12/15/2025 11:50,30.11
SBA,12/15/2025 11:55,30.11
SBA,12/15/2025 12:00,30.11
SBA,12/15/2025 12:05,30.11
SBA,12/15/2025 12:10,30.11
SBA,12/15/2025 12:15,30.1
SBA,12/15/2025 12:20,30.1
SBA,12/15/2025 12:25,30.1
SBA,12/15/2025 12:30,30.1
SBA,12/15/2025 12:35,30.09
SBA,12/15/2025 12:40,30.09
SBA,12/15/2025 12:45,30.09
SBA,12/15/2025 12:50,30.09
SBA,12/15/2025 12:55,30.08
SBA,12/15/2025 13:00,30.08
SBA,12/15/2025 13:05,30.08
SBA,12/15/2025 13:10,30.08
SBA,12/15/2025 13:15,30.08
SBA,12/15/2025 13:20,30.08
SBA,12/15/2025 13:25,30.08
SBA,12/15/2025 13:30,30.08
SBA,12/15/2025 13:35,30.08
SBA,12/15/2025 13:40,30.07
SBA,12/15/2025 13:45,30.07
SBA,12/15/2025 13:50,30.07
SBA,12/15/2025 13:55,30.07
SBA,12/15/2025 14:00,30.07
SBA,12/15/2025 14:05,30.07
SBA,12/15/2025 14:10,30.07
SBA,12/15/2025 14:15,30.07
SBA,12/15/2025 14:20,30.07
SBA,12/15/2025 14:25,30.07
SBA,12/15/2025 14:30,30.07
SBA,12/15/2025 14:35,30.07
SBA,12/15/2025 14:40,30.07
SBA,12/15/2025 14:45,30.06
SBA,12/15/2025 14:50,30.06
SBA,12/15/2025 14:55,30.06
SBA,12/15/2025 15:00,30.06
SBA,12/15/2025 15:05,30.06
SBA,12/15/2025 15:10,30.06
SBA,12/15/2025 15:15,30.06
SBA,12/15/2025 15:20,30.06
SBA,12/15/2025 15:25,30.05
SBA,12/15/2025 15:30,30.05
SBA,12/15/2025 15:35,30.05
SBA,12/15/2025 15:40,30.05
SBA,12/15/2025 15:45,30.05
SBA,12/15/2025 15:50,30.05
SBA,12/15/2025 15:55,30.05
SBA,12/15/2025 16:00,30.05
SBA,12/15/2025 16:05,30.05
SBA,12/15/2025 16:10,30.05
SBA,12/15/2025 16:15,30.05
SBA,12/15/2025 16:20,30.05
SBA,12/15/2025 16:25,30.05
SBA,12/15/2025 16:30,30.05
SBA,12/15/2025 16:35,30.05
SBA,12/15/2025 16:40,30.05
SBA,12/15/2025 16:45,30.05
SBA,12/15/2025 16:50,30.05
SBA,12/15/2025 16:55,30.05
SBA,12/15/2025 17:00,30.06
SBA,12/15/2025 17:05,30.06
SBA,12/15/2025 17:10,30.06
SBA,12/15/2025 17:15,30.06
SBA,12/15/2025 17:20,30.05
SBA,12/15/2025 17:25,30.05
SBA,12/15/2025 17:30,30.05
SBA,12/15/2025 17:35,30.05
SBA,12/15/2025 17:40,30.05
SBA,12/15/2025 17:45,30.05
SBA,12/15/2025 17:50,30.05
SBA,12/15/2025 17:55,30.05
SBA,12/15/2025 18:00,30.05
SBA,12/15/2025 18:05,30.05
SBA,12/15/2025 18:10,30.05
SBA,12/15/2025 18:15,30.05
SBA,12/15/2025 18:20,30.05
SBA,12/15/2025 18:25,30.05
SBA,12/15/2025 18:30,30.05
SBA,12/15/2025 18:35,30.05
SBA,12/15/2025 18:40,30.05
SBA,12/15/2025 18:45,30.05
SBA,12/15/2025 18:50,30.06
SBA,12/15/2025 18:55,30.06
SBA,12/15/2025 19:00,30.05
SBA,12/15/2025 19:05,30.06
SBA,12/15/2025 19:10,30.05
SBA,12/15/2025 19:15,30.05
SBA,12/15/2025 19:20,30.05
SBA,12/15/2025 19:25,30.05
SBA,12/15/2025 19:30,30.06
SBA,12/15/2025 19:35,30.06
SBA,12/15/2025 19:40,30.06
SBA,12/15/2025 19:45,30.06
SBA,12/15/2025 19:50,30.05
SBA,12/15/2025 19:55,30.06
SBA,12/15/2025 20:00,30.06
SBA,12/15/2025 20:05,30.06
SBA,12/15/2025 20:10,30.06
SBA,12/15/2025 20:15,30.06
SBA,12/15/2025 20:20,30.06
SBA,12/15/2025 20:25,30.06
SBA,12/15/2025 20:30,30.06
SBA,12/15/2025 20:35,30.06
SBA,12/15/2025 20:40,30.05
SBA,12/15/2025 20:45,30.06
SBA,12/15/2025 20:50,30.06
SBA,12/15/2025 20:55,30.06
SBA,12/15/2025 21:00,30.06
SBA,12/15/2025 21:05,30.06
SBA,12/15/2025 21:10,30.06
SBA,12/15/2025 21:15,30.07
SBA,12/15/2025 21:20,30.06
SBA,12/15/2025 21:25,30.06
SBA,12/15/2025 21:30,30.06
SBA,12/15/2025 21:35,30.06
SBA,12/15/2025 21:40,30.06
SBA,12/15/2025 21:45,30.06
SBA,12/15/2025 21:50,30.06
SBA,12/15/2025 21:55,30.06
SBA,12/15/2025 22:00,30.06
SBA,12/15/2025 22:05,30.06
SBA,12/15/2025 22:10,30.06
SBA,12/15/2025 22:15,30.06
SBA,12/15/2025 22:20,30.06
SBA,12/15/2025 22:25,30.06
SBA,12/15/2025 22:30,30.06
SBA,12/15/2025 22:35,30.07
SBA,12/15/2025 22:40,30.07
SBA,12/15/2025 22:45,30.07
SBA,12/15/2025 22:50,30.07
SBA,12/15/2025 22:55,30.07
SBA,12/15/2025 23:00,30.07
SBA,12/15/2025 23:05,30.06
SBA,12/15/2025 23:10,30.06
SBA,12/15/2025 23:15,30.06
SBA,12/15/2025 23:20,30.06
SBA,12/15/2025 23:25,30.06
SBA,12/15/2025 23:30,30.06
SBA,12/15/2025 23:35,30.06
SBA,12/15/2025 23:40,30.06
SBA,12/15/2025 23:45,30.06
SBA,12/15/2025 23:50,30.06
SBA,12/15/2025 23:55,30.06
SBA,12/16/2025 0:00,30.06
SBA,12/16/2025 0:05,30.06
SBA,12/16/2025 0:10,30.06
SBA,12/16/2025 0:15,30.06
SBA,12/16/2025 0:20,30.06
SBA,12/16/2025 0:25,30.06
SBA,12/16/2025 0:30,30.06
SBA,12/16/2025 0:35,30.05
SBA,12/16/2025 0:40,30.06
SBA,12/16/2025 0:45,30.05
SBA,12/16/2025 0:50,30.05
SBA,12/16/2025 0:55,30.05
SBA,12/16/2025 1:00,30.04
SBA,12/16/2025 1:05,30.05
SBA,12/16/2025 1:10,30.04
SBA,12/16/2025 1:15,30.05
SBA,12/16/2025 1:20,30.05
SBA,12/16/2025 1:25,30.05
SBA,12/16/2025 1:30,30.06
SBA,12/16/2025 1:35,30.06
SBA,12/16/2025 1:40,30.05
SBA,12/16/2025 1:45,30.06
SBA,12/16/2025 1:50,30.06
SBA,12/16/2025 1:55,30.06
SBA,12/16/2025 2:00,30.06
SBA,12/16/2025 2:05,30.06
SBA,12/16/2025 2:10,30.06
SBA,12/16/2025 2:15,30.06
SBA,12/16/2025 2:20,30.06
SBA,12/16/2025 2:25,30.06
SBA,12/16/2025 2:30,30.06
SBA,12/16/2025 2:35,30.06
SBA,12/16/2025 2:40,30.06
SBA,12/16/2025 2:45,30.06
SBA,12/16/2025 2:50,30.06
SBA,12/16/2025 2:55,30.06
SBA,12/16/2025 3:00,30.06
SBA,12/16/2025 3:05,30.06
SBA,12/16/2025 3:10,30.06
SBA,12/16/2025 3:15,30.06
SBA,12/16/2025 3:20,30.05
SBA,12/16/2025 3:25,30.05
SBA,12/16/2025 3:30,30.05
SBA,12/16/2025 3:35,30.05
SBA,12/16/2025 3:40,30.05
SBA,12/16/2025 3:45,30.05
SBA,12/16/2025 3:50,30.05
SBA,12/16/2025 3:55,30.05
SBA,12/16/2025 4:00,30.05
SBA,12/16/2025 4:05,30.05
SBA,12/16/2025 4:10,30.05
SBA,12/16/2025 4:15,30.05
SBA,12/16/2025 4:20,30.05
SBA,12/16/2025 4:25,30.05
SBA,12/16/2025 4:30,30.05
SBA,12/16/2025 4:35,30.04
SBA,12/16/2025 4:40,30.05
SBA,12/16/2025 4:45,30.05
SBA,12/16/2025 4:50,30.05
SBA,12/16/2025 4:55,30.05
SBA,12/16/2025 5:00,30.05
SBA,12/16/2025 5:05,30.05
SBA,12/16/2025 5:10,30.05
SBA,12/16/2025 5:15,30.05
SBA,12/16/2025 5:20,30.05
SBA,12/16/2025 5:25,30.05
SBA,12/16/2025 5:30,30.05
SBA,12/16/2025 5:35,30.05
SBA,12/16/2025 5:40,30.05
SBA,12/16/2025 5:45,30.06
SBA,12/16/2025 5:50,30.06
SBA,12/16/2025 5:55,30.06
SBA,12/16/2025 6:00,30.06
SBA,12/16/2025 6:05,30.07
SBA,12/16/2025 6:10,30.06
SBA,12/16/2025 6:15,30.06
SBA,12/16/2025 6:20,30.06
SBA,12/16/2025 6:25,30.06
SBA,12/16/2025 6:30,30.07
SBA,12/16/2025 6:35,30.07
SBA,12/16/2025 6:40,30.07
SBA,12/16/2025 6:45,30.07
SBA,12/16/2025 6:50,30.07
SBA,12/16/2025 6:55,30.07
SBA,12/16/2025 7:00,30.07
SBA,12/16/2025 7:05,30.07
SBA,12/16/2025 7:10,30.07
SBA,12/16/2025 7:15,30.06
SBA,12/16/2025 7:20,30.06
SBA,12/16/2025 7:25,30.07
SBA,12/16/2025 7:30,30.07
SBA,12/16/2025 7:35,30.07
SBA,12/16/2025 7:40,30.07
SBA,12/16/2025 7:45,30.08
SBA,12/16/2025 7:50,30.08
SBA,12/16/2025 7:55,30.08
SBA,12/16/2025 8:00,30.08
SBA,12/16/2025 8:05,30.08
SBA,12/16/2025 8:10,30.08
SBA,12/16/2025 8:15,30.08
SBA,12/16/2025 8:20,30.08
SBA,12/16/2025 8:25,30.08
SBA,12/16/2025 8:30,30.08
SBA,12/16/2025 8:35,30.08
SBA,12/16/2025 8:40,30.08
SBA,12/16/2025 8:45,30.08
SBA,12/16/2025 8:50,30.08
SBA,12/16/2025 8:55,30.08
SBA,12/16/2025 9:00,30.08
SBA,12/16/2025 9:05,30.08
SBA,12/16/2025 9:10,30.08
SBA,12/16/2025 9:15,30.09
SBA,12/16/2025 9:20,30.09
SBA,12/16/2025 9:25,30.09
SBA,12/16/2025 9:30,30.09
SBA,12/16/2025 9:35,30.09
SBA,12/16/2025 9:40,30.09
SBA,12/16/2025 9:45,30.09
SBA,12/16/2025 9:50,30.09
SBA,12/16/2025 9:55,30.1
SBA,12/16/2025 10:00,30.1
SBA,12/16/2025 10:05,30.11
SBA,12/16/2025 10:10,30.11
SBA,12/16/2025 10:15,30.11
SBA,12/16/2025 10:20,30.11
SBA,12/16/2025 10:25,30.11
SBA,12/16/2025 10:30,30.11
SBA,12/16/2025 10:35,30.11
SBA,12/16/2025 10:40,30.1
SBA,12/16/2025 10:45,30.1
SBA,12/16/2025 10:50,30.1
SBA,12/16/2025 10:55,30.1
SBA,12/16/2025 11:00,30.1
SBA,12/16/2025 11:05,30.09
SBA,12/16/2025 11:10,30.09
SBA,12/16/2025 11:15,30.08
SBA,12/16/2025 11:20,30.08
SBA,12/16/2025 11:25,30.08
SBA,12/16/2025 11:30,30.07
SBA,12/16/2025 11:35,30.07
SBA,12/16/2025 11:40,30.06
SBA,12/16/2025 11:45,30.05
SBA,12/16/2025 11:50,30.05
SBA,12/16/2025 11:55,30.05
SBA,12/16/2025 12:00,30.05
SBA,12/16/2025 12:05,30.05
SBA,12/16/2025 12:10,30.04
SBA,12/16/2025 12:15,30.04
SBA,12/16/2025 12:20,30.04
SBA,12/16/2025 12:25,30.04
SBA,12/16/2025 12:30,30.03
SBA,12/16/2025 12:35,30.03
SBA,12/16/2025 12:40,30.03
SBA,12/16/2025 12:45,30.03
SBA,12/16/2025 12:50,30.02
SBA,12/16/2025 12:55,30.02
SBA,12/16/2025 13:00,30.02
SBA,12/16/2025 13:05,30.02
SBA,12/16/2025 13:10,30.02
SBA,12/16/2025 13:15,30.02
SBA,12/16/2025 13:20,30.02
SBA,12/16/2025 13:25,30.02
SBA,12/16/2025 13:30,30.02
SBA,12/16/2025 13:35,30.02
SBA,12/16/2025 13:40,30.02
SBA,12/16/2025 13:45,30.02
SBA,12/16/2025 13:50,30.02
SBA,12/16/2025 13:55,30.01
SBA,12/16/2025 14:00,30.01
SBA,12/16/2025 14:05,30.01
SBA,12/16/2025 14:10,30.02
SBA,12/16/2025 14:15,30.01
SBA,12/16/2025 14:20,30.01
SBA,12/16/2025 14:25,30.01
SBA,12/16/2025 14:30,30.01
SBA,12/16/2025 14:35,30.01
SBA,12/16/2025 14:40,30.01
SBA,12/16/2025 14:45,30.02
SBA,12/16/2025 14:50,30.01
SBA,12/16/2025 14:55,30.01
SBA,12/16/2025 15:00,30.01
SBA,12/16/2025 15:05,30.01
SBA,12/16/2025 15:10,30.01
SBA,12/16/2025 15:15,30.01
SBA,12/16/2025 15:20,30.01
SBA,12/16/2025 15:25,30.01
SBA,12/16/2025 15:30,30.01
SBA,12/16/2025 15:35,30.01
SBA,12/16/2025 15:40,30.01
SBA,12/16/2025 15:45,30.01
SBA,12/16/2025 15:50,30.01
SBA,12/16/2025 15:55,30.02
SBA,12/16/2025 16:00,30.02
SBA,12/16/2025 16:05,30.02
SBA,12/16/2025 16:10,30.02
SBA,12/16/2025 16:15,30.01
SBA,12/16/2025 16:20,30.01
SBA,12/16/2025 16:25,30.01
SBA,12/16/2025 16:30,30.01
SBA,12/16/2025 16:35,30.01
SBA,12/16/2025 16:40,30.02
SBA,12/16/2025 16:45,30.02
SBA,12/16/2025 16:50,30.02
SBA,12/16/2025 16:55,30.02
SBA,12/16/2025 17:00,30.02
SBA,12/16/2025 17:05,30.03
SBA,12/16/2025 17:10,30.02
SBA,12/16/2025 17:15,30.03
SBA,12/16/2025 17:20,30.03
SBA,12/16/2025 17:25,30.03
SBA,12/16/2025 17:30,30.03
SBA,12/16/2025 17:35,30.03
SBA,12/16/2025 17:40,30.03
SBA,12/16/2025 17:45,30.03
SBA,12/16/2025 17:50,30.03
SBA,12/16/2025 17:55,30.03
SBA,12/16/2025 18:00,30.03
SBA,12/16/2025 18:05,30.03
SBA,12/16/2025 18:10,30.03
SBA,12/16/2025 18:15,30.03
SBA,12/16/2025 18:20,30.03
SBA,12/16/2025 18:25,30.03
SBA,12/16/2025 18:30,30.03
SBA,12/16/2025 18:35,30.03
SBA,12/16/2025 18:40,30.03
SBA,12/16/2025 18:45,30.03
SBA,12/16/2025 18:50,30.03
SBA,12/16/2025 18:55,30.03
SBA,12/16/2025 19:00,30.03
SBA,12/16/2025 19:05,30.04
SBA,12/16/2025 19:10,30.04
SBA,12/16/2025 19:15,30.04
SBA,12/16/2025 19:20,30.04
SBA,12/16/2025 19:25,30.04
SBA,12/16/2025 19:30,30.04
SBA,12/16/2025 19:35,30.04
SBA,12/16/2025 19:40,30.05
SBA,12/16/2025 19:45,30.05
SBA,12/16/2025 19:50,30.05
SBA,12/16/2025 19:55,30.05
SBA,12/16/2025 20:00,30.05
SBA,12/16/2025 20:05,30.05
SBA,12/16/2025 20:10,30.05
SBA,12/16/2025 20:15,30.05
SBA,12/16/2025 20:20,30.06
SBA,12/16/2025 20:25,30.06
SBA,12/16/2025 20:30,30.06
SBA,12/16/2025 20:35,30.06
SBA,12/16/2025 20:40,30.06
SBA,12/16/2025 20:45,30.06
SBA,12/16/2025 20:50,30.06
SBA,12/16/2025 20:55,30.06
SBA,12/16/2025 21:00,30.07
SBA,12/16/2025 21:05,30.07
SBA,12/16/2025 21:10,30.07
SBA,12/16/2025 21:15,30.07
SBA,12/16/2025 21:20,30.07
SBA,12/16/2025 21:25,30.07
SBA,12/16/2025 21:30,30.07
SBA,12/16/2025 21:35,30.07
SBA,12/16/2025 21:40,30.07
SBA,12/16/2025 21:45,30.07
SBA,12/16/2025 21:50,30.08
SBA,12/16/2025 21:55,30.08
SBA,12/16/2025 22:00,30.08
SBA,12/16/2025 22:05,30.08
SBA,12/16/2025 22:10,30.08
SBA,12/16/2025 22:15,30.09
SBA,12/16/2025 22:20,30.09
SBA,12/16/2025 22:25,30.09
SBA,12/16/2025 22:30,30.08
SBA,12/16/2025 22:35,30.08
SBA,12/16/2025 22:40,30.08
SBA,12/16/2025 22:45,30.08
SBA,12/16/2025 22:50,30.08
SBA,12/16/2025 22:55,30.07
SBA,12/16/2025 23:00,30.07
SBA,12/16/2025 23:05,30.07
SBA,12/16/2025 23:10,30.07
SBA,12/16/2025 23:15,30.07
SBA,12/16/2025 23:20,30.07
SBA,12/16/2025 23:25,30.07
SBA,12/16/2025 23:30,30.07
SBA,12/16/2025 23:35,30.07
SBA,12/16/2025 23:40,30.07
SBA,12/16/2025 23:45,30.07
SBA,12/16/2025 23:50,30.07
SBA,12/16/2025 23:55,30.07
SBA,12/17/2025 0:00,30.08
SBA,12/17/2025 0:05,30.08
SBA,12/17/2025 0:10,30.08
SBA,12/17/2025 0:15,30.08
SBA,12/17/2025 0:20,30.08
SBA,12/17/2025 0:25,30.08
SBA,12/17/2025 0:30,30.08
SBA,12/17/2025 0:35,30.08
SBA,12/17/2025 0:40,30.07
SBA,12/17/2025 0:45,30.07
SBA,12/17/2025 0:50,30.07
SBA,12/17/2025 0:55,30.07
SBA,12/17/2025 1:00,30.06
SBA,12/17/2025 1:05,30.06
SBA,12/17/2025 1:10,30.06
SBA,12/17/2025 1:15,30.06
SBA,12/17/2025 1:20,30.06
SBA,12/17/2025 1:25,30.06
SBA,12/17/2025 1:30,30.06
SBA,12/17/2025 1:35,30.06
SBA,12/17/2025 1:40,30.06
SBA,12/17/2025 1:45,30.06
SBA,12/17/2025 1:50,30.06
SBA,12/17/2025 1:55,30.06
SBA,12/17/2025 2:00,30.06
SBA,12/17/2025 2:05,30.06
SBA,12/17/2025 2:10,30.06
SBA,12/17/2025 2:15,30.06
SBA,12/17/2025 2:20,30.06
SBA,12/17/2025 2:25,30.06
SBA,12/17/2025 2:30,30.06
SBA,12/17/2025 2:35,30.06
SBA,12/17/2025 2:40,30.05
SBA,12/17/2025 2:45,30.05
SBA,12/17/2025 2:50,30.05
SBA,12/17/2025 2:55,30.06
SBA,12/17/2025 3:00,30.06
SBA,12/17/2025 3:05,30.06
SBA,12/17/2025 3:10,30.05
SBA,12/17/2025 3:15,30.05
SBA,12/17/2025 3:20,30.05
SBA,12/17/2025 3:25,30.06
SBA,12/17/2025 3:30,30.05
SBA,12/17/2025 3:35,30.05
SBA,12/17/2025 3:40,30.05
SBA,12/17/2025 3:45,30.05
SBA,12/17/2025 3:50,30.05
SBA,12/17/2025 3:55,30.04
SBA,12/17/2025 4:00,30.05
SBA,12/17/2025 4:05,30.05
SBA,12/17/2025 4:10,30.05
SBA,12/17/2025 4:15,30.05
SBA,12/17/2025 4:20,30.05
SBA,12/17/2025 4:25,30.05
SBA,12/17/2025 4:30,30.05
SBA,12/17/2025 4:35,30.04
SBA,12/17/2025 4:40,30.04
SBA,12/17/2025 4:45,30.05
SBA,12/17/2025 4:50,30.05
SBA,12/17/2025 4:55,30.05
SBA,12/17/2025 5:00,30.05
SBA,12/17/2025 5:05,30.05
SBA,12/17/2025 5:10,30.06
SBA,12/17/2025 5:15,30.06
SBA,12/17/2025 5:20,30.06
SBA,12/17/2025 5:25,30.06
SBA,12/17/2025 5:30,30.06
SBA,12/17/2025 5:35,30.06
SBA,12/17/2025 5:40,30.05
SBA,12/17/2025 5:45,30.05
SBA,12/17/2025 5:50,30.05
SBA,12/17/2025 5:55,30.05
SBA,12/17/2025 6:00,30.05
SBA,12/17/2025 6:05,30.05
SBA,12/17/2025 6:10,30.05
SBA,12/17/2025 6:15,30.05
SBA,12/17/2025 6:20,30.05
SBA,12/17/2025 6:25,30.05
SBA,12/17/2025 6:30,30.05
SBA,12/17/2025 6:35,30.05
SBA,12/17/2025 6:40,30.04
SBA,12/17/2025 6:45,30.05
SBA,12/17/2025 6:50,30.05
SBA,12/17/2025 6:55,30.05
SBA,12/17/2025 7:00,30.06
SBA,12/17/2025 7:05,30.06
SBA,12/17/2025 7:10,30.06
SBA,12/17/2025 7:15,30.06
SBA,12/17/2025 7:20,30.06
SBA,12/17/2025 7:25,30.06
SBA,12/17/2025 7:30,30.06
SBA,12/17/2025 7:35,30.06
SBA,12/17/2025 7:40,30.06
SBA,12/17/2025 7:45,30.06
SBA,12/17/2025 7:50,30.07
SBA,12/17/2025 7:55,30.07
SBA,12/17/2025 8:00,30.07
SBA,12/17/2025 8:05,30.07
SBA,12/17/2025 8:10,30.07
SBA,12/17/2025 8:15,30.07
SBA,12/17/2025 8:20,30.07
SBA,12/17/2025 8:25,30.07
SBA,12/17/2025 8:30,30.07
SBA,12/17/2025 8:35,30.07
SBA,12/17/2025 8:40,30.06
SBA,12/17/2025 8:45,30.06
SBA,12/17/2025 8:50,30.06
SBA,12/17/2025 8:55,30.07
SBA,12/17/2025 9:00,30.07
SBA,12/17/2025 9:05,30.07
SBA,12/17/2025 9:10,30.07
SBA,12/17/2025 9:15,30.08
SBA,12/17/2025 9:20,30.08
SBA,12/17/2025 9:25,30.08
SBA,12/17/2025 9:30,30.08
SBA,12/17/2025 9:35,30.08
SBA,12/17/2025 9:40,30.08
SBA,12/17/2025 9:45,30.09
SBA,12/17/2025 9:50,30.08
SBA,12/17/2025 9:55,30.08
SBA,12/17/2025 10:00,30.08
SBA,12/17/2025 10:05,30.08
SBA,12/17/2025 10:10,30.08
SBA,12/17/2025 10:15,30.08
SBA,12/17/2025 10:20,30.08
SBA,12/17/2025 10:25,30.07
SBA,12/17/2025 10:30,30.07
SBA,12/17/2025 10:35,30.06
SBA,12/17/2025 10:40,30.06
SBA,12/17/2025 10:45,30.07
SBA,12/17/2025 10:50,30.07
SBA,12/17/2025 10:55,30.07
SBA,12/17/2025 11:00,30.06
SBA,12/17/2025 11:05,30.06
SBA,12/17/2025 11:10,30.06
SBA,12/17/2025 11:15,30.05
SBA,12/17/2025 11:20,30.05
SBA,12/17/2025 11:25,30.04
SBA,12/17/2025 11:30,30.04
SBA,12/17/2025 11:35,30.03
SBA,12/17/2025 11:40,30.03
SBA,12/17/2025 11:45,30.03
SBA,12/17/2025 11:50,30.02
SBA,12/17/2025 11:55,30.01
SBA,12/17/2025 12:00,30.01
SBA,12/17/2025 12:05,30.01
SBA,12/17/2025 12:10,30
SBA,12/17/2025 12:15,30
SBA,12/17/2025 12:20,30
SBA,12/17/2025 12:25,30
SBA,12/17/2025 12:30,29.99
SBA,12/17/2025 12:35,30
SBA,12/17/2025 12:40,30
SBA,12/17/2025 12:45,30
SBA,12/17/2025 12:50,29.99
SBA,12/17/2025 12:55,29.99
SBA,12/17/2025 13:00,29.99
SBA,12/17/2025 13:05,29.99
SBA,12/17/2025 13:10,29.99
SBA,12/17/2025 13:15,29.98
SBA,12/17/2025 13:20,29.98
SBA,12/17/2025 13:25,29.98
SBA,12/17/2025 13:30,29.98
SBA,12/17/2025 13:35,29.97
SBA,12/17/2025 13:40,29.97
SBA,12/17/2025 13:45,29.97
SBA,12/17/2025 13:50,29.97
SBA,12/17/2025 13:55,29.96
SBA,12/17/2025 14:00,29.97
SBA,12/17/2025 14:05,29.96
SBA,12/17/2025 14:10,29.96
SBA,12/17/2025 14:15,29.96
SBA,12/17/2025 14:20,29.96
SBA,12/17/2025 14:25,29.96
SBA,12/17/2025 14:30,29.96
SBA,12/17/2025 14:35,29.95
SBA,12/17/2025 14:40,29.95
SBA,12/17/2025 14:45,29.94
SBA,12/17/2025 14:50,29.95
SBA,12/17/2025 14:55,29.95
SBA,12/17/2025 15:00,29.95
SBA,12/17/2025 15:05,29.94
SBA,12/17/2025 15:10,29.95
SBA,12/17/2025 15:15,29.95
SBA,12/17/2025 15:20,29.95
SBA,12/17/2025 15:25,29.95
SBA,12/17/2025 15:30,29.95
SBA,12/17/2025 15:35,29.95
SBA,12/17/2025 15:40,29.95
SBA,12/17/2025 15:45,29.95
SBA,12/17/2025 15:50,29.95
SBA,12/17/2025 15:55,29.95
SBA,12/17/2025 16:00,29.95
SBA,12/17/2025 16:05,29.96
SBA,12/17/2025 16:10,29.95
SBA,12/17/2025 16:15,29.95
SBA,12/17/2025 16:20,29.95
SBA,12/17/2025 16:25,29.96
SBA,12/17/2025 16:30,29.96
SBA,12/17/2025 16:35,29.96
SBA,12/17/2025 16:40,29.96
SBA,12/17/2025 16:45,29.96
SBA,12/17/2025 16:50,29.96
SBA,12/17/2025 16:55,29.96
SBA,12/17/2025 17:00,29.96
SBA,12/17/2025 17:05,29.96
SBA,12/17/2025 17:10,29.97
SBA,12/17/2025 17:15,29.96
SBA,12/17/2025 17:20,29.96
SBA,12/17/2025 17:25,29.96
SBA,12/17/2025 17:30,29.96
SBA,12/17/2025 17:35,29.96
SBA,12/17/2025 17:40,29.96
SBA,12/17/2025 17:45,29.96
SBA,12/17/2025 17:50,29.96
SBA,12/17/2025 17:55,29.96
SBA,12/17/2025 18:00,29.96
SBA,12/17/2025 18:05,29.96
SBA,12/17/2025 18:10,29.96
SBA,12/17/2025 18:15,29.96
SBA,12/17/2025 18:20,29.96
SBA,12/17/2025 18:25,29.96
SBA,12/17/2025 18:30,29.96
SBA,12/17/2025 18:35,29.96
SBA,12/17/2025 18:40,29.96
SBA,12/17/2025 18:45,29.97
SBA,12/17/2025 18:50,29.97
SBA,12/17/2025 18:55,29.97
SBA,12/17/2025 19:00,29.97
SBA,12/17/2025 19:05,29.98
SBA,12/17/2025 19:10,29.98
SBA,12/17/2025 19:15,29.98
SBA,12/17/2025 19:20,29.97
SBA,12/17/2025 19:25,29.97
SBA,12/17/2025 19:30,29.98
SBA,12/17/2025 19:35,29.98
SBA,12/17/2025 19:40,29.98
SBA,12/17/2025 19:45,29.99
SBA,12/17/2025 19:50,29.99
SBA,12/17/2025 19:55,29.99
SBA,12/17/2025 20:00,29.99
SBA,12/17/2025 20:05,29.99
SBA,12/17/2025 20:10,29.99
SBA,12/17/2025 20:15,29.99
SBA,12/17/2025 20:20,29.99
SBA,12/17/2025 20:25,29.99
SBA,12/17/2025 20:30,29.99
SBA,12/17/2025 20:35,29.99
SBA,12/17/2025 20:40,29.99
SBA,12/17/2025 20:45,29.99
SBA,12/17/2025 20:50,29.99
SBA,12/17/2025 21:00,30
SBA,12/17/2025 21:10,30
SBA,12/17/2025 21:15,30
SBA,12/17/2025 21:20,30
SBA,12/17/2025 21:25,30
SBA,12/17/2025 21:30,29.99
SBA,12/17/2025 21:35,29.99
SBA,12/17/2025 21:40,29.99
SBA,12/17/2025 21:45,29.99
SBA,12/17/2025 21:50,29.99
SBA,12/17/2025 21:55,29.99
SBA,12/17/2025 22:00,29.99
SBA,12/17/2025 22:05,29.99
SBA,12/17/2025 22:10,29.99
SBA,12/17/2025 22:15,29.99
SBA,12/17/2025 22:20,30
SBA,12/17/2025 22:25,29.99
SBA,12/17/2025 22:30,30
SBA,12/17/2025 22:40,30
SBA,12/17/2025 22:45,30
SBA,12/17/2025 22:55,29.99
SBA,12/17/2025 23:00,29.99
SBA,12/17/2025 23:05,29.99
SBA,12/17/2025 23:10,29.98
SBA,12/17/2025 23:15,29.98
SBA,12/17/2025 23:20,29.97
SBA,12/17/2025 23:25,29.97
SBA,12/17/2025 23:30,29.97
SBA,12/17/2025 23:35,29.97
SBA,12/17/2025 23:40,29.97
SBA,12/17/2025 23:45,29.97
SBA,12/17/2025 23:50,29.97
SBA,12/17/2025 23:55,29.97
SBA,12/18/2025 0:00,29.97
SBA,12/18/2025 0:05,29.97
SBA,12/18/2025 0:10,29.97
SBA,12/18/2025 0:15,29.97
SBA,12/18/2025 0:20,29.97
SBA,12/18/2025 0:25,29.97
SBA,12/18/2025 0:30,29.96
SBA,12/18/2025 0:35,29.96
SBA,12/18/2025 0:40,29.96
SBA,12/18/2025 0:45,29.96
SBA,12/18/2025 0:55,29.96
SBA,12/18/2025 1:00,29.96
SBA,12/18/2025 1:05,29.96
SBA,12/18/2025 1:10,29.96
SBA,12/18/2025 1:15,29.96
SBA,12/18/2025 1:20,29.96
SBA,12/18/2025 1:30,29.96
SBA,12/18/2025 1:35,29.95
SBA,12/18/2025 1:40,29.95
SBA,12/18/2025 1:45,29.95
SBA,12/18/2025 1:50,29.95
SBA,12/18/2025 1:55,29.95
SBA,12/18/2025 2:05,29.95
SBA,12/18/2025 2:10,29.95
SBA,12/18/2025 2:15,29.95
SBA,12/18/2025 2:20,29.95
SBA,12/18/2025 2:25,29.94
SBA,12/18/2025 2:30,29.95
SBA,12/18/2025 2:35,29.94
SBA,12/18/2025 2:40,29.94
SBA,12/18/2025 2:45,29.94
SBA,12/18/2025 2:50,29.94
SBA,12/18/2025 2:55,29.94
SBA,12/18/2025 3:00,29.94
SBA,12/18/2025 3:05,29.94
SBA,12/18/2025 3:10,29.93
SBA,12/18/2025 3:15,29.93
SBA,12/18/2025 3:20,29.93
SBA,12/18/2025 3:25,29.93
SBA,12/18/2025 3:30,29.93
SBA,12/18/2025 3:35,29.93
SBA,12/18/2025 3:40,29.93
SBA,12/18/2025 3:45,29.93
SBA,12/18/2025 3:50,29.93
SBA,12/18/2025 3:55,29.93
SBA,12/18/2025 4:00,29.93
SBA,12/18/2025 4:10,29.93
SBA,12/18/2025 4:15,29.93
SBA,12/18/2025 4:20,29.93
SBA,12/18/2025 4:25,29.93
SBA,12/18/2025 4:30,29.92
SBA,12/18/2025 4:35,29.93
SBA,12/18/2025 4:40,29.93
SBA,12/18/2025 4:45,29.93
SBA,12/18/2025 4:50,29.93
SBA,12/18/2025 4:55,29.93
SBA,12/18/2025 5:00,29.93
SBA,12/18/2025 5:05,29.93
SBA,12/18/2025 5:10,29.93
SBA,12/18/2025 5:15,29.93
SBA,12/18/2025 5:20,29.93
SBA,12/18/2025 5:25,29.93
SBA,12/18/2025 5:30,29.94
SBA,12/18/2025 5:40,29.95
SBA,12/18/2025 5:45,29.95
SBA,12/18/2025 5:50,29.95
SBA,12/18/2025 5:55,29.95
SBA,12/18/2025 6:00,29.96
SBA,12/18/2025 6:05,29.96
SBA,12/18/2025 6:10,29.96
SBA,12/18/2025 6:15,29.96
SBA,12/18/2025 6:20,29.96
SBA,12/18/2025 6:25,29.96
SBA,12/18/2025 6:30,29.96
SBA,12/18/2025 6:35,29.96
SBA,12/18/2025 6:40,29.96
SBA,12/18/2025 6:45,29.96
SBA,12/18/2025 6:50,29.96
SBA,12/18/2025 7:00,29.96
SBA,12/18/2025 7:05,29.96
SBA,12/18/2025 7:10,29.96
SBA,12/18/2025 7:15,29.96
SBA,12/18/2025 7:20,29.96
SBA,12/18/2025 7:25,29.96
SBA,12/18/2025 7:30,29.96
SBA,12/18/2025 7:35,29.97
SBA,12/18/2025 7:40,29.97
SBA,12/18/2025 7:45,29.98
SBA,12/18/2025 7:50,29.97
SBA,12/18/2025 8:00,29.97
SBA,12/18/2025 8:05,29.98
SBA,12/18/2025 8:10,29.98
SBA,12/18/2025 8:20,29.99
SBA,12/18/2025 8:25,29.99
SBA,12/18/2025 8:30,29.99
SBA,12/18/2025 8:35,29.99
SBA,12/18/2025 8:40,29.99
SBA,12/18/2025 8:50,29.99
SBA,12/18/2025 8:55,29.99
SBA,12/18/2025 9:00,29.99
SBA,12/18/2025 9:05,29.99
SBA,12/18/2025 9:10,29.99
SBA,12/18/2025 9:20,29.99
SBA,12/18/2025 9:25,29.99
SBA,12/18/2025 9:30,29.99
SBA,12/18/2025 9:35,29.99
SBA,12/18/2025 9:40,29.99
SBA,12/18/2025 9:45,29.99
SBA,12/18/2025 9:50,29.99
SBA,12/18/2025 10:00,29.99
SBA,12/18/2025 10:05,29.99
SBA,12/18/2025 10:15,29.99
SBA,12/18/2025 10:20,29.98
SBA,12/18/2025 10:25,29.98
SBA,12/18/2025 10:30,29.98
SBA,12/18/2025 10:35,29.98
SBA,12/18/2025 10:40,29.98
SBA,12/18/2025 10:50,29.98
SBA,12/18/2025 10:55,29.98
SBA,12/18/2025 11:00,29.97
SBA,12/18/2025 11:05,29.97
SBA,12/18/2025 11:15,29.97
SBA,12/18/2025 11:20,29.97
SBA,12/18/2025 11:25,29.97
SBA,12/18/2025 11:30,29.97
SBA,12/18/2025 11:35,29.96
SBA,12/18/2025 11:40,29.96
SBA,12/18/2025 11:45,29.96
SBA,12/18/2025 11:50,29.95
SBA,12/18/2025 11:55,29.95
SBA,12/18/2025 12:00,29.95
SBA,12/18/2025 12:05,29.94
SBA,12/18/2025 12:10,29.94
SBA,12/18/2025 12:15,29.93
SBA,12/18/2025 12:20,29.93
SBA,12/18/2025 12:25,29.93
SBA,12/18/2025 12:30,29.93
SBA,12/18/2025 12:35,29.93
SBA,12/18/2025 12:40,29.92
SBA,12/18/2025 12:45,29.92
SBA,12/18/2025 12:50,29.92
SBA,12/18/2025 12:55,29.92
SBA,12/18/2025 13:00,29.92
SBA,12/18/2025 13:05,29.92
SBA,12/18/2025 13:10,29.92
SBA,12/18/2025 13:15,29.92
SBA,12/18/2025 13:20,29.92
SBA,12/18/2025 13:30,29.92
SBA,12/18/2025 13:40,29.92
SBA,12/18/2025 13:45,29.91
SBA,12/18/2025 13:50,29.91
SBA,12/18/2025 14:00,29.91
SBA,12/18/2025 14:05,29.92
SBA,12/18/2025 14:10,29.91
SBA,12/18/2025 14:15,29.91
SBA,12/18/2025 14:20,29.91
SBA,12/18/2025 14:25,29.92
SBA,12/18/2025 14:30,29.91
SBA,12/18/2025 14:35,29.91
SBA,12/18/2025 14:40,29.91
SBA,12/18/2025 14:45,29.91
SBA,12/18/2025 14:50,29.91
SBA,12/18/2025 14:55,29.91
SBA,12/18/2025 15:00,29.91
SBA,12/18/2025 15:05,29.91
SBA,12/18/2025 15:10,29.91
SBA,12/18/2025 15:15,29.91
SBA,12/18/2025 15:20,29.91
SBA,12/18/2025 15:25,29.91
SBA,12/18/2025 15:30,29.91
SBA,12/18/2025 15:35,29.9
SBA,12/18/2025 15:45,29.9
SBA,12/18/2025 15:50,29.9
SBA,12/18/2025 15:55,29.9
SBA,12/18/2025 16:00,29.9
SBA,12/18/2025 16:05,29.9
SBA,12/18/2025 16:10,29.9
SBA,12/18/2025 16:15,29.9
SBA,12/18/2025 16:20,29.91
SBA,12/18/2025 16:25,29.91
SBA,12/18/2025 16:30,29.91
SBA,12/18/2025 16:35,29.91
SBA,12/18/2025 16:40,29.91
SBA,12/18/2025 16:45,29.91
SBA,12/18/2025 16:50,29.92
SBA,12/18/2025 16:55,29.92
SBA,12/18/2025 17:00,29.92
SBA,12/18/2025 17:05,29.92
SBA,12/18/2025 17:10,29.92
SBA,12/18/2025 17:15,29.92
SBA,12/18/2025 17:20,29.92
SBA,12/18/2025 17:25,29.93
SBA,12/18/2025 17:30,29.92
SBA,12/18/2025 17:35,29.92
SBA,12/18/2025 17:40,29.93
SBA,12/18/2025 17:45,29.93
SBA,12/18/2025 17:50,29.93
SBA,12/18/2025 17:55,29.93
SBA,12/18/2025 18:05,29.93
SBA,12/18/2025 18:10,29.93
SBA,12/18/2025 18:15,29.93
SBA,12/18/2025 18:20,29.93
SBA,12/18/2025 18:25,29.93
SBA,12/18/2025 18:30,29.93
SBA,12/18/2025 18:35,29.93
SBA,12/18/2025 18:40,29.93
SBA,12/18/2025 18:45,29.94
SBA,12/18/2025 18:50,29.93
SBA,12/18/2025 18:55,29.93
SBA,12/18/2025 19:00,29.94
SBA,12/18/2025 19:05,29.94
SBA,12/18/2025 19:10,29.94
SBA,12/18/2025 19:15,29.94
SBA,12/18/2025 19:20,29.94
SBA,12/18/2025 19:25,29.94
SBA,12/18/2025 19:30,29.95
SBA,12/18/2025 19:40,29.95
SBA,12/18/2025 19:45,29.95
SBA,12/18/2025 19:50,29.95
SBA,12/18/2025 19:55,29.95
SBA,12/18/2025 20:00,29.95
SBA,12/18/2025 20:05,29.96
SBA,12/18/2025 20:10,29.95
SBA,12/18/2025 20:15,29.96
SBA,12/18/2025 20:20,29.96
SBA,12/18/2025 20:30,29.96
SBA,12/18/2025 20:35,29.96
SBA,12/18/2025 20:40,29.96
SBA,12/18/2025 20:45,29.96
SBA,12/18/2025 20:50,29.96
SBA,12/18/2025 21:00,29.96
SBA,12/18/2025 21:05,29.96
SBA,12/18/2025 21:15,29.96
SBA,12/18/2025 21:20,29.96
SBA,12/18/2025 21:30,29.96
SBA,12/18/2025 21:35,29.96
SBA,12/18/2025 21:45,29.96
SBA,12/18/2025 21:50,29.97
SBA,12/18/2025 21:55,29.97
SBA,12/18/2025 22:00,29.97
SBA,12/18/2025 22:05,29.97
SBA,12/18/2025 22:10,29.97
SBA,12/18/2025 22:15,29.97
SBA,12/18/2025 22:20,29.97
SBA,12/18/2025 22:25,29.97
SBA,12/18/2025 22:30,29.97
SBA,12/18/2025 22:35,29.97
SBA,12/18/2025 22:40,29.98
SBA,12/18/2025 22:45,29.98
SBA,12/18/2025 22:55,29.97
SBA,12/18/2025 23:00,29.98
SBA,12/18/2025 23:05,29.98
SBA,12/18/2025 23:10,29.98
SBA,12/18/2025 23:15,29.97
SBA,12/18/2025 23:20,29.97
SBA,12/18/2025 23:25,29.97
SBA,12/18/2025 23:30,29.97
SBA,12/18/2025 23:35,29.97
SBA,12/18/2025 23:40,29.97
SBA,12/18/2025 23:45,29.97
SBA,12/18/2025 23:50,29.96
SBA,12/18/2025 23:55,29.96
SBA,12/19/2025 0:00,29.97
SBA,12/19/2025 0:05,29.97
SBA,12/19/2025 0:10,29.96
SBA,12/19/2025 0:15,29.96
SBA,12/19/2025 0:20,29.96
SBA,12/19/2025 0:25,29.96
SBA,12/19/2025 0:30,29.96
SBA,12/19/2025 0:35,29.97
SBA,12/19/2025 0:40,29.96
SBA,12/19/2025 0:50,29.96
SBA,12/19/2025 0:55,29.96
SBA,12/19/2025 1:00,29.96
SBA,12/19/2025 1:05,29.96
SBA,12/19/2025 1:10,29.96
SBA,12/19/2025 1:15,29.97
SBA,12/19/2025 1:20,29.96
SBA,12/19/2025 1:25,29.96
SBA,12/19/2025 1:30,29.97
SBA,12/19/2025 1:35,29.96
SBA,12/19/2025 1:40,29.97
SBA,12/19/2025 1:45,29.97
SBA,12/19/2025 1:50,29.97
SBA,12/19/2025 1:55,29.97
SBA,12/19/2025 2:00,29.97
SBA,12/19/2025 2:05,29.97
SBA,12/19/2025 2:10,29.97
SBA,12/19/2025 2:15,29.97
SBA,12/19/2025 2:25,29.96
SBA,12/19/2025 2:30,29.96
SBA,12/19/2025 2:35,29.97
SBA,12/19/2025 2:40,29.96
SBA,12/19/2025 2:45,29.96
SBA,12/19/2025 2:50,29.96
SBA,12/19/2025 2:55,29.96
SBA,12/19/2025 3:00,29.96
SBA,12/19/2025 3:05,29.96
SBA,12/19/2025 3:15,29.97
SBA,12/19/2025 3:25,29.97
SBA,12/19/2025 3:30,29.97
SBA,12/19/2025 3:35,29.97
SBA,12/19/2025 3:40,29.97
SBA,12/19/2025 3:45,29.97
SBA,12/19/2025 3:50,29.97
SBA,12/19/2025 3:55,29.97
SBA,12/19/2025 4:00,29.97
SBA,12/19/2025 4:05,29.97
SBA,12/19/2025 4:10,29.97
SBA,12/19/2025 4:15,29.97
SBA,12/19/2025 4:20,29.97
SBA,12/19/2025 4:25,29.97
SBA,12/19/2025 4:30,29.97
SBA,12/19/2025 4:35,29.97
SBA,12/19/2025 4:40,29.97
SBA,12/19/2025 4:45,29.97
SBA,12/19/2025 4:50,29.97
SBA,12/19/2025 4:55,29.97
SBA,12/19/2025 5:00,29.97
SBA,12/19/2025 5:05,29.98
SBA,12/19/2025 5:10,29.98
SBA,12/19/2025 5:15,29.98
SBA,12/19/2025 5:20,29.98
SBA,12/19/2025 5:25,29.99
SBA,12/19/2025 5:30,29.99
SBA,12/19/2025 5:35,29.99
SBA,12/19/2025 5:40,29.99
SBA,12/19/2025 5:45,29.99
SBA,12/19/2025 5:50,29.99
SBA,12/19/2025 5:55,29.99
SBA,12/19/2025 6:00,29.99
SBA,12/19/2025 6:05,30
SBA,12/19/2025 6:10,30
SBA,12/19/2025 6:15,30
SBA,12/19/2025 6:25,30
SBA,12/19/2025 6:40,30
SBA,12/19/2025 6:45,30
SBA,12/19/2025 6:50,30
SBA,12/19/2025 6:55,30
SBA,12/19/2025 7:00,30
SBA,12/19/2025 7:05,30
SBA,12/19/2025 7:10,30
SBA,12/19/2025 7:15,30
SBA,12/19/2025 7:20,30
SBA,12/19/2025 7:25,30.01
SBA,12/19/2025 7:30,30
SBA,12/19/2025 7:35,30.01
SBA,12/19/2025 7:40,30.01
SBA,12/19/2025 7:45,30.01
SBA,12/19/2025 7:50,30.01
SBA,12/19/2025 7:55,30.01
SBA,12/19/2025 8:00,30.01
SBA,12/19/2025 8:05,30.01
SBA,12/19/2025 8:10,30.02
SBA,12/19/2025 8:15,30.02
SBA,12/19/2025 8:20,30.02
SBA,12/19/2025 8:25,30.02
SBA,12/19/2025 8:30,30.02
SBA,12/19/2025 8:35,30.02
SBA,12/19/2025 8:40,30.02
SBA,12/19/2025 8:45,30.02
SBA,12/19/2025 8:50,30.02
SBA,12/19/2025 8:55,30.02
SBA,12/19/2025 9:00,30.02
SBA,12/19/2025 9:15,30.02
SBA,12/19/2025 9:20,30.02
SBA,12/19/2025 9:25,30.02
SBA,12/19/2025 9:30,30.02
SBA,12/19/2025 9:35,30.02
SBA,12/19/2025 9:40,30.02
SBA,12/19/2025 9:45,30.02
SBA,12/19/2025 9:50,30.02
SBA,12/19/2025 9:55,30.02
SBA,12/19/2025 10:00,30.02
SBA,12/19/2025 10:05,30.03
SBA,12/19/2025 10:10,30.03
SBA,12/19/2025 10:15,30.03
SBA,12/19/2025 10:20,30.03
SBA,12/19/2025 10:25,30.03
SBA,12/19/2025 10:30,30.03
SBA,12/19/2025 10:35,30.03
SBA,12/19/2025 10:40,30.02
SBA,12/19/2025 10:45,30.02
SBA,12/19/2025 10:50,30.02
SBA,12/19/2025 10:55,30.02
SBA,12/19/2025 11:00,30.02
SBA,12/19/2025 11:05,30.01
SBA,12/19/2025 11:10,30.01
SBA,12/19/2025 11:15,30.01
SBA,12/19/2025 11:20,30
SBA,12/19/2025 11:25,30
SBA,12/19/2025 11:30,30
SBA,12/19/2025 11:35,30
SBA,12/19/2025 11:40,30
SBA,12/19/2025 11:45,29.99
SBA,12/19/2025 11:50,29.99
SBA,12/19/2025 11:55,29.99
SBA,12/19/2025 12:00,29.99
SBA,12/19/2025 12:05,29.99
SBA,12/19/2025 12:10,29.98
SBA,12/19/2025 12:15,29.98
SBA,12/19/2025 12:20,29.98
SBA,12/19/2025 12:25,29.98
SBA,12/19/2025 12:30,29.97
SBA,12/19/2025 12:35,29.97
SBA,12/19/2025 12:40,29.97
SBA,12/19/2025 12:45,29.97
SBA,12/19/2025 12:50,29.97
SBA,12/19/2025 12:55,29.97
SBA,12/19/2025 13:00,29.97
SBA,12/19/2025 13:05,29.97
SBA,12/19/2025 13:10,29.97
SBA,12/19/2025 13:15,29.97
SBA,12/19/2025 13:20,29.97
SBA,12/19/2025 13:25,29.97
SBA,12/19/2025 13:30,29.97
SBA,12/19/2025 13:35,29.97
SBA,12/19/2025 13:40,29.97
SBA,12/19/2025 13:45,29.97
SBA,12/19/2025 13:50,29.97
SBA,12/19/2025 13:55,29.96
SBA,12/19/2025 14:00,29.96
SBA,12/19/2025 14:05,29.96
SBA,12/19/2025 14:10,29.96
SBA,12/19/2025 14:15,29.96
SBA,12/19/2025 14:20,29.96
SBA,12/19/2025 14:25,29.96
SBA,12/19/2025 14:30,29.96
SBA,12/19/2025 14:35,29.97
SBA,12/19/2025 14:40,29.96
SBA,12/19/2025 14:45,29.96
SBA,12/19/2025 14:50,29.96
SBA,12/19/2025 14:55,29.95
SBA,12/19/2025 15:00,29.95
SBA,12/19/2025 15:05,29.96
SBA,12/19/2025 15:10,29.96
SBA,12/19/2025 15:15,29.97
SBA,12/19/2025 15:20,29.97
SBA,12/19/2025 15:25,29.97
SBA,12/19/2025 15:30,29.96
SBA,12/19/2025 15:35,29.96
SBA,12/19/2025 15:40,29.96
SBA,12/19/2025 15:45,29.96
SBA,12/19/2025 15:50,29.96
SBA,12/19/2025 15:55,29.96
SBA,12/19/2025 16:00,29.95
SBA,12/19/2025 16:05,29.95
SBA,12/19/2025 16:10,29.95
SBA,12/19/2025 16:15,29.95
SBA,12/19/2025 16:20,29.95
SBA,12/19/2025 16:25,29.95
SBA,12/19/2025 16:30,29.95
SBA,12/19/2025 16:35,29.95
SBA,12/19/2025 16:40,29.95
SBA,12/19/2025 16:45,29.95
SBA,12/19/2025 16:50,29.95
SBA,12/19/2025 16:55,29.95
SBA,12/19/2025 17:00,29.95
SBA,12/19/2025 17:05,29.95
SBA,12/19/2025 17:10,29.96
SBA,12/19/2025 17:15,29.96
SBA,12/19/2025 17:20,29.95
SBA,12/19/2025 17:25,29.95
SBA,12/19/2025 17:30,29.95
SBA,12/19/2025 17:35,29.95
SBA,12/19/2025 17:40,29.95
SBA,12/19/2025 17:45,29.95
SBA,12/19/2025 17:50,29.96
SBA,12/19/2025 17:55,29.96
SBA,12/19/2025 18:00,29.96
SBA,12/19/2025 18:05,29.96
SBA,12/19/2025 18:10,29.96
SBA,12/19/2025 18:15,29.96
SBA,12/19/2025 18:20,29.96
SBA,12/19/2025 18:25,29.96
SBA,12/19/2025 18:30,29.96
SBA,12/19/2025 18:35,29.96
SBA,12/19/2025 18:40,29.96
SBA,12/19/2025 18:45,29.96
SBA,12/19/2025 18:50,29.97
SBA,12/19/2025 18:55,29.97
SBA,12/19/2025 19:00,29.97
SBA,12/19/2025 19:05,29.98
SBA,12/19/2025 19:10,29.98
SBA,12/19/2025 19:15,29.97
SBA,12/19/2025 19:20,29.97
SBA,12/19/2025 19:25,29.97
SBA,12/19/2025 19:30,29.97
SBA,12/19/2025 19:35,29.97
SBA,12/19/2025 19:40,29.98
SBA,12/19/2025 19:45,29.98
SBA,12/19/2025 19:50,29.97
SBA,12/19/2025 19:55,29.97
SBA,12/19/2025 20:00,29.97
SBA,12/19/2025 20:05,29.97
SBA,12/19/2025 20:10,29.98
SBA,12/19/2025 20:15,29.98
SBA,12/19/2025 20:20,29.98
SBA,12/19/2025 20:25,29.98
SBA,12/19/2025 20:30,29.98
SBA,12/19/2025 20:35,29.99
SBA,12/19/2025 20:40,29.98
SBA,12/19/2025 20:45,29.99
SBA,12/19/2025 20:50,29.99
SBA,12/19/2025 20:55,29.99
SBA,12/19/2025 21:00,29.99
SBA,12/19/2025 21:05,30
SBA,12/19/2025 21:10,30
SBA,12/19/2025 21:15,30
SBA,12/19/2025 21:20,30
SBA,12/19/2025 21:25,30
SBA,12/19/2025 21:30,30
SBA,12/19/2025 21:35,30.01
SBA,12/19/2025 21:40,30.01
SBA,12/19/2025 21:45,30.01
SBA,12/19/2025 21:50,30.02
SBA,12/19/2025 21:55,30.02
SBA,12/19/2025 22:00,30.02
SBA,12/19/2025 22:05,30.02
SBA,12/19/2025 22:10,30.02
SBA,12/19/2025 22:15,30.02
SBA,12/19/2025 22:20,30.02
SBA,12/19/2025 22:25,30.02
SBA,12/19/2025 22:30,30.02
SBA,12/19/2025 22:35,30.02
SBA,12/19/2025 22:40,30.03
SBA,12/19/2025 22:45,30.03
SBA,12/19/2025 22:50,30.03
SBA,12/19/2025 22:55,30.03
SBA,12/19/2025 23:00,30.03
SBA,12/19/2025 23:05,30.03
SBA,12/19/2025 23:10,30.03
SBA,12/19/2025 23:15,30.03
SBA,12/19/2025 23:20,30.03
SBA,12/19/2025 23:25,30.03
SBA,12/19/2025 23:30,30.02
SBA,12/19/2025 23:35,30.03
SBA,12/19/2025 23:40,30.02
SBA,12/19/2025 23:45,30.02
SBA,12/19/2025 23:50,30.02
SBA,12/19/2025 23:55,30.02
SBA,12/20/2025 0:00,30.02
SBA,12/20/2025 0:05,30.02
SBA,12/20/2025 0:10,30.02
SBA,12/20/2025 0:15,30.02
SBA,12/20/2025 0:20,30.01
SBA,12/20/2025 0:25,30.01
SBA,12/20/2025 0:30,30.01
SBA,12/20/2025 0:35,30.01
SBA,12/20/2025 0:40,30.01
SBA,12/20/2025 0:45,30.01
SBA,12/20/2025 0:50,30.01
SBA,12/20/2025 0:55,30.01
SBA,12/20/2025 1:00,30.01
SBA,12/20/2025 1:05,30.01
SBA,12/20/2025 1:10,30.02
SBA,12/20/2025 1:15,30.02
SBA,12/20/2025 1:20,30.02
SBA,12/20/2025 1:25,30.02
SBA,12/20/2025 1:30,30.02
SBA,12/20/2025 1:35,30.03
SBA,12/20/2025 1:40,30.03
SBA,12/20/2025 1:45,30.03
SBA,12/20/2025 1:50,30.03
SBA,12/20/2025 1:55,30.04
SBA,12/20/2025 2:00,30.04
SBA,12/20/2025 2:05,30.04
SBA,12/20/2025 2:10,30.04
SBA,12/20/2025 2:15,30.04
SBA,12/20/2025 2:20,30.04
SBA,12/20/2025 2:25,30.04
SBA,12/20/2025 2:30,30.04
SBA,12/20/2025 2:35,30.04
SBA,12/20/2025 2:40,30.04
SBA,12/20/2025 2:45,30.04
SBA,12/20/2025 2:50,30.04
SBA,12/20/2025 2:55,30.05
SBA,12/20/2025 3:00,30.05
SBA,12/20/2025 3:05,30.05
SBA,12/20/2025 3:10,30.05
SBA,12/20/2025 3:15,30.04
SBA,12/20/2025 3:20,30.04
SBA,12/20/2025 3:25,30.04
SBA,12/20/2025 3:30,30.04
SBA,12/20/2025 3:35,30.04
SBA,12/20/2025 3:40,30.04
SBA,12/20/2025 3:45,30.04
SBA,12/20/2025 3:50,30.04
SBA,12/20/2025 3:55,30.04
SBA,12/20/2025 4:00,30.04
SBA,12/20/2025 4:05,30.04
SBA,12/20/2025 4:10,30.04
SBA,12/20/2025 4:15,30.04
SBA,12/20/2025 4:20,30.04
SBA,12/20/2025 4:25,30.04
SBA,12/20/2025 4:30,30.04
SBA,12/20/2025 4:35,30.04
SBA,12/20/2025 4:40,30.04
SBA,12/20/2025 4:45,30.04
SBA,12/20/2025 4:50,30.04
SBA,12/20/2025 4:55,30.04
SBA,12/20/2025 5:00,30.04
SBA,12/20/2025 5:05,30.04
SBA,12/20/2025 5:10,30.04
SBA,12/20/2025 5:15,30.04
SBA,12/20/2025 5:20,30.04
SBA,12/20/2025 5:25,30.04
SBA,12/20/2025 5:30,30.04
SBA,12/20/2025 5:35,30.05
SBA,12/20/2025 5:40,30.05
SBA,12/20/2025 5:45,30.05
SBA,12/20/2025 5:50,30.05
SBA,12/20/2025 5:55,30.05
SBA,12/20/2025 6:00,30.05
SBA,12/20/2025 6:05,30.05
SBA,12/20/2025 6:10,30.05
SBA,12/20/2025 6:15,30.05
SBA,12/20/2025 6:20,30.05
SBA,12/20/2025 6:25,30.05
SBA,12/20/2025 6:30,30.05
SBA,12/20/2025 6:35,30.05
SBA,12/20/2025 6:40,30.05
SBA,12/20/2025 6:45,30.05
SBA,12/20/2025 6:50,30.05
SBA,12/20/2025 6:55,30.05
SBA,12/20/2025 7:00,30.05
SBA,12/20/2025 7:05,30.05
SBA,12/20/2025 7:10,30.05
SBA,12/20/2025 7:15,30.05
SBA,12/20/2025 7:20,30.05
SBA,12/20/2025 7:25,30.05
SBA,12/20/2025 7:30,30.05
SBA,12/20/2025 7:35,30.05
SBA,12/20/2025 7:40,30.06
SBA,12/20/2025 7:45,30.06
SBA,12/20/2025 7:50,30.06
SBA,12/20/2025 7:55,30.07
SBA,12/20/2025 8:00,30.07
SBA,12/20/2025 8:05,30.07
SBA,12/20/2025 8:10,30.07
SBA,12/20/2025 8:15,30.07
SBA,12/20/2025 8:20,30.07
SBA,12/20/2025 8:25,30.07
SBA,12/20/2025 8:30,30.08
SBA,12/20/2025 8:35,30.08
SBA,12/20/2025 8:40,30.08
SBA,12/20/2025 8:45,30.08
SBA,12/20/2025 8:50,30.08
SBA,12/20/2025 8:55,30.08
SBA,12/20/2025 9:00,30.08
SBA,12/20/2025 9:05,30.08
SBA,12/20/2025 9:10,30.08
SBA,12/20/2025 9:15,30.08
SBA,12/20/2025 9:20,30.08
SBA,12/20/2025 9:25,30.08
SBA,12/20/2025 9:30,30.08
SBA,12/20/2025 9:35,30.08
SBA,12/20/2025 9:40,30.08
SBA,12/20/2025 9:45,30.08
SBA,12/20/2025 9:50,30.08
SBA,12/20/2025 9:55,30.08
SBA,12/20/2025 10:00,30.07
SBA,12/20/2025 10:05,30.07
SBA,12/20/2025 10:10,30.07
SBA,12/20/2025 10:15,30.07
SBA,12/20/2025 10:20,30.07
SBA,12/20/2025 10:25,30.07
SBA,12/20/2025 10:30,30.07
SBA,12/20/2025 10:35,30.07
SBA,12/20/2025 10:40,30.07
SBA,12/20/2025 10:45,30.07
SBA,12/20/2025 10:50,30.07
SBA,12/20/2025 10:55,30.06
SBA,12/20/2025 11:00,30.06
SBA,12/20/2025 11:05,30.07
SBA,12/20/2025 11:10,30.06
SBA,12/20/2025 11:15,30.07
SBA,12/20/2025 11:20,30.06
SBA,12/20/2025 11:25,30.06
SBA,12/20/2025 11:30,30.05
SBA,12/20/2025 11:35,30.05
SBA,12/20/2025 11:40,30.05
SBA,12/20/2025 11:45,30.04
SBA,12/20/2025 11:50,30.04
SBA,12/20/2025 11:55,30.04
SBA,12/20/2025 12:00,30.04
SBA,12/20/2025 12:05,30.04
SBA,12/20/2025 12:10,30.03
SBA,12/20/2025 12:15,30.02
SBA,12/20/2025 12:20,30.03
SBA,12/20/2025 12:25,30.03
SBA,12/20/2025 12:30,30.03
SBA,12/20/2025 12:35,30.03
SBA,12/20/2025 12:40,30.02
SBA,12/20/2025 12:45,30.03
SBA,12/20/2025 12:50,30.02
SBA,12/20/2025 12:55,30.02
SBA,12/20/2025 13:00,30.02
SBA,12/20/2025 13:05,30.02
SBA,12/20/2025 13:10,30.02
SBA,12/20/2025 13:15,30.02
SBA,12/20/2025 13:20,30.02
SBA,12/20/2025 13:25,30.02
SBA,12/20/2025 13:30,30.02
SBA,12/20/2025 13:35,30.02
SBA,12/20/2025 13:40,30.02
SBA,12/20/2025 13:45,30.02
SBA,12/20/2025 13:50,30.01
SBA,12/20/2025 13:55,30.02
SBA,12/20/2025 14:00,30.02
SBA,12/20/2025 14:05,30.02
SBA,12/20/2025 14:10,30.02
SBA,12/20/2025 14:15,30.02
SBA,12/20/2025 14:20,30.02
SBA,12/20/2025 14:25,30.02
SBA,12/20/2025 14:30,30.02
SBA,12/20/2025 14:35,30.01
SBA,12/20/2025 14:40,30.01
SBA,12/20/2025 14:45,30.01
SBA,12/20/2025 14:50,30.01
SBA,12/20/2025 14:55,30.01
SBA,12/20/2025 15:00,30.01
SBA,12/20/2025 15:05,30.01
SBA,12/20/2025 15:10,30.01
SBA,12/20/2025 15:15,30.01
SBA,12/20/2025 15:20,30.01
SBA,12/20/2025 15:25,30.01
SBA,12/20/2025 15:30,30.01
SBA,12/20/2025 15:35,30.01
SBA,12/20/2025 15:40,30.01
SBA,12/20/2025 15:45,30.02
SBA,12/20/2025 15:50,30.02
SBA,12/20/2025 15:55,30.02
SBA,12/20/2025 16:00,30.02
SBA,12/20/2025 16:05,30.02
SBA,12/20/2025 16:10,30.02
SBA,12/20/2025 16:15,30.02
SBA,12/20/2025 16:20,30.02
SBA,12/20/2025 16:25,30.02
SBA,12/20/2025 16:30,30.02
SBA,12/20/2025 16:35,30.02
SBA,12/20/2025 16:40,30.02
SBA,12/20/2025 16:45,30.02
SBA,12/20/2025 16:50,30.02
SBA,12/20/2025 16:55,30.02
SBA,12/20/2025 17:00,30.03
SBA,12/20/2025 17:05,30.03
SBA,12/20/2025 17:10,30.03
SBA,12/20/2025 17:15,30.03
SBA,12/20/2025 17:20,30.03
SBA,12/20/2025 17:25,30.03
SBA,12/20/2025 17:30,30.03
SBA,12/20/2025 17:35,30.04
SBA,12/20/2025 17:40,30.04
SBA,12/20/2025 17:45,30.04
SBA,12/20/2025 17:50,30.04
SBA,12/20/2025 17:55,30.04
SBA,12/20/2025 18:00,30.04
SBA,12/20/2025 18:05,30.04
SBA,12/20/2025 18:10,30.04
SBA,12/20/2025 18:15,30.04
SBA,12/20/2025 18:20,30.05
SBA,12/20/2025 18:25,30.05
SBA,12/20/2025 18:30,30.05
SBA,12/20/2025 18:35,30.05
SBA,12/20/2025 18:40,30.05
SBA,12/20/2025 18:45,30.05
SBA,12/20/2025 18:50,30.05
SBA,12/20/2025 18:55,30.05
SBA,12/20/2025 19:00,30.05
SBA,12/20/2025 19:05,30.05
SBA,12/20/2025 19:10,30.05
SBA,12/20/2025 19:15,30.06
SBA,12/20/2025 19:20,30.06
SBA,12/20/2025 19:25,30.06
SBA,12/20/2025 19:30,30.06
SBA,12/20/2025 19:35,30.06
SBA,12/20/2025 19:40,30.06
SBA,12/20/2025 19:45,30.07
SBA,12/20/2025 19:50,30.07
SBA,12/20/2025 19:55,30.07
SBA,12/20/2025 20:00,30.07
SBA,12/20/2025 20:05,30.07
SBA,12/20/2025 20:10,30.07
SBA,12/20/2025 20:15,30.07
SBA,12/20/2025 20:20,30.07
SBA,12/20/2025 20:25,30.07
SBA,12/20/2025 20:30,30.07
SBA,12/20/2025 20:35,30.07
SBA,12/20/2025 20:40,30.07
SBA,12/20/2025 20:45,30.07
SBA,12/20/2025 20:50,30.07
SBA,12/20/2025 20:55,30.07
SBA,12/20/2025 21:00,30.07
SBA,12/20/2025 21:05,30.08
SBA,12/20/2025 21:10,30.07
SBA,12/20/2025 21:15,30.07
SBA,12/20/2025 21:20,30.07
SBA,12/20/2025 21:25,30.07
SBA,12/20/2025 21:30,30.07
SBA,12/20/2025 21:35,30.07
SBA,12/20/2025 21:40,30.08
SBA,12/20/2025 21:45,30.08
SBA,12/20/2025 21:50,30.08
SBA,12/20/2025 21:55,30.08
SBA,12/20/2025 22:00,30.08
SBA,12/20/2025 22:05,30.08
SBA,12/20/2025 22:10,30.08
SBA,12/20/2025 22:15,30.09
SBA,12/20/2025 22:20,30.09
SBA,12/20/2025 22:25,30.09
SBA,12/20/2025 22:30,30.09
SBA,12/20/2025 22:35,30.09
SBA,12/20/2025 22:40,30.08
SBA,12/20/2025 22:45,30.08
SBA,12/20/2025 22:50,30.08
SBA,12/20/2025 22:55,30.08
SBA,12/20/2025 23:00,30.08
SBA,12/20/2025 23:05,30.08
SBA,12/20/2025 23:10,30.08
SBA,12/20/2025 23:15,30.08
SBA,12/20/2025 23:20,30.08
SBA,12/20/2025 23:25,30.08
SBA,12/20/2025 23:30,30.08
SBA,12/20/2025 23:35,30.08
SBA,12/20/2025 23:40,30.08
SBA,12/20/2025 23:45,30.08
SBA,12/20/2025 23:50,30.08
SBA,12/20/2025 23:55,30.08
SBA,12/21/2025 0:00,30.08
SBA,12/21/2025 0:05,30.08
SBA,12/21/2025 0:10,30.08
SBA,12/21/2025 0:15,30.08
SBA,12/21/2025 0:20,30.08
SBA,12/21/2025 0:25,30.08
SBA,12/21/2025 0:30,30.08
SBA,12/21/2025 0:35,30.08
SBA,12/21/2025 0:40,30.08
SBA,12/21/2025 0:45,30.08
SBA,12/21/2025 0:50,30.08
SBA,12/21/2025 0:55,30.08
SBA,12/21/2025 1:00,30.08
SBA,12/21/2025 1:05,30.08
SBA,12/21/2025 1:10,30.08
SBA,12/21/2025 1:15,30.08
SBA,12/21/2025 1:20,30.08
SBA,12/21/2025 1:25,30.08
SBA,12/21/2025 1:30,30.08
SBA,12/21/2025 1:35,30.08
SBA,12/21/2025 1:40,30.08
SBA,12/21/2025 1:45,30.08
SBA,12/21/2025 1:50,30.08
SBA,12/21/2025 1:55,30.09
SBA,12/21/2025 2:00,30.09
SBA,12/21/2025 2:05,30.09
SBA,12/21/2025 2:10,30.09
SBA,12/21/2025 2:15,30.08
SBA,12/21/2025 2:20,30.08
SBA,12/21/2025 2:25,30.08
SBA,12/21/2025 2:30,30.08
SBA,12/21/2025 2:35,30.08
SBA,12/21/2025 2:40,30.08
SBA,12/21/2025 2:45,30.07
SBA,12/21/2025 2:50,30.07
SBA,12/21/2025 2:55,30.07
SBA,12/21/2025 3:00,30.07
SBA,12/21/2025 3:05,30.07
SBA,12/21/2025 3:10,30.07
SBA,12/21/2025 3:15,30.07
SBA,12/21/2025 3:20,30.07
SBA,12/21/2025 3:25,30.07
SBA,12/21/2025 3:30,30.08
SBA,12/21/2025 3:35,30.07
SBA,12/21/2025 3:40,30.08
SBA,12/21/2025 3:45,30.07
SBA,12/21/2025 3:50,30.07
SBA,12/21/2025 3:55,30.07
SBA,12/21/2025 4:00,30.07
SBA,12/21/2025 4:05,30.07
SBA,12/21/2025 4:10,30.07
SBA,12/21/2025 4:15,30.07
SBA,12/21/2025 4:20,30.07
SBA,12/21/2025 4:25,30.07
SBA,12/21/2025 4:30,30.07
SBA,12/21/2025 4:35,30.07
SBA,12/21/2025 4:40,30.07
SBA,12/21/2025 4:45,30.07
SBA,12/21/2025 4:50,30.07
SBA,12/21/2025 4:55,30.06
SBA,12/21/2025 5:00,30.06
SBA,12/21/2025 5:05,30.07
SBA,12/21/2025 5:10,30.07
SBA,12/21/2025 5:15,30.07
SBA,12/21/2025 5:20,30.07
SBA,12/21/2025 5:25,30.07
SBA,12/21/2025 5:30,30.07
SBA,12/21/2025 5:35,30.07
SBA,12/21/2025 5:40,30.07
SBA,12/21/2025 5:45,30.07
SBA,12/21/2025 5:50,30.07
SBA,12/21/2025 5:55,30.07
SBA,12/21/2025 6:00,30.07
SBA,12/21/2025 6:05,30.08
SBA,12/21/2025 6:10,30.08
SBA,12/21/2025 6:15,30.08
SBA,12/21/2025 6:20,30.09
SBA,12/21/2025 6:25,30.09
SBA,12/21/2025 6:30,30.09
SBA,12/21/2025 6:35,30.09
SBA,12/21/2025 6:40,30.09
SBA,12/21/2025 6:45,30.09
SBA,12/21/2025 6:50,30.09
SBA,12/21/2025 6:55,30.08
SBA,12/21/2025 7:00,30.08
SBA,12/21/2025 7:05,30.08
SBA,12/21/2025 7:10,30.08
SBA,12/21/2025 7:15,30.08
SBA,12/21/2025 7:20,30.08
SBA,12/21/2025 7:25,30.08
SBA,12/21/2025 7:30,30.09
SBA,12/21/2025 7:35,30.09
SBA,12/21/2025 7:40,30.09
SBA,12/21/2025 7:45,30.1
SBA,12/21/2025 7:50,30.1
SBA,12/21/2025 7:55,30.1
SBA,12/21/2025 8:00,30.11
SBA,12/21/2025 8:05,30.11
SBA,12/21/2025 8:10,30.11
SBA,12/21/2025 8:15,30.11
SBA,12/21/2025 8:20,30.11
SBA,12/21/2025 8:25,30.11
SBA,12/21/2025 8:30,30.11
SBA,12/21/2025 8:35,30.11
SBA,12/21/2025 8:40,30.11
SBA,12/21/2025 8:45,30.11
SBA,12/21/2025 8:50,30.11
SBA,12/21/2025 8:55,30.12
SBA,12/21/2025 9:00,30.12
SBA,12/21/2025 9:05,30.12
SBA,12/21/2025 9:10,30.12
SBA,12/21/2025 9:15,30.12
SBA,12/21/2025 9:20,30.12
SBA,12/21/2025 9:25,30.12
SBA,12/21/2025 9:30,30.12
SBA,12/21/2025 9:35,30.12
SBA,12/21/2025 9:40,30.12
SBA,12/21/2025 9:45,30.12
SBA,12/21/2025 9:50,30.12
SBA,12/21/2025 9:55,30.12
SBA,12/21/2025 10:00,30.12
SBA,12/21/2025 10:05,30.12
SBA,12/21/2025 10:10,30.12
SBA,12/21/2025 10:15,30.12
SBA,12/21/2025 10:20,30.12
SBA,12/21/2025 10:25,30.12
SBA,12/21/2025 10:30,30.12
SBA,12/21/2025 10:35,30.12
SBA,12/21/2025 10:40,30.11
SBA,12/21/2025 10:45,30.11
SBA,12/21/2025 10:50,30.11
SBA,12/21/2025 10:55,30.11
SBA,12/21/2025 11:00,30.11
SBA,12/21/2025 11:05,30.11
SBA,12/21/2025 11:10,30.11
SBA,12/21/2025 11:15,30.1
SBA,12/21/2025 11:20,30.1
SBA,12/21/2025 11:25,30.1
SBA,12/21/2025 11:30,30.1
SBA,12/21/2025 11:35,30.1
SBA,12/21/2025 11:40,30.1
SBA,12/21/2025 11:45,30.1
SBA,12/21/2025 11:50,30.09
SBA,12/21/2025 11:55,30.09
SBA,12/21/2025 12:00,30.09
SBA,12/21/2025 12:05,30.08
SBA,12/21/2025 12:10,30.08
SBA,12/21/2025 12:15,30.08
SBA,12/21/2025 12:20,30.07
SBA,12/21/2025 12:25,30.07
SBA,12/21/2025 12:30,30.07
SBA,12/21/2025 12:35,30.06
SBA,12/21/2025 12:40,30.06
SBA,12/21/2025 12:45,30.06
SBA,12/21/2025 12:50,30.05
SBA,12/21/2025 12:55,30.05
SBA,12/21/2025 13:00,30.05
SBA,12/21/2025 13:05,30.05
SBA,12/21/2025 13:10,30.05
SBA,12/21/2025 13:15,30.05
SBA,12/21/2025 13:20,30.05
SBA,12/21/2025 13:25,30.05
SBA,12/21/2025 13:30,30.05
SBA,12/21/2025 13:35,30.05
SBA,12/21/2025 13:40,30.04
SBA,12/21/2025 13:45,30.04
SBA,12/21/2025 13:50,30.04
SBA,12/21/2025 13:55,30.04
SBA,12/21/2025 14:00,30.04
SBA,12/21/2025 14:05,30.04
SBA,12/21/2025 14:10,30.04
SBA,12/21/2025 14:15,30.04
SBA,12/21/2025 14:20,30.04
SBA,12/21/2025 14:25,30.04
SBA,12/21/2025 14:30,30.04
SBA,12/21/2025 14:35,30.04
SBA,12/21/2025 14:40,30.04
SBA,12/21/2025 14:45,30.04
SBA,12/21/2025 14:50,30.04
SBA,12/21/2025 14:55,30.04
SBA,12/21/2025 15:00,30.04
SBA,12/21/2025 15:05,30.04
SBA,12/21/2025 15:10,30.04
SBA,12/21/2025 15:15,30.04
SBA,12/21/2025 15:20,30.04
SBA,12/21/2025 15:25,30.04
SBA,12/21/2025 15:30,30.04
SBA,12/21/2025 15:35,30.04
SBA,12/21/2025 15:40,30.04
SBA,12/21/2025 15:45,30.04
SBA,12/21/2025 15:50,30.04
SBA,12/21/2025 15:55,30.04
SBA,12/21/2025 16:00,30.04
SBA,12/21/2025 16:05,30.04
SBA,12/21/2025 16:10,30.04
SBA,12/21/2025 16:15,30.04
SBA,12/21/2025 16:20,30.04
SBA,12/21/2025 16:25,30.04
SBA,12/21/2025 16:30,30.04
SBA,12/21/2025 16:35,30.04
SBA,12/21/2025 16:40,30.04
SBA,12/21/2025 16:45,30.04
SBA,12/21/2025 16:50,30.04
SBA,12/21/2025 16:55,30.04
SBA,12/21/2025 17:00,30.04
SBA,12/21/2025 17:05,30.04
SBA,12/21/2025 17:10,30.04
SBA,12/21/2025 17:15,30.04
SBA,12/21/2025 17:20,30.04
SBA,12/21/2025 17:25,30.05
SBA,12/21/2025 17:30,30.05
SBA,12/21/2025 17:35,30.05
SBA,12/21/2025 17:40,30.05
SBA,12/21/2025 17:45,30.05
SBA,12/21/2025 17:50,30.05
SBA,12/21/2025 17:55,30.05
SBA,12/21/2025 18:00,30.05
SBA,12/21/2025 18:05,30.05
SBA,12/21/2025 18:10,30.06
SBA,12/21/2025 18:15,30.06
SBA,12/21/2025 18:20,30.06
SBA,12/21/2025 18:25,30.06
SBA,12/21/2025 18:30,30.06
SBA,12/21/2025 18:35,30.06
SBA,12/21/2025 18:40,30.06
SBA,12/21/2025 18:45,30.07
SBA,12/21/2025 18:50,30.07
SBA,12/21/2025 18:55,30.07
SBA,12/21/2025 19:00,30.07
SBA,12/21/2025 19:05,30.07
SBA,12/21/2025 19:10,30.07
SBA,12/21/2025 19:15,30.07
SBA,12/21/2025 19:20,30.07
SBA,12/21/2025 19:25,30.07
SBA,12/21/2025 19:30,30.07
SBA,12/21/2025 19:35,30.07
SBA,12/21/2025 19:40,30.07
SBA,12/21/2025 19:45,30.07
SBA,12/21/2025 19:50,30.07
SBA,12/21/2025 19:55,30.07
SBA,12/21/2025 20:00,30.07
SBA,12/21/2025 20:05,30.07
SBA,12/21/2025 20:10,30.07
SBA,12/21/2025 20:15,30.07
SBA,12/21/2025 20:20,30.07
SBA,12/21/2025 20:25,30.07
SBA,12/21/2025 20:30,30.07
SBA,12/21/2025 20:35,30.07
SBA,12/21/2025 20:40,30.08
SBA,12/21/2025 20:45,30.08
SBA,12/21/2025 20:50,30.08
SBA,12/21/2025 20:55,30.07
SBA,12/21/2025 21:00,30.07
SBA,12/21/2025 21:05,30.08
SBA,12/21/2025 21:10,30.07
SBA,12/21/2025 21:15,30.07
SBA,12/21/2025 21:20,30.07
SBA,12/21/2025 21:25,30.07
SBA,12/21/2025 21:30,30.07
SBA,12/21/2025 21:35,30.07
SBA,12/21/2025 21:40,30.07
SBA,12/21/2025 21:45,30.07
SBA,12/21/2025 21:50,30.07
SBA,12/21/2025 21:55,30.06
SBA,12/21/2025 22:00,30.06
SBA,12/21/2025 22:05,30.06
SBA,12/21/2025 22:10,30.06
SBA,12/21/2025 22:15,30.06
SBA,12/21/2025 22:20,30.06
SBA,12/21/2025 22:25,30.06
SBA,12/21/2025 22:30,30.06
SBA,12/21/2025 22:35,30.06
SBA,12/21/2025 22:40,30.06
SBA,12/21/2025 22:45,30.06
SBA,12/21/2025 22:50,30.05
SBA,12/21/2025 22:55,30.05
SBA,12/21/2025 23:00,30.05
SBA,12/21/2025 23:05,30.05
SBA,12/21/2025 23:10,30.05
SBA,12/21/2025 23:15,30.05
SBA,12/21/2025 23:20,30.05
SBA,12/21/2025 23:25,30.05
SBA,12/21/2025 23:30,30.05
SBA,12/21/2025 23:35,30.05
SBA,12/21/2025 23:40,30.05
SBA,12/21/2025 23:45,30.05
SBA,12/21/2025 23:50,30.06
SBA,12/21/2025 23:55,30.06
SBA,12/22/2025 0:00,30.05
SBA,12/22/2025 0:05,30.05
SBA,12/22/2025 0:10,30.05
SBA,12/22/2025 0:15,30.05
SBA,12/22/2025 0:20,30.05
SBA,12/22/2025 0:25,30.05
SBA,12/22/2025 0:30,30.05
SBA,12/22/2025 0:35,30.05
SBA,12/22/2025 0:40,30.05
SBA,12/22/2025 0:45,30.05
SBA,12/22/2025 0:50,30.05
SBA,12/22/2025 0:55,30.05
SBA,12/22/2025 1:00,30.05
SBA,12/22/2025 1:05,30.05
SBA,12/22/2025 1:10,30.04
SBA,12/22/2025 1:15,30.04
SBA,12/22/2025 1:20,30.04
SBA,12/22/2025 1:25,30.04
SBA,12/22/2025 1:30,30.04
SBA,12/22/2025 1:35,30.04
SBA,12/22/2025 1:40,30.04
SBA,12/22/2025 1:45,30.04
SBA,12/22/2025 1:50,30.04
SBA,12/22/2025 1:55,30.04
SBA,12/22/2025 2:00,30.04
SBA,12/22/2025 2:05,30.04
SBA,12/22/2025 2:10,30.04
SBA,12/22/2025 2:15,30.04
SBA,12/22/2025 2:20,30.04
SBA,12/22/2025 2:25,30.04
SBA,12/22/2025 2:30,30.04
SBA,12/22/2025 2:35,30.04
SBA,12/22/2025 2:40,30.03
SBA,12/22/2025 2:45,30.03
SBA,12/22/2025 2:50,30.03
SBA,12/22/2025 2:55,30.03
SBA,12/22/2025 3:00,30.03
SBA,12/22/2025 3:05,30.02
SBA,12/22/2025 3:10,30.02
SBA,12/22/2025 3:15,30.02
SBA,12/22/2025 3:20,30.02
SBA,12/22/2025 3:25,30.02
SBA,12/22/2025 3:30,30.02
SBA,12/22/2025 3:35,30.02
SBA,12/22/2025 3:40,30.02
SBA,12/22/2025 3:45,30.02
SBA,12/22/2025 3:50,30.02
SBA,12/22/2025 3:55,30.01
SBA,12/22/2025 4:00,30.01
SBA,12/22/2025 4:05,30.01
SBA,12/22/2025 4:10,30.01
SBA,12/22/2025 4:15,30.01
SBA,12/22/2025 4:20,30.01
SBA,12/22/2025 4:25,30.01
SBA,12/22/2025 4:30,30.01
SBA,12/22/2025 4:35,30.01
SBA,12/22/2025 4:40,30.01
SBA,12/22/2025 4:45,30
SBA,12/22/2025 4:50,30
SBA,12/22/2025 4:55,30
SBA,12/22/2025 5:00,30
SBA,12/22/2025 5:05,30
SBA,12/22/2025 5:10,30
SBA,12/22/2025 5:15,30
SBA,12/22/2025 5:20,30
SBA,12/22/2025 5:25,30
SBA,12/22/2025 5:30,30.01
SBA,12/22/2025 5:35,30.01
SBA,12/22/2025 5:40,30.01
SBA,12/22/2025 5:45,30.01
SBA,12/22/2025 5:50,30.01
SBA,12/22/2025 5:55,30.02
SBA,12/22/2025 6:00,30.02
SBA,12/22/2025 6:05,30.02
SBA,12/22/2025 6:10,30.02
SBA,12/22/2025 6:15,30.02
SBA,12/22/2025 6:20,30.02
SBA,12/22/2025 6:25,30.02
SBA,12/22/2025 6:30,30.02
SBA,12/22/2025 6:35,30.02
SBA,12/22/2025 6:40,30.02
SBA,12/22/2025 6:45,30.02
SBA,12/22/2025 6:50,30.02
SBA,12/22/2025 6:55,30.02
SBA,12/22/2025 7:00,30.02
SBA,12/22/2025 7:05,30.02
SBA,12/22/2025 7:10,30.02
SBA,12/22/2025 7:15,30.02
SBA,12/22/2025 7:20,30.02
SBA,12/22/2025 7:25,30.02
SBA,12/22/2025 7:30,30.02
SBA,12/22/2025 7:35,30.02
SBA,12/22/2025 7:40,30.02
SBA,12/22/2025 7:45,30.02
SBA,12/22/2025 7:50,30.02
SBA,12/22/2025 7:55,30.03
SBA,12/22/2025 8:00,30.03
SBA,12/22/2025 8:05,30.03
SBA,12/22/2025 8:10,30.04
SBA,12/22/2025 8:15,30.04
SBA,12/22/2025 8:20,30.04
SBA,12/22/2025 8:25,30.04
SBA,12/22/2025 8:30,30.05
SBA,12/22/2025 8:35,30.05
SBA,12/22/2025 8:40,30.04
SBA,12/22/2025 8:45,30.04
SBA,12/22/2025 8:50,30.04
SBA,12/22/2025 8:55,30.05
SBA,12/22/2025 9:00,30.05
SBA,12/22/2025 9:05,30.05
SBA,12/22/2025 9:10,30.05
SBA,12/22/2025 9:15,30.05
SBA,12/22/2025 9:20,30.05
SBA,12/22/2025 9:25,30.05
SBA,12/22/2025 9:30,30.05
SBA,12/22/2025 9:35,30.06
SBA,12/22/2025 9:40,30.06
SBA,12/22/2025 9:45,30.06
SBA,12/22/2025 9:50,30.06
SBA,12/22/2025 9:55,30.06
SBA,12/22/2025 10:00,30.05
SBA,12/22/2025 10:05,30.05
SBA,12/22/2025 10:10,30.05
SBA,12/22/2025 10:15,30.05
SBA,12/22/2025 10:20,30.05
SBA,12/22/2025 10:25,30.05
SBA,12/22/2025 10:30,30.05
SBA,12/22/2025 10:35,30.05
SBA,12/22/2025 10:40,30.05
SBA,12/22/2025 10:45,30.04
SBA,12/22/2025 10:50,30.04
SBA,12/22/2025 10:55,30.04
SBA,12/22/2025 11:00,30.03
SBA,12/22/2025 11:05,30.03
SBA,12/22/2025 11:10,30.03
SBA,12/22/2025 11:15,30.02
SBA,12/22/2025 11:20,30.02
SBA,12/22/2025 11:25,30.02
SBA,12/22/2025 11:30,30.01
SBA,12/22/2025 11:35,30.01
SBA,12/22/2025 11:40,30.01
SBA,12/22/2025 11:45,30
SBA,12/22/2025 11:50,30
SBA,12/22/2025 11:55,30
SBA,12/22/2025 12:00,30
SBA,12/22/2025 12:05,30
SBA,12/22/2025 12:10,30
SBA,12/22/2025 12:15,29.99
SBA,12/22/2025 12:20,29.99
SBA,12/22/2025 12:25,29.99
SBA,12/22/2025 12:30,29.99
SBA,12/22/2025 12:35,29.99
SBA,12/22/2025 12:40,29.98
SBA,12/22/2025 12:45,29.98
SBA,12/22/2025 12:50,29.97
SBA,12/22/2025 12:55,29.96
SBA,12/22/2025 13:00,29.96
SBA,12/22/2025 13:05,29.96
SBA,12/22/2025 13:10,29.96
SBA,12/22/2025 13:15,29.95
SBA,12/22/2025 13:20,29.94
SBA,12/22/2025 13:25,29.94
SBA,12/22/2025 13:30,29.94
SBA,12/22/2025 13:35,29.93
SBA,12/22/2025 13:40,29.93
SBA,12/22/2025 13:45,29.93
SBA,12/22/2025 13:50,29.93
SBA,12/22/2025 13:55,29.93
SBA,12/22/2025 14:00,29.93
SBA,12/22/2025 14:05,29.92
SBA,12/22/2025 14:10,29.92
SBA,12/22/2025 14:15,29.92
SBA,12/22/2025 14:20,29.93
SBA,12/22/2025 14:25,29.93
SBA,12/22/2025 14:30,29.92
SBA,12/22/2025 14:35,29.92
SBA,12/22/2025 14:40,29.92
SBA,12/22/2025 14:45,29.92
SBA,12/22/2025 14:50,29.92
SBA,12/22/2025 14:55,29.92
SBA,12/22/2025 15:00,29.92
SBA,12/22/2025 15:05,29.92
SBA,12/22/2025 15:10,29.92
SBA,12/22/2025 15:15,29.92
SBA,12/22/2025 15:20,29.92
SBA,12/22/2025 15:25,29.92
SBA,12/22/2025 15:30,29.92
SBA,12/22/2025 15:35,29.92
SBA,12/22/2025 15:40,29.91
SBA,12/22/2025 15:45,29.91
SBA,12/22/2025 15:50,29.92
SBA,12/22/2025 15:55,29.91
SBA,12/22/2025 16:00,29.91
SBA,12/22/2025 16:05,29.92
SBA,12/22/2025 16:10,29.91
SBA,12/22/2025 16:15,29.91
SBA,12/22/2025 16:20,29.91
SBA,12/22/2025 16:25,29.91
SBA,12/22/2025 16:30,29.91
SBA,12/22/2025 16:35,29.91
SBA,12/22/2025 16:40,29.91
SBA,12/22/2025 16:45,29.91
SBA,12/22/2025 16:50,29.9
SBA,12/22/2025 16:55,29.91
SBA,12/22/2025 17:00,29.91
SBA,12/22/2025 17:05,29.91
SBA,12/22/2025 17:10,29.91
SBA,12/22/2025 17:15,29.91
SBA,12/22/2025 17:20,29.91
SBA,12/22/2025 17:25,29.91
SBA,12/22/2025 17:30,29.91
SBA,12/22/2025 17:35,29.91
SBA,12/22/2025 17:40,29.92
SBA,12/22/2025 17:45,29.92
SBA,12/22/2025 17:50,29.92
SBA,12/22/2025 17:55,29.92
SBA,12/22/2025 18:00,29.93
SBA,12/22/2025 18:05,29.93
SBA,12/22/2025 18:10,29.93
SBA,12/22/2025 18:15,29.93
SBA,12/22/2025 18:20,29.93
SBA,12/22/2025 18:25,29.93
SBA,12/22/2025 18:30,29.94
SBA,12/22/2025 18:35,29.93
SBA,12/22/2025 18:40,29.93
SBA,12/22/2025 18:45,29.93
SBA,12/22/2025 18:50,29.93
SBA,12/22/2025 18:55,29.93
SBA,12/22/2025 19:00,29.93
SBA,12/22/2025 19:05,29.93
SBA,12/22/2025 19:10,29.92
SBA,12/22/2025 19:15,29.92
SBA,12/22/2025 19:20,29.92
SBA,12/22/2025 19:25,29.93
SBA,12/22/2025 19:30,29.92
SBA,12/22/2025 19:35,29.91
SBA,12/22/2025 19:40,29.91
SBA,12/22/2025 19:45,29.9
SBA,12/22/2025 19:50,29.9
SBA,12/22/2025 19:55,29.91
SBA,12/22/2025 20:00,29.9
SBA,12/22/2025 20:05,29.91
SBA,12/22/2025 20:10,29.91
SBA,12/22/2025 20:15,29.91
SBA,12/22/2025 20:20,29.91
SBA,12/22/2025 20:25,29.91
SBA,12/22/2025 20:30,29.91
SBA,12/22/2025 20:35,29.92
SBA,12/22/2025 20:40,29.92
SBA,12/22/2025 20:45,29.92
SBA,12/22/2025 20:50,29.92
SBA,12/22/2025 20:55,29.92
SBA,12/22/2025 21:00,29.92
SBA,12/22/2025 21:05,29.92
SBA,12/22/2025 21:10,29.92
SBA,12/22/2025 21:15,29.92
SBA,12/22/2025 21:20,29.92
SBA,12/22/2025 21:25,29.92
SBA,12/22/2025 21:30,29.92
SBA,12/22/2025 21:35,29.92
SBA,12/22/2025 21:40,29.92
SBA,12/22/2025 21:45,29.93
SBA,12/22/2025 21:50,29.93
SBA,12/22/2025 21:55,29.93
SBA,12/22/2025 22:00,29.92
SBA,12/22/2025 22:05,29.92
SBA,12/22/2025 22:10,29.93
SBA,12/22/2025 22:15,29.93
SBA,12/22/2025 22:20,29.94
SBA,12/22/2025 22:25,29.93
SBA,12/22/2025 22:30,29.93
SBA,12/22/2025 22:35,29.93
SBA,12/22/2025 22:40,29.93
SBA,12/22/2025 22:45,29.93
SBA,12/22/2025 22:50,29.92
SBA,12/22/2025 22:55,29.92
SBA,12/22/2025 23:00,29.92
SBA,12/22/2025 23:05,29.92
SBA,12/22/2025 23:10,29.92
SBA,12/22/2025 23:15,29.91
SBA,12/22/2025 23:20,29.92
SBA,12/22/2025 23:25,29.93
SBA,12/22/2025 23:30,29.93
SBA,12/22/2025 23:35,29.94
SBA,12/22/2025 23:40,29.93
SBA,12/22/2025 23:45,29.9
SBA,12/22/2025 23:50,29.9
SBA,12/22/2025 23:55,29.9
SBA,12/23/2025 0:00,29.9
SBA,12/23/2025 0:05,29.9
SBA,12/23/2025 0:10,29.9
SBA,12/23/2025 0:15,29.91
SBA,12/23/2025 0:20,29.92
SBA,12/23/2025 0:25,29.91
SBA,12/23/2025 0:30,29.9
SBA,12/23/2025 0:35,29.89
SBA,12/23/2025 0:40,29.88
SBA,12/23/2025 0:45,29.9
SBA,12/23/2025 0:50,29.9
SBA,12/23/2025 0:55,29.9
SBA,12/23/2025 1:00,29.91
SBA,12/23/2025 1:05,29.92
SBA,12/23/2025 1:10,29.92
SBA,12/23/2025 1:15,29.92
SBA,12/23/2025 1:20,29.92
SBA,12/23/2025 1:25,29.92
SBA,12/23/2025 1:30,29.92
SBA,12/23/2025 1:35,29.92
SBA,12/23/2025 1:40,29.92
SBA,12/23/2025 1:45,29.92
SBA,12/23/2025 1:50,29.92
SBA,12/23/2025 1:55,29.92
SBA,12/23/2025 2:00,29.92
SBA,12/23/2025 2:05,29.93
SBA,12/23/2025 2:10,29.92
SBA,12/23/2025 2:15,29.93
SBA,12/23/2025 2:20,29.92
SBA,12/23/2025 2:25,29.91
SBA,12/23/2025 2:30,29.9
SBA,12/23/2025 2:35,29.9
SBA,12/23/2025 2:40,29.9
SBA,12/23/2025 2:45,29.9
SBA,12/23/2025 2:50,29.89
SBA,12/23/2025 2:55,29.9
SBA,12/23/2025 3:00,29.9
SBA,12/23/2025 3:05,29.9
SBA,12/23/2025 3:10,29.9
SBA,12/23/2025 3:15,29.9
SBA,12/23/2025 3:20,29.89
SBA,12/23/2025 3:25,29.89
SBA,12/23/2025 3:30,29.89
SBA,12/23/2025 3:35,29.89
SBA,12/23/2025 3:40,29.89
SBA,12/23/2025 3:45,29.89
SBA,12/23/2025 3:50,29.89
SBA,12/23/2025 3:55,29.89
SBA,12/23/2025 4:00,29.89
SBA,12/23/2025 4:05,29.89
SBA,12/23/2025 4:10,29.87
SBA,12/23/2025 4:15,29.87
SBA,12/23/2025 4:20,29.88
SBA,12/23/2025 4:25,29.88
SBA,12/23/2025 4:30,29.88
SBA,12/23/2025 4:35,29.88
SBA,12/23/2025 4:40,29.89
SBA,12/23/2025 4:45,29.88
SBA,12/23/2025 4:50,29.88
SBA,12/23/2025 4:55,29.88
SBA,12/23/2025 5:00,29.88
SBA,12/23/2025 5:05,29.89
SBA,12/23/2025 5:10,29.89
SBA,12/23/2025 5:15,29.89
SBA,12/23/2025 5:20,29.9
SBA,12/23/2025 5:25,29.91
SBA,12/23/2025 5:30,29.91
SBA,12/23/2025 5:35,29.9
SBA,12/23/2025 5:40,29.9
SBA,12/23/2025 5:45,29.89
SBA,12/23/2025 5:50,29.89
SBA,12/23/2025 5:55,29.88
SBA,12/23/2025 6:00,29.89
SBA,12/23/2025 6:05,29.89
SBA,12/23/2025 6:10,29.89
SBA,12/23/2025 6:15,29.89
SBA,12/23/2025 6:20,29.89
SBA,12/23/2025 6:25,29.89
SBA,12/23/2025 6:30,29.89
SBA,12/23/2025 6:35,29.88
SBA,12/23/2025 6:40,29.88
SBA,12/23/2025 6:45,29.89
SBA,12/23/2025 6:50,29.89
SBA,12/23/2025 6:55,29.89
SBA,12/23/2025 7:00,29.9
SBA,12/23/2025 7:05,29.9
SBA,12/23/2025 7:10,29.91
SBA,12/23/2025 7:15,29.91
SBA,12/23/2025 7:20,29.91
SBA,12/23/2025 7:25,29.91
SBA,12/23/2025 7:30,29.91
SBA,12/23/2025 7:35,29.91
SBA,12/23/2025 7:40,29.91
SBA,12/23/2025 7:45,29.91
SBA,12/23/2025 7:50,29.91
SBA,12/23/2025 7:55,29.91
SBA,12/23/2025 8:00,29.9
SBA,12/23/2025 8:05,29.9
SBA,12/23/2025 8:10,29.9
SBA,12/23/2025 8:15,29.89
SBA,12/23/2025 8:20,29.89
SBA,12/23/2025 8:25,29.89
SBA,12/23/2025 8:30,29.9
SBA,12/23/2025 8:35,29.9
SBA,12/23/2025 8:40,29.91
SBA,12/23/2025 8:45,29.92
SBA,12/23/2025 8:50,29.93
SBA,12/23/2025 8:55,29.93
SBA,12/23/2025 9:00,29.93
SBA,12/23/2025 9:05,29.93
SBA,12/23/2025 9:10,29.93
SBA,12/23/2025 9:15,29.92
SBA,12/23/2025 9:20,29.93
SBA,12/23/2025 9:25,29.94
SBA,12/23/2025 9:30,29.94
SBA,12/23/2025 9:35,29.94
SBA,12/23/2025 9:40,29.95
SBA,12/23/2025 9:45,29.95
SBA,12/23/2025 9:50,29.94
SBA,12/23/2025 9:55,29.94
SBA,12/23/2025 10:00,29.94
SBA,12/23/2025 10:05,29.94
SBA,12/23/2025 10:10,29.95
SBA,12/23/2025 10:15,29.95
SBA,12/23/2025 10:20,29.95
SBA,12/23/2025 10:25,29.94
SBA,12/23/2025 10:30,29.95
SBA,12/23/2025 10:35,29.94
SBA,12/23/2025 10:40,29.94
SBA,12/23/2025 10:45,29.93
SBA,12/23/2025 10:50,29.94
SBA,12/23/2025 10:55,29.93
SBA,12/23/2025 11:00,29.93
SBA,12/23/2025 11:05,29.93
SBA,12/23/2025 11:10,29.93
SBA,12/23/2025 11:15,29.92
SBA,12/23/2025 11:20,29.92
SBA,12/23/2025 11:25,29.92
SBA,12/23/2025 11:30,29.91
SBA,12/23/2025 11:35,29.91
SBA,12/23/2025 11:40,29.91
SBA,12/23/2025 11:45,29.91
SBA,12/23/2025 11:50,29.91
SBA,12/23/2025 11:55,29.9
SBA,12/23/2025 12:00,29.9
SBA,12/23/2025 12:05,29.9
SBA,12/23/2025 12:10,29.89
SBA,12/23/2025 12:15,29.89
SBA,12/23/2025 12:20,29.89
SBA,12/23/2025 12:25,29.89
SBA,12/23/2025 12:30,29.9
SBA,12/23/2025 12:35,29.9
SBA,12/23/2025 12:40,29.89
SBA,12/23/2025 12:45,29.89
SBA,12/23/2025 12:50,29.89
SBA,12/23/2025 12:55,29.89
SBA,12/23/2025 13:00,29.89
SBA,12/23/2025 13:05,29.88
SBA,12/23/2025 13:10,29.88
SBA,12/23/2025 13:15,29.88
SBA,12/23/2025 13:20,29.87
SBA,12/23/2025 13:25,29.87
SBA,12/23/2025 13:30,29.87
SBA,12/23/2025 13:35,29.86
SBA,12/23/2025 13:40,29.86
SBA,12/23/2025 13:45,29.87
SBA,12/23/2025 13:50,29.87
SBA,12/23/2025 13:55,29.88
SBA,12/23/2025 14:00,29.87
SBA,12/23/2025 14:05,29.87
SBA,12/23/2025 14:10,29.86
SBA,12/23/2025 14:15,29.86
SBA,12/23/2025 14:20,29.86
SBA,12/23/2025 14:25,29.86
SBA,12/23/2025 14:30,29.85
SBA,12/23/2025 14:35,29.85
SBA,12/23/2025 14:40,29.85
SBA,12/23/2025 14:45,29.85
SBA,12/23/2025 14:50,29.85
SBA,12/23/2025 14:55,29.85
SBA,12/23/2025 15:00,29.85
SBA,12/23/2025 15:05,29.84
SBA,12/23/2025 15:10,29.84
SBA,12/23/2025 15:15,29.84
SBA,12/23/2025 15:20,29.84
SBA,12/23/2025 15:25,29.84
SBA,12/23/2025 15:30,29.84
SBA,12/23/2025 15:35,29.84
SBA,12/23/2025 15:40,29.85
SBA,12/23/2025 15:45,29.85
SBA,12/23/2025 15:50,29.85
SBA,12/23/2025 15:55,29.85
SBA,12/23/2025 16:00,29.85
SBA,12/23/2025 16:05,29.85
SBA,12/23/2025 16:10,29.85
SBA,12/23/2025 16:15,29.84
SBA,12/23/2025 16:20,29.84
SBA,12/23/2025 16:25,29.84
SBA,12/23/2025 16:30,29.84
SBA,12/23/2025 16:35,29.84
SBA,12/23/2025 16:40,29.84
SBA,12/23/2025 16:45,29.84
SBA,12/23/2025 16:50,29.85
SBA,12/23/2025 16:55,29.85
SBA,12/23/2025 17:00,29.85
SBA,12/23/2025 17:05,29.85
SBA,12/23/2025 17:10,29.84
SBA,12/23/2025 17:15,29.85
SBA,12/23/2025 17:20,29.85
SBA,12/23/2025 17:25,29.85
SBA,12/23/2025 17:30,29.86
SBA,12/23/2025 17:35,29.87
SBA,12/23/2025 17:40,29.87
SBA,12/23/2025 17:45,29.88
SBA,12/23/2025 17:50,29.88
SBA,12/23/2025 17:55,29.87
SBA,12/23/2025 18:00,29.86
SBA,12/23/2025 18:05,29.86
SBA,12/23/2025 18:10,29.87
SBA,12/23/2025 18:15,29.87
SBA,12/23/2025 18:20,29.87
SBA,12/23/2025 18:25,29.87
SBA,12/23/2025 18:30,29.87
SBA,12/23/2025 18:35,29.87
SBA,12/23/2025 18:40,29.87
SBA,12/23/2025 18:45,29.87
SBA,12/23/2025 18:50,29.87
SBA,12/23/2025 18:55,29.87
SBA,12/23/2025 19:00,29.87
SBA,12/23/2025 19:05,29.87
SBA,12/23/2025 19:10,29.87
SBA,12/23/2025 19:15,29.87
SBA,12/23/2025 19:20,29.87
SBA,12/23/2025 19:25,29.88
SBA,12/23/2025 19:30,29.88
SBA,12/23/2025 19:35,29.89
SBA,12/23/2025 19:40,29.89
SBA,12/23/2025 19:45,29.89
SBA,12/23/2025 19:50,29.89
SBA,12/23/2025 19:55,29.89
SBA,12/23/2025 20:00,29.89
SBA,12/23/2025 20:05,29.89
SBA,12/23/2025 20:10,29.88
SBA,12/23/2025 20:15,29.88
SBA,12/23/2025 20:20,29.87
SBA,12/23/2025 20:25,29.87
SBA,12/23/2025 20:30,29.87
SBA,12/23/2025 20:35,29.87
SBA,12/23/2025 20:40,29.88
SBA,12/23/2025 20:45,29.88
SBA,12/23/2025 20:50,29.87
SBA,12/23/2025 20:55,29.87
SBA,12/23/2025 21:00,29.88
SBA,12/23/2025 21:05,29.89
SBA,12/23/2025 21:10,29.89
SBA,12/23/2025 21:15,29.9
SBA,12/23/2025 21:20,29.89
SBA,12/23/2025 21:25,29.89
SBA,12/23/2025 21:30,29.89
SBA,12/23/2025 21:35,29.88
SBA,12/23/2025 21:40,29.88
SBA,12/23/2025 21:45,29.89
SBA,12/23/2025 21:50,29.88
SBA,12/23/2025 21:55,29.89
SBA,12/23/2025 22:00,29.89
SBA,12/23/2025 22:05,29.89
SBA,12/23/2025 22:10,29.88
SBA,12/23/2025 22:15,29.88
SBA,12/23/2025 22:20,29.88
SBA,12/23/2025 22:25,29.88
SBA,12/23/2025 22:30,29.87
SBA,12/23/2025 22:35,29.86
SBA,12/23/2025 22:40,29.85
SBA,12/23/2025 22:45,29.85
SBA,12/23/2025 22:50,29.85
SBA,12/23/2025 22:55,29.85
SBA,12/23/2025 23:00,29.84
SBA,12/23/2025 23:05,29.84
SBA,12/23/2025 23:10,29.83
SBA,12/23/2025 23:15,29.83
SBA,12/23/2025 23:20,29.84
SBA,12/23/2025 23:25,29.84
SBA,12/23/2025 23:30,29.84
SBA,12/23/2025 23:35,29.85
SBA,12/23/2025 23:40,29.86
SBA,12/23/2025 23:45,29.86
SBA,12/23/2025 23:50,29.84
SBA,12/23/2025 23:55,29.84
SBA,12/24/2025 0:00,29.84
SBA,12/24/2025 0:05,29.84
SBA,12/24/2025 0:10,29.83
SBA,12/24/2025 0:15,29.85
SBA,12/24/2025 0:20,29.84
SBA,12/24/2025 0:25,29.83
SBA,12/24/2025 0:30,29.83
SBA,12/24/2025 0:35,29.83
SBA,12/24/2025 0:40,29.83
SBA,12/24/2025 0:45,29.83
SBA,12/24/2025 0:50,29.83
SBA,12/24/2025 0:55,29.82
SBA,12/24/2025 1:00,29.82
SBA,12/24/2025 1:05,29.82
SBA,12/24/2025 1:10,29.81
SBA,12/24/2025 1:15,29.81
SBA,12/24/2025 1:20,29.81
SBA,12/24/2025 1:25,29.81
SBA,12/24/2025 1:30,29.81
SBA,12/24/2025 1:35,29.81
SBA,12/24/2025 1:40,29.81
SBA,12/24/2025 1:45,29.81
SBA,12/24/2025 1:50,29.8
SBA,12/24/2025 1:55,29.8
SBA,12/24/2025 2:00,29.8
SBA,12/24/2025 2:05,29.8
SBA,12/24/2025 2:10,29.79
SBA,12/24/2025 2:15,29.79
SBA,12/24/2025 2:20,29.79
SBA,12/24/2025 2:25,29.79
SBA,12/24/2025 2:30,29.8
SBA,12/24/2025 2:35,29.8
SBA,12/24/2025 2:40,29.8
SBA,12/24/2025 2:45,29.79
SBA,12/24/2025 2:50,29.79
SBA,12/24/2025 2:55,29.78
SBA,12/24/2025 3:00,29.78
SBA,12/24/2025 3:05,29.78
SBA,12/24/2025 3:10,29.77
SBA,12/24/2025 3:15,29.77
SBA,12/24/2025 3:20,29.77
SBA,12/24/2025 3:25,29.77
SBA,12/24/2025 3:30,29.77
SBA,12/24/2025 3:35,29.77
SBA,12/24/2025 3:40,29.76
SBA,12/24/2025 3:45,29.76
SBA,12/24/2025 3:50,29.76
SBA,12/24/2025 3:55,29.76
SBA,12/24/2025 4:00,29.76
SBA,12/24/2025 4:05,29.76
SBA,12/24/2025 4:10,29.75
SBA,12/24/2025 4:15,29.75
SBA,12/24/2025 4:20,29.75
SBA,12/24/2025 4:25,29.74
SBA,12/24/2025 4:30,29.74
SBA,12/24/2025 4:35,29.73
SBA,12/24/2025 4:40,29.73
SBA,12/24/2025 4:45,29.73
SBA,12/24/2025 4:50,29.73
SBA,12/24/2025 4:55,29.72
SBA,12/24/2025 5:00,29.72
SBA,12/24/2025 5:05,29.73
SBA,12/24/2025 5:10,29.74
SBA,12/24/2025 5:15,29.74
SBA,12/24/2025 5:20,29.73
SBA,12/24/2025 5:25,29.73
SBA,12/24/2025 5:30,29.74
SBA,12/24/2025 5:35,29.74
SBA,12/24/2025 5:40,29.74
SBA,12/24/2025 5:45,29.76
SBA,12/24/2025 5:50,29.76
SBA,12/24/2025 5:55,29.75
SBA,12/24/2025 6:00,29.75
SBA,12/24/2025 6:05,29.76
SBA,12/24/2025 6:10,29.76
SBA,12/24/2025 6:15,29.76
SBA,12/24/2025 6:20,29.76
SBA,12/24/2025 6:25,29.77
SBA,12/24/2025 6:30,29.77
SBA,12/24/2025 6:35,29.78
SBA,12/24/2025 6:40,29.78
SBA,12/24/2025 6:45,29.78
SBA,12/24/2025 6:50,29.79
SBA,12/24/2025 6:55,29.79
SBA,12/24/2025 7:00,29.8
SBA,12/24/2025 7:05,29.8
SBA,12/24/2025 7:10,29.8
SBA,12/24/2025 7:15,29.81
SBA,12/24/2025 7:20,29.81
SBA,12/24/2025 7:25,29.81
SBA,12/24/2025 7:30,29.81
SBA,12/24/2025 7:35,29.81
SBA,12/24/2025 7:40,29.8
SBA,12/24/2025 7:45,29.8
SBA,12/24/2025 7:50,29.8
SBA,12/24/2025 7:55,29.82
SBA,12/24/2025 8:00,29.83
SBA,12/24/2025 8:05,29.83
SBA,12/24/2025 8:10,29.82
SBA,12/24/2025 8:15,29.83
SBA,12/24/2025 8:20,29.83
SBA,12/24/2025 8:25,29.84
SBA,12/24/2025 8:30,29.85
SBA,12/24/2025 8:35,29.84
SBA,12/24/2025 8:40,29.84
SBA,12/24/2025 8:45,29.85
SBA,12/24/2025 8:50,29.85
SBA,12/24/2025 8:55,29.85
SBA,12/24/2025 9:00,29.86
SBA,12/24/2025 9:05,29.87
SBA,12/24/2025 9:10,29.88
SBA,12/24/2025 9:15,29.89
SBA,12/24/2025 9:20,29.89
SBA,12/24/2025 9:25,29.88
SBA,12/24/2025 9:30,29.89
SBA,12/24/2025 9:35,29.89
SBA,12/24/2025 9:40,29.9
SBA,12/24/2025 9:45,29.9
SBA,12/24/2025 9:50,29.89
SBA,12/24/2025 9:55,29.89
SBA,12/24/2025 10:00,29.88
SBA,12/24/2025 10:05,29.88
SBA,12/24/2025 10:10,29.88
SBA,12/24/2025 10:15,29.88
SBA,12/24/2025 10:20,29.88
SBA,12/24/2025 10:25,29.88
SBA,12/24/2025 10:30,29.87
SBA,12/24/2025 10:35,29.87
SBA,12/24/2025 10:40,29.87
SBA,12/24/2025 10:45,29.86
SBA,12/24/2025 10:50,29.86
SBA,12/24/2025 10:55,29.86
SBA,12/24/2025 11:00,29.85
SBA,12/24/2025 11:05,29.84
SBA,12/24/2025 11:10,29.84
SBA,12/24/2025 11:15,29.84
SBA,12/24/2025 11:20,29.83
SBA,12/24/2025 11:25,29.83
SBA,12/24/2025 11:30,29.82
SBA,12/24/2025 11:35,29.81
SBA,12/24/2025 11:40,29.8
SBA,12/24/2025 11:45,29.79
SBA,12/24/2025 11:50,29.81
SBA,12/24/2025 11:55,29.81
SBA,12/24/2025 12:00,29.81
SBA,12/24/2025 12:05,29.83
SBA,12/24/2025 12:10,29.81
SBA,12/24/2025 12:15,29.83
SBA,12/24/2025 12:20,29.81
SBA,12/24/2025 12:25,29.8
SBA,12/24/2025 12:30,29.8
SBA,12/24/2025 12:35,29.81
SBA,12/24/2025 12:40,29.82
SBA,12/24/2025 12:45,29.82
SBA,12/24/2025 12:50,29.82
SBA,12/24/2025 12:55,29.82
SBA,12/24/2025 13:00,29.81
SBA,12/24/2025 13:05,29.82
SBA,12/24/2025 13:10,29.82
SBA,12/24/2025 13:15,29.82
SBA,12/24/2025 13:20,29.82
SBA,12/24/2025 13:25,29.82
SBA,12/24/2025 13:30,29.81
SBA,12/24/2025 13:35,29.81
SBA,12/24/2025 13:40,29.82
SBA,12/24/2025 13:45,29.82
SBA,12/24/2025 13:50,29.82
SBA,12/24/2025 13:55,29.82
SBA,12/24/2025 14:00,29.82
SBA,12/24/2025 14:05,29.82
SBA,12/24/2025 14:10,29.82
SBA,12/24/2025 14:15,29.82
SBA,12/24/2025 14:20,29.82
SBA,12/24/2025 14:25,29.82
SBA,12/24/2025 14:30,29.82
SBA,12/24/2025 14:35,29.82
SBA,12/24/2025 14:40,29.83
SBA,12/24/2025 14:45,29.83
SBA,12/24/2025 14:50,29.83
SBA,12/24/2025 14:55,29.82
SBA,12/24/2025 15:00,29.83
SBA,12/24/2025 15:05,29.83
SBA,12/24/2025 15:10,29.83
SBA,12/24/2025 15:15,29.83
SBA,12/24/2025 15:20,29.83
SBA,12/24/2025 15:25,29.83
SBA,12/24/2025 15:30,29.84
SBA,12/24/2025 15:35,29.84
SBA,12/24/2025 15:40,29.84
SBA,12/24/2025 15:45,29.84
SBA,12/24/2025 15:50,29.84
SBA,12/24/2025 15:55,29.84
SBA,12/24/2025 16:00,29.84
SBA,12/24/2025 16:05,29.84
SBA,12/24/2025 16:10,29.84
SBA,12/24/2025 16:15,29.84
SBA,12/24/2025 16:20,29.84
SBA,12/24/2025 16:25,29.84
SBA,12/24/2025 16:30,29.84
SBA,12/24/2025 16:35,29.85
SBA,12/24/2025 16:40,29.85
SBA,12/24/2025 16:45,29.85
SBA,12/24/2025 16:50,29.85
SBA,12/24/2025 16:55,29.85
SBA,12/24/2025 17:00,29.85
SBA,12/24/2025 17:05,29.85
SBA,12/24/2025 17:10,29.85
SBA,12/24/2025 17:15,29.86
SBA,12/24/2025 17:20,29.86
SBA,12/24/2025 17:25,29.85
SBA,12/24/2025 17:30,29.86
SBA,12/24/2025 17:35,29.86
SBA,12/24/2025 17:40,29.86
SBA,12/24/2025 17:45,29.86
SBA,12/24/2025 17:50,29.86
SBA,12/24/2025 17:55,29.87
SBA,12/24/2025 18:00,29.87
SBA,12/24/2025 18:05,29.87
SBA,12/24/2025 18:10,29.87
SBA,12/24/2025 18:15,29.88
SBA,12/24/2025 18:20,29.88
SBA,12/24/2025 18:25,29.88
SBA,12/24/2025 18:30,29.88
SBA,12/24/2025 18:35,29.88
SBA,12/24/2025 18:40,29.89
SBA,12/24/2025 18:45,29.89
SBA,12/24/2025 18:50,29.89
SBA,12/24/2025 18:55,29.89
SBA,12/24/2025 19:00,29.89
SBA,12/24/2025 19:05,29.89
SBA,12/24/2025 19:10,29.89
SBA,12/24/2025 19:15,29.89
SBA,12/24/2025 19:20,29.9
SBA,12/24/2025 19:25,29.89
SBA,12/24/2025 19:30,29.86
SBA,12/24/2025 19:35,29.89
SBA,12/24/2025 19:40,29.9
SBA,12/24/2025 19:45,29.9
SBA,12/24/2025 19:50,29.9
SBA,12/24/2025 19:55,29.9
SBA,12/24/2025 20:00,29.9
SBA,12/24/2025 20:05,29.9
SBA,12/24/2025 20:10,29.9
SBA,12/24/2025 20:15,29.91
SBA,12/24/2025 20:20,29.91
SBA,12/24/2025 20:25,29.92
SBA,12/24/2025 20:30,29.92
SBA,12/24/2025 20:35,29.92
SBA,12/24/2025 20:40,29.91
SBA,12/24/2025 20:45,29.91
SBA,12/24/2025 20:50,29.91
SBA,12/24/2025 20:55,29.91
SBA,12/24/2025 21:00,29.92
SBA,12/24/2025 21:05,29.92
SBA,12/24/2025 21:10,29.92
SBA,12/24/2025 21:15,29.93
SBA,12/24/2025 21:20,29.93
SBA,12/24/2025 21:25,29.93
SBA,12/24/2025 21:30,29.93
SBA,12/24/2025 21:35,29.93
SBA,12/24/2025 21:40,29.93
SBA,12/24/2025 21:45,29.94
SBA,12/24/2025 21:50,29.94
SBA,12/24/2025 21:55,29.94
SBA,12/24/2025 22:00,29.94
SBA,12/24/2025 22:05,29.94
SBA,12/24/2025 22:10,29.94
SBA,12/24/2025 22:15,29.94
SBA,12/24/2025 22:20,29.94
SBA,12/24/2025 22:25,29.95
SBA,12/24/2025 22:30,29.95
SBA,12/24/2025 22:35,29.95
SBA,12/24/2025 22:40,29.95
SBA,12/24/2025 22:45,29.95
SBA,12/24/2025 22:50,29.95
SBA,12/24/2025 22:55,29.95
SBA,12/24/2025 23:00,29.95
SBA,12/24/2025 23:05,29.95
SBA,12/24/2025 23:10,29.96
SBA,12/24/2025 23:15,29.96
SBA,12/24/2025 23:20,29.96
SBA,12/24/2025 23:25,29.96
SBA,12/24/2025 23:30,29.96
SBA,12/24/2025 23:35,29.96
SBA,12/24/2025 23:40,29.96
SBA,12/24/2025 23:45,29.96
SBA,12/24/2025 23:50,29.95
SBA,12/24/2025 23:55,29.95
SBA,12/25/2025 0:00,29.95
SBA,12/25/2025 0:05,29.95
SBA,12/25/2025 0:10,29.95
SBA,12/25/2025 0:15,29.96
SBA,12/25/2025 0:20,29.96
SBA,12/25/2025 0:25,29.95
SBA,12/25/2025 0:30,29.96
SBA,12/25/2025 0:35,29.96
SBA,12/25/2025 0:40,29.95
SBA,12/25/2025 0:45,29.96
SBA,12/25/2025 0:50,29.96
SBA,12/25/2025 0:55,29.96
SBA,12/25/2025 1:00,29.96
SBA,12/25/2025 1:05,29.96
SBA,12/25/2025 1:10,29.96
SBA,12/25/2025 1:15,29.97
SBA,12/25/2025 1:20,29.97
SBA,12/25/2025 1:25,29.96
SBA,12/25/2025 1:30,29.96
SBA,12/25/2025 1:35,29.97
SBA,12/25/2025 1:40,29.97
SBA,12/25/2025 1:45,29.97
SBA,12/25/2025 1:50,29.97
SBA,12/25/2025 1:55,29.97
SBA,12/25/2025 2:00,29.97
SBA,12/25/2025 2:05,29.98
SBA,12/25/2025 2:10,29.98
SBA,12/25/2025 2:15,29.97
SBA,12/25/2025 2:20,29.97
SBA,12/25/2025 2:25,29.97
SBA,12/25/2025 2:30,29.97
SBA,12/25/2025 2:35,29.97
SBA,12/25/2025 2:40,29.98
SBA,12/25/2025 2:45,29.98
SBA,12/25/2025 2:50,29.98
SBA,12/25/2025 2:55,29.98
SBA,12/25/2025 3:00,29.98
SBA,12/25/2025 3:05,29.98
SBA,12/25/2025 3:10,29.98
SBA,12/25/2025 3:15,29.98
SBA,12/25/2025 3:20,29.99
SBA,12/25/2025 3:25,29.99
SBA,12/25/2025 3:30,29.99
SBA,12/25/2025 3:35,29.99
SBA,12/25/2025 3:40,29.98
SBA,12/25/2025 3:45,29.99
SBA,12/25/2025 3:50,29.99
SBA,12/25/2025 3:55,29.99
SBA,12/25/2025 4:00,29.99
SBA,12/25/2025 4:05,29.99
SBA,12/25/2025 4:10,29.98
SBA,12/25/2025 4:15,29.99
SBA,12/25/2025 4:20,29.98
SBA,12/25/2025 4:25,29.99
SBA,12/25/2025 4:30,29.98
SBA,12/25/2025 4:35,29.98
SBA,12/25/2025 4:40,29.98
SBA,12/25/2025 4:45,29.99
SBA,12/25/2025 4:50,29.98
SBA,12/25/2025 4:55,29.99
SBA,12/25/2025 5:00,29.98
SBA,12/25/2025 5:05,29.99
SBA,12/25/2025 5:10,29.99
SBA,12/25/2025 5:15,29.99
SBA,12/25/2025 5:20,29.99
SBA,12/25/2025 5:25,30
SBA,12/25/2025 5:30,30
SBA,12/25/2025 5:35,30
SBA,12/25/2025 5:40,30
SBA,12/25/2025 5:45,30
SBA,12/25/2025 5:50,30
SBA,12/25/2025 5:55,30
SBA,12/25/2025 6:00,30
SBA,12/25/2025 6:05,30
SBA,12/25/2025 6:10,30
SBA,12/25/2025 6:15,30
SBA,12/25/2025 6:20,30
SBA,12/25/2025 6:25,30
SBA,12/25/2025 6:30,30
SBA,12/25/2025 6:35,29.99
SBA,12/25/2025 6:40,29.99
SBA,12/25/2025 6:45,29.99
SBA,12/25/2025 6:50,29.99
SBA,12/25/2025 6:55,30
SBA,12/25/2025 7:00,29.99
SBA,12/25/2025 7:05,29.99
SBA,12/25/2025 7:10,29.99
SBA,12/25/2025 7:15,29.98
SBA,12/25/2025 7:20,29.99
SBA,12/25/2025 7:25,30
SBA,12/25/2025 7:30,30
SBA,12/25/2025 7:35,30
SBA,12/25/2025 7:40,30
SBA,12/25/2025 7:45,30
SBA,12/25/2025 7:50,30.01
SBA,12/25/2025 7:55,30.02
SBA,12/25/2025 8:00,30.02
SBA,12/25/2025 8:05,30.02
SBA,12/25/2025 8:10,30.03
SBA,12/25/2025 8:15,30.03
SBA,12/25/2025 8:20,30.03
SBA,12/25/2025 8:25,30.03
SBA,12/25/2025 8:30,30.03
SBA,12/25/2025 8:35,30.04
SBA,12/25/2025 8:40,30.04
SBA,12/25/2025 8:45,30.04
SBA,12/25/2025 8:50,30.04
SBA,12/25/2025 8:55,30.04
SBA,12/25/2025 9:00,30.03
SBA,12/25/2025 9:05,30.04
SBA,12/25/2025 9:10,30.04
SBA,12/25/2025 9:15,30.03
SBA,12/25/2025 9:20,30.03
SBA,12/25/2025 9:25,30.03
SBA,12/25/2025 9:30,30.03
SBA,12/25/2025 9:35,30.03
SBA,12/25/2025 9:40,30.03
SBA,12/25/2025 9:45,30.04
SBA,12/25/2025 9:50,30.04
SBA,12/25/2025 9:55,30.04
SBA,12/25/2025 10:00,30.05
SBA,12/25/2025 10:05,30.05
SBA,12/25/2025 10:10,30.04
SBA,12/25/2025 10:15,30.05
SBA,12/25/2025 10:20,30.05
SBA,12/25/2025 10:25,30.05
SBA,12/25/2025 10:30,30.05
SBA,12/25/2025 10:35,30.05
SBA,12/25/2025 10:40,30.05
SBA,12/25/2025 10:45,30.05
SBA,12/25/2025 10:50,30.05
SBA,12/25/2025 10:55,30.05
SBA,12/25/2025 11:00,30.05
SBA,12/25/2025 11:05,30.05
SBA,12/25/2025 11:10,30.05
SBA,12/25/2025 11:15,30.06
SBA,12/25/2025 11:20,30.05
SBA,12/25/2025 11:25,30.06
SBA,12/25/2025 11:30,30.05
SBA,12/25/2025 11:35,30.05
SBA,12/25/2025 11:40,30.04
SBA,12/25/2025 11:45,30.04
SBA,12/25/2025 11:50,30.04
SBA,12/25/2025 11:55,30.04
SBA,12/25/2025 12:00,30.03
SBA,12/25/2025 12:05,30.03
SBA,12/25/2025 12:10,30.04
SBA,12/25/2025 12:15,30.04
SBA,12/25/2025 12:20,30.03
SBA,12/25/2025 12:25,30.03
SBA,12/25/2025 12:30,30.03
SBA,12/25/2025 12:35,30.03
SBA,12/25/2025 12:40,30.03
SBA,12/25/2025 12:45,30.03
SBA,12/25/2025 12:50,30.02
SBA,12/25/2025 12:55,30.02
SBA,12/25/2025 13:00,30.02
SBA,12/25/2025 13:05,30.02
SBA,12/25/2025 13:10,30.02
SBA,12/25/2025 13:15,30.01
SBA,12/25/2025 13:20,30.01
SBA,12/25/2025 13:25,30.01
SBA,12/25/2025 13:30,30.01
SBA,12/25/2025 13:35,30.01
SBA,12/25/2025 13:40,30.01
SBA,12/25/2025 13:45,30.01
SBA,12/25/2025 13:50,30
SBA,12/25/2025 13:55,30
SBA,12/25/2025 14:00,30
SBA,12/25/2025 14:05,30
SBA,12/25/2025 14:10,30
SBA,12/25/2025 14:15,30
SBA,12/25/2025 14:20,30
SBA,12/25/2025 14:25,30
SBA,12/25/2025 14:30,30
SBA,12/25/2025 14:35,30
SBA,12/25/2025 14:40,30
SBA,12/25/2025 14:45,30
SBA,12/25/2025 14:50,30
SBA,12/25/2025 14:55,30
SBA,12/25/2025 15:00,30
SBA,12/25/2025 15:05,30
SBA,12/25/2025 15:10,30
SBA,12/25/2025 15:15,30.01
SBA,12/25/2025 15:20,30.01
SBA,12/25/2025 15:25,30.01
SBA,12/25/2025 15:30,30.01
SBA,12/25/2025 15:35,30.01
SBA,12/25/2025 15:40,30.01
SBA,12/25/2025 15:45,30.01
SBA,12/25/2025 15:50,30.01
SBA,12/25/2025 15:55,30.01
SBA,12/25/2025 16:00,30.01
SBA,12/25/2025 16:05,30.01
SBA,12/25/2025 16:10,30.01
SBA,12/25/2025 16:15,30.01
SBA,12/25/2025 16:20,30.01
SBA,12/25/2025 16:25,30.01
SBA,12/25/2025 16:30,30.01
SBA,12/25/2025 16:35,30.01
SBA,12/25/2025 16:40,30.02
SBA,12/25/2025 16:45,30.02
SBA,12/25/2025 16:50,30.02
SBA,12/25/2025 16:55,30.02
SBA,12/25/2025 17:00,30.02
SBA,12/25/2025 17:05,30.02
SBA,12/25/2025 17:10,30.02
SBA,12/25/2025 17:15,30.02
SBA,12/25/2025 17:20,30.02
SBA,12/25/2025 17:25,30.02
SBA,12/25/2025 17:30,30.02
SBA,12/25/2025 17:35,30.03
SBA,12/25/2025 17:40,30.03
SBA,12/25/2025 17:45,30.03
SBA,12/25/2025 17:50,30.03
SBA,12/25/2025 17:55,30.03
SBA,12/25/2025 18:00,30.03
SBA,12/25/2025 18:05,30.03
SBA,12/25/2025 18:10,30.03
SBA,12/25/2025 18:15,30.02
SBA,12/25/2025 18:20,30.03
SBA,12/25/2025 18:25,30.03
SBA,12/25/2025 18:30,30.03
SBA,12/25/2025 18:35,30.03
SBA,12/25/2025 18:40,30.04
SBA,12/25/2025 18:45,30.04
SBA,12/25/2025 18:50,30.04
SBA,12/25/2025 18:55,30.04
SBA,12/25/2025 19:00,30.04
SBA,12/25/2025 19:05,30.03
SBA,12/25/2025 19:10,30.03
SBA,12/25/2025 19:15,30.03
SBA,12/25/2025 19:20,30.03
SBA,12/25/2025 19:25,30.02
SBA,12/25/2025 19:30,30.03
SBA,12/25/2025 19:35,30.02
SBA,12/25/2025 19:40,30.02
SBA,12/25/2025 19:45,30.02
SBA,12/25/2025 19:50,30.02
SBA,12/25/2025 19:55,30.02
SBA,12/25/2025 20:00,30.02
SBA,12/25/2025 20:05,30.02
SBA,12/25/2025 20:10,30.02
SBA,12/25/2025 20:15,30.03
SBA,12/25/2025 20:20,30.03
SBA,12/25/2025 20:25,30.03
SBA,12/25/2025 20:30,30.02
SBA,12/25/2025 20:35,30.02
SBA,12/25/2025 20:40,30.02
SBA,12/25/2025 20:45,30.02
SBA,12/25/2025 20:50,30.02
SBA,12/25/2025 20:55,30.02
SBA,12/25/2025 21:00,30.02
SBA,12/25/2025 21:05,30.02
SBA,12/25/2025 21:10,30.02
SBA,12/25/2025 21:15,30.02
SBA,12/25/2025 21:20,30.01
SBA,12/25/2025 21:25,30.02
SBA,12/25/2025 21:30,30.01
SBA,12/25/2025 21:35,30.01
SBA,12/25/2025 21:40,30.01
SBA,12/25/2025 21:45,30.02
SBA,12/25/2025 21:50,30.02
SBA,12/25/2025 21:55,30.02
SBA,12/25/2025 22:00,30.02
SBA,12/25/2025 22:05,30.02
SBA,12/25/2025 22:10,30.02
SBA,12/25/2025 22:15,30.02
SBA,12/25/2025 22:20,30.02
SBA,12/25/2025 22:25,30.02
SBA,12/25/2025 22:30,30.02
SBA,12/25/2025 22:35,30.02
SBA,12/25/2025 22:40,30.02
SBA,12/25/2025 22:45,30.02
SBA,12/25/2025 22:50,30.02
SBA,12/25/2025 22:55,30.02
SBA,12/25/2025 23:00,30.02
SBA,12/25/2025 23:05,30.02
SBA,12/25/2025 23:10,30.02
SBA,12/25/2025 23:15,30.02
SBA,12/25/2025 23:20,30.02
SBA,12/25/2025 23:25,30.03
SBA,12/25/2025 23:30,30.03
SBA,12/25/2025 23:35,30.03
SBA,12/25/2025 23:40,30.02
SBA,12/25/2025 23:45,30.03
SBA,12/25/2025 23:50,30.03
SBA,12/25/2025 23:55,30.03
SBA,12/26/2025 0:00,30.03
SBA,12/26/2025 0:05,30.03
SBA,12/26/2025 0:10,30.02
SBA,12/26/2025 0:15,30.02
SBA,12/26/2025 0:20,30.02
SBA,12/26/2025 0:25,30.02
SBA,12/26/2025 0:30,30.02
SBA,12/26/2025 0:35,30.03
SBA,12/26/2025 0:40,30.02
SBA,12/26/2025 0:45,30.02
SBA,12/26/2025 0:50,30.02
SBA,12/26/2025 0:55,30.02
SBA,12/26/2025 1:00,30.02
SBA,12/26/2025 1:05,30.02
SBA,12/26/2025 1:10,30.02
SBA,12/26/2025 1:15,30.02
SBA,12/26/2025 1:20,30.02
SBA,12/26/2025 1:25,30.02
SBA,12/26/2025 1:30,30.02
SBA,12/26/2025 1:35,30.02
SBA,12/26/2025 1:40,30.02
SBA,12/26/2025 1:45,30.02
SBA,12/26/2025 1:50,30.02
SBA,12/26/2025 1:55,30.02
SBA,12/26/2025 2:00,30.02
SBA,12/26/2025 2:05,30.03
SBA,12/26/2025 2:10,30.02
SBA,12/26/2025 2:15,30.02
SBA,12/26/2025 2:20,30.02
SBA,12/26/2025 2:25,30.03
SBA,12/26/2025 2:30,30.03
SBA,12/26/2025 2:35,30.02
SBA,12/26/2025 2:40,30.02
SBA,12/26/2025 2:45,30.02
SBA,12/26/2025 2:50,30.02
SBA,12/26/2025 2:55,30.02
SBA,12/26/2025 3:00,30.02
SBA,12/26/2025 3:05,30.02
SBA,12/26/2025 3:10,30.02
SBA,12/26/2025 3:15,30.02
SBA,12/26/2025 3:20,30.02
SBA,12/26/2025 3:25,30.02
SBA,12/26/2025 3:30,30.02
SBA,12/26/2025 3:35,30.02
SBA,12/26/2025 3:40,30.02
SBA,12/26/2025 3:45,30.01
SBA,12/26/2025 3:50,30.01
SBA,12/26/2025 3:55,30.01
SBA,12/26/2025 4:00,30.02
SBA,12/26/2025 4:05,30.01
SBA,12/26/2025 4:10,30.01
SBA,12/26/2025 4:15,30.01
SBA,12/26/2025 4:20,30.01
SBA,12/26/2025 4:25,30.01
SBA,12/26/2025 4:30,30.01
SBA,12/26/2025 4:35,30.01
SBA,12/26/2025 4:40,30.01
SBA,12/26/2025 4:45,30
SBA,12/26/2025 4:50,30
SBA,12/26/2025 4:55,30
SBA,12/26/2025 5:00,30
SBA,12/26/2025 5:05,30
SBA,12/26/2025 5:10,30.01
SBA,12/26/2025 5:15,30.01
SBA,12/26/2025 5:20,30
SBA,12/26/2025 5:25,30
SBA,12/26/2025 5:30,30
SBA,12/26/2025 5:35,30
SBA,12/26/2025 5:40,30
SBA,12/26/2025 5:45,30
SBA,12/26/2025 5:50,30.01
SBA,12/26/2025 5:55,30.01
SBA,12/26/2025 6:00,30.01
SBA,12/26/2025 6:05,30.01
SBA,12/26/2025 6:10,30.01
SBA,12/26/2025 6:15,30.01
SBA,12/26/2025 6:20,30.02
SBA,12/26/2025 6:25,30.02
SBA,12/26/2025 6:30,30.02
SBA,12/26/2025 6:35,30.02
SBA,12/26/2025 6:40,30.02
SBA,12/26/2025 6:45,30.02
SBA,12/26/2025 6:50,30.02
SBA,12/26/2025 6:55,30.03
SBA,12/26/2025 7:00,30.03
SBA,12/26/2025 7:05,30.03
SBA,12/26/2025 7:10,30.03
SBA,12/26/2025 7:15,30.03
SBA,12/26/2025 7:20,30.03
SBA,12/26/2025 7:25,30.04
SBA,12/26/2025 7:30,30.04
SBA,12/26/2025 7:35,30.03
SBA,12/26/2025 7:40,30.04
SBA,12/26/2025 7:45,30.04
SBA,12/26/2025 7:50,30.04
SBA,12/26/2025 7:55,30.04
SBA,12/26/2025 8:00,30.03
SBA,12/26/2025 8:05,30.04
SBA,12/26/2025 8:10,30.04
SBA,12/26/2025 8:15,30.04
SBA,12/26/2025 8:20,30.04
SBA,12/26/2025 8:25,30.04
SBA,12/26/2025 8:30,30.04
SBA,12/26/2025 8:35,30.05
SBA,12/26/2025 8:40,30.05
SBA,12/26/2025 8:45,30.05
SBA,12/26/2025 8:50,30.05
SBA,12/26/2025 8:55,30.05
SBA,12/26/2025 9:00,30.05
SBA,12/26/2025 9:05,30.05
SBA,12/26/2025 9:10,30.05
SBA,12/26/2025 9:15,30.06
SBA,12/26/2025 9:20,30.06
SBA,12/26/2025 9:25,30.05
SBA,12/26/2025 9:30,30.05
SBA,12/26/2025 9:35,30.06
SBA,12/26/2025 9:40,30.06
SBA,12/26/2025 9:45,30.06
SBA,12/26/2025 9:50,30.06
SBA,12/26/2025 9:55,30.06
SBA,12/26/2025 10:00,30.06
SBA,12/26/2025 10:05,30.06
SBA,12/26/2025 10:10,30.06
SBA,12/26/2025 10:15,30.06
SBA,12/26/2025 10:20,30.06
SBA,12/26/2025 10:25,30.06
SBA,12/26/2025 10:30,30.06
SBA,12/26/2025 10:35,30.05
SBA,12/26/2025 10:40,30.05
SBA,12/26/2025 10:45,30.05
SBA,12/26/2025 10:50,30.05
SBA,12/26/2025 10:55,30.05
SBA,12/26/2025 11:00,30.05
SBA,12/26/2025 11:05,30.05
SBA,12/26/2025 11:10,30.04
SBA,12/26/2025 11:15,30.04
SBA,12/26/2025 11:20,30.04
SBA,12/26/2025 11:25,30.04
SBA,12/26/2025 11:30,30.03
SBA,12/26/2025 11:35,30.03
SBA,12/26/2025 11:40,30.03
SBA,12/26/2025 11:45,30.03
SBA,12/26/2025 11:50,30.03
SBA,12/26/2025 11:55,30.03
SBA,12/26/2025 12:00,30.03
SBA,12/26/2025 12:05,30.03
SBA,12/26/2025 12:10,30.02
SBA,12/26/2025 12:15,30.01
SBA,12/26/2025 12:20,30
SBA,12/26/2025 12:25,30.01
SBA,12/26/2025 12:30,30
SBA,12/26/2025 12:35,30
SBA,12/26/2025 12:40,30
SBA,12/26/2025 12:45,30
SBA,12/26/2025 12:50,29.99
SBA,12/26/2025 12:55,29.99
SBA,12/26/2025 13:00,29.99
SBA,12/26/2025 13:05,29.99
SBA,12/26/2025 13:10,30
SBA,12/26/2025 13:15,30
SBA,12/26/2025 13:20,30
SBA,12/26/2025 13:25,30
SBA,12/26/2025 13:30,29.99
SBA,12/26/2025 13:35,29.99
SBA,12/26/2025 13:40,29.98
SBA,12/26/2025 13:45,29.98
SBA,12/26/2025 13:50,29.99
SBA,12/26/2025 13:55,29.98
SBA,12/26/2025 14:00,29.98
SBA,12/26/2025 14:05,29.98
SBA,12/26/2025 14:10,29.98
SBA,12/26/2025 14:15,29.99
SBA,12/26/2025 14:20,29.99
SBA,12/26/2025 14:25,29.99
SBA,12/26/2025 14:30,29.98
SBA,12/26/2025 14:35,29.99
SBA,12/26/2025 14:40,29.99
SBA,12/26/2025 14:45,29.99
SBA,12/26/2025 14:50,29.99
SBA,12/26/2025 14:55,29.99
SBA,12/26/2025 15:00,29.98
SBA,12/26/2025 15:05,29.99
SBA,12/26/2025 15:10,29.99
SBA,12/26/2025 15:15,29.99
SBA,12/26/2025 15:20,29.98
SBA,12/26/2025 15:25,29.98
SBA,12/26/2025 15:30,29.98
SBA,12/26/2025 15:35,29.98
SBA,12/26/2025 15:40,29.98
SBA,12/26/2025 15:45,29.98
SBA,12/26/2025 15:50,29.98
SBA,12/26/2025 15:55,29.99
SBA,12/26/2025 16:00,29.99
SBA,12/26/2025 16:05,29.99
SBA,12/26/2025 16:10,29.99
SBA,12/26/2025 16:15,29.99
SBA,12/26/2025 16:20,29.99
SBA,12/26/2025 16:25,29.98
SBA,12/26/2025 16:30,29.99
SBA,12/26/2025 16:35,29.99
SBA,12/26/2025 16:40,29.99
SBA,12/26/2025 16:45,29.99
SBA,12/26/2025 16:50,29.99
SBA,12/26/2025 16:55,29.99
SBA,12/26/2025 17:00,29.98
SBA,12/26/2025 17:05,29.99
SBA,12/26/2025 17:10,29.99
SBA,12/26/2025 17:15,29.99
SBA,12/26/2025 17:20,29.99
SBA,12/26/2025 17:25,29.99
SBA,12/26/2025 17:30,29.99
SBA,12/26/2025 17:35,30
SBA,12/26/2025 17:40,29.99
SBA,12/26/2025 17:45,29.99
SBA,12/26/2025 17:50,30
SBA,12/26/2025 17:55,30
SBA,12/26/2025 18:00,30
SBA,12/26/2025 18:05,30
SBA,12/26/2025 18:10,30
SBA,12/26/2025 18:15,30
SBA,12/26/2025 18:20,30
SBA,12/26/2025 18:25,30
SBA,12/26/2025 18:30,30
SBA,12/26/2025 18:35,30
SBA,12/26/2025 18:40,30
SBA,12/26/2025 18:45,30
SBA,12/26/2025 18:50,30
SBA,12/26/2025 18:55,30
SBA,12/26/2025 19:00,30
SBA,12/26/2025 19:05,30
SBA,12/26/2025 19:10,30.01
SBA,12/26/2025 19:15,30.01
SBA,12/26/2025 19:20,30.01
SBA,12/26/2025 19:25,30.01
SBA,12/26/2025 19:30,30.01
SBA,12/26/2025 19:35,30.01
SBA,12/26/2025 19:40,30.01
SBA,12/26/2025 19:45,30.01
SBA,12/26/2025 19:50,30.01
SBA,12/26/2025 19:55,30.01
SBA,12/26/2025 20:00,30.01
SBA,12/26/2025 20:05,30.01
SBA,12/26/2025 20:10,30.01
SBA,12/26/2025 20:15,30.01
SBA,12/26/2025 20:20,30.01
SBA,12/26/2025 20:25,30.01
SBA,12/26/2025 20:30,30.01
SBA,12/26/2025 20:35,30.01
SBA,12/26/2025 20:40,30.01
SBA,12/26/2025 20:45,30.01
SBA,12/26/2025 20:50,30.01
SBA,12/26/2025 20:55,30.02
SBA,12/26/2025 21:00,30.02
SBA,12/26/2025 21:05,30.02
SBA,12/26/2025 21:10,30.02
SBA,12/26/2025 21:15,30.02
SBA,12/26/2025 21:20,30.02
SBA,12/26/2025 21:25,30.02
SBA,12/26/2025 21:30,30.02
SBA,12/26/2025 21:35,30.02
SBA,12/26/2025 21:40,30.02
SBA,12/26/2025 21:45,30.02
SBA,12/26/2025 21:50,30.03
SBA,12/26/2025 21:55,30.03
SBA,12/26/2025 22:00,30.03
SBA,12/26/2025 22:05,30.02
SBA,12/26/2025 22:10,30.03
SBA,12/26/2025 22:15,30.03
SBA,12/26/2025 22:20,30.03
SBA,12/26/2025 22:25,30.02
SBA,12/26/2025 22:30,30.02
SBA,12/26/2025 22:35,30.02
SBA,12/26/2025 22:40,30.02
SBA,12/26/2025 22:45,30.02
SBA,12/26/2025 22:50,30.02
SBA,12/26/2025 22:55,30.02
SBA,12/26/2025 23:00,30.02
SBA,12/26/2025 23:05,30.02
SBA,12/26/2025 23:10,30.02
SBA,12/26/2025 23:15,30.02
SBA,12/26/2025 23:20,30.02
SBA,12/26/2025 23:25,30.02
SBA,12/26/2025 23:30,30.02
SBA,12/26/2025 23:35,30.02
SBA,12/26/2025 23:40,30.02
SBA,12/26/2025 23:45,30.02
SBA,12/26/2025 23:50,30.02
SBA,12/26/2025 23:55,30.02
SBA,12/27/2025 0:00,30.02
SBA,12/27/2025 0:05,30.02
SBA,12/27/2025 0:10,30.02
SBA,12/27/2025 0:15,30.02
SBA,12/27/2025 0:20,30.02
SBA,12/27/2025 0:25,30.02
SBA,12/27/2025 0:30,30.02
SBA,12/27/2025 0:35,30.02
SBA,12/27/2025 0:40,30.02
SBA,12/27/2025 0:45,30.03
SBA,12/27/2025 0:50,30.03
SBA,12/27/2025 0:55,30.03
SBA,12/27/2025 1:00,30.02
SBA,12/27/2025 1:05,30.02
SBA,12/27/2025 1:10,30.02
SBA,12/27/2025 1:15,30.02
SBA,12/27/2025 1:20,30.02
SBA,12/27/2025 1:25,30.02
SBA,12/27/2025 1:30,30.02
SBA,12/27/2025 1:35,30.02
SBA,12/27/2025 1:40,30.02
SBA,12/27/2025 1:45,30.02
SBA,12/27/2025 1:50,30.02
SBA,12/27/2025 1:55,30.02
SBA,12/27/2025 2:00,30.03
SBA,12/27/2025 2:05,30.03
SBA,12/27/2025 2:10,30.03
SBA,12/27/2025 2:15,30.03
SBA,12/27/2025 2:20,30.03
SBA,12/27/2025 2:25,30.03
SBA,12/27/2025 2:30,30.03
SBA,12/27/2025 2:35,30.03
SBA,12/27/2025 2:40,30.02
SBA,12/27/2025 2:45,30.03
SBA,12/27/2025 2:50,30.03
SBA,12/27/2025 2:55,30.02
SBA,12/27/2025 3:00,30.03
SBA,12/27/2025 3:05,30.03
SBA,12/27/2025 3:10,30.02
SBA,12/27/2025 3:15,30.02
SBA,12/27/2025 3:20,30.02
SBA,12/27/2025 3:25,30.02
SBA,12/27/2025 3:30,30.02
SBA,12/27/2025 3:35,30.02
SBA,12/27/2025 3:40,30.01
SBA,12/27/2025 3:45,30.01
SBA,12/27/2025 3:50,30.01
SBA,12/27/2025 3:55,30.01
SBA,12/27/2025 4:00,30.01
SBA,12/27/2025 4:05,30.01
SBA,12/27/2025 4:10,30.01
SBA,12/27/2025 4:15,30.01
SBA,12/27/2025 4:20,30.01
SBA,12/27/2025 4:25,30.01
SBA,12/27/2025 4:30,30.01
SBA,12/27/2025 4:35,30.01
SBA,12/27/2025 4:40,30.01
SBA,12/27/2025 4:45,30.01
SBA,12/27/2025 4:50,30.01
SBA,12/27/2025 4:55,30.01
SBA,12/27/2025 5:00,30.01
SBA,12/27/2025 5:05,30.01
SBA,12/27/2025 5:10,30.01
SBA,12/27/2025 5:15,30.01
SBA,12/27/2025 5:20,30.01
SBA,12/27/2025 5:25,30.01
SBA,12/27/2025 5:30,30.01
SBA,12/27/2025 5:35,30.01
SBA,12/27/2025 5:40,30.02
SBA,12/27/2025 5:45,30.02
SBA,12/27/2025 5:50,30.02
SBA,12/27/2025 5:55,30.02
SBA,12/27/2025 6:00,30.02
SBA,12/27/2025 6:05,30.02
SBA,12/27/2025 6:10,30.02
SBA,12/27/2025 6:15,30.02
SBA,12/27/2025 6:20,30.02
SBA,12/27/2025 6:25,30.03
SBA,12/27/2025 6:30,30.03
SBA,12/27/2025 6:35,30.03
SBA,12/27/2025 6:40,30.03
SBA,12/27/2025 6:45,30.03
SBA,12/27/2025 6:50,30.03
SBA,12/27/2025 6:55,30.03
SBA,12/27/2025 7:00,30.03
SBA,12/27/2025 7:05,30.04
SBA,12/27/2025 7:10,30.04
SBA,12/27/2025 7:15,30.04
SBA,12/27/2025 7:20,30.04
SBA,12/27/2025 7:25,30.04
SBA,12/27/2025 7:30,30.04
SBA,12/27/2025 7:35,30.04
SBA,12/27/2025 7:40,30.04
SBA,12/27/2025 7:45,30.05
SBA,12/27/2025 7:50,30.05
SBA,12/27/2025 7:55,30.05
SBA,12/27/2025 8:00,30.06
SBA,12/27/2025 8:05,30.06
SBA,12/27/2025 8:10,30.06
SBA,12/27/2025 8:15,30.06
SBA,12/27/2025 8:20,30.06
SBA,12/27/2025 8:25,30.06
SBA,12/27/2025 8:30,30.06
SBA,12/27/2025 8:35,30.07
SBA,12/27/2025 8:40,30.07
SBA,12/27/2025 8:45,30.07
SBA,12/27/2025 8:50,30.07
SBA,12/27/2025 8:55,30.08
SBA,12/27/2025 9:00,30.08
SBA,12/27/2025 9:05,30.08
SBA,12/27/2025 9:10,30.08
SBA,12/27/2025 9:15,30.08
SBA,12/27/2025 9:20,30.08
SBA,12/27/2025 9:25,30.09
SBA,12/27/2025 9:30,30.09
SBA,12/27/2025 9:35,30.09
SBA,12/27/2025 9:40,30.09
SBA,12/27/2025 9:45,30.09
SBA,12/27/2025 9:50,30.09
SBA,12/27/2025 9:55,30.09
SBA,12/27/2025 10:00,30.09
SBA,12/27/2025 10:05,30.09
SBA,12/27/2025 10:10,30.09
SBA,12/27/2025 10:15,30.09
SBA,12/27/2025 10:20,30.09
SBA,12/27/2025 10:25,30.09
SBA,12/27/2025 10:30,30.08
SBA,12/27/2025 10:35,30.08
SBA,12/27/2025 10:40,30.08
SBA,12/27/2025 10:45,30.08
SBA,12/27/2025 10:50,30.08
SBA,12/27/2025 10:55,30.08
SBA,12/27/2025 11:00,30.07
SBA,12/27/2025 11:05,30.07
SBA,12/27/2025 11:10,30.07
SBA,12/27/2025 11:15,30.07
SBA,12/27/2025 11:20,30.07
SBA,12/27/2025 11:25,30.07
SBA,12/27/2025 11:30,30.06
SBA,12/27/2025 11:35,30.06
SBA,12/27/2025 11:40,30.06
SBA,12/27/2025 11:45,30.06
SBA,12/27/2025 11:50,30.06
SBA,12/27/2025 11:55,30.05
SBA,12/27/2025 12:00,30.05
SBA,12/27/2025 12:05,30.05
SBA,12/27/2025 12:10,30.05
SBA,12/27/2025 12:15,30.05
SBA,12/27/2025 12:20,30.04
SBA,12/27/2025 12:25,30.04
SBA,12/27/2025 12:30,30.04
SBA,12/27/2025 12:35,30.04
SBA,12/27/2025 12:40,30.04
SBA,12/27/2025 12:45,30.04
SBA,12/27/2025 12:50,30.03
SBA,12/27/2025 12:55,30.03
SBA,12/27/2025 13:00,30.03
SBA,12/27/2025 13:05,30.03
SBA,12/27/2025 13:10,30.03
SBA,12/27/2025 13:15,30.03
SBA,12/27/2025 13:20,30.02
SBA,12/27/2025 13:25,30.03
SBA,12/27/2025 13:30,30.02
SBA,12/27/2025 13:35,30.02
SBA,12/27/2025 13:40,30.02
SBA,12/27/2025 13:45,30.02
SBA,12/27/2025 13:50,30.02
SBA,12/27/2025 13:55,30.02
SBA,12/27/2025 14:00,30.02
SBA,12/27/2025 14:05,30.02
SBA,12/27/2025 14:10,30.02
SBA,12/27/2025 14:15,30.02
SBA,12/27/2025 14:20,30.02
SBA,12/27/2025 14:25,30.02
SBA,12/27/2025 14:30,30.01
SBA,12/27/2025 14:35,30.01
SBA,12/27/2025 14:40,30.01
SBA,12/27/2025 14:45,30.01
SBA,12/27/2025 14:50,30.01
SBA,12/27/2025 14:55,30.01
SBA,12/27/2025 15:00,30.02
SBA,12/27/2025 15:05,30.02
SBA,12/27/2025 15:10,30.02
SBA,12/27/2025 15:15,30.02
SBA,12/27/2025 15:20,30.02
SBA,12/27/2025 15:25,30.02
SBA,12/27/2025 15:30,30.02
SBA,12/27/2025 15:35,30.02
SBA,12/27/2025 15:40,30.02
SBA,12/27/2025 15:45,30.02
SBA,12/27/2025 15:50,30.02
SBA,12/27/2025 15:55,30.02
SBA,12/27/2025 16:00,30.02
SBA,12/27/2025 16:05,30.02
SBA,12/27/2025 16:10,30.02
SBA,12/27/2025 16:15,30.02
SBA,12/27/2025 16:20,30.02
SBA,12/27/2025 16:25,30.02
SBA,12/27/2025 16:30,30.02
SBA,12/27/2025 16:35,30.02
SBA,12/27/2025 16:40,30.02
SBA,12/27/2025 16:45,30.03
SBA,12/27/2025 16:50,30.03
SBA,12/27/2025 16:55,30.03
SBA,12/27/2025 17:00,30.03
SBA,12/27/2025 17:05,30.04
SBA,12/27/2025 17:10,30.04
SBA,12/27/2025 17:15,30.04
SBA,12/27/2025 17:20,30.04
SBA,12/27/2025 17:25,30.04
SBA,12/27/2025 17:30,30.04
SBA,12/27/2025 17:35,30.04
SBA,12/27/2025 17:40,30.04
SBA,12/27/2025 17:45,30.05
SBA,12/27/2025 17:50,30.05
SBA,12/27/2025 17:55,30.05
SBA,12/27/2025 18:00,30.05
SBA,12/27/2025 18:05,30.06
SBA,12/27/2025 18:10,30.06
SBA,12/27/2025 18:15,30.06
SBA,12/27/2025 18:20,30.06
SBA,12/27/2025 18:25,30.06
SBA,12/27/2025 18:30,30.06
SBA,12/27/2025 18:35,30.06
SBA,12/27/2025 18:40,30.06
SBA,12/27/2025 18:45,30.06
SBA,12/27/2025 18:50,30.07
SBA,12/27/2025 18:55,30.07
SBA,12/27/2025 19:00,30.07
SBA,12/27/2025 19:05,30.07
SBA,12/27/2025 19:10,30.07
SBA,12/27/2025 19:15,30.07
SBA,12/27/2025 19:20,30.07
SBA,12/27/2025 19:25,30.08
SBA,12/27/2025 19:30,30.08
SBA,12/27/2025 19:35,30.08
SBA,12/27/2025 19:40,30.08
SBA,12/27/2025 19:45,30.08
SBA,12/27/2025 19:50,30.09
SBA,12/27/2025 19:55,30.09
SBA,12/27/2025 20:00,30.09
SBA,12/27/2025 20:05,30.09
SBA,12/27/2025 20:10,30.1
SBA,12/27/2025 20:15,30.1
SBA,12/27/2025 20:20,30.1
SBA,12/27/2025 20:25,30.1
SBA,12/27/2025 20:30,30.1
SBA,12/27/2025 20:35,30.1
SBA,12/27/2025 20:40,30.1
SBA,12/27/2025 20:45,30.11
SBA,12/27/2025 20:50,30.11
SBA,12/27/2025 20:55,30.11
SBA,12/27/2025 21:00,30.11
SBA,12/27/2025 21:05,30.11
SBA,12/27/2025 21:10,30.11
SBA,12/27/2025 21:15,30.12
SBA,12/27/2025 21:20,30.11
SBA,12/27/2025 21:25,30.11
SBA,12/27/2025 21:30,30.11
SBA,12/27/2025 21:35,30.11
SBA,12/27/2025 21:40,30.12
SBA,12/27/2025 21:45,30.12
SBA,12/27/2025 21:50,30.12
SBA,12/27/2025 21:55,30.12
SBA,12/27/2025 22:00,30.12
SBA,12/27/2025 22:05,30.12
SBA,12/27/2025 22:10,30.11
SBA,12/27/2025 22:15,30.11
SBA,12/27/2025 22:20,30.11
SBA,12/27/2025 22:25,30.12
SBA,12/27/2025 22:30,30.12
SBA,12/27/2025 22:35,30.12
SBA,12/27/2025 22:40,30.12
SBA,12/27/2025 22:45,30.12
SBA,12/27/2025 22:50,30.13
SBA,12/27/2025 22:55,30.13
SBA,12/27/2025 23:00,30.12
SBA,12/27/2025 23:05,30.12
SBA,12/27/2025 23:10,30.12
SBA,12/27/2025 23:15,30.12
SBA,12/27/2025 23:20,30.12
SBA,12/27/2025 23:25,30.12
SBA,12/27/2025 23:30,30.12
SBA,12/27/2025 23:35,30.12
SBA,12/27/2025 23:40,30.12
SBA,12/27/2025 23:45,30.12
SBA,12/27/2025 23:50,30.12
SBA,12/27/2025 23:55,30.11
SBA,12/28/2025 0:00,30.11
SBA,12/28/2025 0:05,30.12
SBA,12/28/2025 0:10,30.12
SBA,12/28/2025 0:15,30.12
SBA,12/28/2025 0:20,30.12
SBA,12/28/2025 0:25,30.12
SBA,12/28/2025 0:30,30.12
SBA,12/28/2025 0:35,30.12
SBA,12/28/2025 0:40,30.12
SBA,12/28/2025 0:45,30.12
SBA,12/28/2025 0:50,30.12
SBA,12/28/2025 0:55,30.12
SBA,12/28/2025 1:00,30.12
SBA,12/28/2025 1:05,30.12
SBA,12/28/2025 1:10,30.12
SBA,12/28/2025 1:15,30.11
SBA,12/28/2025 1:20,30.11
SBA,12/28/2025 1:25,30.12
SBA,12/28/2025 1:30,30.12
SBA,12/28/2025 1:35,30.12
SBA,12/28/2025 1:40,30.13
SBA,12/28/2025 1:45,30.13
SBA,12/28/2025 1:50,30.13
SBA,12/28/2025 1:55,30.13
SBA,12/28/2025 2:00,30.13
SBA,12/28/2025 2:05,30.13
SBA,12/28/2025 2:10,30.14
SBA,12/28/2025 2:15,30.14
SBA,12/28/2025 2:20,30.14
SBA,12/28/2025 2:25,30.14
SBA,12/28/2025 2:30,30.14
SBA,12/28/2025 2:35,30.14
SBA,12/28/2025 2:40,30.14
SBA,12/28/2025 2:45,30.15
SBA,12/28/2025 2:50,30.15
SBA,12/28/2025 2:55,30.15
SBA,12/28/2025 3:00,30.15
SBA,12/28/2025 3:05,30.16
SBA,12/28/2025 3:10,30.16
SBA,12/28/2025 3:15,30.16
SBA,12/28/2025 3:20,30.15
SBA,12/28/2025 3:25,30.16
SBA,12/28/2025 3:30,30.16
SBA,12/28/2025 3:35,30.16
SBA,12/28/2025 3:40,30.16
SBA,12/28/2025 3:45,30.16
SBA,12/28/2025 3:50,30.16
SBA,12/28/2025 3:55,30.16
SBA,12/28/2025 4:00,30.16
SBA,12/28/2025 4:05,30.16
SBA,12/28/2025 4:10,30.16
SBA,12/28/2025 4:15,30.16
SBA,12/28/2025 4:20,30.16
SBA,12/28/2025 4:25,30.16
SBA,12/28/2025 4:30,30.16
SBA,12/28/2025 4:35,30.16
SBA,12/28/2025 4:40,30.16
SBA,12/28/2025 4:45,30.16
SBA,12/28/2025 4:50,30.16
SBA,12/28/2025 4:55,30.15
SBA,12/28/2025 5:00,30.15
SBA,12/28/2025 5:05,30.15
SBA,12/28/2025 5:10,30.15
SBA,12/28/2025 5:15,30.15
SBA,12/28/2025 5:20,30.15
SBA,12/28/2025 5:25,30.15
SBA,12/28/2025 5:30,30.15
SBA,12/28/2025 5:35,30.15
SBA,12/28/2025 5:40,30.15
SBA,12/28/2025 5:45,30.15
SBA,12/28/2025 5:50,30.15
SBA,12/28/2025 5:55,30.16
SBA,12/28/2025 6:00,30.16
SBA,12/28/2025 6:05,30.16
SBA,12/28/2025 6:10,30.16
SBA,12/28/2025 6:15,30.16
SBA,12/28/2025 6:20,30.16
SBA,12/28/2025 6:25,30.17
SBA,12/28/2025 6:30,30.17
SBA,12/28/2025 6:35,30.17
SBA,12/28/2025 6:40,30.17
SBA,12/28/2025 6:45,30.17
SBA,12/28/2025 6:50,30.17
SBA,12/28/2025 6:55,30.17
SBA,12/28/2025 7:00,30.17
SBA,12/28/2025 7:05,30.17
SBA,12/28/2025 7:10,30.17
SBA,12/28/2025 7:15,30.17
SBA,12/28/2025 7:20,30.18
SBA,12/28/2025 7:25,30.18
SBA,12/28/2025 7:30,30.18
SBA,12/28/2025 7:35,30.18
SBA,12/28/2025 7:40,30.18
SBA,12/28/2025 7:45,30.18
SBA,12/28/2025 7:50,30.18
SBA,12/28/2025 7:55,30.19
SBA,12/28/2025 8:00,30.19
SBA,12/28/2025 8:05,30.19
SBA,12/28/2025 8:10,30.19
SBA,12/28/2025 8:15,30.19
SBA,12/28/2025 8:20,30.19
SBA,12/28/2025 8:25,30.19
SBA,12/28/2025 8:30,30.19
SBA,12/28/2025 8:35,30.2
SBA,12/28/2025 8:40,30.2
SBA,12/28/2025 8:45,30.2
SBA,12/28/2025 8:50,30.2
SBA,12/28/2025 8:55,30.2
SBA,12/28/2025 9:00,30.2
SBA,12/28/2025 9:05,30.21
SBA,12/28/2025 9:10,30.2
SBA,12/28/2025 9:15,30.21
SBA,12/28/2025 9:20,30.21
SBA,12/28/2025 9:25,30.21
SBA,12/28/2025 9:30,30.21
SBA,12/28/2025 9:35,30.21
SBA,12/28/2025 9:40,30.21
SBA,12/28/2025 9:45,30.21
SBA,12/28/2025 9:50,30.21
SBA,12/28/2025 9:55,30.21
SBA,12/28/2025 10:00,30.21
SBA,12/28/2025 10:05,30.22
SBA,12/28/2025 10:10,30.21
SBA,12/28/2025 10:15,30.21
SBA,12/28/2025 10:20,30.21
SBA,12/28/2025 10:25,30.21
SBA,12/28/2025 10:30,30.21
SBA,12/28/2025 10:35,30.21
SBA,12/28/2025 10:40,30.21
SBA,12/28/2025 10:45,30.2
SBA,12/28/2025 10:50,30.2
SBA,12/28/2025 10:55,30.2
SBA,12/28/2025 11:00,30.2
SBA,12/28/2025 11:05,30.2
SBA,12/28/2025 11:10,30.19
SBA,12/28/2025 11:15,30.19
SBA,12/28/2025 11:20,30.19
SBA,12/28/2025 11:25,30.19
SBA,12/28/2025 11:30,30.18
SBA,12/28/2025 11:35,30.18
SBA,12/28/2025 11:40,30.18
SBA,12/28/2025 11:45,30.18
SBA,12/28/2025 11:50,30.18
SBA,12/28/2025 11:55,30.18
SBA,12/28/2025 12:00,30.18
SBA,12/28/2025 12:05,30.17
SBA,12/28/2025 12:10,30.17
SBA,12/28/2025 12:15,30.17
SBA,12/28/2025 12:20,30.17
SBA,12/28/2025 12:25,30.17
SBA,12/28/2025 12:30,30.17
SBA,12/28/2025 12:35,30.16
SBA,12/28/2025 12:40,30.16
SBA,12/28/2025 12:45,30.16
SBA,12/28/2025 12:50,30.15
SBA,12/28/2025 12:55,30.15
SBA,12/28/2025 13:00,30.15
SBA,12/28/2025 13:05,30.15
SBA,12/28/2025 13:10,30.15
SBA,12/28/2025 13:15,30.15
SBA,12/28/2025 13:20,30.14
SBA,12/28/2025 13:25,30.14
SBA,12/28/2025 13:30,30.14
SBA,12/28/2025 13:35,30.14
SBA,12/28/2025 13:40,30.14
SBA,12/28/2025 13:45,30.13
SBA,12/28/2025 13:50,30.13
SBA,12/28/2025 13:55,30.13
SBA,12/28/2025 14:00,30.13
SBA,12/28/2025 14:05,30.13
SBA,12/28/2025 14:10,30.13
SBA,12/28/2025 14:15,30.13
SBA,12/28/2025 14:20,30.13
SBA,12/28/2025 14:25,30.13
SBA,12/28/2025 14:30,30.13
SBA,12/28/2025 14:35,30.13
SBA,12/28/2025 14:40,30.13
SBA,12/28/2025 14:45,30.13
SBA,12/28/2025 14:50,30.13
SBA,12/28/2025 14:55,30.13
SBA,12/28/2025 15:00,30.13
SBA,12/28/2025 15:05,30.13
SBA,12/28/2025 15:10,30.13
SBA,12/28/2025 15:15,30.13
SBA,12/28/2025 15:20,30.13
SBA,12/28/2025 15:25,30.13
SBA,12/28/2025 15:30,30.13
SBA,12/28/2025 15:35,30.13
SBA,12/28/2025 15:40,30.13
SBA,12/28/2025 15:45,30.13
SBA,12/28/2025 15:50,30.13
SBA,12/28/2025 15:55,30.13
SBA,12/28/2025 16:00,30.12
SBA,12/28/2025 16:05,30.12
SBA,12/28/2025 16:10,30.12
SBA,12/28/2025 16:15,30.12
SBA,12/28/2025 16:20,30.12
SBA,12/28/2025 16:25,30.12
SBA,12/28/2025 16:30,30.12
SBA,12/28/2025 16:35,30.12
SBA,12/28/2025 16:40,30.12
SBA,12/28/2025 16:45,30.12
SBA,12/28/2025 16:50,30.12
SBA,12/28/2025 16:55,30.12
SBA,12/28/2025 17:00,30.12
SBA,12/28/2025 17:05,30.12
SBA,12/28/2025 17:10,30.12
SBA,12/28/2025 17:15,30.12
SBA,12/28/2025 17:20,30.12
SBA,12/28/2025 17:25,30.12
SBA,12/28/2025 17:30,30.12
SBA,12/28/2025 17:35,30.12
SBA,12/28/2025 17:40,30.12
SBA,12/28/2025 17:45,30.12
SBA,12/28/2025 17:50,30.12
SBA,12/28/2025 17:55,30.12
SBA,12/28/2025 18:00,30.12
SBA,12/28/2025 18:05,30.12
SBA,12/28/2025 18:10,30.12
SBA,12/28/2025 18:15,30.12
SBA,12/28/2025 18:20,30.12
SBA,12/28/2025 18:25,30.12
SBA,12/28/2025 18:30,30.12
SBA,12/28/2025 18:35,30.13
SBA,12/28/2025 18:40,30.13
SBA,12/28/2025 18:45,30.13
SBA,12/28/2025 18:50,30.13
SBA,12/28/2025 18:55,30.13
SBA,12/28/2025 19:00,30.13
SBA,12/28/2025 19:05,30.13
SBA,12/28/2025 19:10,30.13
SBA,12/28/2025 19:15,30.13
SBA,12/28/2025 19:20,30.13
SBA,12/28/2025 19:25,30.13
SBA,12/28/2025 19:30,30.13
SBA,12/28/2025 19:35,30.13
SBA,12/28/2025 19:40,30.13
SBA,12/28/2025 19:45,30.13
SBA,12/28/2025 19:50,30.13
SBA,12/28/2025 19:55,30.13
SBA,12/28/2025 20:00,30.13
SBA,12/28/2025 20:05,30.13
SBA,12/28/2025 20:10,30.13
SBA,12/28/2025 20:15,30.13
SBA,12/28/2025 20:20,30.13
SBA,12/28/2025 20:25,30.14
SBA,12/28/2025 20:30,30.14
SBA,12/28/2025 20:35,30.14
SBA,12/28/2025 20:40,30.14
SBA,12/28/2025 20:45,30.14
SBA,12/28/2025 20:50,30.14
SBA,12/28/2025 20:55,30.14
SBA,12/28/2025 21:00,30.14
SBA,12/28/2025 21:05,30.14
SBA,12/28/2025 21:10,30.14
SBA,12/28/2025 21:15,30.15
SBA,12/28/2025 21:20,30.15
SBA,12/28/2025 21:25,30.15
SBA,12/28/2025 21:30,30.15
SBA,12/28/2025 21:35,30.15
SBA,12/28/2025 21:40,30.15
SBA,12/28/2025 21:45,30.15
SBA,12/28/2025 21:50,30.15
SBA,12/28/2025 21:55,30.15
SBA,12/28/2025 22:00,30.16
SBA,12/28/2025 22:05,30.16
SBA,12/28/2025 22:10,30.16
SBA,12/28/2025 22:15,30.16
SBA,12/28/2025 22:20,30.16
SBA,12/28/2025 22:25,30.16
SBA,12/28/2025 22:30,30.17
SBA,12/28/2025 22:35,30.17
SBA,12/28/2025 22:40,30.17
SBA,12/28/2025 22:45,30.17
SBA,12/28/2025 22:50,30.17
SBA,12/28/2025 22:55,30.17
SBA,12/28/2025 23:00,30.17
SBA,12/28/2025 23:05,30.17
SBA,12/28/2025 23:10,30.17
SBA,12/28/2025 23:15,30.17
SBA,12/28/2025 23:20,30.17
SBA,12/28/2025 23:25,30.17
SBA,12/28/2025 23:30,30.17
SBA,12/28/2025 23:35,30.17
SBA,12/28/2025 23:40,30.17
SBA,12/28/2025 23:45,30.17
SBA,12/28/2025 23:50,30.17
SBA,12/28/2025 23:55,30.17
SBA,12/29/2025 0:00,30.17
SBA,12/29/2025 0:05,30.17
SBA,12/29/2025 0:10,30.17
SBA,12/29/2025 0:15,30.16
SBA,12/29/2025 0:20,30.16
SBA,12/29/2025 0:25,30.16
SBA,12/29/2025 0:30,30.16
SBA,12/29/2025 0:35,30.16
SBA,12/29/2025 0:40,30.16
SBA,12/29/2025 0:45,30.16
SBA,12/29/2025 0:50,30.16
SBA,12/29/2025 0:55,30.16
SBA,12/29/2025 1:00,30.16
SBA,12/29/2025 1:05,30.16
SBA,12/29/2025 1:10,30.16
SBA,12/29/2025 1:15,30.16
SBA,12/29/2025 1:20,30.16
SBA,12/29/2025 1:25,30.16
SBA,12/29/2025 1:30,30.16
SBA,12/29/2025 1:35,30.16
SBA,12/29/2025 1:40,30.16
SBA,12/29/2025 1:45,30.16
SBA,12/29/2025 1:50,30.15
SBA,12/29/2025 1:55,30.15
SBA,12/29/2025 2:00,30.15
SBA,12/29/2025 2:05,30.15
SBA,12/29/2025 2:10,30.15
SBA,12/29/2025 2:15,30.15
SBA,12/29/2025 2:20,30.15
SBA,12/29/2025 2:25,30.15
SBA,12/29/2025 2:30,30.15
SBA,12/29/2025 2:35,30.15
SBA,12/29/2025 2:40,30.15
SBA,12/29/2025 2:45,30.15
SBA,12/29/2025 2:50,30.15
SBA,12/29/2025 2:55,30.15
SBA,12/29/2025 3:00,30.15
SBA,12/29/2025 3:05,30.15
SBA,12/29/2025 3:10,30.15
SBA,12/29/2025 3:15,30.14
SBA,12/29/2025 3:20,30.14
SBA,12/29/2025 3:25,30.14
SBA,12/29/2025 3:30,30.14
SBA,12/29/2025 3:35,30.14
SBA,12/29/2025 3:40,30.14
SBA,12/29/2025 3:45,30.14
SBA,12/29/2025 3:50,30.14
SBA,12/29/2025 3:55,30.14
SBA,12/29/2025 4:00,30.14
SBA,12/29/2025 4:05,30.14
SBA,12/29/2025 4:10,30.14
SBA,12/29/2025 4:15,30.14
SBA,12/29/2025 4:20,30.13
SBA,12/29/2025 4:25,30.13
SBA,12/29/2025 4:30,30.13
SBA,12/29/2025 4:35,30.14
SBA,12/29/2025 4:40,30.13
SBA,12/29/2025 4:45,30.13
SBA,12/29/2025 4:50,30.14
SBA,12/29/2025 4:55,30.14
SBA,12/29/2025 5:00,30.14
SBA,12/29/2025 5:05,30.14
SBA,12/29/2025 5:10,30.14
SBA,12/29/2025 5:15,30.14
SBA,12/29/2025 5:20,30.15
SBA,12/29/2025 5:25,30.15
SBA,12/29/2025 5:30,30.15
SBA,12/29/2025 5:35,30.15
SBA,12/29/2025 5:40,30.15
SBA,12/29/2025 5:45,30.16
SBA,12/29/2025 5:50,30.16
SBA,12/29/2025 5:55,30.16
SBA,12/29/2025 6:00,30.16
SBA,12/29/2025 6:05,30.16
SBA,12/29/2025 6:10,30.16
SBA,12/29/2025 6:15,30.16
SBA,12/29/2025 6:20,30.16
SBA,12/29/2025 6:25,30.16
SBA,12/29/2025 6:30,30.17
SBA,12/29/2025 6:35,30.17
SBA,12/29/2025 6:40,30.17
SBA,12/29/2025 6:45,30.17
SBA,12/29/2025 6:50,30.17
SBA,12/29/2025 6:55,30.17
SBA,12/29/2025 7:00,30.17
SBA,12/29/2025 7:05,30.17
SBA,12/29/2025 7:10,30.17
SBA,12/29/2025 7:15,30.17
SBA,12/29/2025 7:20,30.17
SBA,12/29/2025 7:25,30.17
SBA,12/29/2025 7:30,30.17
SBA,12/29/2025 7:35,30.17
SBA,12/29/2025 7:40,30.17
SBA,12/29/2025 7:45,30.17
SBA,12/29/2025 7:50,30.18
SBA,12/29/2025 7:55,30.18
SBA,12/29/2025 8:00,30.18
SBA,12/29/2025 8:05,30.18
SBA,12/29/2025 8:10,30.18
SBA,12/29/2025 8:15,30.18
SBA,12/29/2025 8:20,30.18
SBA,12/29/2025 8:25,30.19
SBA,12/29/2025 8:30,30.19
SBA,12/29/2025 8:35,30.19
SBA,12/29/2025 8:40,30.19
SBA,12/29/2025 8:45,30.19
SBA,12/29/2025 8:50,30.19
SBA,12/29/2025 8:55,30.19
SBA,12/29/2025 9:00,30.19
SBA,12/29/2025 9:05,30.19
SBA,12/29/2025 9:10,30.19
SBA,12/29/2025 9:15,30.19
SBA,12/29/2025 9:20,30.19
SBA,12/29/2025 9:25,30.19
SBA,12/29/2025 9:30,30.19
SBA,12/29/2025 9:35,30.19
SBA,12/29/2025 9:40,30.19
SBA,12/29/2025 9:45,30.19
SBA,12/29/2025 9:50,30.19
SBA,12/29/2025 9:55,30.19
SBA,12/29/2025 10:00,30.19
SBA,12/29/2025 10:05,30.18
SBA,12/29/2025 10:10,30.19
SBA,12/29/2025 10:15,30.19
SBA,12/29/2025 10:20,30.19
SBA,12/29/2025 10:25,30.19
SBA,12/29/2025 10:30,30.19
SBA,12/29/2025 10:35,30.18
SBA,12/29/2025 10:40,30.18
SBA,12/29/2025 10:45,30.18
SBA,12/29/2025 10:50,30.17
SBA,12/29/2025 10:55,30.17
SBA,12/29/2025 11:00,30.17
SBA,12/29/2025 11:05,30.17
SBA,12/29/2025 11:10,30.16
SBA,12/29/2025 11:15,30.16
SBA,12/29/2025 11:20,30.16
SBA,12/29/2025 11:25,30.16
SBA,12/29/2025 11:30,30.16
SBA,12/29/2025 11:35,30.15
SBA,12/29/2025 11:40,30.15
SBA,12/29/2025 11:45,30.15
SBA,12/29/2025 11:50,30.15
SBA,12/29/2025 11:55,30.14
SBA,12/29/2025 12:00,30.14
SBA,12/29/2025 12:05,30.14
SBA,12/29/2025 12:10,30.14
SBA,12/29/2025 12:15,30.13
SBA,12/29/2025 12:20,30.13
SBA,12/29/2025 12:25,30.12
SBA,12/29/2025 12:30,30.12
SBA,12/29/2025 12:35,30.12
SBA,12/29/2025 12:40,30.12
SBA,12/29/2025 12:45,30.11
SBA,12/29/2025 12:50,30.11
SBA,12/29/2025 12:55,30.11
SBA,12/29/2025 13:00,30.11
SBA,12/29/2025 13:05,30.1
SBA,12/29/2025 13:10,30.1
SBA,12/29/2025 13:15,30.1
SBA,12/29/2025 13:20,30.1
SBA,12/29/2025 13:25,30.1
SBA,12/29/2025 13:30,30.1
SBA,12/29/2025 13:35,30.1
SBA,12/29/2025 13:40,30.1
SBA,12/29/2025 13:45,30.1
SBA,12/29/2025 13:50,30.1
SBA,12/29/2025 13:55,30.1
SBA,12/29/2025 14:00,30.09
SBA,12/29/2025 14:05,30.09
SBA,12/29/2025 14:10,30.09
SBA,12/29/2025 14:15,30.09
SBA,12/29/2025 14:20,30.09
SBA,12/29/2025 14:25,30.09
SBA,12/29/2025 14:30,30.09
SBA,12/29/2025 14:35,30.09
SBA,12/29/2025 14:40,30.09
SBA,12/29/2025 14:45,30.09
SBA,12/29/2025 14:50,30.09
SBA,12/29/2025 14:55,30.09
SBA,12/29/2025 15:00,30.09
SBA,12/29/2025 15:05,30.09
SBA,12/29/2025 15:10,30.09
SBA,12/29/2025 15:15,30.08
SBA,12/29/2025 15:20,30.08
SBA,12/29/2025 15:25,30.09
SBA,12/29/2025 15:30,30.09
SBA,12/29/2025 15:35,30.09
SBA,12/29/2025 15:40,30.09
SBA,12/29/2025 15:45,30.09
SBA,12/29/2025 15:50,30.08
SBA,12/29/2025 15:55,30.09
SBA,12/29/2025 16:00,30.08
SBA,12/29/2025 16:05,30.09
SBA,12/29/2025 16:10,30.09
SBA,12/29/2025 16:15,30.08
SBA,12/29/2025 16:20,30.08
SBA,12/29/2025 16:25,30.09
SBA,12/29/2025 16:30,30.09
SBA,12/29/2025 16:35,30.09
SBA,12/29/2025 16:40,30.09
SBA,12/29/2025 16:45,30.09
SBA,12/29/2025 16:50,30.09
SBA,12/29/2025 16:55,30.09
SBA,12/29/2025 17:00,30.09
SBA,12/29/2025 17:05,30.09
SBA,12/29/2025 17:10,30.1
SBA,12/29/2025 17:15,30.1
SBA,12/29/2025 17:20,30.1
SBA,12/29/2025 17:25,30.1
SBA,12/29/2025 17:30,30.1
SBA,12/29/2025 17:35,30.1
SBA,12/29/2025 17:40,30.11
SBA,12/29/2025 17:45,30.11
SBA,12/29/2025 17:50,30.11
SBA,12/29/2025 17:55,30.11
SBA,12/29/2025 18:00,30.11
SBA,12/29/2025 18:05,30.11
SBA,12/29/2025 18:10,30.12
SBA,12/29/2025 18:15,30.12
SBA,12/29/2025 18:20,30.12
SBA,12/29/2025 18:25,30.12
SBA,12/29/2025 18:30,30.12
SBA,12/29/2025 18:35,30.12
SBA,12/29/2025 18:40,30.12
SBA,12/29/2025 18:45,30.12
SBA,12/29/2025 18:50,30.12
SBA,12/29/2025 18:55,30.13
SBA,12/29/2025 19:00,30.13
SBA,12/29/2025 19:05,30.13
SBA,12/29/2025 19:10,30.13
SBA,12/29/2025 19:15,30.13
SBA,12/29/2025 19:20,30.14
SBA,12/29/2025 19:25,30.13
SBA,12/29/2025 19:30,30.13
SBA,12/29/2025 19:35,30.13
SBA,12/29/2025 19:40,30.14
SBA,12/29/2025 19:45,30.14
SBA,12/29/2025 19:50,30.14
SBA,12/29/2025 19:55,30.14
SBA,12/29/2025 20:00,30.14
SBA,12/29/2025 20:05,30.14
SBA,12/29/2025 20:10,30.14
SBA,12/29/2025 20:15,30.14
SBA,12/29/2025 20:20,30.14
SBA,12/29/2025 20:25,30.14
SBA,12/29/2025 20:30,30.14
SBA,12/29/2025 20:35,30.14
SBA,12/29/2025 20:40,30.13
SBA,12/29/2025 20:45,30.14
SBA,12/29/2025 20:50,30.14
SBA,12/29/2025 20:55,30.14
SBA,12/29/2025 21:00,30.14
SBA,12/29/2025 21:05,30.14
SBA,12/29/2025 21:10,30.13
SBA,12/29/2025 21:15,30.13
SBA,12/29/2025 21:20,30.14
SBA,12/29/2025 21:25,30.13
SBA,12/29/2025 21:30,30.14
SBA,12/29/2025 21:35,30.14
SBA,12/29/2025 21:40,30.14
SBA,12/29/2025 21:45,30.13
SBA,12/29/2025 21:50,30.14
SBA,12/29/2025 21:55,30.14
SBA,12/29/2025 22:00,30.14
SBA,12/29/2025 22:05,30.14
SBA,12/29/2025 22:10,30.14
SBA,12/29/2025 22:15,30.13
SBA,12/29/2025 22:20,30.13
SBA,12/29/2025 22:25,30.13
SBA,12/29/2025 22:30,30.13
SBA,12/29/2025 22:35,30.13
SBA,12/29/2025 22:40,30.13
SBA,12/29/2025 22:45,30.12
SBA,12/29/2025 22:50,30.12
SBA,12/29/2025 22:55,30.12
SBA,12/29/2025 23:00,30.12
SBA,12/29/2025 23:05,30.12
SBA,12/29/2025 23:10,30.13
SBA,12/29/2025 23:15,30.13
SBA,12/29/2025 23:20,30.13
SBA,12/29/2025 23:25,30.13
SBA,12/29/2025 23:30,30.13
SBA,12/29/2025 23:35,30.12
SBA,12/29/2025 23:40,30.12
SBA,12/29/2025 23:45,30.12
SBA,12/29/2025 23:50,30.12
SBA,12/29/2025 23:55,30.12
SBA,12/30/2025 0:00,30.12
SBA,12/30/2025 0:05,30.12
SBA,12/30/2025 0:10,30.11
SBA,12/30/2025 0:15,30.1
SBA,12/30/2025 0:20,30.1
SBA,12/30/2025 0:25,30.1
SBA,12/30/2025 0:30,30.09
SBA,12/30/2025 0:35,30.09
SBA,12/30/2025 0:40,30.09
SBA,12/30/2025 0:45,30.09
SBA,12/30/2025 0:50,30.1
SBA,12/30/2025 0:55,30.1
SBA,12/30/2025 1:00,30.1
SBA,12/30/2025 1:05,30.1
SBA,12/30/2025 1:10,30.1
SBA,12/30/2025 1:15,30.1
SBA,12/30/2025 1:20,30.1
SBA,12/30/2025 1:25,30.1
SBA,12/30/2025 1:30,30.1
SBA,12/30/2025 1:35,30.1
SBA,12/30/2025 1:40,30.1
SBA,12/30/2025 1:45,30.1
SBA,12/30/2025 1:50,30.1
SBA,12/30/2025 1:55,30.1
SBA,12/30/2025 2:00,30.09
SBA,12/30/2025 2:05,30.09
SBA,12/30/2025 2:10,30.08
SBA,12/30/2025 2:15,30.08
SBA,12/30/2025 2:20,30.08
SBA,12/30/2025 2:25,30.07
SBA,12/30/2025 2:30,30.07
SBA,12/30/2025 2:35,30.07
SBA,12/30/2025 2:40,30.07
SBA,12/30/2025 2:45,30.07
SBA,12/30/2025 2:50,30.06
SBA,12/30/2025 2:55,30.06
SBA,12/30/2025 3:00,30.05
SBA,12/30/2025 3:05,30.06
SBA,12/30/2025 3:10,30.06
SBA,12/30/2025 3:15,30.06
SBA,12/30/2025 3:20,30.06
SBA,12/30/2025 3:25,30.06
SBA,12/30/2025 3:30,30.05
SBA,12/30/2025 3:35,30.05
SBA,12/30/2025 3:40,30.05
SBA,12/30/2025 3:45,30.05
SBA,12/30/2025 3:50,30.05
SBA,12/30/2025 3:55,30.05
SBA,12/30/2025 4:00,30.05
SBA,12/30/2025 4:05,30.05
SBA,12/30/2025 4:10,30.05
SBA,12/30/2025 4:15,30.05
SBA,12/30/2025 4:20,30.05
SBA,12/30/2025 4:25,30.05
SBA,12/30/2025 4:30,30.05
SBA,12/30/2025 4:35,30.05
SBA,12/30/2025 4:40,30.04
SBA,12/30/2025 4:45,30.04
SBA,12/30/2025 4:50,30.04
SBA,12/30/2025 4:55,30.04
SBA,12/30/2025 5:00,30.05
SBA,12/30/2025 5:05,30.05
SBA,12/30/2025 5:10,30.05
SBA,12/30/2025 5:15,30.06
SBA,12/30/2025 5:20,30.06
SBA,12/30/2025 5:25,30.07
SBA,12/30/2025 5:30,30.07
SBA,12/30/2025 5:35,30.06
SBA,12/30/2025 5:40,30.06
SBA,12/30/2025 5:45,30.06
SBA,12/30/2025 5:50,30.05
SBA,12/30/2025 5:55,30.05
SBA,12/30/2025 6:00,30.06
SBA,12/30/2025 6:05,30.06
SBA,12/30/2025 6:10,30.06
SBA,12/30/2025 6:15,30.06
SBA,12/30/2025 6:20,30.06
SBA,12/30/2025 6:25,30.06
SBA,12/30/2025 6:30,30.06
SBA,12/30/2025 6:35,30.06
SBA,12/30/2025 6:40,30.06
SBA,12/30/2025 6:45,30.06
SBA,12/30/2025 6:50,30.07
SBA,12/30/2025 6:55,30.07
SBA,12/30/2025 7:00,30.07
SBA,12/30/2025 7:05,30.07
SBA,12/30/2025 7:10,30.08
SBA,12/30/2025 7:15,30.08
SBA,12/30/2025 7:20,30.09
SBA,12/30/2025 7:25,30.09
SBA,12/30/2025 7:30,30.08
SBA,12/30/2025 7:35,30.09
SBA,12/30/2025 7:40,30.09
SBA,12/30/2025 7:45,30.1
SBA,12/30/2025 7:50,30.1
SBA,12/30/2025 7:55,30.11
SBA,12/30/2025 8:00,30.12
SBA,12/30/2025 8:05,30.11
SBA,12/30/2025 8:10,30.12
SBA,12/30/2025 8:15,30.12
SBA,12/30/2025 8:20,30.12
SBA,12/30/2025 8:25,30.12
SBA,12/30/2025 8:30,30.12
SBA,12/30/2025 8:35,30.12
SBA,12/30/2025 8:40,30.12
SBA,12/30/2025 8:45,30.12
SBA,12/30/2025 8:50,30.12
SBA,12/30/2025 8:55,30.11
SBA,12/30/2025 9:00,30.11
SBA,12/30/2025 9:05,30.11
SBA,12/30/2025 9:10,30.11
SBA,12/30/2025 9:15,30.11
SBA,12/30/2025 9:20,30.11
SBA,12/30/2025 9:25,30.11
SBA,12/30/2025 9:30,30.1
SBA,12/30/2025 9:35,30.1
SBA,12/30/2025 9:40,30.09
SBA,12/30/2025 9:45,30.09
SBA,12/30/2025 9:50,30.1
SBA,12/30/2025 9:55,30.1
SBA,12/30/2025 10:00,30.09
SBA,12/30/2025 10:05,30.09
SBA,12/30/2025 10:10,30.1
SBA,12/30/2025 10:15,30.1
SBA,12/30/2025 10:20,30.09
SBA,12/30/2025 10:25,30.1
SBA,12/30/2025 10:30,30.09
SBA,12/30/2025 10:35,30.09
SBA,12/30/2025 10:40,30.09
SBA,12/30/2025 10:45,30.09
SBA,12/30/2025 10:50,30.1
SBA,12/30/2025 10:55,30.1
SBA,12/30/2025 11:00,30.1
SBA,12/30/2025 11:05,30.1
SBA,12/30/2025 11:10,30.1
SBA,12/30/2025 11:15,30.09
SBA,12/30/2025 11:20,30.09
SBA,12/30/2025 11:25,30.09
SBA,12/30/2025 11:30,30.08
SBA,12/30/2025 11:35,30.08
SBA,12/30/2025 11:40,30.08
SBA,12/30/2025 11:45,30.08
SBA,12/30/2025 11:50,30.07
SBA,12/30/2025 11:55,30.07
SBA,12/30/2025 12:00,30.06
SBA,12/30/2025 12:05,30.06
SBA,12/30/2025 12:10,30.06
SBA,12/30/2025 12:15,30.06
SBA,12/30/2025 12:20,30.06
SBA,12/30/2025 12:25,30.07
SBA,12/30/2025 12:30,30.06
SBA,12/30/2025 12:35,30.06
SBA,12/30/2025 12:40,30.06
SBA,12/30/2025 12:45,30.05
SBA,12/30/2025 12:50,30.04
SBA,12/30/2025 12:55,30.04
SBA,12/30/2025 13:00,30.04
SBA,12/30/2025 13:05,30.04
SBA,12/30/2025 13:10,30.04
SBA,12/30/2025 13:15,30.03
SBA,12/30/2025 13:20,30.03
SBA,12/30/2025 13:25,30.02
SBA,12/30/2025 13:30,30.02
SBA,12/30/2025 13:35,30.02
SBA,12/30/2025 13:40,30.02
SBA,12/30/2025 13:45,30.02
SBA,12/30/2025 13:50,30.01
SBA,12/30/2025 13:55,30.01
SBA,12/30/2025 14:00,30.01
SBA,12/30/2025 14:05,30.01
SBA,12/30/2025 14:10,30.01
SBA,12/30/2025 14:15,30.01
SBA,12/30/2025 14:20,30.01
SBA,12/30/2025 14:25,30.01
SBA,12/30/2025 14:30,30.01
SBA,12/30/2025 15:00,30
SBA,12/30/2025 15:05,30
SBA,12/30/2025 15:10,30
SBA,12/30/2025 15:15,30
SBA,12/30/2025 16:00,30.01
SBA,12/30/2025 16:05,30
SBA,12/30/2025 16:10,30
SBA,12/30/2025 16:15,30
SBA,12/30/2025 16:20,30
SBA,12/30/2025 16:25,30
SBA,12/30/2025 16:30,30
SBA,12/30/2025 16:35,30
SBA,12/30/2025 16:40,29.99
SBA,12/30/2025 16:45,30
SBA,12/30/2025 16:50,30
SBA,12/30/2025 16:55,30
SBA,12/30/2025 18:00,30.01
SBA,12/30/2025 18:05,30.01
SBA,12/30/2025 18:10,30.01
SBA,12/30/2025 18:15,30.01
SBA,12/30/2025 18:20,30.01
SBA,12/30/2025 18:25,30.01
SBA,12/30/2025 18:30,30.01
SBA,12/30/2025 19:00,30.01
SBA,12/30/2025 19:05,30.01
SBA,12/30/2025 19:10,30.01
SBA,12/30/2025 19:15,30.01
SBA,12/30/2025 19:20,30.01
SBA,12/30/2025 19:25,30.01
SBA,12/30/2025 19:30,30.01
SBA,12/30/2025 19:35,30.01
SBA,12/30/2025 19:40,30.01
SBA,12/30/2025 19:45,30.01
SBA,12/30/2025 19:50,30.01
SBA,12/30/2025 19:55,30.01
SBA,12/30/2025 20:00,30.01
SBA,12/30/2025 20:05,30.01
SBA,12/30/2025 20:10,30.01
SBA,12/30/2025 20:15,30.02
SBA,12/30/2025 20:20,30.02
SBA,12/30/2025 20:25,30.02
SBA,12/30/2025 20:30,30.02
SBA,12/30/2025 20:35,30.03
SBA,12/30/2025 20:40,30.03
SBA,12/30/2025 20:45,30.03
SBA,12/30/2025 20:50,30.03
SBA,12/30/2025 20:55,30.03
SBA,12/30/2025 21:00,30.03
SBA,12/30/2025 21:05,30.03
SBA,12/30/2025 21:10,30.03
SBA,12/30/2025 21:15,30.03
SBA,12/30/2025 21:20,30.02
SBA,12/30/2025 21:25,30.02
SBA,12/30/2025 21:30,30.02
SBA,12/30/2025 21:35,30.02
SBA,12/30/2025 21:40,30.02
SBA,12/30/2025 21:45,30.02
SBA,12/30/2025 21:50,30.02
SBA,12/30/2025 21:55,30.02
SBA,12/30/2025 22:00,30.02
SBA,12/30/2025 22:05,30.02
SBA,12/30/2025 22:10,30.02
SBA,12/30/2025 22:15,30.02
SBA,12/30/2025 22:20,30.02
SBA,12/30/2025 22:25,30.02
SBA,12/30/2025 22:30,30.02
SBA,12/30/2025 22:35,30.02
SBA,12/30/2025 22:40,30.02
SBA,12/30/2025 22:45,30.01
SBA,12/30/2025 22:50,30.02
SBA,12/30/2025 22:55,30.02
SBA,12/30/2025 23:00,30.01
SBA,12/30/2025 23:05,30.01
SBA,12/30/2025 23:10,30.01
SBA,12/30/2025 23:15,30.01
SBA,12/30/2025 23:20,30.02
SBA,12/30/2025 23:25,30.02
SBA,12/30/2025 23:30,30.02
SBA,12/30/2025 23:35,30.02
SBA,12/30/2025 23:40,30.02
SBA,12/30/2025 23:45,30.02
SBA,12/30/2025 23:50,30.03
SBA,12/30/2025 23:55,30.03
SBA,12/31/2025 0:00,30.03
SBA,12/31/2025 0:05,30.03
SBA,12/31/2025 0:10,30.03
SBA,12/31/2025 0:15,30.03
SBA,12/31/2025 0:20,30.03
SBA,12/31/2025 0:25,30.03
SBA,12/31/2025 0:30,30.03
SBA,12/31/2025 0:35,30.03
SBA,12/31/2025 0:40,30.03
SBA,12/31/2025 0:45,30.03
SBA,12/31/2025 0:50,30.02
SBA,12/31/2025 0:55,30.02
SBA,12/31/2025 1:00,30.02
SBA,12/31/2025 1:05,30.02
SBA,12/31/2025 1:10,30.02
SBA,12/31/2025 1:15,30.02
SBA,12/31/2025 1:20,30.02
SBA,12/31/2025 1:25,30.02
SBA,12/31/2025 1:30,30.02
SBA,12/31/2025 1:35,30.02
SBA,12/31/2025 1:40,30.02
SBA,12/31/2025 1:45,30.02
SBA,12/31/2025 1:50,30.02
SBA,12/31/2025 1:55,30.02
SBA,12/31/2025 2:00,30.02
SBA,12/31/2025 2:05,30.02
SBA,12/31/2025 2:10,30.02
SBA,12/31/2025 2:15,30.02
SBA,12/31/2025 2:20,30.02
SBA,12/31/2025 2:25,30.02
SBA,12/31/2025 2:30,30.02
SBA,12/31/2025 2:35,30.02
SBA,12/31/2025 2:40,30.02
SBA,12/31/2025 2:45,30.02
SBA,12/31/2025 2:50,30.02
SBA,12/31/2025 2:55,30.02
SBA,12/31/2025 3:00,30.02
SBA,12/31/2025 3:05,30.02
SBA,12/31/2025 3:10,30.02
SBA,12/31/2025 3:15,30.02
SBA,12/31/2025 3:20,30.02
SBA,12/31/2025 3:25,30.02
SBA,12/31/2025 3:30,30.02
SBA,12/31/2025 3:35,30.02
SBA,12/31/2025 3:40,30.01
SBA,12/31/2025 3:45,30.01
SBA,12/31/2025 3:50,30.01
SBA,12/31/2025 3:55,30.01
SBA,12/31/2025 4:00,30
SBA,12/31/2025 4:05,30
SBA,12/31/2025 4:10,30
SBA,12/31/2025 4:15,30
SBA,12/31/2025 4:20,30
SBA,12/31/2025 4:25,30
SBA,12/31/2025 4:30,29.99
SBA,12/31/2025 4:35,29.99
SBA,12/31/2025 4:40,29.99
SBA,12/31/2025 4:45,29.99
SBA,12/31/2025 4:50,29.99
SBA,12/31/2025 4:55,29.99
SBA,12/31/2025 5:00,29.99
SBA,12/31/2025 5:05,29.99
SBA,12/31/2025 5:10,29.99
SBA,12/31/2025 5:15,29.99
SBA,12/31/2025 5:20,30
SBA,12/31/2025 5:25,29.99
SBA,12/31/2025 5:30,30
SBA,12/31/2025 5:35,29.99
SBA,12/31/2025 5:40,29.99
SBA,12/31/2025 5:45,29.99
SBA,12/31/2025 5:50,29.99
SBA,12/31/2025 5:55,29.99
SBA,12/31/2025 6:00,29.99
SBA,12/31/2025 6:05,29.99
SBA,12/31/2025 6:10,29.99
SBA,12/31/2025 6:15,29.98
SBA,12/31/2025 6:20,29.98
SBA,12/31/2025 6:25,29.98
SBA,12/31/2025 6:30,29.98
SBA,12/31/2025 6:35,29.98
SBA,12/31/2025 6:40,29.98
SBA,12/31/2025 6:45,29.98
SBA,12/31/2025 6:50,29.98
SBA,12/31/2025 6:55,29.98
SBA,12/31/2025 7:00,29.98
SBA,12/31/2025 7:05,29.98
SBA,12/31/2025 7:10,29.98
SBA,12/31/2025 7:15,29.99
SBA,12/31/2025 7:20,29.99
SBA,12/31/2025 7:25,29.99
SBA,12/31/2025 7:30,30
SBA,12/31/2025 7:35,30
SBA,12/31/2025 7:40,30
SBA,12/31/2025 7:45,30.01
SBA,12/31/2025 7:50,30.01
SBA,12/31/2025 7:55,30.01
SBA,12/31/2025 8:00,30.01
SBA,12/31/2025 8:05,30.01
SBA,12/31/2025 8:10,30.01
SBA,12/31/2025 8:15,30.01
SBA,12/31/2025 8:20,30.01
SBA,12/31/2025 8:25,30.01
SBA,12/31/2025 8:30,30.01
SBA,12/31/2025 8:35,30.01
SBA,12/31/2025 8:40,30.01
SBA,12/31/2025 8:45,30.01
SBA,12/31/2025 8:50,30.01
SBA,12/31/2025 8:55,30.01
SBA,12/31/2025 9:00,30.02
SBA,12/31/2025 9:05,30.01
SBA,12/31/2025 9:10,30.02
SBA,12/31/2025 9:15,30.02
SBA,12/31/2025 9:20,30.02
SBA,12/31/2025 9:25,30.02
SBA,12/31/2025 9:30,30.02
SBA,12/31/2025 9:35,30.02
SBA,12/31/2025 9:40,30.02
SBA,12/31/2025 9:45,30.03
SBA,12/31/2025 9:50,30.03
SBA,12/31/2025 9:55,30.03
SBA,12/31/2025 10:00,30.03
SBA,12/31/2025 10:05,30.03
SBA,12/31/2025 10:10,30.03
SBA,12/31/2025 10:15,30.03
SBA,12/31/2025 10:20,30.03
SBA,12/31/2025 10:25,30.02
SBA,12/31/2025 10:30,30.02
SBA,12/31/2025 10:35,30.02
SBA,12/31/2025 10:40,30.02
SBA,12/31/2025 10:45,30.02
SBA,12/31/2025 10:50,30.02
SBA,12/31/2025 10:55,30.01
SBA,12/31/2025 11:00,30.01
SBA,12/31/2025 11:05,30.01
SBA,12/31/2025 11:10,30.01
SBA,12/31/2025 11:15,30.01
SBA,12/31/2025 11:20,30
SBA,12/31/2025 11:25,30
SBA,12/31/2025 11:30,30
SBA,12/31/2025 11:35,29.99
SBA,12/31/2025 11:40,29.99
SBA,12/31/2025 11:45,29.99
SBA,12/31/2025 11:50,29.98
SBA,12/31/2025 11:55,29.98
SBA,12/31/2025 12:00,29.98
SBA,12/31/2025 12:05,29.98
SBA,12/31/2025 12:10,29.98
SBA,12/31/2025 12:15,29.97
SBA,12/31/2025 12:20,29.97
SBA,12/31/2025 12:25,29.97
SBA,12/31/2025 12:30,29.97
SBA,12/31/2025 12:35,29.97
SBA,12/31/2025 12:40,29.96
SBA,12/31/2025 12:45,29.96
SBA,12/31/2025 12:50,29.96
SBA,12/31/2025 12:55,29.96
SBA,12/31/2025 13:00,29.96
SBA,12/31/2025 13:05,29.95
SBA,12/31/2025 13:10,29.95
SBA,12/31/2025 13:15,29.95
SBA,12/31/2025 13:20,29.95
SBA,12/31/2025 13:25,29.95
SBA,12/31/2025 13:30,29.94
SBA,12/31/2025 13:35,29.95
SBA,12/31/2025 13:40,29.95
SBA,12/31/2025 13:45,29.95
SBA,12/31/2025 13:50,29.95
SBA,12/31/2025 13:55,29.95
SBA,12/31/2025 14:00,29.95
SBA,12/31/2025 14:05,29.95
SBA,12/31/2025 14:10,29.95
SBA,12/31/2025 14:15,29.95
SBA,12/31/2025 14:20,29.94
SBA,12/31/2025 14:25,29.94
SBA,12/31/2025 14:30,29.94
SBA,12/31/2025 14:35,29.94
SBA,12/31/2025 14:40,29.94
SBA,12/31/2025 14:45,29.94
SBA,12/31/2025 14:50,29.94
SBA,12/31/2025 14:55,29.94
SBA,12/31/2025 15:00,29.94
SBA,12/31/2025 15:05,29.94
SBA,12/31/2025 15:10,29.94
SBA,12/31/2025 15:15,29.94
SBA,12/31/2025 15:20,29.94
SBA,12/31/2025 15:25,29.94
SBA,12/31/2025 15:30,29.94
SBA,12/31/2025 15:35,29.94
SBA,12/31/2025 15:40,29.94
SBA,12/31/2025 15:45,29.93
SBA,12/31/2025 15:50,29.93
SBA,12/31/2025 15:55,29.93
SBA,12/31/2025 16:00,29.93
SBA,12/31/2025 16:05,29.93
SBA,12/31/2025 16:10,29.93
SBA,12/31/2025 16:15,29.93
SBA,12/31/2025 16:20,29.92
SBA,12/31/2025 16:25,29.92
SBA,12/31/2025 16:30,29.92
SBA,12/31/2025 16:35,29.92
SBA,12/31/2025 16:40,29.92
SBA,12/31/2025 16:45,29.92
SBA,12/31/2025 16:50,29.92
SBA,12/31/2025 16:55,29.92
SBA,12/31/2025 17:00,29.92
SBA,12/31/2025 17:05,29.92
SBA,12/31/2025 17:10,29.92
SBA,12/31/2025 17:15,29.92
SBA,12/31/2025 17:20,29.92
SBA,12/31/2025 17:25,29.92
SBA,12/31/2025 17:30,29.92
SBA,12/31/2025 17:35,29.92
SBA,12/31/2025 17:40,29.92
SBA,12/31/2025 17:45,29.92
SBA,12/31/2025 17:50,29.92
SBA,12/31/2025 17:55,29.92
SBA,12/31/2025 18:00,29.92
SBA,12/31/2025 18:05,29.93
SBA,12/31/2025 18:10,29.93
SBA,12/31/2025 18:15,29.93
SBA,12/31/2025 18:20,29.93
SBA,12/31/2025 18:25,29.93
SBA,12/31/2025 18:30,29.93
SBA,12/31/2025 18:35,29.93
SBA,12/31/2025 18:40,29.93
SBA,12/31/2025 18:45,29.93
SBA,12/31/2025 18:50,29.93
SBA,12/31/2025 18:55,29.93
SBA,12/31/2025 19:00,29.93
SBA,12/31/2025 19:05,29.93
SBA,12/31/2025 19:10,29.93
SBA,12/31/2025 19:15,29.93
SBA,12/31/2025 19:20,29.93
SBA,12/31/2025 19:25,29.93
SBA,12/31/2025 19:30,29.93
SBA,12/31/2025 19:35,29.93
SBA,12/31/2025 19:40,29.93
SBA,12/31/2025 19:45,29.93
SBA,12/31/2025 19:50,29.93
SBA,12/31/2025 19:55,29.94
SBA,12/31/2025 20:00,29.94
SBA,12/31/2025 20:05,29.94
SBA,12/31/2025 20:10,29.94
SBA,12/31/2025 20:15,29.94
SBA,12/31/2025 20:20,29.94
SBA,12/31/2025 20:25,29.94
SBA,12/31/2025 20:30,29.94
SBA,12/31/2025 20:35,29.94
SBA,12/31/2025 20:40,29.95
SBA,12/31/2025 20:45,29.95
SBA,12/31/2025 20:50,29.95
SBA,12/31/2025 20:55,29.95
SBA,12/31/2025 21:00,29.95
SBA,12/31/2025 21:05,29.95
SBA,12/31/2025 21:10,29.95
SBA,12/31/2025 21:15,29.95
SBA,12/31/2025 21:20,29.95
SBA,12/31/2025 21:25,29.95
SBA,12/31/2025 21:30,29.95
SBA,12/31/2025 21:35,29.95
SBA,12/31/2025 21:40,29.95
SBA,12/31/2025 21:45,29.95
SBA,12/31/2025 21:50,29.95
SBA,12/31/2025 21:55,29.95
SBA,12/31/2025 22:00,29.95
SBA,12/31/2025 22:05,29.95
SBA,12/31/2025 22:10,29.95
SBA,12/31/2025 22:15,29.95
SBA,12/31/2025 22:20,29.95
SBA,12/31/2025 22:25,29.95
SBA,12/31/2025 22:30,29.95
SBA,12/31/2025 22:35,29.95
SBA,12/31/2025 22:40,29.95
SBA,12/31/2025 22:45,29.95
SBA,12/31/2025 22:50,29.95
SBA,12/31/2025 22:55,29.95
SBA,12/31/2025 23:00,29.95
SBA,12/31/2025 23:05,29.95
SBA,12/31/2025 23:10,29.95
SBA,12/31/2025 23:15,29.94
SBA,12/31/2025 23:20,29.94
SBA,12/31/2025 23:25,29.94
SBA,12/31/2025 23:30,29.94
SBA,12/31/2025 23:35,29.93
SBA,12/31/2025 23:40,29.94
SBA,12/31/2025 23:45,29.94
SBA,12/31/2025 23:50,29.94
SBA,12/31/2025 23:55,29.94
SBA,1/1/2026 0:00,29.94
SBA,1/1/2026 0:05,29.93
SBA,1/1/2026 0:10,29.93
SBA,1/1/2026 0:15,29.93
SBA,1/1/2026 0:20,29.93
SBA,1/1/2026 0:25,29.94
SBA,1/1/2026 0:30,29.94
SBA,1/1/2026 0:35,29.94
SBA,1/1/2026 0:40,29.94
SBA,1/1/2026 0:45,29.94
SBA,1/1/2026 0:50,29.94
SBA,1/1/2026 0:55,29.94
SBA,1/1/2026 1:00,29.93
SBA,1/1/2026 1:05,29.93
SBA,1/1/2026 1:10,29.93
SBA,1/1/2026 1:15,29.93
SBA,1/1/2026 1:20,29.93
SBA,1/1/2026 1:25,29.93
SBA,1/1/2026 1:30,29.93
SBA,1/1/2026 1:35,29.92
SBA,1/1/2026 1:40,29.92
SBA,1/1/2026 1:45,29.92
SBA,1/1/2026 1:50,29.92
SBA,1/1/2026 1:55,29.92
SBA,1/1/2026 2:00,29.93
SBA,1/1/2026 2:05,29.92
SBA,1/1/2026 2:10,29.92
SBA,1/1/2026 2:15,29.92
SBA,1/1/2026 2:20,29.92
SBA,1/1/2026 2:25,29.92
SBA,1/1/2026 2:30,29.92
SBA,1/1/2026 2:35,29.92
SBA,1/1/2026 2:40,29.91
SBA,1/1/2026 2:45,29.91
SBA,1/1/2026 2:50,29.91
SBA,1/1/2026 2:55,29.91
SBA,1/1/2026 3:00,29.91
SBA,1/1/2026 3:05,29.91
SBA,1/1/2026 3:10,29.91
SBA,1/1/2026 3:15,29.91
SBA,1/1/2026 3:20,29.9
SBA,1/1/2026 3:25,29.9
SBA,1/1/2026 3:30,29.9
SBA,1/1/2026 3:35,29.9
SBA,1/1/2026 3:40,29.9
SBA,1/1/2026 3:45,29.9
SBA,1/1/2026 3:50,29.9
SBA,1/1/2026 3:55,29.9
SBA,1/1/2026 4:00,29.9
SBA,1/1/2026 4:05,29.91
SBA,1/1/2026 4:10,29.9
SBA,1/1/2026 4:15,29.9
SBA,1/1/2026 4:20,29.91
SBA,1/1/2026 4:25,29.91
SBA,1/1/2026 4:30,29.91
SBA,1/1/2026 4:35,29.91
SBA,1/1/2026 4:40,29.91
SBA,1/1/2026 4:45,29.91
SBA,1/1/2026 4:50,29.91
SBA,1/1/2026 4:55,29.91
SBA,1/1/2026 5:00,29.92
SBA,1/1/2026 5:05,29.92
SBA,1/1/2026 5:10,29.92
SBA,1/1/2026 5:15,29.93
SBA,1/1/2026 5:20,29.93
SBA,1/1/2026 5:25,29.93
SBA,1/1/2026 5:30,29.94
SBA,1/1/2026 5:35,29.94
SBA,1/1/2026 5:40,29.94
SBA,1/1/2026 5:45,29.95
SBA,1/1/2026 5:50,29.95
SBA,1/1/2026 5:55,29.95
SBA,1/1/2026 6:00,29.96
SBA,1/1/2026 6:05,29.96
SBA,1/1/2026 6:10,29.96
SBA,1/1/2026 6:15,29.96
SBA,1/1/2026 6:20,29.96
SBA,1/1/2026 6:25,29.97
SBA,1/1/2026 6:30,29.97
SBA,1/1/2026 6:35,29.97
SBA,1/1/2026 6:40,29.97
SBA,1/1/2026 6:45,29.97
SBA,1/1/2026 6:50,29.97
SBA,1/1/2026 6:55,29.98
SBA,1/1/2026 7:00,29.98
SBA,1/1/2026 7:05,29.98
SBA,1/1/2026 7:10,29.98
SBA,1/1/2026 7:15,29.98
SBA,1/1/2026 7:20,29.98
SBA,1/1/2026 7:25,29.98
SBA,1/1/2026 7:30,29.98
SBA,1/1/2026 7:35,29.99
SBA,1/1/2026 7:40,29.99
SBA,1/1/2026 7:45,29.99
SBA,1/1/2026 7:50,29.99
SBA,1/1/2026 7:55,30
SBA,1/1/2026 8:00,30
SBA,1/1/2026 8:05,30
SBA,1/1/2026 8:10,30
SBA,1/1/2026 8:15,30
SBA,1/1/2026 8:20,30.01
SBA,1/1/2026 8:25,30.01
SBA,1/1/2026 8:30,30.01
SBA,1/1/2026 8:35,30.02
SBA,1/1/2026 8:40,30.02
SBA,1/1/2026 8:45,30.02
SBA,1/1/2026 8:50,30.02
SBA,1/1/2026 8:55,30.02
SBA,1/1/2026 9:00,30.03
SBA,1/1/2026 9:05,30.03
SBA,1/1/2026 9:10,30.03
SBA,1/1/2026 9:15,30.03
SBA,1/1/2026 9:20,30.04
SBA,1/1/2026 9:25,30.04
SBA,1/1/2026 9:30,30.04
SBA,1/1/2026 9:35,30.04
SBA,1/1/2026 9:40,30.04
SBA,1/1/2026 9:45,30.04
SBA,1/1/2026 9:50,30.04
SBA,1/1/2026 9:55,30.05
SBA,1/1/2026 10:00,30.05
SBA,1/1/2026 10:05,30.04
SBA,1/1/2026 10:10,30.05
SBA,1/1/2026 10:15,30.05
SBA,1/1/2026 10:20,30.05
SBA,1/1/2026 10:25,30.05
SBA,1/1/2026 10:30,30.05
SBA,1/1/2026 10:35,30.04
SBA,1/1/2026 10:40,30.04
SBA,1/1/2026 10:45,30.04
SBA,1/1/2026 10:50,30.04
SBA,1/1/2026 10:55,30.04
SBA,1/1/2026 11:00,30.04
SBA,1/1/2026 11:05,30.04
SBA,1/1/2026 11:10,30.04
SBA,1/1/2026 11:15,30.04
SBA,1/1/2026 11:20,30.04
SBA,1/1/2026 11:25,30.04
SBA,1/1/2026 11:30,30.04
SBA,1/1/2026 11:35,30.04
SBA,1/1/2026 11:40,30.04
SBA,1/1/2026 11:45,30.04
SBA,1/1/2026 11:50,30.04
SBA,1/1/2026 11:55,30.04
SBA,1/1/2026 12:00,30.04
SBA,1/1/2026 12:05,30.04
SBA,1/1/2026 12:10,30.04
SBA,1/1/2026 12:15,30.03
SBA,1/1/2026 12:20,30.03
SBA,1/1/2026 12:25,30.03
SBA,1/1/2026 12:30,30.03
SBA,1/1/2026 12:35,30.03
SBA,1/1/2026 12:40,30.03
SBA,1/1/2026 12:45,30.03
SBA,1/1/2026 12:50,30.03
SBA,1/1/2026 12:55,30.03
SBA,1/1/2026 13:00,30.03
SBA,1/1/2026 13:05,30.03
SBA,1/1/2026 13:10,30.03
SBA,1/1/2026 13:15,30.03
SBA,1/1/2026 13:20,30.03
SBA,1/1/2026 13:25,30.03
SBA,1/1/2026 13:30,30.03
SBA,1/1/2026 13:35,30.03
SBA,1/1/2026 13:40,30.03
SBA,1/1/2026 13:45,30.03
SBA,1/1/2026 13:50,30.03
SBA,1/1/2026 13:55,30.03
SBA,1/1/2026 14:00,30.03
SBA,1/1/2026 14:05,30.03
SBA,1/1/2026 14:10,30.03
SBA,1/1/2026 14:15,30.03
SBA,1/1/2026 14:20,30.03
SBA,1/1/2026 14:25,30.03
SBA,1/1/2026 14:30,30.04
SBA,1/1/2026 14:35,30.04
SBA,1/1/2026 14:40,30.04
SBA,1/1/2026 14:45,30.04
SBA,1/1/2026 14:50,30.04
SBA,1/1/2026 14:55,30.04
SBA,1/1/2026 15:00,30.04
SBA,1/1/2026 15:05,30.04
SBA,1/1/2026 15:10,30.04
SBA,1/1/2026 15:15,30.05
SBA,1/1/2026 15:20,30.04
SBA,1/1/2026 15:25,30.04
SBA,1/1/2026 15:30,30.04
SBA,1/1/2026 15:35,30.04
SBA,1/1/2026 15:40,30.04
SBA,1/1/2026 15:45,30.04
SBA,1/1/2026 15:50,30.04
SBA,1/1/2026 15:55,30.04
SBA,1/1/2026 16:00,30.04
SBA,1/1/2026 16:05,30.04
SBA,1/1/2026 16:10,30.04
SBA,1/1/2026 16:15,30.04
SBA,1/1/2026 16:20,30.05
SBA,1/1/2026 16:25,30.05
SBA,1/1/2026 16:30,30.05
SBA,1/1/2026 16:35,30.05
SBA,1/1/2026 16:40,30.04
SBA,1/1/2026 16:45,30.04
SBA,1/1/2026 16:50,30.04
SBA,1/1/2026 16:55,30.04
SBA,1/1/2026 17:00,30.05
SBA,1/1/2026 17:05,30.05
SBA,1/1/2026 17:10,30.05
SBA,1/1/2026 17:15,30.05
SBA,1/1/2026 17:20,30.05
SBA,1/1/2026 17:25,30.05
SBA,1/1/2026 17:30,30.05
SBA,1/1/2026 17:35,30.05
SBA,1/1/2026 17:40,30.05
SBA,1/1/2026 17:45,30.05
SBA,1/1/2026 17:50,30.06
SBA,1/1/2026 17:55,30.06
SBA,1/1/2026 18:00,30.06
SBA,1/1/2026 18:05,30.06
SBA,1/1/2026 18:10,30.06
SBA,1/1/2026 18:15,30.06
SBA,1/1/2026 18:20,30.06
SBA,1/1/2026 18:25,30.07
SBA,1/1/2026 18:30,30.07
SBA,1/1/2026 18:35,30.07
SBA,1/1/2026 18:40,30.07
SBA,1/1/2026 18:45,30.07
SBA,1/1/2026 18:50,30.07
SBA,1/1/2026 18:55,30.07
SBA,1/1/2026 19:00,30.07
SBA,1/1/2026 19:05,30.07
SBA,1/1/2026 19:10,30.06
SBA,1/1/2026 19:15,30.07
SBA,1/1/2026 19:20,30.07
SBA,1/1/2026 19:25,30.07
SBA,1/1/2026 19:30,30.07
SBA,1/1/2026 19:35,30.07
SBA,1/1/2026 19:40,30.07
SBA,1/1/2026 19:45,30.07
SBA,1/1/2026 19:50,30.07
SBA,1/1/2026 19:55,30.07
SBA,1/1/2026 20:00,30.07
SBA,1/1/2026 20:05,30.07
SBA,1/1/2026 20:10,30.07
SBA,1/1/2026 20:15,30.07
SBA,1/1/2026 20:20,30.07
SBA,1/1/2026 20:25,30.08
SBA,1/1/2026 20:30,30.08
SBA,1/1/2026 20:35,30.08
SBA,1/1/2026 20:40,30.08
SBA,1/1/2026 20:45,30.08
SBA,1/1/2026 20:50,30.08
SBA,1/1/2026 20:55,30.08
SBA,1/1/2026 21:00,30.08
SBA,1/1/2026 21:05,30.08
SBA,1/1/2026 21:10,30.08
SBA,1/1/2026 21:15,30.08
SBA,1/1/2026 21:20,30.08
SBA,1/1/2026 21:25,30.08
SBA,1/1/2026 21:30,30.08
SBA,1/1/2026 21:35,30.08
SBA,1/1/2026 21:40,30.08
SBA,1/1/2026 21:45,30.09
SBA,1/1/2026 21:50,30.09
SBA,1/1/2026 21:55,30.09
SBA,1/1/2026 22:00,30.09
SBA,1/1/2026 22:05,30.09
SBA,1/1/2026 22:10,30.09
SBA,1/1/2026 22:15,30.09
SBA,1/1/2026 22:20,30.09
SBA,1/1/2026 22:25,30.09
SBA,1/1/2026 22:30,30.09
SBA,1/1/2026 22:35,30.09
SBA,1/1/2026 22:40,30.09
SBA,1/1/2026 22:45,30.09
SBA,1/1/2026 22:50,30.09
SBA,1/1/2026 22:55,30.09
SBA,1/1/2026 23:00,30.09
SBA,1/1/2026 23:05,30.08
SBA,1/1/2026 23:10,30.08
SBA,1/1/2026 23:15,30.08
SBA,1/1/2026 23:20,30.08
SBA,1/1/2026 23:25,30.08
SBA,1/1/2026 23:30,30.08
SBA,1/1/2026 23:35,30.08
SBA,1/1/2026 23:40,30.07
SBA,1/1/2026 23:45,30.07
SBA,1/1/2026 23:50,30.07
SBA,1/1/2026 23:55,30.07
SBA,1/2/2026 0:00,30.07
SBA,1/2/2026 0:05,30.07
SBA,1/2/2026 0:10,30.07
SBA,1/2/2026 0:15,30.07
SBA,1/2/2026 0:20,30.06
SBA,1/2/2026 0:25,30.06
SBA,1/2/2026 0:30,30.06
SBA,1/2/2026 0:35,30.06
SBA,1/2/2026 0:40,30.06
SBA,1/2/2026 0:45,30.06
SBA,1/2/2026 0:50,30.06
SBA,1/2/2026 0:55,30.06
SBA,1/2/2026 1:00,30.06
SBA,1/2/2026 1:05,30.06
SBA,1/2/2026 1:10,30.06
SBA,1/2/2026 1:15,30.05
SBA,1/2/2026 1:20,30.05
SBA,1/2/2026 1:25,30.05
SBA,1/2/2026 1:30,30.05
SBA,1/2/2026 1:35,30.05
SBA,1/2/2026 1:40,30.05
SBA,1/2/2026 1:45,30.05
SBA,1/2/2026 1:50,30.05
SBA,1/2/2026 1:55,30.05
SBA,1/2/2026 2:00,30.05
SBA,1/2/2026 2:05,30.05
SBA,1/2/2026 2:10,30.05
SBA,1/2/2026 2:15,30.05
SBA,1/2/2026 2:20,30.05
SBA,1/2/2026 2:25,30.05
SBA,1/2/2026 2:30,30.05
SBA,1/2/2026 2:35,30.05
SBA,1/2/2026 2:40,30.05
SBA,1/2/2026 2:45,30.05
SBA,1/2/2026 2:50,30.05
SBA,1/2/2026 2:55,30.05
SBA,1/2/2026 3:00,30.05
SBA,1/2/2026 3:05,30.05
SBA,1/2/2026 3:10,30.05
SBA,1/2/2026 3:15,30.05
SBA,1/2/2026 3:20,30.05
SBA,1/2/2026 3:25,30.05
SBA,1/2/2026 3:30,30.05
SBA,1/2/2026 3:35,30.05
SBA,1/2/2026 3:40,30.05
SBA,1/2/2026 3:45,30.04
SBA,1/2/2026 3:50,30.04
SBA,1/2/2026 3:55,30.04
SBA,1/2/2026 4:00,30.04
SBA,1/2/2026 4:05,30.04
SBA,1/2/2026 4:10,30.04
SBA,1/2/2026 4:15,30.04
SBA,1/2/2026 4:20,30.04
SBA,1/2/2026 4:25,30.04
SBA,1/2/2026 4:30,30.04
SBA,1/2/2026 4:35,30.03
SBA,1/2/2026 4:40,30.03
SBA,1/2/2026 4:45,30.03
SBA,1/2/2026 4:50,30.03
SBA,1/2/2026 4:55,30.03
SBA,1/2/2026 5:00,30.03
SBA,1/2/2026 5:05,30.03
SBA,1/2/2026 5:10,30.03
SBA,1/2/2026 5:15,30.03
SBA,1/2/2026 5:20,30.03
SBA,1/2/2026 5:25,30.03
SBA,1/2/2026 5:30,30.03
SBA,1/2/2026 5:35,30.03
SBA,1/2/2026 5:40,30.03
SBA,1/2/2026 5:45,30.03
SBA,1/2/2026 5:50,30.03
SBA,1/2/2026 5:55,30.03
SBA,1/2/2026 6:00,30.03
SBA,1/2/2026 6:05,30.03
SBA,1/2/2026 6:10,30.03
SBA,1/2/2026 6:15,30.03
SBA,1/2/2026 6:20,30.04
SBA,1/2/2026 6:25,30.04
SBA,1/2/2026 6:30,30.04
SBA,1/2/2026 6:35,30.04
SBA,1/2/2026 6:40,30.04
SBA,1/2/2026 6:45,30.04
SBA,1/2/2026 6:50,30.04
SBA,1/2/2026 6:55,30.04
SBA,1/2/2026 7:00,30.04
SBA,1/2/2026 7:05,30.04
SBA,1/2/2026 7:10,30.04
SBA,1/2/2026 7:15,30.04
SBA,1/2/2026 7:20,30.04
SBA,1/2/2026 7:25,30.04
SBA,1/2/2026 7:30,30.04
SBA,1/2/2026 7:35,30.04
SBA,1/2/2026 7:40,30.04
SBA,1/2/2026 7:45,30.05
SBA,1/2/2026 7:50,30.05
SBA,1/2/2026 7:55,30.04
SBA,1/2/2026 8:00,30.05
SBA,1/2/2026 8:05,30.05
SBA,1/2/2026 8:10,30.05
SBA,1/2/2026 8:15,30.05
SBA,1/2/2026 8:20,30.05
SBA,1/2/2026 8:25,30.05
SBA,1/2/2026 8:30,30.05
SBA,1/2/2026 8:35,30.05
SBA,1/2/2026 8:40,30.05
SBA,1/2/2026 8:45,30.05
SBA,1/2/2026 8:50,30.05
SBA,1/2/2026 8:55,30.06
SBA,1/2/2026 9:00,30.06
SBA,1/2/2026 9:05,30.06
SBA,1/2/2026 9:10,30.07
SBA,1/2/2026 9:15,30.07
SBA,1/2/2026 9:20,30.07
SBA,1/2/2026 9:25,30.07
SBA,1/2/2026 9:30,30.07
SBA,1/2/2026 9:35,30.07
SBA,1/2/2026 9:40,30.08
SBA,1/2/2026 9:45,30.08
SBA,1/2/2026 9:50,30.08
SBA,1/2/2026 9:55,30.08
SBA,1/2/2026 10:00,30.08
SBA,1/2/2026 10:05,30.08
SBA,1/2/2026 10:10,30.08
SBA,1/2/2026 10:15,30.08
SBA,1/2/2026 10:20,30.08
SBA,1/2/2026 10:25,30.08
SBA,1/2/2026 10:30,30.08
SBA,1/2/2026 10:35,30.08
SBA,1/2/2026 10:40,30.08
SBA,1/2/2026 10:45,30.08
SBA,1/2/2026 10:50,30.08
SBA,1/2/2026 10:55,30.07
SBA,1/2/2026 11:00,30.07
SBA,1/2/2026 11:05,30.07
SBA,1/2/2026 11:10,30.07
SBA,1/2/2026 11:15,30.06
SBA,1/2/2026 11:20,30.06
SBA,1/2/2026 11:25,30.06
SBA,1/2/2026 11:30,30.05
SBA,1/2/2026 11:35,30.05
SBA,1/2/2026 11:40,30.05
SBA,1/2/2026 11:45,30.05
SBA,1/2/2026 11:50,30.05
SBA,1/2/2026 11:55,30.05
SBA,1/2/2026 12:00,30.05
SBA,1/2/2026 12:05,30.04
SBA,1/2/2026 12:10,30.04
SBA,1/2/2026 12:15,30.04
SBA,1/2/2026 12:20,30.03
SBA,1/2/2026 12:25,30.03
SBA,1/2/2026 12:30,30.03
SBA,1/2/2026 12:35,30.02
SBA,1/2/2026 12:40,30.02
SBA,1/2/2026 12:45,30.02
SBA,1/2/2026 12:50,30.02
SBA,1/2/2026 12:55,30.01
SBA,1/2/2026 13:00,30.01
SBA,1/2/2026 13:05,30.01
SBA,1/2/2026 13:10,30.01
SBA,1/2/2026 13:15,30.01
SBA,1/2/2026 13:20,30.01
SBA,1/2/2026 13:25,30.01
SBA,1/2/2026 13:30,30.01
SBA,1/2/2026 13:35,30.01
SBA,1/2/2026 13:40,30
SBA,1/2/2026 13:45,30
SBA,1/2/2026 13:50,30
SBA,1/2/2026 13:55,30
SBA,1/2/2026 14:00,30
SBA,1/2/2026 14:05,30
SBA,1/2/2026 14:10,30
SBA,1/2/2026 14:15,30
SBA,1/2/2026 14:20,30
SBA,1/2/2026 14:25,29.99
SBA,1/2/2026 14:30,29.99
SBA,1/2/2026 14:35,29.99
SBA,1/2/2026 14:40,30
SBA,1/2/2026 14:45,30
SBA,1/2/2026 14:50,30
SBA,1/2/2026 14:55,30
SBA,1/2/2026 15:00,30
SBA,1/2/2026 15:05,30
SBA,1/2/2026 15:10,30
SBA,1/2/2026 15:15,30
SBA,1/2/2026 15:20,29.99
SBA,1/2/2026 15:25,29.99
SBA,1/2/2026 15:30,29.99
SBA,1/2/2026 15:35,29.99
SBA,1/2/2026 15:40,30
SBA,1/2/2026 15:45,30
SBA,1/2/2026 15:50,30
SBA,1/2/2026 15:55,30
SBA,1/2/2026 16:00,30
SBA,1/2/2026 16:05,30
SBA,1/2/2026 16:10,30
SBA,1/2/2026 16:15,30.01
SBA,1/2/2026 16:20,30.01
SBA,1/2/2026 16:25,30.01
SBA,1/2/2026 16:30,30.01
SBA,1/2/2026 16:35,30.01
SBA,1/2/2026 16:40,30.01
SBA,1/2/2026 16:45,30.01
SBA,1/2/2026 16:50,30.01
SBA,1/2/2026 16:55,30.01
SBA,1/2/2026 17:00,30.01
SBA,1/2/2026 17:05,30.02
SBA,1/2/2026 17:10,30.01
SBA,1/2/2026 17:15,30.02
SBA,1/2/2026 17:20,30.02
SBA,1/2/2026 17:25,30.02
SBA,1/2/2026 17:30,30.01
SBA,1/2/2026 17:35,30.01
SBA,1/2/2026 17:40,30.01
SBA,1/2/2026 17:45,30.01
SBA,1/2/2026 17:50,30.01
SBA,1/2/2026 17:55,30.01
SBA,1/2/2026 18:00,30.02
SBA,1/2/2026 18:05,30.01
SBA,1/2/2026 18:10,30.02
SBA,1/2/2026 18:15,30.01
SBA,1/2/2026 18:20,30.01
SBA,1/2/2026 18:25,30.01
SBA,1/2/2026 18:30,30.01
SBA,1/2/2026 18:35,30.01
SBA,1/2/2026 18:40,30.01
SBA,1/2/2026 18:45,30.01
SBA,1/2/2026 18:50,30.01
SBA,1/2/2026 18:55,30.01
SBA,1/2/2026 19:00,30.01
SBA,1/2/2026 19:05,30.01
SBA,1/2/2026 19:10,30.01
SBA,1/2/2026 19:15,30.02
SBA,1/2/2026 19:20,30.02
SBA,1/2/2026 19:25,30.01
SBA,1/2/2026 19:30,30.02
SBA,1/2/2026 19:35,30.02
SBA,1/2/2026 19:40,30.02
SBA,1/2/2026 19:45,30.02
SBA,1/2/2026 19:50,30.02
SBA,1/2/2026 19:55,30.03
SBA,1/2/2026 20:00,30.02
SBA,1/2/2026 20:05,30.02
SBA,1/2/2026 20:10,30.02
SBA,1/2/2026 20:15,30.02
SBA,1/2/2026 20:20,30.03
SBA,1/2/2026 20:25,30.03
SBA,1/2/2026 20:30,30.02
SBA,1/2/2026 20:35,30.02
SBA,1/2/2026 20:40,30.02
SBA,1/2/2026 20:45,30.03
SBA,1/2/2026 20:50,30.02
SBA,1/2/2026 20:55,30.02
SBA,1/2/2026 21:00,30.03
SBA,1/2/2026 21:05,30.03
SBA,1/2/2026 21:10,30.03
SBA,1/2/2026 21:15,30.02
SBA,1/2/2026 21:20,30.02
SBA,1/2/2026 21:25,30.02
SBA,1/2/2026 21:30,30.02
SBA,1/2/2026 21:35,30.02
SBA,1/2/2026 21:40,30.02
SBA,1/2/2026 21:45,30.03
SBA,1/2/2026 21:50,30.03
SBA,1/2/2026 21:55,30.03
SBA,1/2/2026 22:00,30.03
SBA,1/2/2026 22:05,30.03
SBA,1/2/2026 22:10,30.03
SBA,1/2/2026 22:15,30.03
SBA,1/2/2026 22:20,30.03
SBA,1/2/2026 22:25,30.03
SBA,1/2/2026 22:30,30.02
SBA,1/2/2026 22:35,30.02
SBA,1/2/2026 22:40,30.02
SBA,1/2/2026 22:45,30.02
SBA,1/2/2026 22:50,30.01
SBA,1/2/2026 22:55,30.02
SBA,1/2/2026 23:00,30.02
SBA,1/2/2026 23:05,30.02
SBA,1/2/2026 23:10,30.03
SBA,1/2/2026 23:15,30.03
SBA,1/2/2026 23:20,30.03
SBA,1/2/2026 23:25,30.03
SBA,1/2/2026 23:30,30.03
SBA,1/2/2026 23:35,30.03
SBA,1/2/2026 23:40,30.03
SBA,1/2/2026 23:45,30.02
SBA,1/2/2026 23:50,30.03
SBA,1/2/2026 23:55,30.03
SBA,1/3/2026 0:00,30.03
SBA,1/3/2026 0:05,30.03
SBA,1/3/2026 0:10,30.03
SBA,1/3/2026 0:15,30.03
SBA,1/3/2026 0:20,30.02
SBA,1/3/2026 0:25,30.02
SBA,1/3/2026 0:30,30.02
SBA,1/3/2026 0:35,30.02
SBA,1/3/2026 0:40,30.01
SBA,1/3/2026 0:45,30.01
SBA,1/3/2026 0:50,30.01
SBA,1/3/2026 0:55,30.01
SBA,1/3/2026 1:00,30.01
SBA,1/3/2026 1:05,30.01
SBA,1/3/2026 1:10,30.01
SBA,1/3/2026 1:15,30.01
SBA,1/3/2026 1:20,30.01
SBA,1/3/2026 1:25,30.01
SBA,1/3/2026 1:30,30.01
SBA,1/3/2026 1:35,30.01
SBA,1/3/2026 1:40,30.01
SBA,1/3/2026 1:45,30.01
SBA,1/3/2026 1:50,30
SBA,1/3/2026 1:55,30
SBA,1/3/2026 2:00,30
SBA,1/3/2026 2:05,30
SBA,1/3/2026 2:10,30
SBA,1/3/2026 2:15,30
SBA,1/3/2026 2:20,30
SBA,1/3/2026 2:25,30
SBA,1/3/2026 2:30,30
SBA,1/3/2026 2:35,30
SBA,1/3/2026 2:40,30
SBA,1/3/2026 2:45,30
SBA,1/3/2026 2:50,30
SBA,1/3/2026 2:55,30
SBA,1/3/2026 3:00,30
SBA,1/3/2026 3:05,30
SBA,1/3/2026 3:10,30
SBA,1/3/2026 3:15,30
SBA,1/3/2026 3:20,30
SBA,1/3/2026 3:25,30
SBA,1/3/2026 3:30,30
SBA,1/3/2026 3:35,29.99
SBA,1/3/2026 3:40,29.99
SBA,1/3/2026 3:45,29.99
SBA,1/3/2026 3:50,29.99
SBA,1/3/2026 3:55,29.99
SBA,1/3/2026 4:00,29.99
SBA,1/3/2026 4:05,29.99
SBA,1/3/2026 4:10,29.98
SBA,1/3/2026 4:15,29.98
SBA,1/3/2026 4:20,29.98
SBA,1/3/2026 4:25,29.98
SBA,1/3/2026 4:30,29.98
SBA,1/3/2026 4:35,29.98
SBA,1/3/2026 4:40,29.98
SBA,1/3/2026 4:45,29.98
SBA,1/3/2026 4:50,29.98
SBA,1/3/2026 4:55,29.98
SBA,1/3/2026 5:00,29.97
SBA,1/3/2026 5:05,29.97
SBA,1/3/2026 5:10,29.97
SBA,1/3/2026 5:15,29.97
SBA,1/3/2026 5:20,29.97
SBA,1/3/2026 5:25,29.97
SBA,1/3/2026 5:30,29.97
SBA,1/3/2026 5:35,29.97
SBA,1/3/2026 5:40,29.97
SBA,1/3/2026 5:45,29.97
SBA,1/3/2026 5:50,29.97
SBA,1/3/2026 5:55,29.98
SBA,1/3/2026 6:00,29.97
SBA,1/3/2026 6:05,29.97
SBA,1/3/2026 6:10,29.97
SBA,1/3/2026 6:15,29.97
SBA,1/3/2026 6:20,29.97
SBA,1/3/2026 6:25,29.97
SBA,1/3/2026 6:30,29.96
SBA,1/3/2026 6:35,29.96
SBA,1/3/2026 6:40,29.96
SBA,1/3/2026 6:45,29.96
SBA,1/3/2026 6:50,29.96
SBA,1/3/2026 6:55,29.97
SBA,1/3/2026 7:00,29.97
SBA,1/3/2026 7:05,29.97
SBA,1/3/2026 7:10,29.97
SBA,1/3/2026 7:15,29.97
SBA,1/3/2026 7:20,29.97
SBA,1/3/2026 7:25,29.97
SBA,1/3/2026 7:30,29.97
SBA,1/3/2026 7:35,29.97
SBA,1/3/2026 7:40,29.96
SBA,1/3/2026 7:45,29.96
SBA,1/3/2026 7:50,29.96
SBA,1/3/2026 7:55,29.94
SBA,1/3/2026 8:00,29.95
SBA,1/3/2026 8:05,29.95
SBA,1/3/2026 8:10,29.95
SBA,1/3/2026 8:15,29.95
SBA,1/3/2026 8:20,29.95
SBA,1/3/2026 8:25,29.95
SBA,1/3/2026 8:30,29.95
SBA,1/3/2026 8:35,29.96
SBA,1/3/2026 8:40,29.96
SBA,1/3/2026 8:45,29.96
SBA,1/3/2026 8:50,29.96
SBA,1/3/2026 8:55,29.96
SBA,1/3/2026 9:00,29.96
SBA,1/3/2026 9:05,29.96
SBA,1/3/2026 9:10,29.96
SBA,1/3/2026 9:15,29.96
SBA,1/3/2026 9:20,29.96
SBA,1/3/2026 9:25,29.96
SBA,1/3/2026 9:30,29.97
SBA,1/3/2026 9:35,29.97
SBA,1/3/2026 9:40,29.97
SBA,1/3/2026 9:45,29.97
SBA,1/3/2026 9:50,29.97
SBA,1/3/2026 9:55,29.97
SBA,1/3/2026 10:00,29.96
SBA,1/3/2026 10:05,29.97
SBA,1/3/2026 10:10,29.97
SBA,1/3/2026 10:15,29.99
SBA,1/3/2026 10:20,30
SBA,1/3/2026 10:25,30
SBA,1/3/2026 10:30,30
SBA,1/3/2026 10:35,29.99
SBA,1/3/2026 10:40,29.99
SBA,1/3/2026 10:45,30
SBA,1/3/2026 10:50,30
SBA,1/3/2026 10:55,30
SBA,1/3/2026 11:00,30.01
SBA,1/3/2026 11:05,30.02
SBA,1/3/2026 11:10,30.02
SBA,1/3/2026 11:15,30.02
SBA,1/3/2026 11:20,30.01
SBA,1/3/2026 11:25,30.01
SBA,1/3/2026 11:30,30
SBA,1/3/2026 11:35,30.01
SBA,1/3/2026 11:40,30
SBA,1/3/2026 11:45,30
SBA,1/3/2026 11:50,29.99
SBA,1/3/2026 11:55,29.99
SBA,1/3/2026 12:00,29.99
SBA,1/3/2026 12:05,29.98
SBA,1/3/2026 12:10,29.98
SBA,1/3/2026 12:15,29.97
SBA,1/3/2026 12:20,29.97
SBA,1/3/2026 12:25,29.97
SBA,1/3/2026 12:30,29.97
SBA,1/3/2026 12:35,29.96
SBA,1/3/2026 12:40,29.96
SBA,1/3/2026 12:45,29.96
SBA,1/3/2026 12:50,29.96
SBA,1/3/2026 12:55,29.96
SBA,1/3/2026 13:00,29.96
SBA,1/3/2026 13:05,29.95
SBA,1/3/2026 13:10,29.95
SBA,1/3/2026 13:15,29.95
SBA,1/3/2026 13:20,29.94
SBA,1/3/2026 13:25,29.94
SBA,1/3/2026 13:30,29.94
SBA,1/3/2026 13:35,29.94
SBA,1/3/2026 13:40,29.94
SBA,1/3/2026 13:45,29.94
SBA,1/3/2026 13:50,29.94
SBA,1/3/2026 13:55,29.93
SBA,1/3/2026 14:00,29.93
SBA,1/3/2026 14:05,29.93
SBA,1/3/2026 14:10,29.93
SBA,1/3/2026 14:15,29.93
SBA,1/3/2026 14:20,29.93
SBA,1/3/2026 14:25,29.93
SBA,1/3/2026 14:30,29.93
SBA,1/3/2026 14:35,29.93
SBA,1/3/2026 14:40,29.93
SBA,1/3/2026 14:45,29.93
SBA,1/3/2026 14:50,29.93
SBA,1/3/2026 14:55,29.93
SBA,1/3/2026 15:00,29.93
SBA,1/3/2026 15:05,29.93
SBA,1/3/2026 15:10,29.93
SBA,1/3/2026 15:15,29.93
SBA,1/3/2026 15:20,29.93
SBA,1/3/2026 15:25,29.93
SBA,1/3/2026 15:30,29.94
SBA,1/3/2026 15:35,29.93
SBA,1/3/2026 15:40,29.94
SBA,1/3/2026 15:45,29.93
SBA,1/3/2026 15:50,29.93
SBA,1/3/2026 15:55,29.93
SBA,1/3/2026 16:00,29.93
SBA,1/3/2026 16:05,29.94
SBA,1/3/2026 16:10,29.94
SBA,1/3/2026 16:15,29.94
SBA,1/3/2026 16:20,29.94
SBA,1/3/2026 16:25,29.94
SBA,1/3/2026 16:30,29.94
SBA,1/3/2026 16:35,29.94
SBA,1/3/2026 16:40,29.94
SBA,1/3/2026 16:45,29.94
SBA,1/3/2026 16:50,29.94
SBA,1/3/2026 16:55,29.94
SBA,1/3/2026 17:00,29.94
SBA,1/3/2026 17:05,29.94
SBA,1/3/2026 17:10,29.94
SBA,1/3/2026 17:15,29.94
SBA,1/3/2026 17:20,29.95
SBA,1/3/2026 17:25,29.95
SBA,1/3/2026 17:30,29.95
SBA,1/3/2026 17:35,29.95
SBA,1/3/2026 17:40,29.95
SBA,1/3/2026 17:45,29.95
SBA,1/3/2026 17:50,29.95
SBA,1/3/2026 17:55,29.95
SBA,1/3/2026 18:00,29.95
SBA,1/3/2026 18:05,29.95
SBA,1/3/2026 18:10,29.95
SBA,1/3/2026 18:15,29.96
SBA,1/3/2026 18:20,29.96
SBA,1/3/2026 18:25,29.96
SBA,1/3/2026 18:30,29.96
SBA,1/3/2026 18:35,29.96
SBA,1/3/2026 18:40,29.96
SBA,1/3/2026 18:45,29.96
SBA,1/3/2026 18:50,29.96
SBA,1/3/2026 18:55,29.96
SBA,1/3/2026 19:00,29.96
SBA,1/3/2026 19:05,29.96
SBA,1/3/2026 19:10,29.97
SBA,1/3/2026 19:15,29.96
SBA,1/3/2026 19:20,29.96
SBA,1/3/2026 19:25,29.97
SBA,1/3/2026 19:30,29.97
SBA,1/3/2026 19:35,29.97
SBA,1/3/2026 19:40,29.97
SBA,1/3/2026 19:45,29.97
SBA,1/3/2026 19:50,29.97
SBA,1/3/2026 19:55,29.97
SBA,1/3/2026 20:00,29.97
SBA,1/3/2026 20:05,29.97
SBA,1/3/2026 20:10,29.97
SBA,1/3/2026 20:15,29.97
SBA,1/3/2026 20:20,29.98
SBA,1/3/2026 20:25,29.98
SBA,1/3/2026 20:30,29.98
SBA,1/3/2026 20:35,29.98
SBA,1/3/2026 20:40,29.98
SBA,1/3/2026 20:45,29.98
SBA,1/3/2026 20:50,29.99
SBA,1/3/2026 20:55,29.99
SBA,1/3/2026 21:00,29.99
SBA,1/3/2026 21:05,29.99
SBA,1/3/2026 21:10,29.99
SBA,1/3/2026 21:15,29.99
SBA,1/3/2026 21:20,29.99
SBA,1/3/2026 21:25,29.99
SBA,1/3/2026 21:30,29.99
SBA,1/3/2026 21:35,29.99
SBA,1/3/2026 21:40,29.99
SBA,1/3/2026 21:45,29.99
SBA,1/3/2026 21:50,29.99
SBA,1/3/2026 21:55,30
SBA,1/3/2026 22:00,30
SBA,1/3/2026 22:05,30
SBA,1/3/2026 22:10,30
SBA,1/3/2026 22:15,30
SBA,1/3/2026 22:20,30
SBA,1/3/2026 22:25,30
SBA,1/3/2026 22:30,30
SBA,1/3/2026 22:35,30
SBA,1/3/2026 22:40,30
SBA,1/3/2026 22:45,30.01
SBA,1/3/2026 22:50,30.01
SBA,1/3/2026 22:55,30.01
SBA,1/3/2026 23:00,30.01
SBA,1/3/2026 23:05,30.01
SBA,1/3/2026 23:10,30.01
SBA,1/3/2026 23:15,30.01
SBA,1/3/2026 23:20,30
SBA,1/3/2026 23:25,29.99
SBA,1/3/2026 23:30,30
SBA,1/3/2026 23:35,30
SBA,1/3/2026 23:40,30
SBA,1/3/2026 23:45,30
SBA,1/3/2026 23:50,30
SBA,1/3/2026 23:55,30
SBA,1/4/2026 0:00,30
SBA,1/4/2026 0:05,30
SBA,1/4/2026 0:10,30
SBA,1/4/2026 0:15,30
SBA,1/4/2026 0:20,30
SBA,1/4/2026 0:25,30.01
SBA,1/4/2026 0:30,30.01
SBA,1/4/2026 0:35,30
SBA,1/4/2026 0:40,30.01
SBA,1/4/2026 0:45,30.01
SBA,1/4/2026 0:50,30
SBA,1/4/2026 0:55,30
SBA,1/4/2026 1:00,30
SBA,1/4/2026 1:05,30
SBA,1/4/2026 1:10,30
SBA,1/4/2026 1:15,30
SBA,1/4/2026 1:20,30
SBA,1/4/2026 1:25,30
SBA,1/4/2026 1:30,30
SBA,1/4/2026 1:35,30
SBA,1/4/2026 1:40,29.99
SBA,1/4/2026 1:45,29.99
SBA,1/4/2026 1:50,30
SBA,1/4/2026 1:55,30
SBA,1/4/2026 2:00,29.99
SBA,1/4/2026 2:05,29.99
SBA,1/4/2026 2:10,29.99
SBA,1/4/2026 2:15,29.99
SBA,1/4/2026 2:20,30
SBA,1/4/2026 2:25,30
SBA,1/4/2026 2:30,29.99
SBA,1/4/2026 2:35,29.99
SBA,1/4/2026 2:40,29.99
SBA,1/4/2026 2:45,30
SBA,1/4/2026 2:50,29.99
SBA,1/4/2026 2:55,30
SBA,1/4/2026 3:00,30
SBA,1/4/2026 3:05,30
SBA,1/4/2026 3:10,30
SBA,1/4/2026 3:15,29.99
SBA,1/4/2026 3:20,29.99
SBA,1/4/2026 3:25,29.99
SBA,1/4/2026 3:30,29.99
SBA,1/4/2026 3:35,29.99
SBA,1/4/2026 3:40,29.98
SBA,1/4/2026 3:45,29.98
SBA,1/4/2026 3:50,29.98
SBA,1/4/2026 3:55,29.98
SBA,1/4/2026 4:00,29.98
SBA,1/4/2026 4:05,29.98
SBA,1/4/2026 4:10,29.98
SBA,1/4/2026 4:15,29.98
SBA,1/4/2026 4:20,29.98
SBA,1/4/2026 4:25,29.98
SBA,1/4/2026 4:30,29.98
SBA,1/4/2026 4:35,29.98
SBA,1/4/2026 4:40,29.98
SBA,1/4/2026 4:45,29.98
SBA,1/4/2026 4:50,29.98
SBA,1/4/2026 4:55,29.98
SBA,1/4/2026 5:00,29.98
SBA,1/4/2026 5:05,29.98
SBA,1/4/2026 5:10,29.98
SBA,1/4/2026 5:15,29.98
SBA,1/4/2026 5:20,29.98
SBA,1/4/2026 5:25,29.98
SBA,1/4/2026 5:30,29.98
SBA,1/4/2026 5:35,29.99
SBA,1/4/2026 5:40,29.98
SBA,1/4/2026 5:45,29.98
SBA,1/4/2026 5:50,29.98
SBA,1/4/2026 5:55,29.98
SBA,1/4/2026 6:00,29.98
SBA,1/4/2026 6:05,29.98
SBA,1/4/2026 6:10,29.99
SBA,1/4/2026 6:15,29.99
SBA,1/4/2026 6:20,29.99
SBA,1/4/2026 6:25,29.99
SBA,1/4/2026 6:30,29.99
SBA,1/4/2026 6:35,29.99
SBA,1/4/2026 6:40,29.99
SBA,1/4/2026 6:45,29.99
SBA,1/4/2026 6:50,29.99
SBA,1/4/2026 6:55,29.99
SBA,1/4/2026 7:00,29.99
SBA,1/4/2026 7:05,29.99
SBA,1/4/2026 7:10,30
SBA,1/4/2026 7:15,29.99
SBA,1/4/2026 7:20,30
SBA,1/4/2026 7:25,30
SBA,1/4/2026 7:30,29.99
SBA,1/4/2026 7:35,29.99
SBA,1/4/2026 7:40,30
SBA,1/4/2026 7:45,30
SBA,1/4/2026 7:50,29.99
SBA,1/4/2026 7:55,29.99
SBA,1/4/2026 8:00,30
SBA,1/4/2026 8:05,30
SBA,1/4/2026 8:10,30
SBA,1/4/2026 8:15,30
SBA,1/4/2026 8:20,30.01
SBA,1/4/2026 8:25,30.01
SBA,1/4/2026 8:30,30.01
SBA,1/4/2026 8:35,30.01
SBA,1/4/2026 8:40,30.01
SBA,1/4/2026 8:45,30.02
SBA,1/4/2026 8:50,30.02
SBA,1/4/2026 8:55,30.02
SBA,1/4/2026 9:00,30.02
SBA,1/4/2026 9:05,30.02
SBA,1/4/2026 9:10,30.02
SBA,1/4/2026 9:15,30.02
SBA,1/4/2026 9:20,30.02
SBA,1/4/2026 9:25,30.02
SBA,1/4/2026 9:30,30.03
SBA,1/4/2026 9:35,30.03
SBA,1/4/2026 9:40,30.03
SBA,1/4/2026 9:45,30.03
SBA,1/4/2026 9:50,30.03
SBA,1/4/2026 9:55,30.03
SBA,1/4/2026 10:00,30.03
SBA,1/4/2026 10:05,30.03
SBA,1/4/2026 10:10,30.03
SBA,1/4/2026 10:15,30.03
SBA,1/4/2026 10:20,30.03
SBA,1/4/2026 10:25,30.02
SBA,1/4/2026 10:30,30.02
SBA,1/4/2026 10:35,30.03
SBA,1/4/2026 10:40,30.03
SBA,1/4/2026 10:45,30.03
SBA,1/4/2026 10:50,30.03
SBA,1/4/2026 10:55,30.02
SBA,1/4/2026 11:00,30.02
SBA,1/4/2026 11:05,30.01
SBA,1/4/2026 11:10,30.02
SBA,1/4/2026 11:15,30.02
SBA,1/4/2026 11:20,30.01
SBA,1/4/2026 11:25,30.01
SBA,1/4/2026 11:30,30
SBA,1/4/2026 11:35,30
SBA,1/4/2026 11:40,30
SBA,1/4/2026 11:45,30
SBA,1/4/2026 11:50,30
SBA,1/4/2026 11:55,30
SBA,1/4/2026 12:00,29.99
SBA,1/4/2026 12:05,29.99
SBA,1/4/2026 12:10,29.99
SBA,1/4/2026 12:15,29.99
SBA,1/4/2026 12:20,29.98
SBA,1/4/2026 12:25,29.98
SBA,1/4/2026 12:30,29.98
SBA,1/4/2026 12:35,29.98
SBA,1/4/2026 12:40,29.98
SBA,1/4/2026 12:45,29.98
SBA,1/4/2026 12:50,29.98
SBA,1/4/2026 12:55,29.98
SBA,1/4/2026 13:00,29.98
SBA,1/4/2026 13:05,29.98
SBA,1/4/2026 13:10,29.97
SBA,1/4/2026 13:15,29.97
SBA,1/4/2026 13:20,29.97
SBA,1/4/2026 13:25,29.97
SBA,1/4/2026 13:30,29.97
SBA,1/4/2026 13:35,29.97
SBA,1/4/2026 13:40,29.97
SBA,1/4/2026 13:45,29.97
SBA,1/4/2026 13:50,29.96
SBA,1/4/2026 13:55,29.96
SBA,1/4/2026 14:00,29.96
SBA,1/4/2026 14:05,29.96
SBA,1/4/2026 14:10,29.96
SBA,1/4/2026 14:15,29.97
SBA,1/4/2026 14:20,29.96
SBA,1/4/2026 14:25,29.96
SBA,1/4/2026 14:30,29.96
SBA,1/4/2026 14:35,29.96
SBA,1/4/2026 14:40,29.96
SBA,1/4/2026 14:45,29.96
SBA,1/4/2026 14:50,29.97
SBA,1/4/2026 14:55,29.97
SBA,1/4/2026 15:00,29.97
SBA,1/4/2026 15:05,29.96
SBA,1/4/2026 15:10,29.96
SBA,1/4/2026 15:15,29.96
SBA,1/4/2026 15:20,29.96
SBA,1/4/2026 15:25,29.96
SBA,1/4/2026 15:30,29.96
SBA,1/4/2026 15:35,29.97
SBA,1/4/2026 15:40,29.97
SBA,1/4/2026 15:45,29.97
SBA,1/4/2026 15:50,29.97
SBA,1/4/2026 15:55,29.97
SBA,1/4/2026 16:00,29.97
SBA,1/4/2026 16:05,29.97
SBA,1/4/2026 16:10,29.97
SBA,1/4/2026 16:15,29.97
SBA,1/4/2026 16:20,29.96
SBA,1/4/2026 16:25,29.96
SBA,1/4/2026 16:30,29.97
SBA,1/4/2026 16:35,29.96
SBA,1/4/2026 16:40,29.96
SBA,1/4/2026 16:45,29.96
SBA,1/4/2026 16:50,29.97
SBA,1/4/2026 16:55,29.97
SBA,1/4/2026 17:00,29.97
SBA,1/4/2026 17:05,29.97
SBA,1/4/2026 17:10,29.97
SBA,1/4/2026 17:15,29.97
SBA,1/4/2026 17:20,29.97
SBA,1/4/2026 17:25,29.97
SBA,1/4/2026 17:30,29.98
SBA,1/4/2026 17:35,29.98
SBA,1/4/2026 17:40,29.98
SBA,1/4/2026 17:45,29.98
SBA,1/4/2026 17:50,29.98
SBA,1/4/2026 17:55,29.98
SBA,1/4/2026 18:00,29.98
SBA,1/4/2026 18:05,29.98
SBA,1/4/2026 18:10,29.97
SBA,1/4/2026 18:15,29.97
SBA,1/4/2026 18:20,29.97
SBA,1/4/2026 18:25,29.97
SBA,1/4/2026 18:30,29.98
SBA,1/4/2026 18:35,29.98
SBA,1/4/2026 18:40,29.98
SBA,1/4/2026 18:45,29.98
SBA,1/4/2026 18:50,29.98
SBA,1/4/2026 18:55,29.98
SBA,1/4/2026 19:00,29.99
SBA,1/4/2026 19:05,29.99
SBA,1/4/2026 19:10,29.99
SBA,1/4/2026 19:15,29.99
SBA,1/4/2026 19:20,29.99
SBA,1/4/2026 19:25,29.99
SBA,1/4/2026 19:30,29.98
SBA,1/4/2026 19:35,29.98
SBA,1/4/2026 19:40,29.98
SBA,1/4/2026 19:45,29.98
SBA,1/4/2026 19:50,29.99
SBA,1/4/2026 19:55,29.99
SBA,1/4/2026 20:00,29.99
SBA,1/4/2026 20:05,29.99
SBA,1/4/2026 20:10,29.99
SBA,1/4/2026 20:15,29.99
SBA,1/4/2026 20:20,29.99
SBA,1/4/2026 20:25,29.99
SBA,1/4/2026 20:30,29.99
SBA,1/4/2026 20:35,29.99
SBA,1/4/2026 20:40,29.99
SBA,1/4/2026 20:45,29.99
SBA,1/4/2026 20:50,30
SBA,1/4/2026 20:55,30
SBA,1/4/2026 21:00,30
SBA,1/4/2026 21:05,30
SBA,1/4/2026 21:10,30
SBA,1/4/2026 21:15,30
SBA,1/4/2026 21:20,30
SBA,1/4/2026 21:25,30
SBA,1/4/2026 21:30,30
SBA,1/4/2026 21:35,30
SBA,1/4/2026 21:40,30.01
SBA,1/4/2026 21:45,30.01
SBA,1/4/2026 21:50,30.01
SBA,1/4/2026 21:55,30.01
SBA,1/4/2026 22:00,30.01
SBA,1/4/2026 22:05,30.01
SBA,1/4/2026 22:10,30.01
SBA,1/4/2026 22:15,30.01
SBA,1/4/2026 22:20,30.01
SBA,1/4/2026 22:25,30.01
SBA,1/4/2026 22:30,30.01
SBA,1/4/2026 22:35,30.01
SBA,1/4/2026 22:40,30.01
SBA,1/4/2026 22:45,30.01
SBA,1/4/2026 22:50,30.01
SBA,1/4/2026 22:55,30.01
SBA,1/4/2026 23:00,30.01
SBA,1/4/2026 23:05,30.01
SBA,1/4/2026 23:10,30.01
SBA,1/4/2026 23:15,30.02
SBA,1/4/2026 23:20,30.02
SBA,1/4/2026 23:25,30.02
SBA,1/4/2026 23:30,30.02
SBA,1/4/2026 23:35,30.02
SBA,1/4/2026 23:40,30.01
SBA,1/4/2026 23:45,30.01
SBA,1/4/2026 23:50,30.02
SBA,1/4/2026 23:55,30.01
SBA,1/5/2026 0:00,30.01
SBA,1/5/2026 0:05,30.01
SBA,1/5/2026 0:10,30.01
SBA,1/5/2026 0:15,30.01
SBA,1/5/2026 0:20,30.01
SBA,1/5/2026 0:25,30.01
SBA,1/5/2026 0:30,30.01
SBA,1/5/2026 0:35,30.01
SBA,1/5/2026 0:40,30.01
SBA,1/5/2026 0:45,30.01
SBA,1/5/2026 0:50,30.01
SBA,1/5/2026 0:55,30.01
SBA,1/5/2026 1:00,30.01
SBA,1/5/2026 1:05,30.01
SBA,1/5/2026 1:10,30.01
SBA,1/5/2026 1:15,30.01
SBA,1/5/2026 1:20,30.01
SBA,1/5/2026 1:25,30.01
SBA,1/5/2026 1:30,30.01
SBA,1/5/2026 1:35,30.01
SBA,1/5/2026 1:40,30.01
SBA,1/5/2026 1:45,30.01
SBA,1/5/2026 1:50,30.02
SBA,1/5/2026 1:55,30.02
SBA,1/5/2026 2:00,30.02
SBA,1/5/2026 2:05,30.02
SBA,1/5/2026 2:10,30.02
SBA,1/5/2026 2:15,30.02
SBA,1/5/2026 2:20,30.02
SBA,1/5/2026 2:25,30.02
SBA,1/5/2026 2:30,30.02
SBA,1/5/2026 2:35,30.02
SBA,1/5/2026 2:40,30.02
SBA,1/5/2026 2:45,30.02
SBA,1/5/2026 2:50,30.02
SBA,1/5/2026 2:55,30.02
SBA,1/5/2026 3:00,30.02
SBA,1/5/2026 3:05,30.01
SBA,1/5/2026 3:10,30.02
SBA,1/5/2026 3:15,30.02
SBA,1/5/2026 3:20,30.01
SBA,1/5/2026 3:25,30.01
SBA,1/5/2026 3:30,30.02
SBA,1/5/2026 3:35,30.01
SBA,1/5/2026 3:40,30.02
SBA,1/5/2026 3:45,30.01
SBA,1/5/2026 3:50,30.01
SBA,1/5/2026 3:55,30.01
SBA,1/5/2026 4:00,30.01
SBA,1/5/2026 4:05,30
SBA,1/5/2026 4:10,30
SBA,1/5/2026 4:15,30.01
SBA,1/5/2026 4:20,30.01
SBA,1/5/2026 4:25,30
SBA,1/5/2026 4:30,30
SBA,1/5/2026 4:35,30
SBA,1/5/2026 4:40,30
SBA,1/5/2026 4:45,30
SBA,1/5/2026 4:50,30.01
SBA,1/5/2026 4:55,30
SBA,1/5/2026 5:00,30
SBA,1/5/2026 5:05,30.01
SBA,1/5/2026 5:10,30.01
SBA,1/5/2026 5:15,30.01
SBA,1/5/2026 5:20,30.01
SBA,1/5/2026 5:25,30.01
SBA,1/5/2026 5:30,30.01
SBA,1/5/2026 5:35,30.01
SBA,1/5/2026 5:40,30.01
SBA,1/5/2026 5:45,30.01
SBA,1/5/2026 5:50,30.02
SBA,1/5/2026 5:55,30.02
SBA,1/5/2026 6:00,30.02
SBA,1/5/2026 6:05,30.02
SBA,1/5/2026 6:10,30.02
SBA,1/5/2026 6:15,30.03
SBA,1/5/2026 6:20,30.03
SBA,1/5/2026 6:25,30.03
SBA,1/5/2026 6:30,30.03
SBA,1/5/2026 6:35,30.04
SBA,1/5/2026 6:40,30.03
SBA,1/5/2026 6:45,30.03
SBA,1/5/2026 6:50,30.03
SBA,1/5/2026 6:55,30.04
SBA,1/5/2026 7:00,30.04
SBA,1/5/2026 7:05,30.03
SBA,1/5/2026 7:10,30.04
SBA,1/5/2026 7:15,30.04
SBA,1/5/2026 7:20,30.04
SBA,1/5/2026 7:25,30.04
SBA,1/5/2026 7:30,30.04
SBA,1/5/2026 7:35,30.04
SBA,1/5/2026 7:40,30.04
SBA,1/5/2026 7:45,30.04
SBA,1/5/2026 7:50,30.04
SBA,1/5/2026 7:55,30.05
SBA,1/5/2026 8:00,30.05
SBA,1/5/2026 8:05,30.05
SBA,1/5/2026 8:10,30.05
SBA,1/5/2026 8:15,30.06
SBA,1/5/2026 8:20,30.06
SBA,1/5/2026 8:25,30.06
SBA,1/5/2026 8:30,30.06
SBA,1/5/2026 8:40,30.06
SBA,1/5/2026 8:45,30.07
SBA,1/5/2026 8:50,30.07
SBA,1/5/2026 8:55,30.07
SBA,1/5/2026 9:00,30.07
SBA,1/5/2026 9:05,30.08
SBA,1/5/2026 9:10,30.08
SBA,1/5/2026 9:15,30.08
SBA,1/5/2026 9:20,30.08
SBA,1/5/2026 9:25,30.08
SBA,1/5/2026 9:30,30.08
SBA,1/5/2026 9:35,30.09
SBA,1/5/2026 9:40,30.09
SBA,1/5/2026 9:45,30.09
SBA,1/5/2026 9:50,30.09
SBA,1/5/2026 9:55,30.09
SBA,1/5/2026 10:00,30.09
SBA,1/5/2026 10:05,30.09
SBA,1/5/2026 10:10,30.09
SBA,1/5/2026 10:15,30.09
SBA,1/5/2026 10:20,30.09
SBA,1/5/2026 10:25,30.09
SBA,1/5/2026 10:30,30.09
SBA,1/5/2026 10:35,30.09
SBA,1/5/2026 10:40,30.09
SBA,1/5/2026 10:45,30.09
SBA,1/5/2026 10:50,30.09
SBA,1/5/2026 10:55,30.09
SBA,1/5/2026 11:00,30.09
SBA,1/5/2026 11:05,30.08
SBA,1/5/2026 11:10,30.08
SBA,1/5/2026 11:15,30.08
SBA,1/5/2026 11:20,30.08
SBA,1/5/2026 11:25,30.08
SBA,1/5/2026 11:30,30.08
SBA,1/5/2026 11:35,30.08
SBA,1/5/2026 11:40,30.07
SBA,1/5/2026 11:45,30.07
SBA,1/5/2026 11:50,30.07
SBA,1/5/2026 11:55,30.07
SBA,1/5/2026 12:00,30.06
SBA,1/5/2026 12:05,30.06
SBA,1/5/2026 12:10,30.06
SBA,1/5/2026 12:15,30.06
SBA,1/5/2026 12:20,30.06
SBA,1/5/2026 12:25,30.05
SBA,1/5/2026 12:30,30.05
SBA,1/5/2026 12:35,30.05
SBA,1/5/2026 12:40,30.05
SBA,1/5/2026 12:45,30.05
SBA,1/5/2026 12:50,30.05
SBA,1/5/2026 12:55,30.04
SBA,1/5/2026 13:00,30.04
SBA,1/5/2026 13:05,30.04
SBA,1/5/2026 13:10,30.04
SBA,1/5/2026 13:15,30.04
SBA,1/5/2026 13:20,30.03
SBA,1/5/2026 13:25,30.04
SBA,1/5/2026 13:30,30.03
SBA,1/5/2026 13:35,30.03
SBA,1/5/2026 13:40,30.03
SBA,1/5/2026 13:45,30.03
SBA,1/5/2026 13:50,30.03
SBA,1/5/2026 13:55,30.03
SBA,1/5/2026 14:00,30.03
SBA,1/5/2026 14:05,30.03
SBA,1/5/2026 14:10,30.03
SBA,1/5/2026 14:15,30.03
SBA,1/5/2026 14:20,30.03
SBA,1/5/2026 14:25,30.03
SBA,1/5/2026 14:30,30.03
SBA,1/5/2026 14:35,30.03
SBA,1/5/2026 14:40,30.02
SBA,1/5/2026 14:45,30.02
SBA,1/5/2026 14:50,30.02
SBA,1/5/2026 14:55,30.02
SBA,1/5/2026 15:00,30.02
SBA,1/5/2026 15:05,30.03
SBA,1/5/2026 15:10,30.03
SBA,1/5/2026 15:15,30.03
SBA,1/5/2026 15:20,30.03
SBA,1/5/2026 15:25,30.03
SBA,1/5/2026 15:30,30.03
SBA,1/5/2026 15:35,30.03
SBA,1/5/2026 15:40,30.03
SBA,1/5/2026 15:45,30.03
SBA,1/5/2026 15:50,30.03
SBA,1/5/2026 15:55,30.03
SBA,1/5/2026 16:00,30.02
SBA,1/5/2026 16:05,30.03
SBA,1/5/2026 16:10,30.02
SBA,1/5/2026 16:15,30.02
SBA,1/5/2026 16:20,30.02
SBA,1/5/2026 16:25,30.02
SBA,1/5/2026 16:30,30.02
SBA,1/5/2026 16:35,30.02
SBA,1/5/2026 16:40,30.02
SBA,1/5/2026 16:45,30.02
SBA,1/5/2026 16:50,30.02
SBA,1/5/2026 16:55,30.03
SBA,1/5/2026 17:00,30.02
SBA,1/5/2026 17:05,30.02
SBA,1/5/2026 17:10,30.03
SBA,1/5/2026 17:15,30.03
SBA,1/5/2026 17:20,30.02
SBA,1/5/2026 17:25,30.03
SBA,1/5/2026 17:30,30.03
SBA,1/5/2026 17:35,30.03
SBA,1/5/2026 17:40,30.03
SBA,1/5/2026 17:45,30.03
SBA,1/5/2026 17:50,30.03
SBA,1/5/2026 17:55,30.04
SBA,1/5/2026 18:00,30.04
SBA,1/5/2026 18:05,30.04
SBA,1/5/2026 18:10,30.04
SBA,1/5/2026 18:15,30.04
SBA,1/5/2026 18:20,30.04
SBA,1/5/2026 18:25,30.04
SBA,1/5/2026 18:30,30.04
SBA,1/5/2026 18:35,30.04
SBA,1/5/2026 18:40,30.04
SBA,1/5/2026 18:45,30.05
SBA,1/5/2026 18:50,30.05
SBA,1/5/2026 18:55,30.05
SBA,1/5/2026 19:00,30.05
SBA,1/5/2026 19:05,30.05
SBA,1/5/2026 19:10,30.05
SBA,1/5/2026 19:15,30.05
SBA,1/5/2026 19:20,30.05
SBA,1/5/2026 19:25,30.05
SBA,1/5/2026 19:30,30.05
SBA,1/5/2026 19:35,30.06
SBA,1/5/2026 19:40,30.06
SBA,1/5/2026 19:45,30.06
SBA,1/5/2026 19:50,30.06
SBA,1/5/2026 19:55,30.06
SBA,1/5/2026 20:00,30.06
SBA,1/5/2026 20:05,30.06
SBA,1/5/2026 20:10,30.06
SBA,1/5/2026 20:15,30.06
SBA,1/5/2026 20:20,30.06
SBA,1/5/2026 20:25,30.06
SBA,1/5/2026 20:30,30.06
SBA,1/5/2026 20:35,30.06
SBA,1/5/2026 20:40,30.07
SBA,1/5/2026 20:45,30.07
SBA,1/5/2026 20:50,30.07
SBA,1/5/2026 20:55,30.07
SBA,1/5/2026 21:00,30.07
SBA,1/5/2026 21:05,30.07
SBA,1/5/2026 21:10,30.07
SBA,1/5/2026 21:15,30.07
SBA,1/5/2026 21:20,30.07
SBA,1/5/2026 21:25,30.07
SBA,1/5/2026 21:30,30.07
SBA,1/5/2026 21:35,30.07
SBA,1/5/2026 21:40,30.07
SBA,1/5/2026 21:45,30.07
SBA,1/5/2026 21:50,30.07
SBA,1/5/2026 21:55,30.07
SBA,1/5/2026 22:00,30.07
SBA,1/5/2026 22:05,30.07
SBA,1/5/2026 22:10,30.07
SBA,1/5/2026 22:15,30.07
SBA,1/5/2026 22:20,30.07
SBA,1/5/2026 22:25,30.07
SBA,1/5/2026 22:30,30.07
SBA,1/5/2026 22:35,30.07
SBA,1/5/2026 22:40,30.07
SBA,1/5/2026 22:45,30.07
SBA,1/5/2026 22:50,30.07
SBA,1/5/2026 22:55,30.06
SBA,1/5/2026 23:00,30.06
SBA,1/5/2026 23:05,30.06
SBA,1/5/2026 23:10,30.06
SBA,1/5/2026 23:15,30.06
SBA,1/5/2026 23:20,30.06
SBA,1/5/2026 23:25,30.06
SBA,1/5/2026 23:30,30.06
SBA,1/5/2026 23:35,30.05
SBA,1/5/2026 23:40,30.06
SBA,1/5/2026 23:45,30.06
SBA,1/5/2026 23:50,30.06
SBA,1/5/2026 23:55,30.06
SBA,1/6/2026 0:00,30.06
SBA,1/6/2026 0:05,30.06
SBA,1/6/2026 0:10,30.05
SBA,1/6/2026 0:15,30.06
SBA,1/6/2026 0:20,30.06
SBA,1/6/2026 0:25,30.06
SBA,1/6/2026 0:30,30.06
SBA,1/6/2026 0:35,30.05
SBA,1/6/2026 0:40,30.05
SBA,1/6/2026 0:45,30.05
SBA,1/6/2026 0:50,30.05
SBA,1/6/2026 0:55,30.05
SBA,1/6/2026 1:00,30.05
SBA,1/6/2026 1:05,30.05
SBA,1/6/2026 1:10,30.05
SBA,1/6/2026 1:15,30.05
SBA,1/6/2026 1:20,30.05
SBA,1/6/2026 1:25,30.05
SBA,1/6/2026 1:30,30.05
SBA,1/6/2026 1:35,30.05
SBA,1/6/2026 1:40,30.05
SBA,1/6/2026 1:45,30.05
SBA,1/6/2026 1:50,30.05
SBA,1/6/2026 1:55,30.05
SBA,1/6/2026 2:00,30.05
SBA,1/6/2026 2:05,30.06
SBA,1/6/2026 2:10,30.06
SBA,1/6/2026 2:15,30.06
SBA,1/6/2026 2:20,30.06
SBA,1/6/2026 2:25,30.05
SBA,1/6/2026 2:30,30.05
SBA,1/6/2026 2:35,30.05
SBA,1/6/2026 2:40,30.05
SBA,1/6/2026 2:45,30.05
SBA,1/6/2026 2:50,30.05
SBA,1/6/2026 2:55,30.05
SBA,1/6/2026 3:00,30.05
SBA,1/6/2026 3:05,30.04
SBA,1/6/2026 3:10,30.04
SBA,1/6/2026 3:15,30.04
SBA,1/6/2026 3:20,30.04
SBA,1/6/2026 3:25,30.04
SBA,1/6/2026 3:30,30.05
SBA,1/6/2026 3:35,30.04
SBA,1/6/2026 3:40,30.04
SBA,1/6/2026 3:45,30.04
SBA,1/6/2026 3:50,30.04
SBA,1/6/2026 3:55,30.04
SBA,1/6/2026 4:00,30.04
SBA,1/6/2026 4:05,30.05
SBA,1/6/2026 4:10,30.05
SBA,1/6/2026 4:15,30.05
SBA,1/6/2026 4:20,30.05
SBA,1/6/2026 4:25,30.05
SBA,1/6/2026 4:30,30.05
SBA,1/6/2026 4:35,30.05
SBA,1/6/2026 4:40,30.05
SBA,1/6/2026 4:45,30.04
SBA,1/6/2026 4:50,30.04
SBA,1/6/2026 4:55,30.04
SBA,1/6/2026 5:00,30.05
SBA,1/6/2026 5:05,30.05
SBA,1/6/2026 5:10,30.04
SBA,1/6/2026 5:15,30.04
SBA,1/6/2026 5:20,30.05
SBA,1/6/2026 5:25,30.05
SBA,1/6/2026 5:30,30.05
SBA,1/6/2026 5:35,30.05
SBA,1/6/2026 5:40,30.05
SBA,1/6/2026 5:45,30.05
SBA,1/6/2026 5:50,30.06
SBA,1/6/2026 5:55,30.06
SBA,1/6/2026 6:00,30.06
SBA,1/6/2026 6:05,30.06
SBA,1/6/2026 6:10,30.06
SBA,1/6/2026 6:15,30.06
SBA,1/6/2026 6:20,30.06
SBA,1/6/2026 6:25,30.06
SBA,1/6/2026 6:30,30.06
SBA,1/6/2026 6:35,30.06
SBA,1/6/2026 6:40,30.06
SBA,1/6/2026 6:45,30.06
SBA,1/6/2026 6:50,30.06
SBA,1/6/2026 6:55,30.06
SBA,1/6/2026 7:00,30.06
SBA,1/6/2026 7:05,30.06
SBA,1/6/2026 7:10,30.06
SBA,1/6/2026 7:15,30.06
SBA,1/6/2026 7:20,30.06
SBA,1/6/2026 7:25,30.06
SBA,1/6/2026 7:30,30.06
SBA,1/6/2026 7:35,30.06
SBA,1/6/2026 7:40,30.06
SBA,1/6/2026 7:45,30.06
SBA,1/6/2026 7:50,30.07
SBA,1/6/2026 7:55,30.07
SBA,1/6/2026 8:00,30.07
SBA,1/6/2026 8:05,30.07
SBA,1/6/2026 8:10,30.07
SBA,1/6/2026 8:15,30.08
SBA,1/6/2026 8:20,30.08
SBA,1/6/2026 8:25,30.08
SBA,1/6/2026 8:30,30.08
SBA,1/6/2026 8:35,30.08
SBA,1/6/2026 8:40,30.08
SBA,1/6/2026 8:45,30.08
SBA,1/6/2026 8:50,30.08
SBA,1/6/2026 8:55,30.08
SBA,1/6/2026 9:00,30.08
SBA,1/6/2026 9:05,30.08
SBA,1/6/2026 9:10,30.08
SBA,1/6/2026 9:15,30.08
SBA,1/6/2026 9:20,30.08
SBA,1/6/2026 9:25,30.08
SBA,1/6/2026 9:30,30.09
SBA,1/6/2026 9:35,30.08
SBA,1/6/2026 9:40,30.08
SBA,1/6/2026 9:45,30.08
SBA,1/6/2026 9:50,30.08
SBA,1/6/2026 9:55,30.08
SBA,1/6/2026 10:00,30.08
SBA,1/6/2026 10:05,30.08
SBA,1/6/2026 10:10,30.08
SBA,1/6/2026 10:15,30.08
SBA,1/6/2026 10:20,30.07
SBA,1/6/2026 10:25,30.07
SBA,1/6/2026 10:30,30.07
SBA,1/6/2026 10:35,30.07
SBA,1/6/2026 10:40,30.07
SBA,1/6/2026 10:45,30.07
SBA,1/6/2026 10:50,30.07
SBA,1/6/2026 10:55,30.07
SBA,1/6/2026 11:00,30.07
SBA,1/6/2026 11:05,30.06
SBA,1/6/2026 11:10,30.06
SBA,1/6/2026 11:15,30.06
SBA,1/6/2026 11:20,30.06
SBA,1/6/2026 11:25,30.06
SBA,1/6/2026 11:30,30.06
SBA,1/6/2026 11:35,30.05
SBA,1/6/2026 11:40,30.05
SBA,1/6/2026 11:45,30.05
SBA,1/6/2026 11:50,30.05
SBA,1/6/2026 11:55,30.05
SBA,1/6/2026 12:00,30.04
SBA,1/6/2026 12:05,30.04
SBA,1/6/2026 12:10,30.04
SBA,1/6/2026 12:15,30.03
SBA,1/6/2026 12:20,30.03
SBA,1/6/2026 12:25,30.03
SBA,1/6/2026 12:30,30.03
SBA,1/6/2026 12:35,30.03
SBA,1/6/2026 12:40,30.02
SBA,1/6/2026 12:45,30.02
SBA,1/6/2026 12:50,30.02
SBA,1/6/2026 12:55,30.02
SBA,1/6/2026 13:00,30.02
SBA,1/6/2026 13:05,30.01
SBA,1/6/2026 13:10,30.01
SBA,1/6/2026 13:15,30.01
SBA,1/6/2026 13:20,30.01
SBA,1/6/2026 13:25,30.01
SBA,1/6/2026 13:30,30.01
SBA,1/6/2026 13:35,30
SBA,1/6/2026 13:40,30
SBA,1/6/2026 13:45,30
SBA,1/6/2026 13:50,30
SBA,1/6/2026 13:55,30
SBA,1/6/2026 14:00,30
SBA,1/6/2026 14:05,30
SBA,1/6/2026 14:10,30
SBA,1/6/2026 14:15,30
SBA,1/6/2026 14:20,30
SBA,1/6/2026 14:25,30
SBA,1/6/2026 14:30,30
SBA,1/6/2026 14:35,30
SBA,1/6/2026 14:40,30
SBA,1/6/2026 14:45,30
SBA,1/6/2026 14:50,30
SBA,1/6/2026 14:55,30
SBA,1/6/2026 15:00,30
SBA,1/6/2026 15:05,30
SBA,1/6/2026 15:10,30
SBA,1/6/2026 15:15,30
SBA,1/6/2026 15:20,30
SBA,1/6/2026 15:25,30
SBA,1/6/2026 15:30,30
SBA,1/6/2026 15:35,30
SBA,1/6/2026 15:40,30
SBA,1/6/2026 15:45,30
SBA,1/6/2026 15:50,30
SBA,1/6/2026 15:55,30
SBA,1/6/2026 16:00,30
SBA,1/6/2026 16:05,30
SBA,1/6/2026 16:10,30
SBA,1/6/2026 16:15,30
SBA,1/6/2026 16:20,30
SBA,1/6/2026 16:25,30
SBA,1/6/2026 16:30,30
SBA,1/6/2026 16:35,30
SBA,1/6/2026 16:40,30
SBA,1/6/2026 16:45,30
SBA,1/6/2026 16:50,30
SBA,1/6/2026 16:55,30
SBA,1/6/2026 17:00,30
SBA,1/6/2026 17:05,30
SBA,1/6/2026 17:10,30
SBA,1/6/2026 17:15,30
SBA,1/6/2026 17:20,30
SBA,1/6/2026 17:25,30
SBA,1/6/2026 17:30,30
SBA,1/6/2026 17:35,30
SBA,1/6/2026 17:40,30
SBA,1/6/2026 17:45,30
SBA,1/6/2026 17:50,30
SBA,1/6/2026 17:55,30
SBA,1/6/2026 18:00,30
SBA,1/6/2026 18:05,30
SBA,1/6/2026 18:10,30
SBA,1/6/2026 18:15,30
SBA,1/6/2026 18:20,30
SBA,1/6/2026 18:25,30.01
SBA,1/6/2026 18:30,30.01
SBA,1/6/2026 18:35,30.01
SBA,1/6/2026 18:40,30.01
SBA,1/6/2026 18:45,30.01
SBA,1/6/2026 18:50,30.01
SBA,1/6/2026 18:55,30.01
SBA,1/6/2026 19:00,30.01
SBA,1/6/2026 19:05,30.01
SBA,1/6/2026 19:10,30.02
SBA,1/6/2026 19:15,30.02
SBA,1/6/2026 19:20,30.02
SBA,1/6/2026 19:25,30.02
SBA,1/6/2026 19:30,30.02
SBA,1/6/2026 19:35,30.02
SBA,1/6/2026 19:40,30.02
SBA,1/6/2026 19:45,30.03
SBA,1/6/2026 19:50,30.03
SBA,1/6/2026 19:55,30.03
SBA,1/6/2026 20:00,30.03
SBA,1/6/2026 20:05,30.03
SBA,1/6/2026 20:10,30.03
SBA,1/6/2026 20:15,30.02
SBA,1/6/2026 20:20,30.02
SBA,1/6/2026 20:25,30.02
SBA,1/6/2026 20:30,30.02
SBA,1/6/2026 20:35,30.02
SBA,1/6/2026 20:40,30.02
SBA,1/6/2026 20:45,30.02
SBA,1/6/2026 20:50,30.02
SBA,1/6/2026 20:55,30.02
SBA,1/6/2026 21:00,30.01
SBA,1/6/2026 21:05,30.01
SBA,1/6/2026 21:10,30.01
SBA,1/6/2026 21:15,30.02
SBA,1/6/2026 21:20,30.01
SBA,1/6/2026 21:25,30.01
SBA,1/6/2026 21:30,30.01
SBA,1/6/2026 21:35,30.01
SBA,1/6/2026 21:40,30.01
SBA,1/6/2026 21:45,30.01
SBA,1/6/2026 21:50,30.01
SBA,1/6/2026 21:55,30.01
SBA,1/6/2026 22:00,30.01
SBA,1/6/2026 22:05,30.01
SBA,1/6/2026 22:10,30.01
SBA,1/6/2026 22:15,30.01
SBA,1/6/2026 22:20,30.01
SBA,1/6/2026 22:25,30
SBA,1/6/2026 22:30,30
SBA,1/6/2026 22:35,30
SBA,1/6/2026 22:40,30
SBA,1/6/2026 22:45,29.99
SBA,1/6/2026 22:50,29.99
SBA,1/6/2026 22:55,29.99
SBA,1/6/2026 23:00,29.99
SBA,1/6/2026 23:05,29.99
SBA,1/6/2026 23:10,29.99
SBA,1/6/2026 23:15,29.98
SBA,1/6/2026 23:20,29.98
SBA,1/6/2026 23:25,29.98
SBA,1/6/2026 23:30,29.98
SBA,1/6/2026 23:35,29.98
SBA,1/6/2026 23:40,29.98
SBA,1/6/2026 23:45,29.97
SBA,1/6/2026 23:50,29.98
SBA,1/6/2026 23:55,29.97
SBA,1/7/2026 0:00,29.97
SBA,1/7/2026 0:05,29.97
SBA,1/7/2026 0:10,29.97
SBA,1/7/2026 0:15,29.97
SBA,1/7/2026 0:20,29.97
SBA,1/7/2026 0:25,29.97
SBA,1/7/2026 0:30,29.97
SBA,1/7/2026 0:35,29.97
SBA,1/7/2026 0:40,29.96
SBA,1/7/2026 0:45,29.96
SBA,1/7/2026 0:50,29.96
SBA,1/7/2026 0:55,29.96
SBA,1/7/2026 1:00,29.96
SBA,1/7/2026 1:05,29.96
SBA,1/7/2026 1:10,29.96
SBA,1/7/2026 1:15,29.96
SBA,1/7/2026 1:20,29.96
SBA,1/7/2026 1:25,29.96
SBA,1/7/2026 1:30,29.96
SBA,1/7/2026 1:35,29.96
SBA,1/7/2026 1:40,29.96
SBA,1/7/2026 1:45,29.96
SBA,1/7/2026 1:50,29.96
SBA,1/7/2026 1:55,29.96
SBA,1/7/2026 2:00,29.96
SBA,1/7/2026 2:05,29.96
SBA,1/7/2026 2:10,29.96
SBA,1/7/2026 2:15,29.96
SBA,1/7/2026 2:20,29.96
SBA,1/7/2026 2:25,29.96
SBA,1/7/2026 2:30,29.96
SBA,1/7/2026 2:35,29.96
SBA,1/7/2026 2:40,29.96
SBA,1/7/2026 2:45,29.97
SBA,1/7/2026 2:50,29.97
SBA,1/7/2026 2:55,29.96
SBA,1/7/2026 3:00,29.96
SBA,1/7/2026 3:05,29.96
SBA,1/7/2026 3:10,29.96
SBA,1/7/2026 3:15,29.96
SBA,1/7/2026 3:20,29.96
SBA,1/7/2026 3:25,29.96
SBA,1/7/2026 3:30,29.96
SBA,1/7/2026 3:35,29.96
SBA,1/7/2026 3:40,29.96
SBA,1/7/2026 3:45,29.96
SBA,1/7/2026 3:50,29.96
SBA,1/7/2026 3:55,29.96
SBA,1/7/2026 4:00,29.96
SBA,1/7/2026 4:05,29.96
SBA,1/7/2026 4:10,29.96
SBA,1/7/2026 4:15,29.96
SBA,1/7/2026 4:20,29.95
SBA,1/7/2026 4:25,29.96
SBA,1/7/2026 4:30,29.96
SBA,1/7/2026 4:35,29.96
SBA,1/7/2026 4:40,29.95
SBA,1/7/2026 4:45,29.95
SBA,1/7/2026 4:50,29.95
SBA,1/7/2026 4:55,29.95
SBA,1/7/2026 5:00,29.95
SBA,1/7/2026 5:05,29.95
SBA,1/7/2026 5:10,29.95
SBA,1/7/2026 5:15,29.95
SBA,1/7/2026 5:20,29.95
SBA,1/7/2026 5:25,29.95
SBA,1/7/2026 5:30,29.95
SBA,1/7/2026 5:35,29.95
SBA,1/7/2026 5:40,29.95
SBA,1/7/2026 5:45,29.95
SBA,1/7/2026 5:50,29.95
SBA,1/7/2026 5:55,29.95
SBA,1/7/2026 6:00,29.95
SBA,1/7/2026 6:05,29.95
SBA,1/7/2026 6:10,29.95
SBA,1/7/2026 6:15,29.95
SBA,1/7/2026 6:20,29.95
SBA,1/7/2026 6:25,29.95
SBA,1/7/2026 6:30,29.95
SBA,1/7/2026 6:35,29.95
SBA,1/7/2026 6:40,29.95
SBA,1/7/2026 6:45,29.95
SBA,1/7/2026 6:50,29.96
SBA,1/7/2026 6:55,29.96
SBA,1/7/2026 7:00,29.96
SBA,1/7/2026 7:05,29.96
SBA,1/7/2026 7:10,29.96
SBA,1/7/2026 7:15,29.96
SBA,1/7/2026 7:20,29.96
SBA,1/7/2026 7:25,29.96
SBA,1/7/2026 7:30,29.96
SBA,1/7/2026 7:35,29.96
SBA,1/7/2026 7:40,29.96
SBA,1/7/2026 7:45,29.96
SBA,1/7/2026 7:50,29.96
SBA,1/7/2026 7:55,29.96
SBA,1/7/2026 8:00,29.96
SBA,1/7/2026 8:05,29.96
SBA,1/7/2026 8:10,29.96
SBA,1/7/2026 8:15,29.96
SBA,1/7/2026 8:20,29.96
SBA,1/7/2026 8:25,29.96
SBA,1/7/2026 8:30,29.97
SBA,1/7/2026 8:35,29.97
SBA,1/7/2026 8:40,29.97
SBA,1/7/2026 8:45,29.97
SBA,1/7/2026 8:50,29.97
SBA,1/7/2026 8:55,29.97
SBA,1/7/2026 9:00,29.97
SBA,1/7/2026 9:05,29.97
SBA,1/7/2026 9:10,29.97
SBA,1/7/2026 9:15,29.97
SBA,1/7/2026 9:20,29.97
SBA,1/7/2026 9:25,29.97
SBA,1/7/2026 9:30,29.97
SBA,1/7/2026 9:35,29.97
SBA,1/7/2026 9:40,29.97
SBA,1/7/2026 9:45,29.97
SBA,1/7/2026 9:50,29.97
SBA,1/7/2026 9:55,29.97
SBA,1/7/2026 10:00,29.97
SBA,1/7/2026 10:05,29.97
SBA,1/7/2026 10:10,29.97
SBA,1/7/2026 10:15,29.97
SBA,1/7/2026 10:20,29.97
SBA,1/7/2026 10:25,29.97
SBA,1/7/2026 10:30,29.97
SBA,1/7/2026 10:35,29.97
SBA,1/7/2026 10:40,29.97
SBA,1/7/2026 10:45,29.96
SBA,1/7/2026 10:50,29.96
SBA,1/7/2026 10:55,29.96
SBA,1/7/2026 11:00,29.96
SBA,1/7/2026 11:05,29.96
SBA,1/7/2026 11:10,29.96
SBA,1/7/2026 11:15,29.96
SBA,1/7/2026 11:20,29.96
SBA,1/7/2026 11:25,29.96
SBA,1/7/2026 11:30,29.95
SBA,1/7/2026 11:35,29.95
SBA,1/7/2026 11:40,29.94
SBA,1/7/2026 11:45,29.94
SBA,1/7/2026 11:50,29.93
SBA,1/7/2026 11:55,29.93
SBA,1/7/2026 12:00,29.93
SBA,1/7/2026 12:05,29.92
SBA,1/7/2026 12:10,29.92
SBA,1/7/2026 12:15,29.92
SBA,1/7/2026 12:20,29.92
SBA,1/7/2026 12:25,29.91
SBA,1/7/2026 12:30,29.91
SBA,1/7/2026 12:35,29.91
SBA,1/7/2026 12:40,29.91
SBA,1/7/2026 12:45,29.91
SBA,1/7/2026 12:50,29.9
SBA,1/7/2026 12:55,29.9
SBA,1/7/2026 13:00,29.9
SBA,1/7/2026 13:05,29.9
SBA,1/7/2026 13:10,29.9
SBA,1/7/2026 13:15,29.9
SBA,1/7/2026 13:20,29.9
SBA,1/7/2026 13:25,29.9
SBA,1/7/2026 13:30,29.89
SBA,1/7/2026 13:35,29.89
SBA,1/7/2026 13:40,29.9
SBA,1/7/2026 13:45,29.9
SBA,1/7/2026 13:50,29.89
SBA,1/7/2026 13:55,29.89
SBA,1/7/2026 14:00,29.88
SBA,1/7/2026 14:05,29.88
SBA,1/7/2026 14:10,29.88
SBA,1/7/2026 14:15,29.89
SBA,1/7/2026 14:20,29.89
SBA,1/7/2026 14:25,29.88
SBA,1/7/2026 14:30,29.89
SBA,1/7/2026 14:35,29.89
SBA,1/7/2026 14:40,29.89
SBA,1/7/2026 14:45,29.89
SBA,1/7/2026 14:50,29.89
SBA,1/7/2026 14:55,29.89
SBA,1/7/2026 15:00,29.89
SBA,1/7/2026 15:05,29.89
SBA,1/7/2026 15:10,29.89
SBA,1/7/2026 15:15,29.89
SBA,1/7/2026 15:20,29.89
SBA,1/7/2026 15:25,29.89
SBA,1/7/2026 15:30,29.89
SBA,1/7/2026 15:35,29.89
SBA,1/7/2026 15:40,29.89
SBA,1/7/2026 15:45,29.89
SBA,1/7/2026 15:50,29.89
SBA,1/7/2026 15:55,29.89
SBA,1/7/2026 16:00,29.9
SBA,1/7/2026 16:05,29.9
SBA,1/7/2026 16:10,29.9
SBA,1/7/2026 16:15,29.9
SBA,1/7/2026 16:20,29.9
SBA,1/7/2026 16:25,29.9
SBA,1/7/2026 16:30,29.9
SBA,1/7/2026 16:35,29.9
SBA,1/7/2026 16:40,29.9
SBA,1/7/2026 16:45,29.9
SBA,1/7/2026 16:50,29.91
SBA,1/7/2026 16:55,29.91
SBA,1/7/2026 17:00,29.91
SBA,1/7/2026 17:05,29.92
SBA,1/7/2026 17:10,29.92
SBA,1/7/2026 17:15,29.92
SBA,1/7/2026 17:20,29.92
SBA,1/7/2026 17:25,29.93
SBA,1/7/2026 17:30,29.93
SBA,1/7/2026 17:35,29.93
SBA,1/7/2026 17:40,29.93
SBA,1/7/2026 17:45,29.93
SBA,1/7/2026 17:50,29.94
SBA,1/7/2026 17:55,29.94
SBA,1/7/2026 18:00,29.94
SBA,1/7/2026 18:05,29.95
SBA,1/7/2026 18:10,29.95
SBA,1/7/2026 18:15,29.95
SBA,1/7/2026 18:20,29.95
SBA,1/7/2026 18:25,29.95
SBA,1/7/2026 18:30,29.95
SBA,1/7/2026 18:35,29.95
SBA,1/7/2026 18:40,29.96
SBA,1/7/2026 18:45,29.96
SBA,1/7/2026 18:50,29.96
SBA,1/7/2026 18:55,29.96
SBA,1/7/2026 19:00,29.96
SBA,1/7/2026 19:05,29.96
SBA,1/7/2026 19:10,29.97
SBA,1/7/2026 19:15,29.97
SBA,1/7/2026 19:20,29.97
SBA,1/7/2026 19:25,29.97
SBA,1/7/2026 19:30,29.97
SBA,1/7/2026 19:35,29.97
SBA,1/7/2026 19:40,29.97
SBA,1/7/2026 19:45,29.97
SBA,1/7/2026 19:50,29.97
SBA,1/7/2026 19:55,29.97
SBA,1/7/2026 20:00,29.97
SBA,1/7/2026 20:05,29.97
SBA,1/7/2026 20:10,29.98
SBA,1/7/2026 20:15,29.98
SBA,1/7/2026 20:20,29.98
SBA,1/7/2026 20:25,29.98
SBA,1/7/2026 20:30,29.99
SBA,1/7/2026 20:35,29.99
SBA,1/7/2026 20:40,29.99
SBA,1/7/2026 20:45,29.98
SBA,1/7/2026 20:50,29.99
SBA,1/7/2026 20:55,29.99
SBA,1/7/2026 21:00,29.99
SBA,1/7/2026 21:05,29.99
SBA,1/7/2026 21:10,29.99
SBA,1/7/2026 21:15,29.99
SBA,1/7/2026 21:20,30
SBA,1/7/2026 21:25,29.99
SBA,1/7/2026 21:30,30
SBA,1/7/2026 21:35,30
SBA,1/7/2026 21:40,30
SBA,1/7/2026 21:45,30
SBA,1/7/2026 21:50,30
SBA,1/7/2026 21:55,30
SBA,1/7/2026 22:00,30
SBA,1/7/2026 22:05,30
SBA,1/7/2026 22:10,30
SBA,1/7/2026 22:15,30.01
SBA,1/7/2026 22:20,30.01
SBA,1/7/2026 22:25,30.01
SBA,1/7/2026 22:30,30.01
SBA,1/7/2026 22:35,30
SBA,1/7/2026 22:40,30
SBA,1/7/2026 22:45,30
SBA,1/7/2026 22:50,30.01
SBA,1/7/2026 22:55,30.01
SBA,1/7/2026 23:00,30.01
SBA,1/7/2026 23:05,30.01
SBA,1/7/2026 23:10,30.01
SBA,1/7/2026 23:15,30.02
SBA,1/7/2026 23:20,30.01
SBA,1/7/2026 23:25,30.01
SBA,1/7/2026 23:30,30.02
SBA,1/7/2026 23:35,30.02
SBA,1/7/2026 23:40,30.02
SBA,1/7/2026 23:45,30.02
SBA,1/7/2026 23:50,30.03
SBA,1/7/2026 23:55,30.03
SBA,1/8/2026 0:00,30.03
SBA,1/8/2026 0:05,30.03
SBA,1/8/2026 0:10,30.03
SBA,1/8/2026 0:15,30.02
SBA,1/8/2026 0:20,30.02
SBA,1/8/2026 0:25,30.03
SBA,1/8/2026 0:30,30.02
SBA,1/8/2026 0:35,30.03
SBA,1/8/2026 0:40,30.02
SBA,1/8/2026 0:45,30.02
SBA,1/8/2026 0:50,30.02
SBA,1/8/2026 0:55,30.02
SBA,1/8/2026 1:00,30.02
SBA,1/8/2026 1:05,30.03
SBA,1/8/2026 1:10,30.03
SBA,1/8/2026 1:15,30.03
SBA,1/8/2026 1:20,30.02
SBA,1/8/2026 1:25,30.02
SBA,1/8/2026 1:30,30.02
SBA,1/8/2026 1:35,30.03
SBA,1/8/2026 1:40,30.02
SBA,1/8/2026 1:45,30.03
SBA,1/8/2026 1:50,30.03
SBA,1/8/2026 1:55,30.03
SBA,1/8/2026 2:00,30.03
SBA,1/8/2026 2:05,30.03
SBA,1/8/2026 2:10,30.03
SBA,1/8/2026 2:15,30.03
SBA,1/8/2026 2:20,30.03
SBA,1/8/2026 2:25,30.03
SBA,1/8/2026 2:30,30.03
SBA,1/8/2026 2:35,30.02
SBA,1/8/2026 2:40,30.02
SBA,1/8/2026 2:45,30.02
SBA,1/8/2026 2:50,30.02
SBA,1/8/2026 2:55,30.03
SBA,1/8/2026 3:00,30.03
SBA,1/8/2026 3:05,30.03
SBA,1/8/2026 3:10,30.03
SBA,1/8/2026 3:15,30.03
SBA,1/8/2026 3:20,30.03
SBA,1/8/2026 3:25,30.03
SBA,1/8/2026 3:30,30.03
SBA,1/8/2026 3:35,30.03
SBA,1/8/2026 3:40,30.03
SBA,1/8/2026 3:45,30.03
SBA,1/8/2026 3:50,30.03
SBA,1/8/2026 3:55,30.03
SBA,1/8/2026 4:00,30.03
SBA,1/8/2026 4:05,30.03
SBA,1/8/2026 4:10,30.03
SBA,1/8/2026 4:15,30.03
SBA,1/8/2026 4:20,30.03
SBA,1/8/2026 4:25,30.03
SBA,1/8/2026 4:30,30.03
SBA,1/8/2026 4:35,30.03
SBA,1/8/2026 4:40,30.03
SBA,1/8/2026 4:45,30.03
SBA,1/8/2026 4:50,30.03
SBA,1/8/2026 4:55,30.03
SBA,1/8/2026 5:00,30.04
SBA,1/8/2026 5:05,30.04
SBA,1/8/2026 5:10,30.05
SBA,1/8/2026 5:15,30.05
SBA,1/8/2026 5:20,30.05
SBA,1/8/2026 5:25,30.06
SBA,1/8/2026 5:30,30.07
SBA,1/8/2026 5:35,30.06
SBA,1/8/2026 5:40,30.06
SBA,1/8/2026 5:45,30.07
SBA,1/8/2026 5:50,30.07
SBA,1/8/2026 5:55,30.07
SBA,1/8/2026 6:00,30.07
SBA,1/8/2026 6:05,30.07
SBA,1/8/2026 6:10,30.07
SBA,1/8/2026 6:15,30.07
SBA,1/8/2026 6:20,30.07
SBA,1/8/2026 6:25,30.08
SBA,1/8/2026 6:30,30.08
SBA,1/8/2026 6:35,30.09
SBA,1/8/2026 6:40,30.08
SBA,1/8/2026 6:45,30.09
SBA,1/8/2026 6:50,30.09
SBA,1/8/2026 6:55,30.09
SBA,1/8/2026 7:00,30.09
SBA,1/8/2026 7:05,30.08
SBA,1/8/2026 7:10,30.09
SBA,1/8/2026 7:15,30.09
SBA,1/8/2026 7:20,30.09
SBA,1/8/2026 7:25,30.09
SBA,1/8/2026 7:30,30.09
SBA,1/8/2026 7:35,30.09
SBA,1/8/2026 7:40,30.09
SBA,1/8/2026 7:45,30.09
SBA,1/8/2026 7:50,30.09
SBA,1/8/2026 7:55,30.1
SBA,1/8/2026 8:00,30.1
SBA,1/8/2026 8:05,30.09
SBA,1/8/2026 8:10,30.1
SBA,1/8/2026 8:15,30.1
SBA,1/8/2026 8:20,30.1
SBA,1/8/2026 8:25,30.1
SBA,1/8/2026 8:30,30.1
SBA,1/8/2026 8:35,30.1
SBA,1/8/2026 8:40,30.1
SBA,1/8/2026 8:45,30.1
SBA,1/8/2026 8:50,30.1
SBA,1/8/2026 8:55,30.1
SBA,1/8/2026 9:00,30.1
SBA,1/8/2026 9:05,30.1
SBA,1/8/2026 9:10,30.1
SBA,1/8/2026 9:15,30.1
SBA,1/8/2026 9:20,30.1
SBA,1/8/2026 9:25,30.1
SBA,1/8/2026 9:30,30.09
SBA,1/8/2026 9:35,30.1
SBA,1/8/2026 9:40,30.1
SBA,1/8/2026 9:45,30.1
SBA,1/8/2026 9:50,30.1
SBA,1/8/2026 9:55,30.1
SBA,1/8/2026 10:00,30.1
SBA,1/8/2026 10:05,30.1
SBA,1/8/2026 10:10,30.1
SBA,1/8/2026 10:15,30.1
SBA,1/8/2026 10:20,30.1
SBA,1/8/2026 10:25,30.1
SBA,1/8/2026 10:30,30.09
SBA,1/8/2026 10:35,30.09
SBA,1/8/2026 10:40,30.09
SBA,1/8/2026 10:45,30.09
SBA,1/8/2026 10:50,30.08
SBA,1/8/2026 10:55,30.08
SBA,1/8/2026 11:00,30.08
SBA,1/8/2026 11:05,30.08
SBA,1/8/2026 11:10,30.07
SBA,1/8/2026 11:15,30.07
SBA,1/8/2026 11:20,30.06
SBA,1/8/2026 11:25,30.06
SBA,1/8/2026 11:30,30.06
SBA,1/8/2026 11:35,30.06
SBA,1/8/2026 11:40,30.06
SBA,1/8/2026 11:45,30.06
SBA,1/8/2026 11:50,30.05
SBA,1/8/2026 11:55,30.05
SBA,1/8/2026 12:00,30.04
SBA,1/8/2026 12:05,30.04
SBA,1/8/2026 12:10,30.04
SBA,1/8/2026 12:15,30.04
SBA,1/8/2026 12:20,30.03
SBA,1/8/2026 12:25,30.03
SBA,1/8/2026 12:30,30.03
SBA,1/8/2026 12:35,30.02
SBA,1/8/2026 12:40,30.02
SBA,1/8/2026 12:45,30.02
SBA,1/8/2026 12:50,30.02
SBA,1/8/2026 12:55,30.02
SBA,1/8/2026 13:00,30.02
SBA,1/8/2026 13:05,30.01
SBA,1/8/2026 13:10,30.01
SBA,1/8/2026 13:15,30.02
SBA,1/8/2026 13:20,30.01
SBA,1/8/2026 13:25,30.02
SBA,1/8/2026 13:30,30.01
SBA,1/8/2026 13:35,30.01
SBA,1/8/2026 13:40,30.02
SBA,1/8/2026 13:45,30.02
SBA,1/8/2026 13:50,30.01
SBA,1/8/2026 13:55,30.02
SBA,1/8/2026 14:00,30.02
SBA,1/8/2026 14:05,30.02
SBA,1/8/2026 14:10,30.02
SBA,1/8/2026 14:15,30.02
SBA,1/8/2026 14:20,30.01
SBA,1/8/2026 14:25,30.02
SBA,1/8/2026 14:30,30.02
SBA,1/8/2026 14:35,30.02
SBA,1/8/2026 14:40,30.02
SBA,1/8/2026 14:45,30.02
SBA,1/8/2026 14:50,30.02
SBA,1/8/2026 14:55,30.03
SBA,1/8/2026 15:00,30.03
SBA,1/8/2026 15:05,30.03
SBA,1/8/2026 15:10,30.03
SBA,1/8/2026 15:15,30.03
SBA,1/8/2026 15:20,30.03
SBA,1/8/2026 15:25,30.03
SBA,1/8/2026 15:30,30.03
SBA,1/8/2026 15:35,30.03
SBA,1/8/2026 15:40,30.03
SBA,1/8/2026 15:45,30.03
SBA,1/8/2026 15:50,30.03
SBA,1/8/2026 15:55,30.03
SBA,1/8/2026 16:00,30.04
SBA,1/8/2026 16:05,30.03
SBA,1/8/2026 16:10,30.04
SBA,1/8/2026 16:15,30.04
SBA,1/8/2026 16:20,30.04
SBA,1/8/2026 16:25,30.04
SBA,1/8/2026 16:30,30.05
SBA,1/8/2026 16:35,30.05
SBA,1/8/2026 16:40,30.05
SBA,1/8/2026 16:45,30.05
SBA,1/8/2026 16:50,30.05
SBA,1/8/2026 16:55,30.05
SBA,1/8/2026 17:00,30.05
SBA,1/8/2026 17:05,30.06
SBA,1/8/2026 17:10,30.06
SBA,1/8/2026 17:15,30.07
SBA,1/8/2026 17:20,30.07
SBA,1/8/2026 17:25,30.07
SBA,1/8/2026 17:30,30.07
SBA,1/8/2026 17:35,30.08
SBA,1/8/2026 17:40,30.08
SBA,1/8/2026 17:45,30.08
SBA,1/8/2026 17:50,30.08
SBA,1/8/2026 17:55,30.08
SBA,1/8/2026 18:00,30.09
SBA,1/8/2026 18:05,30.09
SBA,1/8/2026 18:10,30.1
SBA,1/8/2026 18:15,30.1
SBA,1/8/2026 18:20,30.1
SBA,1/8/2026 18:25,30.11
SBA,1/8/2026 18:30,30.11
SBA,1/8/2026 18:35,30.11
SBA,1/8/2026 18:40,30.11
SBA,1/8/2026 18:45,30.1
SBA,1/8/2026 18:50,30.11
SBA,1/8/2026 18:55,30.11
SBA,1/8/2026 19:00,30.11
SBA,1/8/2026 19:05,30.11
SBA,1/8/2026 19:10,30.12
SBA,1/8/2026 19:15,30.12
SBA,1/8/2026 19:20,30.13
SBA,1/8/2026 19:25,30.12
SBA,1/8/2026 19:30,30.13
SBA,1/8/2026 19:35,30.13
SBA,1/8/2026 19:40,30.14
SBA,1/8/2026 19:45,30.14
SBA,1/8/2026 19:50,30.14
SBA,1/8/2026 19:55,30.15
SBA,1/8/2026 20:00,30.15
SBA,1/8/2026 20:05,30.16
SBA,1/8/2026 20:10,30.16
SBA,1/8/2026 20:15,30.16
SBA,1/8/2026 20:20,30.16
SBA,1/8/2026 20:25,30.17
SBA,1/8/2026 20:30,30.17
SBA,1/8/2026 20:35,30.17
SBA,1/8/2026 20:40,30.17
SBA,1/8/2026 20:45,30.18
SBA,1/8/2026 20:50,30.18
SBA,1/8/2026 20:55,30.18
SBA,1/8/2026 21:00,30.18
SBA,1/8/2026 21:05,30.19
SBA,1/8/2026 21:10,30.19
SBA,1/8/2026 21:15,30.19
SBA,1/8/2026 21:20,30.19
SBA,1/8/2026 21:25,30.2
SBA,1/8/2026 21:30,30.19
SBA,1/8/2026 21:35,30.19
SBA,1/8/2026 21:40,30.2
SBA,1/8/2026 21:45,30.2
SBA,1/8/2026 21:50,30.2
SBA,1/8/2026 21:55,30.2
SBA,1/8/2026 22:00,30.21
SBA,1/8/2026 22:05,30.21
SBA,1/8/2026 22:10,30.21
SBA,1/8/2026 22:15,30.21
SBA,1/8/2026 22:20,30.21
SBA,1/8/2026 22:25,30.21
SBA,1/8/2026 22:30,30.21
SBA,1/8/2026 22:35,30.21
SBA,1/8/2026 22:40,30.21
SBA,1/8/2026 22:45,30.22
SBA,1/8/2026 22:50,30.22
SBA,1/8/2026 22:55,30.22
SBA,1/8/2026 23:00,30.22
SBA,1/8/2026 23:05,30.22
SBA,1/8/2026 23:10,30.22
SBA,1/8/2026 23:15,30.22
SBA,1/8/2026 23:20,30.22
SBA,1/8/2026 23:25,30.22
SBA,1/8/2026 23:30,30.22
SBA,1/8/2026 23:35,30.22
SBA,1/8/2026 23:40,30.22
SBA,1/8/2026 23:45,30.23
SBA,1/8/2026 23:50,30.23
SBA,1/8/2026 23:55,30.23
SBA,1/9/2026 0:00,30.23
SBA,1/9/2026 0:05,30.23
SBA,1/9/2026 0:10,30.23
SBA,1/9/2026 0:15,30.24
SBA,1/9/2026 0:20,30.24
SBA,1/9/2026 0:25,30.24
SBA,1/9/2026 0:30,30.24
SBA,1/9/2026 0:35,30.24
SBA,1/9/2026 0:40,30.24
SBA,1/9/2026 0:45,30.24
SBA,1/9/2026 0:50,30.24
SBA,1/9/2026 0:55,30.24
SBA,1/9/2026 1:00,30.24
SBA,1/9/2026 1:05,30.24
SBA,1/9/2026 1:10,30.24
SBA,1/9/2026 1:15,30.24
SBA,1/9/2026 1:20,30.24
SBA,1/9/2026 1:25,30.24
SBA,1/9/2026 1:30,30.25
SBA,1/9/2026 1:35,30.25
SBA,1/9/2026 1:40,30.25
SBA,1/9/2026 1:45,30.25
SBA,1/9/2026 1:50,30.25
SBA,1/9/2026 1:55,30.25
SBA,1/9/2026 2:00,30.25
SBA,1/9/2026 2:05,30.25
SBA,1/9/2026 2:10,30.25
SBA,1/9/2026 2:15,30.25
SBA,1/9/2026 2:20,30.25
SBA,1/9/2026 2:25,30.25
SBA,1/9/2026 2:30,30.25
SBA,1/9/2026 2:35,30.25
SBA,1/9/2026 2:40,30.25
SBA,1/9/2026 2:45,30.25
SBA,1/9/2026 2:50,30.25
SBA,1/9/2026 2:55,30.25
SBA,1/9/2026 3:00,30.25
SBA,1/9/2026 3:05,30.25
SBA,1/9/2026 3:10,30.25
SBA,1/9/2026 3:15,30.25
SBA,1/9/2026 3:20,30.26
SBA,1/9/2026 3:25,30.26
SBA,1/9/2026 3:30,30.26
SBA,1/9/2026 3:35,30.26
SBA,1/9/2026 3:40,30.26
SBA,1/9/2026 3:45,30.26
SBA,1/9/2026 3:50,30.26
SBA,1/9/2026 3:55,30.26
SBA,1/9/2026 4:00,30.26
SBA,1/9/2026 4:05,30.26
SBA,1/9/2026 4:10,30.26
SBA,1/9/2026 4:15,30.25
SBA,1/9/2026 4:20,30.26
SBA,1/9/2026 4:25,30.26
SBA,1/9/2026 4:30,30.26
SBA,1/9/2026 4:35,30.26
SBA,1/9/2026 4:40,30.26
SBA,1/9/2026 4:45,30.26
SBA,1/9/2026 4:50,30.26
SBA,1/9/2026 4:55,30.26
SBA,1/9/2026 5:00,30.27
SBA,1/9/2026 5:05,30.26
SBA,1/9/2026 5:10,30.27
SBA,1/9/2026 5:15,30.27
SBA,1/9/2026 5:20,30.27
SBA,1/9/2026 5:25,30.28
SBA,1/9/2026 5:30,30.28
SBA,1/9/2026 5:35,30.28
SBA,1/9/2026 5:40,30.28
SBA,1/9/2026 5:45,30.28
SBA,1/9/2026 5:50,30.29
SBA,1/9/2026 5:55,30.29
SBA,1/9/2026 6:00,30.29
SBA,1/9/2026 6:05,30.29
SBA,1/9/2026 6:10,30.29
SBA,1/9/2026 6:15,30.29
SBA,1/9/2026 6:20,30.3
SBA,1/9/2026 6:25,30.3
SBA,1/9/2026 6:30,30.3
SBA,1/9/2026 6:35,30.3
SBA,1/9/2026 6:40,30.3
SBA,1/9/2026 6:45,30.3
SBA,1/9/2026 6:50,30.3
SBA,1/9/2026 6:55,30.3
SBA,1/9/2026 7:00,30.31
SBA,1/9/2026 7:05,30.31
SBA,1/9/2026 7:10,30.31
SBA,1/9/2026 7:15,30.31
SBA,1/9/2026 7:20,30.31
SBA,1/9/2026 7:25,30.31
SBA,1/9/2026 7:30,30.32
SBA,1/9/2026 7:35,30.32
SBA,1/9/2026 7:40,30.32
SBA,1/9/2026 7:45,30.32
SBA,1/9/2026 7:50,30.32
SBA,1/9/2026 7:55,30.33
SBA,1/9/2026 8:00,30.33
SBA,1/9/2026 8:05,30.33
SBA,1/9/2026 8:10,30.33
SBA,1/9/2026 8:15,30.33
SBA,1/9/2026 8:20,30.33
SBA,1/9/2026 8:25,30.33
SBA,1/9/2026 8:30,30.34
SBA,1/9/2026 8:35,30.34
SBA,1/9/2026 8:40,30.34
SBA,1/9/2026 8:45,30.34
SBA,1/9/2026 8:50,30.34
SBA,1/9/2026 8:55,30.34
SBA,1/9/2026 9:00,30.35
SBA,1/9/2026 9:05,30.35
SBA,1/9/2026 9:10,30.35
SBA,1/9/2026 9:15,30.35
SBA,1/9/2026 9:20,30.35
SBA,1/9/2026 9:25,30.36
SBA,1/9/2026 9:30,30.36
SBA,1/9/2026 9:35,30.36
SBA,1/9/2026 9:40,30.36
SBA,1/9/2026 9:45,30.36
SBA,1/9/2026 9:50,30.36
SBA,1/9/2026 9:55,30.36
SBA,1/9/2026 10:00,30.36
SBA,1/9/2026 10:05,30.36
SBA,1/9/2026 10:10,30.36
SBA,1/9/2026 10:15,30.36
SBA,1/9/2026 10:20,30.36
SBA,1/9/2026 10:25,30.36
SBA,1/9/2026 10:30,30.36
SBA,1/9/2026 10:35,30.36
SBA,1/9/2026 10:40,30.36
SBA,1/9/2026 10:45,30.36
SBA,1/9/2026 10:50,30.36
SBA,1/9/2026 10:55,30.36
SBA,1/9/2026 11:00,30.36
SBA,1/9/2026 11:05,30.36
SBA,1/9/2026 11:10,30.36
SBA,1/9/2026 11:15,30.35
SBA,1/9/2026 11:20,30.35
SBA,1/9/2026 11:25,30.35
SBA,1/9/2026 11:30,30.35
SBA,1/9/2026 11:35,30.35
SBA,1/9/2026 11:40,30.35
SBA,1/9/2026 11:45,30.35
SBA,1/9/2026 11:50,30.35
SBA,1/9/2026 11:55,30.35
SBA,1/9/2026 12:00,30.35
SBA,1/9/2026 12:05,30.35
SBA,1/9/2026 12:10,30.35
SBA,1/9/2026 12:15,30.35
SBA,1/9/2026 12:20,30.35
SBA,1/9/2026 12:25,30.34
SBA,1/9/2026 12:30,30.34
SBA,1/9/2026 12:35,30.34
SBA,1/9/2026 12:40,30.34
SBA,1/9/2026 12:45,30.34
SBA,1/9/2026 12:50,30.34
SBA,1/9/2026 12:55,30.34
SBA,1/9/2026 13:00,30.33
SBA,1/9/2026 13:05,30.33
SBA,1/9/2026 13:10,30.33
SBA,1/9/2026 13:15,30.33
SBA,1/9/2026 13:20,30.33
SBA,1/9/2026 13:25,30.32
SBA,1/9/2026 13:30,30.32
SBA,1/9/2026 13:35,30.32
SBA,1/9/2026 13:40,30.32
SBA,1/9/2026 13:45,30.32
SBA,1/9/2026 13:50,30.33
SBA,1/9/2026 13:55,30.33
SBA,1/9/2026 14:00,30.33
SBA,1/9/2026 14:05,30.33
SBA,1/9/2026 14:10,30.33
SBA,1/9/2026 14:15,30.33
SBA,1/9/2026 14:20,30.34
SBA,1/9/2026 14:25,30.34
SBA,1/9/2026 14:30,30.34
SBA,1/9/2026 14:35,30.34
SBA,1/9/2026 14:40,30.34
SBA,1/9/2026 14:45,30.34
SBA,1/9/2026 14:50,30.34
SBA,1/9/2026 14:55,30.34
SBA,1/9/2026 15:00,30.34
SBA,1/9/2026 15:05,30.34
SBA,1/9/2026 15:10,30.34
SBA,1/9/2026 15:15,30.34
SBA,1/9/2026 15:20,30.34
SBA,1/9/2026 15:25,30.34
SBA,1/9/2026 15:30,30.34
SBA,1/9/2026 15:35,30.34
SBA,1/9/2026 15:40,30.35
SBA,1/9/2026 15:45,30.34
SBA,1/9/2026 15:50,30.35
SBA,1/9/2026 15:55,30.34
SBA,1/9/2026 16:00,30.35
SBA,1/9/2026 16:05,30.35
SBA,1/9/2026 16:10,30.35
SBA,1/9/2026 16:15,30.35
SBA,1/9/2026 16:20,30.35
SBA,1/9/2026 16:25,30.35
SBA,1/9/2026 16:30,30.35
SBA,1/9/2026 16:35,30.35
SBA,1/9/2026 16:40,30.35
SBA,1/9/2026 16:45,30.35
SBA,1/9/2026 16:50,30.35
SBA,1/9/2026 16:55,30.35
SBA,1/9/2026 17:00,30.35
SBA,1/9/2026 17:05,30.35
SBA,1/9/2026 17:10,30.35
SBA,1/9/2026 17:15,30.36
SBA,1/9/2026 17:20,30.36
SBA,1/9/2026 17:25,30.35
SBA,1/9/2026 17:30,30.36
SBA,1/9/2026 17:35,30.36
SBA,1/9/2026 17:40,30.36
SBA,1/9/2026 17:45,30.36
SBA,1/9/2026 17:50,30.36
SBA,1/9/2026 17:55,30.36
SBA,1/9/2026 18:00,30.36
SBA,1/9/2026 18:05,30.37
SBA,1/9/2026 18:10,30.37
SBA,1/9/2026 18:15,30.37
SBA,1/9/2026 18:20,30.37
SBA,1/9/2026 18:25,30.37
SBA,1/9/2026 18:30,30.37
SBA,1/9/2026 18:35,30.37
SBA,1/9/2026 18:40,30.37
SBA,1/9/2026 18:45,30.37
SBA,1/9/2026 18:50,30.37
SBA,1/9/2026 18:55,30.37
SBA,1/9/2026 19:00,30.37
SBA,1/9/2026 19:05,30.37
SBA,1/9/2026 19:10,30.37
SBA,1/9/2026 19:15,30.38
SBA,1/9/2026 19:20,30.38
SBA,1/9/2026 19:25,30.38
SBA,1/9/2026 19:30,30.38
SBA,1/9/2026 19:35,30.38
SBA,1/9/2026 19:40,30.38
SBA,1/9/2026 19:45,30.38
SBA,1/9/2026 19:50,30.38
SBA,1/9/2026 19:55,30.38
SBA,1/9/2026 20:00,30.39
SBA,1/9/2026 20:05,30.38
SBA,1/9/2026 20:10,30.39
SBA,1/9/2026 20:15,30.39
SBA,1/9/2026 20:20,30.39
SBA,1/9/2026 20:25,30.39
SBA,1/9/2026 20:30,30.39
SBA,1/9/2026 20:35,30.39
SBA,1/9/2026 20:40,30.39
SBA,1/9/2026 20:45,30.39
SBA,1/9/2026 20:50,30.39
SBA,1/9/2026 20:55,30.39
SBA,1/9/2026 21:00,30.4
SBA,1/9/2026 21:05,30.39
SBA,1/9/2026 21:10,30.39
SBA,1/9/2026 21:15,30.4
SBA,1/9/2026 21:20,30.4
SBA,1/9/2026 21:25,30.4
SBA,1/9/2026 21:30,30.4
SBA,1/9/2026 21:35,30.4
SBA,1/9/2026 21:40,30.4
SBA,1/9/2026 21:45,30.4
SBA,1/9/2026 21:50,30.4
SBA,1/9/2026 21:55,30.4
SBA,1/9/2026 22:00,30.4
SBA,1/9/2026 22:05,30.41
SBA,1/9/2026 22:10,30.41
SBA,1/9/2026 22:15,30.41
SBA,1/9/2026 22:20,30.41
SBA,1/9/2026 22:25,30.41
SBA,1/9/2026 22:30,30.41
SBA,1/9/2026 22:35,30.41
SBA,1/9/2026 22:40,30.42
SBA,1/9/2026 22:45,30.42
SBA,1/9/2026 22:50,30.42
SBA,1/9/2026 22:55,30.42
SBA,1/9/2026 23:00,30.42
SBA,1/9/2026 23:05,30.42
SBA,1/9/2026 23:10,30.41
SBA,1/9/2026 23:15,30.41
SBA,1/9/2026 23:20,30.41
SBA,1/9/2026 23:25,30.41
SBA,1/9/2026 23:30,30.41
SBA,1/9/2026 23:35,30.41
SBA,1/9/2026 23:40,30.42
SBA,1/9/2026 23:45,30.42
SBA,1/9/2026 23:50,30.42
SBA,1/9/2026 23:55,30.42
SBA,1/10/2026 0:00,30.41
SBA,1/10/2026 0:05,30.42
SBA,1/10/2026 0:10,30.41
SBA,1/10/2026 0:15,30.41
SBA,1/10/2026 0:20,30.41
SBA,1/10/2026 0:25,30.41
SBA,1/10/2026 0:30,30.4
SBA,1/10/2026 0:35,30.4
SBA,1/10/2026 0:40,30.4
SBA,1/10/2026 0:45,30.4
SBA,1/10/2026 0:50,30.4
SBA,1/10/2026 0:55,30.4
SBA,1/10/2026 1:00,30.4
SBA,1/10/2026 1:05,30.41
SBA,1/10/2026 1:10,30.41
SBA,1/10/2026 1:15,30.41
SBA,1/10/2026 1:20,30.41
SBA,1/10/2026 1:25,30.41
SBA,1/10/2026 1:30,30.41
SBA,1/10/2026 1:35,30.41
SBA,1/10/2026 1:40,30.41
SBA,1/10/2026 1:45,30.41
SBA,1/10/2026 1:50,30.42
SBA,1/10/2026 1:55,30.42
SBA,1/10/2026 2:00,30.41
SBA,1/10/2026 2:05,30.41
SBA,1/10/2026 2:10,30.41
SBA,1/10/2026 2:15,30.42
SBA,1/10/2026 2:20,30.41
SBA,1/10/2026 2:25,30.41
SBA,1/10/2026 2:30,30.41
SBA,1/10/2026 2:35,30.41
SBA,1/10/2026 2:40,30.42
SBA,1/10/2026 2:45,30.42
SBA,1/10/2026 2:50,30.41
SBA,1/10/2026 2:55,30.41
SBA,1/10/2026 3:00,30.41
SBA,1/10/2026 3:05,30.41
SBA,1/10/2026 3:10,30.41
SBA,1/10/2026 3:15,30.41
SBA,1/10/2026 3:20,30.41
SBA,1/10/2026 3:25,30.41
SBA,1/10/2026 3:30,30.41
SBA,1/10/2026 3:35,30.41
SBA,1/10/2026 3:40,30.41
SBA,1/10/2026 3:45,30.41
SBA,1/10/2026 3:50,30.41
SBA,1/10/2026 3:55,30.4
SBA,1/10/2026 4:00,30.41
SBA,1/10/2026 4:05,30.41
SBA,1/10/2026 4:10,30.4
SBA,1/10/2026 4:15,30.4
SBA,1/10/2026 4:20,30.41
SBA,1/10/2026 4:25,30.4
SBA,1/10/2026 4:30,30.4
SBA,1/10/2026 4:35,30.41
SBA,1/10/2026 4:40,30.41
SBA,1/10/2026 4:45,30.41
SBA,1/10/2026 4:50,30.41
SBA,1/10/2026 4:55,30.41
SBA,1/10/2026 5:00,30.41
SBA,1/10/2026 5:05,30.41
SBA,1/10/2026 5:10,30.41
SBA,1/10/2026 5:15,30.41
SBA,1/10/2026 5:20,30.41
SBA,1/10/2026 5:25,30.41
SBA,1/10/2026 5:30,30.42
SBA,1/10/2026 5:35,30.42
SBA,1/10/2026 5:40,30.42
SBA,1/10/2026 5:45,30.42
SBA,1/10/2026 5:50,30.42
SBA,1/10/2026 5:55,30.42
SBA,1/10/2026 6:00,30.41
SBA,1/10/2026 6:05,30.42
SBA,1/10/2026 6:10,30.42
SBA,1/10/2026 6:15,30.42
SBA,1/10/2026 6:20,30.42
SBA,1/10/2026 6:25,30.42
SBA,1/10/2026 6:30,30.42
SBA,1/10/2026 6:35,30.42
SBA,1/10/2026 6:40,30.42
SBA,1/10/2026 6:45,30.43
SBA,1/10/2026 6:50,30.43
SBA,1/10/2026 6:55,30.43
SBA,1/10/2026 7:00,30.42
SBA,1/10/2026 7:05,30.43
SBA,1/10/2026 7:10,30.43
SBA,1/10/2026 7:15,30.43
SBA,1/10/2026 7:20,30.43
SBA,1/10/2026 7:25,30.43
SBA,1/10/2026 7:30,30.43
SBA,1/10/2026 7:35,30.43
SBA,1/10/2026 7:40,30.43
SBA,1/10/2026 7:45,30.43
SBA,1/10/2026 7:50,30.43
SBA,1/10/2026 7:55,30.44
SBA,1/10/2026 8:00,30.44
SBA,1/10/2026 8:05,30.44
SBA,1/10/2026 8:10,30.44
SBA,1/10/2026 8:15,30.44
SBA,1/10/2026 8:20,30.44
SBA,1/10/2026 8:25,30.44
SBA,1/10/2026 8:30,30.44
SBA,1/10/2026 8:35,30.44
SBA,1/10/2026 8:40,30.44
SBA,1/10/2026 8:45,30.44
SBA,1/10/2026 8:50,30.44
SBA,1/10/2026 8:55,30.44
SBA,1/10/2026 9:00,30.44
SBA,1/10/2026 9:05,30.44
SBA,1/10/2026 9:10,30.44
SBA,1/10/2026 9:15,30.44
SBA,1/10/2026 9:20,30.44
SBA,1/10/2026 9:25,30.44
SBA,1/10/2026 9:30,30.44
SBA,1/10/2026 9:35,30.44
SBA,1/10/2026 9:40,30.44
SBA,1/10/2026 9:45,30.44
SBA,1/10/2026 9:50,30.44
SBA,1/10/2026 9:55,30.44
SBA,1/10/2026 10:00,30.44
SBA,1/10/2026 10:05,30.43
SBA,1/10/2026 10:10,30.43
SBA,1/10/2026 10:15,30.43
SBA,1/10/2026 10:20,30.43
SBA,1/10/2026 10:25,30.43
SBA,1/10/2026 10:30,30.43
SBA,1/10/2026 10:35,30.42
SBA,1/10/2026 10:40,30.42
SBA,1/10/2026 10:45,30.42
SBA,1/10/2026 10:50,30.42
SBA,1/10/2026 10:55,30.42
SBA,1/10/2026 11:00,30.42
SBA,1/10/2026 11:05,30.42
SBA,1/10/2026 11:10,30.41
SBA,1/10/2026 11:15,30.41
SBA,1/10/2026 11:20,30.41
SBA,1/10/2026 11:25,30.41
SBA,1/10/2026 11:30,30.4
SBA,1/10/2026 11:35,30.4
SBA,1/10/2026 11:40,30.4
SBA,1/10/2026 11:45,30.39
SBA,1/10/2026 11:50,30.39
SBA,1/10/2026 11:55,30.39
SBA,1/10/2026 12:00,30.38
SBA,1/10/2026 12:05,30.38
SBA,1/10/2026 12:10,30.38
SBA,1/10/2026 12:15,30.37
SBA,1/10/2026 12:20,30.37
SBA,1/10/2026 12:25,30.37
SBA,1/10/2026 12:30,30.37
SBA,1/10/2026 12:35,30.36
SBA,1/10/2026 12:40,30.36
SBA,1/10/2026 12:45,30.36
SBA,1/10/2026 12:50,30.36
SBA,1/10/2026 12:55,30.36
SBA,1/10/2026 13:00,30.36
SBA,1/10/2026 13:05,30.36
SBA,1/10/2026 13:10,30.36
SBA,1/10/2026 13:15,30.35
SBA,1/10/2026 13:20,30.35
SBA,1/10/2026 13:25,30.35
SBA,1/10/2026 13:30,30.35
SBA,1/10/2026 13:35,30.35
SBA,1/10/2026 13:40,30.34
SBA,1/10/2026 13:45,30.34
SBA,1/10/2026 13:50,30.34
SBA,1/10/2026 13:55,30.34
SBA,1/10/2026 14:00,30.34
SBA,1/10/2026 14:05,30.33
SBA,1/10/2026 14:10,30.33
SBA,1/10/2026 14:15,30.33
SBA,1/10/2026 14:20,30.33
SBA,1/10/2026 14:25,30.33
SBA,1/10/2026 14:30,30.33
SBA,1/10/2026 14:35,30.33
SBA,1/10/2026 14:40,30.32
SBA,1/10/2026 14:45,30.32
SBA,1/10/2026 14:50,30.32
SBA,1/10/2026 14:55,30.32
SBA,1/10/2026 15:00,30.32
SBA,1/10/2026 15:05,30.33
SBA,1/10/2026 15:10,30.33
SBA,1/10/2026 15:15,30.32
SBA,1/10/2026 15:20,30.32
SBA,1/10/2026 15:25,30.32
SBA,1/10/2026 15:30,30.32
SBA,1/10/2026 15:35,30.32
SBA,1/10/2026 15:40,30.32
SBA,1/10/2026 15:45,30.32
SBA,1/10/2026 15:50,30.32
SBA,1/10/2026 15:55,30.32
SBA,1/10/2026 16:00,30.32
SBA,1/10/2026 16:05,30.31
SBA,1/10/2026 16:10,30.31
SBA,1/10/2026 16:15,30.31
SBA,1/10/2026 16:20,30.31
SBA,1/10/2026 16:25,30.31
SBA,1/10/2026 16:30,30.31
SBA,1/10/2026 16:35,30.31
SBA,1/10/2026 16:40,30.3
SBA,1/10/2026 16:45,30.31
SBA,1/10/2026 16:50,30.31
SBA,1/10/2026 16:55,30.31
SBA,1/10/2026 17:00,30.31
SBA,1/10/2026 17:05,30.31
SBA,1/10/2026 17:10,30.31
SBA,1/10/2026 17:15,30.31
SBA,1/10/2026 17:20,30.31
SBA,1/10/2026 17:25,30.31
SBA,1/10/2026 17:30,30.31
SBA,1/10/2026 17:35,30.32
SBA,1/10/2026 17:40,30.32
SBA,1/10/2026 17:45,30.32
SBA,1/10/2026 17:50,30.32
SBA,1/10/2026 17:55,30.32
SBA,1/10/2026 18:00,30.32
SBA,1/10/2026 18:05,30.31
SBA,1/10/2026 18:10,30.31
SBA,1/10/2026 18:15,30.31
SBA,1/10/2026 18:20,30.31
SBA,1/10/2026 18:25,30.31
SBA,1/10/2026 18:30,30.31
SBA,1/10/2026 18:35,30.31
SBA,1/10/2026 18:40,30.31
SBA,1/10/2026 18:45,30.31
SBA,1/10/2026 18:50,30.31
SBA,1/10/2026 18:55,30.31
SBA,1/10/2026 19:00,30.31
SBA,1/10/2026 19:05,30.31
SBA,1/10/2026 19:10,30.31
SBA,1/10/2026 19:15,30.31
SBA,1/10/2026 19:20,30.31
SBA,1/10/2026 19:25,30.31
SBA,1/10/2026 19:30,30.31
SBA,1/10/2026 19:35,30.31
SBA,1/10/2026 19:40,30.31
SBA,1/10/2026 19:45,30.31
SBA,1/10/2026 19:50,30.31
SBA,1/10/2026 19:55,30.31
SBA,1/10/2026 20:00,30.31
SBA,1/10/2026 20:05,30.31
SBA,1/10/2026 20:10,30.31
SBA,1/10/2026 20:15,30.31
SBA,1/10/2026 20:20,30.31
SBA,1/10/2026 20:25,30.31
SBA,1/10/2026 20:30,30.31
SBA,1/10/2026 20:35,30.31
SBA,1/10/2026 20:40,30.32
SBA,1/10/2026 20:45,30.31
SBA,1/10/2026 20:50,30.31
SBA,1/10/2026 20:55,30.31
SBA,1/10/2026 21:00,30.31
SBA,1/10/2026 21:05,30.31
SBA,1/10/2026 21:10,30.31
SBA,1/10/2026 21:15,30.31
SBA,1/10/2026 21:20,30.31
SBA,1/10/2026 21:25,30.3
SBA,1/10/2026 21:30,30.3
SBA,1/10/2026 21:35,30.31
SBA,1/10/2026 21:40,30.31
SBA,1/10/2026 21:45,30.3
SBA,1/10/2026 21:50,30.31
SBA,1/10/2026 21:55,30.31
SBA,1/10/2026 22:00,30.3
SBA,1/10/2026 22:05,30.3
SBA,1/10/2026 22:10,30.3
SBA,1/10/2026 22:15,30.3
SBA,1/10/2026 22:20,30.3
SBA,1/10/2026 22:25,30.3
SBA,1/10/2026 22:30,30.3
SBA,1/10/2026 22:35,30.3
SBA,1/10/2026 22:40,30.3
SBA,1/10/2026 22:45,30.3
SBA,1/10/2026 22:50,30.3
SBA,1/10/2026 22:55,30.3
SBA,1/10/2026 23:00,30.3
SBA,1/10/2026 23:05,30.3
SBA,1/10/2026 23:10,30.3
SBA,1/10/2026 23:15,30.29
SBA,1/10/2026 23:20,30.29
SBA,1/10/2026 23:25,30.29
SBA,1/10/2026 23:30,30.29
SBA,1/10/2026 23:35,30.29
SBA,1/10/2026 23:40,30.29
SBA,1/10/2026 23:45,30.29
SBA,1/10/2026 23:50,30.29
SBA,1/10/2026 23:55,30.29
SBA,1/11/2026 0:00,30.29
SBA,1/11/2026 0:05,30.29
SBA,1/11/2026 0:10,30.29
SBA,1/11/2026 0:15,30.29
SBA,1/11/2026 0:20,30.28
SBA,1/11/2026 0:25,30.28
SBA,1/11/2026 0:30,30.28
SBA,1/11/2026 0:35,30.28
SBA,1/11/2026 0:40,30.28
SBA,1/11/2026 0:45,30.28
SBA,1/11/2026 0:50,30.28
SBA,1/11/2026 0:55,30.28
SBA,1/11/2026 1:00,30.28
SBA,1/11/2026 1:05,30.28
SBA,1/11/2026 1:10,30.28
SBA,1/11/2026 1:15,30.28
SBA,1/11/2026 1:20,30.28
SBA,1/11/2026 1:25,30.28
SBA,1/11/2026 1:30,30.27
SBA,1/11/2026 1:35,30.27
SBA,1/11/2026 1:40,30.27
SBA,1/11/2026 1:45,30.27
SBA,1/11/2026 1:50,30.27
SBA,1/11/2026 1:55,30.27
SBA,1/11/2026 2:00,30.27
SBA,1/11/2026 2:05,30.27
SBA,1/11/2026 2:10,30.27
SBA,1/11/2026 2:15,30.27
SBA,1/11/2026 2:20,30.27
SBA,1/11/2026 2:25,30.27
SBA,1/11/2026 2:30,30.27
SBA,1/11/2026 2:35,30.27
SBA,1/11/2026 2:40,30.26
SBA,1/11/2026 2:45,30.26
SBA,1/11/2026 2:50,30.26
SBA,1/11/2026 2:55,30.26
SBA,1/11/2026 3:00,30.26
SBA,1/11/2026 3:05,30.26
SBA,1/11/2026 3:10,30.26
SBA,1/11/2026 3:15,30.26
SBA,1/11/2026 3:20,30.26
SBA,1/11/2026 3:25,30.25
SBA,1/11/2026 3:30,30.25
SBA,1/11/2026 3:35,30.25
SBA,1/11/2026 3:40,30.25
SBA,1/11/2026 3:45,30.25
SBA,1/11/2026 3:50,30.25
SBA,1/11/2026 3:55,30.25
SBA,1/11/2026 4:00,30.25
SBA,1/11/2026 4:05,30.25
SBA,1/11/2026 4:10,30.25
SBA,1/11/2026 4:15,30.25
SBA,1/11/2026 4:20,30.25
SBA,1/11/2026 4:25,30.25
SBA,1/11/2026 4:30,30.25
SBA,1/11/2026 4:35,30.24
SBA,1/11/2026 4:40,30.24
SBA,1/11/2026 4:45,30.24
SBA,1/11/2026 4:50,30.24
SBA,1/11/2026 4:55,30.24
SBA,1/11/2026 5:00,30.24
SBA,1/11/2026 5:05,30.25
SBA,1/11/2026 5:10,30.25
SBA,1/11/2026 5:15,30.25
SBA,1/11/2026 5:20,30.25
SBA,1/11/2026 5:25,30.25
SBA,1/11/2026 5:30,30.25
SBA,1/11/2026 5:35,30.25
SBA,1/11/2026 5:40,30.25
SBA,1/11/2026 5:45,30.25
SBA,1/11/2026 5:50,30.25
SBA,1/11/2026 5:55,30.25
SBA,1/11/2026 6:00,30.25
SBA,1/11/2026 6:05,30.25
SBA,1/11/2026 6:10,30.25
SBA,1/11/2026 6:15,30.25
SBA,1/11/2026 6:20,30.25
SBA,1/11/2026 6:25,30.24
SBA,1/11/2026 6:30,30.24
SBA,1/11/2026 6:35,30.25
SBA,1/11/2026 6:40,30.24
SBA,1/11/2026 6:45,30.24
SBA,1/11/2026 6:50,30.25
SBA,1/11/2026 6:55,30.25
SBA,1/11/2026 7:00,30.25
SBA,1/11/2026 7:05,30.25
SBA,1/11/2026 7:10,30.25
SBA,1/11/2026 7:15,30.25
SBA,1/11/2026 7:20,30.25
SBA,1/11/2026 7:25,30.25
SBA,1/11/2026 7:30,30.26
SBA,1/11/2026 7:35,30.26
SBA,1/11/2026 7:40,30.26
SBA,1/11/2026 7:45,30.26
SBA,1/11/2026 7:50,30.26
SBA,1/11/2026 7:55,30.26
SBA,1/11/2026 8:00,30.26
SBA,1/11/2026 8:05,30.26
SBA,1/11/2026 8:10,30.26
SBA,1/11/2026 8:15,30.26
SBA,1/11/2026 8:20,30.27
SBA,1/11/2026 8:25,30.27
SBA,1/11/2026 8:30,30.27
SBA,1/11/2026 8:35,30.27
SBA,1/11/2026 8:40,30.27
SBA,1/11/2026 8:45,30.27
SBA,1/11/2026 8:50,30.27
SBA,1/11/2026 8:55,30.27
SBA,1/11/2026 9:00,30.27
SBA,1/11/2026 9:05,30.27
SBA,1/11/2026 9:10,30.27
SBA,1/11/2026 9:15,30.27
SBA,1/11/2026 9:20,30.27
SBA,1/11/2026 9:25,30.27
SBA,1/11/2026 9:30,30.27
SBA,1/11/2026 9:35,30.27
SBA,1/11/2026 9:40,30.27
SBA,1/11/2026 9:45,30.27
SBA,1/11/2026 9:50,30.27
SBA,1/11/2026 9:55,30.27
SBA,1/11/2026 10:00,30.27
SBA,1/11/2026 10:05,30.27
SBA,1/11/2026 10:10,30.27
SBA,1/11/2026 10:15,30.27
SBA,1/11/2026 10:20,30.27
SBA,1/11/2026 10:25,30.27
SBA,1/11/2026 10:30,30.27
SBA,1/11/2026 10:35,30.27
SBA,1/11/2026 10:40,30.26
SBA,1/11/2026 10:45,30.26
SBA,1/11/2026 10:50,30.26
SBA,1/11/2026 10:55,30.26
SBA,1/11/2026 11:00,30.26
SBA,1/11/2026 11:05,30.25
SBA,1/11/2026 11:10,30.25
SBA,1/11/2026 11:15,30.25
SBA,1/11/2026 11:20,30.25
SBA,1/11/2026 11:25,30.24
SBA,1/11/2026 11:30,30.24
SBA,1/11/2026 11:35,30.24
SBA,1/11/2026 11:40,30.24
SBA,1/11/2026 11:45,30.23
SBA,1/11/2026 11:50,30.23
SBA,1/11/2026 11:55,30.23
SBA,1/11/2026 12:00,30.23
SBA,1/11/2026 12:05,30.22
SBA,1/11/2026 12:10,30.22
SBA,1/11/2026 12:15,30.22
SBA,1/11/2026 12:20,30.21
SBA,1/11/2026 12:25,30.21
SBA,1/11/2026 12:30,30.21
SBA,1/11/2026 12:35,30.21
SBA,1/11/2026 12:40,30.21
SBA,1/11/2026 12:45,30.2
SBA,1/11/2026 12:50,30.2
SBA,1/11/2026 12:55,30.2
SBA,1/11/2026 13:00,30.2
SBA,1/11/2026 13:05,30.2
SBA,1/11/2026 13:10,30.2
SBA,1/11/2026 13:15,30.19
SBA,1/11/2026 13:20,30.19
SBA,1/11/2026 13:25,30.19
SBA,1/11/2026 13:30,30.19
SBA,1/11/2026 13:35,30.19
SBA,1/11/2026 13:40,30.19
SBA,1/11/2026 13:45,30.19
SBA,1/11/2026 13:50,30.19
SBA,1/11/2026 13:55,30.18
SBA,1/11/2026 14:00,30.18
SBA,1/11/2026 14:05,30.18
SBA,1/11/2026 14:10,30.18
SBA,1/11/2026 14:15,30.18
SBA,1/11/2026 14:20,30.18
SBA,1/11/2026 14:25,30.18
SBA,1/11/2026 14:30,30.17
SBA,1/11/2026 14:35,30.17
SBA,1/11/2026 14:40,30.17
SBA,1/11/2026 14:45,30.17
SBA,1/11/2026 14:50,30.17
SBA,1/11/2026 14:55,30.17
SBA,1/11/2026 15:00,30.17
SBA,1/11/2026 15:05,30.17
SBA,1/11/2026 15:10,30.16
SBA,1/11/2026 15:15,30.16
SBA,1/11/2026 15:20,30.16
SBA,1/11/2026 15:25,30.16
SBA,1/11/2026 15:30,30.16
SBA,1/11/2026 15:35,30.16
SBA,1/11/2026 15:40,30.16
SBA,1/11/2026 15:45,30.16
SBA,1/11/2026 15:50,30.16
SBA,1/11/2026 15:55,30.16
SBA,1/11/2026 16:00,30.16
SBA,1/11/2026 16:05,30.16
SBA,1/11/2026 16:10,30.16
SBA,1/11/2026 16:15,30.17
SBA,1/11/2026 16:20,30.16
SBA,1/11/2026 16:25,30.16
SBA,1/11/2026 16:30,30.16
SBA,1/11/2026 16:35,30.16
SBA,1/11/2026 16:40,30.16
SBA,1/11/2026 16:45,30.16
SBA,1/11/2026 16:50,30.16
SBA,1/11/2026 16:55,30.16
SBA,1/11/2026 17:00,30.16
SBA,1/11/2026 17:05,30.16
SBA,1/11/2026 17:10,30.16
SBA,1/11/2026 17:15,30.16
SBA,1/11/2026 17:20,30.16
SBA,1/11/2026 17:25,30.17
SBA,1/11/2026 17:30,30.17
SBA,1/11/2026 17:35,30.17
SBA,1/11/2026 17:40,30.17
SBA,1/11/2026 17:45,30.17
SBA,1/11/2026 17:50,30.17
SBA,1/11/2026 17:55,30.17
SBA,1/11/2026 18:00,30.17
SBA,1/11/2026 18:05,30.18
SBA,1/11/2026 18:10,30.18
SBA,1/11/2026 18:15,30.18
SBA,1/11/2026 18:20,30.18
SBA,1/11/2026 18:25,30.18
SBA,1/11/2026 18:30,30.18
SBA,1/11/2026 18:35,30.18
SBA,1/11/2026 18:40,30.19
SBA,1/11/2026 18:45,30.18
SBA,1/11/2026 18:50,30.18
SBA,1/11/2026 18:55,30.19
SBA,1/11/2026 19:00,30.19
SBA,1/11/2026 19:05,30.19
SBA,1/11/2026 19:10,30.19
SBA,1/11/2026 19:15,30.19
SBA,1/11/2026 19:20,30.19
SBA,1/11/2026 19:25,30.19
SBA,1/11/2026 19:30,30.2
SBA,1/11/2026 19:35,30.2
SBA,1/11/2026 19:40,30.2
SBA,1/11/2026 19:45,30.2
SBA,1/11/2026 19:50,30.2
SBA,1/11/2026 19:55,30.2
SBA,1/11/2026 20:00,30.2
SBA,1/11/2026 20:05,30.2
SBA,1/11/2026 20:10,30.2
SBA,1/11/2026 20:15,30.2
SBA,1/11/2026 20:20,30.2
SBA,1/11/2026 20:25,30.21
SBA,1/11/2026 20:30,30.21
SBA,1/11/2026 20:35,30.21
SBA,1/11/2026 20:40,30.21
SBA,1/11/2026 20:45,30.21
SBA,1/11/2026 20:50,30.21
SBA,1/11/2026 20:55,30.21
SBA,1/11/2026 21:00,30.21
SBA,1/11/2026 21:05,30.21
SBA,1/11/2026 21:10,30.21
SBA,1/11/2026 21:15,30.21
SBA,1/11/2026 21:20,30.22
SBA,1/11/2026 21:25,30.22
SBA,1/11/2026 21:30,30.22
SBA,1/11/2026 21:35,30.21
SBA,1/11/2026 21:40,30.22
SBA,1/11/2026 21:45,30.22
SBA,1/11/2026 21:50,30.21
SBA,1/11/2026 21:55,30.21
SBA,1/11/2026 22:00,30.22
SBA,1/11/2026 22:05,30.22
SBA,1/11/2026 22:10,30.22
SBA,1/11/2026 22:15,30.22
SBA,1/11/2026 22:20,30.21
SBA,1/11/2026 22:25,30.22
SBA,1/11/2026 22:30,30.22
SBA,1/11/2026 22:35,30.22
SBA,1/11/2026 22:40,30.22
SBA,1/11/2026 22:45,30.22
SBA,1/11/2026 22:50,30.22
SBA,1/11/2026 22:55,30.22
SBA,1/11/2026 23:00,30.22
SBA,1/11/2026 23:05,30.22
SBA,1/11/2026 23:10,30.22
SBA,1/11/2026 23:15,30.22
SBA,1/11/2026 23:20,30.22
SBA,1/11/2026 23:25,30.22
SBA,1/11/2026 23:30,30.22
SBA,1/11/2026 23:35,30.22
SBA,1/11/2026 23:40,30.22
SBA,1/11/2026 23:45,30.22
SBA,1/11/2026 23:50,30.22
SBA,1/11/2026 23:55,30.22
SBA,1/12/2026 0:00,30.22
SBA,1/12/2026 0:05,30.22
SBA,1/12/2026 0:10,30.22
SBA,1/12/2026 0:15,30.22
SBA,1/12/2026 0:20,30.22
SBA,1/12/2026 0:25,30.22
SBA,1/12/2026 0:30,30.22
SBA,1/12/2026 0:35,30.22
SBA,1/12/2026 0:40,30.22
SBA,1/12/2026 0:45,30.22
SBA,1/12/2026 0:50,30.22
SBA,1/12/2026 0:55,30.22
SBA,1/12/2026 1:00,30.22
SBA,1/12/2026 1:05,30.22
SBA,1/12/2026 1:10,30.22
SBA,1/12/2026 1:15,30.22
SBA,1/12/2026 1:20,30.22
SBA,1/12/2026 1:25,30.22
SBA,1/12/2026 1:30,30.22
SBA,1/12/2026 1:35,30.22
SBA,1/12/2026 1:40,30.22
SBA,1/12/2026 1:45,30.22
SBA,1/12/2026 1:50,30.22
SBA,1/12/2026 1:55,30.22
SBA,1/12/2026 2:00,30.22
SBA,1/12/2026 2:05,30.22
SBA,1/12/2026 2:10,30.22
SBA,1/12/2026 2:15,30.22
SBA,1/12/2026 2:20,30.22
SBA,1/12/2026 2:25,30.22
SBA,1/12/2026 2:30,30.22
SBA,1/12/2026 2:35,30.22
SBA,1/12/2026 2:40,30.22
SBA,1/12/2026 2:45,30.22
SBA,1/12/2026 2:50,30.22
SBA,1/12/2026 2:55,30.22
SBA,1/12/2026 3:00,30.22
SBA,1/12/2026 3:05,30.22
SBA,1/12/2026 3:10,30.22
SBA,1/12/2026 3:15,30.21
SBA,1/12/2026 3:20,30.21
SBA,1/12/2026 3:25,30.21
SBA,1/12/2026 3:30,30.21
SBA,1/12/2026 3:35,30.21
SBA,1/12/2026 3:40,30.21
SBA,1/12/2026 3:45,30.21
SBA,1/12/2026 3:50,30.21
SBA,1/12/2026 3:55,30.21
SBA,1/12/2026 4:00,30.21
SBA,1/12/2026 4:05,30.2
SBA,1/12/2026 4:10,30.21
SBA,1/12/2026 4:15,30.21
SBA,1/12/2026 4:20,30.21
SBA,1/12/2026 4:25,30.21
SBA,1/12/2026 4:30,30.21
SBA,1/12/2026 4:35,30.21
SBA,1/12/2026 4:40,30.21
SBA,1/12/2026 4:45,30.21
SBA,1/12/2026 4:50,30.21
SBA,1/12/2026 4:55,30.21
SBA,1/12/2026 5:00,30.21
SBA,1/12/2026 5:05,30.21
SBA,1/12/2026 5:10,30.21
SBA,1/12/2026 5:15,30.21
SBA,1/12/2026 5:20,30.21
SBA,1/12/2026 5:25,30.21
SBA,1/12/2026 5:30,30.21
SBA,1/12/2026 5:35,30.21
SBA,1/12/2026 5:40,30.21
SBA,1/12/2026 5:45,30.21
SBA,1/12/2026 5:50,30.21
SBA,1/12/2026 5:55,30.21
SBA,1/12/2026 6:00,30.21
SBA,1/12/2026 6:05,30.21
SBA,1/12/2026 6:10,30.21
SBA,1/12/2026 6:15,30.21
SBA,1/12/2026 6:20,30.21
SBA,1/12/2026 6:25,30.21
SBA,1/12/2026 6:30,30.21
SBA,1/12/2026 6:35,30.22
SBA,1/12/2026 6:40,30.22
SBA,1/12/2026 6:45,30.22
SBA,1/12/2026 6:50,30.22
SBA,1/12/2026 6:55,30.22
SBA,1/12/2026 7:00,30.21
SBA,1/12/2026 7:05,30.22
SBA,1/12/2026 7:10,30.22
SBA,1/12/2026 7:15,30.21
SBA,1/12/2026 7:20,30.22
SBA,1/12/2026 7:25,30.22
SBA,1/12/2026 7:30,30.21
SBA,1/12/2026 7:35,30.22
SBA,1/12/2026 7:40,30.22
SBA,1/12/2026 7:45,30.22
SBA,1/12/2026 7:50,30.22
SBA,1/12/2026 7:55,30.22
SBA,1/12/2026 8:00,30.22
SBA,1/12/2026 8:05,30.22
SBA,1/12/2026 8:10,30.22
SBA,1/12/2026 8:15,30.23
SBA,1/12/2026 8:20,30.22
SBA,1/12/2026 8:25,30.23
SBA,1/12/2026 8:30,30.23
SBA,1/12/2026 8:35,30.23
SBA,1/12/2026 8:40,30.23
SBA,1/12/2026 8:45,30.23
SBA,1/12/2026 8:50,30.23
SBA,1/12/2026 8:55,30.23
SBA,1/12/2026 9:00,30.23
SBA,1/12/2026 9:05,30.24
SBA,1/12/2026 9:10,30.24
SBA,1/12/2026 9:15,30.24
SBA,1/12/2026 9:20,30.24
SBA,1/12/2026 9:25,30.24
SBA,1/12/2026 9:30,30.24
SBA,1/12/2026 9:35,30.24
SBA,1/12/2026 9:40,30.24
SBA,1/12/2026 9:45,30.24
SBA,1/12/2026 9:50,30.24
SBA,1/12/2026 9:55,30.25
SBA,1/12/2026 10:00,30.25
SBA,1/12/2026 10:05,30.24
SBA,1/12/2026 10:10,30.24
SBA,1/12/2026 10:15,30.24
SBA,1/12/2026 10:20,30.24
SBA,1/12/2026 10:25,30.24
SBA,1/12/2026 10:30,30.24
SBA,1/12/2026 10:35,30.24
SBA,1/12/2026 10:40,30.24
SBA,1/12/2026 10:45,30.24
SBA,1/12/2026 10:50,30.24
SBA,1/12/2026 10:55,30.24
SBA,1/12/2026 11:00,30.23
SBA,1/12/2026 11:05,30.23
SBA,1/12/2026 11:10,30.23
SBA,1/12/2026 11:15,30.22
SBA,1/12/2026 11:20,30.22
SBA,1/12/2026 11:25,30.22
SBA,1/12/2026 11:30,30.22
SBA,1/12/2026 11:35,30.21
SBA,1/12/2026 11:40,30.21
SBA,1/12/2026 11:45,30.21
SBA,1/12/2026 11:50,30.21
SBA,1/12/2026 11:55,30.21
SBA,1/12/2026 12:00,30.2
SBA,1/12/2026 12:05,30.2
SBA,1/12/2026 12:10,30.2
SBA,1/12/2026 12:15,30.2
SBA,1/12/2026 12:20,30.19
SBA,1/12/2026 12:25,30.19
SBA,1/12/2026 12:30,30.19
SBA,1/12/2026 12:35,30.19
SBA,1/12/2026 12:40,30.18
SBA,1/12/2026 12:45,30.18
SBA,1/12/2026 12:50,30.18
SBA,1/12/2026 12:55,30.18
SBA,1/12/2026 13:00,30.18
SBA,1/12/2026 13:05,30.18
SBA,1/12/2026 13:10,30.17
SBA,1/12/2026 13:15,30.17
SBA,1/12/2026 13:20,30.17
SBA,1/12/2026 13:25,30.17
SBA,1/12/2026 13:30,30.17
SBA,1/12/2026 13:35,30.17
SBA,1/12/2026 13:40,30.16
SBA,1/12/2026 13:45,30.16
SBA,1/12/2026 13:50,30.16
SBA,1/12/2026 13:55,30.16
SBA,1/12/2026 14:00,30.16
SBA,1/12/2026 14:05,30.16
SBA,1/12/2026 14:10,30.16
SBA,1/12/2026 14:15,30.16
SBA,1/12/2026 14:20,30.16
SBA,1/12/2026 14:25,30.16
SBA,1/12/2026 14:30,30.16
SBA,1/12/2026 14:35,30.16
SBA,1/12/2026 14:40,30.15
SBA,1/12/2026 14:45,30.15
SBA,1/12/2026 14:50,30.15
SBA,1/12/2026 14:55,30.15
SBA,1/12/2026 15:00,30.15
SBA,1/12/2026 15:05,30.15
SBA,1/12/2026 15:10,30.15
SBA,1/12/2026 15:15,30.15
SBA,1/12/2026 15:20,30.15
SBA,1/12/2026 15:25,30.15
SBA,1/12/2026 15:30,30.15
SBA,1/12/2026 15:35,30.14
SBA,1/12/2026 15:40,30.15
SBA,1/12/2026 15:45,30.15
SBA,1/12/2026 15:50,30.15
SBA,1/12/2026 15:55,30.15
SBA,1/12/2026 16:00,30.15
SBA,1/12/2026 16:05,30.15
SBA,1/12/2026 16:10,30.15
SBA,1/12/2026 16:15,30.15
SBA,1/12/2026 16:20,30.15
SBA,1/12/2026 16:25,30.15
SBA,1/12/2026 16:30,30.15
SBA,1/12/2026 16:35,30.15
SBA,1/12/2026 16:40,30.15
SBA,1/12/2026 16:45,30.15
SBA,1/12/2026 16:50,30.15
SBA,1/12/2026 16:55,30.15
SBA,1/12/2026 17:00,30.15
SBA,1/12/2026 17:05,30.15
SBA,1/12/2026 17:10,30.15
SBA,1/12/2026 17:15,30.15
SBA,1/12/2026 17:20,30.15
SBA,1/12/2026 17:25,30.15
SBA,1/12/2026 17:30,30.15
SBA,1/12/2026 17:35,30.15
SBA,1/12/2026 17:40,30.16
SBA,1/12/2026 17:45,30.16
SBA,1/12/2026 17:50,30.16
SBA,1/12/2026 17:55,30.16
SBA,1/12/2026 18:00,30.16
SBA,1/12/2026 18:05,30.17
SBA,1/12/2026 18:10,30.17
SBA,1/12/2026 18:15,30.16
SBA,1/12/2026 18:20,30.16
SBA,1/12/2026 18:25,30.17
SBA,1/12/2026 18:30,30.17
SBA,1/12/2026 18:35,30.17
SBA,1/12/2026 18:40,30.17
SBA,1/12/2026 18:45,30.17
SBA,1/12/2026 18:50,30.17
SBA,1/12/2026 18:55,30.17
SBA,1/12/2026 19:00,30.17
SBA,1/12/2026 19:05,30.17
SBA,1/12/2026 19:10,30.17
SBA,1/12/2026 19:15,30.17
SBA,1/12/2026 19:20,30.18
SBA,1/12/2026 19:25,30.18
SBA,1/12/2026 19:30,30.18
SBA,1/12/2026 19:35,30.18
SBA,1/12/2026 19:40,30.18
SBA,1/12/2026 19:45,30.18
SBA,1/12/2026 19:50,30.18
SBA,1/12/2026 19:55,30.18
SBA,1/12/2026 20:00,30.18
SBA,1/12/2026 20:05,30.18
SBA,1/12/2026 20:10,30.18
SBA,1/12/2026 20:15,30.18
SBA,1/12/2026 20:20,30.19
SBA,1/12/2026 20:25,30.18
SBA,1/12/2026 20:30,30.19
SBA,1/12/2026 20:35,30.19
SBA,1/12/2026 20:40,30.19
SBA,1/12/2026 20:45,30.2
SBA,1/12/2026 20:50,30.2
SBA,1/12/2026 20:55,30.2
SBA,1/12/2026 21:00,30.2
SBA,1/12/2026 21:05,30.19
SBA,1/12/2026 21:10,30.2
SBA,1/12/2026 21:15,30.2
SBA,1/12/2026 21:20,30.2
SBA,1/12/2026 21:25,30.19
SBA,1/12/2026 21:30,30.2
SBA,1/12/2026 21:35,30.19
SBA,1/12/2026 21:40,30.2
SBA,1/12/2026 21:45,30.19
SBA,1/12/2026 21:50,30.19
SBA,1/12/2026 21:55,30.19
SBA,1/12/2026 22:00,30.19
SBA,1/12/2026 22:05,30.19
SBA,1/12/2026 22:10,30.19
SBA,1/12/2026 22:15,30.19
SBA,1/12/2026 22:20,30.19
SBA,1/12/2026 22:25,30.19
SBA,1/12/2026 22:30,30.19
SBA,1/12/2026 22:35,30.19
SBA,1/12/2026 22:40,30.19
SBA,1/12/2026 22:45,30.18
SBA,1/12/2026 22:50,30.18
SBA,1/12/2026 22:55,30.18
SBA,1/12/2026 23:00,30.18
SBA,1/12/2026 23:05,30.18
SBA,1/12/2026 23:10,30.18
SBA,1/12/2026 23:15,30.18
SBA,1/12/2026 23:20,30.18
SBA,1/12/2026 23:25,30.18
SBA,1/12/2026 23:30,30.18
SBA,1/12/2026 23:35,30.18
SBA,1/12/2026 23:40,30.18
SBA,1/12/2026 23:45,30.18
SBA,1/12/2026 23:50,30.18
SBA,1/12/2026 23:55,30.18
SBA,1/13/2026 0:00,30.18
SBA,1/13/2026 0:05,30.18
SBA,1/13/2026 0:10,30.18
SBA,1/13/2026 0:15,30.18
SBA,1/13/2026 0:20,30.18
SBA,1/13/2026 0:25,30.18
SBA,1/13/2026 0:30,30.18
SBA,1/13/2026 0:35,30.18
SBA,1/13/2026 0:40,30.18
SBA,1/13/2026 0:45,30.18
SBA,1/13/2026 0:50,30.18
SBA,1/13/2026 0:55,30.18
SBA,1/13/2026 1:00,30.18
SBA,1/13/2026 1:05,30.18
SBA,1/13/2026 1:10,30.18
SBA,1/13/2026 1:15,30.18
SBA,1/13/2026 1:20,30.18
SBA,1/13/2026 1:25,30.18
SBA,1/13/2026 1:30,30.18
SBA,1/13/2026 1:35,30.18
SBA,1/13/2026 1:40,30.18
SBA,1/13/2026 1:45,30.18
SBA,1/13/2026 1:50,30.18
SBA,1/13/2026 1:55,30.18
SBA,1/13/2026 2:00,30.18
SBA,1/13/2026 2:05,30.18
SBA,1/13/2026 2:10,30.18
SBA,1/13/2026 2:15,30.18
SBA,1/13/2026 2:20,30.18
SBA,1/13/2026 2:25,30.18
SBA,1/13/2026 2:30,30.18
SBA,1/13/2026 2:35,30.18
SBA,1/13/2026 2:40,30.18
SBA,1/13/2026 2:45,30.18
SBA,1/13/2026 2:50,30.18
SBA,1/13/2026 2:55,30.18
SBA,1/13/2026 3:00,30.18
SBA,1/13/2026 3:05,30.18
SBA,1/13/2026 3:10,30.17
SBA,1/13/2026 3:15,30.18
SBA,1/13/2026 3:20,30.17
SBA,1/13/2026 3:25,30.17
SBA,1/13/2026 3:30,30.17
SBA,1/13/2026 3:35,30.17
SBA,1/13/2026 3:40,30.17
SBA,1/13/2026 3:45,30.17
SBA,1/13/2026 3:50,30.17
SBA,1/13/2026 3:55,30.17
SBA,1/13/2026 4:00,30.17
SBA,1/13/2026 4:05,30.17
SBA,1/13/2026 4:10,30.17
SBA,1/13/2026 4:15,30.17
SBA,1/13/2026 4:20,30.16
SBA,1/13/2026 4:25,30.16
SBA,1/13/2026 4:30,30.16
SBA,1/13/2026 4:35,30.16
SBA,1/13/2026 4:40,30.16
SBA,1/13/2026 4:45,30.16
SBA,1/13/2026 4:50,30.16
SBA,1/13/2026 4:55,30.16
SBA,1/13/2026 5:00,30.16
SBA,1/13/2026 5:05,30.17
SBA,1/13/2026 5:10,30.17
SBA,1/13/2026 5:15,30.17
SBA,1/13/2026 5:20,30.17
SBA,1/13/2026 5:25,30.17
SBA,1/13/2026 5:30,30.17
SBA,1/13/2026 5:35,30.18
SBA,1/13/2026 5:40,30.18
SBA,1/13/2026 5:45,30.18
SBA,1/13/2026 5:50,30.18
SBA,1/13/2026 5:55,30.18
SBA,1/13/2026 6:00,30.18
SBA,1/13/2026 6:05,30.18
SBA,1/13/2026 6:10,30.18
SBA,1/13/2026 6:15,30.18
SBA,1/13/2026 6:20,30.18
SBA,1/13/2026 6:25,30.18
SBA,1/13/2026 6:30,30.19
SBA,1/13/2026 6:35,30.19
SBA,1/13/2026 6:40,30.19
SBA,1/13/2026 6:45,30.19
SBA,1/13/2026 6:50,30.19
SBA,1/13/2026 6:55,30.19
SBA,1/13/2026 7:00,30.19
SBA,1/13/2026 7:05,30.19
SBA,1/13/2026 7:10,30.19
SBA,1/13/2026 7:15,30.19
SBA,1/13/2026 7:20,30.19
SBA,1/13/2026 7:25,30.2
SBA,1/13/2026 7:30,30.19
SBA,1/13/2026 7:35,30.19
SBA,1/13/2026 7:40,30.2
SBA,1/13/2026 7:45,30.2
SBA,1/13/2026 7:50,30.2
SBA,1/13/2026 7:55,30.2
SBA,1/13/2026 8:00,30.2
SBA,1/13/2026 8:05,30.2
SBA,1/13/2026 8:10,30.2
SBA,1/13/2026 8:15,30.2
SBA,1/13/2026 8:20,30.2
SBA,1/13/2026 8:25,30.2
SBA,1/13/2026 8:30,30.2
SBA,1/13/2026 8:35,30.2
SBA,1/13/2026 8:40,30.2
SBA,1/13/2026 8:45,30.2
SBA,1/13/2026 8:50,30.2
SBA,1/13/2026 8:55,30.2
SBA,1/13/2026 9:00,30.2
SBA,1/13/2026 9:05,30.21
SBA,1/13/2026 9:10,30.21
SBA,1/13/2026 9:15,30.21
SBA,1/13/2026 9:20,30.21
SBA,1/13/2026 9:25,30.21
SBA,1/13/2026 9:30,30.21
SBA,1/13/2026 9:35,30.21
SBA,1/13/2026 9:40,30.21
SBA,1/13/2026 9:45,30.22
SBA,1/13/2026 9:50,30.22
SBA,1/13/2026 9:55,30.22
SBA,1/13/2026 10:00,30.22
SBA,1/13/2026 10:05,30.22
SBA,1/13/2026 10:10,30.22
SBA,1/13/2026 10:15,30.22
SBA,1/13/2026 10:20,30.22
SBA,1/13/2026 10:25,30.22
SBA,1/13/2026 10:30,30.22
SBA,1/13/2026 10:35,30.22
SBA,1/13/2026 10:40,30.22
SBA,1/13/2026 10:45,30.22
SBA,1/13/2026 10:50,30.22
SBA,1/13/2026 10:55,30.22
SBA,1/13/2026 11:00,30.22
SBA,1/13/2026 11:05,30.21
SBA,1/13/2026 11:10,30.21
SBA,1/13/2026 11:15,30.21
SBA,1/13/2026 11:20,30.21
SBA,1/13/2026 11:25,30.21
SBA,1/13/2026 11:30,30.21
SBA,1/13/2026 11:35,30.21
SBA,1/13/2026 11:40,30.2
SBA,1/13/2026 11:45,30.2
SBA,1/13/2026 11:50,30.2
SBA,1/13/2026 11:55,30.2
SBA,1/13/2026 12:00,30.19
SBA,1/13/2026 12:05,30.19
SBA,1/13/2026 12:10,30.19
SBA,1/13/2026 12:15,30.19
SBA,1/13/2026 12:20,30.19
SBA,1/13/2026 12:25,30.19
SBA,1/13/2026 12:30,30.19
SBA,1/13/2026 12:35,30.18
SBA,1/13/2026 12:40,30.18
SBA,1/13/2026 12:45,30.18
SBA,1/13/2026 12:50,30.18
SBA,1/13/2026 12:55,30.18
SBA,1/13/2026 13:00,30.18
SBA,1/13/2026 13:05,30.17
SBA,1/13/2026 13:10,30.17
SBA,1/13/2026 13:15,30.17
SBA,1/13/2026 13:20,30.17
SBA,1/13/2026 13:25,30.17
SBA,1/13/2026 13:30,30.17
SBA,1/13/2026 13:35,30.16
SBA,1/13/2026 13:40,30.17
SBA,1/13/2026 13:45,30.16
SBA,1/13/2026 13:50,30.16
SBA,1/13/2026 13:55,30.16
SBA,1/13/2026 14:00,30.16
SBA,1/13/2026 14:05,30.16
SBA,1/13/2026 14:10,30.16
SBA,1/13/2026 14:15,30.16
SBA,1/13/2026 14:20,30.15
SBA,1/13/2026 14:25,30.15
SBA,1/13/2026 14:30,30.15
SBA,1/13/2026 14:35,30.15
SBA,1/13/2026 14:40,30.15
SBA,1/13/2026 14:45,30.15
SBA,1/13/2026 14:50,30.15
SBA,1/13/2026 14:55,30.15
SBA,1/13/2026 15:00,30.15
SBA,1/13/2026 15:05,30.15
SBA,1/13/2026 15:10,30.14
SBA,1/13/2026 15:15,30.14
SBA,1/13/2026 15:20,30.14
SBA,1/13/2026 15:25,30.14
SBA,1/13/2026 15:30,30.14
SBA,1/13/2026 15:35,30.14
SBA,1/13/2026 15:40,30.14
SBA,1/13/2026 15:45,30.14
SBA,1/13/2026 15:50,30.14
SBA,1/13/2026 15:55,30.14
SBA,1/13/2026 16:00,30.14
SBA,1/13/2026 16:05,30.14
SBA,1/13/2026 16:10,30.14
SBA,1/13/2026 16:15,30.14
SBA,1/13/2026 16:20,30.14
SBA,1/13/2026 16:25,30.14
SBA,1/13/2026 16:30,30.14
SBA,1/13/2026 16:35,30.14
SBA,1/13/2026 16:40,30.14
SBA,1/13/2026 16:45,30.14
SBA,1/13/2026 16:50,30.14
SBA,1/13/2026 16:55,30.14
SBA,1/13/2026 17:00,30.14
SBA,1/13/2026 17:05,30.13
SBA,1/13/2026 17:10,30.14
SBA,1/13/2026 17:15,30.14
SBA,1/13/2026 17:20,30.14
SBA,1/13/2026 17:25,30.14
SBA,1/13/2026 17:30,30.14
SBA,1/13/2026 17:35,30.14
SBA,1/13/2026 17:40,30.14
SBA,1/13/2026 17:45,30.14
SBA,1/13/2026 17:50,30.14
SBA,1/13/2026 17:55,30.14
SBA,1/13/2026 18:00,30.14
SBA,1/13/2026 18:05,30.14
SBA,1/13/2026 18:10,30.14
SBA,1/13/2026 18:15,30.14
SBA,1/13/2026 18:20,30.14
SBA,1/13/2026 18:25,30.14
SBA,1/13/2026 18:30,30.14
SBA,1/13/2026 18:35,30.14
SBA,1/13/2026 18:40,30.14
SBA,1/13/2026 18:45,30.15
SBA,1/13/2026 18:50,30.15
SBA,1/13/2026 18:55,30.15
SBA,1/13/2026 19:00,30.15
SBA,1/13/2026 19:05,30.16
SBA,1/13/2026 19:10,30.16
SBA,1/13/2026 19:15,30.16
SBA,1/13/2026 19:20,30.16
SBA,1/13/2026 19:25,30.16
SBA,1/13/2026 19:30,30.16
SBA,1/13/2026 19:35,30.16
SBA,1/13/2026 19:40,30.16
SBA,1/13/2026 19:45,30.16
SBA,1/13/2026 19:50,30.16
SBA,1/13/2026 19:55,30.16
SBA,1/13/2026 20:00,30.16
SBA,1/13/2026 20:05,30.16
SBA,1/13/2026 20:10,30.16
SBA,1/13/2026 20:15,30.16
SBA,1/13/2026 20:20,30.16
SBA,1/13/2026 20:25,30.16
SBA,1/13/2026 20:30,30.16
SBA,1/13/2026 20:35,30.16
SBA,1/13/2026 20:40,30.16
SBA,1/13/2026 20:45,30.16
SBA,1/13/2026 20:50,30.17
SBA,1/13/2026 20:55,30.16
SBA,1/13/2026 21:00,30.17
SBA,1/13/2026 21:05,30.17
SBA,1/13/2026 21:10,30.17
SBA,1/13/2026 21:15,30.17
SBA,1/13/2026 21:20,30.17
SBA,1/13/2026 21:25,30.17
SBA,1/13/2026 21:30,30.17
SBA,1/13/2026 21:35,30.17
SBA,1/13/2026 21:40,30.17
SBA,1/13/2026 21:45,30.16
SBA,1/13/2026 21:50,30.16
SBA,1/13/2026 21:55,30.16
SBA,1/13/2026 22:00,30.16
SBA,1/13/2026 22:05,30.17
SBA,1/13/2026 22:10,30.17
SBA,1/13/2026 22:15,30.17
SBA,1/13/2026 22:20,30.17
SBA,1/13/2026 22:25,30.17
SBA,1/13/2026 22:30,30.17
SBA,1/13/2026 22:35,30.17
SBA,1/13/2026 22:40,30.17
SBA,1/13/2026 22:45,30.18
SBA,1/13/2026 22:50,30.18
SBA,1/13/2026 22:55,30.17
SBA,1/13/2026 23:00,30.17
SBA,1/13/2026 23:05,30.17
SBA,1/13/2026 23:10,30.17
SBA,1/13/2026 23:15,30.17
SBA,1/13/2026 23:20,30.17
SBA,1/13/2026 23:25,30.17
SBA,1/13/2026 23:30,30.17
SBA,1/13/2026 23:35,30.17
SBA,1/13/2026 23:40,30.16
SBA,1/13/2026 23:45,30.16
SBA,1/13/2026 23:50,30.16
SBA,1/13/2026 23:55,30.16
SBA,1/14/2026 0:00,30.16
SBA,1/14/2026 0:05,30.16
SBA,1/14/2026 0:10,30.16
SBA,1/14/2026 0:15,30.16
SBA,1/14/2026 0:20,30.16
SBA,1/14/2026 0:25,30.16
SBA,1/14/2026 0:30,30.16
SBA,1/14/2026 0:35,30.16
SBA,1/14/2026 0:40,30.16
SBA,1/14/2026 0:45,30.16
SBA,1/14/2026 0:50,30.16
SBA,1/14/2026 0:55,30.16
SBA,1/14/2026 1:00,30.16
SBA,1/14/2026 1:05,30.16
SBA,1/14/2026 1:10,30.16
SBA,1/14/2026 1:15,30.16
SBA,1/14/2026 1:20,30.16
SBA,1/14/2026 1:25,30.16
SBA,1/14/2026 1:30,30.16
SBA,1/14/2026 1:35,30.16
SBA,1/14/2026 1:40,30.16
SBA,1/14/2026 1:45,30.16
SBA,1/14/2026 1:50,30.16
SBA,1/14/2026 1:55,30.16
SBA,1/14/2026 2:00,30.17
SBA,1/14/2026 2:05,30.17
SBA,1/14/2026 2:10,30.17
SBA,1/14/2026 2:15,30.17
SBA,1/14/2026 2:20,30.17
SBA,1/14/2026 2:25,30.17
SBA,1/14/2026 2:30,30.16
SBA,1/14/2026 2:35,30.16
SBA,1/14/2026 2:40,30.16
SBA,1/14/2026 2:45,30.16
SBA,1/14/2026 2:50,30.15
SBA,1/14/2026 2:55,30.15
SBA,1/14/2026 3:00,30.15
SBA,1/14/2026 3:05,30.15
SBA,1/14/2026 3:10,30.15
SBA,1/14/2026 3:15,30.15
SBA,1/14/2026 3:20,30.15
SBA,1/14/2026 3:25,30.15
SBA,1/14/2026 3:30,30.15
SBA,1/14/2026 3:35,30.14
SBA,1/14/2026 3:40,30.15
SBA,1/14/2026 3:45,30.14
SBA,1/14/2026 3:50,30.14
SBA,1/14/2026 3:55,30.14
SBA,1/14/2026 4:00,30.14
SBA,1/14/2026 4:05,30.14
SBA,1/14/2026 4:10,30.13
SBA,1/14/2026 4:15,30.13
SBA,1/14/2026 4:20,30.13
SBA,1/14/2026 4:25,30.13
SBA,1/14/2026 4:30,30.13
SBA,1/14/2026 4:35,30.13
SBA,1/14/2026 4:40,30.12
SBA,1/14/2026 4:45,30.12
SBA,1/14/2026 4:50,30.12
SBA,1/14/2026 4:55,30.12
SBA,1/14/2026 5:00,30.12
SBA,1/14/2026 5:05,30.12
SBA,1/14/2026 5:10,30.12
SBA,1/14/2026 5:15,30.13
SBA,1/14/2026 5:20,30.12
SBA,1/14/2026 5:25,30.12
SBA,1/14/2026 5:30,30.12
SBA,1/14/2026 5:35,30.13
SBA,1/14/2026 5:40,30.12
SBA,1/14/2026 5:45,30.13
SBA,1/14/2026 5:50,30.13
SBA,1/14/2026 5:55,30.13
SBA,1/14/2026 6:00,30.13
SBA,1/14/2026 6:05,30.13
SBA,1/14/2026 6:10,30.13
SBA,1/14/2026 6:15,30.13
SBA,1/14/2026 6:20,30.13
SBA,1/14/2026 6:25,30.13
SBA,1/14/2026 6:30,30.14
SBA,1/14/2026 6:35,30.14
SBA,1/14/2026 6:40,30.14
SBA,1/14/2026 6:45,30.14
SBA,1/14/2026 6:50,30.14
SBA,1/14/2026 6:55,30.14
SBA,1/14/2026 7:00,30.14
SBA,1/14/2026 7:05,30.14
SBA,1/14/2026 7:10,30.14
SBA,1/14/2026 7:15,30.14
SBA,1/14/2026 7:20,30.14
SBA,1/14/2026 7:25,30.14
SBA,1/14/2026 7:30,30.14
SBA,1/14/2026 7:35,30.14
SBA,1/14/2026 7:40,30.14
SBA,1/14/2026 7:45,30.14
SBA,1/14/2026 7:50,30.15
SBA,1/14/2026 7:55,30.15
SBA,1/14/2026 8:00,30.15
SBA,1/14/2026 8:05,30.14
SBA,1/14/2026 8:10,30.14
SBA,1/14/2026 8:15,30.14
SBA,1/14/2026 8:20,30.15
SBA,1/14/2026 8:25,30.15
SBA,1/14/2026 8:30,30.15
SBA,1/14/2026 8:35,30.15
SBA,1/14/2026 8:40,30.15
SBA,1/14/2026 8:45,30.15
SBA,1/14/2026 8:50,30.15
SBA,1/14/2026 8:55,30.15
SBA,1/14/2026 9:00,30.15
SBA,1/14/2026 9:05,30.15
SBA,1/14/2026 9:10,30.15
SBA,1/14/2026 9:15,30.16
SBA,1/14/2026 9:20,30.15
SBA,1/14/2026 9:25,30.15
SBA,1/14/2026 9:30,30.16
SBA,1/14/2026 9:35,30.16
SBA,1/14/2026 9:40,30.15
SBA,1/14/2026 9:45,30.16
SBA,1/14/2026 9:50,30.16
SBA,1/14/2026 9:55,30.16
SBA,1/14/2026 10:00,30.16
SBA,1/14/2026 10:05,30.16
SBA,1/14/2026 10:10,30.15
SBA,1/14/2026 10:15,30.15
SBA,1/14/2026 10:20,30.15
SBA,1/14/2026 10:25,30.15
SBA,1/14/2026 10:30,30.15
SBA,1/14/2026 10:35,30.14
SBA,1/14/2026 10:40,30.14
SBA,1/14/2026 10:45,30.13
SBA,1/14/2026 10:50,30.13
SBA,1/14/2026 10:55,30.13
SBA,1/14/2026 11:00,30.13
SBA,1/14/2026 11:05,30.12
SBA,1/14/2026 11:10,30.12
SBA,1/14/2026 11:15,30.12
SBA,1/14/2026 11:20,30.12
SBA,1/14/2026 11:25,30.12
SBA,1/14/2026 11:30,30.12
SBA,1/14/2026 11:35,30.11
SBA,1/14/2026 11:40,30.11
SBA,1/14/2026 11:45,30.11
SBA,1/14/2026 11:50,30.1
SBA,1/14/2026 11:55,30.1
SBA,1/14/2026 12:00,30.1
SBA,1/14/2026 12:05,30.09
SBA,1/14/2026 12:10,30.1
SBA,1/14/2026 12:15,30.09
SBA,1/14/2026 12:20,30.09
SBA,1/14/2026 12:25,30.09
SBA,1/14/2026 12:30,30.09
SBA,1/14/2026 12:35,30.08
SBA,1/14/2026 12:40,30.08
SBA,1/14/2026 12:45,30.08
SBA,1/14/2026 12:50,30.08
SBA,1/14/2026 12:55,30.08
SBA,1/14/2026 13:00,30.08
SBA,1/14/2026 13:05,30.07
SBA,1/14/2026 13:10,30.07
SBA,1/14/2026 13:15,30.07
SBA,1/14/2026 13:20,30.06
SBA,1/14/2026 13:25,30.06
SBA,1/14/2026 13:30,30.06
SBA,1/14/2026 13:35,30.06
SBA,1/14/2026 13:40,30.06
SBA,1/14/2026 13:45,30.06
SBA,1/14/2026 13:50,30.06
SBA,1/14/2026 13:55,30.06
SBA,1/14/2026 14:00,30.06
SBA,1/14/2026 14:05,30.06
SBA,1/14/2026 14:10,30.06
SBA,1/14/2026 14:15,30.06
SBA,1/14/2026 14:20,30.06
SBA,1/14/2026 14:25,30.06
SBA,1/14/2026 14:30,30.06
SBA,1/14/2026 14:35,30.06
SBA,1/14/2026 14:40,30.06
SBA,1/14/2026 14:45,30.06
SBA,1/14/2026 14:50,30.06
SBA,1/14/2026 14:55,30.06
SBA,1/14/2026 15:00,30.05
SBA,1/14/2026 15:05,30.05
SBA,1/14/2026 15:10,30.05
SBA,1/14/2026 15:15,30.05
SBA,1/14/2026 15:20,30.05
SBA,1/14/2026 15:25,30.05
SBA,1/14/2026 15:30,30.05
SBA,1/14/2026 15:35,30.05
SBA,1/14/2026 15:40,30.04
SBA,1/14/2026 15:45,30.04
SBA,1/14/2026 15:50,30.04
SBA,1/14/2026 15:55,30.04
SBA,1/14/2026 16:00,30.04
SBA,1/14/2026 16:05,30.04
SBA,1/14/2026 16:10,30.04
SBA,1/14/2026 16:15,30.04
SBA,1/14/2026 16:20,30.04
SBA,1/14/2026 16:25,30.04
SBA,1/14/2026 16:30,30.04
SBA,1/14/2026 16:35,30.04
SBA,1/14/2026 16:40,30.05
SBA,1/14/2026 16:45,30.05
SBA,1/14/2026 16:50,30.05
SBA,1/14/2026 16:55,30.05
SBA,1/14/2026 17:00,30.05
SBA,1/14/2026 17:05,30.05
SBA,1/14/2026 17:10,30.05
SBA,1/14/2026 17:15,30.05
SBA,1/14/2026 17:20,30.05
SBA,1/14/2026 17:25,30.05
SBA,1/14/2026 17:30,30.05
SBA,1/14/2026 17:35,30.06
SBA,1/14/2026 17:40,30.06
SBA,1/14/2026 17:45,30.06
SBA,1/14/2026 17:50,30.06
SBA,1/14/2026 17:55,30.06
SBA,1/14/2026 18:00,30.06
SBA,1/14/2026 18:05,30.06
SBA,1/14/2026 18:10,30.06
SBA,1/14/2026 18:15,30.06
SBA,1/14/2026 18:20,30.06
SBA,1/14/2026 18:25,30.06
SBA,1/14/2026 18:30,30.06
SBA,1/14/2026 18:35,30.06
SBA,1/14/2026 18:40,30.06
SBA,1/14/2026 18:45,30.06
SBA,1/14/2026 18:50,30.06
SBA,1/14/2026 18:55,30.06
SBA,1/14/2026 19:00,30.06
SBA,1/14/2026 19:05,30.06
SBA,1/14/2026 19:10,30.06
SBA,1/14/2026 19:15,30.06
SBA,1/14/2026 19:20,30.06
SBA,1/14/2026 19:25,30.06
SBA,1/14/2026 19:30,30.06
SBA,1/14/2026 19:35,30.06
SBA,1/14/2026 19:40,30.06
SBA,1/14/2026 19:45,30.06
SBA,1/14/2026 19:50,30.06
SBA,1/14/2026 19:55,30.06
SBA,1/14/2026 20:00,30.06
SBA,1/14/2026 20:05,30.06
SBA,1/14/2026 20:10,30.07
SBA,1/14/2026 20:15,30.07
SBA,1/14/2026 20:20,30.07
SBA,1/14/2026 20:25,30.07
SBA,1/14/2026 20:30,30.07
SBA,1/14/2026 20:35,30.07
SBA,1/14/2026 20:40,30.07
SBA,1/14/2026 20:45,30.07
SBA,1/14/2026 20:50,30.07
SBA,1/14/2026 20:55,30.08
SBA,1/14/2026 21:00,30.08
SBA,1/14/2026 21:05,30.07
SBA,1/14/2026 21:10,30.07
SBA,1/14/2026 21:15,30.07
SBA,1/14/2026 21:20,30.07
SBA,1/14/2026 21:25,30.08
SBA,1/14/2026 21:30,30.08
SBA,1/14/2026 21:35,30.08
SBA,1/14/2026 21:40,30.08
SBA,1/14/2026 21:45,30.08
SBA,1/14/2026 21:50,30.08
SBA,1/14/2026 21:55,30.08
SBA,1/14/2026 22:00,30.09
SBA,1/14/2026 22:05,30.09
SBA,1/14/2026 22:10,30.09
SBA,1/14/2026 22:15,30.09
SBA,1/14/2026 22:20,30.09
SBA,1/14/2026 22:25,30.09
SBA,1/14/2026 22:30,30.09
SBA,1/14/2026 22:35,30.09
SBA,1/14/2026 22:40,30.09
SBA,1/14/2026 22:45,30.09
SBA,1/14/2026 22:50,30.09
SBA,1/14/2026 22:55,30.09
SBA,1/14/2026 23:00,30.09
SBA,1/14/2026 23:05,30.08
SBA,1/14/2026 23:10,30.08
SBA,1/14/2026 23:15,30.08
SBA,1/14/2026 23:20,30.08
SBA,1/14/2026 23:25,30.08
SBA,1/14/2026 23:30,30.08
SBA,1/14/2026 23:35,30.08
SBA,1/14/2026 23:40,30.08
SBA,1/14/2026 23:45,30.08
SBA,1/14/2026 23:50,30.08
SBA,1/14/2026 23:55,30.08
SBA,1/15/2026 0:00,30.08
SBA,1/15/2026 0:05,30.08
SBA,1/15/2026 0:10,30.08
SBA,1/15/2026 0:15,30.08
SBA,1/15/2026 0:20,30.08
SBA,1/15/2026 0:25,30.08
SBA,1/15/2026 0:30,30.07
SBA,1/15/2026 0:35,30.07
SBA,1/15/2026 0:40,30.07
SBA,1/15/2026 0:45,30.07
SBA,1/15/2026 0:50,30.07
SBA,1/15/2026 0:55,30.07
SBA,1/15/2026 1:00,30.06
SBA,1/15/2026 1:05,30.06
SBA,1/15/2026 1:10,30.06
SBA,1/15/2026 1:15,30.06
SBA,1/15/2026 1:20,30.06
SBA,1/15/2026 1:25,30.06
SBA,1/15/2026 1:30,30.06
SBA,1/15/2026 1:35,30.06
SBA,1/15/2026 1:40,30.06
SBA,1/15/2026 1:45,30.06
SBA,1/15/2026 1:50,30.06
SBA,1/15/2026 1:55,30.06
SBA,1/15/2026 2:00,30.05
SBA,1/15/2026 2:05,30.05
SBA,1/15/2026 2:10,30.05
SBA,1/15/2026 2:15,30.05
SBA,1/15/2026 2:20,30.05
SBA,1/15/2026 2:25,30.05
SBA,1/15/2026 2:30,30.05
SBA,1/15/2026 2:35,30.04
SBA,1/15/2026 2:40,30.04
SBA,1/15/2026 2:45,30.04
SBA,1/15/2026 2:50,30.04
SBA,1/15/2026 2:55,30.04
SBA,1/15/2026 3:00,30.04
SBA,1/15/2026 3:05,30.04
SBA,1/15/2026 3:10,30.03
SBA,1/15/2026 3:15,30.03
SBA,1/15/2026 3:20,30.03
SBA,1/15/2026 3:25,30.02
SBA,1/15/2026 3:30,30.02
SBA,1/15/2026 3:35,30.02
SBA,1/15/2026 3:40,30.02
SBA,1/15/2026 3:45,30.02
SBA,1/15/2026 3:50,30.02
SBA,1/15/2026 3:55,30.02
SBA,1/15/2026 4:00,30.02
SBA,1/15/2026 4:05,30.02
SBA,1/15/2026 4:10,30.02
SBA,1/15/2026 4:15,30.02
SBA,1/15/2026 4:20,30.02
SBA,1/15/2026 4:25,30.02
SBA,1/15/2026 4:30,30.02
SBA,1/15/2026 4:35,30.02
SBA,1/15/2026 4:40,30.02
SBA,1/15/2026 4:45,30.02
SBA,1/15/2026 4:50,30.02
SBA,1/15/2026 4:55,30.02
SBA,1/15/2026 5:00,30.02
SBA,1/15/2026 5:05,30.02
SBA,1/15/2026 5:10,30.02
SBA,1/15/2026 5:15,30.02
SBA,1/15/2026 5:20,30.02
SBA,1/15/2026 5:25,30.02
SBA,1/15/2026 5:30,30.02
SBA,1/15/2026 5:35,30.02
SBA,1/15/2026 5:40,30.02
SBA,1/15/2026 5:45,30.02
SBA,1/15/2026 5:50,30.02
SBA,1/15/2026 5:55,30.02
SBA,1/15/2026 6:00,30.02
SBA,1/15/2026 6:05,30.02
SBA,1/15/2026 6:10,30.02
SBA,1/15/2026 6:15,30.03
SBA,1/15/2026 6:20,30.02
SBA,1/15/2026 6:25,30.02
SBA,1/15/2026 6:30,30.03
SBA,1/15/2026 6:35,30.02
SBA,1/15/2026 6:40,30.02
SBA,1/15/2026 6:45,30.02
SBA,1/15/2026 6:50,30.02
SBA,1/15/2026 6:55,30.02
SBA,1/15/2026 7:00,30.03
SBA,1/15/2026 7:05,30.03
SBA,1/15/2026 7:10,30.03
SBA,1/15/2026 7:15,30.03
SBA,1/15/2026 7:20,30.03
SBA,1/15/2026 7:25,30.04
SBA,1/15/2026 7:30,30.04
SBA,1/15/2026 7:35,30.04
SBA,1/15/2026 7:40,30.04
SBA,1/15/2026 7:45,30.04
SBA,1/15/2026 7:50,30.04
SBA,1/15/2026 7:55,30.04
SBA,1/15/2026 8:00,30.04
SBA,1/15/2026 8:05,30.05
SBA,1/15/2026 8:10,30.04
SBA,1/15/2026 8:15,30.05
SBA,1/15/2026 8:20,30.05
SBA,1/15/2026 8:25,30.05
SBA,1/15/2026 8:30,30.05
SBA,1/15/2026 8:35,30.05
SBA,1/15/2026 8:40,30.05
SBA,1/15/2026 8:45,30.05
SBA,1/15/2026 8:50,30.05
SBA,1/15/2026 8:55,30.05
SBA,1/15/2026 9:00,30.05
SBA,1/15/2026 9:05,30.05
SBA,1/15/2026 9:10,30.06
SBA,1/15/2026 9:15,30.06
SBA,1/15/2026 9:20,30.06
SBA,1/15/2026 9:25,30.06
SBA,1/15/2026 9:30,30.06
SBA,1/15/2026 9:35,30.06
SBA,1/15/2026 9:40,30.06
SBA,1/15/2026 9:45,30.05
SBA,1/15/2026 9:50,30.06
SBA,1/15/2026 9:55,30.06
SBA,1/15/2026 10:00,30.05
SBA,1/15/2026 10:05,30.05
SBA,1/15/2026 10:10,30.05
SBA,1/15/2026 10:15,30.05
SBA,1/15/2026 10:20,30.05
SBA,1/15/2026 10:25,30.05
SBA,1/15/2026 10:35,30.04
SBA,1/15/2026 10:40,30.04
SBA,1/15/2026 10:45,30.04
SBA,1/15/2026 10:50,30.04
SBA,1/15/2026 10:55,30.03
SBA,1/15/2026 11:00,30.03
SBA,1/15/2026 11:05,30.03
SBA,1/15/2026 11:10,30.03
SBA,1/15/2026 11:15,30.02
SBA,1/15/2026 11:20,30.02
SBA,1/15/2026 11:25,30.02
SBA,1/15/2026 11:30,30.02
SBA,1/15/2026 11:35,30.01
SBA,1/15/2026 11:40,30.02
SBA,1/15/2026 11:45,30.01
SBA,1/15/2026 11:50,30.01
SBA,1/15/2026 11:55,30.01
SBA,1/15/2026 12:00,30.01
SBA,1/15/2026 12:05,30.01
SBA,1/15/2026 12:10,30.01
SBA,1/15/2026 12:15,30
SBA,1/15/2026 12:20,30
SBA,1/15/2026 12:25,30
SBA,1/15/2026 12:30,30
SBA,1/15/2026 12:35,30
SBA,1/15/2026 12:40,29.99
SBA,1/15/2026 12:45,29.99
SBA,1/15/2026 12:50,29.99
SBA,1/15/2026 12:55,29.99
SBA,1/15/2026 13:00,29.99
SBA,1/15/2026 13:05,29.98
SBA,1/15/2026 13:10,29.98
SBA,1/15/2026 13:15,29.98
SBA,1/15/2026 13:20,29.98
SBA,1/15/2026 13:25,29.98
SBA,1/15/2026 13:30,29.97
SBA,1/15/2026 13:35,29.97
SBA,1/15/2026 13:40,29.97
SBA,1/15/2026 13:45,29.97
SBA,1/15/2026 13:50,29.97
SBA,1/15/2026 13:55,29.97
SBA,1/15/2026 14:00,29.97
SBA,1/15/2026 14:05,29.97
SBA,1/15/2026 14:10,29.97
SBA,1/15/2026 14:15,29.96
SBA,1/15/2026 14:20,29.96
SBA,1/15/2026 14:25,29.96
SBA,1/15/2026 14:30,29.96
SBA,1/15/2026 14:35,29.96
SBA,1/15/2026 14:40,29.96
SBA,1/15/2026 14:45,29.96
SBA,1/15/2026 14:50,29.96
SBA,1/15/2026 14:55,29.96
SBA,1/15/2026 15:00,29.96
SBA,1/15/2026 15:05,29.96
SBA,1/15/2026 15:10,29.96
SBA,1/15/2026 15:15,29.96
SBA,1/15/2026 15:20,29.96
SBA,1/15/2026 15:25,29.96
SBA,1/15/2026 15:30,29.96
SBA,1/15/2026 15:35,29.95
SBA,1/15/2026 15:40,29.95
SBA,1/15/2026 15:45,29.96
SBA,1/15/2026 15:50,29.96
SBA,1/15/2026 15:55,29.96
SBA,1/15/2026 16:00,29.96
SBA,1/15/2026 16:05,29.96
SBA,1/15/2026 16:10,29.96
SBA,1/15/2026 16:15,29.96
SBA,1/15/2026 16:20,29.96
SBA,1/15/2026 16:25,29.96
SBA,1/15/2026 16:30,29.96
SBA,1/15/2026 16:35,29.96
SBA,1/15/2026 16:40,29.96
SBA,1/15/2026 16:45,29.96
SBA,1/15/2026 16:50,29.96
SBA,1/15/2026 16:55,29.96
SBA,1/15/2026 17:00,29.96
SBA,1/15/2026 17:05,29.96
SBA,1/15/2026 17:10,29.96
SBA,1/15/2026 17:15,29.96
SBA,1/15/2026 17:20,29.96
SBA,1/15/2026 17:25,29.96
SBA,1/15/2026 17:30,29.96
SBA,1/15/2026 17:35,29.96
SBA,1/15/2026 17:40,29.96
SBA,1/15/2026 17:45,29.96
SBA,1/15/2026 17:50,29.96
SBA,1/15/2026 17:55,29.96
SBA,1/15/2026 18:00,29.96
SBA,1/15/2026 18:05,29.96
SBA,1/15/2026 18:10,29.96
SBA,1/15/2026 18:15,29.96
SBA,1/15/2026 18:20,29.96
SBA,1/15/2026 18:25,29.96
SBA,1/15/2026 18:30,29.96
SBA,1/15/2026 18:35,29.96
SBA,1/15/2026 18:40,29.96
SBA,1/15/2026 18:45,29.96
SBA,1/15/2026 18:50,29.96
SBA,1/15/2026 18:55,29.96
SBA,1/15/2026 19:00,29.96
SBA,1/15/2026 19:05,29.96
SBA,1/15/2026 19:10,29.96
SBA,1/15/2026 19:15,29.96
SBA,1/15/2026 19:20,29.96
SBA,1/15/2026 19:25,29.96
SBA,1/15/2026 19:30,29.96
SBA,1/15/2026 19:35,29.96
SBA,1/15/2026 19:40,29.96
SBA,1/15/2026 19:45,29.96
SBA,1/15/2026 19:50,29.97
SBA,1/15/2026 19:55,29.97
SBA,1/15/2026 20:00,29.97
SBA,1/15/2026 20:05,29.97
SBA,1/15/2026 20:10,29.97
SBA,1/15/2026 20:15,29.97
SBA,1/15/2026 20:20,29.97
SBA,1/15/2026 20:25,29.97
SBA,1/15/2026 20:30,29.97
SBA,1/15/2026 20:35,29.97
SBA,1/15/2026 20:40,29.98
SBA,1/15/2026 20:45,29.98
SBA,1/15/2026 20:50,29.98
SBA,1/15/2026 20:55,29.98
SBA,1/15/2026 21:00,29.98
SBA,1/15/2026 21:05,29.98
SBA,1/15/2026 21:10,29.98
SBA,1/15/2026 21:15,29.98
SBA,1/15/2026 21:20,29.98
SBA,1/15/2026 21:25,29.98
SBA,1/15/2026 21:30,29.98
SBA,1/15/2026 21:35,29.98
SBA,1/15/2026 21:40,29.98
SBA,1/15/2026 21:45,29.98
SBA,1/15/2026 21:50,29.98
SBA,1/15/2026 21:55,29.98
SBA,1/15/2026 22:00,29.98
SBA,1/15/2026 22:05,29.98
SBA,1/15/2026 22:10,29.98
SBA,1/15/2026 22:15,29.98
SBA,1/15/2026 22:20,29.98
SBA,1/15/2026 22:25,29.98
SBA,1/15/2026 22:30,29.98
SBA,1/15/2026 22:35,29.99
SBA,1/15/2026 22:40,29.99
SBA,1/15/2026 22:45,29.98
SBA,1/15/2026 22:50,29.98
SBA,1/15/2026 22:55,29.98
SBA,1/15/2026 23:00,29.98
SBA,1/15/2026 23:05,29.98
SBA,1/15/2026 23:10,29.98
SBA,1/15/2026 23:15,29.98
SBA,1/15/2026 23:20,29.98
SBA,1/15/2026 23:25,29.98
SBA,1/15/2026 23:30,29.98
SBA,1/15/2026 23:35,29.98
SBA,1/15/2026 23:40,29.98
SBA,1/15/2026 23:45,29.98
SBA,1/15/2026 23:50,29.98
SBA,1/15/2026 23:55,29.98
SBA,1/16/2026 0:00,29.97
SBA,1/16/2026 0:05,29.97
SBA,1/16/2026 0:10,29.97
SBA,1/16/2026 0:15,29.97
SBA,1/16/2026 0:20,29.97
SBA,1/16/2026 0:25,29.97
SBA,1/16/2026 0:30,29.97
SBA,1/16/2026 0:35,29.97
SBA,1/16/2026 0:40,29.97
SBA,1/16/2026 0:45,29.97
SBA,1/16/2026 0:50,29.97
SBA,1/16/2026 0:55,29.96
SBA,1/16/2026 1:00,29.96
SBA,1/16/2026 1:05,29.96
SBA,1/16/2026 1:10,29.96
SBA,1/16/2026 1:15,29.96
SBA,1/16/2026 1:20,29.96
SBA,1/16/2026 1:25,29.96
SBA,1/16/2026 1:30,29.96
SBA,1/16/2026 1:35,29.97
SBA,1/16/2026 1:40,29.97
SBA,1/16/2026 1:45,29.97
SBA,1/16/2026 1:50,29.97
SBA,1/16/2026 1:55,29.97
SBA,1/16/2026 2:00,29.97
SBA,1/16/2026 2:05,29.97
SBA,1/16/2026 2:10,29.98
SBA,1/16/2026 2:15,29.98
SBA,1/16/2026 2:20,29.98
SBA,1/16/2026 2:25,29.98
SBA,1/16/2026 2:30,29.98
SBA,1/16/2026 2:35,29.97
SBA,1/16/2026 2:40,29.98
SBA,1/16/2026 2:45,29.97
SBA,1/16/2026 2:50,29.97
SBA,1/16/2026 2:55,29.97
SBA,1/16/2026 3:00,29.97
SBA,1/16/2026 3:05,29.97
SBA,1/16/2026 3:10,29.97
SBA,1/16/2026 3:15,29.97
SBA,1/16/2026 3:20,29.97
SBA,1/16/2026 3:25,29.97
SBA,1/16/2026 3:30,29.97
SBA,1/16/2026 3:35,29.96
SBA,1/16/2026 3:40,29.97
SBA,1/16/2026 3:45,29.97
SBA,1/16/2026 3:50,29.96
SBA,1/16/2026 3:55,29.97
SBA,1/16/2026 4:00,29.97
SBA,1/16/2026 4:05,29.97
SBA,1/16/2026 4:10,29.97
SBA,1/16/2026 4:15,29.97
SBA,1/16/2026 4:20,29.97
SBA,1/16/2026 4:25,29.96
SBA,1/16/2026 4:30,29.96
SBA,1/16/2026 4:35,29.96
SBA,1/16/2026 4:40,29.96
SBA,1/16/2026 4:45,29.97
SBA,1/16/2026 4:50,29.97
SBA,1/16/2026 4:55,29.97
SBA,1/16/2026 5:00,29.97
SBA,1/16/2026 5:05,29.97
SBA,1/16/2026 5:10,29.97
SBA,1/16/2026 5:15,29.97
SBA,1/16/2026 5:20,29.97
SBA,1/16/2026 5:25,29.97
SBA,1/16/2026 5:30,29.97
SBA,1/16/2026 5:35,29.97
SBA,1/16/2026 5:40,29.97
SBA,1/16/2026 5:45,29.97
SBA,1/16/2026 5:50,29.97
SBA,1/16/2026 5:55,29.98
SBA,1/16/2026 6:00,29.98
SBA,1/16/2026 6:05,29.98
SBA,1/16/2026 6:10,29.98
SBA,1/16/2026 6:15,29.98
SBA,1/16/2026 6:20,29.98
SBA,1/16/2026 6:25,29.98
SBA,1/16/2026 6:30,29.98
SBA,1/16/2026 6:35,29.98
SBA,1/16/2026 6:40,29.98
SBA,1/16/2026 6:45,29.98
SBA,1/16/2026 6:50,29.98
SBA,1/16/2026 6:55,29.99
SBA,1/16/2026 7:00,29.99
SBA,1/16/2026 7:05,29.99
SBA,1/16/2026 7:10,29.99
SBA,1/16/2026 7:15,29.99
SBA,1/16/2026 7:20,29.99
SBA,1/16/2026 7:25,29.99
SBA,1/16/2026 7:30,30
SBA,1/16/2026 7:35,30
SBA,1/16/2026 7:40,30
SBA,1/16/2026 7:45,30
SBA,1/16/2026 7:50,30
SBA,1/16/2026 7:55,30.01
SBA,1/16/2026 8:00,30.01
SBA,1/16/2026 8:05,30.01
SBA,1/16/2026 8:10,30.01
SBA,1/16/2026 8:15,30.01
SBA,1/16/2026 8:20,30.01
SBA,1/16/2026 8:25,30.01
SBA,1/16/2026 8:30,30.01
SBA,1/16/2026 8:35,30.01
SBA,1/16/2026 8:40,30.02
SBA,1/16/2026 8:45,30.02
SBA,1/16/2026 8:50,30.02
SBA,1/16/2026 8:55,30.02
SBA,1/16/2026 9:00,30.02
SBA,1/16/2026 9:05,30.02
SBA,1/16/2026 9:10,30.03
SBA,1/16/2026 9:15,30.02
SBA,1/16/2026 9:20,30.02
SBA,1/16/2026 9:25,30.03
SBA,1/16/2026 9:30,30.03
SBA,1/16/2026 9:35,30.03
SBA,1/16/2026 9:40,30.03
SBA,1/16/2026 9:45,30.03
SBA,1/16/2026 9:50,30.03
SBA,1/16/2026 9:55,30.03
SBA,1/16/2026 10:00,30.03
SBA,1/16/2026 10:05,30.03
SBA,1/16/2026 10:10,30.03
SBA,1/16/2026 10:15,30.03
SBA,1/16/2026 10:20,30.03
SBA,1/16/2026 10:25,30.03
SBA,1/16/2026 10:30,30.03
SBA,1/16/2026 10:35,30.03
SBA,1/16/2026 10:40,30.03
SBA,1/16/2026 10:45,30.02
SBA,1/16/2026 10:50,30.02
SBA,1/16/2026 10:55,30.02
SBA,1/16/2026 11:00,30.02
SBA,1/16/2026 11:05,30.02
SBA,1/16/2026 11:10,30.02
SBA,1/16/2026 11:15,30.01
SBA,1/16/2026 11:20,30.01
SBA,1/16/2026 11:25,30.01
SBA,1/16/2026 11:30,30.01
SBA,1/16/2026 11:35,30.01
SBA,1/16/2026 11:40,30
SBA,1/16/2026 11:45,30
SBA,1/16/2026 11:50,30
SBA,1/16/2026 11:55,29.99
SBA,1/16/2026 12:00,29.99
SBA,1/16/2026 12:05,29.99
SBA,1/16/2026 12:10,29.99
SBA,1/16/2026 12:15,29.98
SBA,1/16/2026 12:20,29.98
SBA,1/16/2026 12:25,29.98
SBA,1/16/2026 12:30,29.98
SBA,1/16/2026 12:35,29.97
SBA,1/16/2026 12:40,29.97
SBA,1/16/2026 12:45,29.97
SBA,1/16/2026 12:50,29.97
SBA,1/16/2026 12:55,29.97
SBA,1/16/2026 13:00,29.97
SBA,1/16/2026 13:05,29.96
SBA,1/16/2026 13:10,29.96
SBA,1/16/2026 13:15,29.96
SBA,1/16/2026 13:20,29.96
SBA,1/16/2026 13:25,29.96
SBA,1/16/2026 13:30,29.95
SBA,1/16/2026 13:35,29.95
SBA,1/16/2026 13:40,29.95
SBA,1/16/2026 13:45,29.95
SBA,1/16/2026 13:50,29.95
SBA,1/16/2026 13:55,29.95
SBA,1/16/2026 14:00,29.95
SBA,1/16/2026 14:05,29.95
SBA,1/16/2026 14:10,29.95
SBA,1/16/2026 14:15,29.95
SBA,1/16/2026 14:20,29.95
SBA,1/16/2026 14:25,29.95
SBA,1/16/2026 14:30,29.95
SBA,1/16/2026 14:35,29.95
SBA,1/16/2026 14:40,29.96
SBA,1/16/2026 14:45,29.95
SBA,1/16/2026 14:50,29.95
SBA,1/16/2026 14:55,29.95
SBA,1/16/2026 15:00,29.95
SBA,1/16/2026 15:05,29.95
SBA,1/16/2026 15:10,29.95
SBA,1/16/2026 15:15,29.95
SBA,1/16/2026 15:20,29.95
SBA,1/16/2026 15:25,29.95
SBA,1/16/2026 15:30,29.95
SBA,1/16/2026 15:35,29.95
SBA,1/16/2026 15:40,29.95
SBA,1/16/2026 15:45,29.95
SBA,1/16/2026 15:50,29.95
SBA,1/16/2026 15:55,29.95
SBA,1/16/2026 16:00,29.95
SBA,1/16/2026 16:05,29.95
SBA,1/16/2026 16:10,29.95
SBA,1/16/2026 16:15,29.95
SBA,1/16/2026 16:20,29.95
SBA,1/16/2026 16:25,29.95
SBA,1/16/2026 16:30,29.95
SBA,1/16/2026 16:35,29.95
SBA,1/16/2026 16:40,29.95
SBA,1/16/2026 16:45,29.96
SBA,1/16/2026 16:50,29.96
SBA,1/16/2026 16:55,29.95
SBA,1/16/2026 17:00,29.95
SBA,1/16/2026 17:05,29.95
SBA,1/16/2026 17:10,29.96
SBA,1/16/2026 17:15,29.96
SBA,1/16/2026 17:20,29.95
SBA,1/16/2026 17:25,29.96
SBA,1/16/2026 17:30,29.95
SBA,1/16/2026 17:35,29.96
SBA,1/16/2026 17:40,29.96
SBA,1/16/2026 17:45,29.96
SBA,1/16/2026 17:50,29.96
SBA,1/16/2026 17:55,29.96
SBA,1/16/2026 18:00,29.96
SBA,1/16/2026 18:05,29.96
SBA,1/16/2026 18:10,29.97
SBA,1/16/2026 18:15,29.97
SBA,1/16/2026 18:20,29.97
SBA,1/16/2026 18:25,29.97
SBA,1/16/2026 18:30,29.97
SBA,1/16/2026 18:35,29.97
SBA,1/16/2026 18:40,29.97
SBA,1/16/2026 18:45,29.97
SBA,1/16/2026 18:50,29.97
SBA,1/16/2026 18:55,29.97
SBA,1/16/2026 19:00,29.97
SBA,1/16/2026 19:05,29.98
SBA,1/16/2026 19:10,29.98
SBA,1/16/2026 19:15,29.98
SBA,1/16/2026 19:20,29.98
SBA,1/16/2026 19:25,29.98
SBA,1/16/2026 19:30,29.99
SBA,1/16/2026 19:35,29.99
SBA,1/16/2026 19:40,29.99
SBA,1/16/2026 19:45,29.99
SBA,1/16/2026 19:50,29.99
SBA,1/16/2026 19:55,29.99
SBA,1/16/2026 20:00,29.99
SBA,1/16/2026 20:05,29.99
SBA,1/16/2026 20:10,29.99
SBA,1/16/2026 20:15,29.99
SBA,1/16/2026 20:20,29.99
SBA,1/16/2026 20:25,29.99
SBA,1/16/2026 20:30,29.99
SBA,1/16/2026 20:35,30
SBA,1/16/2026 20:40,30
SBA,1/16/2026 20:45,30
SBA,1/16/2026 20:50,30
SBA,1/16/2026 20:55,30
SBA,1/16/2026 21:00,30
SBA,1/16/2026 21:05,30.01
SBA,1/16/2026 21:10,30
SBA,1/16/2026 21:15,30.01
SBA,1/16/2026 21:20,30.01
SBA,1/16/2026 21:25,30.01
SBA,1/16/2026 21:30,30.01
SBA,1/16/2026 21:35,30.02
SBA,1/16/2026 21:40,30.02
SBA,1/16/2026 21:45,30.02
SBA,1/16/2026 21:50,30.01
SBA,1/16/2026 21:55,30.02
SBA,1/16/2026 22:00,30.02
SBA,1/16/2026 22:05,30.01
SBA,1/16/2026 22:10,30.02
SBA,1/16/2026 22:15,30.02
SBA,1/16/2026 22:20,30.02
SBA,1/16/2026 22:25,30.02
SBA,1/16/2026 22:30,30.02
SBA,1/16/2026 22:35,30.02
SBA,1/16/2026 22:40,30.02
SBA,1/16/2026 22:45,30.02
SBA,1/16/2026 22:50,30.02
SBA,1/16/2026 22:55,30.02
SBA,1/16/2026 23:00,30.02
SBA,1/16/2026 23:05,30.03
SBA,1/16/2026 23:10,30.03
SBA,1/16/2026 23:15,30.03
SBA,1/16/2026 23:20,30.03
SBA,1/16/2026 23:25,30.03
SBA,1/16/2026 23:30,30.03
SBA,1/16/2026 23:35,30.03
SBA,1/16/2026 23:40,30.03
SBA,1/16/2026 23:45,30.03
SBA,1/16/2026 23:50,30.03
SBA,1/16/2026 23:55,30.03
SBA,1/17/2026 0:00,30.03
SBA,1/17/2026 0:05,30.03
SBA,1/17/2026 0:10,30.03
SBA,1/17/2026 0:15,30.03
SBA,1/17/2026 0:20,30.02
SBA,1/17/2026 0:25,30.02
SBA,1/17/2026 0:30,30.02
SBA,1/17/2026 0:35,30.02
SBA,1/17/2026 0:40,30.02
SBA,1/17/2026 0:45,30.02
SBA,1/17/2026 0:50,30.02
SBA,1/17/2026 0:55,30.02
SBA,1/17/2026 1:00,30.02
SBA,1/17/2026 1:05,30.02
SBA,1/17/2026 1:10,30.02
SBA,1/17/2026 1:15,30.02
SBA,1/17/2026 1:20,30.03
SBA,1/17/2026 1:25,30.03
SBA,1/17/2026 1:30,30.03
SBA,1/17/2026 1:35,30.03
SBA,1/17/2026 1:40,30.03
SBA,1/17/2026 1:45,30.04
SBA,1/17/2026 1:50,30.04
SBA,1/17/2026 1:55,30.04
SBA,1/17/2026 2:00,30.03
SBA,1/17/2026 2:05,30.03
SBA,1/17/2026 2:10,30.03
SBA,1/17/2026 2:15,30.03
SBA,1/17/2026 2:20,30.03
SBA,1/17/2026 2:25,30.03
SBA,1/17/2026 2:30,30.03
SBA,1/17/2026 2:35,30.03
SBA,1/17/2026 2:40,30.03
SBA,1/17/2026 2:45,30.03
SBA,1/17/2026 2:50,30.03
SBA,1/17/2026 2:55,30.03
SBA,1/17/2026 3:00,30.03
SBA,1/17/2026 3:05,30.03
SBA,1/17/2026 3:10,30.03
SBA,1/17/2026 3:15,30.03
SBA,1/17/2026 3:20,30.03
SBA,1/17/2026 3:25,30.03
SBA,1/17/2026 3:30,30.02
SBA,1/17/2026 3:35,30.02
SBA,1/17/2026 3:40,30.02
SBA,1/17/2026 3:45,30.02
SBA,1/17/2026 3:50,30.01
SBA,1/17/2026 3:55,30.02
SBA,1/17/2026 4:00,30.02
SBA,1/17/2026 4:05,30.02
SBA,1/17/2026 4:10,30.02
SBA,1/17/2026 4:15,30.01
SBA,1/17/2026 4:20,30.02
SBA,1/17/2026 4:25,30.02
SBA,1/17/2026 4:30,30.02
SBA,1/17/2026 4:35,30.02
SBA,1/17/2026 4:40,30.02
SBA,1/17/2026 4:45,30.02
SBA,1/17/2026 4:50,30.02
SBA,1/17/2026 4:55,30.02
SBA,1/17/2026 5:00,30.01
SBA,1/17/2026 5:05,30.01
SBA,1/17/2026 5:10,30.02
SBA,1/17/2026 5:15,30.02
SBA,1/17/2026 5:20,30.02
SBA,1/17/2026 5:25,30.02
SBA,1/17/2026 5:30,30.03
SBA,1/17/2026 5:35,30.03
SBA,1/17/2026 5:40,30.03
SBA,1/17/2026 5:45,30.03
SBA,1/17/2026 5:50,30.03
SBA,1/17/2026 5:55,30.04
SBA,1/17/2026 6:00,30.04
SBA,1/17/2026 6:05,30.04
SBA,1/17/2026 6:10,30.04
SBA,1/17/2026 6:15,30.04
SBA,1/17/2026 6:20,30.04
SBA,1/17/2026 6:25,30.04
SBA,1/17/2026 6:30,30.05
SBA,1/17/2026 6:35,30.05
SBA,1/17/2026 6:40,30.05
SBA,1/17/2026 6:45,30.05
SBA,1/17/2026 6:50,30.05
SBA,1/17/2026 6:55,30.05
SBA,1/17/2026 7:00,30.05
SBA,1/17/2026 7:05,30.06
SBA,1/17/2026 7:10,30.06
SBA,1/17/2026 7:15,30.06
SBA,1/17/2026 7:20,30.06
SBA,1/17/2026 7:25,30.06
SBA,1/17/2026 7:30,30.06
SBA,1/17/2026 7:35,30.06
SBA,1/17/2026 7:40,30.06
SBA,1/17/2026 7:45,30.06
SBA,1/17/2026 7:50,30.06
SBA,1/17/2026 7:55,30.06
SBA,1/17/2026 8:00,30.07
SBA,1/17/2026 8:05,30.06
SBA,1/17/2026 8:10,30.07
SBA,1/17/2026 8:15,30.07
SBA,1/17/2026 8:20,30.06
SBA,1/17/2026 8:25,30.07
SBA,1/17/2026 8:30,30.07
SBA,1/17/2026 8:35,30.07
SBA,1/17/2026 8:40,30.07
SBA,1/17/2026 8:45,30.07
SBA,1/17/2026 8:50,30.07
SBA,1/17/2026 8:55,30.08
SBA,1/17/2026 9:00,30.08
SBA,1/17/2026 9:05,30.08
SBA,1/17/2026 9:10,30.08
SBA,1/17/2026 9:15,30.08
SBA,1/17/2026 9:20,30.08
SBA,1/17/2026 9:25,30.08
SBA,1/17/2026 9:30,30.09
SBA,1/17/2026 9:35,30.09
SBA,1/17/2026 9:40,30.09
SBA,1/17/2026 9:45,30.09
SBA,1/17/2026 9:50,30.09
SBA,1/17/2026 9:55,30.09
SBA,1/17/2026 10:00,30.09
SBA,1/17/2026 10:05,30.09
SBA,1/17/2026 10:10,30.09
SBA,1/17/2026 10:15,30.09
SBA,1/17/2026 10:20,30.09
SBA,1/17/2026 10:25,30.09
SBA,1/17/2026 10:30,30.09
SBA,1/17/2026 10:35,30.09
SBA,1/17/2026 10:40,30.09
SBA,1/17/2026 10:45,30.09
SBA,1/17/2026 11:00,30.09
SBA,1/17/2026 11:05,30.09
SBA,1/17/2026 11:10,30.08
SBA,1/17/2026 11:15,30.08
SBA,1/17/2026 11:20,30.08
SBA,1/17/2026 11:25,30.08
SBA,1/17/2026 11:30,30.08
SBA,1/17/2026 11:35,30.08
SBA,1/17/2026 11:40,30.07
SBA,1/17/2026 11:45,30.07
SBA,1/17/2026 11:50,30.07
SBA,1/17/2026 11:55,30.07
SBA,1/17/2026 12:00,30.07
SBA,1/17/2026 12:05,30.07
SBA,1/17/2026 12:10,30.06
SBA,1/17/2026 12:15,30.06
SBA,1/17/2026 12:20,30.06
SBA,1/17/2026 12:25,30.06
SBA,1/17/2026 12:30,30.06
SBA,1/17/2026 12:35,30.05
SBA,1/17/2026 12:40,30.05
SBA,1/17/2026 12:45,30.05
SBA,1/17/2026 12:50,30.05
SBA,1/17/2026 12:55,30.05
SBA,1/17/2026 13:00,30.04
SBA,1/17/2026 13:05,30.04
SBA,1/17/2026 13:10,30.04
SBA,1/17/2026 13:15,30.04
SBA,1/17/2026 13:20,30.04
SBA,1/17/2026 13:25,30.04
SBA,1/17/2026 13:30,30.04
SBA,1/17/2026 13:35,30.04
SBA,1/17/2026 13:40,30.04
SBA,1/17/2026 13:45,30.04
SBA,1/17/2026 13:50,30.04
SBA,1/17/2026 13:55,30.04
SBA,1/17/2026 14:00,30.04
SBA,1/17/2026 14:05,30.04
SBA,1/17/2026 14:10,30.04
SBA,1/17/2026 14:15,30.04
SBA,1/17/2026 14:20,30.04
SBA,1/17/2026 14:25,30.04
SBA,1/17/2026 14:30,30.04
SBA,1/17/2026 14:35,30.04
SBA,1/17/2026 14:40,30.04
SBA,1/17/2026 14:45,30.04
SBA,1/17/2026 14:50,30.04
SBA,1/17/2026 14:55,30.04
SBA,1/17/2026 15:00,30.04
SBA,1/17/2026 15:05,30.04
SBA,1/17/2026 15:10,30.04
SBA,1/17/2026 15:15,30.04
SBA,1/17/2026 15:20,30.04
SBA,1/17/2026 15:25,30.04
SBA,1/17/2026 15:30,30.04
SBA,1/17/2026 15:35,30.04
SBA,1/17/2026 15:40,30.04
SBA,1/17/2026 15:45,30.04
SBA,1/17/2026 15:50,30.04
SBA,1/17/2026 15:55,30.04
SBA,1/17/2026 16:00,30.04
SBA,1/17/2026 16:05,30.04
SBA,1/17/2026 16:10,30.04
SBA,1/17/2026 16:15,30.04
SBA,1/17/2026 16:20,30.04
SBA,1/17/2026 16:25,30.04
SBA,1/17/2026 16:30,30.04
SBA,1/17/2026 16:35,30.04
SBA,1/17/2026 16:40,30.04
SBA,1/17/2026 16:45,30.04
SBA,1/17/2026 16:50,30.05
SBA,1/17/2026 16:55,30.05
SBA,1/17/2026 17:00,30.05
SBA,1/17/2026 17:05,30.05
SBA,1/17/2026 17:10,30.05
SBA,1/17/2026 17:15,30.05
SBA,1/17/2026 17:20,30.05
SBA,1/17/2026 17:25,30.05
SBA,1/17/2026 17:30,30.05
SBA,1/17/2026 17:35,30.06
SBA,1/17/2026 17:40,30.06
SBA,1/17/2026 17:45,30.06
SBA,1/17/2026 17:50,30.06
SBA,1/17/2026 17:55,30.06
SBA,1/17/2026 18:00,30.07
SBA,1/17/2026 18:05,30.07
SBA,1/17/2026 18:10,30.07
SBA,1/17/2026 18:15,30.07
SBA,1/17/2026 18:20,30.07
SBA,1/17/2026 18:25,30.07
SBA,1/17/2026 18:30,30.08
SBA,1/17/2026 18:35,30.08
SBA,1/17/2026 18:40,30.08
SBA,1/17/2026 18:45,30.08
SBA,1/17/2026 18:50,30.08
SBA,1/17/2026 18:55,30.08
SBA,1/17/2026 19:00,30.08
SBA,1/17/2026 19:05,30.08
SBA,1/17/2026 19:10,30.08
SBA,1/17/2026 19:15,30.08
SBA,1/17/2026 19:20,30.08
SBA,1/17/2026 19:25,30.08
SBA,1/17/2026 19:30,30.09
SBA,1/17/2026 19:35,30.09
SBA,1/17/2026 19:40,30.09
SBA,1/17/2026 19:45,30.09
SBA,1/17/2026 19:50,30.09
SBA,1/17/2026 19:55,30.09
SBA,1/17/2026 20:00,30.09
SBA,1/17/2026 20:05,30.09
SBA,1/17/2026 20:10,30.09
SBA,1/17/2026 20:15,30.09
SBA,1/17/2026 20:20,30.09
SBA,1/17/2026 20:25,30.1
SBA,1/17/2026 20:30,30.1
SBA,1/17/2026 20:35,30.1
SBA,1/17/2026 20:40,30.1
SBA,1/17/2026 20:45,30.09
SBA,1/17/2026 20:50,30.09
SBA,1/17/2026 20:55,30.09
SBA,1/17/2026 21:00,30.1
SBA,1/17/2026 21:05,30.1
SBA,1/17/2026 21:10,30.1
SBA,1/17/2026 21:15,30.1
SBA,1/17/2026 21:20,30.1
SBA,1/17/2026 21:25,30.1
SBA,1/17/2026 21:30,30.1
SBA,1/17/2026 21:35,30.1
SBA,1/17/2026 21:40,30.11
SBA,1/17/2026 21:45,30.11
SBA,1/17/2026 21:50,30.11
SBA,1/17/2026 21:55,30.11
SBA,1/17/2026 22:00,30.11
SBA,1/17/2026 22:05,30.11
SBA,1/17/2026 22:10,30.11
SBA,1/17/2026 22:15,30.11
SBA,1/17/2026 22:20,30.11
SBA,1/17/2026 22:25,30.11
SBA,1/17/2026 22:30,30.11
SBA,1/17/2026 22:35,30.11
SBA,1/17/2026 22:40,30.11
SBA,1/17/2026 22:45,30.11
SBA,1/17/2026 22:50,30.11
SBA,1/17/2026 22:55,30.11
SBA,1/17/2026 23:00,30.11
SBA,1/17/2026 23:05,30.11
SBA,1/17/2026 23:10,30.11
SBA,1/17/2026 23:15,30.11
SBA,1/17/2026 23:20,30.11
SBA,1/17/2026 23:25,30.11
SBA,1/17/2026 23:30,30.11
SBA,1/17/2026 23:35,30.1
SBA,1/17/2026 23:40,30.11
SBA,1/17/2026 23:45,30.11
SBA,1/17/2026 23:50,30.11
SBA,1/17/2026 23:55,30.11
SBA,1/18/2026 0:00,30.11
SBA,1/18/2026 0:05,30.11
SBA,1/18/2026 0:10,30.11
SBA,1/18/2026 0:15,30.11
SBA,1/18/2026 0:20,30.11
SBA,1/18/2026 0:25,30.11
SBA,1/18/2026 0:30,30.11
SBA,1/18/2026 0:35,30.11
SBA,1/18/2026 0:40,30.1
SBA,1/18/2026 0:45,30.1
SBA,1/18/2026 0:50,30.1
SBA,1/18/2026 0:55,30.1
SBA,1/18/2026 1:00,30.1
SBA,1/18/2026 1:05,30.1
SBA,1/18/2026 1:10,30.1
SBA,1/18/2026 1:15,30.1
SBA,1/18/2026 1:20,30.1
SBA,1/18/2026 1:25,30.1
SBA,1/18/2026 1:30,30.1
SBA,1/18/2026 1:35,30.1
SBA,1/18/2026 1:40,30.1
SBA,1/18/2026 1:45,30.1
SBA,1/18/2026 1:50,30.1
SBA,1/18/2026 1:55,30.1
SBA,1/18/2026 2:00,30.1
SBA,1/18/2026 2:05,30.1
SBA,1/18/2026 2:10,30.1
SBA,1/18/2026 2:15,30.1
SBA,1/18/2026 2:20,30.1
SBA,1/18/2026 2:25,30.1
SBA,1/18/2026 2:30,30.1
SBA,1/18/2026 2:35,30.1
SBA,1/18/2026 2:40,30.1
SBA,1/18/2026 2:45,30.1
SBA,1/18/2026 2:50,30.1
SBA,1/18/2026 2:55,30.1
SBA,1/18/2026 3:00,30.1
SBA,1/18/2026 3:05,30.1
SBA,1/18/2026 3:10,30.1
SBA,1/18/2026 3:15,30.1
SBA,1/18/2026 3:20,30.1
SBA,1/18/2026 3:25,30.1
SBA,1/18/2026 3:30,30.1
SBA,1/18/2026 3:35,30.09
SBA,1/18/2026 3:40,30.09
SBA,1/18/2026 3:45,30.09
SBA,1/18/2026 3:50,30.09
SBA,1/18/2026 3:55,30.09
SBA,1/18/2026 4:00,30.09
SBA,1/18/2026 4:05,30.09
SBA,1/18/2026 4:10,30.09
SBA,1/18/2026 4:15,30.09
SBA,1/18/2026 4:20,30.09
SBA,1/18/2026 4:25,30.08
SBA,1/18/2026 4:30,30.08
SBA,1/18/2026 4:35,30.08
SBA,1/18/2026 4:40,30.08
SBA,1/18/2026 4:45,30.08
SBA,1/18/2026 4:50,30.08
SBA,1/18/2026 4:55,30.08
SBA,1/18/2026 5:00,30.08
SBA,1/18/2026 5:05,30.08
SBA,1/18/2026 5:10,30.08
SBA,1/18/2026 5:15,30.08
SBA,1/18/2026 5:20,30.08
SBA,1/18/2026 5:25,30.08
SBA,1/18/2026 5:30,30.08
SBA,1/18/2026 5:35,30.08
SBA,1/18/2026 5:40,30.08
SBA,1/18/2026 5:45,30.08
SBA,1/18/2026 5:50,30.08
SBA,1/18/2026 5:55,30.08
SBA,1/18/2026 6:00,30.08
SBA,1/18/2026 6:05,30.08
SBA,1/18/2026 6:10,30.08
SBA,1/18/2026 6:15,30.08
SBA,1/18/2026 6:20,30.08
SBA,1/18/2026 6:25,30.08
SBA,1/18/2026 6:30,30.09
SBA,1/18/2026 6:35,30.09
SBA,1/18/2026 6:40,30.09
SBA,1/18/2026 6:45,30.09
SBA,1/18/2026 6:50,30.09
SBA,1/18/2026 6:55,30.09
SBA,1/18/2026 7:00,30.1
SBA,1/18/2026 7:05,30.1
SBA,1/18/2026 7:10,30.1
SBA,1/18/2026 7:15,30.1
SBA,1/18/2026 7:20,30.1
SBA,1/18/2026 7:25,30.11
SBA,1/18/2026 7:30,30.11
SBA,1/18/2026 7:35,30.11
SBA,1/18/2026 7:40,30.11
SBA,1/18/2026 7:45,30.11
SBA,1/18/2026 7:50,30.11
SBA,1/18/2026 7:55,30.11
SBA,1/18/2026 8:00,30.11
SBA,1/18/2026 8:05,30.11
SBA,1/18/2026 8:10,30.11
SBA,1/18/2026 8:15,30.11
SBA,1/18/2026 8:20,30.11
SBA,1/18/2026 8:25,30.11
SBA,1/18/2026 8:30,30.12
SBA,1/18/2026 8:35,30.12
SBA,1/18/2026 8:40,30.12
SBA,1/18/2026 8:45,30.12
SBA,1/18/2026 8:50,30.12
SBA,1/18/2026 8:55,30.12
SBA,1/18/2026 9:00,30.12
SBA,1/18/2026 9:05,30.12
SBA,1/18/2026 9:10,30.13
SBA,1/18/2026 9:15,30.13
SBA,1/18/2026 9:20,30.13
SBA,1/18/2026 9:25,30.13
SBA,1/18/2026 9:30,30.13
SBA,1/18/2026 9:35,30.13
SBA,1/18/2026 9:40,30.13
SBA,1/18/2026 9:45,30.14
SBA,1/18/2026 9:50,30.14
SBA,1/18/2026 9:55,30.14
SBA,1/18/2026 10:00,30.14
SBA,1/18/2026 10:05,30.13
SBA,1/18/2026 10:10,30.13
SBA,1/18/2026 10:15,30.13
SBA,1/18/2026 10:20,30.13
SBA,1/18/2026 10:25,30.13
SBA,1/18/2026 10:30,30.13
SBA,1/18/2026 10:35,30.13
SBA,1/18/2026 10:40,30.12
SBA,1/18/2026 10:45,30.12
SBA,1/18/2026 10:50,30.12
SBA,1/18/2026 10:55,30.12
SBA,1/18/2026 11:00,30.12
SBA,1/18/2026 11:05,30.11
SBA,1/18/2026 11:10,30.11
SBA,1/18/2026 11:15,30.11
SBA,1/18/2026 11:20,30.11
SBA,1/18/2026 11:25,30.11
SBA,1/18/2026 11:30,30.1
SBA,1/18/2026 11:35,30.1
SBA,1/18/2026 11:40,30.1
SBA,1/18/2026 11:45,30.09
SBA,1/18/2026 11:50,30.09
SBA,1/18/2026 11:55,30.09
SBA,1/18/2026 12:00,30.08
SBA,1/18/2026 12:05,30.08
SBA,1/18/2026 12:10,30.08
SBA,1/18/2026 12:15,30.07
SBA,1/18/2026 12:20,30.07
SBA,1/18/2026 12:25,30.07
SBA,1/18/2026 12:30,30.06
SBA,1/18/2026 12:35,30.06
SBA,1/18/2026 12:40,30.06
SBA,1/18/2026 12:45,30.05
SBA,1/18/2026 12:50,30.05
SBA,1/18/2026 12:55,30.05
SBA,1/18/2026 13:00,30.05
SBA,1/18/2026 13:05,30.05
SBA,1/18/2026 13:10,30.04
SBA,1/18/2026 13:15,30.04
SBA,1/18/2026 13:20,30.04
SBA,1/18/2026 13:25,30.04
SBA,1/18/2026 13:30,30.04
SBA,1/18/2026 13:35,30.04
SBA,1/18/2026 13:40,30.04
SBA,1/18/2026 13:45,30.04
SBA,1/18/2026 13:50,30.04
SBA,1/18/2026 13:55,30.04
SBA,1/18/2026 14:00,30.04
SBA,1/18/2026 14:05,30.04
SBA,1/18/2026 14:10,30.04
SBA,1/18/2026 14:15,30.04
SBA,1/18/2026 14:20,30.04
SBA,1/18/2026 14:25,30.04
SBA,1/18/2026 14:30,30.04
SBA,1/18/2026 14:35,30.04
SBA,1/18/2026 14:40,30.04
SBA,1/18/2026 14:45,30.03
SBA,1/18/2026 14:50,30.03
SBA,1/18/2026 14:55,30.03
SBA,1/18/2026 15:00,30.03
SBA,1/18/2026 15:05,30.03
SBA,1/18/2026 15:10,30.03
SBA,1/18/2026 15:15,30.03
SBA,1/18/2026 15:20,30.03
SBA,1/18/2026 15:25,30.02
SBA,1/18/2026 15:30,30.02
SBA,1/18/2026 15:35,30.02
SBA,1/18/2026 15:40,30.02
SBA,1/18/2026 15:45,30.02
SBA,1/18/2026 15:50,30.02
SBA,1/18/2026 15:55,30.02
SBA,1/18/2026 16:00,30.02
SBA,1/18/2026 16:05,30.02
SBA,1/18/2026 16:10,30.02
SBA,1/18/2026 16:15,30.02
SBA,1/18/2026 16:20,30.02
SBA,1/18/2026 16:25,30.02
SBA,1/18/2026 16:30,30.02
SBA,1/18/2026 16:35,30.02
SBA,1/18/2026 16:40,30.02
SBA,1/18/2026 16:45,30.02
SBA,1/18/2026 16:50,30.02
SBA,1/18/2026 16:55,30.02
SBA,1/18/2026 17:00,30.02
SBA,1/18/2026 17:05,30.02
SBA,1/18/2026 17:10,30.02
SBA,1/18/2026 17:15,30.02
SBA,1/18/2026 17:20,30.03
SBA,1/18/2026 17:25,30.03
SBA,1/18/2026 17:30,30.03
SBA,1/18/2026 17:35,30.03
SBA,1/18/2026 17:40,30.03
SBA,1/18/2026 17:45,30.03
SBA,1/18/2026 17:50,30.03
SBA,1/18/2026 17:55,30.03
SBA,1/18/2026 18:00,30.03
SBA,1/18/2026 18:05,30.03
SBA,1/18/2026 18:10,30.03
SBA,1/18/2026 18:15,30.03
SBA,1/18/2026 18:20,30.03
SBA,1/18/2026 18:25,30.03
SBA,1/18/2026 18:30,30.03
SBA,1/18/2026 18:35,30.03
SBA,1/18/2026 18:40,30.03
SBA,1/18/2026 18:45,30.03
SBA,1/18/2026 18:50,30.03
SBA,1/18/2026 18:55,30.02
SBA,1/18/2026 19:00,30.02
SBA,1/18/2026 19:05,30.02
SBA,1/18/2026 19:10,30.02
SBA,1/18/2026 19:15,30.02
SBA,1/18/2026 19:20,30.02
SBA,1/18/2026 19:25,30.02
SBA,1/18/2026 19:30,30.02
SBA,1/18/2026 19:35,30.03
SBA,1/18/2026 19:40,30.02
SBA,1/18/2026 19:45,30.03
SBA,1/18/2026 19:50,30.03
SBA,1/18/2026 19:55,30.03
SBA,1/18/2026 20:00,30.03
SBA,1/18/2026 20:05,30.02
SBA,1/18/2026 20:10,30.02
SBA,1/18/2026 20:15,30.02
SBA,1/18/2026 20:20,30.02
SBA,1/18/2026 20:25,30.02
SBA,1/18/2026 20:30,30.02
SBA,1/18/2026 20:35,30.02
SBA,1/18/2026 20:40,30.01
SBA,1/18/2026 20:45,30.01
SBA,1/18/2026 20:50,30.01
SBA,1/18/2026 20:55,30.01
SBA,1/18/2026 21:00,30.01
SBA,1/18/2026 21:05,30.01
SBA,1/18/2026 21:10,30.01
SBA,1/18/2026 21:15,30.01
SBA,1/18/2026 21:20,30.01
SBA,1/18/2026 21:25,30.01
SBA,1/18/2026 21:30,30.01
SBA,1/18/2026 21:35,30.02
SBA,1/18/2026 21:40,30.01
SBA,1/18/2026 21:45,30.01
SBA,1/18/2026 21:50,30.01
SBA,1/18/2026 21:55,30.01
SBA,1/18/2026 22:00,30.01
SBA,1/18/2026 22:05,30.02
SBA,1/18/2026 22:10,30.02
SBA,1/18/2026 22:15,30.02
SBA,1/18/2026 22:20,30.02
SBA,1/18/2026 22:25,30.02
SBA,1/18/2026 22:30,30.02
SBA,1/18/2026 22:35,30.02
SBA,1/18/2026 22:40,30.03
SBA,1/18/2026 22:45,30.03
SBA,1/18/2026 22:50,30.03
SBA,1/18/2026 22:55,30.03
SBA,1/18/2026 23:00,30.03
SBA,1/18/2026 23:05,30.03
SBA,1/18/2026 23:10,30.03
SBA,1/18/2026 23:15,30.03
SBA,1/18/2026 23:20,30.03
SBA,1/18/2026 23:25,30.03
SBA,1/18/2026 23:30,30.03
SBA,1/18/2026 23:35,30.03
SBA,1/18/2026 23:40,30.03
SBA,1/18/2026 23:45,30.03
SBA,1/18/2026 23:50,30.03
SBA,1/18/2026 23:55,30.03
SBA,1/19/2026 0:00,30.03
SBA,1/19/2026 0:05,30.03
SBA,1/19/2026 0:10,30.03
SBA,1/19/2026 0:15,30.03
SBA,1/19/2026 0:20,30.03
SBA,1/19/2026 0:25,30.02
SBA,1/19/2026 0:30,30.02
SBA,1/19/2026 0:35,30.02
SBA,1/19/2026 0:40,30.02
SBA,1/19/2026 0:45,30.02
SBA,1/19/2026 0:50,30.02
SBA,1/19/2026 0:55,30.02
SBA,1/19/2026 1:00,30.02
SBA,1/19/2026 1:05,30.02
SBA,1/19/2026 1:10,30.01
SBA,1/19/2026 1:15,30.01
SBA,1/19/2026 1:20,30.01
SBA,1/19/2026 1:25,30.01
SBA,1/19/2026 1:30,30.01
SBA,1/19/2026 1:35,30.01
SBA,1/19/2026 1:40,30.01
SBA,1/19/2026 1:45,30.01
SBA,1/19/2026 1:50,30.01
SBA,1/19/2026 1:55,30.01
SBA,1/19/2026 2:00,30.01
SBA,1/19/2026 2:05,30.01
SBA,1/19/2026 2:10,30.01
SBA,1/19/2026 2:15,30.01
SBA,1/19/2026 2:20,30.01
SBA,1/19/2026 2:25,30.01
SBA,1/19/2026 2:30,30.01
SBA,1/19/2026 2:35,30.01
SBA,1/19/2026 2:40,30.01
SBA,1/19/2026 2:45,30.01
SBA,1/19/2026 2:50,30.01
SBA,1/19/2026 2:55,30.01
SBA,1/19/2026 3:00,30.01
SBA,1/19/2026 3:05,30.01
SBA,1/19/2026 3:10,30
SBA,1/19/2026 3:15,30
SBA,1/19/2026 3:20,30
SBA,1/19/2026 3:25,30
SBA,1/19/2026 3:30,30
SBA,1/19/2026 3:35,30
SBA,1/19/2026 3:40,29.99
SBA,1/19/2026 3:45,29.99
SBA,1/19/2026 3:50,29.99
SBA,1/19/2026 3:55,29.99
SBA,1/19/2026 4:00,29.99
SBA,1/19/2026 4:05,29.99
SBA,1/19/2026 4:10,29.99
SBA,1/19/2026 4:15,29.98
SBA,1/19/2026 4:20,29.98
SBA,1/19/2026 4:25,29.98
SBA,1/19/2026 4:30,29.98
SBA,1/19/2026 4:35,29.98
SBA,1/19/2026 4:40,29.98
SBA,1/19/2026 4:45,29.98
SBA,1/19/2026 4:50,29.98
SBA,1/19/2026 4:55,29.98
SBA,1/19/2026 5:00,29.98
SBA,1/19/2026 5:05,29.98
SBA,1/19/2026 5:10,29.98
SBA,1/19/2026 5:15,29.98
SBA,1/19/2026 5:20,29.98
SBA,1/19/2026 5:25,29.98
SBA,1/19/2026 5:30,29.99
SBA,1/19/2026 5:35,29.99
SBA,1/19/2026 5:40,29.99
SBA,1/19/2026 5:45,29.99
SBA,1/19/2026 5:50,29.99
SBA,1/19/2026 5:55,29.99
SBA,1/19/2026 6:00,29.99
SBA,1/19/2026 6:05,29.99
SBA,1/19/2026 6:10,29.99
SBA,1/19/2026 6:15,30
SBA,1/19/2026 6:20,30
SBA,1/19/2026 6:25,30
SBA,1/19/2026 6:30,30
SBA,1/19/2026 6:35,30
SBA,1/19/2026 6:40,30
SBA,1/19/2026 6:45,30.01
SBA,1/19/2026 6:50,30.01
SBA,1/19/2026 6:55,30.01
SBA,1/19/2026 7:00,30.01
SBA,1/19/2026 7:05,30.01
SBA,1/19/2026 7:10,30.01
SBA,1/19/2026 7:15,30.01
SBA,1/19/2026 7:20,30.01
SBA,1/19/2026 7:25,30.01
SBA,1/19/2026 7:30,30.02
SBA,1/19/2026 7:35,30.02
SBA,1/19/2026 7:40,30.02
SBA,1/19/2026 7:45,30.02
SBA,1/19/2026 7:50,30.02
SBA,1/19/2026 7:55,30.02
SBA,1/19/2026 8:00,30.03
SBA,1/19/2026 8:05,30.03
SBA,1/19/2026 8:10,30.03
SBA,1/19/2026 8:15,30.03
SBA,1/19/2026 8:20,30.03
SBA,1/19/2026 8:25,30.03
SBA,1/19/2026 8:30,30.03
SBA,1/19/2026 8:35,30.03
SBA,1/19/2026 8:40,30.03
SBA,1/19/2026 8:45,30.04
SBA,1/19/2026 8:50,30.04
SBA,1/19/2026 8:55,30.04
SBA,1/19/2026 9:00,30.04
SBA,1/19/2026 9:05,30.04
SBA,1/19/2026 9:10,30.04
SBA,1/19/2026 9:15,30.04
SBA,1/19/2026 9:20,30.04
SBA,1/19/2026 9:25,30.04
SBA,1/19/2026 9:30,30.04
SBA,1/19/2026 9:35,30.04
SBA,1/19/2026 9:40,30.04
SBA,1/19/2026 9:45,30.04
SBA,1/19/2026 9:50,30.04
SBA,1/19/2026 9:55,30.04
SBA,1/19/2026 10:00,30.04
SBA,1/19/2026 10:05,30.04
SBA,1/19/2026 10:10,30.05
SBA,1/19/2026 10:15,30.05
SBA,1/19/2026 10:20,30.04
SBA,1/19/2026 10:25,30.04
SBA,1/19/2026 10:30,30.05
SBA,1/19/2026 10:35,30.05
SBA,1/19/2026 10:40,30.04
SBA,1/19/2026 10:45,30.04
SBA,1/19/2026 10:50,30.04
SBA,1/19/2026 10:55,30.04
SBA,1/19/2026 11:00,30.04
SBA,1/19/2026 11:05,30.04
SBA,1/19/2026 11:10,30.03
SBA,1/19/2026 11:15,30.03
SBA,1/19/2026 11:20,30.03
SBA,1/19/2026 11:25,30.03
SBA,1/19/2026 11:30,30.03
SBA,1/19/2026 11:35,30.02
SBA,1/19/2026 11:40,30.02
SBA,1/19/2026 11:45,30.02
SBA,1/19/2026 11:50,30.02
SBA,1/19/2026 11:55,30.01
SBA,1/19/2026 12:00,30.01
SBA,1/19/2026 12:05,30.01
SBA,1/19/2026 12:10,30.01
SBA,1/19/2026 12:15,30.01
SBA,1/19/2026 12:20,30.01
SBA,1/19/2026 12:25,30.01
SBA,1/19/2026 12:30,30
SBA,1/19/2026 12:35,30
SBA,1/19/2026 12:40,30
SBA,1/19/2026 12:45,30
SBA,1/19/2026 12:50,29.99
SBA,1/19/2026 12:55,29.99
SBA,1/19/2026 13:00,29.99
SBA,1/19/2026 13:05,29.99
SBA,1/19/2026 13:10,29.99
SBA,1/19/2026 13:15,29.99
SBA,1/19/2026 13:20,29.99
SBA,1/19/2026 13:25,29.99
SBA,1/19/2026 13:30,29.99
SBA,1/19/2026 13:35,29.99
SBA,1/19/2026 13:40,29.99
SBA,1/19/2026 13:45,29.99
SBA,1/19/2026 13:50,29.98
SBA,1/19/2026 13:55,29.98
SBA,1/19/2026 14:00,29.98
SBA,1/19/2026 14:05,29.98
SBA,1/19/2026 14:10,29.98
SBA,1/19/2026 14:15,29.98
SBA,1/19/2026 14:20,29.98
SBA,1/19/2026 14:25,29.98
SBA,1/19/2026 14:30,29.98
SBA,1/19/2026 14:35,29.98
SBA,1/19/2026 14:40,29.98
SBA,1/19/2026 14:45,29.98
SBA,1/19/2026 14:50,29.98
SBA,1/19/2026 14:55,29.98
SBA,1/19/2026 15:00,29.98
SBA,1/19/2026 15:05,29.98
SBA,1/19/2026 15:10,29.98
SBA,1/19/2026 15:15,29.98
SBA,1/19/2026 15:20,29.98
SBA,1/19/2026 15:25,29.98
SBA,1/19/2026 15:30,29.97
SBA,1/19/2026 15:35,29.97
SBA,1/19/2026 15:40,29.97
SBA,1/19/2026 15:45,29.97
SBA,1/19/2026 15:50,29.97
SBA,1/19/2026 15:55,29.96
SBA,1/19/2026 16:00,29.96
SBA,1/19/2026 16:05,29.96
SBA,1/19/2026 16:10,29.96
SBA,1/19/2026 16:15,29.96
SBA,1/19/2026 16:20,29.96
SBA,1/19/2026 16:25,29.96
SBA,1/19/2026 16:30,29.96
SBA,1/19/2026 16:35,29.96
SBA,1/19/2026 16:40,29.96
SBA,1/19/2026 16:45,29.96
SBA,1/19/2026 16:50,29.96
SBA,1/19/2026 16:55,29.96
SBA,1/19/2026 17:00,29.96
SBA,1/19/2026 17:05,29.96
SBA,1/19/2026 17:10,29.97
SBA,1/19/2026 17:15,29.97
SBA,1/19/2026 17:20,29.97
SBA,1/19/2026 17:25,29.97
SBA,1/19/2026 17:30,29.97
SBA,1/19/2026 17:35,29.97
SBA,1/19/2026 17:40,29.97
SBA,1/19/2026 17:45,29.98
SBA,1/19/2026 17:50,29.98
SBA,1/19/2026 17:55,29.98
SBA,1/19/2026 18:00,29.98
SBA,1/19/2026 18:05,29.99
SBA,1/19/2026 18:10,29.99
SBA,1/19/2026 18:15,29.99
SBA,1/19/2026 18:20,29.99
SBA,1/19/2026 18:25,30
SBA,1/19/2026 18:30,30
SBA,1/19/2026 18:35,30
SBA,1/19/2026 18:40,30
SBA,1/19/2026 18:45,30.01
SBA,1/19/2026 18:50,30.01
SBA,1/19/2026 18:55,30.01
SBA,1/19/2026 19:00,30.01
SBA,1/19/2026 19:05,30.01
SBA,1/19/2026 19:10,30.01
SBA,1/19/2026 19:15,30.01
SBA,1/19/2026 19:20,30.01
SBA,1/19/2026 19:25,30.01
SBA,1/19/2026 19:30,30.02
SBA,1/19/2026 19:35,30.02
SBA,1/19/2026 19:40,30.02
SBA,1/19/2026 19:45,30.02
SBA,1/19/2026 19:50,30.02
SBA,1/19/2026 19:55,30.02
SBA,1/19/2026 20:00,30.02
SBA,1/19/2026 20:05,30.02
SBA,1/19/2026 20:10,30.02
SBA,1/19/2026 20:15,30.02
SBA,1/19/2026 20:20,30.02
SBA,1/19/2026 20:25,30.02
SBA,1/19/2026 20:30,30.02
SBA,1/19/2026 20:35,30.02
SBA,1/19/2026 20:40,30.03
SBA,1/19/2026 20:45,30.03
SBA,1/19/2026 20:50,30.03
SBA,1/19/2026 20:55,30.03
SBA,1/19/2026 21:00,30.03
SBA,1/19/2026 21:05,30.03
SBA,1/19/2026 21:10,30.03
SBA,1/19/2026 21:15,30.03
SBA,1/19/2026 21:20,30.03
SBA,1/19/2026 21:25,30.04
SBA,1/19/2026 21:30,30.04
SBA,1/19/2026 21:35,30.04
SBA,1/19/2026 21:40,30.04
SBA,1/19/2026 21:45,30.04
SBA,1/19/2026 21:50,30.05
SBA,1/19/2026 21:55,30.05
SBA,1/19/2026 22:00,30.05
SBA,1/19/2026 22:05,30.05
SBA,1/19/2026 22:10,30.05
SBA,1/19/2026 22:15,30.05
SBA,1/19/2026 22:20,30.05
SBA,1/19/2026 22:25,30.05
SBA,1/19/2026 22:30,30.05
SBA,1/19/2026 22:35,30.05
SBA,1/19/2026 22:40,30.05
SBA,1/19/2026 22:45,30.05
SBA,1/19/2026 22:50,30.05
SBA,1/19/2026 22:55,30.05
SBA,1/19/2026 23:00,30.05
SBA,1/19/2026 23:05,30.05
SBA,1/19/2026 23:10,30.05
SBA,1/19/2026 23:15,30.05
SBA,1/19/2026 23:20,30.05
SBA,1/19/2026 23:25,30.05
SBA,1/19/2026 23:30,30.05
SBA,1/19/2026 23:35,30.05
SBA,1/19/2026 23:40,30.05
SBA,1/19/2026 23:45,30.06
SBA,1/19/2026 23:50,30.05
SBA,1/19/2026 23:55,30.05
SBA,1/20/2026 0:00,30.05
SBA,1/20/2026 0:05,30.05
SBA,1/20/2026 0:10,30.04
SBA,1/20/2026 0:15,30.04
SBA,1/20/2026 0:20,30.04
SBA,1/20/2026 0:25,30.04
SBA,1/20/2026 0:30,30.04
SBA,1/20/2026 0:35,30.04
SBA,1/20/2026 0:40,30.03
SBA,1/20/2026 0:45,30.03
SBA,1/20/2026 0:50,30.03
SBA,1/20/2026 0:55,30.03
SBA,1/20/2026 1:00,30.03
SBA,1/20/2026 1:05,30.03
SBA,1/20/2026 1:10,30.03
SBA,1/20/2026 1:15,30.03
SBA,1/20/2026 1:20,30.03
SBA,1/20/2026 1:25,30.03
SBA,1/20/2026 1:30,30.03
SBA,1/20/2026 1:35,30.04
SBA,1/20/2026 1:40,30.03
SBA,1/20/2026 1:45,30.03
SBA,1/20/2026 1:50,30.03
SBA,1/20/2026 1:55,30.03
SBA,1/20/2026 2:00,30.03
SBA,1/20/2026 2:05,30.03
SBA,1/20/2026 2:10,30.04
SBA,1/20/2026 2:15,30.04
SBA,1/20/2026 2:20,30.04
SBA,1/20/2026 2:25,30.04
SBA,1/20/2026 2:30,30.04
SBA,1/20/2026 2:35,30.03
SBA,1/20/2026 2:40,30.03
SBA,1/20/2026 2:45,30.04
SBA,1/20/2026 2:50,30.04
SBA,1/20/2026 2:55,30.04
SBA,1/20/2026 3:00,30.04
SBA,1/20/2026 3:05,30.04
SBA,1/20/2026 3:10,30.03
SBA,1/20/2026 3:15,30.03
SBA,1/20/2026 3:20,30.03
SBA,1/20/2026 3:25,30.03
SBA,1/20/2026 3:30,30.03
SBA,1/20/2026 3:35,30.03
SBA,1/20/2026 3:40,30.03
SBA,1/20/2026 3:45,30.03
SBA,1/20/2026 3:50,30.03
SBA,1/20/2026 3:55,30.03
SBA,1/20/2026 4:00,30.02
SBA,1/20/2026 4:05,30.02
SBA,1/20/2026 4:10,30.02
SBA,1/20/2026 4:15,30.02
SBA,1/20/2026 4:20,30.02
SBA,1/20/2026 4:25,30.02
SBA,1/20/2026 4:30,30.02
SBA,1/20/2026 4:35,30.02
SBA,1/20/2026 4:40,30.02
SBA,1/20/2026 4:45,30.02
SBA,1/20/2026 4:50,30.02
SBA,1/20/2026 4:55,30.02
SBA,1/20/2026 5:00,30.03
SBA,1/20/2026 5:05,30.03
SBA,1/20/2026 5:10,30.03
SBA,1/20/2026 5:15,30.03
SBA,1/20/2026 5:20,30.03
SBA,1/20/2026 5:25,30.03
SBA,1/20/2026 5:30,30.03
SBA,1/20/2026 5:35,30.04
SBA,1/20/2026 5:40,30.04
SBA,1/20/2026 5:45,30.04
SBA,1/20/2026 5:50,30.04
SBA,1/20/2026 5:55,30.04
SBA,1/20/2026 6:00,30.04
SBA,1/20/2026 6:05,30.04
SBA,1/20/2026 6:10,30.04
SBA,1/20/2026 6:15,30.04
SBA,1/20/2026 6:20,30.04
SBA,1/20/2026 6:25,30.04
SBA,1/20/2026 6:30,30.04
SBA,1/20/2026 6:35,30.04
SBA,1/20/2026 6:40,30.04
SBA,1/20/2026 6:45,30.04
SBA,1/20/2026 6:50,30.05
SBA,1/20/2026 6:55,30.05
SBA,1/20/2026 7:00,30.05
SBA,1/20/2026 7:05,30.05
SBA,1/20/2026 7:10,30.05
SBA,1/20/2026 7:15,30.05
SBA,1/20/2026 7:20,30.06
SBA,1/20/2026 7:25,30.06
SBA,1/20/2026 7:30,30.06
SBA,1/20/2026 7:35,30.07
SBA,1/20/2026 7:40,30.07
SBA,1/20/2026 7:45,30.07
SBA,1/20/2026 7:50,30.07
SBA,1/20/2026 7:55,30.07
SBA,1/20/2026 8:00,30.07
SBA,1/20/2026 8:05,30.07
SBA,1/20/2026 8:10,30.07
SBA,1/20/2026 8:15,30.07
SBA,1/20/2026 8:20,30.07
SBA,1/20/2026 8:25,30.08
SBA,1/20/2026 8:30,30.08
SBA,1/20/2026 8:35,30.08
SBA,1/20/2026 8:40,30.08
SBA,1/20/2026 8:45,30.08
SBA,1/20/2026 8:50,30.08
SBA,1/20/2026 8:55,30.09
SBA,1/20/2026 9:00,30.09
SBA,1/20/2026 9:05,30.09
SBA,1/20/2026 9:10,30.09
SBA,1/20/2026 9:15,30.09
SBA,1/20/2026 9:20,30.09
SBA,1/20/2026 9:25,30.09
SBA,1/20/2026 9:30,30.09
SBA,1/20/2026 9:35,30.09
SBA,1/20/2026 9:40,30.09
SBA,1/20/2026 9:45,30.09
SBA,1/20/2026 9:50,30.09
SBA,1/20/2026 9:55,30.09
SBA,1/20/2026 10:00,30.1
SBA,1/20/2026 10:05,30.1
SBA,1/20/2026 10:10,30.1
SBA,1/20/2026 10:15,30.1
SBA,1/20/2026 10:20,30.1
SBA,1/20/2026 10:25,30.11
SBA,1/20/2026 10:30,30.11
SBA,1/20/2026 10:35,30.1
SBA,1/20/2026 10:40,30.1
SBA,1/20/2026 10:45,30.1
SBA,1/20/2026 10:50,30.1
SBA,1/20/2026 10:55,30.1
SBA,1/20/2026 11:00,30.1
SBA,1/20/2026 11:05,30.1
SBA,1/20/2026 11:10,30.1
SBA,1/20/2026 11:15,30.1
SBA,1/20/2026 11:20,30.09
SBA,1/20/2026 11:25,30.09
SBA,1/20/2026 11:30,30.09
SBA,1/20/2026 11:35,30.09
SBA,1/20/2026 11:40,30.09
SBA,1/20/2026 11:45,30.08
SBA,1/20/2026 11:50,30.08
SBA,1/20/2026 11:55,30.08
SBA,1/20/2026 12:00,30.07
SBA,1/20/2026 12:05,30.07
SBA,1/20/2026 12:10,30.07
SBA,1/20/2026 12:15,30.07
SBA,1/20/2026 12:20,30.06
SBA,1/20/2026 12:25,30.06
SBA,1/20/2026 12:30,30.06
SBA,1/20/2026 12:35,30.06
SBA,1/20/2026 12:40,30.05
SBA,1/20/2026 12:45,30.05
SBA,1/20/2026 12:50,30.05
SBA,1/20/2026 12:55,30.05
SBA,1/20/2026 13:00,30.05
SBA,1/20/2026 13:05,30.05
SBA,1/20/2026 13:10,30.05
SBA,1/20/2026 13:15,30.05
SBA,1/20/2026 13:20,30.05
SBA,1/20/2026 13:25,30.05
SBA,1/20/2026 13:30,30.05
SBA,1/20/2026 13:35,30.05
SBA,1/20/2026 13:40,30.05
SBA,1/20/2026 13:45,30.05
SBA,1/20/2026 13:50,30.05
SBA,1/20/2026 13:55,30.05
SBA,1/20/2026 14:00,30.04
SBA,1/20/2026 14:05,30.04
SBA,1/20/2026 14:10,30.04
SBA,1/20/2026 14:15,30.04
SBA,1/20/2026 14:20,30.04
SBA,1/20/2026 14:25,30.04
SBA,1/20/2026 14:30,30.04
SBA,1/20/2026 14:35,30.04
SBA,1/20/2026 14:40,30.04
SBA,1/20/2026 14:45,30.04
SBA,1/20/2026 14:50,30.04
SBA,1/20/2026 14:55,30.04
SBA,1/20/2026 15:00,30.04
SBA,1/20/2026 15:05,30.04
SBA,1/20/2026 15:10,30.03
SBA,1/20/2026 15:15,30.03
SBA,1/20/2026 15:20,30.03
SBA,1/20/2026 15:25,30.04
SBA,1/20/2026 15:30,30.04
SBA,1/20/2026 15:35,30.04
SBA,1/20/2026 15:40,30.04
SBA,1/20/2026 15:45,30.05
SBA,1/20/2026 15:50,30.05
SBA,1/20/2026 15:55,30.04
SBA,1/20/2026 16:00,30.05
SBA,1/20/2026 16:05,30.05
SBA,1/20/2026 16:10,30.05
SBA,1/20/2026 16:15,30.04
SBA,1/20/2026 16:20,30.04
SBA,1/20/2026 16:25,30.04
SBA,1/20/2026 16:30,30.04
SBA,1/20/2026 16:35,30.04
SBA,1/20/2026 16:40,30.04
SBA,1/20/2026 16:45,30.04
SBA,1/20/2026 16:50,30.03
SBA,1/20/2026 16:55,30.03
SBA,1/20/2026 17:00,30.03
SBA,1/20/2026 17:05,30.03
SBA,1/20/2026 17:10,30.03
SBA,1/20/2026 17:15,30.03
SBA,1/20/2026 17:20,30.03
SBA,1/20/2026 17:25,30.03
SBA,1/20/2026 17:30,30.03
SBA,1/20/2026 17:35,30.04
SBA,1/20/2026 17:40,30.04
SBA,1/20/2026 17:45,30.03
SBA,1/20/2026 17:50,30.04
SBA,1/20/2026 17:55,30.04
SBA,1/20/2026 18:00,30.03
SBA,1/20/2026 18:05,30.03
SBA,1/20/2026 18:10,30.03
SBA,1/20/2026 18:15,30.03
SBA,1/20/2026 18:20,30.03
SBA,1/20/2026 18:25,30.03
SBA,1/20/2026 18:30,30.03
SBA,1/20/2026 18:35,30.03
SBA,1/20/2026 18:40,30.03
SBA,1/20/2026 18:45,30.03
SBA,1/20/2026 18:50,30.03
SBA,1/20/2026 18:55,30.03
SBA,1/20/2026 19:00,30.02
SBA,1/20/2026 19:05,30.03
SBA,1/20/2026 19:10,30.02
SBA,1/20/2026 19:15,30.03
SBA,1/20/2026 19:20,30.02
SBA,1/20/2026 19:25,30.03
SBA,1/20/2026 19:30,30.03
SBA,1/20/2026 19:35,30.03
SBA,1/20/2026 19:40,30.03
SBA,1/20/2026 19:45,30.03
SBA,1/20/2026 19:50,30.03
SBA,1/20/2026 19:55,30.03
SBA,1/20/2026 20:00,30.03
SBA,1/20/2026 20:05,30.03
SBA,1/20/2026 20:10,30.03
SBA,1/20/2026 20:15,30.03
SBA,1/20/2026 20:20,30.03
SBA,1/20/2026 20:25,30.03
SBA,1/20/2026 20:30,30.03
SBA,1/20/2026 20:35,30.03
SBA,1/20/2026 20:40,30.03
SBA,1/20/2026 20:45,30.04
SBA,1/20/2026 20:50,30.04
SBA,1/20/2026 20:55,30.04
SBA,1/20/2026 21:00,30.04
SBA,1/20/2026 21:05,30.04
SBA,1/20/2026 21:10,30.04
SBA,1/20/2026 21:15,30.05
SBA,1/20/2026 21:20,30.05
SBA,1/20/2026 21:25,30.05
SBA,1/20/2026 21:30,30.05
SBA,1/20/2026 21:35,30.05
SBA,1/20/2026 21:40,30.05
SBA,1/20/2026 21:45,30.05
SBA,1/20/2026 21:50,30.05
SBA,1/20/2026 21:55,30.05
SBA,1/20/2026 22:00,30.06
SBA,1/20/2026 22:05,30.05
SBA,1/20/2026 22:10,30.06
SBA,1/20/2026 22:15,30.06
SBA,1/20/2026 22:20,30.05
SBA,1/20/2026 22:25,30.05
SBA,1/20/2026 22:30,30.06
SBA,1/20/2026 22:35,30.06
SBA,1/20/2026 22:40,30.06
SBA,1/20/2026 22:45,30.06
SBA,1/20/2026 22:50,30.06
SBA,1/20/2026 22:55,30.06
SBA,1/20/2026 23:00,30.05
SBA,1/20/2026 23:05,30.05
SBA,1/20/2026 23:10,30.05
SBA,1/20/2026 23:15,30.06
SBA,1/20/2026 23:20,30.06
SBA,1/20/2026 23:25,30.06
SBA,1/20/2026 23:30,30.06
SBA,1/20/2026 23:35,30.06
SBA,1/20/2026 23:40,30.06
SBA,1/20/2026 23:45,30.06
SBA,1/20/2026 23:50,30.06
SBA,1/20/2026 23:55,30.06
SBA,1/21/2026 0:00,30.06
SBA,1/21/2026 0:05,30.07
SBA,1/21/2026 0:10,30.07
SBA,1/21/2026 0:15,30.07
SBA,1/21/2026 0:20,30.07
SBA,1/21/2026 0:25,30.07
SBA,1/21/2026 0:30,30.08
SBA,1/21/2026 0:35,30.08
SBA,1/21/2026 0:40,30.08
SBA,1/21/2026 0:45,30.08
SBA,1/21/2026 0:50,30.08
SBA,1/21/2026 0:55,30.08
SBA,1/21/2026 1:00,30.08
SBA,1/21/2026 1:05,30.07
SBA,1/21/2026 1:10,30.08
SBA,1/21/2026 1:15,30.08
SBA,1/21/2026 1:20,30.08
SBA,1/21/2026 1:25,30.08
SBA,1/21/2026 1:30,30.08
SBA,1/21/2026 1:35,30.08
SBA,1/21/2026 1:40,30.08
SBA,1/21/2026 1:45,30.08
SBA,1/21/2026 1:50,30.08
SBA,1/21/2026 1:55,30.08
SBA,1/21/2026 2:00,30.08
SBA,1/21/2026 2:05,30.08
SBA,1/21/2026 2:10,30.08
SBA,1/21/2026 2:15,30.08
SBA,1/21/2026 2:20,30.08
SBA,1/21/2026 2:25,30.08
SBA,1/21/2026 2:30,30.08
SBA,1/21/2026 2:35,30.09
SBA,1/21/2026 2:40,30.09
SBA,1/21/2026 2:45,30.09
SBA,1/21/2026 2:50,30.09
SBA,1/21/2026 2:55,30.09
SBA,1/21/2026 3:00,30.09
SBA,1/21/2026 3:05,30.09
SBA,1/21/2026 3:10,30.09
SBA,1/21/2026 3:15,30.09
SBA,1/21/2026 3:20,30.09
SBA,1/21/2026 3:25,30.09
SBA,1/21/2026 3:30,30.09
SBA,1/21/2026 3:35,30.08
SBA,1/21/2026 3:40,30.08
SBA,1/21/2026 3:45,30.08
SBA,1/21/2026 3:50,30.08
SBA,1/21/2026 3:55,30.08
SBA,1/21/2026 4:00,30.08
SBA,1/21/2026 4:05,30.08
SBA,1/21/2026 4:10,30.08
SBA,1/21/2026 4:15,30.07
SBA,1/21/2026 4:20,30.07
SBA,1/21/2026 4:25,30.07
SBA,1/21/2026 4:30,30.07
SBA,1/21/2026 4:35,30.07
SBA,1/21/2026 4:40,30.07
SBA,1/21/2026 4:45,30.06
SBA,1/21/2026 4:50,30.06
SBA,1/21/2026 4:55,30.06
SBA,1/21/2026 5:00,30.06
SBA,1/21/2026 5:05,30.06
SBA,1/21/2026 5:10,30.06
SBA,1/21/2026 5:15,30.06
SBA,1/21/2026 5:20,30.05
SBA,1/21/2026 5:25,30.05
SBA,1/21/2026 5:30,30.05
SBA,1/21/2026 5:35,30.05
SBA,1/21/2026 5:40,30.06
SBA,1/21/2026 5:45,30.06
SBA,1/21/2026 5:50,30.06
SBA,1/21/2026 5:55,30.06
SBA,1/21/2026 6:00,30.06
SBA,1/21/2026 6:05,30.06
SBA,1/21/2026 6:10,30.06
SBA,1/21/2026 6:15,30.06
SBA,1/21/2026 6:20,30.06
SBA,1/21/2026 6:25,30.06
SBA,1/21/2026 6:30,30.06
SBA,1/21/2026 6:35,30.06
SBA,1/21/2026 6:40,30.07
SBA,1/21/2026 6:45,30.07
SBA,1/21/2026 6:50,30.07
SBA,1/21/2026 6:55,30.07
SBA,1/21/2026 7:00,30.07
SBA,1/21/2026 7:05,30.07
SBA,1/21/2026 7:10,30.08
SBA,1/21/2026 7:15,30.08
SBA,1/21/2026 7:20,30.08
SBA,1/21/2026 7:25,30.08
SBA,1/21/2026 7:30,30.08
SBA,1/21/2026 7:35,30.08
SBA,1/21/2026 7:40,30.07
SBA,1/21/2026 7:45,30.08
SBA,1/21/2026 7:50,30.07
SBA,1/21/2026 7:55,30.07
SBA,1/21/2026 8:00,30.07
SBA,1/21/2026 8:05,30.07
SBA,1/21/2026 8:10,30.07
SBA,1/21/2026 8:15,30.07
SBA,1/21/2026 8:20,30.07
SBA,1/21/2026 8:25,30.07
SBA,1/21/2026 8:30,30.07
SBA,1/21/2026 8:35,30.07
SBA,1/21/2026 8:40,30.08
SBA,1/21/2026 8:45,30.09
SBA,1/21/2026 8:50,30.09
SBA,1/21/2026 8:55,30.09
SBA,1/21/2026 9:00,30.1
SBA,1/21/2026 9:05,30.1
SBA,1/21/2026 9:10,30.1
SBA,1/21/2026 9:15,30.11
SBA,1/21/2026 9:20,30.11
SBA,1/21/2026 9:25,30.11
SBA,1/21/2026 9:30,30.1
SBA,1/21/2026 9:35,30.1
SBA,1/21/2026 9:40,30.11
SBA,1/21/2026 9:45,30.11
SBA,1/21/2026 9:50,30.11
SBA,1/21/2026 9:55,30.12
SBA,1/21/2026 10:00,30.12
SBA,1/21/2026 10:05,30.11
SBA,1/21/2026 10:10,30.11
SBA,1/21/2026 10:15,30.11
SBA,1/21/2026 10:20,30.11
SBA,1/21/2026 10:25,30.11
SBA,1/21/2026 10:30,30.1
SBA,1/21/2026 10:35,30.1
SBA,1/21/2026 10:40,30.1
SBA,1/21/2026 10:45,30.1
SBA,1/21/2026 10:50,30.1
SBA,1/21/2026 10:55,30.1
SBA,1/21/2026 11:00,30.1
SBA,1/21/2026 11:05,30.1
SBA,1/21/2026 11:10,30.11
SBA,1/21/2026 11:15,30.11
SBA,1/21/2026 11:20,30.11
SBA,1/21/2026 11:25,30.11
SBA,1/21/2026 11:30,30.11
SBA,1/21/2026 11:35,30.11
SBA,1/21/2026 11:40,30.1
SBA,1/21/2026 11:45,30.1
SBA,1/21/2026 11:50,30.1
SBA,1/21/2026 11:55,30.1
SBA,1/21/2026 12:00,30.1
SBA,1/21/2026 12:05,30.09
SBA,1/21/2026 12:10,30.09
SBA,1/21/2026 12:15,30.08
SBA,1/21/2026 12:20,30.09
SBA,1/21/2026 12:25,30.09
SBA,1/21/2026 12:30,30.08
SBA,1/21/2026 12:35,30.08
SBA,1/21/2026 12:40,30.08
SBA,1/21/2026 12:45,30.08
SBA,1/21/2026 12:50,30.08
SBA,1/21/2026 12:55,30.08
SBA,1/21/2026 13:00,30.09
SBA,1/21/2026 13:05,30.08
SBA,1/21/2026 13:10,30.07
SBA,1/21/2026 13:15,30.07
SBA,1/21/2026 13:20,30.08
SBA,1/21/2026 13:25,30.08
SBA,1/21/2026 13:30,30.07
SBA,1/21/2026 13:35,30.07
SBA,1/21/2026 13:40,30.07
SBA,1/21/2026 13:45,30.07
SBA,1/21/2026 13:50,30.07
SBA,1/21/2026 13:55,30.05
SBA,1/21/2026 14:00,30.05
SBA,1/21/2026 14:05,30.05
SBA,1/21/2026 14:10,30.05
SBA,1/21/2026 14:15,30.04
SBA,1/21/2026 14:20,30.04
SBA,1/21/2026 14:25,30.03
SBA,1/21/2026 14:30,30.03
SBA,1/21/2026 14:35,30.03
SBA,1/21/2026 14:40,30.03
SBA,1/21/2026 14:45,30.04
SBA,1/21/2026 14:50,30.04
SBA,1/21/2026 14:55,30.04
SBA,1/21/2026 15:00,30.04
SBA,1/21/2026 15:05,30.04
SBA,1/21/2026 15:10,30.04
SBA,1/21/2026 15:15,30.04
SBA,1/21/2026 15:20,30.04
SBA,1/21/2026 15:25,30.05
SBA,1/21/2026 15:30,30.05
SBA,1/21/2026 15:35,30.04
SBA,1/21/2026 15:40,30.03
SBA,1/21/2026 15:45,30.03
SBA,1/21/2026 15:50,30.03
SBA,1/21/2026 15:55,30.02
SBA,1/21/2026 16:00,30.03
SBA,1/21/2026 16:05,30.01
SBA,1/21/2026 16:10,30.02
SBA,1/21/2026 16:15,30.01
SBA,1/21/2026 16:20,30.01
SBA,1/21/2026 16:25,30.01
SBA,1/21/2026 16:30,30
SBA,1/21/2026 16:35,30.02
SBA,1/21/2026 16:40,30.02
SBA,1/21/2026 16:45,30.02
SBA,1/21/2026 16:50,30.02
SBA,1/21/2026 16:55,30.02
SBA,1/21/2026 17:00,30.03
SBA,1/21/2026 17:05,30.03
SBA,1/21/2026 17:10,30.03
SBA,1/21/2026 17:15,30.02
SBA,1/21/2026 17:20,30.02
SBA,1/21/2026 17:25,30.03
SBA,1/21/2026 17:30,30.01
SBA,1/21/2026 17:35,30.03
SBA,1/21/2026 17:40,30.02
SBA,1/21/2026 17:45,30.03
SBA,1/21/2026 17:50,30.02
SBA,1/21/2026 17:55,30.02
SBA,1/21/2026 18:00,30.02
SBA,1/21/2026 18:05,30.03
SBA,1/21/2026 18:10,30.02
SBA,1/21/2026 18:15,30.02
SBA,1/21/2026 18:20,30.02
SBA,1/21/2026 18:25,30.02
SBA,1/21/2026 18:30,30.01
SBA,1/21/2026 18:35,30.01
SBA,1/21/2026 18:40,30.02
SBA,1/21/2026 18:45,30.02
SBA,1/21/2026 18:50,30.03
SBA,1/21/2026 18:55,30.02
SBA,1/21/2026 19:00,30.03
SBA,1/21/2026 19:05,30.03
SBA,1/21/2026 19:10,30.03
SBA,1/21/2026 19:15,30.03
SBA,1/21/2026 19:20,30.02
SBA,1/21/2026 19:25,30.03
SBA,1/21/2026 19:30,30.03
SBA,1/21/2026 19:35,30.02
SBA,1/21/2026 19:40,30.01
SBA,1/21/2026 19:45,30
SBA,1/21/2026 19:50,30
SBA,1/21/2026 19:55,30
SBA,1/21/2026 20:00,30
SBA,1/21/2026 20:05,30.01
SBA,1/21/2026 20:10,30.01
SBA,1/21/2026 20:15,30.03
SBA,1/21/2026 20:20,30.02
SBA,1/21/2026 20:25,30.03
SBA,1/21/2026 20:30,30.05
SBA,1/21/2026 20:35,30.04
SBA,1/21/2026 20:40,30.04
SBA,1/21/2026 20:45,30.04
SBA,1/21/2026 20:50,30.05
SBA,1/21/2026 20:55,30.04
SBA,1/21/2026 21:00,30.04
SBA,1/21/2026 21:05,30.04
SBA,1/21/2026 21:10,30.05
SBA,1/21/2026 21:15,30.05
SBA,1/21/2026 21:20,30.06
SBA,1/21/2026 21:25,30.05
SBA,1/21/2026 21:30,30.05
SBA,1/21/2026 21:35,30.05
SBA,1/21/2026 21:40,30.05
SBA,1/21/2026 21:45,30.05
SBA,1/21/2026 21:50,30.04
SBA,1/21/2026 21:55,30.04
SBA,1/21/2026 22:00,30.04
SBA,1/21/2026 22:05,30.03
SBA,1/21/2026 22:10,30.04
SBA,1/21/2026 22:15,30.04
SBA,1/21/2026 22:20,30.04
SBA,1/21/2026 22:25,30.04
SBA,1/21/2026 22:30,30.04
SBA,1/21/2026 22:35,30.04
SBA,1/21/2026 22:40,30.04
SBA,1/21/2026 22:45,30.03
SBA,1/21/2026 22:50,30.03
SBA,1/21/2026 22:55,30.03
SBA,1/21/2026 23:00,30.03
SBA,1/21/2026 23:05,30.03
SBA,1/21/2026 23:10,30.03
SBA,1/21/2026 23:15,30.03
SBA,1/21/2026 23:20,30.03
SBA,1/21/2026 23:25,30.03
SBA,1/21/2026 23:30,30.03
SBA,1/21/2026 23:35,30.02
SBA,1/21/2026 23:40,30.03
SBA,1/21/2026 23:45,30.03
SBA,1/21/2026 23:50,30.02
SBA,1/21/2026 23:55,30.03
SBA,1/22/2026 0:00,30.03
SBA,1/22/2026 0:05,30.03
SBA,1/22/2026 0:10,30.02
SBA,1/22/2026 0:15,30.03
SBA,1/22/2026 0:20,30.03
SBA,1/22/2026 0:25,30.03
SBA,1/22/2026 0:30,30.03
SBA,1/22/2026 0:35,30.03
SBA,1/22/2026 0:40,30.03
SBA,1/22/2026 0:45,30.03
SBA,1/22/2026 0:50,30.02
SBA,1/22/2026 0:55,30.02
SBA,1/22/2026 1:00,30.02
SBA,1/22/2026 1:05,30.02
SBA,1/22/2026 1:10,30.02
SBA,1/22/2026 1:15,30.02
SBA,1/22/2026 1:20,30.02
SBA,1/22/2026 1:25,30.01
SBA,1/22/2026 1:30,30.01
SBA,1/22/2026 1:35,30.01
SBA,1/22/2026 1:40,30.02
SBA,1/22/2026 1:45,30.01
SBA,1/22/2026 1:50,30.01
SBA,1/22/2026 1:55,30.01
SBA,1/22/2026 2:00,30.01
SBA,1/22/2026 2:05,30.01
SBA,1/22/2026 2:10,30.02
SBA,1/22/2026 2:15,30.01
SBA,1/22/2026 2:20,30.01
SBA,1/22/2026 2:25,30.01
SBA,1/22/2026 2:30,30
SBA,1/22/2026 2:35,30
SBA,1/22/2026 2:40,30.01
SBA,1/22/2026 2:45,30.01
SBA,1/22/2026 2:50,30
SBA,1/22/2026 2:55,30
SBA,1/22/2026 3:00,30
SBA,1/22/2026 3:05,30
SBA,1/22/2026 3:10,30
SBA,1/22/2026 3:15,29.99
SBA,1/22/2026 3:20,29.99
SBA,1/22/2026 3:25,29.99
SBA,1/22/2026 3:30,29.99
SBA,1/22/2026 3:35,29.99
SBA,1/22/2026 3:40,29.98
SBA,1/22/2026 3:45,29.99
SBA,1/22/2026 3:50,29.98
SBA,1/22/2026 3:55,29.98
SBA,1/22/2026 4:00,29.98
SBA,1/22/2026 4:05,29.97
SBA,1/22/2026 4:10,29.97
SBA,1/22/2026 4:15,29.97
SBA,1/22/2026 4:20,29.98
SBA,1/22/2026 4:25,29.97
SBA,1/22/2026 4:30,29.97
SBA,1/22/2026 4:35,29.97
SBA,1/22/2026 4:40,29.97
SBA,1/22/2026 4:45,29.97
SBA,1/22/2026 4:50,29.98
SBA,1/22/2026 4:55,29.98
SBA,1/22/2026 5:00,29.98
SBA,1/22/2026 5:05,29.98
SBA,1/22/2026 5:10,29.97
SBA,1/22/2026 5:15,29.97
SBA,1/22/2026 5:20,29.97
SBA,1/22/2026 5:25,29.97
SBA,1/22/2026 5:30,29.96
SBA,1/22/2026 5:35,29.97
SBA,1/22/2026 5:40,29.97
SBA,1/22/2026 5:45,29.97
SBA,1/22/2026 5:50,29.96
SBA,1/22/2026 5:55,29.97
SBA,1/22/2026 6:00,29.96
SBA,1/22/2026 6:05,29.96
SBA,1/22/2026 6:10,29.97
SBA,1/22/2026 6:15,29.97
SBA,1/22/2026 6:20,29.97
SBA,1/22/2026 6:25,29.97
SBA,1/22/2026 6:30,29.98
SBA,1/22/2026 6:35,29.98
SBA,1/22/2026 6:40,29.99
SBA,1/22/2026 6:45,29.98
SBA,1/22/2026 6:50,29.98
SBA,1/22/2026 6:55,29.99
SBA,1/22/2026 7:00,29.99
SBA,1/22/2026 7:05,29.99
SBA,1/22/2026 7:10,29.99
SBA,1/22/2026 7:15,30
SBA,1/22/2026 7:20,30
SBA,1/22/2026 7:25,30
SBA,1/22/2026 7:30,30
SBA,1/22/2026 7:35,30
SBA,1/22/2026 7:40,30
SBA,1/22/2026 7:45,30
SBA,1/22/2026 7:50,30.01
SBA,1/22/2026 7:55,30.01
SBA,1/22/2026 8:00,30
SBA,1/22/2026 8:05,30
SBA,1/22/2026 8:10,30
SBA,1/22/2026 8:15,30
SBA,1/22/2026 8:20,30
SBA,1/22/2026 8:25,30.01
SBA,1/22/2026 8:30,30
SBA,1/22/2026 8:35,30.01
SBA,1/22/2026 8:40,30
SBA,1/22/2026 8:45,30
SBA,1/22/2026 8:50,30
SBA,1/22/2026 8:55,30
SBA,1/22/2026 9:00,30
SBA,1/22/2026 9:05,29.99
SBA,1/22/2026 9:10,29.99
SBA,1/22/2026 9:15,29.99
SBA,1/22/2026 9:20,29.99
SBA,1/22/2026 9:25,29.99
SBA,1/22/2026 9:30,29.99
SBA,1/22/2026 9:35,29.99
SBA,1/22/2026 9:40,30
SBA,1/22/2026 9:45,30
SBA,1/22/2026 9:50,30
SBA,1/22/2026 9:55,30
SBA,1/22/2026 10:00,30
SBA,1/22/2026 10:05,30
SBA,1/22/2026 10:10,30
SBA,1/22/2026 10:15,30
SBA,1/22/2026 10:20,30.01
SBA,1/22/2026 10:25,30
SBA,1/22/2026 10:30,30
SBA,1/22/2026 10:35,30
SBA,1/22/2026 10:40,30
SBA,1/22/2026 10:45,30
SBA,1/22/2026 10:50,30
SBA,1/22/2026 10:55,30
SBA,1/22/2026 11:00,30
SBA,1/22/2026 11:05,29.99
SBA,1/22/2026 11:10,29.99
SBA,1/22/2026 11:15,29.99
SBA,1/22/2026 11:20,29.99
SBA,1/22/2026 11:25,29.99
SBA,1/22/2026 11:30,29.99
SBA,1/22/2026 11:35,29.99
SBA,1/22/2026 11:40,29.99
SBA,1/22/2026 11:45,29.99
SBA,1/22/2026 11:50,29.99
SBA,1/22/2026 11:55,29.98
SBA,1/22/2026 12:00,29.98
SBA,1/22/2026 12:05,29.98
SBA,1/22/2026 12:10,29.98
SBA,1/22/2026 12:15,29.98
SBA,1/22/2026 12:20,29.98
SBA,1/22/2026 12:25,29.97
SBA,1/22/2026 12:30,29.97
SBA,1/22/2026 12:35,29.97
SBA,1/22/2026 12:40,29.96
SBA,1/22/2026 12:45,29.96
SBA,1/22/2026 12:50,29.96
SBA,1/22/2026 12:55,29.96
SBA,1/22/2026 13:00,29.96
SBA,1/22/2026 13:05,29.96
SBA,1/22/2026 13:10,29.95
SBA,1/22/2026 13:15,29.95
SBA,1/22/2026 13:20,29.95
SBA,1/22/2026 13:25,29.95
SBA,1/22/2026 13:30,29.95
SBA,1/22/2026 13:35,29.95
SBA,1/22/2026 13:40,29.95
SBA,1/22/2026 13:45,29.95
SBA,1/22/2026 13:50,29.95
SBA,1/22/2026 13:55,29.95
SBA,1/22/2026 14:00,29.95
SBA,1/22/2026 14:05,29.95
SBA,1/22/2026 14:10,29.94
SBA,1/22/2026 14:15,29.94
SBA,1/22/2026 14:20,29.94
SBA,1/22/2026 14:25,29.94
SBA,1/22/2026 14:30,29.94
SBA,1/22/2026 14:35,29.94
SBA,1/22/2026 14:40,29.94
SBA,1/22/2026 14:45,29.94
SBA,1/22/2026 14:50,29.95
SBA,1/22/2026 14:55,29.95
SBA,1/22/2026 15:00,29.95
SBA,1/22/2026 15:05,29.95
SBA,1/22/2026 15:10,29.95
SBA,1/22/2026 15:15,29.95
SBA,1/22/2026 15:20,29.95
SBA,1/22/2026 15:25,29.95
SBA,1/22/2026 15:30,29.95
SBA,1/22/2026 15:35,29.95
SBA,1/22/2026 15:40,29.95
SBA,1/22/2026 15:45,29.95
SBA,1/22/2026 15:50,29.95
SBA,1/22/2026 15:55,29.95
SBA,1/22/2026 16:00,29.95
SBA,1/22/2026 16:05,29.95
SBA,1/22/2026 16:10,29.95
SBA,1/22/2026 16:15,29.95
SBA,1/22/2026 16:20,29.95
SBA,1/22/2026 16:25,29.95
SBA,1/22/2026 16:30,29.95
SBA,1/22/2026 16:35,29.95
SBA,1/22/2026 16:40,29.94
SBA,1/22/2026 16:45,29.94
SBA,1/22/2026 16:50,29.94
SBA,1/22/2026 16:55,29.94
SBA,1/22/2026 17:00,29.94
SBA,1/22/2026 17:05,29.94
SBA,1/22/2026 17:10,29.95
SBA,1/22/2026 17:15,29.95
SBA,1/22/2026 17:20,29.95
SBA,1/22/2026 17:25,29.94
SBA,1/22/2026 17:30,29.95
SBA,1/22/2026 17:35,29.95
SBA,1/22/2026 17:40,29.95
SBA,1/22/2026 17:45,29.95
SBA,1/22/2026 17:50,29.95
SBA,1/22/2026 17:55,29.95
SBA,1/22/2026 18:00,29.95
SBA,1/22/2026 18:05,29.95
SBA,1/22/2026 18:10,29.95
SBA,1/22/2026 18:15,29.96
SBA,1/22/2026 18:20,29.96
SBA,1/22/2026 18:25,29.96
SBA,1/22/2026 18:30,29.96
SBA,1/22/2026 18:35,29.96
SBA,1/22/2026 18:40,29.96
SBA,1/22/2026 18:45,29.97
SBA,1/22/2026 18:50,29.97
SBA,1/22/2026 18:55,29.97
SBA,1/22/2026 19:00,29.97
SBA,1/22/2026 19:05,29.96
SBA,1/22/2026 19:10,29.96
SBA,1/22/2026 19:15,29.97
SBA,1/22/2026 19:20,29.96
SBA,1/22/2026 19:25,29.96
SBA,1/22/2026 19:30,29.96
SBA,1/22/2026 19:35,29.96
SBA,1/22/2026 19:40,29.96
SBA,1/22/2026 19:45,29.96
SBA,1/22/2026 19:50,29.96
SBA,1/22/2026 19:55,29.96
SBA,1/22/2026 20:00,29.96
SBA,1/22/2026 20:05,29.96
SBA,1/22/2026 20:10,29.97
SBA,1/22/2026 20:15,29.96
SBA,1/22/2026 20:20,29.96
SBA,1/22/2026 20:25,29.96
SBA,1/22/2026 20:30,29.96
SBA,1/22/2026 20:35,29.96
SBA,1/22/2026 20:40,29.96
SBA,1/22/2026 20:45,29.96
SBA,1/22/2026 20:50,29.96
SBA,1/22/2026 20:55,29.96
SBA,1/22/2026 21:00,29.96
SBA,1/22/2026 21:05,29.96
SBA,1/22/2026 21:10,29.96
SBA,1/22/2026 21:15,29.96
SBA,1/22/2026 21:20,29.97
SBA,1/22/2026 21:25,29.97
SBA,1/22/2026 21:30,29.97
SBA,1/22/2026 21:35,29.97
SBA,1/22/2026 21:40,29.97
SBA,1/22/2026 21:45,29.97
SBA,1/22/2026 21:50,29.96
SBA,1/22/2026 21:55,29.96
SBA,1/22/2026 22:00,29.96
SBA,1/22/2026 22:05,29.96
SBA,1/22/2026 22:10,29.96
SBA,1/22/2026 22:15,29.96
SBA,1/22/2026 22:20,29.96
SBA,1/22/2026 22:25,29.96
SBA,1/22/2026 22:30,29.96
SBA,1/22/2026 22:35,29.96
SBA,1/22/2026 22:40,29.95
SBA,1/22/2026 22:45,29.96
SBA,1/22/2026 22:50,29.96
SBA,1/22/2026 22:55,29.96
SBA,1/22/2026 23:00,29.96
SBA,1/22/2026 23:05,29.96
SBA,1/22/2026 23:10,29.96
SBA,1/22/2026 23:15,29.96
SBA,1/22/2026 23:20,29.96
SBA,1/22/2026 23:25,29.97
SBA,1/22/2026 23:30,29.96
SBA,1/22/2026 23:35,29.96
SBA,1/22/2026 23:40,29.96
SBA,1/22/2026 23:45,29.96
SBA,1/22/2026 23:50,29.95
SBA,1/22/2026 23:55,29.95
SBA,1/23/2026 0:00,29.95
SBA,1/23/2026 0:05,29.95
SBA,1/23/2026 0:10,29.95
SBA,1/23/2026 0:15,29.95
SBA,1/23/2026 0:20,29.94
SBA,1/23/2026 0:25,29.94
SBA,1/23/2026 0:30,29.94
SBA,1/23/2026 0:35,29.94
SBA,1/23/2026 0:40,29.95
SBA,1/23/2026 0:45,29.95
SBA,1/23/2026 0:50,29.95
SBA,1/23/2026 0:55,29.95
SBA,1/23/2026 1:00,29.95
SBA,1/23/2026 1:05,29.95
SBA,1/23/2026 1:10,29.95
SBA,1/23/2026 1:15,29.95
SBA,1/23/2026 1:20,29.94
SBA,1/23/2026 1:25,29.94
SBA,1/23/2026 1:30,29.94
SBA,1/23/2026 1:35,29.93
SBA,1/23/2026 1:40,29.93
SBA,1/23/2026 1:45,29.93
SBA,1/23/2026 1:50,29.93
SBA,1/23/2026 1:55,29.93
SBA,1/23/2026 2:00,29.93
SBA,1/23/2026 2:05,29.93
SBA,1/23/2026 2:10,29.93
SBA,1/23/2026 2:15,29.93
SBA,1/23/2026 2:20,29.93
SBA,1/23/2026 2:25,29.93
SBA,1/23/2026 2:30,29.93
SBA,1/23/2026 2:35,29.94
SBA,1/23/2026 2:40,29.94
SBA,1/23/2026 2:45,29.94
SBA,1/23/2026 2:50,29.94
SBA,1/23/2026 2:55,29.94
SBA,1/23/2026 3:00,29.94
SBA,1/23/2026 3:05,29.94
SBA,1/23/2026 3:10,29.94
SBA,1/23/2026 3:15,29.94
SBA,1/23/2026 3:20,29.94
SBA,1/23/2026 3:25,29.93
SBA,1/23/2026 3:30,29.93
SBA,1/23/2026 3:35,29.93
SBA,1/23/2026 3:40,29.93
SBA,1/23/2026 3:45,29.92
SBA,1/23/2026 3:50,29.92
SBA,1/23/2026 3:55,29.92
SBA,1/23/2026 4:00,29.92
SBA,1/23/2026 4:05,29.92
SBA,1/23/2026 4:10,29.92
SBA,1/23/2026 4:15,29.92
SBA,1/23/2026 4:20,29.91
SBA,1/23/2026 4:25,29.91
SBA,1/23/2026 4:30,29.91
SBA,1/23/2026 4:35,29.91
SBA,1/23/2026 4:40,29.91
SBA,1/23/2026 4:45,29.91
SBA,1/23/2026 4:50,29.91
SBA,1/23/2026 4:55,29.91
SBA,1/23/2026 5:00,29.91
SBA,1/23/2026 5:05,29.91
SBA,1/23/2026 5:10,29.91
SBA,1/23/2026 5:15,29.91
SBA,1/23/2026 5:20,29.91
SBA,1/23/2026 5:25,29.92
SBA,1/23/2026 5:30,29.92
SBA,1/23/2026 5:35,29.92
SBA,1/23/2026 5:40,29.92
SBA,1/23/2026 5:45,29.91
SBA,1/23/2026 5:50,29.91
SBA,1/23/2026 5:55,29.91
SBA,1/23/2026 6:00,29.91
SBA,1/23/2026 6:05,29.91
SBA,1/23/2026 6:10,29.91
SBA,1/23/2026 6:15,29.91
SBA,1/23/2026 6:20,29.91
SBA,1/23/2026 6:25,29.91
SBA,1/23/2026 6:30,29.91
SBA,1/23/2026 6:35,29.91
SBA,1/23/2026 6:40,29.92
SBA,1/23/2026 6:45,29.92
SBA,1/23/2026 6:50,29.92
SBA,1/23/2026 6:55,29.92
SBA,1/23/2026 7:00,29.92
SBA,1/23/2026 7:05,29.92
SBA,1/23/2026 7:10,29.92
SBA,1/23/2026 7:15,29.92
SBA,1/23/2026 7:20,29.92
SBA,1/23/2026 7:25,29.93
SBA,1/23/2026 7:30,29.93
SBA,1/23/2026 7:35,29.93
SBA,1/23/2026 7:40,29.93
SBA,1/23/2026 7:45,29.93
SBA,1/23/2026 7:50,29.93
SBA,1/23/2026 7:55,29.93
SBA,1/23/2026 8:00,29.93
SBA,1/23/2026 8:05,29.93
SBA,1/23/2026 8:10,29.93
SBA,1/23/2026 8:15,29.93
SBA,1/23/2026 8:20,29.93
SBA,1/23/2026 8:25,29.93
SBA,1/23/2026 8:30,29.93
SBA,1/23/2026 8:35,29.93
SBA,1/23/2026 8:40,29.93
SBA,1/23/2026 8:45,29.93
SBA,1/23/2026 8:50,29.93
SBA,1/23/2026 8:55,29.93
SBA,1/23/2026 9:00,29.93
SBA,1/23/2026 9:05,29.94
SBA,1/23/2026 9:10,29.94
SBA,1/23/2026 9:15,29.94
SBA,1/23/2026 9:20,29.94
SBA,1/23/2026 9:25,29.94
SBA,1/23/2026 9:30,29.94
SBA,1/23/2026 9:35,29.95
SBA,1/23/2026 9:40,29.95
SBA,1/23/2026 9:45,29.95
SBA,1/23/2026 9:50,29.95
SBA,1/23/2026 9:55,29.95
SBA,1/23/2026 10:00,29.95
SBA,1/23/2026 10:05,29.95
SBA,1/23/2026 10:10,29.95
SBA,1/23/2026 10:15,29.95
SBA,1/23/2026 10:20,29.95
SBA,1/23/2026 10:25,29.95
SBA,1/23/2026 10:30,29.95
SBA,1/23/2026 10:35,29.95
SBA,1/23/2026 10:40,29.95
SBA,1/23/2026 10:45,29.94
SBA,1/23/2026 10:50,29.94
SBA,1/23/2026 10:55,29.94
SBA,1/23/2026 11:00,29.94
SBA,1/23/2026 11:05,29.94
SBA,1/23/2026 11:10,29.94
SBA,1/23/2026 11:15,29.94
SBA,1/23/2026 11:20,29.94
SBA,1/23/2026 11:25,29.94
SBA,1/23/2026 11:30,29.93
SBA,1/23/2026 11:35,29.93
SBA,1/23/2026 11:40,29.93
SBA,1/23/2026 11:45,29.93
SBA,1/23/2026 11:50,29.93
SBA,1/23/2026 11:55,29.93
SBA,1/23/2026 12:00,29.92
SBA,1/23/2026 12:05,29.92
SBA,1/23/2026 12:10,29.92
SBA,1/23/2026 12:15,29.91
SBA,1/23/2026 12:20,29.91
SBA,1/23/2026 12:25,29.91
SBA,1/23/2026 12:30,29.91
SBA,1/23/2026 12:35,29.9
SBA,1/23/2026 12:40,29.9
SBA,1/23/2026 12:45,29.9
SBA,1/23/2026 12:50,29.9
SBA,1/23/2026 12:55,29.89
SBA,1/23/2026 13:00,29.89
SBA,1/23/2026 13:05,29.89
SBA,1/23/2026 13:10,29.89
SBA,1/23/2026 13:15,29.88
SBA,1/23/2026 13:20,29.88
SBA,1/23/2026 13:25,29.88
SBA,1/23/2026 13:30,29.88
SBA,1/23/2026 13:35,29.88
SBA,1/23/2026 13:40,29.88
SBA,1/23/2026 13:45,29.88
SBA,1/23/2026 13:50,29.87
SBA,1/23/2026 13:55,29.87
SBA,1/23/2026 14:00,29.87
SBA,1/23/2026 14:05,29.87
SBA,1/23/2026 14:10,29.87
SBA,1/23/2026 14:15,29.87
SBA,1/23/2026 14:20,29.87
SBA,1/23/2026 14:25,29.87
SBA,1/23/2026 14:30,29.87
SBA,1/23/2026 14:35,29.87
SBA,1/23/2026 14:40,29.87
SBA,1/23/2026 14:45,29.87
SBA,1/23/2026 14:50,29.87
SBA,1/23/2026 14:55,29.87
SBA,1/23/2026 15:00,29.87
SBA,1/23/2026 15:05,29.87
SBA,1/23/2026 15:10,29.87
SBA,1/23/2026 15:15,29.87
SBA,1/23/2026 15:20,29.87
SBA,1/23/2026 15:25,29.86
SBA,1/23/2026 15:30,29.86
SBA,1/23/2026 15:35,29.86
SBA,1/23/2026 15:40,29.86
SBA,1/23/2026 15:45,29.86
SBA,1/23/2026 15:50,29.86
SBA,1/23/2026 15:55,29.86
SBA,1/23/2026 16:00,29.86
SBA,1/23/2026 16:05,29.86
SBA,1/23/2026 16:10,29.86
SBA,1/23/2026 16:15,29.86
SBA,1/23/2026 16:20,29.86
SBA,1/23/2026 16:25,29.86
SBA,1/23/2026 16:30,29.86
SBA,1/23/2026 16:35,29.86
SBA,1/23/2026 16:40,29.86
SBA,1/23/2026 16:45,29.86
SBA,1/23/2026 16:50,29.86
SBA,1/23/2026 16:55,29.87
SBA,1/23/2026 17:00,29.87
SBA,1/23/2026 17:05,29.87
SBA,1/23/2026 17:10,29.87
SBA,1/23/2026 17:15,29.87
SBA,1/23/2026 17:20,29.87
SBA,1/23/2026 17:25,29.87
SBA,1/23/2026 17:30,29.87
SBA,1/23/2026 17:35,29.87
SBA,1/23/2026 17:40,29.87
SBA,1/23/2026 17:45,29.87
SBA,1/23/2026 17:50,29.87
SBA,1/23/2026 17:55,29.87
SBA,1/23/2026 18:00,29.87
SBA,1/23/2026 18:05,29.87
SBA,1/23/2026 18:10,29.87
SBA,1/23/2026 18:15,29.87
SBA,1/23/2026 18:20,29.87
SBA,1/23/2026 18:25,29.88
SBA,1/23/2026 18:30,29.88
SBA,1/23/2026 18:35,29.87
SBA,1/23/2026 18:40,29.87
SBA,1/23/2026 18:45,29.87
SBA,1/23/2026 18:50,29.88
SBA,1/23/2026 18:55,29.88
SBA,1/23/2026 19:00,29.87
SBA,1/23/2026 19:05,29.87
SBA,1/23/2026 19:10,29.87
SBA,1/23/2026 19:15,29.87
SBA,1/23/2026 19:20,29.87
SBA,1/23/2026 19:30,29.87
SBA,1/23/2026 19:35,29.87
SBA,1/23/2026 19:40,29.87
SBA,1/23/2026 19:45,29.87
SBA,1/23/2026 19:50,29.88
SBA,1/23/2026 19:55,29.88
SBA,1/23/2026 20:00,29.88
SBA,1/23/2026 20:05,29.88
SBA,1/23/2026 20:10,29.88
SBA,1/23/2026 20:15,29.88
SBA,1/23/2026 20:20,29.88
SBA,1/23/2026 20:25,29.88
SBA,1/23/2026 20:30,29.88
SBA,1/23/2026 20:35,29.88
SBA,1/23/2026 20:40,29.88
SBA,1/23/2026 20:45,29.87
SBA,1/23/2026 20:50,29.88
SBA,1/23/2026 20:55,29.88
SBA,1/23/2026 21:00,29.88
SBA,1/23/2026 21:05,29.88
SBA,1/23/2026 21:10,29.88
SBA,1/23/2026 21:15,29.88
SBA,1/23/2026 21:20,29.88
SBA,1/23/2026 21:25,29.88
SBA,1/23/2026 21:30,29.88
SBA,1/23/2026 21:35,29.88
SBA,1/23/2026 21:40,29.88
SBA,1/23/2026 21:45,29.88
SBA,1/23/2026 21:50,29.88
SBA,1/23/2026 21:55,29.88
SBA,1/23/2026 22:00,29.88
SBA,1/23/2026 22:05,29.88
SBA,1/23/2026 22:10,29.88
SBA,1/23/2026 22:15,29.88
SBA,1/23/2026 22:20,29.88
SBA,1/23/2026 22:25,29.88
SBA,1/23/2026 22:30,29.88
SBA,1/23/2026 22:35,29.88
SBA,1/23/2026 22:40,29.88
SBA,1/23/2026 22:45,29.88
SBA,1/23/2026 22:50,29.88
SBA,1/23/2026 22:55,29.88
SBA,1/23/2026 23:00,29.88
SBA,1/23/2026 23:05,29.88
SBA,1/23/2026 23:10,29.88
SBA,1/23/2026 23:15,29.88
SBA,1/23/2026 23:20,29.88
SBA,1/23/2026 23:25,29.88
SBA,1/23/2026 23:30,29.88
SBA,1/23/2026 23:35,29.87
SBA,1/23/2026 23:40,29.88
SBA,1/23/2026 23:45,29.88
SBA,1/23/2026 23:50,29.87
SBA,1/23/2026 23:55,29.87
SBA,1/24/2026 0:00,29.87
SBA,1/24/2026 0:05,29.87
SBA,1/24/2026 0:10,29.87
SBA,1/24/2026 0:15,29.87
SBA,1/24/2026 0:20,29.87
SBA,1/24/2026 0:25,29.87
SBA,1/24/2026 0:30,29.87
SBA,1/24/2026 0:35,29.86
SBA,1/24/2026 0:40,29.86
SBA,1/24/2026 0:45,29.87
SBA,1/24/2026 0:50,29.86
SBA,1/24/2026 0:55,29.87
SBA,1/24/2026 1:00,29.87
SBA,1/24/2026 1:05,29.87
SBA,1/24/2026 1:10,29.87
SBA,1/24/2026 1:15,29.87
SBA,1/24/2026 1:20,29.87
SBA,1/24/2026 1:25,29.87
SBA,1/24/2026 1:30,29.86
SBA,1/24/2026 1:35,29.86
SBA,1/24/2026 1:40,29.86
SBA,1/24/2026 1:45,29.86
SBA,1/24/2026 1:50,29.86
SBA,1/24/2026 1:55,29.86
SBA,1/24/2026 2:00,29.86
SBA,1/24/2026 2:05,29.86
SBA,1/24/2026 2:10,29.86
SBA,1/24/2026 2:15,29.86
SBA,1/24/2026 2:20,29.86
SBA,1/24/2026 2:25,29.86
SBA,1/24/2026 2:30,29.86
SBA,1/24/2026 2:35,29.86
SBA,1/24/2026 2:40,29.86
SBA,1/24/2026 2:45,29.86
SBA,1/24/2026 2:50,29.86
SBA,1/24/2026 2:55,29.86
SBA,1/24/2026 3:00,29.86
SBA,1/24/2026 3:05,29.86
SBA,1/24/2026 3:10,29.86
SBA,1/24/2026 3:15,29.86
SBA,1/24/2026 3:20,29.86
SBA,1/24/2026 3:25,29.86
SBA,1/24/2026 3:30,29.86
SBA,1/24/2026 3:35,29.86
SBA,1/24/2026 3:40,29.86
SBA,1/24/2026 3:45,29.86
SBA,1/24/2026 3:50,29.86
SBA,1/24/2026 3:55,29.86
SBA,1/24/2026 4:00,29.86
SBA,1/24/2026 4:05,29.86
SBA,1/24/2026 4:10,29.86
SBA,1/24/2026 4:15,29.86
SBA,1/24/2026 4:20,29.86
SBA,1/24/2026 4:25,29.86
SBA,1/24/2026 4:30,29.86
SBA,1/24/2026 4:35,29.86
SBA,1/24/2026 4:40,29.86
SBA,1/24/2026 4:45,29.86
SBA,1/24/2026 4:50,29.86
SBA,1/24/2026 4:55,29.86
SBA,1/24/2026 5:00,29.86
SBA,1/24/2026 5:05,29.86
SBA,1/24/2026 5:10,29.86
SBA,1/24/2026 5:15,29.86
SBA,1/24/2026 5:20,29.86
SBA,1/24/2026 5:25,29.86
SBA,1/24/2026 5:30,29.86
SBA,1/24/2026 5:35,29.86
SBA,1/24/2026 5:40,29.86
SBA,1/24/2026 5:45,29.86
SBA,1/24/2026 5:50,29.86
SBA,1/24/2026 5:55,29.86
SBA,1/24/2026 6:00,29.86
SBA,1/24/2026 6:05,29.86
SBA,1/24/2026 6:10,29.87
SBA,1/24/2026 6:15,29.87
SBA,1/24/2026 6:20,29.87
SBA,1/24/2026 6:25,29.87
SBA,1/24/2026 6:30,29.87
SBA,1/24/2026 6:35,29.87
SBA,1/24/2026 6:40,29.87
SBA,1/24/2026 6:45,29.87
SBA,1/24/2026 6:50,29.88
SBA,1/24/2026 6:55,29.88
SBA,1/24/2026 7:00,29.88
SBA,1/24/2026 7:05,29.88
SBA,1/24/2026 7:10,29.88
SBA,1/24/2026 7:15,29.88
SBA,1/24/2026 7:20,29.88
SBA,1/24/2026 7:25,29.88
SBA,1/24/2026 7:30,29.88
SBA,1/24/2026 7:35,29.88
SBA,1/24/2026 7:40,29.88
SBA,1/24/2026 7:45,29.89
SBA,1/24/2026 7:50,29.89
SBA,1/24/2026 7:55,29.89
SBA,1/24/2026 8:00,29.89
SBA,1/24/2026 8:05,29.89
SBA,1/24/2026 8:10,29.89
SBA,1/24/2026 8:15,29.89
SBA,1/24/2026 8:20,29.89
SBA,1/24/2026 8:25,29.89
SBA,1/24/2026 8:30,29.89
SBA,1/24/2026 8:35,29.89
SBA,1/24/2026 8:40,29.9
SBA,1/24/2026 8:45,29.9
SBA,1/24/2026 8:50,29.9
SBA,1/24/2026 8:55,29.91
SBA,1/24/2026 9:00,29.91
SBA,1/24/2026 9:05,29.91
SBA,1/24/2026 9:10,29.91
SBA,1/24/2026 9:15,29.92
SBA,1/24/2026 9:20,29.92
SBA,1/24/2026 9:25,29.92
SBA,1/24/2026 9:30,29.92
SBA,1/24/2026 9:35,29.92
SBA,1/24/2026 9:40,29.92
SBA,1/24/2026 9:45,29.92
SBA,1/24/2026 9:50,29.92
SBA,1/24/2026 9:55,29.92
SBA,1/24/2026 10:00,29.92
SBA,1/24/2026 10:05,29.92
SBA,1/24/2026 10:10,29.92
SBA,1/24/2026 10:15,29.92
SBA,1/24/2026 10:20,29.92
SBA,1/24/2026 10:25,29.91
SBA,1/24/2026 10:30,29.91
SBA,1/24/2026 10:35,29.91
SBA,1/24/2026 10:40,29.91
SBA,1/24/2026 10:45,29.91
SBA,1/24/2026 10:50,29.91
SBA,1/24/2026 10:55,29.91
SBA,1/24/2026 11:00,29.91
SBA,1/24/2026 11:05,29.91
SBA,1/24/2026 11:10,29.91
SBA,1/24/2026 11:15,29.91
SBA,1/24/2026 11:20,29.91
SBA,1/24/2026 11:25,29.91
SBA,1/24/2026 11:30,29.9
SBA,1/24/2026 11:35,29.9
SBA,1/24/2026 11:40,29.9
SBA,1/24/2026 11:45,29.9
SBA,1/24/2026 11:50,29.89
SBA,1/24/2026 11:55,29.89
SBA,1/24/2026 12:00,29.89
SBA,1/24/2026 12:05,29.89
SBA,1/24/2026 12:10,29.89
SBA,1/24/2026 12:15,29.89
SBA,1/24/2026 12:20,29.89
SBA,1/24/2026 12:25,29.88
SBA,1/24/2026 12:30,29.88
SBA,1/24/2026 12:35,29.88
SBA,1/24/2026 12:40,29.87
SBA,1/24/2026 12:45,29.87
SBA,1/24/2026 12:50,29.87
SBA,1/24/2026 12:55,29.87
SBA,1/24/2026 13:00,29.87
SBA,1/24/2026 13:05,29.87
SBA,1/24/2026 13:10,29.87
SBA,1/24/2026 13:15,29.87
SBA,1/24/2026 13:20,29.87
SBA,1/24/2026 13:25,29.87
SBA,1/24/2026 13:30,29.87
SBA,1/24/2026 13:35,29.87
SBA,1/24/2026 13:40,29.87
SBA,1/24/2026 13:45,29.87
SBA,1/24/2026 13:50,29.87
SBA,1/24/2026 13:55,29.87
SBA,1/24/2026 14:00,29.87
SBA,1/24/2026 14:05,29.87
SBA,1/24/2026 14:10,29.87
SBA,1/24/2026 14:15,29.87
SBA,1/24/2026 14:20,29.87
SBA,1/24/2026 14:25,29.87
SBA,1/24/2026 14:30,29.87
SBA,1/24/2026 14:35,29.87
SBA,1/24/2026 14:40,29.87
SBA,1/24/2026 14:45,29.87
SBA,1/24/2026 14:50,29.88
SBA,1/24/2026 14:55,29.88
SBA,1/24/2026 15:00,29.88
SBA,1/24/2026 15:05,29.88
SBA,1/24/2026 15:10,29.88
SBA,1/24/2026 15:15,29.88
SBA,1/24/2026 15:20,29.88
SBA,1/24/2026 15:25,29.89
SBA,1/24/2026 15:30,29.89
SBA,1/24/2026 15:35,29.89
SBA,1/24/2026 15:40,29.89
SBA,1/24/2026 15:45,29.9
SBA,1/24/2026 15:50,29.9
SBA,1/24/2026 15:55,29.9
SBA,1/24/2026 16:00,29.9
SBA,1/24/2026 16:05,29.9
SBA,1/24/2026 16:10,29.9
SBA,1/24/2026 16:15,29.9
SBA,1/24/2026 16:20,29.9
SBA,1/24/2026 16:25,29.9
SBA,1/24/2026 16:30,29.91
SBA,1/24/2026 16:35,29.91
SBA,1/24/2026 16:40,29.91
SBA,1/24/2026 16:45,29.91
SBA,1/24/2026 16:50,29.91
SBA,1/24/2026 16:55,29.91
SBA,1/24/2026 17:00,29.91
SBA,1/24/2026 17:05,29.91
SBA,1/24/2026 17:10,29.92
SBA,1/24/2026 17:15,29.92
SBA,1/24/2026 17:20,29.92
SBA,1/24/2026 17:25,29.92
SBA,1/24/2026 17:30,29.93
SBA,1/24/2026 17:35,29.93
SBA,1/24/2026 17:40,29.93
SBA,1/24/2026 17:45,29.93
SBA,1/24/2026 17:50,29.93
SBA,1/24/2026 17:55,29.94
SBA,1/24/2026 18:00,29.94
SBA,1/24/2026 18:05,29.94
SBA,1/24/2026 18:10,29.94
SBA,1/24/2026 18:15,29.94
SBA,1/24/2026 18:20,29.95
SBA,1/24/2026 18:25,29.95
SBA,1/24/2026 18:30,29.95
SBA,1/24/2026 18:35,29.95
SBA,1/24/2026 18:40,29.95
SBA,1/24/2026 18:45,29.95
SBA,1/24/2026 18:50,29.95
SBA,1/24/2026 18:55,29.95
SBA,1/24/2026 19:00,29.95
SBA,1/24/2026 19:05,29.95
SBA,1/24/2026 19:10,29.96
SBA,1/24/2026 19:15,29.96
SBA,1/24/2026 19:20,29.96
SBA,1/24/2026 19:25,29.97
SBA,1/24/2026 19:30,29.97
SBA,1/24/2026 19:35,29.97
SBA,1/24/2026 19:40,29.97
SBA,1/24/2026 19:45,29.97
SBA,1/24/2026 19:50,29.97
SBA,1/24/2026 19:55,29.97
SBA,1/24/2026 20:00,29.97
SBA,1/24/2026 20:05,29.97
SBA,1/24/2026 20:10,29.98
SBA,1/24/2026 20:15,29.98
SBA,1/24/2026 20:20,29.98
SBA,1/24/2026 20:25,29.98
SBA,1/24/2026 20:30,29.98
SBA,1/24/2026 20:35,29.98
SBA,1/24/2026 20:40,29.98
SBA,1/24/2026 20:45,29.99
SBA,1/24/2026 20:50,29.99
SBA,1/24/2026 20:55,29.99
SBA,1/24/2026 21:00,29.99
SBA,1/24/2026 21:05,29.99
SBA,1/24/2026 21:10,29.99
SBA,1/24/2026 21:15,29.99
SBA,1/24/2026 21:20,29.99
SBA,1/24/2026 21:25,30
SBA,1/24/2026 21:30,30
SBA,1/24/2026 21:35,30
SBA,1/24/2026 21:40,30
SBA,1/24/2026 21:45,30
SBA,1/24/2026 21:50,30
SBA,1/24/2026 21:55,30.01
SBA,1/24/2026 22:00,30.01
SBA,1/24/2026 22:05,30.01
SBA,1/24/2026 22:10,30.01
SBA,1/24/2026 22:15,30.01
SBA,1/24/2026 22:20,30.01
SBA,1/24/2026 22:25,30.02
SBA,1/24/2026 22:30,30.02
SBA,1/24/2026 22:35,30.02
SBA,1/24/2026 22:40,30.02
SBA,1/24/2026 22:45,30.02
SBA,1/24/2026 22:50,30.02
SBA,1/24/2026 22:55,30.03
SBA,1/24/2026 23:00,30.03
SBA,1/24/2026 23:05,30.03
SBA,1/24/2026 23:10,30.03
SBA,1/24/2026 23:15,30.03
SBA,1/24/2026 23:20,30.03
SBA,1/24/2026 23:25,30.03
SBA,1/24/2026 23:30,30.03
SBA,1/24/2026 23:35,30.04
SBA,1/24/2026 23:40,30.04
SBA,1/24/2026 23:45,30.04
SBA,1/24/2026 23:50,30.04
SBA,1/24/2026 23:55,30.04
SBA,1/25/2026 0:00,30.04
SBA,1/25/2026 0:05,30.04
SBA,1/25/2026 0:10,30.04
SBA,1/25/2026 0:15,30.04
SBA,1/25/2026 0:20,30.04
SBA,1/25/2026 0:25,30.05
SBA,1/25/2026 0:30,30.04
SBA,1/25/2026 0:35,30.04
SBA,1/25/2026 0:40,30.05
SBA,1/25/2026 0:45,30.05
SBA,1/25/2026 0:50,30.05
SBA,1/25/2026 0:55,30.05
SBA,1/25/2026 1:00,30.05
SBA,1/25/2026 1:05,30.06
SBA,1/25/2026 1:10,30.06
SBA,1/25/2026 1:15,30.06
SBA,1/25/2026 1:20,30.06
SBA,1/25/2026 1:25,30.06
SBA,1/25/2026 1:30,30.06
SBA,1/25/2026 1:35,30.06
SBA,1/25/2026 1:40,30.06
SBA,1/25/2026 1:45,30.07
SBA,1/25/2026 1:50,30.07
SBA,1/25/2026 1:55,30.07
SBA,1/25/2026 2:00,30.07
SBA,1/25/2026 2:05,30.07
SBA,1/25/2026 2:10,30.07
SBA,1/25/2026 2:15,30.07
SBA,1/25/2026 2:20,30.07
SBA,1/25/2026 2:25,30.07
SBA,1/25/2026 2:30,30.07
SBA,1/25/2026 2:35,30.07
SBA,1/25/2026 2:40,30.07
SBA,1/25/2026 2:45,30.07
SBA,1/25/2026 2:50,30.07
SBA,1/25/2026 2:55,30.07
SBA,1/25/2026 3:00,30.07
SBA,1/25/2026 3:05,30.07
SBA,1/25/2026 3:10,30.07
SBA,1/25/2026 3:15,30.07
SBA,1/25/2026 3:20,30.07
SBA,1/25/2026 3:25,30.07
SBA,1/25/2026 3:30,30.07
SBA,1/25/2026 3:35,30.07
SBA,1/25/2026 3:40,30.07
SBA,1/25/2026 3:45,30.07
SBA,1/25/2026 3:50,30.07
SBA,1/25/2026 3:55,30.07
SBA,1/25/2026 4:00,30.07
SBA,1/25/2026 4:05,30.07
SBA,1/25/2026 4:10,30.07
SBA,1/25/2026 4:15,30.07
SBA,1/25/2026 4:20,30.07
SBA,1/25/2026 4:25,30.07
SBA,1/25/2026 4:30,30.07
SBA,1/25/2026 4:35,30.07
SBA,1/25/2026 4:40,30.08
SBA,1/25/2026 4:45,30.08
SBA,1/25/2026 4:50,30.08
SBA,1/25/2026 4:55,30.08
SBA,1/25/2026 5:00,30.08
SBA,1/25/2026 5:05,30.08
SBA,1/25/2026 5:10,30.09
SBA,1/25/2026 5:15,30.09
SBA,1/25/2026 5:20,30.09
SBA,1/25/2026 5:25,30.09
SBA,1/25/2026 5:30,30.09
SBA,1/25/2026 5:35,30.09
SBA,1/25/2026 5:40,30.09
SBA,1/25/2026 5:45,30.09
SBA,1/25/2026 5:50,30.09
SBA,1/25/2026 5:55,30.09
SBA,1/25/2026 6:00,30.1
SBA,1/25/2026 6:05,30.1
SBA,1/25/2026 6:10,30.1
SBA,1/25/2026 6:15,30.1
SBA,1/25/2026 6:20,30.1
SBA,1/25/2026 6:25,30.1
SBA,1/25/2026 6:30,30.11
SBA,1/25/2026 6:35,30.11
SBA,1/25/2026 6:40,30.11
SBA,1/25/2026 6:45,30.11
SBA,1/25/2026 6:50,30.11
SBA,1/25/2026 6:55,30.11
SBA,1/25/2026 7:00,30.11
SBA,1/25/2026 7:05,30.11
SBA,1/25/2026 7:10,30.11
SBA,1/25/2026 7:15,30.12
SBA,1/25/2026 7:20,30.12
SBA,1/25/2026 7:25,30.12
SBA,1/25/2026 7:30,30.12
SBA,1/25/2026 7:35,30.12
SBA,1/25/2026 7:40,30.12
SBA,1/25/2026 7:45,30.13
SBA,1/25/2026 7:50,30.13
SBA,1/25/2026 7:55,30.13
SBA,1/25/2026 8:00,30.14
SBA,1/25/2026 8:05,30.14
SBA,1/25/2026 8:10,30.14
SBA,1/25/2026 8:15,30.14
SBA,1/25/2026 8:20,30.14
SBA,1/25/2026 8:25,30.15
SBA,1/25/2026 8:30,30.15
SBA,1/25/2026 8:35,30.15
SBA,1/25/2026 8:40,30.15
SBA,1/25/2026 8:45,30.16
SBA,1/25/2026 8:50,30.16
SBA,1/25/2026 8:55,30.16
SBA,1/25/2026 9:00,30.16
SBA,1/25/2026 9:05,30.16
SBA,1/25/2026 9:10,30.17
SBA,1/25/2026 9:15,30.17
SBA,1/25/2026 9:20,30.17
SBA,1/25/2026 9:25,30.17
SBA,1/25/2026 9:30,30.17
SBA,1/25/2026 9:35,30.17
SBA,1/25/2026 9:40,30.17
SBA,1/25/2026 9:45,30.17
SBA,1/25/2026 9:50,30.17
SBA,1/25/2026 9:55,30.17
SBA,1/25/2026 10:00,30.17
SBA,1/25/2026 10:05,30.17
SBA,1/25/2026 10:10,30.18
SBA,1/25/2026 10:15,30.18
SBA,1/25/2026 10:20,30.18
SBA,1/25/2026 10:25,30.18
SBA,1/25/2026 10:30,30.19
SBA,1/25/2026 10:35,30.19
SBA,1/25/2026 10:40,30.19
SBA,1/25/2026 10:45,30.19
SBA,1/25/2026 10:50,30.19
SBA,1/25/2026 10:55,30.19
SBA,1/25/2026 11:00,30.18
SBA,1/25/2026 11:05,30.19
SBA,1/25/2026 11:10,30.18
SBA,1/25/2026 11:15,30.18
SBA,1/25/2026 11:20,30.18
SBA,1/25/2026 11:25,30.18
SBA,1/25/2026 11:30,30.18
SBA,1/25/2026 11:35,30.17
SBA,1/25/2026 11:40,30.17
SBA,1/25/2026 11:45,30.17
SBA,1/25/2026 11:50,30.17
SBA,1/25/2026 11:55,30.16
SBA,1/25/2026 12:00,30.16
SBA,1/25/2026 12:05,30.16
SBA,1/25/2026 12:10,30.16
SBA,1/25/2026 12:15,30.16
SBA,1/25/2026 12:20,30.16
SBA,1/25/2026 12:25,30.16
SBA,1/25/2026 12:30,30.16
SBA,1/25/2026 12:35,30.16
SBA,1/25/2026 12:40,30.15
SBA,1/25/2026 12:45,30.15
SBA,1/25/2026 12:50,30.15
SBA,1/25/2026 12:55,30.15
SBA,1/25/2026 13:00,30.15
SBA,1/25/2026 13:05,30.15
SBA,1/25/2026 13:10,30.15
SBA,1/25/2026 13:15,30.15
SBA,1/25/2026 13:20,30.15
SBA,1/25/2026 13:25,30.15
SBA,1/25/2026 13:30,30.15
SBA,1/25/2026 13:35,30.15
SBA,1/25/2026 13:40,30.15
SBA,1/25/2026 13:45,30.15
SBA,1/25/2026 13:50,30.15
SBA,1/25/2026 13:55,30.15
SBA,1/25/2026 14:00,30.15
SBA,1/25/2026 14:05,30.15
SBA,1/25/2026 14:10,30.15
SBA,1/25/2026 14:15,30.15
SBA,1/25/2026 14:20,30.15
SBA,1/25/2026 14:25,30.15
SBA,1/25/2026 14:30,30.15
SBA,1/25/2026 14:35,30.15
SBA,1/25/2026 14:40,30.15
SBA,1/25/2026 14:45,30.15
SBA,1/25/2026 14:50,30.15
SBA,1/25/2026 14:55,30.15
SBA,1/25/2026 15:00,30.16
SBA,1/25/2026 15:05,30.16
SBA,1/25/2026 15:10,30.16
SBA,1/25/2026 15:15,30.17
SBA,1/25/2026 15:20,30.17
SBA,1/25/2026 15:25,30.16
SBA,1/25/2026 15:30,30.16
SBA,1/25/2026 15:35,30.16
SBA,1/25/2026 15:40,30.16
SBA,1/25/2026 15:45,30.16
SBA,1/25/2026 15:50,30.17
SBA,1/25/2026 15:55,30.17
SBA,1/25/2026 16:00,30.16
SBA,1/25/2026 16:05,30.16
SBA,1/25/2026 16:10,30.15
SBA,1/25/2026 16:15,30.16
SBA,1/25/2026 16:20,30.15
SBA,1/25/2026 16:25,30.15
SBA,1/25/2026 16:30,30.15
SBA,1/25/2026 16:35,30.16
SBA,1/25/2026 16:40,30.16
SBA,1/25/2026 16:45,30.17
SBA,1/25/2026 16:50,30.17
SBA,1/25/2026 16:55,30.17
SBA,1/25/2026 17:00,30.17
SBA,1/25/2026 17:05,30.18
SBA,1/25/2026 17:10,30.18
SBA,1/25/2026 17:15,30.18
SBA,1/25/2026 17:20,30.18
SBA,1/25/2026 17:25,30.18
SBA,1/25/2026 17:30,30.18
SBA,1/25/2026 17:35,30.18
SBA,1/25/2026 17:40,30.18
SBA,1/25/2026 17:45,30.19
SBA,1/25/2026 17:50,30.19
SBA,1/25/2026 17:55,30.19
SBA,1/25/2026 18:00,30.19
SBA,1/25/2026 18:05,30.19
SBA,1/25/2026 18:10,30.18
SBA,1/25/2026 18:15,30.18
SBA,1/25/2026 18:20,30.18
SBA,1/25/2026 18:25,30.19
SBA,1/25/2026 18:30,30.19
SBA,1/25/2026 18:35,30.19
SBA,1/25/2026 18:40,30.19
SBA,1/25/2026 18:45,30.18
SBA,1/25/2026 18:50,30.18
SBA,1/25/2026 18:55,30.18
SBA,1/25/2026 19:00,30.19
SBA,1/25/2026 19:05,30.19
SBA,1/25/2026 19:10,30.19
SBA,1/25/2026 19:15,30.19
SBA,1/25/2026 19:20,30.19
SBA,1/25/2026 19:25,30.19
SBA,1/25/2026 19:30,30.2
SBA,1/25/2026 19:35,30.2
SBA,1/25/2026 19:40,30.19
SBA,1/25/2026 19:45,30.2
SBA,1/25/2026 19:50,30.2
SBA,1/25/2026 19:55,30.2
SBA,1/25/2026 20:00,30.2
SBA,1/25/2026 20:05,30.2
SBA,1/25/2026 20:10,30.2
SBA,1/25/2026 20:15,30.2
SBA,1/25/2026 20:20,30.2
SBA,1/25/2026 20:25,30.21
SBA,1/25/2026 20:30,30.21
SBA,1/25/2026 20:35,30.21
SBA,1/25/2026 20:40,30.21
SBA,1/25/2026 20:45,30.21
SBA,1/25/2026 20:50,30.21
SBA,1/25/2026 20:55,30.22
SBA,1/25/2026 21:00,30.22
SBA,1/25/2026 21:05,30.22
SBA,1/25/2026 21:10,30.22
SBA,1/25/2026 21:15,30.22
SBA,1/25/2026 21:20,30.22
SBA,1/25/2026 21:25,30.22
SBA,1/25/2026 21:30,30.22
SBA,1/25/2026 21:35,30.22
SBA,1/25/2026 21:40,30.22
SBA,1/25/2026 21:45,30.22
SBA,1/25/2026 21:50,30.22
SBA,1/25/2026 21:55,30.22
SBA,1/25/2026 22:00,30.22
SBA,1/25/2026 22:05,30.22
SBA,1/25/2026 22:10,30.22
SBA,1/25/2026 22:15,30.22
SBA,1/25/2026 22:20,30.22
SBA,1/25/2026 22:25,30.22
SBA,1/25/2026 22:30,30.22
SBA,1/25/2026 22:35,30.22
SBA,1/25/2026 22:40,30.22
SBA,1/25/2026 22:45,30.22
SBA,1/25/2026 22:50,30.22
SBA,1/25/2026 22:55,30.22
SBA,1/25/2026 23:00,30.23
SBA,1/25/2026 23:05,30.23
SBA,1/25/2026 23:10,30.23
SBA,1/25/2026 23:15,30.23
SBA,1/25/2026 23:20,30.23
SBA,1/25/2026 23:25,30.23
SBA,1/25/2026 23:30,30.23
SBA,1/25/2026 23:35,30.23
SBA,1/25/2026 23:40,30.23
SBA,1/25/2026 23:45,30.23
SBA,1/25/2026 23:50,30.22
SBA,1/25/2026 23:55,30.22
SBA,1/26/2026 0:00,30.23
SBA,1/26/2026 0:05,30.23
SBA,1/26/2026 0:10,30.23
SBA,1/26/2026 0:15,30.23
SBA,1/26/2026 0:20,30.22
SBA,1/26/2026 0:25,30.22
SBA,1/26/2026 0:30,30.22
SBA,1/26/2026 0:35,30.22
SBA,1/26/2026 0:40,30.22
SBA,1/26/2026 0:45,30.22
SBA,1/26/2026 0:50,30.22
SBA,1/26/2026 0:55,30.22
SBA,1/26/2026 1:00,30.22
SBA,1/26/2026 1:05,30.22
SBA,1/26/2026 1:10,30.22
SBA,1/26/2026 1:15,30.22
SBA,1/26/2026 1:20,30.22
SBA,1/26/2026 1:25,30.22
SBA,1/26/2026 1:30,30.22
SBA,1/26/2026 1:35,30.22
SBA,1/26/2026 1:40,30.22
SBA,1/26/2026 1:45,30.22
SBA,1/26/2026 1:50,30.23
SBA,1/26/2026 1:55,30.22
SBA,1/26/2026 2:00,30.22
SBA,1/26/2026 2:05,30.22
SBA,1/26/2026 2:10,30.22
SBA,1/26/2026 2:15,30.22
SBA,1/26/2026 2:20,30.22
SBA,1/26/2026 2:25,30.22
SBA,1/26/2026 2:30,30.22
SBA,1/26/2026 2:35,30.23
SBA,1/26/2026 2:40,30.22
SBA,1/26/2026 2:45,30.22
SBA,1/26/2026 2:50,30.22
SBA,1/26/2026 2:55,30.22
SBA,1/26/2026 3:00,30.22
SBA,1/26/2026 3:05,30.22
SBA,1/26/2026 3:10,30.22
SBA,1/26/2026 3:15,30.22
SBA,1/26/2026 3:20,30.22
SBA,1/26/2026 3:25,30.22
SBA,1/26/2026 3:30,30.22
SBA,1/26/2026 3:35,30.22
SBA,1/26/2026 3:40,30.22
SBA,1/26/2026 3:45,30.22
SBA,1/26/2026 3:50,30.22
SBA,1/26/2026 3:55,30.22
SBA,1/26/2026 4:00,30.22
SBA,1/26/2026 4:05,30.22
SBA,1/26/2026 4:10,30.22
SBA,1/26/2026 4:15,30.22
SBA,1/26/2026 4:20,30.22
SBA,1/26/2026 4:25,30.22
SBA,1/26/2026 4:30,30.22
SBA,1/26/2026 4:35,30.22
SBA,1/26/2026 4:40,30.22
SBA,1/26/2026 4:45,30.23
SBA,1/26/2026 4:50,30.23
SBA,1/26/2026 4:55,30.23
SBA,1/26/2026 5:00,30.23
SBA,1/26/2026 5:05,30.23
SBA,1/26/2026 5:10,30.23
SBA,1/26/2026 5:15,30.23
SBA,1/26/2026 5:20,30.23
SBA,1/26/2026 5:25,30.23
SBA,1/26/2026 5:30,30.23
SBA,1/26/2026 5:35,30.23
SBA,1/26/2026 5:40,30.23
SBA,1/26/2026 5:45,30.23
SBA,1/26/2026 5:50,30.24
SBA,1/26/2026 5:55,30.24
SBA,1/26/2026 6:00,30.24
SBA,1/26/2026 6:05,30.24
SBA,1/26/2026 6:10,30.24
SBA,1/26/2026 6:15,30.24
SBA,1/26/2026 6:20,30.24
SBA,1/26/2026 6:25,30.24
SBA,1/26/2026 6:30,30.24
SBA,1/26/2026 6:35,30.24
SBA,1/26/2026 6:40,30.24
SBA,1/26/2026 6:45,30.24
SBA,1/26/2026 6:50,30.25
SBA,1/26/2026 6:55,30.25
SBA,1/26/2026 7:00,30.25
SBA,1/26/2026 7:05,30.25
SBA,1/26/2026 7:10,30.24
SBA,1/26/2026 7:15,30.24
SBA,1/26/2026 7:20,30.25
SBA,1/26/2026 7:25,30.25
SBA,1/26/2026 7:30,30.25
SBA,1/26/2026 7:35,30.25
SBA,1/26/2026 7:40,30.25
SBA,1/26/2026 7:45,30.25
SBA,1/26/2026 7:50,30.25
SBA,1/26/2026 7:55,30.25
SBA,1/26/2026 8:00,30.25
SBA,1/26/2026 8:05,30.25
SBA,1/26/2026 8:10,30.26
SBA,1/26/2026 8:15,30.26
SBA,1/26/2026 8:20,30.26
SBA,1/26/2026 8:25,30.27
SBA,1/26/2026 8:30,30.27
SBA,1/26/2026 8:35,30.27
SBA,1/26/2026 8:40,30.27
SBA,1/26/2026 8:45,30.27
SBA,1/26/2026 8:50,30.27
SBA,1/26/2026 8:55,30.28
SBA,1/26/2026 9:00,30.28
SBA,1/26/2026 9:05,30.28
SBA,1/26/2026 9:10,30.28
SBA,1/26/2026 9:15,30.28
SBA,1/26/2026 9:20,30.28
SBA,1/26/2026 9:25,30.28
SBA,1/26/2026 9:30,30.28
SBA,1/26/2026 9:35,30.28
SBA,1/26/2026 9:40,30.28
SBA,1/26/2026 9:45,30.28
SBA,1/26/2026 9:50,30.28
SBA,1/26/2026 9:55,30.28
SBA,1/26/2026 10:00,30.28
SBA,1/26/2026 10:05,30.28
SBA,1/26/2026 10:10,30.29
SBA,1/26/2026 10:15,30.29
SBA,1/26/2026 10:20,30.29
SBA,1/26/2026 10:25,30.28
SBA,1/26/2026 10:30,30.28
SBA,1/26/2026 10:35,30.28
SBA,1/26/2026 10:40,30.28
SBA,1/26/2026 10:45,30.28
SBA,1/26/2026 10:50,30.28
SBA,1/26/2026 10:55,30.28
SBA,1/26/2026 11:00,30.28
SBA,1/26/2026 11:05,30.27
SBA,1/26/2026 11:10,30.27
SBA,1/26/2026 11:15,30.27
SBA,1/26/2026 11:20,30.27
SBA,1/26/2026 11:25,30.27
SBA,1/26/2026 11:30,30.27
SBA,1/26/2026 11:35,30.26
SBA,1/26/2026 11:40,30.26
SBA,1/26/2026 11:45,30.26
SBA,1/26/2026 11:50,30.25
SBA,1/26/2026 11:55,30.25
SBA,1/26/2026 12:00,30.25
SBA,1/26/2026 12:05,30.25
SBA,1/26/2026 12:10,30.25
SBA,1/26/2026 12:15,30.24
SBA,1/26/2026 12:20,30.24
SBA,1/26/2026 12:25,30.24
SBA,1/26/2026 12:30,30.24
SBA,1/26/2026 12:35,30.23
SBA,1/26/2026 12:40,30.23
SBA,1/26/2026 12:45,30.23
SBA,1/26/2026 12:50,30.22
SBA,1/26/2026 12:55,30.22
SBA,1/26/2026 13:00,30.22
SBA,1/26/2026 13:05,30.22
SBA,1/26/2026 13:10,30.22
SBA,1/26/2026 13:15,30.21
SBA,1/26/2026 13:20,30.21
SBA,1/26/2026 13:25,30.21
SBA,1/26/2026 13:30,30.21
SBA,1/26/2026 13:35,30.21
SBA,1/26/2026 13:40,30.2
SBA,1/26/2026 13:45,30.2
SBA,1/26/2026 13:50,30.2
SBA,1/26/2026 13:55,30.2
SBA,1/26/2026 14:00,30.2
SBA,1/26/2026 14:05,30.2
SBA,1/26/2026 14:10,30.2
SBA,1/26/2026 14:15,30.2
SBA,1/26/2026 14:20,30.19
SBA,1/26/2026 14:25,30.19
SBA,1/26/2026 14:30,30.19
SBA,1/26/2026 14:35,30.19
SBA,1/26/2026 14:40,30.19
SBA,1/26/2026 14:45,30.19
SBA,1/26/2026 14:50,30.19
SBA,1/26/2026 14:55,30.2
SBA,1/26/2026 15:00,30.2
SBA,1/26/2026 15:05,30.2
SBA,1/26/2026 15:10,30.2
SBA,1/26/2026 15:15,30.2
SBA,1/26/2026 15:20,30.2
SBA,1/26/2026 15:25,30.2
SBA,1/26/2026 15:30,30.2
SBA,1/26/2026 15:35,30.19
SBA,1/26/2026 15:40,30.19
SBA,1/26/2026 15:45,30.19
SBA,1/26/2026 15:50,30.19
SBA,1/26/2026 15:55,30.2
SBA,1/26/2026 16:00,30.2
SBA,1/26/2026 16:05,30.2
SBA,1/26/2026 16:10,30.2
SBA,1/26/2026 16:15,30.21
SBA,1/26/2026 16:20,30.21
SBA,1/26/2026 16:25,30.21
SBA,1/26/2026 16:30,30.21
SBA,1/26/2026 16:35,30.21
SBA,1/26/2026 16:40,30.2
SBA,1/26/2026 16:45,30.2
SBA,1/26/2026 16:50,30.2
SBA,1/26/2026 16:55,30.2
SBA,1/26/2026 17:00,30.2
SBA,1/26/2026 17:05,30.2
SBA,1/26/2026 17:10,30.2
SBA,1/26/2026 17:15,30.2
SBA,1/26/2026 17:20,30.2
SBA,1/26/2026 17:25,30.2
SBA,1/26/2026 17:30,30.2
SBA,1/26/2026 17:35,30.2
SBA,1/26/2026 17:40,30.21
SBA,1/26/2026 17:45,30.21
SBA,1/26/2026 17:50,30.21
SBA,1/26/2026 17:55,30.21
SBA,1/26/2026 18:00,30.21
SBA,1/26/2026 18:05,30.22
SBA,1/26/2026 18:10,30.22
SBA,1/26/2026 18:15,30.22
SBA,1/26/2026 18:20,30.22
SBA,1/26/2026 18:25,30.22
SBA,1/26/2026 18:30,30.22
SBA,1/26/2026 18:35,30.23
SBA,1/26/2026 18:40,30.23
SBA,1/26/2026 18:45,30.22
SBA,1/26/2026 18:50,30.23
SBA,1/26/2026 18:55,30.22
SBA,1/26/2026 19:00,30.22
SBA,1/26/2026 19:05,30.22
SBA,1/26/2026 19:10,30.22
SBA,1/26/2026 19:15,30.23
SBA,1/26/2026 19:20,30.23
SBA,1/26/2026 19:25,30.24
SBA,1/26/2026 19:30,30.24
SBA,1/26/2026 19:35,30.24
SBA,1/26/2026 19:40,30.24
SBA,1/26/2026 19:45,30.24
SBA,1/26/2026 19:50,30.24
SBA,1/26/2026 19:55,30.24
SBA,1/26/2026 20:00,30.24
SBA,1/26/2026 20:05,30.24
SBA,1/26/2026 20:10,30.24
SBA,1/26/2026 20:15,30.24
SBA,1/26/2026 20:20,30.24
SBA,1/26/2026 20:25,30.24
SBA,1/26/2026 20:30,30.24
SBA,1/26/2026 20:35,30.24
SBA,1/26/2026 20:40,30.24
SBA,1/26/2026 20:45,30.24
SBA,1/26/2026 20:50,30.24
SBA,1/26/2026 20:55,30.24
SBA,1/26/2026 21:00,30.24
SBA,1/26/2026 21:05,30.24
SBA,1/26/2026 21:10,30.24
SBA,1/26/2026 21:15,30.24
SBA,1/26/2026 21:20,30.24
SBA,1/26/2026 21:25,30.24
SBA,1/26/2026 21:30,30.24
SBA,1/26/2026 21:35,30.24
SBA,1/26/2026 21:40,30.24
SBA,1/26/2026 21:45,30.24
SBA,1/26/2026 21:50,30.24
SBA,1/26/2026 21:55,30.24
SBA,1/26/2026 22:00,30.24
SBA,1/26/2026 22:05,30.24
SBA,1/26/2026 22:10,30.24
SBA,1/26/2026 22:15,30.24
SBA,1/26/2026 22:20,30.24
SBA,1/26/2026 22:25,30.24
SBA,1/26/2026 22:30,30.24
SBA,1/26/2026 22:35,30.24
SBA,1/26/2026 22:40,30.24
SBA,1/26/2026 22:45,30.24
SBA,1/26/2026 22:50,30.24
SBA,1/26/2026 22:55,30.24
SBA,1/26/2026 23:00,30.24
SBA,1/26/2026 23:05,30.24
SBA,1/26/2026 23:10,30.24
SBA,1/26/2026 23:15,30.24
SBA,1/26/2026 23:20,30.24
SBA,1/26/2026 23:25,30.24
SBA,1/26/2026 23:30,30.24
SBA,1/26/2026 23:35,30.24
SBA,1/26/2026 23:40,30.24
SBA,1/26/2026 23:45,30.24
SBA,1/26/2026 23:50,30.24
SBA,1/26/2026 23:55,30.24
